***************************************** BIN PACKING SOLUTION *****************************************
Parameters: alpha_1=0.5 alpha_2=0.5 t=0.2 s=1
-------------------------------------------------------------------------------------------------------------------------------------------------
INSTANCE 	 # OF BINS 	 SCHEDULING OBJECTIVE 	 BEST OBJECTIVE 	 RUNNING TIME
-------------------------------------------------------------------------------------------------------------------------------------------------
BPP_new_20_1000_1.C	13	4.000	8.500	0.010
BPP_new_20_1000_1.C	13	4.000	8.500	0.011
BPP_new_20_1000_1.C	13	4.000	8.500	0.012
BPP_new_20_1000_1.C	13	4.000	8.500	0.011
BPP_new_20_1000_1.C	13	4.000	8.500	0.011
BPP_new_20_1000_1.C	13	4.000	8.500	0.012
BPP_new_20_1000_1.C	13	4.000	8.500	0.011
BPP_new_20_1000_1.C	13	4.000	8.500	0.011
BPP_new_20_1000_1.C	13	4.000	8.500	0.011
BPP_new_20_1000_1.C	13	4.000	8.500	0.011
BPP_new_20_1000_10.C	9	1.000	5.000	0.010
BPP_new_20_1000_10.C	9	1.000	5.000	0.010
BPP_new_20_1000_10.C	9	1.000	5.000	0.010
BPP_new_20_1000_10.C	9	1.000	5.000	0.010
BPP_new_20_1000_10.C	9	1.000	5.000	0.009
BPP_new_20_1000_10.C	9	1.000	5.000	0.010
BPP_new_20_1000_10.C	9	1.000	5.000	0.010
BPP_new_20_1000_10.C	9	1.000	5.000	0.009
BPP_new_20_1000_10.C	9	1.000	5.000	0.009
BPP_new_20_1000_10.C	9	1.000	5.000	0.010
BPP_new_20_1000_2.C	10	3.800	6.900	0.011
BPP_new_20_1000_2.C	10	3.800	6.900	0.011
BPP_new_20_1000_2.C	10	4.200	7.100	0.011
BPP_new_20_1000_2.C	10	3.800	6.900	0.012
BPP_new_20_1000_2.C	10	3.800	6.900	0.011
BPP_new_20_1000_2.C	11	3.000	7.000	0.011
BPP_new_20_1000_2.C	10	3.400	6.700	0.011
BPP_new_20_1000_2.C	10	3.600	6.800	0.011
BPP_new_20_1000_2.C	10	3.800	6.900	0.011
BPP_new_20_1000_2.C	10	3.400	6.700	0.011
BPP_new_20_1000_3.C	13	5.000	9.000	0.012
BPP_new_20_1000_3.C	13	5.000	9.000	0.011
BPP_new_20_1000_3.C	13	5.000	9.000	0.011
BPP_new_20_1000_3.C	13	5.000	9.000	0.012
BPP_new_20_1000_3.C	13	5.000	9.000	0.011
BPP_new_20_1000_3.C	13	5.000	9.000	0.011
BPP_new_20_1000_3.C	13	5.000	9.000	0.011
BPP_new_20_1000_3.C	13	5.000	9.000	0.011
BPP_new_20_1000_3.C	13	5.000	9.000	0.011
BPP_new_20_1000_3.C	13	5.000	9.000	0.012
BPP_new_20_1000_4.C	8	2.400	5.200	0.010
BPP_new_20_1000_4.C	8	2.400	5.200	0.009
BPP_new_20_1000_4.C	8	2.400	5.200	0.009
BPP_new_20_1000_4.C	8	2.400	5.200	0.009
BPP_new_20_1000_4.C	8	2.400	5.200	0.009
BPP_new_20_1000_4.C	8	2.400	5.200	0.009
BPP_new_20_1000_4.C	8	2.400	5.200	0.009
BPP_new_20_1000_4.C	8	2.400	5.200	0.009
BPP_new_20_1000_4.C	8	2.400	5.200	0.009
BPP_new_20_1000_4.C	8	2.400	5.200	0.009
BPP_new_20_1000_5.C	10	1.800	5.900	0.011
BPP_new_20_1000_5.C	10	1.800	5.900	0.011
BPP_new_20_1000_5.C	10	1.800	5.900	0.011
BPP_new_20_1000_5.C	10	1.400	5.700	0.011
BPP_new_20_1000_5.C	10	1.400	5.700	0.011
BPP_new_20_1000_5.C	10	1.400	5.700	0.011
BPP_new_20_1000_5.C	10	2.000	6.000	0.011
BPP_new_20_1000_5.C	10	1.400	5.700	0.010
BPP_new_20_1000_5.C	10	1.400	5.700	0.011
BPP_new_20_1000_5.C	10	1.400	5.700	0.011
BPP_new_20_1000_6.C	10	1.400	5.700	0.010
BPP_new_20_1000_6.C	10	1.400	5.700	0.010
BPP_new_20_1000_6.C	10	1.400	5.700	0.010
BPP_new_20_1000_6.C	11	1.800	6.400	0.010
BPP_new_20_1000_6.C	11	1.800	6.400	0.010
BPP_new_20_1000_6.C	10	2.000	6.000	0.010
BPP_new_20_1000_6.C	11	1.800	6.400	0.010
BPP_new_20_1000_6.C	10	1.600	5.800	0.010
BPP_new_20_1000_6.C	10	1.800	5.900	0.010
BPP_new_20_1000_6.C	10	1.400	5.700	0.010
BPP_new_20_1000_7.C	10	1.000	5.500	0.010
BPP_new_20_1000_7.C	10	1.000	5.500	0.009
BPP_new_20_1000_7.C	10	1.000	5.500	0.010
BPP_new_20_1000_7.C	10	1.000	5.500	0.010
BPP_new_20_1000_7.C	10	1.000	5.500	0.010
BPP_new_20_1000_7.C	10	1.000	5.500	0.010
BPP_new_20_1000_7.C	10	1.000	5.500	0.010
BPP_new_20_1000_7.C	10	1.000	5.500	0.010
BPP_new_20_1000_7.C	10	1.000	5.500	0.010
BPP_new_20_1000_7.C	10	1.000	5.500	0.010
BPP_new_20_1000_8.C	10	4.000	7.000	0.010
BPP_new_20_1000_8.C	10	4.000	7.000	0.010
BPP_new_20_1000_8.C	10	4.000	7.000	0.010
BPP_new_20_1000_8.C	9	3.800	6.400	0.010
BPP_new_20_1000_8.C	9	3.000	6.000	0.010
BPP_new_20_1000_8.C	9	3.800	6.400	0.010
BPP_new_20_1000_8.C	9	3.800	6.400	0.010
BPP_new_20_1000_8.C	9	3.600	6.300	0.011
BPP_new_20_1000_8.C	10	4.000	7.000	0.010
BPP_new_20_1000_8.C	10	4.000	7.000	0.010
BPP_new_20_1000_9.C	13	3.000	8.000	0.012
BPP_new_20_1000_9.C	13	3.000	8.000	0.012
BPP_new_20_1000_9.C	13	3.000	8.000	0.012
BPP_new_20_1000_9.C	13	3.000	8.000	0.012
BPP_new_20_1000_9.C	13	3.000	8.000	0.012
BPP_new_20_1000_9.C	13	3.000	8.000	0.012
BPP_new_20_1000_9.C	13	3.000	8.000	0.012
BPP_new_20_1000_9.C	13	3.000	8.000	0.012
BPP_new_20_1000_9.C	13	3.000	8.000	0.012
BPP_new_20_1000_9.C	13	3.000	8.000	0.012
BPP_new_20_100_1.C	11	3.600	7.300	0.011
BPP_new_20_100_1.C	11	3.600	7.300	0.011
BPP_new_20_100_1.C	11	3.600	7.300	0.011
BPP_new_20_100_1.C	11	4.200	7.600	0.011
BPP_new_20_100_1.C	11	3.600	7.300	0.012
BPP_new_20_100_1.C	11	3.600	7.300	0.011
BPP_new_20_100_1.C	11	3.600	7.300	0.011
BPP_new_20_100_1.C	11	3.800	7.400	0.011
BPP_new_20_100_1.C	11	4.200	7.600	0.011
BPP_new_20_100_1.C	11	3.800	7.400	0.012
BPP_new_20_100_10.C	9	2.400	5.700	0.010
BPP_new_20_100_10.C	9	2.400	5.700	0.010
BPP_new_20_100_10.C	9	2.400	5.700	0.010
BPP_new_20_100_10.C	9	2.400	5.700	0.010
BPP_new_20_100_10.C	9	2.400	5.700	0.010
BPP_new_20_100_10.C	9	2.400	5.700	0.010
BPP_new_20_100_10.C	9	2.400	5.700	0.010
BPP_new_20_100_10.C	9	2.400	5.700	0.010
BPP_new_20_100_10.C	9	2.400	5.700	0.010
BPP_new_20_100_10.C	9	2.400	5.700	0.010
BPP_new_20_100_2.C	13	3.000	8.000	0.011
BPP_new_20_100_2.C	13	3.000	8.000	0.011
BPP_new_20_100_2.C	13	3.000	8.000	0.012
BPP_new_20_100_2.C	13	3.000	8.000	0.012
BPP_new_20_100_2.C	13	3.000	8.000	0.011
BPP_new_20_100_2.C	13	3.000	8.000	0.012
BPP_new_20_100_2.C	13	3.000	8.000	0.012
BPP_new_20_100_2.C	13	3.000	8.000	0.011
BPP_new_20_100_2.C	13	3.000	8.000	0.011
BPP_new_20_100_2.C	13	3.000	8.000	0.012
BPP_new_20_100_3.C	8	0.200	4.100	0.008
BPP_new_20_100_3.C	8	0.200	4.100	0.008
BPP_new_20_100_3.C	8	0.200	4.100	0.008
BPP_new_20_100_3.C	8	0.200	4.100	0.008
BPP_new_20_100_3.C	8	0.200	4.100	0.009
BPP_new_20_100_3.C	8	0.200	4.100	0.008
BPP_new_20_100_3.C	8	0.200	4.100	0.009
BPP_new_20_100_3.C	8	0.200	4.100	0.008
BPP_new_20_100_3.C	8	0.200	4.100	0.008
BPP_new_20_100_3.C	8	0.200	4.100	0.008
BPP_new_20_100_4.C	10	2.200	6.100	0.010
BPP_new_20_100_4.C	10	2.200	6.100	0.010
BPP_new_20_100_4.C	10	2.200	6.100	0.010
BPP_new_20_100_4.C	10	2.400	6.200	0.010
BPP_new_20_100_4.C	10	2.200	6.100	0.010
BPP_new_20_100_4.C	10	2.200	6.100	0.010
BPP_new_20_100_4.C	10	2.200	6.100	0.010
BPP_new_20_100_4.C	10	2.200	6.100	0.010
BPP_new_20_100_4.C	10	2.200	6.100	0.010
BPP_new_20_100_4.C	10	2.200	6.100	0.010
BPP_new_20_100_5.C	11	2.400	6.700	0.012
BPP_new_20_100_5.C	11	2.400	6.700	0.011
BPP_new_20_100_5.C	11	2.400	6.700	0.012
BPP_new_20_100_5.C	11	2.400	6.700	0.012
BPP_new_20_100_5.C	11	2.400	6.700	0.012
BPP_new_20_100_5.C	11	2.400	6.700	0.012
BPP_new_20_100_5.C	11	2.400	6.700	0.012
BPP_new_20_100_5.C	11	2.400	6.700	0.012
BPP_new_20_100_5.C	11	2.400	6.700	0.012
BPP_new_20_100_5.C	11	2.400	6.700	0.011
BPP_new_20_100_6.C	8	1.600	4.800	0.009
BPP_new_20_100_6.C	8	1.600	4.800	0.009
BPP_new_20_100_6.C	8	1.600	4.800	0.009
BPP_new_20_100_6.C	8	1.600	4.800	0.009
BPP_new_20_100_6.C	8	1.600	4.800	0.009
BPP_new_20_100_6.C	8	1.600	4.800	0.009
BPP_new_20_100_6.C	8	1.600	4.800	0.009
BPP_new_20_100_6.C	8	2.000	5.000	0.009
BPP_new_20_100_6.C	8	1.600	4.800	0.009
BPP_new_20_100_6.C	8	1.600	4.800	0.009
BPP_new_20_100_7.C	8	0.800	4.400	0.009
BPP_new_20_100_7.C	8	0.800	4.400	0.009
BPP_new_20_100_7.C	8	0.800	4.400	0.009
BPP_new_20_100_7.C	8	0.800	4.400	0.009
BPP_new_20_100_7.C	8	0.800	4.400	0.009
BPP_new_20_100_7.C	8	0.800	4.400	0.009
BPP_new_20_100_7.C	8	0.800	4.400	0.009
BPP_new_20_100_7.C	8	0.800	4.400	0.009
BPP_new_20_100_7.C	8	1.000	4.500	0.009
BPP_new_20_100_7.C	8	0.800	4.400	0.009
BPP_new_20_100_8.C	11	3.200	7.100	0.011
BPP_new_20_100_8.C	11	3.200	7.100	0.011
BPP_new_20_100_8.C	11	3.200	7.100	0.011
BPP_new_20_100_8.C	11	3.200	7.100	0.011
BPP_new_20_100_8.C	11	3.200	7.100	0.011
BPP_new_20_100_8.C	11	3.200	7.100	0.011
BPP_new_20_100_8.C	11	3.200	7.100	0.011
BPP_new_20_100_8.C	11	3.200	7.100	0.011
BPP_new_20_100_8.C	11	3.200	7.100	0.011
BPP_new_20_100_8.C	11	3.200	7.100	0.011
BPP_new_20_100_9.C	14	3.000	8.500	0.013
BPP_new_20_100_9.C	14	3.000	8.500	0.013
BPP_new_20_100_9.C	14	3.000	8.500	0.012
BPP_new_20_100_9.C	14	3.000	8.500	0.012
BPP_new_20_100_9.C	14	3.000	8.500	0.012
BPP_new_20_100_9.C	14	3.000	8.500	0.012
BPP_new_20_100_9.C	14	3.000	8.500	0.012
BPP_new_20_100_9.C	14	3.000	8.500	0.012
BPP_new_20_100_9.C	14	3.000	8.500	0.012
BPP_new_20_100_9.C	14	3.000	8.500	0.012
BPP_new_20_120_1.C	10	1.800	5.900	0.010
BPP_new_20_120_1.C	10	1.800	5.900	0.010
BPP_new_20_120_1.C	10	1.800	5.900	0.010
BPP_new_20_120_1.C	10	2.000	6.000	0.010
BPP_new_20_120_1.C	10	2.200	6.100	0.010
BPP_new_20_120_1.C	10	1.800	5.900	0.010
BPP_new_20_120_1.C	10	1.800	5.900	0.010
BPP_new_20_120_1.C	10	1.800	5.900	0.011
BPP_new_20_120_1.C	10	1.800	5.900	0.010
BPP_new_20_120_1.C	10	1.800	5.900	0.010
BPP_new_20_120_10.C	15	4.200	9.600	0.012
BPP_new_20_120_10.C	15	4.200	9.600	0.012
BPP_new_20_120_10.C	15	4.200	9.600	0.012
BPP_new_20_120_10.C	15	4.200	9.600	0.012
BPP_new_20_120_10.C	15	4.200	9.600	0.012
BPP_new_20_120_10.C	15	4.200	9.600	0.012
BPP_new_20_120_10.C	15	4.200	9.600	0.012
BPP_new_20_120_10.C	15	4.200	9.600	0.012
BPP_new_20_120_10.C	15	4.200	9.600	0.012
BPP_new_20_120_10.C	15	4.200	9.600	0.012
BPP_new_20_120_2.C	10	3.000	6.500	0.010
BPP_new_20_120_2.C	9	3.600	6.300	0.010
BPP_new_20_120_2.C	10	3.000	6.500	0.010
BPP_new_20_120_2.C	10	3.000	6.500	0.011
BPP_new_20_120_2.C	10	2.800	6.400	0.010
BPP_new_20_120_2.C	10	2.800	6.400	0.010
BPP_new_20_120_2.C	10	3.000	6.500	0.010
BPP_new_20_120_2.C	10	3.000	6.500	0.010
BPP_new_20_120_2.C	10	2.800	6.400	0.010
BPP_new_20_120_2.C	10	3.200	6.600	0.010
BPP_new_20_120_3.C	11	3.400	7.200	0.011
BPP_new_20_120_3.C	11	3.600	7.300	0.011
BPP_new_20_120_3.C	11	3.800	7.400	0.011
BPP_new_20_120_3.C	11	2.800	6.900	0.011
BPP_new_20_120_3.C	11	3.800	7.400	0.011
BPP_new_20_120_3.C	11	3.800	7.400	0.011
BPP_new_20_120_3.C	11	3.600	7.300	0.011
BPP_new_20_120_3.C	11	3.000	7.000	0.011
BPP_new_20_120_3.C	11	3.000	7.000	0.011
BPP_new_20_120_3.C	11	3.800	7.400	0.013
BPP_new_20_120_4.C	11	2.600	6.800	0.011
BPP_new_20_120_4.C	11	2.600	6.800	0.011
BPP_new_20_120_4.C	11	2.800	6.900	0.011
BPP_new_20_120_4.C	11	2.600	6.800	0.011
BPP_new_20_120_4.C	11	2.600	6.800	0.011
BPP_new_20_120_4.C	11	2.600	6.800	0.011
BPP_new_20_120_4.C	11	2.600	6.800	0.012
BPP_new_20_120_4.C	11	2.600	6.800	0.011
BPP_new_20_120_4.C	11	2.600	6.800	0.011
BPP_new_20_120_4.C	11	2.800	6.900	0.011
BPP_new_20_120_5.C	11	2.000	6.500	0.011
BPP_new_20_120_5.C	11	2.000	6.500	0.011
BPP_new_20_120_5.C	11	2.000	6.500	0.011
BPP_new_20_120_5.C	11	2.000	6.500	0.011
BPP_new_20_120_5.C	11	2.000	6.500	0.011
BPP_new_20_120_5.C	11	2.000	6.500	0.011
BPP_new_20_120_5.C	11	2.000	6.500	0.011
BPP_new_20_120_5.C	11	2.000	6.500	0.011
BPP_new_20_120_5.C	11	2.000	6.500	0.011
BPP_new_20_120_5.C	11	2.000	6.500	0.011
BPP_new_20_120_6.C	9	0.800	4.900	0.009
BPP_new_20_120_6.C	9	0.800	4.900	0.009
BPP_new_20_120_6.C	9	0.800	4.900	0.010
BPP_new_20_120_6.C	9	0.800	4.900	0.009
BPP_new_20_120_6.C	9	0.800	4.900	0.009
BPP_new_20_120_6.C	9	0.800	4.900	0.009
BPP_new_20_120_6.C	9	0.800	4.900	0.010
BPP_new_20_120_6.C	9	0.800	4.900	0.009
BPP_new_20_120_6.C	9	0.800	4.900	0.009
BPP_new_20_120_6.C	9	0.800	4.900	0.009
BPP_new_20_120_7.C	10	1.000	5.500	0.010
BPP_new_20_120_7.C	11	1.000	6.000	0.010
BPP_new_20_120_7.C	11	1.000	6.000	0.010
BPP_new_20_120_7.C	10	1.200	5.600	0.010
BPP_new_20_120_7.C	10	1.000	5.500	0.010
BPP_new_20_120_7.C	10	0.800	5.400	0.010
BPP_new_20_120_7.C	10	0.800	5.400	0.010
BPP_new_20_120_7.C	10	1.000	5.500	0.010
BPP_new_20_120_7.C	10	1.200	5.600	0.010
BPP_new_20_120_7.C	10	1.400	5.700	0.010
BPP_new_20_120_8.C	11	5.000	8.000	0.011
BPP_new_20_120_8.C	11	5.000	8.000	0.011
BPP_new_20_120_8.C	11	5.000	8.000	0.011
BPP_new_20_120_8.C	11	5.000	8.000	0.012
BPP_new_20_120_8.C	11	5.000	8.000	0.011
BPP_new_20_120_8.C	11	5.000	8.000	0.011
BPP_new_20_120_8.C	11	5.000	8.000	0.011
BPP_new_20_120_8.C	11	5.000	8.000	0.011
BPP_new_20_120_8.C	11	5.000	8.000	0.011
BPP_new_20_120_8.C	11	5.000	8.000	0.011
BPP_new_20_120_9.C	13	2.400	7.700	0.012
BPP_new_20_120_9.C	13	2.400	7.700	0.011
BPP_new_20_120_9.C	13	2.400	7.700	0.012
BPP_new_20_120_9.C	13	2.400	7.700	0.012
BPP_new_20_120_9.C	13	2.400	7.700	0.012
BPP_new_20_120_9.C	13	2.400	7.700	0.012
BPP_new_20_120_9.C	13	2.400	7.700	0.012
BPP_new_20_120_9.C	13	2.400	7.700	0.012
BPP_new_20_120_9.C	13	2.400	7.700	0.012
BPP_new_20_120_9.C	13	2.400	7.700	0.012
BPP_new_20_125_1.C	11	5.400	8.200	0.011
BPP_new_20_125_1.C	11	5.200	8.100	0.012
BPP_new_20_125_1.C	11	5.200	8.100	0.012
BPP_new_20_125_1.C	11	5.200	8.100	0.011
BPP_new_20_125_1.C	11	5.200	8.100	0.011
BPP_new_20_125_1.C	11	5.200	8.100	0.011
BPP_new_20_125_1.C	11	5.200	8.100	0.012
BPP_new_20_125_1.C	11	5.200	8.100	0.012
BPP_new_20_125_1.C	11	5.200	8.100	0.012
BPP_new_20_125_1.C	11	5.200	8.100	0.012
BPP_new_20_125_10.C	9	1.000	5.000	0.010
BPP_new_20_125_10.C	9	1.000	5.000	0.010
BPP_new_20_125_10.C	10	1.000	5.500	0.010
BPP_new_20_125_10.C	9	1.000	5.000	0.010
BPP_new_20_125_10.C	9	1.600	5.300	0.011
BPP_new_20_125_10.C	9	1.600	5.300	0.010
BPP_new_20_125_10.C	10	1.000	5.500	0.010
BPP_new_20_125_10.C	9	1.000	5.000	0.010
BPP_new_20_125_10.C	9	1.000	5.000	0.010
BPP_new_20_125_10.C	9	1.000	5.000	0.010
BPP_new_20_125_2.C	8	2.400	5.200	0.009
BPP_new_20_125_2.C	8	2.400	5.200	0.009
BPP_new_20_125_2.C	8	2.600	5.300	0.008
BPP_new_20_125_2.C	8	2.600	5.300	0.008
BPP_new_20_125_2.C	8	2.200	5.100	0.008
BPP_new_20_125_2.C	8	2.400	5.200	0.009
BPP_new_20_125_2.C	8	2.400	5.200	0.008
BPP_new_20_125_2.C	8	2.200	5.100	0.008
BPP_new_20_125_2.C	8	2.400	5.200	0.008
BPP_new_20_125_2.C	8	2.200	5.100	0.008
BPP_new_20_125_3.C	10	1.000	5.500	0.010
BPP_new_20_125_3.C	10	1.000	5.500	0.010
BPP_new_20_125_3.C	9	1.800	5.400	0.010
BPP_new_20_125_3.C	10	1.000	5.500	0.010
BPP_new_20_125_3.C	10	1.000	5.500	0.010
BPP_new_20_125_3.C	10	1.000	5.500	0.010
BPP_new_20_125_3.C	9	2.000	5.500	0.010
BPP_new_20_125_3.C	10	1.000	5.500	0.010
BPP_new_20_125_3.C	10	1.000	5.500	0.010
BPP_new_20_125_3.C	10	1.000	5.500	0.010
BPP_new_20_125_4.C	11	2.600	6.800	0.011
BPP_new_20_125_4.C	11	2.600	6.800	0.011
BPP_new_20_125_4.C	11	2.000	6.500	0.011
BPP_new_20_125_4.C	11	2.400	6.700	0.011
BPP_new_20_125_4.C	11	2.000	6.500	0.011
BPP_new_20_125_4.C	11	2.200	6.600	0.011
BPP_new_20_125_4.C	11	2.000	6.500	0.011
BPP_new_20_125_4.C	11	2.600	6.800	0.011
BPP_new_20_125_4.C	11	2.000	6.500	0.011
BPP_new_20_125_4.C	11	2.000	6.500	0.011
BPP_new_20_125_5.C	13	4.000	8.500	0.011
BPP_new_20_125_5.C	13	4.000	8.500	0.011
BPP_new_20_125_5.C	13	4.000	8.500	0.012
BPP_new_20_125_5.C	13	4.000	8.500	0.012
BPP_new_20_125_5.C	13	4.000	8.500	0.011
BPP_new_20_125_5.C	13	4.000	8.500	0.012
BPP_new_20_125_5.C	13	4.000	8.500	0.012
BPP_new_20_125_5.C	13	4.000	8.500	0.011
BPP_new_20_125_5.C	13	4.000	8.500	0.011
BPP_new_20_125_5.C	13	4.000	8.500	0.012
BPP_new_20_125_6.C	11	4.600	7.800	0.011
BPP_new_20_125_6.C	11	4.600	7.800	0.011
BPP_new_20_125_6.C	11	4.600	7.800	0.011
BPP_new_20_125_6.C	11	4.600	7.800	0.011
BPP_new_20_125_6.C	11	4.600	7.800	0.011
BPP_new_20_125_6.C	11	4.600	7.800	0.011
BPP_new_20_125_6.C	11	4.600	7.800	0.011
BPP_new_20_125_6.C	11	4.600	7.800	0.011
BPP_new_20_125_6.C	11	4.600	7.800	0.011
BPP_new_20_125_6.C	11	4.600	7.800	0.011
BPP_new_20_125_7.C	11	4.000	7.500	0.011
BPP_new_20_125_7.C	11	4.000	7.500	0.011
BPP_new_20_125_7.C	11	4.000	7.500	0.011
BPP_new_20_125_7.C	11	4.000	7.500	0.011
BPP_new_20_125_7.C	11	4.000	7.500	0.011
BPP_new_20_125_7.C	11	4.000	7.500	0.011
BPP_new_20_125_7.C	11	4.000	7.500	0.011
BPP_new_20_125_7.C	11	4.000	7.500	0.011
BPP_new_20_125_7.C	11	4.000	7.500	0.011
BPP_new_20_125_7.C	11	4.000	7.500	0.011
BPP_new_20_125_8.C	10	3.800	6.900	0.010
BPP_new_20_125_8.C	10	4.200	7.100	0.010
BPP_new_20_125_8.C	10	4.000	7.000	0.010
BPP_new_20_125_8.C	10	3.800	6.900	0.010
BPP_new_20_125_8.C	10	3.400	6.700	0.010
BPP_new_20_125_8.C	10	3.600	6.800	0.010
BPP_new_20_125_8.C	10	3.600	6.800	0.010
BPP_new_20_125_8.C	10	3.600	6.800	0.010
BPP_new_20_125_8.C	10	4.200	7.100	0.010
BPP_new_20_125_8.C	10	3.800	6.900	0.010
BPP_new_20_125_9.C	10	1.200	5.600	0.010
BPP_new_20_125_9.C	10	1.200	5.600	0.011
BPP_new_20_125_9.C	10	1.200	5.600	0.011
BPP_new_20_125_9.C	10	1.200	5.600	0.010
BPP_new_20_125_9.C	10	1.200	5.600	0.010
BPP_new_20_125_9.C	10	1.200	5.600	0.010
BPP_new_20_125_9.C	10	1.200	5.600	0.010
BPP_new_20_125_9.C	10	1.800	5.900	0.010
BPP_new_20_125_9.C	10	1.200	5.600	0.010
BPP_new_20_125_9.C	10	1.200	5.600	0.010
BPP_new_20_150_1.C	9	0.400	4.700	0.009
BPP_new_20_150_1.C	9	0.400	4.700	0.009
BPP_new_20_150_1.C	9	0.200	4.600	0.009
BPP_new_20_150_1.C	9	0.400	4.700	0.009
BPP_new_20_150_1.C	9	0.400	4.700	0.009
BPP_new_20_150_1.C	9	0.400	4.700	0.009
BPP_new_20_150_1.C	9	0.200	4.600	0.009
BPP_new_20_150_1.C	9	0.200	4.600	0.010
BPP_new_20_150_1.C	9	0.200	4.600	0.009
BPP_new_20_150_1.C	9	0.200	4.600	0.009
BPP_new_20_150_10.C	10	1.800	5.900	0.010
BPP_new_20_150_10.C	10	1.800	5.900	0.010
BPP_new_20_150_10.C	10	1.800	5.900	0.010
BPP_new_20_150_10.C	10	1.800	5.900	0.010
BPP_new_20_150_10.C	10	1.800	5.900	0.010
BPP_new_20_150_10.C	10	1.800	5.900	0.010
BPP_new_20_150_10.C	10	1.800	5.900	0.010
BPP_new_20_150_10.C	10	1.800	5.900	0.010
BPP_new_20_150_10.C	10	1.800	5.900	0.010
BPP_new_20_150_10.C	10	1.800	5.900	0.010
BPP_new_20_150_2.C	10	1.600	5.800	0.010
BPP_new_20_150_2.C	10	1.600	5.800	0.010
BPP_new_20_150_2.C	10	1.400	5.700	0.010
BPP_new_20_150_2.C	10	1.400	5.700	0.010
BPP_new_20_150_2.C	10	1.800	5.900	0.010
BPP_new_20_150_2.C	10	1.400	5.700	0.010
BPP_new_20_150_2.C	10	1.400	5.700	0.010
BPP_new_20_150_2.C	10	1.400	5.700	0.010
BPP_new_20_150_2.C	10	1.400	5.700	0.009
BPP_new_20_150_2.C	10	1.600	5.800	0.010
BPP_new_20_150_3.C	9	3.600	6.300	0.010
BPP_new_20_150_3.C	9	3.200	6.100	0.010
BPP_new_20_150_3.C	9	3.400	6.200	0.010
BPP_new_20_150_3.C	9	3.200	6.100	0.010
BPP_new_20_150_3.C	9	3.200	6.100	0.010
BPP_new_20_150_3.C	9	3.200	6.100	0.010
BPP_new_20_150_3.C	9	3.200	6.100	0.010
BPP_new_20_150_3.C	9	3.400	6.200	0.010
BPP_new_20_150_3.C	9	3.200	6.100	0.010
BPP_new_20_150_3.C	9	3.200	6.100	0.010
BPP_new_20_150_4.C	8	2.800	5.400	0.010
BPP_new_20_150_4.C	8	2.800	5.400	0.009
BPP_new_20_150_4.C	8	3.000	5.500	0.010
BPP_new_20_150_4.C	8	2.800	5.400	0.010
BPP_new_20_150_4.C	8	2.800	5.400	0.010
BPP_new_20_150_4.C	8	2.800	5.400	0.010
BPP_new_20_150_4.C	8	2.800	5.400	0.010
BPP_new_20_150_4.C	8	3.000	5.500	0.010
BPP_new_20_150_4.C	8	3.200	5.600	0.010
BPP_new_20_150_4.C	8	3.000	5.500	0.010
BPP_new_20_150_5.C	11	1.000	6.000	0.011
BPP_new_20_150_5.C	11	1.000	6.000	0.011
BPP_new_20_150_5.C	11	1.000	6.000	0.011
BPP_new_20_150_5.C	11	1.000	6.000	0.011
BPP_new_20_150_5.C	11	1.000	6.000	0.011
BPP_new_20_150_5.C	11	1.200	6.100	0.011
BPP_new_20_150_5.C	11	1.000	6.000	0.011
BPP_new_20_150_5.C	11	1.000	6.000	0.011
BPP_new_20_150_5.C	11	1.000	6.000	0.011
BPP_new_20_150_5.C	11	1.000	6.000	0.011
BPP_new_20_150_6.C	10	4.000	7.000	0.011
BPP_new_20_150_6.C	10	4.000	7.000	0.011
BPP_new_20_150_6.C	10	4.000	7.000	0.010
BPP_new_20_150_6.C	10	4.000	7.000	0.010
BPP_new_20_150_6.C	10	4.000	7.000	0.010
BPP_new_20_150_6.C	10	4.000	7.000	0.010
BPP_new_20_150_6.C	10	4.000	7.000	0.011
BPP_new_20_150_6.C	10	4.000	7.000	0.010
BPP_new_20_150_6.C	10	4.000	7.000	0.010
BPP_new_20_150_6.C	10	4.000	7.000	0.010
BPP_new_20_150_7.C	12	2.000	7.000	0.011
BPP_new_20_150_7.C	12	2.000	7.000	0.011
BPP_new_20_150_7.C	12	2.000	7.000	0.011
BPP_new_20_150_7.C	12	2.000	7.000	0.011
BPP_new_20_150_7.C	12	2.000	7.000	0.011
BPP_new_20_150_7.C	12	2.000	7.000	0.011
BPP_new_20_150_7.C	12	2.000	7.000	0.011
BPP_new_20_150_7.C	12	2.000	7.000	0.011
BPP_new_20_150_7.C	12	2.000	7.000	0.011
BPP_new_20_150_7.C	12	2.000	7.000	0.011
BPP_new_20_150_8.C	8	3.600	5.800	0.010
BPP_new_20_150_8.C	8	3.200	5.600	0.010
BPP_new_20_150_8.C	8	4.200	6.100	0.009
BPP_new_20_150_8.C	8	3.400	5.700	0.009
BPP_new_20_150_8.C	8	4.200	6.100	0.010
BPP_new_20_150_8.C	8	4.200	6.100	0.010
BPP_new_20_150_8.C	9	3.600	6.300	0.009
BPP_new_20_150_8.C	8	4.200	6.100	0.010
BPP_new_20_150_8.C	8	4.200	6.100	0.010
BPP_new_20_150_8.C	8	3.200	5.600	0.010
BPP_new_20_150_9.C	14	3.000	8.500	0.012
BPP_new_20_150_9.C	14	3.000	8.500	0.012
BPP_new_20_150_9.C	14	3.000	8.500	0.012
BPP_new_20_150_9.C	14	3.000	8.500	0.012
BPP_new_20_150_9.C	14	3.000	8.500	0.012
BPP_new_20_150_9.C	14	3.000	8.500	0.012
BPP_new_20_150_9.C	14	3.000	8.500	0.012
BPP_new_20_150_9.C	14	3.000	8.500	0.012
BPP_new_20_150_9.C	14	3.000	8.500	0.012
BPP_new_20_150_9.C	14	3.000	8.500	0.012
BPP_new_20_200_1.C	8	2.800	5.400	0.009
BPP_new_20_200_1.C	8	2.800	5.400	0.009
BPP_new_20_200_1.C	7	3.200	5.100	0.008
BPP_new_20_200_1.C	8	2.800	5.400	0.008
BPP_new_20_200_1.C	8	2.800	5.400	0.008
BPP_new_20_200_1.C	8	2.800	5.400	0.008
BPP_new_20_200_1.C	8	2.800	5.400	0.008
BPP_new_20_200_1.C	7	3.400	5.200	0.008
BPP_new_20_200_1.C	8	2.800	5.400	0.008
BPP_new_20_200_1.C	8	2.800	5.400	0.009
BPP_new_20_200_10.C	12	5.000	8.500	0.011
BPP_new_20_200_10.C	12	5.000	8.500	0.011
BPP_new_20_200_10.C	12	5.000	8.500	0.011
BPP_new_20_200_10.C	12	5.000	8.500	0.012
BPP_new_20_200_10.C	12	5.000	8.500	0.011
BPP_new_20_200_10.C	12	5.000	8.500	0.011
BPP_new_20_200_10.C	12	5.000	8.500	0.011
BPP_new_20_200_10.C	12	5.000	8.500	0.011
BPP_new_20_200_10.C	12	5.000	8.500	0.011
BPP_new_20_200_10.C	12	5.000	8.500	0.012
BPP_new_20_200_2.C	12	4.800	8.400	0.012
BPP_new_20_200_2.C	12	4.800	8.400	0.012
BPP_new_20_200_2.C	12	4.800	8.400	0.012
BPP_new_20_200_2.C	12	4.800	8.400	0.012
BPP_new_20_200_2.C	12	4.800	8.400	0.012
BPP_new_20_200_2.C	12	4.800	8.400	0.012
BPP_new_20_200_2.C	12	4.800	8.400	0.012
BPP_new_20_200_2.C	12	4.800	8.400	0.012
BPP_new_20_200_2.C	12	4.800	8.400	0.012
BPP_new_20_200_2.C	12	4.800	8.400	0.012
BPP_new_20_200_3.C	13	2.000	7.500	0.012
BPP_new_20_200_3.C	13	2.000	7.500	0.012
BPP_new_20_200_3.C	13	2.000	7.500	0.012
BPP_new_20_200_3.C	13	2.000	7.500	0.012
BPP_new_20_200_3.C	13	2.000	7.500	0.012
BPP_new_20_200_3.C	13	2.000	7.500	0.012
BPP_new_20_200_3.C	13	2.000	7.500	0.012
BPP_new_20_200_3.C	13	2.000	7.500	0.012
BPP_new_20_200_3.C	13	2.000	7.500	0.012
BPP_new_20_200_3.C	13	2.000	7.500	0.012
BPP_new_20_200_4.C	9	4.200	6.600	0.010
BPP_new_20_200_4.C	9	4.000	6.500	0.010
BPP_new_20_200_4.C	9	4.200	6.600	0.010
BPP_new_20_200_4.C	9	4.200	6.600	0.010
BPP_new_20_200_4.C	9	4.000	6.500	0.010
BPP_new_20_200_4.C	9	4.000	6.500	0.010
BPP_new_20_200_4.C	9	4.000	6.500	0.010
BPP_new_20_200_4.C	9	4.000	6.500	0.010
BPP_new_20_200_4.C	9	4.000	6.500	0.009
BPP_new_20_200_4.C	9	4.000	6.500	0.010
BPP_new_20_200_5.C	11	4.000	7.500	0.010
BPP_new_20_200_5.C	11	4.000	7.500	0.010
BPP_new_20_200_5.C	11	4.000	7.500	0.010
BPP_new_20_200_5.C	11	4.000	7.500	0.011
BPP_new_20_200_5.C	11	4.000	7.500	0.011
BPP_new_20_200_5.C	11	4.000	7.500	0.011
BPP_new_20_200_5.C	11	4.000	7.500	0.010
BPP_new_20_200_5.C	11	4.000	7.500	0.010
BPP_new_20_200_5.C	11	4.000	7.500	0.010
BPP_new_20_200_5.C	11	4.000	7.500	0.010
BPP_new_20_200_6.C	8	3.400	5.700	0.009
BPP_new_20_200_6.C	8	3.400	5.700	0.009
BPP_new_20_200_6.C	8	3.400	5.700	0.009
BPP_new_20_200_6.C	8	3.400	5.700	0.009
BPP_new_20_200_6.C	8	3.400	5.700	0.009
BPP_new_20_200_6.C	8	3.400	5.700	0.009
BPP_new_20_200_6.C	8	3.400	5.700	0.009
BPP_new_20_200_6.C	8	3.400	5.700	0.009
BPP_new_20_200_6.C	8	3.400	5.700	0.009
BPP_new_20_200_6.C	8	3.400	5.700	0.009
BPP_new_20_200_7.C	12	3.400	7.700	0.011
BPP_new_20_200_7.C	12	3.400	7.700	0.011
BPP_new_20_200_7.C	12	3.400	7.700	0.011
BPP_new_20_200_7.C	12	3.400	7.700	0.012
BPP_new_20_200_7.C	12	3.400	7.700	0.011
BPP_new_20_200_7.C	12	3.400	7.700	0.011
BPP_new_20_200_7.C	12	3.400	7.700	0.011
BPP_new_20_200_7.C	12	3.400	7.700	0.012
BPP_new_20_200_7.C	12	3.400	7.700	0.011
BPP_new_20_200_7.C	12	3.400	7.700	0.011
BPP_new_20_200_8.C	11	2.600	6.800	0.011
BPP_new_20_200_8.C	11	2.600	6.800	0.011
BPP_new_20_200_8.C	10	3.000	6.500	0.011
BPP_new_20_200_8.C	11	2.600	6.800	0.011
BPP_new_20_200_8.C	10	3.000	6.500	0.011
BPP_new_20_200_8.C	10	3.000	6.500	0.010
BPP_new_20_200_8.C	10	3.000	6.500	0.010
BPP_new_20_200_8.C	10	3.400	6.700	0.010
BPP_new_20_200_8.C	11	2.600	6.800	0.010
BPP_new_20_200_8.C	10	3.000	6.500	0.011
BPP_new_20_200_9.C	9	1.200	5.100	0.010
BPP_new_20_200_9.C	9	1.200	5.100	0.010
BPP_new_20_200_9.C	9	1.200	5.100	0.009
BPP_new_20_200_9.C	9	1.200	5.100	0.009
BPP_new_20_200_9.C	9	1.200	5.100	0.009
BPP_new_20_200_9.C	9	1.200	5.100	0.010
BPP_new_20_200_9.C	9	1.400	5.200	0.009
BPP_new_20_200_9.C	9	1.200	5.100	0.009
BPP_new_20_200_9.C	9	1.400	5.200	0.009
BPP_new_20_200_9.C	9	1.200	5.100	0.009
BPP_new_20_300_1.C	8	2.200	5.100	0.009
BPP_new_20_300_1.C	8	2.200	5.100	0.009
BPP_new_20_300_1.C	8	2.200	5.100	0.009
BPP_new_20_300_1.C	8	2.200	5.100	0.009
BPP_new_20_300_1.C	8	2.400	5.200	0.009
BPP_new_20_300_1.C	8	2.000	5.000	0.009
BPP_new_20_300_1.C	8	2.200	5.100	0.009
BPP_new_20_300_1.C	8	2.400	5.200	0.009
BPP_new_20_300_1.C	8	2.000	5.000	0.009
BPP_new_20_300_1.C	8	2.200	5.100	0.009
BPP_new_20_300_10.C	11	2.800	6.900	0.010
BPP_new_20_300_10.C	11	2.800	6.900	0.010
BPP_new_20_300_10.C	11	2.800	6.900	0.010
BPP_new_20_300_10.C	11	2.800	6.900	0.010
BPP_new_20_300_10.C	11	2.800	6.900	0.010
BPP_new_20_300_10.C	11	2.800	6.900	0.010
BPP_new_20_300_10.C	11	2.800	6.900	0.010
BPP_new_20_300_10.C	11	2.800	6.900	0.010
BPP_new_20_300_10.C	11	2.800	6.900	0.010
BPP_new_20_300_10.C	11	2.800	6.900	0.010
BPP_new_20_300_2.C	10	2.200	6.100	0.010
BPP_new_20_300_2.C	10	2.200	6.100	0.010
BPP_new_20_300_2.C	10	2.200	6.100	0.010
BPP_new_20_300_2.C	10	2.200	6.100	0.010
BPP_new_20_300_2.C	10	2.200	6.100	0.011
BPP_new_20_300_2.C	10	2.200	6.100	0.010
BPP_new_20_300_2.C	10	2.200	6.100	0.010
BPP_new_20_300_2.C	10	2.200	6.100	0.010
BPP_new_20_300_2.C	10	2.200	6.100	0.010
BPP_new_20_300_2.C	10	2.200	6.100	0.010
BPP_new_20_300_3.C	12	3.800	7.900	0.012
BPP_new_20_300_3.C	12	3.800	7.900	0.012
BPP_new_20_300_3.C	12	3.800	7.900	0.012
BPP_new_20_300_3.C	12	3.800	7.900	0.012
BPP_new_20_300_3.C	12	3.800	7.900	0.012
BPP_new_20_300_3.C	12	3.800	7.900	0.012
BPP_new_20_300_3.C	12	3.800	7.900	0.011
BPP_new_20_300_3.C	12	3.800	7.900	0.012
BPP_new_20_300_3.C	12	3.800	7.900	0.012
BPP_new_20_300_3.C	12	3.800	7.900	0.012
BPP_new_20_300_4.C	9	2.200	5.600	0.010
BPP_new_20_300_4.C	10	1.400	5.700	0.010
BPP_new_20_300_4.C	10	1.400	5.700	0.010
BPP_new_20_300_4.C	10	1.400	5.700	0.010
BPP_new_20_300_4.C	10	1.400	5.700	0.010
BPP_new_20_300_4.C	10	1.400	5.700	0.010
BPP_new_20_300_4.C	9	1.600	5.300	0.010
BPP_new_20_300_4.C	10	1.200	5.600	0.010
BPP_new_20_300_4.C	10	1.400	5.700	0.010
BPP_new_20_300_4.C	10	1.400	5.700	0.010
BPP_new_20_300_5.C	9	3.000	6.000	0.009
BPP_new_20_300_5.C	9	2.400	5.700	0.009
BPP_new_20_300_5.C	9	2.400	5.700	0.009
BPP_new_20_300_5.C	9	2.400	5.700	0.009
BPP_new_20_300_5.C	9	2.400	5.700	0.009
BPP_new_20_300_5.C	9	2.800	5.900	0.009
BPP_new_20_300_5.C	9	2.600	5.800	0.009
BPP_new_20_300_5.C	9	3.000	6.000	0.009
BPP_new_20_300_5.C	9	2.400	5.700	0.009
BPP_new_20_300_5.C	9	2.400	5.700	0.009
BPP_new_20_300_6.C	10	3.000	6.500	0.010
BPP_new_20_300_6.C	10	3.000	6.500	0.010
BPP_new_20_300_6.C	10	3.000	6.500	0.010
BPP_new_20_300_6.C	10	3.000	6.500	0.010
BPP_new_20_300_6.C	10	3.000	6.500	0.010
BPP_new_20_300_6.C	10	3.000	6.500	0.010
BPP_new_20_300_6.C	10	3.000	6.500	0.010
BPP_new_20_300_6.C	10	3.000	6.500	0.010
BPP_new_20_300_6.C	10	3.000	6.500	0.010
BPP_new_20_300_6.C	10	3.000	6.500	0.010
BPP_new_20_300_7.C	12	2.000	7.000	0.011
BPP_new_20_300_7.C	12	2.000	7.000	0.011
BPP_new_20_300_7.C	12	2.000	7.000	0.011
BPP_new_20_300_7.C	12	2.000	7.000	0.011
BPP_new_20_300_7.C	12	2.000	7.000	0.011
BPP_new_20_300_7.C	12	2.000	7.000	0.011
BPP_new_20_300_7.C	12	2.600	7.300	0.011
BPP_new_20_300_7.C	12	2.000	7.000	0.011
BPP_new_20_300_7.C	12	2.000	7.000	0.011
BPP_new_20_300_7.C	12	2.000	7.000	0.012
BPP_new_20_300_8.C	9	2.000	5.500	0.010
BPP_new_20_300_8.C	9	1.800	5.400	0.010
BPP_new_20_300_8.C	9	2.000	5.500	0.010
BPP_new_20_300_8.C	9	2.000	5.500	0.010
BPP_new_20_300_8.C	9	1.800	5.400	0.010
BPP_new_20_300_8.C	9	2.000	5.500	0.009
BPP_new_20_300_8.C	9	2.000	5.500	0.010
BPP_new_20_300_8.C	9	2.000	5.500	0.010
BPP_new_20_300_8.C	9	2.000	5.500	0.010
BPP_new_20_300_8.C	9	2.000	5.500	0.010
BPP_new_20_300_9.C	9	2.600	5.800	0.010
BPP_new_20_300_9.C	9	2.600	5.800	0.010
BPP_new_20_300_9.C	9	2.600	5.800	0.010
BPP_new_20_300_9.C	9	2.800	5.900	0.010
BPP_new_20_300_9.C	9	2.600	5.800	0.010
BPP_new_20_300_9.C	9	2.600	5.800	0.010
BPP_new_20_300_9.C	9	2.800	5.900	0.010
BPP_new_20_300_9.C	9	2.800	5.900	0.010
BPP_new_20_300_9.C	9	2.600	5.800	0.010
BPP_new_20_300_9.C	9	2.600	5.800	0.010
BPP_new_20_400_1.C	10	3.600	6.800	0.011
BPP_new_20_400_1.C	10	3.600	6.800	0.011
BPP_new_20_400_1.C	10	3.800	6.900	0.011
BPP_new_20_400_1.C	10	3.600	6.800	0.011
BPP_new_20_400_1.C	10	3.800	6.900	0.011
BPP_new_20_400_1.C	10	3.600	6.800	0.011
BPP_new_20_400_1.C	11	2.600	6.800	0.011
BPP_new_20_400_1.C	10	3.800	6.900	0.011
BPP_new_20_400_1.C	10	3.600	6.800	0.011
BPP_new_20_400_1.C	11	2.600	6.800	0.011
BPP_new_20_400_10.C	11	2.200	6.600	0.010
BPP_new_20_400_10.C	11	2.200	6.600	0.010
BPP_new_20_400_10.C	11	2.200	6.600	0.010
BPP_new_20_400_10.C	11	2.200	6.600	0.011
BPP_new_20_400_10.C	11	2.200	6.600	0.011
BPP_new_20_400_10.C	11	2.200	6.600	0.010
BPP_new_20_400_10.C	11	2.200	6.600	0.011
BPP_new_20_400_10.C	11	2.200	6.600	0.011
BPP_new_20_400_10.C	11	2.200	6.600	0.010
BPP_new_20_400_10.C	11	2.200	6.600	0.011
BPP_new_20_400_2.C	11	2.200	6.600	0.011
BPP_new_20_400_2.C	11	2.200	6.600	0.011
BPP_new_20_400_2.C	11	2.200	6.600	0.011
BPP_new_20_400_2.C	11	2.200	6.600	0.011
BPP_new_20_400_2.C	11	2.200	6.600	0.011
BPP_new_20_400_2.C	11	2.200	6.600	0.011
BPP_new_20_400_2.C	11	2.400	6.700	0.011
BPP_new_20_400_2.C	11	2.400	6.700	0.011
BPP_new_20_400_2.C	11	2.200	6.600	0.011
BPP_new_20_400_2.C	11	2.200	6.600	0.011
BPP_new_20_400_3.C	9	1.800	5.400	0.010
BPP_new_20_400_3.C	9	1.800	5.400	0.010
BPP_new_20_400_3.C	9	1.800	5.400	0.010
BPP_new_20_400_3.C	8	2.200	5.100	0.010
BPP_new_20_400_3.C	8	2.000	5.000	0.010
BPP_new_20_400_3.C	8	2.400	5.200	0.010
BPP_new_20_400_3.C	8	1.800	4.900	0.010
BPP_new_20_400_3.C	8	2.000	5.000	0.010
BPP_new_20_400_3.C	8	2.600	5.300	0.010
BPP_new_20_400_3.C	9	1.800	5.400	0.010
BPP_new_20_400_4.C	9	2.000	5.500	0.009
BPP_new_20_400_4.C	9	2.000	5.500	0.009
BPP_new_20_400_4.C	9	2.000	5.500	0.009
BPP_new_20_400_4.C	9	2.000	5.500	0.009
BPP_new_20_400_4.C	9	2.200	5.600	0.009
BPP_new_20_400_4.C	9	2.000	5.500	0.010
BPP_new_20_400_4.C	9	2.200	5.600	0.009
BPP_new_20_400_4.C	9	2.000	5.500	0.009
BPP_new_20_400_4.C	9	2.000	5.500	0.009
BPP_new_20_400_4.C	9	2.000	5.500	0.009
BPP_new_20_400_5.C	11	3.600	7.300	0.011
BPP_new_20_400_5.C	11	3.600	7.300	0.011
BPP_new_20_400_5.C	11	3.600	7.300	0.011
BPP_new_20_400_5.C	11	3.600	7.300	0.011
BPP_new_20_400_5.C	11	3.600	7.300	0.011
BPP_new_20_400_5.C	11	3.600	7.300	0.011
BPP_new_20_400_5.C	11	3.600	7.300	0.011
BPP_new_20_400_5.C	11	3.600	7.300	0.011
BPP_new_20_400_5.C	11	3.600	7.300	0.011
BPP_new_20_400_5.C	11	3.600	7.300	0.011
BPP_new_20_400_6.C	10	3.000	6.500	0.010
BPP_new_20_400_6.C	10	3.000	6.500	0.010
BPP_new_20_400_6.C	10	3.000	6.500	0.010
BPP_new_20_400_6.C	10	2.800	6.400	0.010
BPP_new_20_400_6.C	10	3.000	6.500	0.010
BPP_new_20_400_6.C	10	3.600	6.800	0.010
BPP_new_20_400_6.C	10	3.200	6.600	0.010
BPP_new_20_400_6.C	10	3.200	6.600	0.010
BPP_new_20_400_6.C	9	3.600	6.300	0.010
BPP_new_20_400_6.C	10	3.000	6.500	0.010
BPP_new_20_400_7.C	9	1.000	5.000	0.009
BPP_new_20_400_7.C	9	1.000	5.000	0.010
BPP_new_20_400_7.C	9	1.000	5.000	0.009
BPP_new_20_400_7.C	9	1.000	5.000	0.010
BPP_new_20_400_7.C	9	1.000	5.000	0.010
BPP_new_20_400_7.C	9	1.000	5.000	0.009
BPP_new_20_400_7.C	9	1.000	5.000	0.010
BPP_new_20_400_7.C	9	1.000	5.000	0.009
BPP_new_20_400_7.C	9	1.000	5.000	0.009
BPP_new_20_400_7.C	9	1.000	5.000	0.010
BPP_new_20_400_8.C	11	3.600	7.300	0.011
BPP_new_20_400_8.C	11	3.600	7.300	0.011
BPP_new_20_400_8.C	11	3.600	7.300	0.011
BPP_new_20_400_8.C	11	3.600	7.300	0.011
BPP_new_20_400_8.C	11	3.600	7.300	0.011
BPP_new_20_400_8.C	11	3.600	7.300	0.011
BPP_new_20_400_8.C	11	3.800	7.400	0.011
BPP_new_20_400_8.C	11	3.600	7.300	0.012
BPP_new_20_400_8.C	11	3.600	7.300	0.012
BPP_new_20_400_8.C	11	3.600	7.300	0.011
BPP_new_20_400_9.C	9	5.400	7.200	0.010
BPP_new_20_400_9.C	10	4.600	7.300	0.010
BPP_new_20_400_9.C	9	5.400	7.200	0.010
BPP_new_20_400_9.C	9	5.400	7.200	0.010
BPP_new_20_400_9.C	10	4.600	7.300	0.010
BPP_new_20_400_9.C	9	5.400	7.200	0.010
BPP_new_20_400_9.C	10	4.600	7.300	0.010
BPP_new_20_400_9.C	10	4.600	7.300	0.010
BPP_new_20_400_9.C	10	4.600	7.300	0.010
BPP_new_20_400_9.C	10	4.600	7.300	0.010
BPP_new_20_500_1.C	9	1.000	5.000	0.009
BPP_new_20_500_1.C	9	1.000	5.000	0.009
BPP_new_20_500_1.C	9	1.000	5.000	0.009
BPP_new_20_500_1.C	9	1.000	5.000	0.009
BPP_new_20_500_1.C	9	1.000	5.000	0.009
BPP_new_20_500_1.C	9	1.000	5.000	0.009
BPP_new_20_500_1.C	8	1.800	4.900	0.009
BPP_new_20_500_1.C	8	1.800	4.900	0.009
BPP_new_20_500_1.C	9	1.000	5.000	0.009
BPP_new_20_500_1.C	9	1.000	5.000	0.009
BPP_new_20_500_10.C	8	1.800	4.900	0.009
BPP_new_20_500_10.C	7	1.600	4.300	0.009
BPP_new_20_500_10.C	7	1.600	4.300	0.008
BPP_new_20_500_10.C	7	1.800	4.400	0.009
BPP_new_20_500_10.C	7	1.600	4.300	0.008
BPP_new_20_500_10.C	7	1.600	4.300	0.009
BPP_new_20_500_10.C	7	1.800	4.400	0.009
BPP_new_20_500_10.C	7	1.800	4.400	0.009
BPP_new_20_500_10.C	7	1.600	4.300	0.008
BPP_new_20_500_10.C	7	1.800	4.400	0.008
BPP_new_20_500_2.C	9	1.800	5.400	0.009
BPP_new_20_500_2.C	9	1.800	5.400	0.009
BPP_new_20_500_2.C	9	1.800	5.400	0.010
BPP_new_20_500_2.C	9	1.800	5.400	0.010
BPP_new_20_500_2.C	9	1.800	5.400	0.010
BPP_new_20_500_2.C	9	1.800	5.400	0.010
BPP_new_20_500_2.C	9	1.800	5.400	0.010
BPP_new_20_500_2.C	9	1.800	5.400	0.010
BPP_new_20_500_2.C	9	1.800	5.400	0.010
BPP_new_20_500_2.C	9	1.800	5.400	0.010
BPP_new_20_500_3.C	10	4.200	7.100	0.010
BPP_new_20_500_3.C	10	4.000	7.000	0.011
BPP_new_20_500_3.C	10	4.400	7.200	0.010
BPP_new_20_500_3.C	10	4.200	7.100	0.011
BPP_new_20_500_3.C	10	4.200	7.100	0.011
BPP_new_20_500_3.C	10	4.200	7.100	0.011
BPP_new_20_500_3.C	10	4.200	7.100	0.011
BPP_new_20_500_3.C	10	4.000	7.000	0.011
BPP_new_20_500_3.C	10	4.200	7.100	0.011
BPP_new_20_500_3.C	10	4.200	7.100	0.011
BPP_new_20_500_4.C	11	2.600	6.800	0.011
BPP_new_20_500_4.C	11	2.600	6.800	0.011
BPP_new_20_500_4.C	11	2.400	6.700	0.011
BPP_new_20_500_4.C	11	2.400	6.700	0.011
BPP_new_20_500_4.C	11	2.600	6.800	0.011
BPP_new_20_500_4.C	11	2.400	6.700	0.011
BPP_new_20_500_4.C	11	2.400	6.700	0.011
BPP_new_20_500_4.C	11	2.600	6.800	0.011
BPP_new_20_500_4.C	11	2.400	6.700	0.011
BPP_new_20_500_4.C	11	2.600	6.800	0.011
BPP_new_20_500_5.C	8	0.200	4.100	0.009
BPP_new_20_500_5.C	8	0.200	4.100	0.009
BPP_new_20_500_5.C	8	0.000	4.000	0.009
BPP_new_20_500_5.C	8	0.200	4.100	0.009
BPP_new_20_500_5.C	8	0.200	4.100	0.009
BPP_new_20_500_5.C	8	0.200	4.100	0.009
BPP_new_20_500_5.C	8	0.000	4.000	0.009
BPP_new_20_500_5.C	8	0.000	4.000	0.009
BPP_new_20_500_5.C	8	0.400	4.200	0.009
BPP_new_20_500_5.C	8	0.200	4.100	0.009
BPP_new_20_500_6.C	10	2.200	6.100	0.010
BPP_new_20_500_6.C	10	2.200	6.100	0.010
BPP_new_20_500_6.C	10	2.600	6.300	0.010
BPP_new_20_500_6.C	10	2.000	6.000	0.010
BPP_new_20_500_6.C	10	2.000	6.000	0.010
BPP_new_20_500_6.C	10	2.200	6.100	0.010
BPP_new_20_500_6.C	10	2.800	6.400	0.010
BPP_new_20_500_6.C	10	2.800	6.400	0.010
BPP_new_20_500_6.C	11	2.000	6.500	0.010
BPP_new_20_500_6.C	10	2.000	6.000	0.010
BPP_new_20_500_7.C	13	2.800	7.900	0.012
BPP_new_20_500_7.C	13	2.800	7.900	0.012
BPP_new_20_500_7.C	13	2.800	7.900	0.012
BPP_new_20_500_7.C	13	2.800	7.900	0.012
BPP_new_20_500_7.C	13	2.800	7.900	0.012
BPP_new_20_500_7.C	13	2.800	7.900	0.012
BPP_new_20_500_7.C	13	2.800	7.900	0.012
BPP_new_20_500_7.C	13	2.800	7.900	0.012
BPP_new_20_500_7.C	13	2.800	7.900	0.012
BPP_new_20_500_7.C	13	2.800	7.900	0.012
BPP_new_20_500_8.C	11	2.400	6.700	0.011
BPP_new_20_500_8.C	11	2.400	6.700	0.012
BPP_new_20_500_8.C	11	2.400	6.700	0.012
BPP_new_20_500_8.C	11	2.400	6.700	0.012
BPP_new_20_500_8.C	11	2.400	6.700	0.012
BPP_new_20_500_8.C	11	2.400	6.700	0.012
BPP_new_20_500_8.C	11	2.400	6.700	0.012
BPP_new_20_500_8.C	11	2.400	6.700	0.012
BPP_new_20_500_8.C	11	2.400	6.700	0.012
BPP_new_20_500_8.C	11	2.400	6.700	0.011
BPP_new_20_500_9.C	11	2.400	6.700	0.011
BPP_new_20_500_9.C	11	2.400	6.700	0.011
BPP_new_20_500_9.C	11	2.400	6.700	0.011
BPP_new_20_500_9.C	11	2.400	6.700	0.011
BPP_new_20_500_9.C	11	2.400	6.700	0.011
BPP_new_20_500_9.C	11	2.400	6.700	0.011
BPP_new_20_500_9.C	11	2.400	6.700	0.011
BPP_new_20_500_9.C	11	2.400	6.700	0.011
BPP_new_20_500_9.C	11	2.400	6.700	0.011
BPP_new_20_500_9.C	11	2.400	6.700	0.011
BPP_new_20_50_1.C	13	2.600	7.800	0.011
BPP_new_20_50_1.C	13	2.600	7.800	0.011
BPP_new_20_50_1.C	13	2.600	7.800	0.011
BPP_new_20_50_1.C	13	2.600	7.800	0.011
BPP_new_20_50_1.C	13	2.600	7.800	0.012
BPP_new_20_50_1.C	13	2.600	7.800	0.011
BPP_new_20_50_1.C	13	2.600	7.800	0.011
BPP_new_20_50_1.C	13	2.600	7.800	0.011
BPP_new_20_50_1.C	13	2.600	7.800	0.011
BPP_new_20_50_1.C	13	2.600	7.800	0.011
BPP_new_20_50_10.C	13	3.000	8.000	0.012
BPP_new_20_50_10.C	13	3.000	8.000	0.012
BPP_new_20_50_10.C	13	3.000	8.000	0.012
BPP_new_20_50_10.C	13	3.000	8.000	0.012
BPP_new_20_50_10.C	13	3.000	8.000	0.012
BPP_new_20_50_10.C	13	3.000	8.000	0.012
BPP_new_20_50_10.C	13	3.000	8.000	0.011
BPP_new_20_50_10.C	13	3.000	8.000	0.012
BPP_new_20_50_10.C	13	3.000	8.000	0.012
BPP_new_20_50_10.C	13	3.000	8.000	0.012
BPP_new_20_50_2.C	9	3.200	6.100	0.009
BPP_new_20_50_2.C	10	2.200	6.100	0.010
BPP_new_20_50_2.C	10	2.200	6.100	0.009
BPP_new_20_50_2.C	10	2.200	6.100	0.009
BPP_new_20_50_2.C	9	3.200	6.100	0.010
BPP_new_20_50_2.C	10	2.200	6.100	0.010
BPP_new_20_50_2.C	10	2.200	6.100	0.010
BPP_new_20_50_2.C	10	2.200	6.100	0.010
BPP_new_20_50_2.C	10	2.200	6.100	0.010
BPP_new_20_50_2.C	10	2.200	6.100	0.010
BPP_new_20_50_3.C	9	3.600	6.300	0.010
BPP_new_20_50_3.C	9	3.600	6.300	0.010
BPP_new_20_50_3.C	9	3.600	6.300	0.010
BPP_new_20_50_3.C	9	3.600	6.300	0.010
BPP_new_20_50_3.C	9	3.600	6.300	0.010
BPP_new_20_50_3.C	9	3.600	6.300	0.010
BPP_new_20_50_3.C	9	3.600	6.300	0.010
BPP_new_20_50_3.C	9	3.600	6.300	0.010
BPP_new_20_50_3.C	9	3.600	6.300	0.010
BPP_new_20_50_3.C	9	3.600	6.300	0.010
BPP_new_20_50_4.C	14	3.400	8.700	0.012
BPP_new_20_50_4.C	14	3.400	8.700	0.011
BPP_new_20_50_4.C	14	3.400	8.700	0.012
BPP_new_20_50_4.C	14	3.400	8.700	0.011
BPP_new_20_50_4.C	14	3.400	8.700	0.011
BPP_new_20_50_4.C	14	3.400	8.700	0.011
BPP_new_20_50_4.C	14	3.400	8.700	0.011
BPP_new_20_50_4.C	14	3.400	8.700	0.011
BPP_new_20_50_4.C	14	3.400	8.700	0.011
BPP_new_20_50_4.C	14	3.400	8.700	0.011
BPP_new_20_50_5.C	9	1.800	5.400	0.009
BPP_new_20_50_5.C	9	2.000	5.500	0.009
BPP_new_20_50_5.C	9	1.800	5.400	0.009
BPP_new_20_50_5.C	9	1.800	5.400	0.009
BPP_new_20_50_5.C	9	2.000	5.500	0.009
BPP_new_20_50_5.C	9	1.800	5.400	0.009
BPP_new_20_50_5.C	9	1.800	5.400	0.009
BPP_new_20_50_5.C	9	1.800	5.400	0.009
BPP_new_20_50_5.C	9	1.800	5.400	0.009
BPP_new_20_50_5.C	9	1.800	5.400	0.009
BPP_new_20_50_6.C	9	3.000	6.000	0.010
BPP_new_20_50_6.C	9	3.000	6.000	0.010
BPP_new_20_50_6.C	9	4.000	6.500	0.010
BPP_new_20_50_6.C	10	2.800	6.400	0.010
BPP_new_20_50_6.C	9	3.200	6.100	0.010
BPP_new_20_50_6.C	10	3.000	6.500	0.010
BPP_new_20_50_6.C	10	3.600	6.800	0.010
BPP_new_20_50_6.C	10	2.800	6.400	0.010
BPP_new_20_50_6.C	10	2.800	6.400	0.010
BPP_new_20_50_6.C	9	3.000	6.000	0.010
BPP_new_20_50_7.C	11	2.800	6.900	0.011
BPP_new_20_50_7.C	11	2.800	6.900	0.011
BPP_new_20_50_7.C	11	2.800	6.900	0.011
BPP_new_20_50_7.C	11	2.800	6.900	0.010
BPP_new_20_50_7.C	11	2.800	6.900	0.011
BPP_new_20_50_7.C	11	2.800	6.900	0.011
BPP_new_20_50_7.C	11	2.800	6.900	0.011
BPP_new_20_50_7.C	11	2.800	6.900	0.010
BPP_new_20_50_7.C	11	2.800	6.900	0.010
BPP_new_20_50_7.C	11	2.800	6.900	0.011
BPP_new_20_50_8.C	12	1.000	6.500	0.011
BPP_new_20_50_8.C	12	1.000	6.500	0.011
BPP_new_20_50_8.C	12	1.000	6.500	0.011
BPP_new_20_50_8.C	12	1.000	6.500	0.011
BPP_new_20_50_8.C	12	1.000	6.500	0.011
BPP_new_20_50_8.C	12	1.000	6.500	0.011
BPP_new_20_50_8.C	12	1.000	6.500	0.011
BPP_new_20_50_8.C	12	1.000	6.500	0.011
BPP_new_20_50_8.C	12	1.000	6.500	0.011
BPP_new_20_50_8.C	12	1.000	6.500	0.011
BPP_new_20_50_9.C	9	3.200	6.100	0.010
BPP_new_20_50_9.C	9	3.000	6.000	0.010
BPP_new_20_50_9.C	9	3.000	6.000	0.010
BPP_new_20_50_9.C	9	3.200	6.100	0.010
BPP_new_20_50_9.C	9	3.200	6.100	0.010
BPP_new_20_50_9.C	9	3.200	6.100	0.010
BPP_new_20_50_9.C	9	3.000	6.000	0.009
BPP_new_20_50_9.C	9	3.200	6.100	0.009
BPP_new_20_50_9.C	9	3.000	6.000	0.010
BPP_new_20_50_9.C	9	3.000	6.000	0.010
BPP_new_20_750_1.C	10	1.600	5.800	0.010
BPP_new_20_750_1.C	10	1.800	5.900	0.010
BPP_new_20_750_1.C	10	2.600	6.300	0.010
BPP_new_20_750_1.C	10	1.400	5.700	0.010
BPP_new_20_750_1.C	10	1.800	5.900	0.010
BPP_new_20_750_1.C	10	1.600	5.800	0.010
BPP_new_20_750_1.C	10	2.800	6.400	0.010
BPP_new_20_750_1.C	10	1.600	5.800	0.010
BPP_new_20_750_1.C	10	2.600	6.300	0.010
BPP_new_20_750_1.C	10	1.600	5.800	0.010
BPP_new_20_750_10.C	11	5.000	8.000	0.010
BPP_new_20_750_10.C	11	5.000	8.000	0.010
BPP_new_20_750_10.C	11	5.000	8.000	0.011
BPP_new_20_750_10.C	11	5.000	8.000	0.011
BPP_new_20_750_10.C	11	5.000	8.000	0.010
BPP_new_20_750_10.C	11	5.000	8.000	0.010
BPP_new_20_750_10.C	11	5.000	8.000	0.011
BPP_new_20_750_10.C	11	5.000	8.000	0.011
BPP_new_20_750_10.C	11	5.000	8.000	0.010
BPP_new_20_750_10.C	11	5.000	8.000	0.011
BPP_new_20_750_2.C	9	1.800	5.400	0.010
BPP_new_20_750_2.C	9	1.800	5.400	0.010
BPP_new_20_750_2.C	9	1.800	5.400	0.009
BPP_new_20_750_2.C	9	1.800	5.400	0.009
BPP_new_20_750_2.C	9	1.800	5.400	0.009
BPP_new_20_750_2.C	9	1.800	5.400	0.009
BPP_new_20_750_2.C	9	1.800	5.400	0.009
BPP_new_20_750_2.C	9	1.800	5.400	0.009
BPP_new_20_750_2.C	9	1.800	5.400	0.009
BPP_new_20_750_2.C	9	1.800	5.400	0.009
BPP_new_20_750_3.C	10	1.000	5.500	0.010
BPP_new_20_750_3.C	10	1.000	5.500	0.010
BPP_new_20_750_3.C	10	1.000	5.500	0.010
BPP_new_20_750_3.C	10	1.000	5.500	0.009
BPP_new_20_750_3.C	10	1.000	5.500	0.009
BPP_new_20_750_3.C	10	1.000	5.500	0.010
BPP_new_20_750_3.C	10	1.000	5.500	0.010
BPP_new_20_750_3.C	10	1.000	5.500	0.010
BPP_new_20_750_3.C	10	1.000	5.500	0.010
BPP_new_20_750_3.C	10	1.000	5.500	0.009
BPP_new_20_750_4.C	9	1.200	5.100	0.009
BPP_new_20_750_4.C	9	1.600	5.300	0.009
BPP_new_20_750_4.C	9	1.200	5.100	0.009
BPP_new_20_750_4.C	9	1.200	5.100	0.009
BPP_new_20_750_4.C	9	1.400	5.200	0.009
BPP_new_20_750_4.C	9	1.600	5.300	0.009
BPP_new_20_750_4.C	9	1.200	5.100	0.009
BPP_new_20_750_4.C	9	1.200	5.100	0.009
BPP_new_20_750_4.C	9	1.400	5.200	0.009
BPP_new_20_750_4.C	9	1.200	5.100	0.009
BPP_new_20_750_5.C	12	4.600	8.300	0.011
BPP_new_20_750_5.C	12	4.600	8.300	0.010
BPP_new_20_750_5.C	12	4.600	8.300	0.011
BPP_new_20_750_5.C	12	4.600	8.300	0.011
BPP_new_20_750_5.C	12	4.600	8.300	0.011
BPP_new_20_750_5.C	12	4.600	8.300	0.011
BPP_new_20_750_5.C	12	4.600	8.300	0.011
BPP_new_20_750_5.C	12	4.600	8.300	0.011
BPP_new_20_750_5.C	12	4.600	8.300	0.011
BPP_new_20_750_5.C	12	4.600	8.300	0.010
BPP_new_20_750_6.C	10	0.000	5.000	0.010
BPP_new_20_750_6.C	10	0.000	5.000	0.010
BPP_new_20_750_6.C	10	0.000	5.000	0.010
BPP_new_20_750_6.C	10	0.000	5.000	0.010
BPP_new_20_750_6.C	10	0.000	5.000	0.010
BPP_new_20_750_6.C	10	0.000	5.000	0.010
BPP_new_20_750_6.C	10	0.000	5.000	0.010
BPP_new_20_750_6.C	10	0.000	5.000	0.010
BPP_new_20_750_6.C	10	0.000	5.000	0.010
BPP_new_20_750_6.C	10	0.000	5.000	0.010
BPP_new_20_750_7.C	11	1.800	6.400	0.010
BPP_new_20_750_7.C	11	1.800	6.400	0.010
BPP_new_20_750_7.C	11	1.800	6.400	0.010
BPP_new_20_750_7.C	11	1.800	6.400	0.010
BPP_new_20_750_7.C	11	1.800	6.400	0.010
BPP_new_20_750_7.C	11	1.800	6.400	0.010
BPP_new_20_750_7.C	11	1.800	6.400	0.010
BPP_new_20_750_7.C	11	1.800	6.400	0.010
BPP_new_20_750_7.C	11	1.800	6.400	0.010
BPP_new_20_750_7.C	11	1.800	6.400	0.010
BPP_new_20_750_8.C	9	1.200	5.100	0.010
BPP_new_20_750_8.C	9	1.200	5.100	0.009
BPP_new_20_750_8.C	9	1.200	5.100	0.009
BPP_new_20_750_8.C	9	1.200	5.100	0.009
BPP_new_20_750_8.C	9	1.200	5.100	0.009
BPP_new_20_750_8.C	9	1.200	5.100	0.009
BPP_new_20_750_8.C	9	1.200	5.100	0.009
BPP_new_20_750_8.C	9	1.200	5.100	0.009
BPP_new_20_750_8.C	9	1.200	5.100	0.009
BPP_new_20_750_8.C	9	1.200	5.100	0.009
BPP_new_20_750_9.C	10	3.800	6.900	0.010
BPP_new_20_750_9.C	10	3.800	6.900	0.011
BPP_new_20_750_9.C	10	3.800	6.900	0.011
BPP_new_20_750_9.C	10	3.800	6.900	0.010
BPP_new_20_750_9.C	10	3.600	6.800	0.011
BPP_new_20_750_9.C	10	3.800	6.900	0.010
BPP_new_20_750_9.C	10	3.800	6.900	0.011
BPP_new_20_750_9.C	10	3.600	6.800	0.010
BPP_new_20_750_9.C	10	3.800	6.900	0.010
BPP_new_20_750_9.C	10	3.800	6.900	0.011
BPP_new_20_75_1.C	11	1.200	6.100	0.010
BPP_new_20_75_1.C	11	1.400	6.200	0.010
BPP_new_20_75_1.C	11	1.400	6.200	0.010
BPP_new_20_75_1.C	11	1.200	6.100	0.010
BPP_new_20_75_1.C	11	1.400	6.200	0.010
BPP_new_20_75_1.C	11	1.400	6.200	0.010
BPP_new_20_75_1.C	11	1.400	6.200	0.010
BPP_new_20_75_1.C	11	1.200	6.100	0.010
BPP_new_20_75_1.C	11	1.400	6.200	0.011
BPP_new_20_75_1.C	11	1.400	6.200	0.010
BPP_new_20_75_10.C	9	4.600	6.800	0.010
BPP_new_20_75_10.C	9	4.600	6.800	0.010
BPP_new_20_75_10.C	9	4.600	6.800	0.010
BPP_new_20_75_10.C	9	4.600	6.800	0.010
BPP_new_20_75_10.C	9	4.600	6.800	0.010
BPP_new_20_75_10.C	9	4.600	6.800	0.010
BPP_new_20_75_10.C	9	4.600	6.800	0.010
BPP_new_20_75_10.C	9	4.600	6.800	0.010
BPP_new_20_75_10.C	9	4.600	6.800	0.010
BPP_new_20_75_10.C	9	4.600	6.800	0.010
BPP_new_20_75_2.C	12	3.000	7.500	0.011
BPP_new_20_75_2.C	12	3.000	7.500	0.011
BPP_new_20_75_2.C	12	3.000	7.500	0.012
BPP_new_20_75_2.C	12	3.000	7.500	0.011
BPP_new_20_75_2.C	12	3.000	7.500	0.011
BPP_new_20_75_2.C	12	3.000	7.500	0.011
BPP_new_20_75_2.C	12	3.000	7.500	0.011
BPP_new_20_75_2.C	12	3.000	7.500	0.011
BPP_new_20_75_2.C	12	3.000	7.500	0.012
BPP_new_20_75_2.C	12	3.000	7.500	0.011
BPP_new_20_75_3.C	10	2.600	6.300	0.011
BPP_new_20_75_3.C	10	2.600	6.300	0.011
BPP_new_20_75_3.C	10	2.600	6.300	0.010
BPP_new_20_75_3.C	10	2.800	6.400	0.011
BPP_new_20_75_3.C	10	2.600	6.300	0.010
BPP_new_20_75_3.C	10	2.600	6.300	0.011
BPP_new_20_75_3.C	10	2.600	6.300	0.010
BPP_new_20_75_3.C	10	2.600	6.300	0.011
BPP_new_20_75_3.C	10	2.600	6.300	0.011
BPP_new_20_75_3.C	10	2.600	6.300	0.010
BPP_new_20_75_4.C	10	4.000	7.000	0.010
BPP_new_20_75_4.C	10	4.200	7.100	0.010
BPP_new_20_75_4.C	10	4.200	7.100	0.010
BPP_new_20_75_4.C	10	4.200	7.100	0.010
BPP_new_20_75_4.C	10	4.200	7.100	0.010
BPP_new_20_75_4.C	10	4.200	7.100	0.010
BPP_new_20_75_4.C	10	4.200	7.100	0.010
BPP_new_20_75_4.C	10	4.200	7.100	0.010
BPP_new_20_75_4.C	10	4.200	7.100	0.010
BPP_new_20_75_4.C	10	4.200	7.100	0.010
BPP_new_20_75_5.C	10	5.200	7.600	0.010
BPP_new_20_75_5.C	10	5.200	7.600	0.010
BPP_new_20_75_5.C	10	5.200	7.600	0.010
BPP_new_20_75_5.C	10	5.200	7.600	0.010
BPP_new_20_75_5.C	10	5.200	7.600	0.011
BPP_new_20_75_5.C	10	5.200	7.600	0.010
BPP_new_20_75_5.C	10	5.200	7.600	0.011
BPP_new_20_75_5.C	10	5.200	7.600	0.011
BPP_new_20_75_5.C	10	5.200	7.600	0.011
BPP_new_20_75_5.C	10	5.200	7.600	0.011
BPP_new_20_75_6.C	6	2.800	4.400	0.008
BPP_new_20_75_6.C	6	2.600	4.300	0.008
BPP_new_20_75_6.C	6	2.800	4.400	0.008
BPP_new_20_75_6.C	6	2.600	4.300	0.008
BPP_new_20_75_6.C	6	2.600	4.300	0.008
BPP_new_20_75_6.C	6	2.800	4.400	0.008
BPP_new_20_75_6.C	6	2.800	4.400	0.008
BPP_new_20_75_6.C	6	2.600	4.300	0.008
BPP_new_20_75_6.C	6	2.600	4.300	0.008
BPP_new_20_75_6.C	6	2.800	4.400	0.008
BPP_new_20_75_7.C	9	1.800	5.400	0.009
BPP_new_20_75_7.C	9	1.800	5.400	0.009
BPP_new_20_75_7.C	9	1.800	5.400	0.009
BPP_new_20_75_7.C	9	1.800	5.400	0.009
BPP_new_20_75_7.C	9	1.800	5.400	0.009
BPP_new_20_75_7.C	9	1.800	5.400	0.009
BPP_new_20_75_7.C	9	1.800	5.400	0.009
BPP_new_20_75_7.C	9	1.800	5.400	0.009
BPP_new_20_75_7.C	9	1.800	5.400	0.009
BPP_new_20_75_7.C	9	1.800	5.400	0.009
BPP_new_20_75_8.C	8	3.000	5.500	0.008
BPP_new_20_75_8.C	8	3.000	5.500	0.009
BPP_new_20_75_8.C	8	2.800	5.400	0.008
BPP_new_20_75_8.C	8	2.600	5.300	0.008
BPP_new_20_75_8.C	8	2.800	5.400	0.009
BPP_new_20_75_8.C	8	2.800	5.400	0.009
BPP_new_20_75_8.C	8	3.000	5.500	0.008
BPP_new_20_75_8.C	8	2.800	5.400	0.009
BPP_new_20_75_8.C	8	2.600	5.300	0.008
BPP_new_20_75_8.C	8	2.800	5.400	0.008
BPP_new_20_75_9.C	10	4.400	7.200	0.010
BPP_new_20_75_9.C	10	4.400	7.200	0.010
BPP_new_20_75_9.C	10	4.400	7.200	0.010
BPP_new_20_75_9.C	10	4.400	7.200	0.010
BPP_new_20_75_9.C	10	4.400	7.200	0.010
BPP_new_20_75_9.C	10	4.400	7.200	0.010
BPP_new_20_75_9.C	10	4.400	7.200	0.010
BPP_new_20_75_9.C	10	4.400	7.200	0.011
BPP_new_20_75_9.C	10	4.400	7.200	0.010
BPP_new_20_75_9.C	10	4.400	7.200	0.010
HBPP_02015007_09180.C	10	1.000	5.500	0.009
HBPP_02015007_09180.C	10	1.000	5.500	0.009
HBPP_02015007_09180.C	10	1.000	5.500	0.009
HBPP_02015007_09180.C	10	1.000	5.500	0.009
HBPP_02015007_09180.C	10	1.000	5.500	0.009
HBPP_02015007_09180.C	10	1.000	5.500	0.009
HBPP_02015007_09180.C	10	1.000	5.500	0.009
HBPP_02015007_09180.C	10	1.000	5.500	0.009
HBPP_02015007_09180.C	10	1.000	5.500	0.009
HBPP_02015007_09180.C	10	1.000	5.500	0.009
HBPP_04000107_06970.C	16	3.400	9.700	0.035
HBPP_04000107_06970.C	16	4.000	10.000	0.035
HBPP_04000107_06970.C	16	3.400	9.700	0.036
HBPP_04000107_06970.C	16	3.600	9.800	0.036
HBPP_04000107_06970.C	16	3.400	9.700	0.037
HBPP_04000107_06970.C	17	3.200	10.100	0.036
HBPP_04000107_06970.C	16	3.400	9.700	0.036
HBPP_04000107_06970.C	16	3.400	9.700	0.037
HBPP_04000107_06970.C	16	3.400	9.700	0.036
HBPP_04000107_06970.C	16	3.400	9.700	0.036
HBPP_04005007_06120.C	16	3.200	9.600	0.035
HBPP_04005007_06120.C	16	3.400	9.700	0.035
HBPP_04005007_06120.C	16	3.400	9.700	0.035
HBPP_04005007_06120.C	16	2.800	9.400	0.034
HBPP_04005007_06120.C	16	2.400	9.200	0.034
HBPP_04005007_06120.C	16	3.400	9.700	0.035
HBPP_04005007_06120.C	16	3.000	9.500	0.035
HBPP_04005007_06120.C	16	3.400	9.700	0.035
HBPP_04005007_06120.C	16	3.400	9.700	0.034
HBPP_04005007_06120.C	16	2.400	9.200	0.035
HBPP_04005009_03610.C	20	4.600	12.300	0.041
HBPP_04005009_03610.C	20	3.800	11.900	0.042
HBPP_04005009_03610.C	20	4.600	12.300	0.042
HBPP_04005009_03610.C	20	3.600	11.800	0.043
HBPP_04005009_03610.C	20	3.400	11.700	0.042
HBPP_04005009_03610.C	21	3.600	12.300	0.042
HBPP_04005009_03610.C	21	3.600	12.300	0.043
HBPP_04005009_03610.C	20	3.400	11.700	0.042
HBPP_04005009_03610.C	20	3.600	11.800	0.041
HBPP_04005009_03610.C	21	4.000	12.500	0.043
HBPP_06000106_07820.C	22	3.800	12.900	0.079
HBPP_06000106_07820.C	22	3.800	12.900	0.078
HBPP_06000106_07820.C	22	3.800	12.900	0.077
HBPP_06000106_07820.C	22	3.800	12.900	0.079
HBPP_06000106_07820.C	22	3.800	12.900	0.078
HBPP_06000106_07820.C	22	3.800	12.900	0.079
HBPP_06000106_07820.C	22	3.800	12.900	0.081
HBPP_06000106_07820.C	22	3.800	12.900	0.078
HBPP_06000106_07820.C	22	3.800	12.900	0.079
HBPP_06000106_07820.C	22	3.800	12.900	0.078
HBPP_06000110_01950.C	28	5.000	16.500	0.093
HBPP_06000110_01950.C	28	4.800	16.400	0.097
HBPP_06000110_01950.C	28	4.400	16.200	0.091
HBPP_06000110_01950.C	28	3.800	15.900	0.093
HBPP_06000110_01950.C	28	4.800	16.400	0.090
HBPP_06000110_01950.C	28	4.600	16.300	0.093
HBPP_06000110_01950.C	28	4.600	16.300	0.092
HBPP_06000110_01950.C	28	4.800	16.400	0.091
HBPP_06000110_01950.C	28	4.200	16.100	0.092
HBPP_06000110_01950.C	28	4.200	16.100	0.092
HBPP_06005007_00330.C	25	3.600	14.300	0.084
HBPP_06005007_00330.C	25	3.600	14.300	0.083
HBPP_06005007_00330.C	25	3.600	14.300	0.083
HBPP_06005007_00330.C	25	3.600	14.300	0.085
HBPP_06005007_00330.C	25	3.600	14.300	0.083
HBPP_06005007_00330.C	25	3.600	14.300	0.083
HBPP_06005007_00330.C	25	3.600	14.300	0.083
HBPP_06005007_00330.C	25	3.600	14.300	0.082
HBPP_06005007_00330.C	25	3.600	14.300	0.080
HBPP_06005007_00330.C	25	3.600	14.300	0.084
HBPP_06005007_03820.C	23	2.600	12.800	0.080
HBPP_06005007_03820.C	23	2.600	12.800	0.078
HBPP_06005007_03820.C	23	2.600	12.800	0.080
HBPP_06005007_03820.C	23	2.600	12.800	0.080
HBPP_06005007_03820.C	23	2.600	12.800	0.079
HBPP_06005007_03820.C	23	2.600	12.800	0.078
HBPP_06005007_03820.C	23	2.600	12.800	0.080
HBPP_06005007_03820.C	23	2.600	12.800	0.082
HBPP_06005007_03820.C	23	2.600	12.800	0.081
HBPP_06005007_03820.C	23	2.600	12.800	0.080
HBPP_06005008_07550.C	25	4.000	14.500	0.090
HBPP_06005008_07550.C	25	4.000	14.500	0.089
HBPP_06005008_07550.C	25	4.000	14.500	0.089
HBPP_06005008_07550.C	25	3.000	14.000	0.090
HBPP_06005008_07550.C	25	4.000	14.500	0.093
HBPP_06005008_07550.C	25	4.000	14.500	0.087
HBPP_06005008_07550.C	25	4.000	14.500	0.089
HBPP_06005008_07550.C	25	4.000	14.500	0.091
HBPP_06005008_07550.C	25	4.000	14.500	0.091
HBPP_06005008_07550.C	25	4.000	14.500	0.090
HBPP_06015006_00670.C	27	3.000	15.000	0.091
HBPP_06015006_00670.C	27	4.400	15.700	0.092
HBPP_06015006_00670.C	27	4.400	15.700	0.089
HBPP_06015006_00670.C	26	4.800	15.400	0.091
HBPP_06015006_00670.C	26	5.000	15.500	0.091
HBPP_06015006_00670.C	27	3.000	15.000	0.091
HBPP_06015006_00670.C	27	3.000	15.000	0.090
HBPP_06015006_00670.C	27	4.800	15.900	0.092
HBPP_06015006_00670.C	27	3.800	15.400	0.090
HBPP_06015006_00670.C	27	4.400	15.700	0.090
HBPP_06015009_04030.C	32	5.800	18.900	0.103
HBPP_06015009_04030.C	32	5.800	18.900	0.100
HBPP_06015009_04030.C	32	5.800	18.900	0.102
HBPP_06015009_04030.C	32	5.800	18.900	0.103
HBPP_06015009_04030.C	32	5.800	18.900	0.100
HBPP_06015009_04030.C	32	5.800	18.900	0.103
HBPP_06015009_04030.C	32	5.800	18.900	0.103
HBPP_06015009_04030.C	32	5.800	18.900	0.103
HBPP_06015009_04030.C	32	5.800	18.900	0.102
HBPP_06015009_04030.C	32	5.800	18.900	0.102
HBPP_06015010_07710.C	36	4.000	20.000	0.107
HBPP_06015010_07710.C	36	4.000	20.000	0.107
HBPP_06015010_07710.C	36	4.000	20.000	0.108
HBPP_06015010_07710.C	35	4.200	19.600	0.106
HBPP_06015010_07710.C	36	4.000	20.000	0.107
HBPP_06015010_07710.C	35	4.000	19.500	0.105
HBPP_06015010_07710.C	36	4.000	20.000	0.108
HBPP_06015010_07710.C	36	4.000	20.000	0.107
HBPP_06015010_07710.C	35	5.000	20.000	0.109
HBPP_06015010_07710.C	36	4.000	20.000	0.106
HBPP_06025005_06390.C	26	6.400	16.200	0.080
HBPP_06025005_06390.C	26	6.400	16.200	0.082
HBPP_06025005_06390.C	26	6.400	16.200	0.081
HBPP_06025005_06390.C	25	7.400	16.200	0.080
HBPP_06025005_06390.C	26	6.400	16.200	0.082
HBPP_06025005_06390.C	26	6.400	16.200	0.081
HBPP_06025005_06390.C	26	6.400	16.200	0.084
HBPP_06025005_06390.C	26	6.400	16.200	0.081
HBPP_06025005_06390.C	26	6.400	16.200	0.081
HBPP_06025005_06390.C	26	6.400	16.200	0.082
HBPP_08000107_06240.C	30	6.800	18.400	0.169
HBPP_08000107_06240.C	30	6.800	18.400	0.170
HBPP_08000107_06240.C	30	6.800	18.400	0.170
HBPP_08000107_06240.C	30	6.800	18.400	0.167
HBPP_08000107_06240.C	30	6.800	18.400	0.167
HBPP_08000107_06240.C	30	6.800	18.400	0.167
HBPP_08000107_06240.C	30	6.800	18.400	0.168
HBPP_08000107_06240.C	30	6.800	18.400	0.167
HBPP_08000107_06240.C	30	6.800	18.400	0.169
HBPP_08000107_06240.C	30	6.800	18.400	0.169
HBPP_08005006_08620.C	29	6.400	17.700	0.148
HBPP_08005006_08620.C	28	7.200	17.600	0.149
HBPP_08005006_08620.C	28	7.200	17.600	0.144
HBPP_08005006_08620.C	28	6.600	17.300	0.148
HBPP_08005006_08620.C	28	7.000	17.500	0.147
HBPP_08005006_08620.C	29	6.400	17.700	0.148
HBPP_08005006_08620.C	29	6.000	17.500	0.145
HBPP_08005006_08620.C	28	7.000	17.500	0.148
HBPP_08005006_08620.C	28	6.400	17.200	0.145
HBPP_08005006_08620.C	28	7.400	17.700	0.145
HBPP_08005007_03940.C	31	7.000	19.000	0.155
HBPP_08005007_03940.C	32	6.400	19.200	0.155
HBPP_08005007_03940.C	30	7.200	18.600	0.153
HBPP_08005007_03940.C	32	6.400	19.200	0.153
HBPP_08005007_03940.C	32	6.400	19.200	0.156
HBPP_08005007_03940.C	31	6.400	18.700	0.156
HBPP_08005007_03940.C	32	6.400	19.200	0.158
HBPP_08005007_03940.C	31	6.400	18.700	0.153
HBPP_08005007_03940.C	32	6.400	19.200	0.155
HBPP_08005007_03940.C	32	6.400	19.200	0.155
HBPP_10000107_05080.C	40	7.000	23.500	0.284
HBPP_10000107_05080.C	40	7.000	23.500	0.285
HBPP_10000107_05080.C	40	7.200	23.600	0.282
HBPP_10000107_05080.C	40	7.200	23.600	0.287
HBPP_10000107_05080.C	40	7.200	23.600	0.286
HBPP_10000107_05080.C	40	7.200	23.600	0.284
HBPP_10000107_05080.C	40	7.200	23.600	0.283
HBPP_10000107_05080.C	40	7.000	23.500	0.285
HBPP_10000107_05080.C	40	7.200	23.600	0.284
HBPP_10000107_05080.C	40	7.200	23.600	0.286
HBPP_10000107_07330.C	38	4.800	21.400	0.269
HBPP_10000107_07330.C	38	4.800	21.400	0.274
HBPP_10000107_07330.C	38	4.800	21.400	0.269
HBPP_10000107_07330.C	38	4.800	21.400	0.275
HBPP_10000107_07330.C	38	4.800	21.400	0.271
HBPP_10000107_07330.C	38	4.800	21.400	0.275
HBPP_10000107_07330.C	38	4.800	21.400	0.272
HBPP_10000107_07330.C	38	4.800	21.400	0.274
HBPP_10000107_07330.C	38	4.800	21.400	0.272
HBPP_10000107_07330.C	38	4.800	21.400	0.268
HBPP_10000108_02570.C	42	7.200	24.600	0.295
HBPP_10000108_02570.C	42	6.800	24.400	0.295
HBPP_10000108_02570.C	42	7.800	24.900	0.291
HBPP_10000108_02570.C	42	7.400	24.700	0.293
HBPP_10000108_02570.C	42	7.800	24.900	0.293
HBPP_10000108_02570.C	43	7.200	25.100	0.292
HBPP_10000108_02570.C	42	6.200	24.100	0.292
HBPP_10000108_02570.C	42	6.600	24.300	0.293
HBPP_10000108_02570.C	42	7.800	24.900	0.293
HBPP_10000108_02570.C	42	7.200	24.600	0.295
HBPP_10015007_04640.C	49	6.600	27.800	0.315
HBPP_10015007_04640.C	48	5.600	26.800	0.328
HBPP_10015007_04640.C	48	5.600	26.800	0.310
HBPP_10015007_04640.C	48	5.600	26.800	0.334
HBPP_10015007_04640.C	49	6.600	27.800	0.310
HBPP_10015007_04640.C	49	6.600	27.800	0.331
HBPP_10015007_04640.C	49	6.600	27.800	0.327
HBPP_10015007_04640.C	49	6.600	27.800	0.324
HBPP_10015007_04640.C	49	6.600	27.800	0.320
HBPP_10015007_04640.C	49	6.600	27.800	0.338
HBPP_12000107_08940.C	49	7.600	28.300	0.451
HBPP_12000107_08940.C	49	7.600	28.300	0.450
HBPP_12000107_08940.C	49	7.600	28.300	0.451
HBPP_12000107_08940.C	49	7.600	28.300	0.453
HBPP_12000107_08940.C	49	7.600	28.300	0.449
HBPP_12000107_08940.C	49	7.600	28.300	0.458
HBPP_12000107_08940.C	49	7.600	28.300	0.457
HBPP_12000107_08940.C	49	7.600	28.300	0.452
HBPP_12000107_08940.C	49	7.600	28.300	0.448
HBPP_12000107_08940.C	49	7.600	28.300	0.450
HBPP_12000108_00350.C	48	4.200	26.100	0.456
HBPP_12000108_00350.C	48	4.200	26.100	0.442
HBPP_12000108_00350.C	48	4.200	26.100	0.452
HBPP_12000108_00350.C	47	5.200	26.100	0.442
HBPP_12000108_00350.C	48	4.200	26.100	0.446
HBPP_12000108_00350.C	48	4.200	26.100	0.447
HBPP_12000108_00350.C	48	4.200	26.100	0.450
HBPP_12000108_00350.C	48	4.200	26.100	0.444
HBPP_12000108_00350.C	48	4.200	26.100	0.454
HBPP_12000108_00350.C	48	4.200	26.100	0.449
HBPP_12000109_09170.C	61	5.800	33.400	0.531
HBPP_12000109_09170.C	62	6.200	34.100	0.529
HBPP_12000109_09170.C	62	6.200	34.100	0.537
HBPP_12000109_09170.C	62	6.200	34.100	0.528
HBPP_12000109_09170.C	62	6.200	34.100	0.525
HBPP_12000109_09170.C	62	6.200	34.100	0.527
HBPP_12000109_09170.C	61	6.600	33.800	0.526
HBPP_12000109_09170.C	62	6.000	34.000	0.529
HBPP_12000109_09170.C	62	6.200	34.100	0.526
HBPP_12000109_09170.C	62	6.200	34.100	0.528
HBPP_12000110_06550.C	65	7.000	36.000	0.558
HBPP_12000110_06550.C	66	8.000	37.000	0.577
HBPP_12000110_06550.C	65	7.000	36.000	0.567
HBPP_12000110_06550.C	65	6.800	35.900	0.563
HBPP_12000110_06550.C	66	7.800	36.900	0.580
HBPP_12000110_06550.C	65	8.000	36.500	0.566
HBPP_12000110_06550.C	65	9.400	37.200	0.571
HBPP_12000110_06550.C	66	8.000	37.000	0.560
HBPP_12000110_06550.C	66	7.800	36.900	0.558
HBPP_12000110_06550.C	66	8.000	37.000	0.573
HBPP_12005007_01380.C	57	7.400	32.200	0.499
HBPP_12005007_01380.C	57	8.000	32.500	0.498
HBPP_12005007_01380.C	56	7.400	31.700	0.501
HBPP_12005007_01380.C	57	7.400	32.200	0.491
HBPP_12005007_01380.C	57	7.000	32.000	0.498
HBPP_12005007_01380.C	57	7.400	32.200	0.494
HBPP_12005007_01380.C	57	8.200	32.600	0.494
HBPP_12005007_01380.C	56	7.400	31.700	0.502
HBPP_12005007_01380.C	57	8.600	32.800	0.506
HBPP_12005007_01380.C	56	9.000	32.500	0.488
HBPP_12005007_01800.C	48	6.800	27.400	0.447
HBPP_12005007_01800.C	48	6.800	27.400	0.442
HBPP_12005007_01800.C	48	6.800	27.400	0.443
HBPP_12005007_01800.C	48	6.800	27.400	0.448
HBPP_12005007_01800.C	48	6.800	27.400	0.440
HBPP_12005007_01800.C	48	6.800	27.400	0.442
HBPP_12005007_01800.C	48	6.800	27.400	0.441
HBPP_12005007_01800.C	48	6.800	27.400	0.446
HBPP_12005007_01800.C	47	7.800	27.400	0.480
HBPP_12005007_01800.C	48	6.800	27.400	0.443
HBPP_12005007_03240.C	47	5.200	26.100	0.431
HBPP_12005007_03240.C	47	5.200	26.100	0.423
HBPP_12005007_03240.C	47	5.200	26.100	0.423
HBPP_12005007_03240.C	47	5.200	26.100	0.450
HBPP_12005007_03240.C	47	5.200	26.100	0.422
HBPP_12005007_03240.C	47	5.200	26.100	0.419
HBPP_12005007_03240.C	47	5.200	26.100	0.428
HBPP_12005007_03240.C	47	5.200	26.100	0.432
HBPP_12005007_03240.C	47	5.200	26.100	0.423
HBPP_12005007_03240.C	47	5.200	26.100	0.433
HBPP_12005008_04500.C	60	8.400	34.200	0.534
HBPP_12005008_04500.C	59	9.000	34.000	0.528
HBPP_12005008_04500.C	61	9.200	35.100	0.533
HBPP_12005008_04500.C	61	9.200	35.100	0.529
HBPP_12005008_04500.C	61	9.200	35.100	0.528
HBPP_12005008_04500.C	61	9.200	35.100	0.539
HBPP_12005008_04500.C	61	9.200	35.100	0.519
HBPP_12005008_04500.C	59	9.600	34.300	0.550
HBPP_12005008_04500.C	61	9.200	35.100	0.526
HBPP_12005008_04500.C	61	9.200	35.100	0.530
HBPP_12015007_01650.C	58	7.800	32.900	0.485
HBPP_12015007_01650.C	58	7.800	32.900	0.484
HBPP_12015007_01650.C	58	7.800	32.900	0.488
HBPP_12015007_01650.C	58	7.800	32.900	0.492
HBPP_12015007_01650.C	57	7.600	32.300	0.481
HBPP_12015007_01650.C	57	8.800	32.900	0.481
HBPP_12015007_01650.C	57	8.200	32.600	0.488
HBPP_12015007_01650.C	58	7.800	32.900	0.499
HBPP_12015007_01650.C	58	7.800	32.900	0.482
HBPP_12015007_01650.C	58	7.800	32.900	0.490
HBPP_12015009_07400.C	66	10.000	38.000	0.537
HBPP_12015009_07400.C	66	10.000	38.000	0.537
HBPP_12015009_07400.C	66	10.000	38.000	0.556
HBPP_12015009_07400.C	66	10.000	38.000	0.538
HBPP_12015009_07400.C	66	10.000	38.000	0.558
HBPP_12015009_07400.C	66	10.000	38.000	0.544
HBPP_12015009_07400.C	66	10.000	38.000	0.541
HBPP_12015009_07400.C	66	10.000	38.000	0.543
HBPP_12015009_07400.C	66	10.000	38.000	0.569
HBPP_12015009_07400.C	66	10.000	38.000	0.551
HBPP_14005010_04470.C	86	13.600	49.800	0.865
HBPP_14005010_04470.C	86	12.600	49.300	0.881
HBPP_14005010_04470.C	86	13.200	49.600	0.878
HBPP_14005010_04470.C	86	13.600	49.800	0.879
HBPP_14005010_04470.C	85	13.800	49.400	0.869
HBPP_14005010_04470.C	86	13.600	49.800	0.889
HBPP_14005010_04470.C	85	13.400	49.200	0.882
HBPP_14005010_04470.C	86	13.600	49.800	0.899
HBPP_14005010_04470.C	85	12.600	48.800	0.878
HBPP_14005010_04470.C	84	13.400	48.700	0.882
HBPP_14015007_01210.C	69	8.800	38.900	0.753
HBPP_14015007_01210.C	69	8.800	38.900	0.726
HBPP_14015007_01210.C	69	8.800	38.900	0.729
HBPP_14015007_01210.C	69	8.800	38.900	0.726
HBPP_14015007_01210.C	69	8.800	38.900	0.728
HBPP_14015007_01210.C	69	8.800	38.900	0.716
HBPP_14015007_01210.C	69	8.800	38.900	0.722
HBPP_14015007_01210.C	69	8.800	38.900	0.748
HBPP_14015007_01210.C	69	8.800	38.900	0.718
HBPP_14015007_01210.C	69	8.800	38.900	0.724
HBPP_14015008_03730.C	71	8.800	39.900	0.751
HBPP_14015008_03730.C	71	8.800	39.900	0.764
HBPP_14015008_03730.C	71	8.800	39.900	0.786
HBPP_14015008_03730.C	71	8.800	39.900	0.751
HBPP_14015008_03730.C	71	8.800	39.900	0.757
HBPP_14015008_03730.C	71	8.800	39.900	0.758
HBPP_14015008_03730.C	71	8.800	39.900	0.748
HBPP_14015008_03730.C	71	8.800	39.900	0.750
HBPP_14015008_03730.C	71	8.800	39.900	0.755
HBPP_14015008_03730.C	71	8.800	39.900	0.769
HBPP_16000107_00140.C	67	15.800	41.400	1.064
HBPP_16000107_00140.C	68	16.800	42.400	1.092
HBPP_16000107_00140.C	68	16.800	42.400	1.080
HBPP_16000107_00140.C	67	15.800	41.400	1.129
HBPP_16000107_00140.C	67	16.000	41.500	1.061
HBPP_16000107_00140.C	68	16.800	42.400	1.068
HBPP_16000107_00140.C	68	16.800	42.400	1.062
HBPP_16000107_00140.C	67	17.000	42.000	1.074
HBPP_16000107_00140.C	67	15.800	41.400	1.136
HBPP_16000107_00140.C	68	16.800	42.400	1.058
HBPP_16000108_01490.C	74	14.400	44.200	1.115
HBPP_16000108_01490.C	74	14.400	44.200	1.133
HBPP_16000108_01490.C	74	14.400	44.200	1.122
HBPP_16000108_01490.C	74	14.400	44.200	1.106
HBPP_16000108_01490.C	74	14.400	44.200	1.091
HBPP_16000108_01490.C	74	14.400	44.200	1.137
HBPP_16000108_01490.C	73	14.600	43.800	1.109
HBPP_16000108_01490.C	74	14.400	44.200	1.096
HBPP_16000108_01490.C	74	14.400	44.200	1.116
HBPP_16000108_01490.C	74	14.400	44.200	1.144
HBPP_16000110_02790.C	90	18.600	54.300	1.235
HBPP_16000110_02790.C	91	18.200	54.600	1.242
HBPP_16000110_02790.C	90	17.200	53.600	1.233
HBPP_16000110_02790.C	91	18.200	54.600	1.218
HBPP_16000110_02790.C	91	18.200	54.600	1.225
HBPP_16000110_02790.C	91	18.200	54.600	1.230
HBPP_16000110_02790.C	91	18.200	54.600	1.241
HBPP_16000110_02790.C	91	18.200	54.600	1.232
HBPP_16000110_02790.C	91	18.200	54.600	1.262
HBPP_16000110_02790.C	91	18.200	54.600	1.224
HBPP_16005009_00010.C	84	15.200	49.600	1.154
HBPP_16005009_00010.C	84	15.200	49.600	1.124
HBPP_16005009_00010.C	84	15.000	49.500	1.114
HBPP_16005009_00010.C	84	15.200	49.600	1.113
HBPP_16005009_00010.C	84	15.200	49.600	1.107
HBPP_16005009_00010.C	84	15.200	49.600	1.093
HBPP_16005009_00010.C	84	15.000	49.500	1.114
HBPP_16005009_00010.C	84	15.200	49.600	1.151
HBPP_16005009_00010.C	84	15.200	49.600	1.157
HBPP_16005009_00010.C	84	15.200	49.600	1.114
HBPP_16005009_01610.C	87	13.800	50.400	1.150
HBPP_16005009_01610.C	87	13.800	50.400	1.127
HBPP_16005009_01610.C	87	13.800	50.400	1.174
HBPP_16005009_01610.C	87	13.800	50.400	1.138
HBPP_16005009_01610.C	87	13.800	50.400	1.135
HBPP_16005009_01610.C	87	13.800	50.400	1.129
HBPP_16005009_01610.C	87	13.800	50.400	1.148
HBPP_16005009_01610.C	87	13.800	50.400	1.204
HBPP_16005009_01610.C	87	13.800	50.400	1.131
HBPP_16005009_01610.C	87	13.800	50.400	1.132
HBPP_16015007_02060.C	81	12.400	46.700	1.074
HBPP_16015007_02060.C	81	12.400	46.700	1.067
HBPP_16015007_02060.C	81	12.400	46.700	1.071
HBPP_16015007_02060.C	81	12.400	46.700	1.079
HBPP_16015007_02060.C	81	12.400	46.700	1.099
HBPP_16015007_02060.C	81	12.400	46.700	1.094
HBPP_16015007_02060.C	81	12.400	46.700	1.081
HBPP_16015007_02060.C	81	12.400	46.700	1.081
HBPP_16015007_02060.C	81	12.400	46.700	1.090
HBPP_16015007_02060.C	81	12.400	46.700	1.113
HBPP_16015009_09810.C	92	15.400	53.700	1.214
HBPP_16015009_09810.C	92	15.400	53.700	1.159
HBPP_16015009_09810.C	91	14.400	52.700	1.186
HBPP_16015009_09810.C	92	15.400	53.700	1.158
HBPP_16015009_09810.C	92	15.400	53.700	1.170
HBPP_16015009_09810.C	92	15.400	53.700	1.181
HBPP_16015009_09810.C	92	15.400	53.700	1.186
HBPP_16015009_09810.C	91	15.800	53.400	1.157
HBPP_16015009_09810.C	92	15.400	53.700	1.181
HBPP_16015009_09810.C	92	15.400	53.700	1.204
HBPP_18000108_03590.C	86	11.200	48.600	1.487
HBPP_18000108_03590.C	85	10.600	47.800	1.508
HBPP_18000108_03590.C	86	11.200	48.600	1.430
HBPP_18000108_03590.C	86	11.200	48.600	1.477
HBPP_18000108_03590.C	85	11.400	48.200	1.485
HBPP_18000108_03590.C	86	11.200	48.600	1.511
HBPP_18000108_03590.C	85	10.600	47.800	1.480
HBPP_18000108_03590.C	86	11.200	48.600	1.438
HBPP_18000108_03590.C	85	10.600	47.800	1.449
HBPP_18000108_03590.C	86	11.200	48.600	1.465
HBPP_18000108_07160.C	84	11.800	47.900	1.447
HBPP_18000108_07160.C	84	11.800	47.900	1.537
HBPP_18000108_07160.C	84	11.800	47.900	1.512
HBPP_18000108_07160.C	83	10.800	46.900	1.510
HBPP_18000108_07160.C	84	11.800	47.900	1.450
HBPP_18000108_07160.C	84	11.800	47.900	1.515
HBPP_18000108_07160.C	84	11.800	47.900	1.447
HBPP_18000108_07160.C	84	11.800	47.900	1.468
HBPP_18000108_07160.C	84	11.800	47.900	1.451
HBPP_18000108_07160.C	84	11.800	47.900	1.468
HBPP_18000110_04390.C	94	9.800	51.900	1.587
HBPP_18000110_04390.C	94	9.800	51.900	1.571
HBPP_18000110_04390.C	94	9.800	51.900	1.561
HBPP_18000110_04390.C	94	9.800	51.900	1.564
HBPP_18000110_04390.C	94	9.800	51.900	1.576
HBPP_18000110_04390.C	94	9.800	51.900	1.567
HBPP_18000110_04390.C	94	9.800	51.900	1.616
HBPP_18000110_04390.C	94	9.800	51.900	1.573
HBPP_18000110_04390.C	94	9.800	51.900	1.571
HBPP_18000110_04390.C	94	9.800	51.900	1.585
HBPP_18015008_08210.C	96	18.200	57.100	1.574
HBPP_18015008_08210.C	97	19.200	58.100	1.549
HBPP_18015008_08210.C	97	19.200	58.100	1.542
HBPP_18015008_08210.C	96	18.200	57.100	1.573
HBPP_18015008_08210.C	97	19.200	58.100	1.577
HBPP_18015008_08210.C	96	18.400	57.200	1.589
HBPP_18015008_08210.C	97	19.200	58.100	1.601
HBPP_18015008_08210.C	96	18.200	57.100	1.546
HBPP_18015008_08210.C	97	19.200	58.100	1.575
HBPP_18015008_08210.C	97	19.200	58.100	1.575
HBPP_18015010_06050.C	114	13.400	63.700	1.783
HBPP_18015010_06050.C	114	13.400	63.700	1.821
HBPP_18015010_06050.C	114	13.400	63.700	1.761
HBPP_18015010_06050.C	114	13.200	63.600	1.757
HBPP_18015010_06050.C	114	13.400	63.700	1.784
HBPP_18015010_06050.C	114	13.400	63.700	1.771
HBPP_18015010_06050.C	114	13.400	63.700	1.775
HBPP_18015010_06050.C	114	13.400	63.700	1.773
HBPP_18015010_06050.C	114	13.400	63.700	1.821
HBPP_18015010_06050.C	114	13.400	63.700	1.780
HBPP_20000107_01190.C	84	8.000	46.000	1.757
HBPP_20000107_01190.C	84	8.000	46.000	1.768
HBPP_20000107_01190.C	84	8.000	46.000	1.721
HBPP_20000107_01190.C	84	8.000	46.000	1.705
HBPP_20000107_01190.C	84	8.000	46.000	1.761
HBPP_20000107_01190.C	84	8.000	46.000	1.731
HBPP_20000107_01190.C	84	8.000	46.000	1.736
HBPP_20000107_01190.C	84	8.000	46.000	1.731
HBPP_20000107_01190.C	84	8.000	46.000	1.851
HBPP_20000107_01190.C	84	8.000	46.000	1.798
HBPP_20000108_00250.C	85	15.800	50.400	1.795
HBPP_20000108_00250.C	84	16.400	50.200	1.807
HBPP_20000108_00250.C	85	15.800	50.400	1.801
HBPP_20000108_00250.C	85	15.800	50.400	1.792
HBPP_20000108_00250.C	85	15.800	50.400	1.800
HBPP_20000108_00250.C	85	15.800	50.400	1.817
HBPP_20000108_00250.C	83	16.000	49.500	1.823
HBPP_20000108_00250.C	85	15.800	50.400	1.840
HBPP_20000108_00250.C	85	15.800	50.400	1.829
HBPP_20000108_00250.C	85	15.800	50.400	1.813
HBPP_20000108_01750.C	95	16.200	55.600	1.989
HBPP_20000108_01750.C	96	17.000	56.500	2.046
HBPP_20000108_01750.C	95	17.200	56.100	1.947
HBPP_20000108_01750.C	95	16.000	55.500	1.960
HBPP_20000108_01750.C	96	17.000	56.500	1.986
HBPP_20000108_01750.C	95	17.200	56.100	1.968
HBPP_20000108_01750.C	95	16.000	55.500	1.987
HBPP_20000108_01750.C	96	17.000	56.500	1.953
HBPP_20000108_01750.C	96	17.000	56.500	2.059
HBPP_20000108_01750.C	96	17.000	56.500	1.984
HBPP_20005008_01240.C	94	13.600	53.800	1.945
HBPP_20005008_01240.C	94	13.600	53.800	1.948
HBPP_20005008_01240.C	94	13.600	53.800	1.907
HBPP_20005008_01240.C	94	13.600	53.800	1.909
HBPP_20005008_01240.C	94	13.600	53.800	1.960
HBPP_20005008_01240.C	94	13.600	53.800	1.914
HBPP_20005008_01240.C	94	13.600	53.800	1.924
HBPP_20005008_01240.C	94	13.400	53.700	1.913
HBPP_20005008_01240.C	94	13.600	53.800	1.907
HBPP_20005008_01240.C	94	13.600	53.800	1.904
HBPP_20005009_02000.C	105	15.200	60.100	2.001
HBPP_20005009_02000.C	105	15.200	60.100	1.982
HBPP_20005009_02000.C	105	15.200	60.100	1.993
HBPP_20005009_02000.C	105	15.200	60.100	2.003
HBPP_20005009_02000.C	105	15.200	60.100	2.011
HBPP_20005009_02000.C	104	15.600	59.800	1.982
HBPP_20005009_02000.C	104	15.600	59.800	2.001
HBPP_20005009_02000.C	104	15.400	59.700	1.986
HBPP_20005009_02000.C	102	18.000	60.000	1.989
HBPP_20005009_02000.C	104	14.200	59.100	2.016
HBPP_20005010_09530.C	112	12.200	62.100	2.138
HBPP_20005010_09530.C	112	12.200	62.100	2.173
HBPP_20005010_09530.C	112	12.200	62.100	2.145
HBPP_20005010_09530.C	111	11.200	61.100	2.141
HBPP_20005010_09530.C	111	11.200	61.100	2.156
HBPP_20005010_09530.C	111	11.200	61.100	2.128
HBPP_20005010_09530.C	111	11.200	61.100	2.138
HBPP_20005010_09530.C	112	12.200	62.100	2.125
HBPP_20005010_09530.C	111	12.400	61.700	2.152
HBPP_20005010_09530.C	112	12.200	62.100	2.145
HBPP_20015007_06370.C	91	11.400	51.200	1.749
HBPP_20015007_06370.C	91	11.400	51.200	1.730
HBPP_20015007_06370.C	91	11.400	51.200	1.717
HBPP_20015007_06370.C	91	11.400	51.200	1.722
HBPP_20015007_06370.C	91	11.400	51.200	1.719
HBPP_20015007_06370.C	91	11.400	51.200	1.717
HBPP_20015007_06370.C	91	11.400	51.200	1.715
HBPP_20015007_06370.C	91	11.400	51.200	1.740
HBPP_20015007_06370.C	91	11.400	51.200	1.720
HBPP_20015007_06370.C	91	11.400	51.200	1.734
HBPP_20015009_02720.C	121	20.600	70.800	2.344
HBPP_20015009_02720.C	121	20.600	70.800	2.321
HBPP_20015009_02720.C	121	20.600	70.800	2.319
HBPP_20015009_02720.C	121	20.600	70.800	2.317
HBPP_20015009_02720.C	121	20.600	70.800	2.314
HBPP_20015009_02720.C	121	20.600	70.800	2.302
HBPP_20015009_02720.C	121	20.600	70.800	2.286
HBPP_20015009_02720.C	121	20.600	70.800	2.291
HBPP_20015009_02720.C	121	20.600	70.800	2.288
HBPP_20015009_02720.C	121	20.600	70.800	2.295
BPP_100_1000_0.1_0.8_0.C	50	0.800	25.400	0.325
BPP_100_1000_0.1_0.8_0.C	48	2.800	25.400	0.329
BPP_100_1000_0.1_0.8_0.C	51	1.200	26.100	0.333
BPP_100_1000_0.1_0.8_0.C	50	1.400	25.700	0.329
BPP_100_1000_0.1_0.8_0.C	51	1.200	26.100	0.332
BPP_100_1000_0.1_0.8_0.C	49	2.600	25.800	0.325
BPP_100_1000_0.1_0.8_0.C	49	3.000	26.000	0.336
BPP_100_1000_0.1_0.8_0.C	50	1.200	25.600	0.334
BPP_100_1000_0.1_0.8_0.C	51	1.000	26.000	0.333
BPP_100_1000_0.1_0.8_0.C	49	2.000	25.500	0.333
BPP_100_1000_0.1_0.8_1.C	48	3.200	25.600	0.328
BPP_100_1000_0.1_0.8_1.C	50	1.800	25.900	0.333
BPP_100_1000_0.1_0.8_1.C	50	1.800	25.900	0.331
BPP_100_1000_0.1_0.8_1.C	50	1.800	25.900	0.331
BPP_100_1000_0.1_0.8_1.C	49	2.200	25.600	0.335
BPP_100_1000_0.1_0.8_1.C	48	1.600	24.800	0.337
BPP_100_1000_0.1_0.8_1.C	50	1.800	25.900	0.327
BPP_100_1000_0.1_0.8_1.C	50	1.800	25.900	0.331
BPP_100_1000_0.1_0.8_1.C	49	2.200	25.600	0.332
BPP_100_1000_0.1_0.8_1.C	50	1.800	25.900	0.328
BPP_100_1000_0.1_0.8_2.C	48	3.200	25.600	0.333
BPP_100_1000_0.1_0.8_2.C	48	3.200	25.600	0.336
BPP_100_1000_0.1_0.8_2.C	48	3.200	25.600	0.338
BPP_100_1000_0.1_0.8_2.C	48	3.200	25.600	0.340
BPP_100_1000_0.1_0.8_2.C	48	3.200	25.600	0.339
BPP_100_1000_0.1_0.8_2.C	48	3.200	25.600	0.337
BPP_100_1000_0.1_0.8_2.C	48	3.200	25.600	0.346
BPP_100_1000_0.1_0.8_2.C	48	3.200	25.600	0.338
BPP_100_1000_0.1_0.8_2.C	48	3.200	25.600	0.335
BPP_100_1000_0.1_0.8_2.C	48	3.200	25.600	0.343
BPP_100_1000_0.1_0.8_3.C	48	1.600	24.800	0.326
BPP_100_1000_0.1_0.8_3.C	48	1.600	24.800	0.321
BPP_100_1000_0.1_0.8_3.C	48	1.600	24.800	0.319
BPP_100_1000_0.1_0.8_3.C	48	1.600	24.800	0.323
BPP_100_1000_0.1_0.8_3.C	48	1.600	24.800	0.321
BPP_100_1000_0.1_0.8_3.C	48	1.600	24.800	0.324
BPP_100_1000_0.1_0.8_3.C	48	1.600	24.800	0.320
BPP_100_1000_0.1_0.8_3.C	48	1.600	24.800	0.321
BPP_100_1000_0.1_0.8_3.C	48	1.600	24.800	0.321
BPP_100_1000_0.1_0.8_3.C	48	1.600	24.800	0.324
BPP_100_1000_0.1_0.8_4.C	49	1.200	25.100	0.333
BPP_100_1000_0.1_0.8_4.C	49	1.200	25.100	0.342
BPP_100_1000_0.1_0.8_4.C	49	1.200	25.100	0.328
BPP_100_1000_0.1_0.8_4.C	49	1.200	25.100	0.328
BPP_100_1000_0.1_0.8_4.C	49	1.200	25.100	0.321
BPP_100_1000_0.1_0.8_4.C	49	1.200	25.100	0.330
BPP_100_1000_0.1_0.8_4.C	49	1.200	25.100	0.318
BPP_100_1000_0.1_0.8_4.C	49	1.200	25.100	0.321
BPP_100_1000_0.1_0.8_4.C	49	1.200	25.100	0.320
BPP_100_1000_0.1_0.8_4.C	49	1.200	25.100	0.317
BPP_100_1000_0.1_0.8_5.C	49	6.200	27.600	0.327
BPP_100_1000_0.1_0.8_5.C	50	6.200	28.100	0.328
BPP_100_1000_0.1_0.8_5.C	49	6.200	27.600	0.317
BPP_100_1000_0.1_0.8_5.C	50	6.000	28.000	0.319
BPP_100_1000_0.1_0.8_5.C	49	6.200	27.600	0.318
BPP_100_1000_0.1_0.8_5.C	50	5.800	27.900	0.326
BPP_100_1000_0.1_0.8_5.C	49	6.000	27.500	0.325
BPP_100_1000_0.1_0.8_5.C	49	6.200	27.600	0.315
BPP_100_1000_0.1_0.8_5.C	49	6.000	27.500	0.324
BPP_100_1000_0.1_0.8_5.C	50	5.800	27.900	0.324
BPP_100_1000_0.1_0.8_6.C	47	4.000	25.500	0.321
BPP_100_1000_0.1_0.8_6.C	49	3.200	26.100	0.317
BPP_100_1000_0.1_0.8_6.C	49	3.200	26.100	0.309
BPP_100_1000_0.1_0.8_6.C	48	3.800	25.900	0.319
BPP_100_1000_0.1_0.8_6.C	48	3.600	25.800	0.318
BPP_100_1000_0.1_0.8_6.C	49	3.200	26.100	0.324
BPP_100_1000_0.1_0.8_6.C	49	3.200	26.100	0.320
BPP_100_1000_0.1_0.8_6.C	48	3.600	25.800	0.320
BPP_100_1000_0.1_0.8_6.C	49	3.200	26.100	0.317
BPP_100_1000_0.1_0.8_6.C	49	3.200	26.100	0.319
BPP_100_1000_0.1_0.8_7.C	50	2.800	26.400	0.343
BPP_100_1000_0.1_0.8_7.C	49	3.600	26.300	0.334
BPP_100_1000_0.1_0.8_7.C	49	2.800	25.900	0.335
BPP_100_1000_0.1_0.8_7.C	50	2.800	26.400	0.341
BPP_100_1000_0.1_0.8_7.C	49	2.400	25.700	0.343
BPP_100_1000_0.1_0.8_7.C	49	3.000	26.000	0.339
BPP_100_1000_0.1_0.8_7.C	49	2.800	25.900	0.346
BPP_100_1000_0.1_0.8_7.C	50	2.800	26.400	0.342
BPP_100_1000_0.1_0.8_7.C	50	2.600	26.300	0.337
BPP_100_1000_0.1_0.8_7.C	50	2.600	26.300	0.338
BPP_100_1000_0.1_0.8_8.C	55	3.000	29.000	0.355
BPP_100_1000_0.1_0.8_8.C	54	3.600	28.800	0.355
BPP_100_1000_0.1_0.8_8.C	54	4.400	29.200	0.352
BPP_100_1000_0.1_0.8_8.C	53	4.600	28.800	0.357
BPP_100_1000_0.1_0.8_8.C	54	3.400	28.700	0.362
BPP_100_1000_0.1_0.8_8.C	53	3.400	28.200	0.355
BPP_100_1000_0.1_0.8_8.C	54	2.600	28.300	0.359
BPP_100_1000_0.1_0.8_8.C	56	1.600	28.800	0.358
BPP_100_1000_0.1_0.8_8.C	55	3.600	29.300	0.362
BPP_100_1000_0.1_0.8_8.C	54	3.800	28.900	0.362
BPP_100_1000_0.1_0.8_9.C	47	2.600	24.800	0.321
BPP_100_1000_0.1_0.8_9.C	47	2.600	24.800	0.316
BPP_100_1000_0.1_0.8_9.C	47	2.600	24.800	0.323
BPP_100_1000_0.1_0.8_9.C	47	2.600	24.800	0.319
BPP_100_1000_0.1_0.8_9.C	47	2.600	24.800	0.318
BPP_100_1000_0.1_0.8_9.C	47	2.600	24.800	0.319
BPP_100_1000_0.1_0.8_9.C	47	2.600	24.800	0.311
BPP_100_1000_0.1_0.8_9.C	47	2.600	24.800	0.314
BPP_100_1000_0.1_0.8_9.C	47	2.600	24.800	0.318
BPP_100_1000_0.1_0.8_9.C	46	3.400	24.700	0.320
BPP_100_100_0.1_0.8_0.C	51	4.200	27.600	0.351
BPP_100_100_0.1_0.8_0.C	51	4.200	27.600	0.344
BPP_100_100_0.1_0.8_0.C	51	4.200	27.600	0.348
BPP_100_100_0.1_0.8_0.C	51	4.200	27.600	0.346
BPP_100_100_0.1_0.8_0.C	51	4.200	27.600	0.343
BPP_100_100_0.1_0.8_0.C	51	4.200	27.600	0.350
BPP_100_100_0.1_0.8_0.C	51	4.200	27.600	0.350
BPP_100_100_0.1_0.8_0.C	51	4.200	27.600	0.344
BPP_100_100_0.1_0.8_0.C	51	4.200	27.600	0.350
BPP_100_100_0.1_0.8_0.C	51	4.200	27.600	0.347
BPP_100_100_0.1_0.8_1.C	51	2.800	26.900	0.359
BPP_100_100_0.1_0.8_1.C	51	2.800	26.900	0.353
BPP_100_100_0.1_0.8_1.C	51	2.800	26.900	0.366
BPP_100_100_0.1_0.8_1.C	51	2.800	26.900	0.350
BPP_100_100_0.1_0.8_1.C	51	2.800	26.900	0.352
BPP_100_100_0.1_0.8_1.C	51	2.800	26.900	0.353
BPP_100_100_0.1_0.8_1.C	51	2.800	26.900	0.352
BPP_100_100_0.1_0.8_1.C	51	2.800	26.900	0.365
BPP_100_100_0.1_0.8_1.C	51	2.800	26.900	0.350
BPP_100_100_0.1_0.8_1.C	51	2.800	26.900	0.351
BPP_100_100_0.1_0.8_2.C	46	3.600	24.800	0.308
BPP_100_100_0.1_0.8_2.C	46	5.400	25.700	0.313
BPP_100_100_0.1_0.8_2.C	46	3.800	24.900	0.308
BPP_100_100_0.1_0.8_2.C	45	4.000	24.500	0.318
BPP_100_100_0.1_0.8_2.C	46	4.200	25.100	0.321
BPP_100_100_0.1_0.8_2.C	47	5.000	26.000	0.316
BPP_100_100_0.1_0.8_2.C	46	4.200	25.100	0.319
BPP_100_100_0.1_0.8_2.C	46	4.600	25.300	0.317
BPP_100_100_0.1_0.8_2.C	46	4.800	25.400	0.320
BPP_100_100_0.1_0.8_2.C	47	4.600	25.800	0.314
BPP_100_100_0.1_0.8_3.C	53	4.600	28.800	0.371
BPP_100_100_0.1_0.8_3.C	53	4.600	28.800	0.357
BPP_100_100_0.1_0.8_3.C	53	4.600	28.800	0.354
BPP_100_100_0.1_0.8_3.C	53	4.600	28.800	0.360
BPP_100_100_0.1_0.8_3.C	53	4.600	28.800	0.361
BPP_100_100_0.1_0.8_3.C	52	5.400	28.700	0.360
BPP_100_100_0.1_0.8_3.C	53	4.600	28.800	0.357
BPP_100_100_0.1_0.8_3.C	53	4.600	28.800	0.359
BPP_100_100_0.1_0.8_3.C	53	4.600	28.800	0.361
BPP_100_100_0.1_0.8_3.C	52	4.800	28.400	0.357
BPP_100_100_0.1_0.8_4.C	59	1.800	30.400	0.390
BPP_100_100_0.1_0.8_4.C	59	2.000	30.500	0.389
BPP_100_100_0.1_0.8_4.C	59	1.600	30.300	0.388
BPP_100_100_0.1_0.8_4.C	60	1.200	30.600	0.384
BPP_100_100_0.1_0.8_4.C	59	1.400	30.200	0.395
BPP_100_100_0.1_0.8_4.C	60	1.000	30.500	0.388
BPP_100_100_0.1_0.8_4.C	60	1.200	30.600	0.393
BPP_100_100_0.1_0.8_4.C	59	1.800	30.400	0.387
BPP_100_100_0.1_0.8_4.C	59	1.400	30.200	0.391
BPP_100_100_0.1_0.8_4.C	60	1.200	30.600	0.389
BPP_100_100_0.1_0.8_5.C	54	2.000	28.000	0.362
BPP_100_100_0.1_0.8_5.C	54	2.000	28.000	0.357
BPP_100_100_0.1_0.8_5.C	54	2.000	28.000	0.360
BPP_100_100_0.1_0.8_5.C	54	2.000	28.000	0.362
BPP_100_100_0.1_0.8_5.C	54	2.000	28.000	0.370
BPP_100_100_0.1_0.8_5.C	54	2.000	28.000	0.358
BPP_100_100_0.1_0.8_5.C	54	1.800	27.900	0.364
BPP_100_100_0.1_0.8_5.C	54	2.000	28.000	0.361
BPP_100_100_0.1_0.8_5.C	54	1.800	27.900	0.368
BPP_100_100_0.1_0.8_5.C	54	2.000	28.000	0.362
BPP_100_100_0.1_0.8_6.C	49	1.200	25.100	0.338
BPP_100_100_0.1_0.8_6.C	49	1.200	25.100	0.337
BPP_100_100_0.1_0.8_6.C	49	1.200	25.100	0.340
BPP_100_100_0.1_0.8_6.C	49	1.200	25.100	0.340
BPP_100_100_0.1_0.8_6.C	49	1.200	25.100	0.343
BPP_100_100_0.1_0.8_6.C	49	1.200	25.100	0.343
BPP_100_100_0.1_0.8_6.C	49	1.200	25.100	0.339
BPP_100_100_0.1_0.8_6.C	49	1.200	25.100	0.343
BPP_100_100_0.1_0.8_6.C	49	1.200	25.100	0.342
BPP_100_100_0.1_0.8_6.C	49	1.200	25.100	0.344
BPP_100_100_0.1_0.8_7.C	51	2.400	26.700	0.329
BPP_100_100_0.1_0.8_7.C	53	0.800	26.900	0.331
BPP_100_100_0.1_0.8_7.C	51	1.800	26.400	0.329
BPP_100_100_0.1_0.8_7.C	53	0.800	26.900	0.330
BPP_100_100_0.1_0.8_7.C	51	2.400	26.700	0.334
BPP_100_100_0.1_0.8_7.C	51	2.600	26.800	0.333
BPP_100_100_0.1_0.8_7.C	53	0.800	26.900	0.333
BPP_100_100_0.1_0.8_7.C	52	1.000	26.500	0.327
BPP_100_100_0.1_0.8_7.C	51	1.600	26.300	0.330
BPP_100_100_0.1_0.8_7.C	53	0.800	26.900	0.335
BPP_100_100_0.1_0.8_8.C	48	0.800	24.400	0.338
BPP_100_100_0.1_0.8_8.C	48	0.800	24.400	0.337
BPP_100_100_0.1_0.8_8.C	48	0.800	24.400	0.336
BPP_100_100_0.1_0.8_8.C	48	0.800	24.400	0.338
BPP_100_100_0.1_0.8_8.C	48	0.800	24.400	0.334
BPP_100_100_0.1_0.8_8.C	48	0.800	24.400	0.335
BPP_100_100_0.1_0.8_8.C	48	0.800	24.400	0.337
BPP_100_100_0.1_0.8_8.C	48	0.800	24.400	0.334
BPP_100_100_0.1_0.8_8.C	48	0.800	24.400	0.335
BPP_100_100_0.1_0.8_8.C	48	0.800	24.400	0.339
BPP_100_100_0.1_0.8_9.C	51	0.800	25.900	0.346
BPP_100_100_0.1_0.8_9.C	51	1.000	26.000	0.345
BPP_100_100_0.1_0.8_9.C	51	1.000	26.000	0.344
BPP_100_100_0.1_0.8_9.C	51	1.000	26.000	0.346
BPP_100_100_0.1_0.8_9.C	50	1.800	25.900	0.343
BPP_100_100_0.1_0.8_9.C	51	1.000	26.000	0.345
BPP_100_100_0.1_0.8_9.C	51	1.000	26.000	0.344
BPP_100_100_0.1_0.8_9.C	51	1.000	26.000	0.344
BPP_100_100_0.1_0.8_9.C	51	1.000	26.000	0.356
BPP_100_100_0.1_0.8_9.C	51	1.000	26.000	0.349
BPP_100_120_0.1_0.8_0.C	47	6.600	26.800	0.321
BPP_100_120_0.1_0.8_0.C	48	5.600	26.800	0.321
BPP_100_120_0.1_0.8_0.C	47	6.200	26.600	0.318
BPP_100_120_0.1_0.8_0.C	47	7.000	27.000	0.317
BPP_100_120_0.1_0.8_0.C	48	6.200	27.100	0.315
BPP_100_120_0.1_0.8_0.C	47	7.000	27.000	0.318
BPP_100_120_0.1_0.8_0.C	46	7.600	26.800	0.313
BPP_100_120_0.1_0.8_0.C	47	6.800	26.900	0.318
BPP_100_120_0.1_0.8_0.C	47	6.400	26.700	0.316
BPP_100_120_0.1_0.8_0.C	48	6.200	27.100	0.328
BPP_100_120_0.1_0.8_1.C	50	7.000	28.500	0.334
BPP_100_120_0.1_0.8_1.C	50	7.000	28.500	0.331
BPP_100_120_0.1_0.8_1.C	50	7.000	28.500	0.332
BPP_100_120_0.1_0.8_1.C	50	7.000	28.500	0.337
BPP_100_120_0.1_0.8_1.C	50	7.000	28.500	0.330
BPP_100_120_0.1_0.8_1.C	50	7.000	28.500	0.327
BPP_100_120_0.1_0.8_1.C	50	7.000	28.500	0.336
BPP_100_120_0.1_0.8_1.C	50	7.000	28.500	0.332
BPP_100_120_0.1_0.8_1.C	50	7.000	28.500	0.333
BPP_100_120_0.1_0.8_1.C	50	7.000	28.500	0.337
BPP_100_120_0.1_0.8_2.C	49	1.200	25.100	0.323
BPP_100_120_0.1_0.8_2.C	49	1.200	25.100	0.322
BPP_100_120_0.1_0.8_2.C	49	1.200	25.100	0.315
BPP_100_120_0.1_0.8_2.C	49	1.200	25.100	0.322
BPP_100_120_0.1_0.8_2.C	49	1.200	25.100	0.321
BPP_100_120_0.1_0.8_2.C	49	1.200	25.100	0.323
BPP_100_120_0.1_0.8_2.C	49	1.200	25.100	0.322
BPP_100_120_0.1_0.8_2.C	49	1.200	25.100	0.319
BPP_100_120_0.1_0.8_2.C	49	1.200	25.100	0.322
BPP_100_120_0.1_0.8_2.C	49	1.200	25.100	0.325
BPP_100_120_0.1_0.8_3.C	56	0.600	28.300	0.355
BPP_100_120_0.1_0.8_3.C	56	0.600	28.300	0.362
BPP_100_120_0.1_0.8_3.C	56	0.600	28.300	0.366
BPP_100_120_0.1_0.8_3.C	56	0.600	28.300	0.364
BPP_100_120_0.1_0.8_3.C	56	0.600	28.300	0.363
BPP_100_120_0.1_0.8_3.C	56	0.600	28.300	0.367
BPP_100_120_0.1_0.8_3.C	56	0.600	28.300	0.363
BPP_100_120_0.1_0.8_3.C	56	0.400	28.200	0.358
BPP_100_120_0.1_0.8_3.C	54	1.600	27.800	0.365
BPP_100_120_0.1_0.8_3.C	56	0.600	28.300	0.366
BPP_100_120_0.1_0.8_4.C	53	1.000	27.000	0.344
BPP_100_120_0.1_0.8_4.C	51	1.800	26.400	0.341
BPP_100_120_0.1_0.8_4.C	53	1.000	27.000	0.343
BPP_100_120_0.1_0.8_4.C	51	2.000	26.500	0.341
BPP_100_120_0.1_0.8_4.C	53	1.000	27.000	0.341
BPP_100_120_0.1_0.8_4.C	53	1.000	27.000	0.344
BPP_100_120_0.1_0.8_4.C	53	1.000	27.000	0.343
BPP_100_120_0.1_0.8_4.C	53	1.000	27.000	0.344
BPP_100_120_0.1_0.8_4.C	53	1.000	27.000	0.342
BPP_100_120_0.1_0.8_4.C	53	1.000	27.000	0.345
BPP_100_120_0.1_0.8_5.C	47	6.600	26.800	0.310
BPP_100_120_0.1_0.8_5.C	47	4.800	25.900	0.319
BPP_100_120_0.1_0.8_5.C	47	6.000	26.500	0.314
BPP_100_120_0.1_0.8_5.C	48	5.000	26.500	0.318
BPP_100_120_0.1_0.8_5.C	48	5.800	26.900	0.320
BPP_100_120_0.1_0.8_5.C	48	5.800	26.900	0.321
BPP_100_120_0.1_0.8_5.C	48	5.600	26.800	0.316
BPP_100_120_0.1_0.8_5.C	47	5.200	26.100	0.321
BPP_100_120_0.1_0.8_5.C	48	5.600	26.800	0.315
BPP_100_120_0.1_0.8_5.C	47	5.400	26.200	0.319
BPP_100_120_0.1_0.8_6.C	49	5.800	27.400	0.335
BPP_100_120_0.1_0.8_6.C	49	5.800	27.400	0.335
BPP_100_120_0.1_0.8_6.C	49	5.800	27.400	0.331
BPP_100_120_0.1_0.8_6.C	49	5.800	27.400	0.333
BPP_100_120_0.1_0.8_6.C	49	5.800	27.400	0.333
BPP_100_120_0.1_0.8_6.C	49	5.800	27.400	0.334
BPP_100_120_0.1_0.8_6.C	49	5.800	27.400	0.333
BPP_100_120_0.1_0.8_6.C	49	5.800	27.400	0.327
BPP_100_120_0.1_0.8_6.C	49	5.800	27.400	0.330
BPP_100_120_0.1_0.8_6.C	49	5.800	27.400	0.332
BPP_100_120_0.1_0.8_7.C	58	2.600	30.300	0.369
BPP_100_120_0.1_0.8_7.C	58	2.600	30.300	0.370
BPP_100_120_0.1_0.8_7.C	58	2.600	30.300	0.369
BPP_100_120_0.1_0.8_7.C	58	2.600	30.300	0.372
BPP_100_120_0.1_0.8_7.C	58	2.600	30.300	0.368
BPP_100_120_0.1_0.8_7.C	58	2.600	30.300	0.367
BPP_100_120_0.1_0.8_7.C	58	2.600	30.300	0.368
BPP_100_120_0.1_0.8_7.C	58	2.600	30.300	0.371
BPP_100_120_0.1_0.8_7.C	58	2.600	30.300	0.371
BPP_100_120_0.1_0.8_7.C	57	2.400	29.700	0.374
BPP_100_120_0.1_0.8_8.C	47	3.400	25.200	0.315
BPP_100_120_0.1_0.8_8.C	47	3.400	25.200	0.315
BPP_100_120_0.1_0.8_8.C	47	3.400	25.200	0.315
BPP_100_120_0.1_0.8_8.C	47	3.400	25.200	0.315
BPP_100_120_0.1_0.8_8.C	46	4.200	25.100	0.317
BPP_100_120_0.1_0.8_8.C	47	3.400	25.200	0.319
BPP_100_120_0.1_0.8_8.C	47	3.400	25.200	0.319
BPP_100_120_0.1_0.8_8.C	47	3.400	25.200	0.315
BPP_100_120_0.1_0.8_8.C	47	3.400	25.200	0.311
BPP_100_120_0.1_0.8_8.C	47	3.400	25.200	0.311
BPP_100_120_0.1_0.8_9.C	49	1.600	25.300	0.328
BPP_100_120_0.1_0.8_9.C	49	1.600	25.300	0.329
BPP_100_120_0.1_0.8_9.C	49	1.600	25.300	0.323
BPP_100_120_0.1_0.8_9.C	48	1.600	24.800	0.332
BPP_100_120_0.1_0.8_9.C	49	1.600	25.300	0.325
BPP_100_120_0.1_0.8_9.C	49	1.600	25.300	0.328
BPP_100_120_0.1_0.8_9.C	48	1.800	24.900	0.327
BPP_100_120_0.1_0.8_9.C	49	1.600	25.300	0.326
BPP_100_120_0.1_0.8_9.C	49	1.600	25.300	0.321
BPP_100_120_0.1_0.8_9.C	47	2.800	24.900	0.327
BPP_100_125_0.1_0.8_0.C	52	8.400	30.200	0.338
BPP_100_125_0.1_0.8_0.C	52	8.600	30.300	0.343
BPP_100_125_0.1_0.8_0.C	52	9.600	30.800	0.341
BPP_100_125_0.1_0.8_0.C	51	10.600	30.800	0.345
BPP_100_125_0.1_0.8_0.C	52	8.800	30.400	0.346
BPP_100_125_0.1_0.8_0.C	53	9.400	31.200	0.345
BPP_100_125_0.1_0.8_0.C	52	9.800	30.900	0.353
BPP_100_125_0.1_0.8_0.C	52	9.200	30.600	0.346
BPP_100_125_0.1_0.8_0.C	52	8.400	30.200	0.338
BPP_100_125_0.1_0.8_0.C	51	10.400	30.700	0.347
BPP_100_125_0.1_0.8_1.C	51	11.000	31.000	0.332
BPP_100_125_0.1_0.8_1.C	51	11.000	31.000	0.330
BPP_100_125_0.1_0.8_1.C	51	11.000	31.000	0.330
BPP_100_125_0.1_0.8_1.C	51	11.000	31.000	0.333
BPP_100_125_0.1_0.8_1.C	51	11.000	31.000	0.330
BPP_100_125_0.1_0.8_1.C	51	11.000	31.000	0.328
BPP_100_125_0.1_0.8_1.C	51	11.000	31.000	0.330
BPP_100_125_0.1_0.8_1.C	51	11.000	31.000	0.329
BPP_100_125_0.1_0.8_1.C	51	11.000	31.000	0.330
BPP_100_125_0.1_0.8_1.C	51	11.000	31.000	0.330
BPP_100_125_0.1_0.8_2.C	51	2.000	26.500	0.341
BPP_100_125_0.1_0.8_2.C	52	1.400	26.700	0.340
BPP_100_125_0.1_0.8_2.C	52	1.400	26.700	0.335
BPP_100_125_0.1_0.8_2.C	52	1.400	26.700	0.340
BPP_100_125_0.1_0.8_2.C	52	1.400	26.700	0.341
BPP_100_125_0.1_0.8_2.C	52	1.400	26.700	0.337
BPP_100_125_0.1_0.8_2.C	52	1.400	26.700	0.340
BPP_100_125_0.1_0.8_2.C	51	2.000	26.500	0.342
BPP_100_125_0.1_0.8_2.C	52	1.400	26.700	0.342
BPP_100_125_0.1_0.8_2.C	51	1.800	26.400	0.345
BPP_100_125_0.1_0.8_3.C	49	0.600	24.800	0.325
BPP_100_125_0.1_0.8_3.C	49	0.600	24.800	0.324
BPP_100_125_0.1_0.8_3.C	49	0.600	24.800	0.327
BPP_100_125_0.1_0.8_3.C	48	0.600	24.300	0.332
BPP_100_125_0.1_0.8_3.C	48	1.600	24.800	0.327
BPP_100_125_0.1_0.8_3.C	48	1.200	24.600	0.327
BPP_100_125_0.1_0.8_3.C	47	1.600	24.300	0.329
BPP_100_125_0.1_0.8_3.C	49	0.600	24.800	0.328
BPP_100_125_0.1_0.8_3.C	49	0.600	24.800	0.328
BPP_100_125_0.1_0.8_3.C	49	0.600	24.800	0.328
BPP_100_125_0.1_0.8_4.C	53	4.200	28.600	0.334
BPP_100_125_0.1_0.8_4.C	52	4.400	28.200	0.333
BPP_100_125_0.1_0.8_4.C	53	4.200	28.600	0.335
BPP_100_125_0.1_0.8_4.C	53	4.200	28.600	0.335
BPP_100_125_0.1_0.8_4.C	52	4.400	28.200	0.334
BPP_100_125_0.1_0.8_4.C	53	4.200	28.600	0.335
BPP_100_125_0.1_0.8_4.C	53	4.200	28.600	0.336
BPP_100_125_0.1_0.8_4.C	52	4.200	28.100	0.343
BPP_100_125_0.1_0.8_4.C	52	4.600	28.300	0.333
BPP_100_125_0.1_0.8_4.C	53	4.200	28.600	0.334
BPP_100_125_0.1_0.8_5.C	49	4.400	26.700	0.322
BPP_100_125_0.1_0.8_5.C	49	4.200	26.600	0.327
BPP_100_125_0.1_0.8_5.C	48	5.200	26.600	0.322
BPP_100_125_0.1_0.8_5.C	49	4.400	26.700	0.328
BPP_100_125_0.1_0.8_5.C	49	4.000	26.500	0.325
BPP_100_125_0.1_0.8_5.C	48	5.200	26.600	0.319
BPP_100_125_0.1_0.8_5.C	48	4.600	26.300	0.322
BPP_100_125_0.1_0.8_5.C	49	4.400	26.700	0.326
BPP_100_125_0.1_0.8_5.C	49	3.800	26.400	0.325
BPP_100_125_0.1_0.8_5.C	49	4.200	26.600	0.321
BPP_100_125_0.1_0.8_6.C	55	3.600	29.300	0.367
BPP_100_125_0.1_0.8_6.C	55	3.600	29.300	0.363
BPP_100_125_0.1_0.8_6.C	55	3.400	29.200	0.366
BPP_100_125_0.1_0.8_6.C	55	3.600	29.300	0.372
BPP_100_125_0.1_0.8_6.C	55	3.600	29.300	0.365
BPP_100_125_0.1_0.8_6.C	55	3.600	29.300	0.363
BPP_100_125_0.1_0.8_6.C	54	4.000	29.000	0.363
BPP_100_125_0.1_0.8_6.C	55	3.600	29.300	0.377
BPP_100_125_0.1_0.8_6.C	55	3.600	29.300	0.364
BPP_100_125_0.1_0.8_6.C	55	3.600	29.300	0.361
BPP_100_125_0.1_0.8_7.C	56	6.600	31.300	0.363
BPP_100_125_0.1_0.8_7.C	56	6.600	31.300	0.360
BPP_100_125_0.1_0.8_7.C	56	6.600	31.300	0.359
BPP_100_125_0.1_0.8_7.C	56	6.600	31.300	0.363
BPP_100_125_0.1_0.8_7.C	56	6.600	31.300	0.358
BPP_100_125_0.1_0.8_7.C	54	8.000	31.000	0.360
BPP_100_125_0.1_0.8_7.C	56	6.600	31.300	0.361
BPP_100_125_0.1_0.8_7.C	56	6.600	31.300	0.367
BPP_100_125_0.1_0.8_7.C	56	6.400	31.200	0.364
BPP_100_125_0.1_0.8_7.C	56	6.600	31.300	0.360
BPP_100_125_0.1_0.8_8.C	47	3.400	25.200	0.319
BPP_100_125_0.1_0.8_8.C	47	3.400	25.200	0.317
BPP_100_125_0.1_0.8_8.C	47	3.400	25.200	0.315
BPP_100_125_0.1_0.8_8.C	47	3.400	25.200	0.315
BPP_100_125_0.1_0.8_8.C	47	3.400	25.200	0.317
BPP_100_125_0.1_0.8_8.C	47	3.400	25.200	0.313
BPP_100_125_0.1_0.8_8.C	47	3.400	25.200	0.317
BPP_100_125_0.1_0.8_8.C	47	3.400	25.200	0.316
BPP_100_125_0.1_0.8_8.C	47	3.400	25.200	0.320
BPP_100_125_0.1_0.8_8.C	47	3.400	25.200	0.320
BPP_100_125_0.1_0.8_9.C	50	2.400	26.200	0.339
BPP_100_125_0.1_0.8_9.C	50	2.400	26.200	0.341
BPP_100_125_0.1_0.8_9.C	50	2.400	26.200	0.340
BPP_100_125_0.1_0.8_9.C	50	2.400	26.200	0.338
BPP_100_125_0.1_0.8_9.C	50	2.400	26.200	0.336
BPP_100_125_0.1_0.8_9.C	50	2.400	26.200	0.334
BPP_100_125_0.1_0.8_9.C	49	2.800	25.900	0.341
BPP_100_125_0.1_0.8_9.C	50	2.400	26.200	0.337
BPP_100_125_0.1_0.8_9.C	50	2.400	26.200	0.342
BPP_100_125_0.1_0.8_9.C	50	2.400	26.200	0.342
BPP_100_150_0.1_0.8_0.C	59	3.000	31.000	0.369
BPP_100_150_0.1_0.8_0.C	58	3.200	30.600	0.371
BPP_100_150_0.1_0.8_0.C	59	3.000	31.000	0.371
BPP_100_150_0.1_0.8_0.C	58	3.800	30.900	0.371
BPP_100_150_0.1_0.8_0.C	58	3.000	30.500	0.375
BPP_100_150_0.1_0.8_0.C	59	3.000	31.000	0.372
BPP_100_150_0.1_0.8_0.C	58	3.200	30.600	0.369
BPP_100_150_0.1_0.8_0.C	58	3.000	30.500	0.367
BPP_100_150_0.1_0.8_0.C	57	4.200	30.600	0.374
BPP_100_150_0.1_0.8_0.C	58	3.000	30.500	0.367
BPP_100_150_0.1_0.8_1.C	51	4.200	27.600	0.327
BPP_100_150_0.1_0.8_1.C	51	4.200	27.600	0.335
BPP_100_150_0.1_0.8_1.C	50	4.600	27.300	0.331
BPP_100_150_0.1_0.8_1.C	51	4.800	27.900	0.327
BPP_100_150_0.1_0.8_1.C	52	4.000	28.000	0.328
BPP_100_150_0.1_0.8_1.C	51	4.200	27.600	0.330
BPP_100_150_0.1_0.8_1.C	52	4.000	28.000	0.329
BPP_100_150_0.1_0.8_1.C	51	4.800	27.900	0.328
BPP_100_150_0.1_0.8_1.C	52	4.000	28.000	0.333
BPP_100_150_0.1_0.8_1.C	51	4.400	27.700	0.334
BPP_100_150_0.1_0.8_2.C	46	5.800	25.900	0.311
BPP_100_150_0.1_0.8_2.C	47	5.200	26.100	0.309
BPP_100_150_0.1_0.8_2.C	47	5.400	26.200	0.311
BPP_100_150_0.1_0.8_2.C	47	5.400	26.200	0.306
BPP_100_150_0.1_0.8_2.C	47	5.400	26.200	0.307
BPP_100_150_0.1_0.8_2.C	47	5.400	26.200	0.309
BPP_100_150_0.1_0.8_2.C	47	5.400	26.200	0.307
BPP_100_150_0.1_0.8_2.C	46	6.000	26.000	0.312
BPP_100_150_0.1_0.8_2.C	47	5.400	26.200	0.313
BPP_100_150_0.1_0.8_2.C	47	5.400	26.200	0.307
BPP_100_150_0.1_0.8_3.C	47	2.800	24.900	0.320
BPP_100_150_0.1_0.8_3.C	47	2.800	24.900	0.319
BPP_100_150_0.1_0.8_3.C	47	2.800	24.900	0.318
BPP_100_150_0.1_0.8_3.C	47	2.800	24.900	0.320
BPP_100_150_0.1_0.8_3.C	47	2.800	24.900	0.316
BPP_100_150_0.1_0.8_3.C	47	2.800	24.900	0.319
BPP_100_150_0.1_0.8_3.C	47	2.800	24.900	0.319
BPP_100_150_0.1_0.8_3.C	47	2.800	24.900	0.314
BPP_100_150_0.1_0.8_3.C	47	2.800	24.900	0.330
BPP_100_150_0.1_0.8_3.C	47	2.800	24.900	0.318
BPP_100_150_0.1_0.8_4.C	55	2.400	28.700	0.371
BPP_100_150_0.1_0.8_4.C	55	2.400	28.700	0.378
BPP_100_150_0.1_0.8_4.C	55	2.400	28.700	0.369
BPP_100_150_0.1_0.8_4.C	55	2.400	28.700	0.370
BPP_100_150_0.1_0.8_4.C	54	2.800	28.400	0.372
BPP_100_150_0.1_0.8_4.C	55	2.400	28.700	0.376
BPP_100_150_0.1_0.8_4.C	55	2.400	28.700	0.369
BPP_100_150_0.1_0.8_4.C	53	4.200	28.600	0.365
BPP_100_150_0.1_0.8_4.C	55	2.400	28.700	0.365
BPP_100_150_0.1_0.8_4.C	55	2.400	28.700	0.370
BPP_100_150_0.1_0.8_5.C	51	3.200	27.100	0.339
BPP_100_150_0.1_0.8_5.C	51	3.200	27.100	0.365
BPP_100_150_0.1_0.8_5.C	51	3.200	27.100	0.340
BPP_100_150_0.1_0.8_5.C	51	3.200	27.100	0.341
BPP_100_150_0.1_0.8_5.C	51	3.200	27.100	0.343
BPP_100_150_0.1_0.8_5.C	51	3.200	27.100	0.337
BPP_100_150_0.1_0.8_5.C	51	3.200	27.100	0.344
BPP_100_150_0.1_0.8_5.C	51	3.200	27.100	0.340
BPP_100_150_0.1_0.8_5.C	51	3.200	27.100	0.346
BPP_100_150_0.1_0.8_5.C	51	3.200	27.100	0.335
BPP_100_150_0.1_0.8_6.C	50	1.400	25.700	0.320
BPP_100_150_0.1_0.8_6.C	49	2.000	25.500	0.317
BPP_100_150_0.1_0.8_6.C	50	1.400	25.700	0.321
BPP_100_150_0.1_0.8_6.C	50	1.400	25.700	0.322
BPP_100_150_0.1_0.8_6.C	48	3.000	25.500	0.322
BPP_100_150_0.1_0.8_6.C	50	1.400	25.700	0.326
BPP_100_150_0.1_0.8_6.C	50	1.400	25.700	0.327
BPP_100_150_0.1_0.8_6.C	50	1.400	25.700	0.332
BPP_100_150_0.1_0.8_6.C	50	1.400	25.700	0.322
BPP_100_150_0.1_0.8_6.C	50	1.400	25.700	0.324
BPP_100_150_0.1_0.8_7.C	51	1.200	26.100	0.347
BPP_100_150_0.1_0.8_7.C	51	1.200	26.100	0.345
BPP_100_150_0.1_0.8_7.C	51	1.200	26.100	0.346
BPP_100_150_0.1_0.8_7.C	51	1.200	26.100	0.344
BPP_100_150_0.1_0.8_7.C	51	1.200	26.100	0.344
BPP_100_150_0.1_0.8_7.C	51	1.200	26.100	0.341
BPP_100_150_0.1_0.8_7.C	51	1.200	26.100	0.345
BPP_100_150_0.1_0.8_7.C	51	1.200	26.100	0.345
BPP_100_150_0.1_0.8_7.C	51	1.200	26.100	0.347
BPP_100_150_0.1_0.8_7.C	51	1.200	26.100	0.346
BPP_100_150_0.1_0.8_8.C	52	2.000	27.000	0.346
BPP_100_150_0.1_0.8_8.C	52	2.000	27.000	0.347
BPP_100_150_0.1_0.8_8.C	52	2.000	27.000	0.349
BPP_100_150_0.1_0.8_8.C	52	2.000	27.000	0.353
BPP_100_150_0.1_0.8_8.C	52	2.000	27.000	0.347
BPP_100_150_0.1_0.8_8.C	52	2.000	27.000	0.351
BPP_100_150_0.1_0.8_8.C	52	2.000	27.000	0.347
BPP_100_150_0.1_0.8_8.C	52	2.000	27.000	0.346
BPP_100_150_0.1_0.8_8.C	52	2.000	27.000	0.351
BPP_100_150_0.1_0.8_8.C	52	2.000	27.000	0.349
BPP_100_150_0.1_0.8_9.C	50	3.200	26.600	0.331
BPP_100_150_0.1_0.8_9.C	50	3.200	26.600	0.332
BPP_100_150_0.1_0.8_9.C	50	3.200	26.600	0.329
BPP_100_150_0.1_0.8_9.C	50	3.200	26.600	0.327
BPP_100_150_0.1_0.8_9.C	50	3.200	26.600	0.327
BPP_100_150_0.1_0.8_9.C	50	3.200	26.600	0.325
BPP_100_150_0.1_0.8_9.C	50	3.200	26.600	0.329
BPP_100_150_0.1_0.8_9.C	50	3.200	26.600	0.333
BPP_100_150_0.1_0.8_9.C	50	2.600	26.300	0.329
BPP_100_150_0.1_0.8_9.C	50	3.200	26.600	0.333
BPP_100_200_0.1_0.8_0.C	50	3.800	26.900	0.336
BPP_100_200_0.1_0.8_0.C	50	4.000	27.000	0.330
BPP_100_200_0.1_0.8_0.C	51	4.800	27.900	0.329
BPP_100_200_0.1_0.8_0.C	51	4.800	27.900	0.333
BPP_100_200_0.1_0.8_0.C	51	4.800	27.900	0.333
BPP_100_200_0.1_0.8_0.C	51	4.800	27.900	0.332
BPP_100_200_0.1_0.8_0.C	51	4.800	27.900	0.333
BPP_100_200_0.1_0.8_0.C	50	5.200	27.600	0.332
BPP_100_200_0.1_0.8_0.C	51	4.800	27.900	0.337
BPP_100_200_0.1_0.8_0.C	51	4.800	27.900	0.335
BPP_100_200_0.1_0.8_1.C	54	6.600	30.300	0.353
BPP_100_200_0.1_0.8_1.C	54	6.600	30.300	0.350
BPP_100_200_0.1_0.8_1.C	54	6.400	30.200	0.352
BPP_100_200_0.1_0.8_1.C	53	7.200	30.100	0.355
BPP_100_200_0.1_0.8_1.C	53	7.000	30.000	0.353
BPP_100_200_0.1_0.8_1.C	54	6.600	30.300	0.352
BPP_100_200_0.1_0.8_1.C	52	6.800	29.400	0.350
BPP_100_200_0.1_0.8_1.C	53	7.200	30.100	0.353
BPP_100_200_0.1_0.8_1.C	53	7.000	30.000	0.350
BPP_100_200_0.1_0.8_1.C	54	6.000	30.000	0.352
BPP_100_200_0.1_0.8_2.C	49	4.000	26.500	0.330
BPP_100_200_0.1_0.8_2.C	49	4.200	26.600	0.331
BPP_100_200_0.1_0.8_2.C	50	3.000	26.500	0.334
BPP_100_200_0.1_0.8_2.C	51	2.800	26.900	0.336
BPP_100_200_0.1_0.8_2.C	50	2.800	26.400	0.334
BPP_100_200_0.1_0.8_2.C	51	2.600	26.800	0.332
BPP_100_200_0.1_0.8_2.C	51	2.800	26.900	0.331
BPP_100_200_0.1_0.8_2.C	50	3.000	26.500	0.333
BPP_100_200_0.1_0.8_2.C	49	3.400	26.200	0.333
BPP_100_200_0.1_0.8_2.C	50	3.600	26.800	0.334
BPP_100_200_0.1_0.8_3.C	48	4.200	26.100	0.337
BPP_100_200_0.1_0.8_3.C	49	3.400	26.200	0.328
BPP_100_200_0.1_0.8_3.C	49	3.200	26.100	0.328
BPP_100_200_0.1_0.8_3.C	49	3.400	26.200	0.329
BPP_100_200_0.1_0.8_3.C	48	3.800	25.900	0.323
BPP_100_200_0.1_0.8_3.C	49	3.200	26.100	0.327
BPP_100_200_0.1_0.8_3.C	48	3.600	25.800	0.325
BPP_100_200_0.1_0.8_3.C	48	3.800	25.900	0.328
BPP_100_200_0.1_0.8_3.C	47	5.200	26.100	0.328
BPP_100_200_0.1_0.8_3.C	49	3.600	26.300	0.329
BPP_100_200_0.1_0.8_4.C	53	2.400	27.700	0.343
BPP_100_200_0.1_0.8_4.C	50	3.600	26.800	0.338
BPP_100_200_0.1_0.8_4.C	51	4.000	27.500	0.344
BPP_100_200_0.1_0.8_4.C	52	3.200	27.600	0.345
BPP_100_200_0.1_0.8_4.C	51	3.400	27.200	0.341
BPP_100_200_0.1_0.8_4.C	51	2.200	26.600	0.343
BPP_100_200_0.1_0.8_4.C	51	3.200	27.100	0.342
BPP_100_200_0.1_0.8_4.C	52	3.200	27.600	0.347
BPP_100_200_0.1_0.8_4.C	51	4.000	27.500	0.341
BPP_100_200_0.1_0.8_4.C	52	3.200	27.600	0.340
BPP_100_200_0.1_0.8_5.C	56	6.400	31.200	0.363
BPP_100_200_0.1_0.8_5.C	56	6.400	31.200	0.362
BPP_100_200_0.1_0.8_5.C	56	6.200	31.100	0.367
BPP_100_200_0.1_0.8_5.C	56	6.400	31.200	0.368
BPP_100_200_0.1_0.8_5.C	56	6.400	31.200	0.364
BPP_100_200_0.1_0.8_5.C	55	6.600	30.800	0.366
BPP_100_200_0.1_0.8_5.C	55	6.600	30.800	0.369
BPP_100_200_0.1_0.8_5.C	56	6.400	31.200	0.362
BPP_100_200_0.1_0.8_5.C	56	6.400	31.200	0.373
BPP_100_200_0.1_0.8_5.C	56	6.400	31.200	0.365
BPP_100_200_0.1_0.8_6.C	56	4.600	30.300	0.391
BPP_100_200_0.1_0.8_6.C	56	4.600	30.300	0.371
BPP_100_200_0.1_0.8_6.C	55	4.000	29.500	0.364
BPP_100_200_0.1_0.8_6.C	56	4.600	30.300	0.376
BPP_100_200_0.1_0.8_6.C	56	4.600	30.300	0.373
BPP_100_200_0.1_0.8_6.C	56	4.600	30.300	0.374
BPP_100_200_0.1_0.8_6.C	56	4.600	30.300	0.377
BPP_100_200_0.1_0.8_6.C	56	4.600	30.300	0.373
BPP_100_200_0.1_0.8_6.C	56	4.600	30.300	0.373
BPP_100_200_0.1_0.8_6.C	56	4.400	30.200	0.374
BPP_100_200_0.1_0.8_7.C	50	5.000	27.500	0.331
BPP_100_200_0.1_0.8_7.C	50	5.000	27.500	0.327
BPP_100_200_0.1_0.8_7.C	50	5.000	27.500	0.332
BPP_100_200_0.1_0.8_7.C	50	5.000	27.500	0.328
BPP_100_200_0.1_0.8_7.C	50	5.000	27.500	0.324
BPP_100_200_0.1_0.8_7.C	50	5.000	27.500	0.332
BPP_100_200_0.1_0.8_7.C	50	5.000	27.500	0.336
BPP_100_200_0.1_0.8_7.C	50	5.000	27.500	0.329
BPP_100_200_0.1_0.8_7.C	50	5.000	27.500	0.332
BPP_100_200_0.1_0.8_7.C	50	5.000	27.500	0.332
BPP_100_200_0.1_0.8_8.C	56	3.600	29.800	0.371
BPP_100_200_0.1_0.8_8.C	56	3.400	29.700	0.368
BPP_100_200_0.1_0.8_8.C	56	3.000	29.500	0.370
BPP_100_200_0.1_0.8_8.C	56	3.600	29.800	0.370
BPP_100_200_0.1_0.8_8.C	56	3.600	29.800	0.378
BPP_100_200_0.1_0.8_8.C	56	3.400	29.700	0.371
BPP_100_200_0.1_0.8_8.C	56	3.600	29.800	0.374
BPP_100_200_0.1_0.8_8.C	56	3.600	29.800	0.372
BPP_100_200_0.1_0.8_8.C	56	3.600	29.800	0.369
BPP_100_200_0.1_0.8_8.C	55	3.800	29.400	0.366
BPP_100_200_0.1_0.8_9.C	60	4.600	32.300	0.388
BPP_100_200_0.1_0.8_9.C	61	4.400	32.700	0.389
BPP_100_200_0.1_0.8_9.C	61	4.400	32.700	0.384
BPP_100_200_0.1_0.8_9.C	61	4.400	32.700	0.392
BPP_100_200_0.1_0.8_9.C	61	4.400	32.700	0.387
BPP_100_200_0.1_0.8_9.C	61	4.400	32.700	0.386
BPP_100_200_0.1_0.8_9.C	61	4.400	32.700	0.384
BPP_100_200_0.1_0.8_9.C	61	4.400	32.700	0.385
BPP_100_200_0.1_0.8_9.C	60	5.000	32.500	0.388
BPP_100_200_0.1_0.8_9.C	61	4.400	32.700	0.381
BPP_100_300_0.1_0.8_0.C	50	3.200	26.600	0.339
BPP_100_300_0.1_0.8_0.C	50	3.200	26.600	0.336
BPP_100_300_0.1_0.8_0.C	50	3.200	26.600	0.335
BPP_100_300_0.1_0.8_0.C	50	3.200	26.600	0.338
BPP_100_300_0.1_0.8_0.C	50	3.200	26.600	0.338
BPP_100_300_0.1_0.8_0.C	50	3.200	26.600	0.339
BPP_100_300_0.1_0.8_0.C	50	3.200	26.600	0.338
BPP_100_300_0.1_0.8_0.C	50	3.200	26.600	0.340
BPP_100_300_0.1_0.8_0.C	50	3.000	26.500	0.340
BPP_100_300_0.1_0.8_0.C	50	3.000	26.500	0.341
BPP_100_300_0.1_0.8_1.C	47	5.000	26.000	0.311
BPP_100_300_0.1_0.8_1.C	46	6.600	26.300	0.306
BPP_100_300_0.1_0.8_1.C	46	4.400	25.200	0.306
BPP_100_300_0.1_0.8_1.C	47	4.800	25.900	0.316
BPP_100_300_0.1_0.8_1.C	46	5.000	25.500	0.314
BPP_100_300_0.1_0.8_1.C	47	4.800	25.900	0.314
BPP_100_300_0.1_0.8_1.C	48	4.800	26.400	0.311
BPP_100_300_0.1_0.8_1.C	46	5.600	25.800	0.310
BPP_100_300_0.1_0.8_1.C	48	4.800	26.400	0.315
BPP_100_300_0.1_0.8_1.C	46	5.400	25.700	0.311
BPP_100_300_0.1_0.8_2.C	51	7.800	29.400	0.324
BPP_100_300_0.1_0.8_2.C	51	7.000	29.000	0.327
BPP_100_300_0.1_0.8_2.C	50	8.400	29.200	0.331
BPP_100_300_0.1_0.8_2.C	52	7.200	29.600	0.328
BPP_100_300_0.1_0.8_2.C	51	8.400	29.700	0.328
BPP_100_300_0.1_0.8_2.C	51	6.800	28.900	0.330
BPP_100_300_0.1_0.8_2.C	50	7.800	28.900	0.328
BPP_100_300_0.1_0.8_2.C	51	8.000	29.500	0.336
BPP_100_300_0.1_0.8_2.C	50	8.400	29.200	0.331
BPP_100_300_0.1_0.8_2.C	51	8.000	29.500	0.328
BPP_100_300_0.1_0.8_3.C	52	8.000	30.000	0.366
BPP_100_300_0.1_0.8_3.C	52	8.000	30.000	0.363
BPP_100_300_0.1_0.8_3.C	52	8.000	30.000	0.361
BPP_100_300_0.1_0.8_3.C	52	8.000	30.000	0.360
BPP_100_300_0.1_0.8_3.C	52	8.000	30.000	0.362
BPP_100_300_0.1_0.8_3.C	52	8.000	30.000	0.367
BPP_100_300_0.1_0.8_3.C	52	8.000	30.000	0.361
BPP_100_300_0.1_0.8_3.C	52	8.000	30.000	0.360
BPP_100_300_0.1_0.8_3.C	52	8.000	30.000	0.359
BPP_100_300_0.1_0.8_3.C	52	8.000	30.000	0.363
BPP_100_300_0.1_0.8_4.C	48	4.200	26.100	0.317
BPP_100_300_0.1_0.8_4.C	48	4.200	26.100	0.316
BPP_100_300_0.1_0.8_4.C	48	4.200	26.100	0.317
BPP_100_300_0.1_0.8_4.C	48	4.200	26.100	0.312
BPP_100_300_0.1_0.8_4.C	48	4.200	26.100	0.321
BPP_100_300_0.1_0.8_4.C	48	4.200	26.100	0.320
BPP_100_300_0.1_0.8_4.C	48	4.200	26.100	0.316
BPP_100_300_0.1_0.8_4.C	48	4.200	26.100	0.319
BPP_100_300_0.1_0.8_4.C	48	4.200	26.100	0.321
BPP_100_300_0.1_0.8_4.C	48	4.200	26.100	0.315
BPP_100_300_0.1_0.8_5.C	56	3.000	29.500	0.367
BPP_100_300_0.1_0.8_5.C	56	3.000	29.500	0.366
BPP_100_300_0.1_0.8_5.C	56	3.000	29.500	0.366
BPP_100_300_0.1_0.8_5.C	56	3.000	29.500	0.367
BPP_100_300_0.1_0.8_5.C	56	3.000	29.500	0.363
BPP_100_300_0.1_0.8_5.C	56	3.000	29.500	0.364
BPP_100_300_0.1_0.8_5.C	56	3.000	29.500	0.367
BPP_100_300_0.1_0.8_5.C	56	3.000	29.500	0.368
BPP_100_300_0.1_0.8_5.C	56	3.000	29.500	0.364
BPP_100_300_0.1_0.8_5.C	56	3.000	29.500	0.375
BPP_100_300_0.1_0.8_6.C	47	1.800	24.400	0.341
BPP_100_300_0.1_0.8_6.C	47	1.800	24.400	0.341
BPP_100_300_0.1_0.8_6.C	47	1.800	24.400	0.337
BPP_100_300_0.1_0.8_6.C	47	1.800	24.400	0.339
BPP_100_300_0.1_0.8_6.C	47	1.800	24.400	0.336
BPP_100_300_0.1_0.8_6.C	47	1.800	24.400	0.335
BPP_100_300_0.1_0.8_6.C	47	1.800	24.400	0.340
BPP_100_300_0.1_0.8_6.C	47	1.800	24.400	0.335
BPP_100_300_0.1_0.8_6.C	47	1.800	24.400	0.335
BPP_100_300_0.1_0.8_6.C	47	1.800	24.400	0.339
BPP_100_300_0.1_0.8_7.C	55	4.000	29.500	0.359
BPP_100_300_0.1_0.8_7.C	54	5.400	29.700	0.361
BPP_100_300_0.1_0.8_7.C	53	5.400	29.200	0.361
BPP_100_300_0.1_0.8_7.C	54	5.400	29.700	0.359
BPP_100_300_0.1_0.8_7.C	53	4.400	28.700	0.364
BPP_100_300_0.1_0.8_7.C	54	5.400	29.700	0.361
BPP_100_300_0.1_0.8_7.C	54	5.400	29.700	0.358
BPP_100_300_0.1_0.8_7.C	54	5.400	29.700	0.359
BPP_100_300_0.1_0.8_7.C	54	5.400	29.700	0.356
BPP_100_300_0.1_0.8_7.C	53	4.400	28.700	0.362
BPP_100_300_0.1_0.8_8.C	51	1.600	26.300	0.332
BPP_100_300_0.1_0.8_8.C	51	1.600	26.300	0.340
BPP_100_300_0.1_0.8_8.C	51	1.600	26.300	0.332
BPP_100_300_0.1_0.8_8.C	51	1.600	26.300	0.336
BPP_100_300_0.1_0.8_8.C	51	1.600	26.300	0.335
BPP_100_300_0.1_0.8_8.C	51	1.600	26.300	0.338
BPP_100_300_0.1_0.8_8.C	51	1.600	26.300	0.335
BPP_100_300_0.1_0.8_8.C	50	2.400	26.200	0.331
BPP_100_300_0.1_0.8_8.C	51	1.600	26.300	0.332
BPP_100_300_0.1_0.8_8.C	51	1.600	26.300	0.336
BPP_100_300_0.1_0.8_9.C	51	1.200	26.100	0.344
BPP_100_300_0.1_0.8_9.C	51	1.200	26.100	0.344
BPP_100_300_0.1_0.8_9.C	50	1.600	25.800	0.360
BPP_100_300_0.1_0.8_9.C	50	2.000	26.000	0.348
BPP_100_300_0.1_0.8_9.C	51	1.400	26.200	0.348
BPP_100_300_0.1_0.8_9.C	50	1.400	25.700	0.349
BPP_100_300_0.1_0.8_9.C	50	1.800	25.900	0.346
BPP_100_300_0.1_0.8_9.C	49	1.800	25.400	0.347
BPP_100_300_0.1_0.8_9.C	50	1.800	25.900	0.348
BPP_100_300_0.1_0.8_9.C	50	2.400	26.200	0.351
BPP_100_400_0.1_0.8_0.C	49	3.200	26.100	0.328
BPP_100_400_0.1_0.8_0.C	49	3.200	26.100	0.329
BPP_100_400_0.1_0.8_0.C	49	3.200	26.100	0.327
BPP_100_400_0.1_0.8_0.C	49	3.200	26.100	0.331
BPP_100_400_0.1_0.8_0.C	49	3.200	26.100	0.327
BPP_100_400_0.1_0.8_0.C	49	3.200	26.100	0.326
BPP_100_400_0.1_0.8_0.C	49	3.200	26.100	0.330
BPP_100_400_0.1_0.8_0.C	49	3.200	26.100	0.330
BPP_100_400_0.1_0.8_0.C	49	3.200	26.100	0.327
BPP_100_400_0.1_0.8_0.C	48	3.200	25.600	0.330
BPP_100_400_0.1_0.8_1.C	49	3.200	26.100	0.329
BPP_100_400_0.1_0.8_1.C	49	3.200	26.100	0.322
BPP_100_400_0.1_0.8_1.C	49	3.200	26.100	0.322
BPP_100_400_0.1_0.8_1.C	49	3.200	26.100	0.323
BPP_100_400_0.1_0.8_1.C	49	3.200	26.100	0.324
BPP_100_400_0.1_0.8_1.C	48	3.400	25.700	0.323
BPP_100_400_0.1_0.8_1.C	49	3.200	26.100	0.323
BPP_100_400_0.1_0.8_1.C	49	3.200	26.100	0.320
BPP_100_400_0.1_0.8_1.C	49	3.200	26.100	0.320
BPP_100_400_0.1_0.8_1.C	49	3.200	26.100	0.318
BPP_100_400_0.1_0.8_2.C	50	3.200	26.600	0.329
BPP_100_400_0.1_0.8_2.C	49	5.200	27.100	0.331
BPP_100_400_0.1_0.8_2.C	52	2.800	27.400	0.334
BPP_100_400_0.1_0.8_2.C	51	3.400	27.200	0.333
BPP_100_400_0.1_0.8_2.C	51	3.400	27.200	0.329
BPP_100_400_0.1_0.8_2.C	50	3.400	26.700	0.337
BPP_100_400_0.1_0.8_2.C	50	3.200	26.600	0.332
BPP_100_400_0.1_0.8_2.C	51	3.400	27.200	0.329
BPP_100_400_0.1_0.8_2.C	50	4.400	27.200	0.333
BPP_100_400_0.1_0.8_2.C	52	2.800	27.400	0.328
BPP_100_400_0.1_0.8_3.C	52	2.600	27.300	0.344
BPP_100_400_0.1_0.8_3.C	52	2.600	27.300	0.347
BPP_100_400_0.1_0.8_3.C	52	2.600	27.300	0.343
BPP_100_400_0.1_0.8_3.C	52	2.600	27.300	0.348
BPP_100_400_0.1_0.8_3.C	52	2.600	27.300	0.344
BPP_100_400_0.1_0.8_3.C	52	2.600	27.300	0.345
BPP_100_400_0.1_0.8_3.C	52	2.600	27.300	0.345
BPP_100_400_0.1_0.8_3.C	52	2.600	27.300	0.341
BPP_100_400_0.1_0.8_3.C	52	2.600	27.300	0.344
BPP_100_400_0.1_0.8_3.C	52	2.600	27.300	0.345
BPP_100_400_0.1_0.8_4.C	51	3.000	27.000	0.341
BPP_100_400_0.1_0.8_4.C	52	1.600	26.800	0.336
BPP_100_400_0.1_0.8_4.C	51	3.000	27.000	0.332
BPP_100_400_0.1_0.8_4.C	51	3.000	27.000	0.406
BPP_100_400_0.1_0.8_4.C	51	3.000	27.000	0.355
BPP_100_400_0.1_0.8_4.C	51	2.800	26.900	0.330
BPP_100_400_0.1_0.8_4.C	52	1.600	26.800	0.356
BPP_100_400_0.1_0.8_4.C	51	3.000	27.000	0.338
BPP_100_400_0.1_0.8_4.C	51	3.000	27.000	0.345
BPP_100_400_0.1_0.8_4.C	51	2.000	26.500	0.370
BPP_100_400_0.1_0.8_5.C	50	1.400	25.700	0.350
BPP_100_400_0.1_0.8_5.C	48	2.800	25.400	0.339
BPP_100_400_0.1_0.8_5.C	48	1.800	24.900	0.342
BPP_100_400_0.1_0.8_5.C	48	2.800	25.400	0.352
BPP_100_400_0.1_0.8_5.C	48	2.600	25.300	0.338
BPP_100_400_0.1_0.8_5.C	47	3.200	25.100	0.342
BPP_100_400_0.1_0.8_5.C	48	2.600	25.300	0.331
BPP_100_400_0.1_0.8_5.C	48	2.200	25.100	0.333
BPP_100_400_0.1_0.8_5.C	48	2.200	25.100	0.344
BPP_100_400_0.1_0.8_5.C	48	1.800	24.900	0.366
BPP_100_400_0.1_0.8_6.C	53	1.200	27.100	0.356
BPP_100_400_0.1_0.8_6.C	53	1.200	27.100	0.357
BPP_100_400_0.1_0.8_6.C	53	1.200	27.100	0.357
BPP_100_400_0.1_0.8_6.C	53	1.200	27.100	0.355
BPP_100_400_0.1_0.8_6.C	53	0.800	26.900	0.348
BPP_100_400_0.1_0.8_6.C	53	1.200	27.100	0.356
BPP_100_400_0.1_0.8_6.C	53	1.200	27.100	0.354
BPP_100_400_0.1_0.8_6.C	53	1.200	27.100	0.375
BPP_100_400_0.1_0.8_6.C	53	1.000	27.000	0.351
BPP_100_400_0.1_0.8_6.C	53	1.200	27.100	0.359
BPP_100_400_0.1_0.8_7.C	51	1.600	26.300	0.349
BPP_100_400_0.1_0.8_7.C	51	1.600	26.300	0.356
BPP_100_400_0.1_0.8_7.C	51	1.600	26.300	0.351
BPP_100_400_0.1_0.8_7.C	51	1.600	26.300	0.358
BPP_100_400_0.1_0.8_7.C	51	1.600	26.300	0.370
BPP_100_400_0.1_0.8_7.C	51	1.600	26.300	0.338
BPP_100_400_0.1_0.8_7.C	51	1.600	26.300	0.336
BPP_100_400_0.1_0.8_7.C	51	1.600	26.300	0.346
BPP_100_400_0.1_0.8_7.C	51	1.600	26.300	0.337
BPP_100_400_0.1_0.8_7.C	51	1.600	26.300	0.333
BPP_100_400_0.1_0.8_8.C	53	5.800	29.400	0.342
BPP_100_400_0.1_0.8_8.C	53	5.800	29.400	0.340
BPP_100_400_0.1_0.8_8.C	53	5.800	29.400	0.343
BPP_100_400_0.1_0.8_8.C	53	5.800	29.400	0.341
BPP_100_400_0.1_0.8_8.C	53	5.800	29.400	0.348
BPP_100_400_0.1_0.8_8.C	53	5.600	29.300	0.342
BPP_100_400_0.1_0.8_8.C	53	5.800	29.400	0.350
BPP_100_400_0.1_0.8_8.C	53	5.800	29.400	0.349
BPP_100_400_0.1_0.8_8.C	53	5.000	29.000	0.359
BPP_100_400_0.1_0.8_8.C	53	5.800	29.400	0.350
BPP_100_400_0.1_0.8_9.C	53	3.600	28.300	0.334
BPP_100_400_0.1_0.8_9.C	52	3.800	27.900	0.351
BPP_100_400_0.1_0.8_9.C	53	3.600	28.300	0.351
BPP_100_400_0.1_0.8_9.C	53	3.600	28.300	0.335
BPP_100_400_0.1_0.8_9.C	53	3.600	28.300	0.336
BPP_100_400_0.1_0.8_9.C	53	3.600	28.300	0.339
BPP_100_400_0.1_0.8_9.C	52	4.400	28.200	0.333
BPP_100_400_0.1_0.8_9.C	53	3.600	28.300	0.340
BPP_100_400_0.1_0.8_9.C	53	3.600	28.300	0.341
BPP_100_400_0.1_0.8_9.C	53	3.600	28.300	0.347
BPP_100_500_0.1_0.8_0.C	46	5.800	25.900	0.318
BPP_100_500_0.1_0.8_0.C	47	5.400	26.200	0.307
BPP_100_500_0.1_0.8_0.C	47	5.400	26.200	0.309
BPP_100_500_0.1_0.8_0.C	47	5.400	26.200	0.308
BPP_100_500_0.1_0.8_0.C	47	5.400	26.200	0.325
BPP_100_500_0.1_0.8_0.C	47	5.400	26.200	0.316
BPP_100_500_0.1_0.8_0.C	46	4.400	25.200	0.311
BPP_100_500_0.1_0.8_0.C	47	5.400	26.200	0.308
BPP_100_500_0.1_0.8_0.C	47	5.400	26.200	0.312
BPP_100_500_0.1_0.8_0.C	46	4.400	25.200	0.308
BPP_100_500_0.1_0.8_1.C	53	3.400	28.200	0.352
BPP_100_500_0.1_0.8_1.C	53	3.400	28.200	0.346
BPP_100_500_0.1_0.8_1.C	52	2.600	27.300	0.344
BPP_100_500_0.1_0.8_1.C	53	3.400	28.200	0.349
BPP_100_500_0.1_0.8_1.C	52	2.400	27.200	0.364
BPP_100_500_0.1_0.8_1.C	53	3.400	28.200	0.345
BPP_100_500_0.1_0.8_1.C	53	3.400	28.200	0.349
BPP_100_500_0.1_0.8_1.C	53	3.400	28.200	0.352
BPP_100_500_0.1_0.8_1.C	53	3.400	28.200	0.374
BPP_100_500_0.1_0.8_1.C	53	3.400	28.200	0.347
BPP_100_500_0.1_0.8_2.C	50	1.800	25.900	0.328
BPP_100_500_0.1_0.8_2.C	50	2.200	26.100	0.329
BPP_100_500_0.1_0.8_2.C	50	2.200	26.100	0.334
BPP_100_500_0.1_0.8_2.C	50	1.800	25.900	0.331
BPP_100_500_0.1_0.8_2.C	51	2.200	26.600	0.327
BPP_100_500_0.1_0.8_2.C	51	2.200	26.600	0.329
BPP_100_500_0.1_0.8_2.C	50	2.200	26.100	0.333
BPP_100_500_0.1_0.8_2.C	51	2.200	26.600	0.328
BPP_100_500_0.1_0.8_2.C	50	3.200	26.600	0.323
BPP_100_500_0.1_0.8_2.C	51	2.200	26.600	0.329
BPP_100_500_0.1_0.8_3.C	52	12.600	32.300	0.354
BPP_100_500_0.1_0.8_3.C	52	12.600	32.300	0.355
BPP_100_500_0.1_0.8_3.C	52	12.600	32.300	0.354
BPP_100_500_0.1_0.8_3.C	52	12.600	32.300	0.358
BPP_100_500_0.1_0.8_3.C	52	12.600	32.300	0.360
BPP_100_500_0.1_0.8_3.C	53	11.400	32.200	0.357
BPP_100_500_0.1_0.8_3.C	52	12.600	32.300	0.372
BPP_100_500_0.1_0.8_3.C	51	13.200	32.100	0.356
BPP_100_500_0.1_0.8_3.C	52	12.600	32.300	0.356
BPP_100_500_0.1_0.8_3.C	52	12.600	32.300	0.364
BPP_100_500_0.1_0.8_4.C	52	7.800	29.900	0.332
BPP_100_500_0.1_0.8_4.C	52	7.800	29.900	0.343
BPP_100_500_0.1_0.8_4.C	52	7.800	29.900	0.333
BPP_100_500_0.1_0.8_4.C	52	7.800	29.900	0.334
BPP_100_500_0.1_0.8_4.C	52	7.800	29.900	0.340
BPP_100_500_0.1_0.8_4.C	52	7.800	29.900	0.340
BPP_100_500_0.1_0.8_4.C	52	7.800	29.900	0.337
BPP_100_500_0.1_0.8_4.C	52	7.800	29.900	0.353
BPP_100_500_0.1_0.8_4.C	52	7.800	29.900	0.337
BPP_100_500_0.1_0.8_4.C	52	7.800	29.900	0.348
BPP_100_500_0.1_0.8_5.C	57	2.000	29.500	0.364
BPP_100_500_0.1_0.8_5.C	57	1.800	29.400	0.366
BPP_100_500_0.1_0.8_5.C	56	2.200	29.100	0.359
BPP_100_500_0.1_0.8_5.C	57	1.600	29.300	0.361
BPP_100_500_0.1_0.8_5.C	57	1.600	29.300	0.363
BPP_100_500_0.1_0.8_5.C	55	3.400	29.200	0.363
BPP_100_500_0.1_0.8_5.C	54	4.400	29.200	0.363
BPP_100_500_0.1_0.8_5.C	55	3.400	29.200	0.369
BPP_100_500_0.1_0.8_5.C	56	2.400	29.200	0.366
BPP_100_500_0.1_0.8_5.C	56	1.600	28.800	0.362
BPP_100_500_0.1_0.8_6.C	53	3.800	28.400	0.351
BPP_100_500_0.1_0.8_6.C	53	3.600	28.300	0.338
BPP_100_500_0.1_0.8_6.C	52	4.200	28.100	0.344
BPP_100_500_0.1_0.8_6.C	53	4.200	28.600	0.342
BPP_100_500_0.1_0.8_6.C	53	3.800	28.400	0.336
BPP_100_500_0.1_0.8_6.C	52	3.600	27.800	0.337
BPP_100_500_0.1_0.8_6.C	52	4.000	28.000	0.363
BPP_100_500_0.1_0.8_6.C	53	3.400	28.200	0.346
BPP_100_500_0.1_0.8_6.C	53	3.400	28.200	0.367
BPP_100_500_0.1_0.8_6.C	53	3.600	28.300	0.332
BPP_100_500_0.1_0.8_7.C	54	3.200	28.600	0.344
BPP_100_500_0.1_0.8_7.C	54	3.200	28.600	0.347
BPP_100_500_0.1_0.8_7.C	53	3.200	28.100	0.351
BPP_100_500_0.1_0.8_7.C	54	3.400	28.700	0.346
BPP_100_500_0.1_0.8_7.C	53	3.600	28.300	0.346
BPP_100_500_0.1_0.8_7.C	52	4.400	28.200	0.367
BPP_100_500_0.1_0.8_7.C	53	3.600	28.300	0.347
BPP_100_500_0.1_0.8_7.C	52	3.800	27.900	0.350
BPP_100_500_0.1_0.8_7.C	53	3.800	28.400	0.342
BPP_100_500_0.1_0.8_7.C	53	3.400	28.200	0.351
BPP_100_500_0.1_0.8_8.C	51	4.400	27.700	0.325
BPP_100_500_0.1_0.8_8.C	51	4.800	27.900	0.330
BPP_100_500_0.1_0.8_8.C	51	4.200	27.600	0.337
BPP_100_500_0.1_0.8_8.C	51	4.400	27.700	0.328
BPP_100_500_0.1_0.8_8.C	50	5.400	27.700	0.330
BPP_100_500_0.1_0.8_8.C	51	4.000	27.500	0.327
BPP_100_500_0.1_0.8_8.C	50	6.000	28.000	0.332
BPP_100_500_0.1_0.8_8.C	51	4.000	27.500	0.328
BPP_100_500_0.1_0.8_8.C	51	4.200	27.600	0.329
BPP_100_500_0.1_0.8_8.C	50	4.000	27.000	0.327
BPP_100_500_0.1_0.8_9.C	49	4.400	26.700	0.331
BPP_100_500_0.1_0.8_9.C	50	3.800	26.900	0.324
BPP_100_500_0.1_0.8_9.C	50	3.800	26.900	0.324
BPP_100_500_0.1_0.8_9.C	49	4.200	26.600	0.324
BPP_100_500_0.1_0.8_9.C	49	4.200	26.600	0.322
BPP_100_500_0.1_0.8_9.C	49	4.600	26.800	0.315
BPP_100_500_0.1_0.8_9.C	49	4.600	26.800	0.327
BPP_100_500_0.1_0.8_9.C	50	3.800	26.900	0.331
BPP_100_500_0.1_0.8_9.C	50	3.800	26.900	0.336
BPP_100_500_0.1_0.8_9.C	49	4.600	26.800	0.325
BPP_100_50_0.1_0.8_0.C	48	2.000	25.000	0.328
BPP_100_50_0.1_0.8_0.C	48	2.000	25.000	0.319
BPP_100_50_0.1_0.8_0.C	48	2.000	25.000	0.324
BPP_100_50_0.1_0.8_0.C	48	2.000	25.000	0.335
BPP_100_50_0.1_0.8_0.C	47	2.800	24.900	0.318
BPP_100_50_0.1_0.8_0.C	48	2.000	25.000	0.319
BPP_100_50_0.1_0.8_0.C	48	2.000	25.000	0.321
BPP_100_50_0.1_0.8_0.C	47	2.200	24.600	0.317
BPP_100_50_0.1_0.8_0.C	48	2.000	25.000	0.324
BPP_100_50_0.1_0.8_0.C	48	2.000	25.000	0.316
BPP_100_50_0.1_0.8_1.C	47	6.000	26.500	0.318
BPP_100_50_0.1_0.8_1.C	47	6.000	26.500	0.319
BPP_100_50_0.1_0.8_1.C	47	6.000	26.500	0.316
BPP_100_50_0.1_0.8_1.C	47	6.000	26.500	0.338
BPP_100_50_0.1_0.8_1.C	47	6.000	26.500	0.317
BPP_100_50_0.1_0.8_1.C	47	6.000	26.500	0.314
BPP_100_50_0.1_0.8_1.C	47	6.000	26.500	0.318
BPP_100_50_0.1_0.8_1.C	47	6.000	26.500	0.316
BPP_100_50_0.1_0.8_1.C	47	6.000	26.500	0.312
BPP_100_50_0.1_0.8_1.C	47	6.000	26.500	0.315
BPP_100_50_0.1_0.8_2.C	54	5.000	29.500	0.354
BPP_100_50_0.1_0.8_2.C	54	5.000	29.500	0.364
BPP_100_50_0.1_0.8_2.C	54	5.000	29.500	0.357
BPP_100_50_0.1_0.8_2.C	54	5.000	29.500	0.358
BPP_100_50_0.1_0.8_2.C	53	5.400	29.200	0.353
BPP_100_50_0.1_0.8_2.C	54	5.000	29.500	0.367
BPP_100_50_0.1_0.8_2.C	54	5.000	29.500	0.354
BPP_100_50_0.1_0.8_2.C	54	5.000	29.500	0.358
BPP_100_50_0.1_0.8_2.C	54	5.000	29.500	0.355
BPP_100_50_0.1_0.8_2.C	54	5.000	29.500	0.362
BPP_100_50_0.1_0.8_3.C	50	4.600	27.300	0.335
BPP_100_50_0.1_0.8_3.C	50	4.600	27.300	0.335
BPP_100_50_0.1_0.8_3.C	50	4.600	27.300	0.334
BPP_100_50_0.1_0.8_3.C	50	4.600	27.300	0.337
BPP_100_50_0.1_0.8_3.C	50	4.600	27.300	0.341
BPP_100_50_0.1_0.8_3.C	50	4.600	27.300	0.334
BPP_100_50_0.1_0.8_3.C	50	4.600	27.300	0.335
BPP_100_50_0.1_0.8_3.C	50	4.600	27.300	0.342
BPP_100_50_0.1_0.8_3.C	50	4.600	27.300	0.331
BPP_100_50_0.1_0.8_3.C	50	4.600	27.300	0.342
BPP_100_50_0.1_0.8_4.C	45	2.000	23.500	0.311
BPP_100_50_0.1_0.8_4.C	46	1.400	23.700	0.303
BPP_100_50_0.1_0.8_4.C	45	2.200	23.600	0.299
BPP_100_50_0.1_0.8_4.C	45	2.000	23.500	0.306
BPP_100_50_0.1_0.8_4.C	46	1.800	23.900	0.307
BPP_100_50_0.1_0.8_4.C	46	1.600	23.800	0.305
BPP_100_50_0.1_0.8_4.C	46	1.600	23.800	0.302
BPP_100_50_0.1_0.8_4.C	45	1.800	23.400	0.309
BPP_100_50_0.1_0.8_4.C	45	1.600	23.300	0.304
BPP_100_50_0.1_0.8_4.C	46	1.600	23.800	0.299
BPP_100_50_0.1_0.8_5.C	46	1.800	23.900	0.307
BPP_100_50_0.1_0.8_5.C	45	2.000	23.500	0.307
BPP_100_50_0.1_0.8_5.C	45	1.800	23.400	0.304
BPP_100_50_0.1_0.8_5.C	45	2.000	23.500	0.307
BPP_100_50_0.1_0.8_5.C	46	1.800	23.900	0.305
BPP_100_50_0.1_0.8_5.C	46	1.800	23.900	0.313
BPP_100_50_0.1_0.8_5.C	45	2.200	23.600	0.309
BPP_100_50_0.1_0.8_5.C	46	1.800	23.900	0.308
BPP_100_50_0.1_0.8_5.C	46	1.800	23.900	0.315
BPP_100_50_0.1_0.8_5.C	46	1.800	23.900	0.322
BPP_100_50_0.1_0.8_6.C	47	1.400	24.200	0.313
BPP_100_50_0.1_0.8_6.C	48	1.600	24.800	0.313
BPP_100_50_0.1_0.8_6.C	47	2.000	24.500	0.329
BPP_100_50_0.1_0.8_6.C	48	1.600	24.800	0.320
BPP_100_50_0.1_0.8_6.C	48	1.600	24.800	0.314
BPP_100_50_0.1_0.8_6.C	47	2.400	24.700	0.317
BPP_100_50_0.1_0.8_6.C	48	1.600	24.800	0.320
BPP_100_50_0.1_0.8_6.C	48	1.600	24.800	0.321
BPP_100_50_0.1_0.8_6.C	48	1.600	24.800	0.315
BPP_100_50_0.1_0.8_6.C	47	1.400	24.200	0.317
BPP_100_50_0.1_0.8_7.C	50	1.800	25.900	0.340
BPP_100_50_0.1_0.8_7.C	50	1.800	25.900	0.336
BPP_100_50_0.1_0.8_7.C	50	1.800	25.900	0.337
BPP_100_50_0.1_0.8_7.C	50	1.800	25.900	0.348
BPP_100_50_0.1_0.8_7.C	50	1.800	25.900	0.340
BPP_100_50_0.1_0.8_7.C	50	1.800	25.900	0.384
BPP_100_50_0.1_0.8_7.C	50	1.600	25.800	0.358
BPP_100_50_0.1_0.8_7.C	50	1.600	25.800	0.333
BPP_100_50_0.1_0.8_7.C	50	1.800	25.900	0.335
BPP_100_50_0.1_0.8_7.C	50	1.600	25.800	0.335
BPP_100_50_0.1_0.8_8.C	51	4.400	27.700	0.349
BPP_100_50_0.1_0.8_8.C	51	4.400	27.700	0.356
BPP_100_50_0.1_0.8_8.C	51	4.400	27.700	0.349
BPP_100_50_0.1_0.8_8.C	51	4.400	27.700	0.365
BPP_100_50_0.1_0.8_8.C	51	4.400	27.700	0.352
BPP_100_50_0.1_0.8_8.C	51	4.400	27.700	0.355
BPP_100_50_0.1_0.8_8.C	51	4.400	27.700	0.355
BPP_100_50_0.1_0.8_8.C	51	4.400	27.700	0.349
BPP_100_50_0.1_0.8_8.C	51	4.400	27.700	0.349
BPP_100_50_0.1_0.8_8.C	51	4.400	27.700	0.356
BPP_100_50_0.1_0.8_9.C	50	4.600	27.300	0.346
BPP_100_50_0.1_0.8_9.C	50	4.600	27.300	0.356
BPP_100_50_0.1_0.8_9.C	50	4.600	27.300	0.341
BPP_100_50_0.1_0.8_9.C	50	4.600	27.300	0.349
BPP_100_50_0.1_0.8_9.C	50	4.600	27.300	0.342
BPP_100_50_0.1_0.8_9.C	50	4.600	27.300	0.338
BPP_100_50_0.1_0.8_9.C	50	4.600	27.300	0.343
BPP_100_50_0.1_0.8_9.C	50	4.600	27.300	0.343
BPP_100_50_0.1_0.8_9.C	50	4.600	27.300	0.337
BPP_100_50_0.1_0.8_9.C	50	4.600	27.300	0.339
BPP_100_750_0.1_0.8_0.C	50	2.000	26.000	0.325
BPP_100_750_0.1_0.8_0.C	50	2.000	26.000	0.328
BPP_100_750_0.1_0.8_0.C	50	2.000	26.000	0.328
BPP_100_750_0.1_0.8_0.C	50	2.000	26.000	0.323
BPP_100_750_0.1_0.8_0.C	50	2.000	26.000	0.340
BPP_100_750_0.1_0.8_0.C	50	2.000	26.000	0.325
BPP_100_750_0.1_0.8_0.C	49	2.800	25.900	0.326
BPP_100_750_0.1_0.8_0.C	50	2.000	26.000	0.326
BPP_100_750_0.1_0.8_0.C	49	2.600	25.800	0.326
BPP_100_750_0.1_0.8_0.C	50	2.000	26.000	0.331
BPP_100_750_0.1_0.8_1.C	48	2.000	25.000	0.317
BPP_100_750_0.1_0.8_1.C	47	4.000	25.500	0.321
BPP_100_750_0.1_0.8_1.C	49	2.000	25.500	0.318
BPP_100_750_0.1_0.8_1.C	49	2.000	25.500	0.317
BPP_100_750_0.1_0.8_1.C	49	2.000	25.500	0.314
BPP_100_750_0.1_0.8_1.C	48	2.000	25.000	0.322
BPP_100_750_0.1_0.8_1.C	49	2.000	25.500	0.320
BPP_100_750_0.1_0.8_1.C	49	2.000	25.500	0.319
BPP_100_750_0.1_0.8_1.C	49	2.000	25.500	0.318
BPP_100_750_0.1_0.8_1.C	49	2.000	25.500	0.322
BPP_100_750_0.1_0.8_2.C	49	2.000	25.500	0.315
BPP_100_750_0.1_0.8_2.C	49	2.000	25.500	0.348
BPP_100_750_0.1_0.8_2.C	49	2.000	25.500	0.324
BPP_100_750_0.1_0.8_2.C	49	2.000	25.500	0.314
BPP_100_750_0.1_0.8_2.C	49	2.000	25.500	0.316
BPP_100_750_0.1_0.8_2.C	49	2.000	25.500	0.317
BPP_100_750_0.1_0.8_2.C	48	2.600	25.300	0.313
BPP_100_750_0.1_0.8_2.C	49	2.000	25.500	0.318
BPP_100_750_0.1_0.8_2.C	49	2.000	25.500	0.319
BPP_100_750_0.1_0.8_2.C	49	2.000	25.500	0.315
BPP_100_750_0.1_0.8_3.C	53	3.000	28.000	0.328
BPP_100_750_0.1_0.8_3.C	53	3.000	28.000	0.334
BPP_100_750_0.1_0.8_3.C	53	3.000	28.000	0.331
BPP_100_750_0.1_0.8_3.C	53	3.000	28.000	0.348
BPP_100_750_0.1_0.8_3.C	53	2.800	27.900	0.332
BPP_100_750_0.1_0.8_3.C	53	3.000	28.000	0.332
BPP_100_750_0.1_0.8_3.C	52	3.000	27.500	0.334
BPP_100_750_0.1_0.8_3.C	53	2.800	27.900	0.330
BPP_100_750_0.1_0.8_3.C	53	3.000	28.000	0.363
BPP_100_750_0.1_0.8_3.C	53	2.800	27.900	0.334
BPP_100_750_0.1_0.8_4.C	57	3.600	30.300	0.356
BPP_100_750_0.1_0.8_4.C	54	5.400	29.700	0.367
BPP_100_750_0.1_0.8_4.C	55	5.600	30.300	0.356
BPP_100_750_0.1_0.8_4.C	56	5.000	30.500	0.366
BPP_100_750_0.1_0.8_4.C	56	4.800	30.400	0.361
BPP_100_750_0.1_0.8_4.C	57	4.000	30.500	0.358
BPP_100_750_0.1_0.8_4.C	54	5.800	29.900	0.364
BPP_100_750_0.1_0.8_4.C	56	4.000	30.000	0.350
BPP_100_750_0.1_0.8_4.C	56	4.000	30.000	0.366
BPP_100_750_0.1_0.8_4.C	56	3.600	29.800	0.360
BPP_100_750_0.1_0.8_5.C	53	0.400	26.700	0.338
BPP_100_750_0.1_0.8_5.C	53	0.400	26.700	0.356
BPP_100_750_0.1_0.8_5.C	53	0.400	26.700	0.350
BPP_100_750_0.1_0.8_5.C	53	0.400	26.700	0.352
BPP_100_750_0.1_0.8_5.C	53	0.400	26.700	0.369
BPP_100_750_0.1_0.8_5.C	52	1.000	26.500	0.337
BPP_100_750_0.1_0.8_5.C	53	0.400	26.700	0.338
BPP_100_750_0.1_0.8_5.C	53	0.400	26.700	0.341
BPP_100_750_0.1_0.8_5.C	53	0.400	26.700	0.338
BPP_100_750_0.1_0.8_5.C	53	0.400	26.700	0.343
BPP_100_750_0.1_0.8_6.C	50	0.200	25.100	0.324
BPP_100_750_0.1_0.8_6.C	50	0.200	25.100	0.320
BPP_100_750_0.1_0.8_6.C	50	0.200	25.100	0.330
BPP_100_750_0.1_0.8_6.C	50	0.200	25.100	0.330
BPP_100_750_0.1_0.8_6.C	50	0.200	25.100	0.315
BPP_100_750_0.1_0.8_6.C	50	0.200	25.100	0.317
BPP_100_750_0.1_0.8_6.C	50	0.200	25.100	0.322
BPP_100_750_0.1_0.8_6.C	49	1.000	25.000	0.318
BPP_100_750_0.1_0.8_6.C	50	0.200	25.100	0.321
BPP_100_750_0.1_0.8_6.C	50	0.200	25.100	0.322
BPP_100_750_0.1_0.8_7.C	54	0.000	27.000	0.353
BPP_100_750_0.1_0.8_7.C	54	0.000	27.000	0.354
BPP_100_750_0.1_0.8_7.C	54	0.000	27.000	0.361
BPP_100_750_0.1_0.8_7.C	54	0.000	27.000	0.351
BPP_100_750_0.1_0.8_7.C	54	0.000	27.000	0.360
BPP_100_750_0.1_0.8_7.C	54	0.000	27.000	0.353
BPP_100_750_0.1_0.8_7.C	52	1.800	26.900	0.355
BPP_100_750_0.1_0.8_7.C	54	0.000	27.000	0.383
BPP_100_750_0.1_0.8_7.C	54	0.000	27.000	0.356
BPP_100_750_0.1_0.8_7.C	53	1.000	27.000	0.350
BPP_100_750_0.1_0.8_8.C	49	1.000	25.000	0.312
BPP_100_750_0.1_0.8_8.C	48	1.800	24.900	0.311
BPP_100_750_0.1_0.8_8.C	49	0.800	24.900	0.311
BPP_100_750_0.1_0.8_8.C	49	1.000	25.000	0.310
BPP_100_750_0.1_0.8_8.C	49	1.000	25.000	0.311
BPP_100_750_0.1_0.8_8.C	49	1.000	25.000	0.318
BPP_100_750_0.1_0.8_8.C	49	1.400	25.200	0.313
BPP_100_750_0.1_0.8_8.C	47	1.600	24.300	0.307
BPP_100_750_0.1_0.8_8.C	49	1.200	25.100	0.312
BPP_100_750_0.1_0.8_8.C	50	0.800	25.400	0.313
BPP_100_750_0.1_0.8_9.C	48	0.800	24.400	0.319
BPP_100_750_0.1_0.8_9.C	48	0.800	24.400	0.322
BPP_100_750_0.1_0.8_9.C	48	0.800	24.400	0.317
BPP_100_750_0.1_0.8_9.C	48	0.800	24.400	0.320
BPP_100_750_0.1_0.8_9.C	48	0.800	24.400	0.350
BPP_100_750_0.1_0.8_9.C	48	0.800	24.400	0.318
BPP_100_750_0.1_0.8_9.C	48	0.800	24.400	0.322
BPP_100_750_0.1_0.8_9.C	48	0.800	24.400	0.320
BPP_100_750_0.1_0.8_9.C	48	0.800	24.400	0.322
BPP_100_750_0.1_0.8_9.C	48	0.800	24.400	0.323
BPP_100_75_0.1_0.8_0.C	53	0.400	26.700	0.374
BPP_100_75_0.1_0.8_0.C	52	0.600	26.300	0.357
BPP_100_75_0.1_0.8_0.C	54	0.000	27.000	0.355
BPP_100_75_0.1_0.8_0.C	53	0.200	26.600	0.355
BPP_100_75_0.1_0.8_0.C	53	0.400	26.700	0.355
BPP_100_75_0.1_0.8_0.C	54	0.000	27.000	0.358
BPP_100_75_0.1_0.8_0.C	54	0.000	27.000	0.362
BPP_100_75_0.1_0.8_0.C	54	0.000	27.000	0.357
BPP_100_75_0.1_0.8_0.C	54	0.000	27.000	0.352
BPP_100_75_0.1_0.8_0.C	54	0.000	27.000	0.375
BPP_100_75_0.1_0.8_1.C	50	4.000	27.000	0.356
BPP_100_75_0.1_0.8_1.C	50	4.000	27.000	0.359
BPP_100_75_0.1_0.8_1.C	50	4.000	27.000	0.367
BPP_100_75_0.1_0.8_1.C	50	4.000	27.000	0.358
BPP_100_75_0.1_0.8_1.C	50	4.000	27.000	0.360
BPP_100_75_0.1_0.8_1.C	50	4.000	27.000	0.357
BPP_100_75_0.1_0.8_1.C	50	4.000	27.000	0.356
BPP_100_75_0.1_0.8_1.C	50	3.800	26.900	0.360
BPP_100_75_0.1_0.8_1.C	50	4.000	27.000	0.371
BPP_100_75_0.1_0.8_1.C	50	4.000	27.000	0.354
BPP_100_75_0.1_0.8_2.C	50	8.000	29.000	0.330
BPP_100_75_0.1_0.8_2.C	50	7.200	28.600	0.329
BPP_100_75_0.1_0.8_2.C	51	7.800	29.400	0.326
BPP_100_75_0.1_0.8_2.C	51	7.800	29.400	0.334
BPP_100_75_0.1_0.8_2.C	51	7.800	29.400	0.337
BPP_100_75_0.1_0.8_2.C	51	7.800	29.400	0.337
BPP_100_75_0.1_0.8_2.C	51	7.600	29.300	0.329
BPP_100_75_0.1_0.8_2.C	51	7.200	29.100	0.323
BPP_100_75_0.1_0.8_2.C	51	7.800	29.400	0.328
BPP_100_75_0.1_0.8_2.C	51	7.200	29.100	0.332
BPP_100_75_0.1_0.8_3.C	55	2.600	28.800	0.376
BPP_100_75_0.1_0.8_3.C	55	2.600	28.800	0.367
BPP_100_75_0.1_0.8_3.C	55	2.600	28.800	0.381
BPP_100_75_0.1_0.8_3.C	55	2.600	28.800	0.371
BPP_100_75_0.1_0.8_3.C	55	2.600	28.800	0.365
BPP_100_75_0.1_0.8_3.C	55	2.600	28.800	0.367
BPP_100_75_0.1_0.8_3.C	55	2.600	28.800	0.369
BPP_100_75_0.1_0.8_3.C	55	2.600	28.800	0.373
BPP_100_75_0.1_0.8_3.C	55	2.600	28.800	0.360
BPP_100_75_0.1_0.8_3.C	54	2.400	28.200	0.374
BPP_100_75_0.1_0.8_4.C	50	0.400	25.200	0.335
BPP_100_75_0.1_0.8_4.C	50	0.400	25.200	0.336
BPP_100_75_0.1_0.8_4.C	50	0.400	25.200	0.333
BPP_100_75_0.1_0.8_4.C	50	0.400	25.200	0.333
BPP_100_75_0.1_0.8_4.C	50	0.400	25.200	0.336
BPP_100_75_0.1_0.8_4.C	50	0.400	25.200	0.340
BPP_100_75_0.1_0.8_4.C	50	0.400	25.200	0.336
BPP_100_75_0.1_0.8_4.C	50	0.400	25.200	0.330
BPP_100_75_0.1_0.8_4.C	50	0.400	25.200	0.335
BPP_100_75_0.1_0.8_4.C	50	0.400	25.200	0.329
BPP_100_75_0.1_0.8_5.C	52	1.600	26.800	0.336
BPP_100_75_0.1_0.8_5.C	53	1.200	27.100	0.336
BPP_100_75_0.1_0.8_5.C	52	1.200	26.600	0.326
BPP_100_75_0.1_0.8_5.C	52	1.200	26.600	0.324
BPP_100_75_0.1_0.8_5.C	52	1.000	26.500	0.326
BPP_100_75_0.1_0.8_5.C	53	1.000	27.000	0.330
BPP_100_75_0.1_0.8_5.C	52	1.400	26.700	0.340
BPP_100_75_0.1_0.8_5.C	53	0.200	26.600	0.326
BPP_100_75_0.1_0.8_5.C	52	0.600	26.300	0.325
BPP_100_75_0.1_0.8_5.C	52	1.000	26.500	0.332
BPP_100_75_0.1_0.8_6.C	48	0.800	24.400	0.315
BPP_100_75_0.1_0.8_6.C	49	0.800	24.900	0.324
BPP_100_75_0.1_0.8_6.C	49	0.800	24.900	0.329
BPP_100_75_0.1_0.8_6.C	49	0.800	24.900	0.319
BPP_100_75_0.1_0.8_6.C	49	0.800	24.900	0.323
BPP_100_75_0.1_0.8_6.C	49	0.600	24.800	0.320
BPP_100_75_0.1_0.8_6.C	49	0.800	24.900	0.321
BPP_100_75_0.1_0.8_6.C	49	0.600	24.800	0.321
BPP_100_75_0.1_0.8_6.C	48	0.800	24.400	0.320
BPP_100_75_0.1_0.8_6.C	48	1.000	24.500	0.322
BPP_100_75_0.1_0.8_7.C	51	1.200	26.100	0.331
BPP_100_75_0.1_0.8_7.C	52	0.600	26.300	0.344
BPP_100_75_0.1_0.8_7.C	52	0.600	26.300	0.333
BPP_100_75_0.1_0.8_7.C	51	1.600	26.300	0.334
BPP_100_75_0.1_0.8_7.C	51	1.200	26.100	0.338
BPP_100_75_0.1_0.8_7.C	52	0.800	26.400	0.337
BPP_100_75_0.1_0.8_7.C	52	0.600	26.300	0.343
BPP_100_75_0.1_0.8_7.C	52	1.000	26.500	0.353
BPP_100_75_0.1_0.8_7.C	52	0.600	26.300	0.350
BPP_100_75_0.1_0.8_7.C	52	0.800	26.400	0.333
BPP_100_75_0.1_0.8_8.C	51	0.400	25.700	0.349
BPP_100_75_0.1_0.8_8.C	51	1.400	26.200	0.337
BPP_100_75_0.1_0.8_8.C	51	2.000	26.500	0.345
BPP_100_75_0.1_0.8_8.C	51	0.800	25.900	0.338
BPP_100_75_0.1_0.8_8.C	51	1.000	26.000	0.342
BPP_100_75_0.1_0.8_8.C	51	1.400	26.200	0.342
BPP_100_75_0.1_0.8_8.C	51	0.600	25.800	0.339
BPP_100_75_0.1_0.8_8.C	51	1.000	26.000	0.339
BPP_100_75_0.1_0.8_8.C	52	0.400	26.200	0.340
BPP_100_75_0.1_0.8_8.C	52	0.400	26.200	0.338
BPP_100_75_0.1_0.8_9.C	53	0.600	26.800	0.343
BPP_100_75_0.1_0.8_9.C	52	1.600	26.800	0.345
BPP_100_75_0.1_0.8_9.C	53	0.400	26.700	0.349
BPP_100_75_0.1_0.8_9.C	52	1.600	26.800	0.345
BPP_100_75_0.1_0.8_9.C	52	1.000	26.500	0.344
BPP_100_75_0.1_0.8_9.C	53	1.000	27.000	0.347
BPP_100_75_0.1_0.8_9.C	53	0.800	26.900	0.343
BPP_100_75_0.1_0.8_9.C	53	0.800	26.900	0.339
BPP_100_75_0.1_0.8_9.C	53	0.600	26.800	0.348
BPP_100_75_0.1_0.8_9.C	53	1.000	27.000	0.344
BPP_200_1000_0.1_0.8_0.C	105	1.600	53.300	2.020
BPP_200_1000_0.1_0.8_0.C	105	1.600	53.300	1.981
BPP_200_1000_0.1_0.8_0.C	105	1.600	53.300	2.037
BPP_200_1000_0.1_0.8_0.C	105	1.600	53.300	2.037
BPP_200_1000_0.1_0.8_0.C	105	1.600	53.300	2.027
BPP_200_1000_0.1_0.8_0.C	105	1.600	53.300	2.002
BPP_200_1000_0.1_0.8_0.C	105	1.600	53.300	2.064
BPP_200_1000_0.1_0.8_0.C	105	1.600	53.300	1.973
BPP_200_1000_0.1_0.8_0.C	105	1.600	53.300	1.959
BPP_200_1000_0.1_0.8_0.C	105	1.600	53.300	1.957
BPP_200_1000_0.1_0.8_1.C	104	2.200	53.100	2.129
BPP_200_1000_0.1_0.8_1.C	104	2.200	53.100	2.158
BPP_200_1000_0.1_0.8_1.C	104	2.200	53.100	2.146
BPP_200_1000_0.1_0.8_1.C	104	2.200	53.100	2.196
BPP_200_1000_0.1_0.8_1.C	104	2.200	53.100	2.158
BPP_200_1000_0.1_0.8_1.C	104	2.200	53.100	2.162
BPP_200_1000_0.1_0.8_1.C	104	2.200	53.100	2.176
BPP_200_1000_0.1_0.8_1.C	104	2.200	53.100	2.144
BPP_200_1000_0.1_0.8_1.C	104	2.200	53.100	2.139
BPP_200_1000_0.1_0.8_1.C	104	2.200	53.100	2.129
BPP_200_1000_0.1_0.8_2.C	105	1.600	53.300	2.036
BPP_200_1000_0.1_0.8_2.C	105	1.800	53.400	2.064
BPP_200_1000_0.1_0.8_2.C	105	1.600	53.300	2.040
BPP_200_1000_0.1_0.8_2.C	106	1.800	53.900	2.026
BPP_200_1000_0.1_0.8_2.C	105	1.600	53.300	2.040
BPP_200_1000_0.1_0.8_2.C	105	1.600	53.300	2.108
BPP_200_1000_0.1_0.8_2.C	103	3.200	53.100	2.082
BPP_200_1000_0.1_0.8_2.C	104	2.600	53.300	2.090
BPP_200_1000_0.1_0.8_2.C	105	1.600	53.300	2.071
BPP_200_1000_0.1_0.8_2.C	104	3.200	53.600	2.098
BPP_200_1000_0.1_0.8_3.C	100	5.000	52.500	1.994
BPP_200_1000_0.1_0.8_3.C	100	5.000	52.500	1.994
BPP_200_1000_0.1_0.8_3.C	100	5.000	52.500	1.988
BPP_200_1000_0.1_0.8_3.C	100	5.000	52.500	2.048
BPP_200_1000_0.1_0.8_3.C	100	5.000	52.500	1.976
BPP_200_1000_0.1_0.8_3.C	100	5.000	52.500	1.980
BPP_200_1000_0.1_0.8_3.C	99	5.000	52.000	2.020
BPP_200_1000_0.1_0.8_3.C	100	4.800	52.400	2.043
BPP_200_1000_0.1_0.8_3.C	99	4.200	51.600	2.077
BPP_200_1000_0.1_0.8_3.C	100	5.000	52.500	2.044
BPP_200_1000_0.1_0.8_4.C	101	5.600	53.300	1.914
BPP_200_1000_0.1_0.8_4.C	101	4.600	52.800	1.931
BPP_200_1000_0.1_0.8_4.C	102	4.800	53.400	1.910
BPP_200_1000_0.1_0.8_4.C	99	7.000	53.000	1.924
BPP_200_1000_0.1_0.8_4.C	98	5.400	51.700	1.904
BPP_200_1000_0.1_0.8_4.C	102	3.600	52.800	1.885
BPP_200_1000_0.1_0.8_4.C	100	7.000	53.500	1.902
BPP_200_1000_0.1_0.8_4.C	100	4.000	52.000	1.900
BPP_200_1000_0.1_0.8_4.C	100	6.200	53.100	1.891
BPP_200_1000_0.1_0.8_4.C	100	5.600	52.800	1.916
BPP_200_1000_0.1_0.8_5.C	104	0.600	52.300	1.925
BPP_200_1000_0.1_0.8_5.C	104	0.600	52.300	1.932
BPP_200_1000_0.1_0.8_5.C	104	0.600	52.300	1.913
BPP_200_1000_0.1_0.8_5.C	104	0.600	52.300	1.942
BPP_200_1000_0.1_0.8_5.C	104	0.600	52.300	1.921
BPP_200_1000_0.1_0.8_5.C	104	0.600	52.300	1.921
BPP_200_1000_0.1_0.8_5.C	104	0.600	52.300	1.929
BPP_200_1000_0.1_0.8_5.C	104	0.600	52.300	1.928
BPP_200_1000_0.1_0.8_5.C	104	0.600	52.300	1.931
BPP_200_1000_0.1_0.8_5.C	104	0.600	52.300	1.931
BPP_200_1000_0.1_0.8_6.C	98	1.000	49.500	1.977
BPP_200_1000_0.1_0.8_6.C	98	1.000	49.500	2.029
BPP_200_1000_0.1_0.8_6.C	98	1.000	49.500	1.971
BPP_200_1000_0.1_0.8_6.C	98	1.000	49.500	1.960
BPP_200_1000_0.1_0.8_6.C	98	1.000	49.500	1.946
BPP_200_1000_0.1_0.8_6.C	98	1.000	49.500	1.963
BPP_200_1000_0.1_0.8_6.C	98	1.000	49.500	1.934
BPP_200_1000_0.1_0.8_6.C	98	1.000	49.500	1.971
BPP_200_1000_0.1_0.8_6.C	98	1.000	49.500	1.949
BPP_200_1000_0.1_0.8_6.C	98	1.000	49.500	1.960
BPP_200_1000_0.1_0.8_7.C	109	0.400	54.700	2.234
BPP_200_1000_0.1_0.8_7.C	109	0.400	54.700	2.285
BPP_200_1000_0.1_0.8_7.C	109	0.400	54.700	2.279
BPP_200_1000_0.1_0.8_7.C	108	0.600	54.300	2.235
BPP_200_1000_0.1_0.8_7.C	109	0.400	54.700	2.272
BPP_200_1000_0.1_0.8_7.C	109	0.400	54.700	2.272
BPP_200_1000_0.1_0.8_7.C	109	0.400	54.700	2.264
BPP_200_1000_0.1_0.8_7.C	109	0.400	54.700	2.239
BPP_200_1000_0.1_0.8_7.C	109	0.400	54.700	2.305
BPP_200_1000_0.1_0.8_7.C	108	0.400	54.200	2.291
BPP_200_1000_0.1_0.8_8.C	100	2.400	51.200	2.056
BPP_200_1000_0.1_0.8_8.C	100	2.400	51.200	1.908
BPP_200_1000_0.1_0.8_8.C	99	1.200	50.100	1.922
BPP_200_1000_0.1_0.8_8.C	100	2.400	51.200	2.022
BPP_200_1000_0.1_0.8_8.C	100	2.400	51.200	1.889
BPP_200_1000_0.1_0.8_8.C	100	2.000	51.000	1.892
BPP_200_1000_0.1_0.8_8.C	100	2.400	51.200	1.891
BPP_200_1000_0.1_0.8_8.C	99	1.600	50.300	1.864
BPP_200_1000_0.1_0.8_8.C	100	2.400	51.200	1.911
BPP_200_1000_0.1_0.8_8.C	100	2.400	51.200	1.869
BPP_200_1000_0.1_0.8_9.C	98	1.800	49.900	1.920
BPP_200_1000_0.1_0.8_9.C	98	1.800	49.900	1.963
BPP_200_1000_0.1_0.8_9.C	98	1.800	49.900	1.947
BPP_200_1000_0.1_0.8_9.C	98	1.800	49.900	1.943
BPP_200_1000_0.1_0.8_9.C	98	1.800	49.900	1.911
BPP_200_1000_0.1_0.8_9.C	98	1.800	49.900	1.943
BPP_200_1000_0.1_0.8_9.C	97	2.600	49.800	1.902
BPP_200_1000_0.1_0.8_9.C	98	1.600	49.800	1.929
BPP_200_1000_0.1_0.8_9.C	98	1.800	49.900	1.942
BPP_200_1000_0.1_0.8_9.C	98	1.800	49.900	1.896
BPP_200_100_0.1_0.8_0.C	105	1.000	53.000	2.028
BPP_200_100_0.1_0.8_0.C	105	1.000	53.000	2.037
BPP_200_100_0.1_0.8_0.C	105	1.000	53.000	2.025
BPP_200_100_0.1_0.8_0.C	105	1.000	53.000	2.060
BPP_200_100_0.1_0.8_0.C	103	3.000	53.000	2.015
BPP_200_100_0.1_0.8_0.C	105	1.000	53.000	2.012
BPP_200_100_0.1_0.8_0.C	105	1.000	53.000	2.066
BPP_200_100_0.1_0.8_0.C	104	1.400	52.700	2.008
BPP_200_100_0.1_0.8_0.C	105	1.000	53.000	1.990
BPP_200_100_0.1_0.8_0.C	104	1.600	52.800	1.998
BPP_200_100_0.1_0.8_1.C	105	6.200	55.600	1.948
BPP_200_100_0.1_0.8_1.C	104	5.200	54.600	1.998
BPP_200_100_0.1_0.8_1.C	105	6.200	55.600	1.970
BPP_200_100_0.1_0.8_1.C	105	6.200	55.600	1.968
BPP_200_100_0.1_0.8_1.C	105	6.200	55.600	1.952
BPP_200_100_0.1_0.8_1.C	104	5.200	54.600	1.965
BPP_200_100_0.1_0.8_1.C	105	6.000	55.500	1.982
BPP_200_100_0.1_0.8_1.C	104	7.000	55.500	1.950
BPP_200_100_0.1_0.8_1.C	104	4.400	54.200	1.955
BPP_200_100_0.1_0.8_1.C	105	6.200	55.600	2.008
BPP_200_100_0.1_0.8_2.C	96	1.000	48.500	2.280
BPP_200_100_0.1_0.8_2.C	96	1.000	48.500	2.267
BPP_200_100_0.1_0.8_2.C	96	1.000	48.500	2.240
BPP_200_100_0.1_0.8_2.C	96	1.000	48.500	2.205
BPP_200_100_0.1_0.8_2.C	96	1.000	48.500	2.325
BPP_200_100_0.1_0.8_2.C	96	1.000	48.500	2.206
BPP_200_100_0.1_0.8_2.C	96	1.000	48.500	2.350
BPP_200_100_0.1_0.8_2.C	96	1.000	48.500	2.303
BPP_200_100_0.1_0.8_2.C	96	1.000	48.500	2.227
BPP_200_100_0.1_0.8_2.C	96	1.000	48.500	2.269
BPP_200_100_0.1_0.8_3.C	99	2.000	50.500	2.221
BPP_200_100_0.1_0.8_3.C	99	2.000	50.500	2.299
BPP_200_100_0.1_0.8_3.C	99	2.000	50.500	2.185
BPP_200_100_0.1_0.8_3.C	99	2.000	50.500	2.252
BPP_200_100_0.1_0.8_3.C	99	2.000	50.500	2.110
BPP_200_100_0.1_0.8_3.C	99	2.000	50.500	2.151
BPP_200_100_0.1_0.8_3.C	99	2.000	50.500	2.209
BPP_200_100_0.1_0.8_3.C	99	1.800	50.400	2.182
BPP_200_100_0.1_0.8_3.C	99	2.000	50.500	2.236
BPP_200_100_0.1_0.8_3.C	99	2.000	50.500	2.319
BPP_200_100_0.1_0.8_4.C	104	3.400	53.700	2.240
BPP_200_100_0.1_0.8_4.C	104	3.400	53.700	2.312
BPP_200_100_0.1_0.8_4.C	104	3.400	53.700	2.200
BPP_200_100_0.1_0.8_4.C	104	3.400	53.700	2.205
BPP_200_100_0.1_0.8_4.C	104	3.400	53.700	2.255
BPP_200_100_0.1_0.8_4.C	104	3.400	53.700	2.345
BPP_200_100_0.1_0.8_4.C	104	3.400	53.700	2.294
BPP_200_100_0.1_0.8_4.C	104	3.400	53.700	2.306
BPP_200_100_0.1_0.8_4.C	104	3.400	53.700	2.318
BPP_200_100_0.1_0.8_4.C	104	3.400	53.700	2.365
BPP_200_100_0.1_0.8_5.C	98	2.000	50.000	1.946
BPP_200_100_0.1_0.8_5.C	98	2.000	50.000	1.925
BPP_200_100_0.1_0.8_5.C	98	2.000	50.000	1.978
BPP_200_100_0.1_0.8_5.C	98	2.000	50.000	2.087
BPP_200_100_0.1_0.8_5.C	98	2.000	50.000	1.979
BPP_200_100_0.1_0.8_5.C	98	2.000	50.000	2.024
BPP_200_100_0.1_0.8_5.C	98	2.000	50.000	1.956
BPP_200_100_0.1_0.8_5.C	98	2.000	50.000	2.053
BPP_200_100_0.1_0.8_5.C	98	2.000	50.000	1.925
BPP_200_100_0.1_0.8_5.C	98	2.000	50.000	1.952
BPP_200_100_0.1_0.8_6.C	97	1.000	49.000	1.935
BPP_200_100_0.1_0.8_6.C	97	1.000	49.000	1.903
BPP_200_100_0.1_0.8_6.C	97	1.000	49.000	1.895
BPP_200_100_0.1_0.8_6.C	97	1.000	49.000	1.975
BPP_200_100_0.1_0.8_6.C	97	1.000	49.000	1.975
BPP_200_100_0.1_0.8_6.C	97	1.000	49.000	1.955
BPP_200_100_0.1_0.8_6.C	97	1.000	49.000	1.989
BPP_200_100_0.1_0.8_6.C	97	1.000	49.000	1.945
BPP_200_100_0.1_0.8_6.C	97	1.000	49.000	1.897
BPP_200_100_0.1_0.8_6.C	97	1.000	49.000	1.901
BPP_200_100_0.1_0.8_7.C	98	5.600	51.800	1.981
BPP_200_100_0.1_0.8_7.C	98	5.600	51.800	1.981
BPP_200_100_0.1_0.8_7.C	98	5.600	51.800	1.924
BPP_200_100_0.1_0.8_7.C	98	5.600	51.800	1.940
BPP_200_100_0.1_0.8_7.C	98	5.600	51.800	1.944
BPP_200_100_0.1_0.8_7.C	98	5.600	51.800	1.960
BPP_200_100_0.1_0.8_7.C	98	5.600	51.800	1.912
BPP_200_100_0.1_0.8_7.C	98	5.600	51.800	1.953
BPP_200_100_0.1_0.8_7.C	97	5.600	51.300	1.938
BPP_200_100_0.1_0.8_7.C	98	5.600	51.800	1.945
BPP_200_100_0.1_0.8_8.C	104	10.000	57.000	2.026
BPP_200_100_0.1_0.8_8.C	104	10.000	57.000	2.058
BPP_200_100_0.1_0.8_8.C	104	10.000	57.000	2.057
BPP_200_100_0.1_0.8_8.C	104	10.000	57.000	2.036
BPP_200_100_0.1_0.8_8.C	104	10.000	57.000	2.029
BPP_200_100_0.1_0.8_8.C	104	10.000	57.000	2.032
BPP_200_100_0.1_0.8_8.C	104	10.000	57.000	2.039
BPP_200_100_0.1_0.8_8.C	104	10.000	57.000	2.041
BPP_200_100_0.1_0.8_8.C	104	10.000	57.000	2.044
BPP_200_100_0.1_0.8_8.C	104	10.000	57.000	2.045
BPP_200_100_0.1_0.8_9.C	104	3.200	53.600	2.109
BPP_200_100_0.1_0.8_9.C	104	3.200	53.600	2.061
BPP_200_100_0.1_0.8_9.C	104	3.200	53.600	2.090
BPP_200_100_0.1_0.8_9.C	104	3.200	53.600	2.082
BPP_200_100_0.1_0.8_9.C	104	3.200	53.600	2.042
BPP_200_100_0.1_0.8_9.C	104	3.200	53.600	2.098
BPP_200_100_0.1_0.8_9.C	104	3.200	53.600	2.102
BPP_200_100_0.1_0.8_9.C	104	3.200	53.600	2.107
BPP_200_100_0.1_0.8_9.C	104	3.200	53.600	2.071
BPP_200_100_0.1_0.8_9.C	104	3.200	53.600	2.090
BPP_200_120_0.1_0.8_0.C	100	7.400	53.700	1.993
BPP_200_120_0.1_0.8_0.C	100	7.400	53.700	1.965
BPP_200_120_0.1_0.8_0.C	100	7.400	53.700	2.008
BPP_200_120_0.1_0.8_0.C	100	7.400	53.700	2.055
BPP_200_120_0.1_0.8_0.C	100	7.400	53.700	1.993
BPP_200_120_0.1_0.8_0.C	100	7.400	53.700	2.031
BPP_200_120_0.1_0.8_0.C	100	7.400	53.700	1.983
BPP_200_120_0.1_0.8_0.C	100	7.400	53.700	2.092
BPP_200_120_0.1_0.8_0.C	100	7.400	53.700	2.057
BPP_200_120_0.1_0.8_0.C	100	7.400	53.700	2.018
BPP_200_120_0.1_0.8_1.C	92	0.800	46.400	1.880
BPP_200_120_0.1_0.8_1.C	92	0.800	46.400	1.900
BPP_200_120_0.1_0.8_1.C	92	0.800	46.400	1.824
BPP_200_120_0.1_0.8_1.C	92	0.800	46.400	1.874
BPP_200_120_0.1_0.8_1.C	92	0.800	46.400	1.857
BPP_200_120_0.1_0.8_1.C	92	0.800	46.400	1.844
BPP_200_120_0.1_0.8_1.C	92	0.800	46.400	1.904
BPP_200_120_0.1_0.8_1.C	92	0.800	46.400	1.853
BPP_200_120_0.1_0.8_1.C	92	0.800	46.400	1.885
BPP_200_120_0.1_0.8_1.C	92	0.800	46.400	1.867
BPP_200_120_0.1_0.8_2.C	113	0.200	56.600	2.216
BPP_200_120_0.1_0.8_2.C	113	0.200	56.600	2.232
BPP_200_120_0.1_0.8_2.C	113	0.200	56.600	2.266
BPP_200_120_0.1_0.8_2.C	113	0.200	56.600	2.310
BPP_200_120_0.1_0.8_2.C	110	3.000	56.500	2.231
BPP_200_120_0.1_0.8_2.C	113	0.200	56.600	2.187
BPP_200_120_0.1_0.8_2.C	113	0.200	56.600	2.233
BPP_200_120_0.1_0.8_2.C	113	0.200	56.600	2.218
BPP_200_120_0.1_0.8_2.C	113	0.200	56.600	2.204
BPP_200_120_0.1_0.8_2.C	113	0.200	56.600	2.197
BPP_200_120_0.1_0.8_3.C	98	6.200	52.100	1.915
BPP_200_120_0.1_0.8_3.C	98	6.200	52.100	1.881
BPP_200_120_0.1_0.8_3.C	98	6.200	52.100	1.929
BPP_200_120_0.1_0.8_3.C	98	6.200	52.100	1.892
BPP_200_120_0.1_0.8_3.C	98	6.200	52.100	1.874
BPP_200_120_0.1_0.8_3.C	98	6.200	52.100	1.892
BPP_200_120_0.1_0.8_3.C	98	6.200	52.100	1.897
BPP_200_120_0.1_0.8_3.C	98	5.600	51.800	1.919
BPP_200_120_0.1_0.8_3.C	98	6.200	52.100	1.952
BPP_200_120_0.1_0.8_3.C	98	6.200	52.100	1.937
BPP_200_120_0.1_0.8_4.C	107	3.000	55.000	2.017
BPP_200_120_0.1_0.8_4.C	105	4.000	54.500	2.052
BPP_200_120_0.1_0.8_4.C	107	3.000	55.000	2.034
BPP_200_120_0.1_0.8_4.C	107	3.000	55.000	2.033
BPP_200_120_0.1_0.8_4.C	107	3.000	55.000	2.048
BPP_200_120_0.1_0.8_4.C	107	3.000	55.000	2.054
BPP_200_120_0.1_0.8_4.C	107	3.000	55.000	2.066
BPP_200_120_0.1_0.8_4.C	107	2.400	54.700	2.044
BPP_200_120_0.1_0.8_4.C	107	3.000	55.000	2.028
BPP_200_120_0.1_0.8_4.C	107	3.000	55.000	2.044
BPP_200_120_0.1_0.8_5.C	103	3.200	53.100	2.078
BPP_200_120_0.1_0.8_5.C	103	3.200	53.100	2.041
BPP_200_120_0.1_0.8_5.C	103	3.200	53.100	2.066
BPP_200_120_0.1_0.8_5.C	103	3.200	53.100	2.072
BPP_200_120_0.1_0.8_5.C	103	3.200	53.100	2.102
BPP_200_120_0.1_0.8_5.C	102	3.200	52.600	2.053
BPP_200_120_0.1_0.8_5.C	103	3.200	53.100	2.097
BPP_200_120_0.1_0.8_5.C	103	3.200	53.100	2.076
BPP_200_120_0.1_0.8_5.C	103	3.200	53.100	2.083
BPP_200_120_0.1_0.8_5.C	102	3.000	52.500	2.072
BPP_200_120_0.1_0.8_6.C	102	2.400	52.200	1.905
BPP_200_120_0.1_0.8_6.C	102	2.400	52.200	1.901
BPP_200_120_0.1_0.8_6.C	102	2.400	52.200	1.871
BPP_200_120_0.1_0.8_6.C	102	2.400	52.200	1.896
BPP_200_120_0.1_0.8_6.C	102	2.400	52.200	1.876
BPP_200_120_0.1_0.8_6.C	102	2.400	52.200	1.886
BPP_200_120_0.1_0.8_6.C	102	2.400	52.200	1.931
BPP_200_120_0.1_0.8_6.C	102	2.400	52.200	1.977
BPP_200_120_0.1_0.8_6.C	102	2.400	52.200	1.877
BPP_200_120_0.1_0.8_6.C	102	2.400	52.200	1.873
BPP_200_120_0.1_0.8_7.C	102	5.600	53.800	2.053
BPP_200_120_0.1_0.8_7.C	102	5.600	53.800	2.105
BPP_200_120_0.1_0.8_7.C	102	5.600	53.800	2.042
BPP_200_120_0.1_0.8_7.C	102	5.600	53.800	2.112
BPP_200_120_0.1_0.8_7.C	102	5.600	53.800	2.095
BPP_200_120_0.1_0.8_7.C	102	5.600	53.800	2.084
BPP_200_120_0.1_0.8_7.C	102	5.600	53.800	2.064
BPP_200_120_0.1_0.8_7.C	102	5.600	53.800	2.062
BPP_200_120_0.1_0.8_7.C	102	5.600	53.800	2.061
BPP_200_120_0.1_0.8_7.C	102	5.600	53.800	2.101
BPP_200_120_0.1_0.8_8.C	96	9.200	52.600	2.055
BPP_200_120_0.1_0.8_8.C	96	9.200	52.600	2.036
BPP_200_120_0.1_0.8_8.C	96	9.200	52.600	2.028
BPP_200_120_0.1_0.8_8.C	96	9.200	52.600	2.059
BPP_200_120_0.1_0.8_8.C	96	9.200	52.600	2.103
BPP_200_120_0.1_0.8_8.C	96	9.200	52.600	2.023
BPP_200_120_0.1_0.8_8.C	96	9.200	52.600	2.112
BPP_200_120_0.1_0.8_8.C	96	9.200	52.600	2.069
BPP_200_120_0.1_0.8_8.C	96	9.200	52.600	2.063
BPP_200_120_0.1_0.8_8.C	96	9.200	52.600	2.058
BPP_200_120_0.1_0.8_9.C	108	6.800	57.400	2.254
BPP_200_120_0.1_0.8_9.C	108	6.800	57.400	2.260
BPP_200_120_0.1_0.8_9.C	108	6.800	57.400	2.338
BPP_200_120_0.1_0.8_9.C	108	6.800	57.400	2.247
BPP_200_120_0.1_0.8_9.C	108	6.800	57.400	2.324
BPP_200_120_0.1_0.8_9.C	108	6.800	57.400	2.325
BPP_200_120_0.1_0.8_9.C	108	6.800	57.400	2.259
BPP_200_120_0.1_0.8_9.C	108	6.800	57.400	2.360
BPP_200_120_0.1_0.8_9.C	108	6.800	57.400	2.331
BPP_200_120_0.1_0.8_9.C	108	6.800	57.400	2.309
BPP_200_125_0.1_0.8_0.C	104	6.600	55.300	1.982
BPP_200_125_0.1_0.8_0.C	104	6.600	55.300	1.995
BPP_200_125_0.1_0.8_0.C	104	6.600	55.300	2.011
BPP_200_125_0.1_0.8_0.C	104	6.600	55.300	1.960
BPP_200_125_0.1_0.8_0.C	104	6.600	55.300	2.107
BPP_200_125_0.1_0.8_0.C	104	6.600	55.300	1.952
BPP_200_125_0.1_0.8_0.C	104	6.600	55.300	1.973
BPP_200_125_0.1_0.8_0.C	104	6.600	55.300	1.957
BPP_200_125_0.1_0.8_0.C	104	6.400	55.200	1.952
BPP_200_125_0.1_0.8_0.C	104	6.600	55.300	1.997
BPP_200_125_0.1_0.8_1.C	111	6.000	58.500	2.088
BPP_200_125_0.1_0.8_1.C	111	6.000	58.500	2.125
BPP_200_125_0.1_0.8_1.C	111	6.000	58.500	2.112
BPP_200_125_0.1_0.8_1.C	109	7.400	58.200	2.197
BPP_200_125_0.1_0.8_1.C	111	6.000	58.500	2.086
BPP_200_125_0.1_0.8_1.C	110	6.600	58.300	2.132
BPP_200_125_0.1_0.8_1.C	111	6.000	58.500	2.146
BPP_200_125_0.1_0.8_1.C	109	5.600	57.300	2.157
BPP_200_125_0.1_0.8_1.C	111	6.000	58.500	2.116
BPP_200_125_0.1_0.8_1.C	111	6.000	58.500	2.218
BPP_200_125_0.1_0.8_2.C	100	5.400	52.700	2.097
BPP_200_125_0.1_0.8_2.C	100	5.400	52.700	2.139
BPP_200_125_0.1_0.8_2.C	98	7.200	52.600	2.162
BPP_200_125_0.1_0.8_2.C	100	5.400	52.700	2.188
BPP_200_125_0.1_0.8_2.C	97	6.800	51.900	2.110
BPP_200_125_0.1_0.8_2.C	98	6.200	52.100	2.079
BPP_200_125_0.1_0.8_2.C	100	5.400	52.700	2.077
BPP_200_125_0.1_0.8_2.C	100	5.400	52.700	2.094
BPP_200_125_0.1_0.8_2.C	100	5.400	52.700	2.117
BPP_200_125_0.1_0.8_2.C	100	5.400	52.700	2.055
BPP_200_125_0.1_0.8_3.C	100	10.200	55.100	2.154
BPP_200_125_0.1_0.8_3.C	100	10.200	55.100	2.149
BPP_200_125_0.1_0.8_3.C	100	10.200	55.100	2.152
BPP_200_125_0.1_0.8_3.C	100	10.200	55.100	2.142
BPP_200_125_0.1_0.8_3.C	100	10.200	55.100	2.124
BPP_200_125_0.1_0.8_3.C	100	10.200	55.100	2.184
BPP_200_125_0.1_0.8_3.C	100	10.200	55.100	2.156
BPP_200_125_0.1_0.8_3.C	100	10.200	55.100	2.192
BPP_200_125_0.1_0.8_3.C	100	10.200	55.100	2.195
BPP_200_125_0.1_0.8_3.C	100	10.200	55.100	2.150
BPP_200_125_0.1_0.8_4.C	100	8.400	54.200	1.953
BPP_200_125_0.1_0.8_4.C	100	8.400	54.200	1.935
BPP_200_125_0.1_0.8_4.C	100	8.400	54.200	1.924
BPP_200_125_0.1_0.8_4.C	100	8.400	54.200	1.933
BPP_200_125_0.1_0.8_4.C	100	8.400	54.200	1.980
BPP_200_125_0.1_0.8_4.C	100	8.400	54.200	1.933
BPP_200_125_0.1_0.8_4.C	100	8.400	54.200	1.922
BPP_200_125_0.1_0.8_4.C	100	8.400	54.200	1.949
BPP_200_125_0.1_0.8_4.C	100	8.400	54.200	1.978
BPP_200_125_0.1_0.8_4.C	100	8.400	54.200	1.965
BPP_200_125_0.1_0.8_5.C	107	6.000	56.500	2.191
BPP_200_125_0.1_0.8_5.C	106	4.800	55.400	2.156
BPP_200_125_0.1_0.8_5.C	107	6.000	56.500	2.166
BPP_200_125_0.1_0.8_5.C	107	6.000	56.500	2.207
BPP_200_125_0.1_0.8_5.C	107	6.000	56.500	2.146
BPP_200_125_0.1_0.8_5.C	105	6.400	55.700	2.154
BPP_200_125_0.1_0.8_5.C	106	6.000	56.000	2.194
BPP_200_125_0.1_0.8_5.C	107	6.000	56.500	2.181
BPP_200_125_0.1_0.8_5.C	107	6.000	56.500	2.156
BPP_200_125_0.1_0.8_5.C	107	5.000	56.000	2.233
BPP_200_125_0.1_0.8_6.C	101	2.800	51.900	2.221
BPP_200_125_0.1_0.8_6.C	101	2.800	51.900	2.189
BPP_200_125_0.1_0.8_6.C	101	2.800	51.900	2.271
BPP_200_125_0.1_0.8_6.C	101	2.800	51.900	2.199
BPP_200_125_0.1_0.8_6.C	101	2.800	51.900	2.211
BPP_200_125_0.1_0.8_6.C	101	2.800	51.900	2.224
BPP_200_125_0.1_0.8_6.C	101	2.800	51.900	2.237
BPP_200_125_0.1_0.8_6.C	101	2.800	51.900	2.218
BPP_200_125_0.1_0.8_6.C	101	2.800	51.900	2.240
BPP_200_125_0.1_0.8_6.C	101	2.800	51.900	2.214
BPP_200_125_0.1_0.8_7.C	94	4.600	49.300	1.974
BPP_200_125_0.1_0.8_7.C	94	4.600	49.300	2.016
BPP_200_125_0.1_0.8_7.C	94	4.600	49.300	1.992
BPP_200_125_0.1_0.8_7.C	94	4.600	49.300	1.960
BPP_200_125_0.1_0.8_7.C	94	4.600	49.300	1.938
BPP_200_125_0.1_0.8_7.C	94	4.600	49.300	1.987
BPP_200_125_0.1_0.8_7.C	94	4.600	49.300	1.988
BPP_200_125_0.1_0.8_7.C	94	4.600	49.300	2.007
BPP_200_125_0.1_0.8_7.C	94	4.600	49.300	1.965
BPP_200_125_0.1_0.8_7.C	94	4.600	49.300	1.951
BPP_200_125_0.1_0.8_8.C	102	4.800	53.400	2.113
BPP_200_125_0.1_0.8_8.C	102	4.800	53.400	2.118
BPP_200_125_0.1_0.8_8.C	102	4.800	53.400	2.130
BPP_200_125_0.1_0.8_8.C	102	4.800	53.400	2.129
BPP_200_125_0.1_0.8_8.C	101	3.800	52.400	2.089
BPP_200_125_0.1_0.8_8.C	102	4.800	53.400	2.092
BPP_200_125_0.1_0.8_8.C	102	4.800	53.400	2.169
BPP_200_125_0.1_0.8_8.C	102	4.800	53.400	2.136
BPP_200_125_0.1_0.8_8.C	102	4.800	53.400	2.176
BPP_200_125_0.1_0.8_8.C	101	3.800	52.400	2.096
BPP_200_125_0.1_0.8_9.C	102	1.800	51.900	2.016
BPP_200_125_0.1_0.8_9.C	102	1.800	51.900	2.080
BPP_200_125_0.1_0.8_9.C	102	1.800	51.900	2.042
BPP_200_125_0.1_0.8_9.C	102	1.800	51.900	1.991
BPP_200_125_0.1_0.8_9.C	102	1.800	51.900	2.083
BPP_200_125_0.1_0.8_9.C	102	1.800	51.900	2.028
BPP_200_125_0.1_0.8_9.C	102	1.800	51.900	2.032
BPP_200_125_0.1_0.8_9.C	102	1.800	51.900	2.069
BPP_200_125_0.1_0.8_9.C	102	1.800	51.900	2.031
BPP_200_125_0.1_0.8_9.C	102	1.800	51.900	2.060
BPP_200_150_0.1_0.8_0.C	102	2.200	52.100	2.016
BPP_200_150_0.1_0.8_0.C	101	4.200	52.600	2.018
BPP_200_150_0.1_0.8_0.C	101	2.200	51.600	1.952
BPP_200_150_0.1_0.8_0.C	102	3.000	52.500	1.942
BPP_200_150_0.1_0.8_0.C	103	2.400	52.700	1.981
BPP_200_150_0.1_0.8_0.C	101	3.800	52.400	2.009
BPP_200_150_0.1_0.8_0.C	100	2.400	51.200	1.969
BPP_200_150_0.1_0.8_0.C	102	3.200	52.600	1.973
BPP_200_150_0.1_0.8_0.C	102	2.600	52.300	1.986
BPP_200_150_0.1_0.8_0.C	102	2.400	52.200	1.995
BPP_200_150_0.1_0.8_1.C	103	3.800	53.400	2.088
BPP_200_150_0.1_0.8_1.C	103	3.800	53.400	2.062
BPP_200_150_0.1_0.8_1.C	103	3.800	53.400	2.057
BPP_200_150_0.1_0.8_1.C	103	3.800	53.400	2.112
BPP_200_150_0.1_0.8_1.C	103	3.800	53.400	2.069
BPP_200_150_0.1_0.8_1.C	103	3.800	53.400	2.060
BPP_200_150_0.1_0.8_1.C	103	3.800	53.400	2.072
BPP_200_150_0.1_0.8_1.C	103	3.800	53.400	2.162
BPP_200_150_0.1_0.8_1.C	103	3.800	53.400	2.084
BPP_200_150_0.1_0.8_1.C	103	3.800	53.400	2.152
BPP_200_150_0.1_0.8_2.C	101	4.600	52.800	1.996
BPP_200_150_0.1_0.8_2.C	100	4.400	52.200	1.973
BPP_200_150_0.1_0.8_2.C	101	4.600	52.800	1.941
BPP_200_150_0.1_0.8_2.C	101	4.600	52.800	1.959
BPP_200_150_0.1_0.8_2.C	101	4.600	52.800	1.957
BPP_200_150_0.1_0.8_2.C	101	4.600	52.800	1.966
BPP_200_150_0.1_0.8_2.C	101	4.600	52.800	1.961
BPP_200_150_0.1_0.8_2.C	101	4.600	52.800	1.971
BPP_200_150_0.1_0.8_2.C	101	4.600	52.800	1.920
BPP_200_150_0.1_0.8_2.C	101	4.600	52.800	1.998
BPP_200_150_0.1_0.8_3.C	103	7.200	55.100	2.033
BPP_200_150_0.1_0.8_3.C	103	7.200	55.100	2.014
BPP_200_150_0.1_0.8_3.C	103	7.200	55.100	2.020
BPP_200_150_0.1_0.8_3.C	103	7.200	55.100	2.013
BPP_200_150_0.1_0.8_3.C	103	7.200	55.100	2.019
BPP_200_150_0.1_0.8_3.C	103	7.200	55.100	2.036
BPP_200_150_0.1_0.8_3.C	103	7.200	55.100	2.004
BPP_200_150_0.1_0.8_3.C	103	7.200	55.100	2.039
BPP_200_150_0.1_0.8_3.C	103	7.200	55.100	2.007
BPP_200_150_0.1_0.8_3.C	103	7.200	55.100	1.984
BPP_200_150_0.1_0.8_4.C	110	8.000	59.000	2.106
BPP_200_150_0.1_0.8_4.C	110	8.000	59.000	2.109
BPP_200_150_0.1_0.8_4.C	109	7.000	58.000	2.131
BPP_200_150_0.1_0.8_4.C	110	8.000	59.000	2.126
BPP_200_150_0.1_0.8_4.C	109	6.800	57.900	2.131
BPP_200_150_0.1_0.8_4.C	110	8.000	59.000	2.108
BPP_200_150_0.1_0.8_4.C	110	8.000	59.000	2.079
BPP_200_150_0.1_0.8_4.C	110	8.000	59.000	2.108
BPP_200_150_0.1_0.8_4.C	110	8.000	59.000	2.128
BPP_200_150_0.1_0.8_4.C	110	8.000	59.000	2.110
BPP_200_150_0.1_0.8_5.C	103	5.800	54.400	2.127
BPP_200_150_0.1_0.8_5.C	103	5.800	54.400	2.220
BPP_200_150_0.1_0.8_5.C	103	5.800	54.400	2.098
BPP_200_150_0.1_0.8_5.C	103	5.800	54.400	2.122
BPP_200_150_0.1_0.8_5.C	103	5.800	54.400	2.190
BPP_200_150_0.1_0.8_5.C	103	5.800	54.400	2.097
BPP_200_150_0.1_0.8_5.C	103	5.800	54.400	2.131
BPP_200_150_0.1_0.8_5.C	103	5.800	54.400	2.151
BPP_200_150_0.1_0.8_5.C	103	5.800	54.400	2.125
BPP_200_150_0.1_0.8_5.C	103	5.800	54.400	2.120
BPP_200_150_0.1_0.8_6.C	107	3.000	55.000	2.303
BPP_200_150_0.1_0.8_6.C	107	3.000	55.000	2.262
BPP_200_150_0.1_0.8_6.C	107	3.000	55.000	2.244
BPP_200_150_0.1_0.8_6.C	107	3.000	55.000	2.244
BPP_200_150_0.1_0.8_6.C	107	3.000	55.000	2.261
BPP_200_150_0.1_0.8_6.C	107	3.000	55.000	2.257
BPP_200_150_0.1_0.8_6.C	107	3.000	55.000	2.291
BPP_200_150_0.1_0.8_6.C	105	4.600	54.800	2.273
BPP_200_150_0.1_0.8_6.C	107	3.000	55.000	2.296
BPP_200_150_0.1_0.8_6.C	107	3.000	55.000	2.277
BPP_200_150_0.1_0.8_7.C	108	11.600	59.800	2.145
BPP_200_150_0.1_0.8_7.C	107	10.600	58.800	2.117
BPP_200_150_0.1_0.8_7.C	108	11.600	59.800	2.190
BPP_200_150_0.1_0.8_7.C	108	11.600	59.800	2.182
BPP_200_150_0.1_0.8_7.C	108	11.600	59.800	2.165
BPP_200_150_0.1_0.8_7.C	108	11.600	59.800	2.161
BPP_200_150_0.1_0.8_7.C	107	10.600	58.800	2.213
BPP_200_150_0.1_0.8_7.C	107	10.600	58.800	2.177
BPP_200_150_0.1_0.8_7.C	108	11.600	59.800	2.159
BPP_200_150_0.1_0.8_7.C	108	11.600	59.800	2.151
BPP_200_150_0.1_0.8_8.C	104	3.000	53.500	2.060
BPP_200_150_0.1_0.8_8.C	104	3.000	53.500	2.100
BPP_200_150_0.1_0.8_8.C	104	3.000	53.500	2.033
BPP_200_150_0.1_0.8_8.C	104	3.000	53.500	2.043
BPP_200_150_0.1_0.8_8.C	104	3.000	53.500	2.127
BPP_200_150_0.1_0.8_8.C	102	4.000	53.000	2.074
BPP_200_150_0.1_0.8_8.C	104	3.000	53.500	2.034
BPP_200_150_0.1_0.8_8.C	104	3.000	53.500	2.104
BPP_200_150_0.1_0.8_8.C	104	3.000	53.500	2.051
BPP_200_150_0.1_0.8_8.C	104	2.800	53.400	2.073
BPP_200_150_0.1_0.8_9.C	102	2.200	52.100	2.031
BPP_200_150_0.1_0.8_9.C	102	2.200	52.100	1.982
BPP_200_150_0.1_0.8_9.C	100	2.200	51.100	1.981
BPP_200_150_0.1_0.8_9.C	102	2.200	52.100	1.990
BPP_200_150_0.1_0.8_9.C	102	2.200	52.100	2.033
BPP_200_150_0.1_0.8_9.C	102	2.200	52.100	1.998
BPP_200_150_0.1_0.8_9.C	102	2.200	52.100	1.989
BPP_200_150_0.1_0.8_9.C	102	2.200	52.100	2.024
BPP_200_150_0.1_0.8_9.C	101	2.400	51.700	1.988
BPP_200_150_0.1_0.8_9.C	99	5.000	52.000	1.969
BPP_200_200_0.1_0.8_0.C	103	0.400	51.700	2.107
BPP_200_200_0.1_0.8_0.C	103	0.400	51.700	2.117
BPP_200_200_0.1_0.8_0.C	103	0.400	51.700	2.188
BPP_200_200_0.1_0.8_0.C	102	1.400	51.700	2.127
BPP_200_200_0.1_0.8_0.C	103	0.400	51.700	2.112
BPP_200_200_0.1_0.8_0.C	103	0.400	51.700	2.123
BPP_200_200_0.1_0.8_0.C	103	0.400	51.700	2.122
BPP_200_200_0.1_0.8_0.C	103	0.400	51.700	2.168
BPP_200_200_0.1_0.8_0.C	103	0.400	51.700	2.132
BPP_200_200_0.1_0.8_0.C	103	0.400	51.700	2.180
BPP_200_200_0.1_0.8_1.C	104	9.800	56.900	2.090
BPP_200_200_0.1_0.8_1.C	104	9.800	56.900	2.046
BPP_200_200_0.1_0.8_1.C	104	9.800	56.900	2.090
BPP_200_200_0.1_0.8_1.C	104	9.800	56.900	1.969
BPP_200_200_0.1_0.8_1.C	104	9.800	56.900	1.996
BPP_200_200_0.1_0.8_1.C	103	9.600	56.300	2.049
BPP_200_200_0.1_0.8_1.C	104	9.800	56.900	2.033
BPP_200_200_0.1_0.8_1.C	104	9.800	56.900	2.053
BPP_200_200_0.1_0.8_1.C	104	9.800	56.900	1.978
BPP_200_200_0.1_0.8_1.C	104	9.800	56.900	1.996
BPP_200_200_0.1_0.8_2.C	93	8.400	50.700	1.832
BPP_200_200_0.1_0.8_2.C	93	8.400	50.700	1.850
BPP_200_200_0.1_0.8_2.C	92	9.000	50.500	1.848
BPP_200_200_0.1_0.8_2.C	93	8.400	50.700	1.859
BPP_200_200_0.1_0.8_2.C	93	8.400	50.700	1.852
BPP_200_200_0.1_0.8_2.C	93	8.400	50.700	1.843
BPP_200_200_0.1_0.8_2.C	93	8.400	50.700	1.901
BPP_200_200_0.1_0.8_2.C	93	8.400	50.700	1.834
BPP_200_200_0.1_0.8_2.C	93	8.200	50.600	1.908
BPP_200_200_0.1_0.8_2.C	93	8.400	50.700	1.856
BPP_200_200_0.1_0.8_3.C	99	3.600	51.300	2.007
BPP_200_200_0.1_0.8_3.C	99	3.600	51.300	1.980
BPP_200_200_0.1_0.8_3.C	99	3.600	51.300	1.979
BPP_200_200_0.1_0.8_3.C	99	3.600	51.300	2.039
BPP_200_200_0.1_0.8_3.C	99	3.600	51.300	1.978
BPP_200_200_0.1_0.8_3.C	99	3.600	51.300	1.997
BPP_200_200_0.1_0.8_3.C	99	3.600	51.300	1.976
BPP_200_200_0.1_0.8_3.C	99	3.600	51.300	1.991
BPP_200_200_0.1_0.8_3.C	99	3.600	51.300	1.965
BPP_200_200_0.1_0.8_3.C	99	3.600	51.300	1.986
BPP_200_200_0.1_0.8_4.C	101	7.600	54.300	2.005
BPP_200_200_0.1_0.8_4.C	102	7.400	54.700	2.079
BPP_200_200_0.1_0.8_4.C	102	7.400	54.700	1.998
BPP_200_200_0.1_0.8_4.C	102	7.400	54.700	1.999
BPP_200_200_0.1_0.8_4.C	102	7.400	54.700	2.032
BPP_200_200_0.1_0.8_4.C	102	7.400	54.700	2.051
BPP_200_200_0.1_0.8_4.C	102	7.400	54.700	1.957
BPP_200_200_0.1_0.8_4.C	102	7.400	54.700	1.937
BPP_200_200_0.1_0.8_4.C	101	7.200	54.100	1.990
BPP_200_200_0.1_0.8_4.C	102	7.400	54.700	1.979
BPP_200_200_0.1_0.8_5.C	100	0.800	50.400	2.050
BPP_200_200_0.1_0.8_5.C	100	0.800	50.400	2.056
BPP_200_200_0.1_0.8_5.C	100	0.800	50.400	2.071
BPP_200_200_0.1_0.8_5.C	99	1.600	50.300	2.036
BPP_200_200_0.1_0.8_5.C	100	0.800	50.400	2.062
BPP_200_200_0.1_0.8_5.C	100	0.800	50.400	2.053
BPP_200_200_0.1_0.8_5.C	100	0.800	50.400	2.103
BPP_200_200_0.1_0.8_5.C	99	1.400	50.200	2.073
BPP_200_200_0.1_0.8_5.C	100	0.800	50.400	2.054
BPP_200_200_0.1_0.8_5.C	100	0.800	50.400	2.080
BPP_200_200_0.1_0.8_6.C	108	0.400	54.200	2.228
BPP_200_200_0.1_0.8_6.C	108	0.400	54.200	2.288
BPP_200_200_0.1_0.8_6.C	108	0.400	54.200	2.240
BPP_200_200_0.1_0.8_6.C	108	0.400	54.200	2.248
BPP_200_200_0.1_0.8_6.C	108	0.400	54.200	2.273
BPP_200_200_0.1_0.8_6.C	108	0.400	54.200	2.222
BPP_200_200_0.1_0.8_6.C	108	0.400	54.200	2.248
BPP_200_200_0.1_0.8_6.C	108	0.400	54.200	2.236
BPP_200_200_0.1_0.8_6.C	108	0.400	54.200	2.286
BPP_200_200_0.1_0.8_6.C	108	0.400	54.200	2.247
BPP_200_200_0.1_0.8_7.C	101	2.400	51.700	1.944
BPP_200_200_0.1_0.8_7.C	101	2.400	51.700	1.993
BPP_200_200_0.1_0.8_7.C	101	2.400	51.700	1.968
BPP_200_200_0.1_0.8_7.C	101	2.400	51.700	2.035
BPP_200_200_0.1_0.8_7.C	101	2.400	51.700	2.040
BPP_200_200_0.1_0.8_7.C	101	2.400	51.700	2.023
BPP_200_200_0.1_0.8_7.C	101	2.400	51.700	1.992
BPP_200_200_0.1_0.8_7.C	101	2.400	51.700	2.023
BPP_200_200_0.1_0.8_7.C	101	2.400	51.700	2.045
BPP_200_200_0.1_0.8_7.C	101	2.400	51.700	1.969
BPP_200_200_0.1_0.8_8.C	105	4.400	54.700	2.156
BPP_200_200_0.1_0.8_8.C	105	4.400	54.700	2.157
BPP_200_200_0.1_0.8_8.C	105	4.400	54.700	2.170
BPP_200_200_0.1_0.8_8.C	105	4.400	54.700	2.136
BPP_200_200_0.1_0.8_8.C	105	4.400	54.700	2.178
BPP_200_200_0.1_0.8_8.C	105	4.400	54.700	2.144
BPP_200_200_0.1_0.8_8.C	105	4.400	54.700	2.193
BPP_200_200_0.1_0.8_8.C	105	4.400	54.700	2.211
BPP_200_200_0.1_0.8_8.C	105	4.400	54.700	2.185
BPP_200_200_0.1_0.8_8.C	105	4.400	54.700	2.169
BPP_200_200_0.1_0.8_9.C	103	4.600	53.800	2.092
BPP_200_200_0.1_0.8_9.C	102	5.000	53.500	2.021
BPP_200_200_0.1_0.8_9.C	102	3.400	52.700	2.051
BPP_200_200_0.1_0.8_9.C	103	4.600	53.800	2.068
BPP_200_200_0.1_0.8_9.C	103	4.600	53.800	2.049
BPP_200_200_0.1_0.8_9.C	103	4.600	53.800	2.081
BPP_200_200_0.1_0.8_9.C	103	4.600	53.800	2.057
BPP_200_200_0.1_0.8_9.C	103	4.600	53.800	2.072
BPP_200_200_0.1_0.8_9.C	102	5.000	53.500	2.128
BPP_200_200_0.1_0.8_9.C	103	4.600	53.800	2.084
BPP_200_300_0.1_0.8_0.C	100	0.000	50.000	2.030
BPP_200_300_0.1_0.8_0.C	100	0.000	50.000	2.069
BPP_200_300_0.1_0.8_0.C	100	0.000	50.000	2.041
BPP_200_300_0.1_0.8_0.C	100	0.000	50.000	2.067
BPP_200_300_0.1_0.8_0.C	100	0.000	50.000	2.077
BPP_200_300_0.1_0.8_0.C	100	0.000	50.000	2.091
BPP_200_300_0.1_0.8_0.C	100	0.000	50.000	2.047
BPP_200_300_0.1_0.8_0.C	100	0.000	50.000	2.044
BPP_200_300_0.1_0.8_0.C	100	0.000	50.000	2.053
BPP_200_300_0.1_0.8_0.C	100	0.000	50.000	2.070
BPP_200_300_0.1_0.8_1.C	106	3.600	54.800	2.155
BPP_200_300_0.1_0.8_1.C	105	4.200	54.600	2.130
BPP_200_300_0.1_0.8_1.C	106	3.600	54.800	2.135
BPP_200_300_0.1_0.8_1.C	106	3.600	54.800	2.201
BPP_200_300_0.1_0.8_1.C	104	4.400	54.200	2.152
BPP_200_300_0.1_0.8_1.C	106	3.600	54.800	2.195
BPP_200_300_0.1_0.8_1.C	106	3.600	54.800	2.162
BPP_200_300_0.1_0.8_1.C	106	3.600	54.800	2.132
BPP_200_300_0.1_0.8_1.C	105	4.600	54.800	2.171
BPP_200_300_0.1_0.8_1.C	105	4.000	54.500	2.140
BPP_200_300_0.1_0.8_2.C	106	1.000	53.500	2.182
BPP_200_300_0.1_0.8_2.C	106	1.000	53.500	2.161
BPP_200_300_0.1_0.8_2.C	106	1.000	53.500	2.159
BPP_200_300_0.1_0.8_2.C	106	1.000	53.500	2.195
BPP_200_300_0.1_0.8_2.C	106	1.000	53.500	2.169
BPP_200_300_0.1_0.8_2.C	106	1.000	53.500	2.153
BPP_200_300_0.1_0.8_2.C	106	1.000	53.500	2.155
BPP_200_300_0.1_0.8_2.C	106	1.000	53.500	2.189
BPP_200_300_0.1_0.8_2.C	106	1.000	53.500	2.154
BPP_200_300_0.1_0.8_2.C	106	1.000	53.500	2.172
BPP_200_300_0.1_0.8_3.C	108	9.600	58.800	2.247
BPP_200_300_0.1_0.8_3.C	108	9.600	58.800	2.244
BPP_200_300_0.1_0.8_3.C	107	10.400	58.700	2.220
BPP_200_300_0.1_0.8_3.C	108	9.600	58.800	2.257
BPP_200_300_0.1_0.8_3.C	108	9.600	58.800	2.213
BPP_200_300_0.1_0.8_3.C	108	9.600	58.800	2.248
BPP_200_300_0.1_0.8_3.C	108	9.600	58.800	2.219
BPP_200_300_0.1_0.8_3.C	107	10.200	58.600	2.238
BPP_200_300_0.1_0.8_3.C	108	9.600	58.800	2.279
BPP_200_300_0.1_0.8_3.C	107	10.200	58.600	2.216
BPP_200_300_0.1_0.8_4.C	104	9.400	56.700	1.937
BPP_200_300_0.1_0.8_4.C	104	9.400	56.700	2.054
BPP_200_300_0.1_0.8_4.C	104	9.400	56.700	1.939
BPP_200_300_0.1_0.8_4.C	104	9.400	56.700	1.964
BPP_200_300_0.1_0.8_4.C	103	8.400	55.700	1.954
BPP_200_300_0.1_0.8_4.C	104	9.400	56.700	1.960
BPP_200_300_0.1_0.8_4.C	104	9.400	56.700	1.974
BPP_200_300_0.1_0.8_4.C	104	9.400	56.700	1.963
BPP_200_300_0.1_0.8_4.C	104	9.400	56.700	1.961
BPP_200_300_0.1_0.8_4.C	104	9.400	56.700	2.018
BPP_200_300_0.1_0.8_5.C	96	1.800	48.900	2.041
BPP_200_300_0.1_0.8_5.C	96	1.800	48.900	2.032
BPP_200_300_0.1_0.8_5.C	96	1.800	48.900	2.060
BPP_200_300_0.1_0.8_5.C	96	1.800	48.900	2.029
BPP_200_300_0.1_0.8_5.C	96	1.800	48.900	2.049
BPP_200_300_0.1_0.8_5.C	96	1.800	48.900	2.039
BPP_200_300_0.1_0.8_5.C	96	1.800	48.900	2.040
BPP_200_300_0.1_0.8_5.C	96	1.800	48.900	2.073
BPP_200_300_0.1_0.8_5.C	96	1.800	48.900	2.087
BPP_200_300_0.1_0.8_5.C	96	1.800	48.900	2.049
BPP_200_300_0.1_0.8_6.C	106	4.200	55.100	2.077
BPP_200_300_0.1_0.8_6.C	106	4.200	55.100	2.171
BPP_200_300_0.1_0.8_6.C	106	4.200	55.100	2.072
BPP_200_300_0.1_0.8_6.C	106	4.200	55.100	2.034
BPP_200_300_0.1_0.8_6.C	106	4.200	55.100	2.081
BPP_200_300_0.1_0.8_6.C	104	5.400	54.700	2.078
BPP_200_300_0.1_0.8_6.C	106	4.200	55.100	2.070
BPP_200_300_0.1_0.8_6.C	106	4.200	55.100	2.119
BPP_200_300_0.1_0.8_6.C	106	4.200	55.100	2.086
BPP_200_300_0.1_0.8_6.C	106	4.200	55.100	2.062
BPP_200_300_0.1_0.8_7.C	100	3.400	51.700	1.889
BPP_200_300_0.1_0.8_7.C	100	3.400	51.700	1.903
BPP_200_300_0.1_0.8_7.C	100	3.400	51.700	1.996
BPP_200_300_0.1_0.8_7.C	100	3.400	51.700	1.944
BPP_200_300_0.1_0.8_7.C	100	3.400	51.700	1.966
BPP_200_300_0.1_0.8_7.C	100	3.400	51.700	1.940
BPP_200_300_0.1_0.8_7.C	100	3.400	51.700	1.886
BPP_200_300_0.1_0.8_7.C	101	2.000	51.500	1.926
BPP_200_300_0.1_0.8_7.C	100	3.400	51.700	1.914
BPP_200_300_0.1_0.8_7.C	100	3.400	51.700	1.959
BPP_200_300_0.1_0.8_8.C	100	5.400	52.700	2.005
BPP_200_300_0.1_0.8_8.C	100	5.400	52.700	2.028
BPP_200_300_0.1_0.8_8.C	100	5.400	52.700	2.027
BPP_200_300_0.1_0.8_8.C	100	5.400	52.700	1.999
BPP_200_300_0.1_0.8_8.C	100	5.400	52.700	2.013
BPP_200_300_0.1_0.8_8.C	100	5.400	52.700	2.030
BPP_200_300_0.1_0.8_8.C	100	5.400	52.700	2.045
BPP_200_300_0.1_0.8_8.C	100	5.400	52.700	2.017
BPP_200_300_0.1_0.8_8.C	100	5.400	52.700	2.009
BPP_200_300_0.1_0.8_8.C	100	5.400	52.700	2.057
BPP_200_300_0.1_0.8_9.C	106	3.400	54.700	2.205
BPP_200_300_0.1_0.8_9.C	106	3.400	54.700	2.181
BPP_200_300_0.1_0.8_9.C	106	3.400	54.700	2.175
BPP_200_300_0.1_0.8_9.C	106	3.400	54.700	2.168
BPP_200_300_0.1_0.8_9.C	106	3.400	54.700	2.176
BPP_200_300_0.1_0.8_9.C	106	3.400	54.700	2.155
BPP_200_300_0.1_0.8_9.C	106	3.400	54.700	2.212
BPP_200_300_0.1_0.8_9.C	106	3.400	54.700	2.277
BPP_200_300_0.1_0.8_9.C	106	3.400	54.700	2.214
BPP_200_300_0.1_0.8_9.C	106	3.400	54.700	2.183
BPP_200_400_0.1_0.8_0.C	111	11.800	61.400	2.120
BPP_200_400_0.1_0.8_0.C	109	11.200	60.100	2.126
BPP_200_400_0.1_0.8_0.C	111	11.800	61.400	2.135
BPP_200_400_0.1_0.8_0.C	110	10.800	60.400	2.230
BPP_200_400_0.1_0.8_0.C	109	13.000	61.000	2.136
BPP_200_400_0.1_0.8_0.C	110	12.000	61.000	2.129
BPP_200_400_0.1_0.8_0.C	110	10.800	60.400	2.162
BPP_200_400_0.1_0.8_0.C	111	11.400	61.200	2.137
BPP_200_400_0.1_0.8_0.C	110	9.600	59.800	2.114
BPP_200_400_0.1_0.8_0.C	111	11.800	61.400	2.111
BPP_200_400_0.1_0.8_1.C	103	1.000	52.000	1.992
BPP_200_400_0.1_0.8_1.C	104	0.400	52.200	1.972
BPP_200_400_0.1_0.8_1.C	104	1.000	52.500	2.009
BPP_200_400_0.1_0.8_1.C	104	0.400	52.200	1.949
BPP_200_400_0.1_0.8_1.C	103	1.600	52.300	1.976
BPP_200_400_0.1_0.8_1.C	104	1.000	52.500	2.011
BPP_200_400_0.1_0.8_1.C	103	0.400	51.700	1.952
BPP_200_400_0.1_0.8_1.C	103	0.600	51.800	2.005
BPP_200_400_0.1_0.8_1.C	102	0.800	51.400	1.963
BPP_200_400_0.1_0.8_1.C	103	2.000	52.500	1.975
BPP_200_400_0.1_0.8_2.C	110	2.200	56.100	2.128
BPP_200_400_0.1_0.8_2.C	110	2.000	56.000	2.098
BPP_200_400_0.1_0.8_2.C	110	2.400	56.200	2.112
BPP_200_400_0.1_0.8_2.C	108	2.200	55.100	2.101
BPP_200_400_0.1_0.8_2.C	108	3.200	55.600	2.118
BPP_200_400_0.1_0.8_2.C	110	2.400	56.200	2.110
BPP_200_400_0.1_0.8_2.C	110	2.000	56.000	2.091
BPP_200_400_0.1_0.8_2.C	108	2.800	55.400	2.124
BPP_200_400_0.1_0.8_2.C	109	3.600	56.300	2.075
BPP_200_400_0.1_0.8_2.C	109	2.600	55.800	2.076
BPP_200_400_0.1_0.8_3.C	104	4.800	54.400	2.245
BPP_200_400_0.1_0.8_3.C	104	4.800	54.400	2.303
BPP_200_400_0.1_0.8_3.C	104	4.800	54.400	2.266
BPP_200_400_0.1_0.8_3.C	104	4.800	54.400	2.251
BPP_200_400_0.1_0.8_3.C	104	4.800	54.400	2.269
BPP_200_400_0.1_0.8_3.C	104	4.800	54.400	2.266
BPP_200_400_0.1_0.8_3.C	104	4.800	54.400	2.234
BPP_200_400_0.1_0.8_3.C	104	4.800	54.400	2.226
BPP_200_400_0.1_0.8_3.C	104	4.800	54.400	2.212
BPP_200_400_0.1_0.8_3.C	104	4.800	54.400	2.265
BPP_200_400_0.1_0.8_4.C	101	10.000	55.500	2.041
BPP_200_400_0.1_0.8_4.C	101	10.000	55.500	2.020
BPP_200_400_0.1_0.8_4.C	101	10.000	55.500	2.038
BPP_200_400_0.1_0.8_4.C	101	9.800	55.400	2.040
BPP_200_400_0.1_0.8_4.C	101	9.800	55.400	2.027
BPP_200_400_0.1_0.8_4.C	101	10.000	55.500	2.011
BPP_200_400_0.1_0.8_4.C	101	9.800	55.400	2.021
BPP_200_400_0.1_0.8_4.C	101	10.000	55.500	2.027
BPP_200_400_0.1_0.8_4.C	101	10.000	55.500	2.028
BPP_200_400_0.1_0.8_4.C	101	10.000	55.500	2.052
BPP_200_400_0.1_0.8_5.C	95	4.600	49.800	1.856
BPP_200_400_0.1_0.8_5.C	95	4.600	49.800	1.860
BPP_200_400_0.1_0.8_5.C	95	4.600	49.800	1.915
BPP_200_400_0.1_0.8_5.C	95	4.600	49.800	1.920
BPP_200_400_0.1_0.8_5.C	95	4.600	49.800	1.883
BPP_200_400_0.1_0.8_5.C	95	4.600	49.800	1.854
BPP_200_400_0.1_0.8_5.C	95	4.600	49.800	1.853
BPP_200_400_0.1_0.8_5.C	95	4.600	49.800	1.948
BPP_200_400_0.1_0.8_5.C	95	4.600	49.800	1.876
BPP_200_400_0.1_0.8_5.C	95	4.600	49.800	1.859
BPP_200_400_0.1_0.8_6.C	97	2.000	49.500	1.988
BPP_200_400_0.1_0.8_6.C	97	2.000	49.500	1.975
BPP_200_400_0.1_0.8_6.C	97	2.000	49.500	2.004
BPP_200_400_0.1_0.8_6.C	97	2.000	49.500	1.989
BPP_200_400_0.1_0.8_6.C	97	2.000	49.500	1.965
BPP_200_400_0.1_0.8_6.C	97	2.000	49.500	2.019
BPP_200_400_0.1_0.8_6.C	97	2.000	49.500	1.969
BPP_200_400_0.1_0.8_6.C	97	2.000	49.500	2.032
BPP_200_400_0.1_0.8_6.C	97	2.000	49.500	2.051
BPP_200_400_0.1_0.8_6.C	97	2.000	49.500	2.004
BPP_200_400_0.1_0.8_7.C	104	3.000	53.500	2.056
BPP_200_400_0.1_0.8_7.C	105	2.800	53.900	2.030
BPP_200_400_0.1_0.8_7.C	105	2.800	53.900	1.998
BPP_200_400_0.1_0.8_7.C	105	2.800	53.900	1.977
BPP_200_400_0.1_0.8_7.C	105	2.800	53.900	1.968
BPP_200_400_0.1_0.8_7.C	105	2.800	53.900	2.006
BPP_200_400_0.1_0.8_7.C	105	2.800	53.900	1.974
BPP_200_400_0.1_0.8_7.C	105	2.800	53.900	2.008
BPP_200_400_0.1_0.8_7.C	105	2.800	53.900	2.060
BPP_200_400_0.1_0.8_7.C	105	2.800	53.900	2.066
BPP_200_400_0.1_0.8_8.C	101	1.400	51.200	2.088
BPP_200_400_0.1_0.8_8.C	102	0.800	51.400	2.083
BPP_200_400_0.1_0.8_8.C	102	0.800	51.400	2.077
BPP_200_400_0.1_0.8_8.C	101	1.200	51.100	2.045
BPP_200_400_0.1_0.8_8.C	102	0.800	51.400	2.043
BPP_200_400_0.1_0.8_8.C	102	0.800	51.400	2.106
BPP_200_400_0.1_0.8_8.C	101	1.400	51.200	2.087
BPP_200_400_0.1_0.8_8.C	102	0.800	51.400	2.062
BPP_200_400_0.1_0.8_8.C	102	0.800	51.400	2.064
BPP_200_400_0.1_0.8_8.C	101	1.200	51.100	2.061
BPP_200_400_0.1_0.8_9.C	104	2.400	53.200	2.097
BPP_200_400_0.1_0.8_9.C	104	2.400	53.200	2.145
BPP_200_400_0.1_0.8_9.C	104	2.400	53.200	2.186
BPP_200_400_0.1_0.8_9.C	104	2.400	53.200	2.151
BPP_200_400_0.1_0.8_9.C	104	2.200	53.100	2.134
BPP_200_400_0.1_0.8_9.C	104	2.400	53.200	2.110
BPP_200_400_0.1_0.8_9.C	104	2.400	53.200	2.135
BPP_200_400_0.1_0.8_9.C	104	2.400	53.200	2.132
BPP_200_400_0.1_0.8_9.C	104	2.400	53.200	2.180
BPP_200_400_0.1_0.8_9.C	104	2.400	53.200	2.141
BPP_200_500_0.1_0.8_0.C	109	3.200	56.100	2.122
BPP_200_500_0.1_0.8_0.C	109	3.200	56.100	2.106
BPP_200_500_0.1_0.8_0.C	109	3.200	56.100	2.129
BPP_200_500_0.1_0.8_0.C	109	3.200	56.100	2.172
BPP_200_500_0.1_0.8_0.C	109	3.200	56.100	2.100
BPP_200_500_0.1_0.8_0.C	109	3.200	56.100	2.139
BPP_200_500_0.1_0.8_0.C	109	3.200	56.100	2.163
BPP_200_500_0.1_0.8_0.C	109	3.200	56.100	2.110
BPP_200_500_0.1_0.8_0.C	109	3.200	56.100	2.123
BPP_200_500_0.1_0.8_0.C	109	3.200	56.100	2.197
BPP_200_500_0.1_0.8_1.C	101	8.600	54.800	1.978
BPP_200_500_0.1_0.8_1.C	101	8.600	54.800	1.975
BPP_200_500_0.1_0.8_1.C	101	8.600	54.800	2.027
BPP_200_500_0.1_0.8_1.C	101	8.600	54.800	1.998
BPP_200_500_0.1_0.8_1.C	101	8.600	54.800	1.994
BPP_200_500_0.1_0.8_1.C	101	8.600	54.800	1.974
BPP_200_500_0.1_0.8_1.C	101	8.600	54.800	1.981
BPP_200_500_0.1_0.8_1.C	101	8.600	54.800	1.985
BPP_200_500_0.1_0.8_1.C	101	8.600	54.800	1.997
BPP_200_500_0.1_0.8_1.C	101	8.600	54.800	1.995
BPP_200_500_0.1_0.8_2.C	91	10.200	50.600	1.956
BPP_200_500_0.1_0.8_2.C	92	10.000	51.000	1.953
BPP_200_500_0.1_0.8_2.C	92	10.000	51.000	1.916
BPP_200_500_0.1_0.8_2.C	92	10.000	51.000	1.954
BPP_200_500_0.1_0.8_2.C	92	10.000	51.000	1.926
BPP_200_500_0.1_0.8_2.C	92	10.000	51.000	1.902
BPP_200_500_0.1_0.8_2.C	90	10.600	50.300	1.944
BPP_200_500_0.1_0.8_2.C	90	11.800	50.900	1.954
BPP_200_500_0.1_0.8_2.C	92	10.000	51.000	1.988
BPP_200_500_0.1_0.8_2.C	91	10.200	50.600	1.931
BPP_200_500_0.1_0.8_3.C	103	12.600	57.800	2.085
BPP_200_500_0.1_0.8_3.C	103	12.400	57.700	2.009
BPP_200_500_0.1_0.8_3.C	103	12.600	57.800	2.043
BPP_200_500_0.1_0.8_3.C	103	12.400	57.700	1.982
BPP_200_500_0.1_0.8_3.C	103	12.600	57.800	2.019
BPP_200_500_0.1_0.8_3.C	103	12.600	57.800	2.001
BPP_200_500_0.1_0.8_3.C	103	12.600	57.800	2.040
BPP_200_500_0.1_0.8_3.C	102	12.800	57.400	2.078
BPP_200_500_0.1_0.8_3.C	103	12.600	57.800	2.026
BPP_200_500_0.1_0.8_3.C	103	12.600	57.800	2.012
BPP_200_500_0.1_0.8_4.C	101	4.600	52.800	2.043
BPP_200_500_0.1_0.8_4.C	103	3.400	53.200	2.071
BPP_200_500_0.1_0.8_4.C	103	3.400	53.200	2.027
BPP_200_500_0.1_0.8_4.C	103	3.400	53.200	2.038
BPP_200_500_0.1_0.8_4.C	103	3.400	53.200	2.051
BPP_200_500_0.1_0.8_4.C	100	4.200	52.100	2.075
BPP_200_500_0.1_0.8_4.C	101	4.200	52.600	2.024
BPP_200_500_0.1_0.8_4.C	103	3.400	53.200	2.039
BPP_200_500_0.1_0.8_4.C	103	3.400	53.200	2.032
BPP_200_500_0.1_0.8_4.C	103	3.400	53.200	2.067
BPP_200_500_0.1_0.8_5.C	106	2.800	54.400	2.113
BPP_200_500_0.1_0.8_5.C	105	4.400	54.700	2.147
BPP_200_500_0.1_0.8_5.C	106	4.000	55.000	2.090
BPP_200_500_0.1_0.8_5.C	105	4.400	54.700	2.173
BPP_200_500_0.1_0.8_5.C	106	4.000	55.000	2.131
BPP_200_500_0.1_0.8_5.C	106	4.000	55.000	2.119
BPP_200_500_0.1_0.8_5.C	104	4.400	54.200	2.078
BPP_200_500_0.1_0.8_5.C	105	3.000	54.000	2.147
BPP_200_500_0.1_0.8_5.C	106	4.000	55.000	2.120
BPP_200_500_0.1_0.8_5.C	106	4.000	55.000	2.123
BPP_200_500_0.1_0.8_6.C	103	3.600	53.300	2.198
BPP_200_500_0.1_0.8_6.C	104	2.400	53.200	2.189
BPP_200_500_0.1_0.8_6.C	103	3.600	53.300	2.188
BPP_200_500_0.1_0.8_6.C	103	3.600	53.300	2.291
BPP_200_500_0.1_0.8_6.C	103	3.600	53.300	2.190
BPP_200_500_0.1_0.8_6.C	103	3.600	53.300	2.210
BPP_200_500_0.1_0.8_6.C	103	3.600	53.300	2.178
BPP_200_500_0.1_0.8_6.C	103	3.600	53.300	2.175
BPP_200_500_0.1_0.8_6.C	103	3.600	53.300	2.214
BPP_200_500_0.1_0.8_6.C	103	3.600	53.300	2.183
BPP_200_500_0.1_0.8_7.C	99	8.800	53.900	2.086
BPP_200_500_0.1_0.8_7.C	99	8.800	53.900	2.093
BPP_200_500_0.1_0.8_7.C	99	8.800	53.900	2.028
BPP_200_500_0.1_0.8_7.C	99	8.800	53.900	2.099
BPP_200_500_0.1_0.8_7.C	99	8.800	53.900	2.026
BPP_200_500_0.1_0.8_7.C	99	8.800	53.900	2.136
BPP_200_500_0.1_0.8_7.C	99	8.800	53.900	2.198
BPP_200_500_0.1_0.8_7.C	99	8.800	53.900	2.204
BPP_200_500_0.1_0.8_7.C	99	8.800	53.900	2.089
BPP_200_500_0.1_0.8_7.C	99	8.800	53.900	2.107
BPP_200_500_0.1_0.8_8.C	116	6.400	61.200	2.326
BPP_200_500_0.1_0.8_8.C	116	6.400	61.200	2.303
BPP_200_500_0.1_0.8_8.C	116	6.200	61.100	2.341
BPP_200_500_0.1_0.8_8.C	116	6.400	61.200	2.372
BPP_200_500_0.1_0.8_8.C	116	6.400	61.200	2.347
BPP_200_500_0.1_0.8_8.C	116	6.400	61.200	2.372
BPP_200_500_0.1_0.8_8.C	115	6.400	60.700	2.418
BPP_200_500_0.1_0.8_8.C	116	6.400	61.200	2.330
BPP_200_500_0.1_0.8_8.C	116	6.400	61.200	2.337
BPP_200_500_0.1_0.8_8.C	114	7.200	60.600	2.346
BPP_200_500_0.1_0.8_9.C	104	7.400	55.700	2.065
BPP_200_500_0.1_0.8_9.C	104	7.400	55.700	2.047
BPP_200_500_0.1_0.8_9.C	104	7.400	55.700	2.071
BPP_200_500_0.1_0.8_9.C	104	7.400	55.700	2.170
BPP_200_500_0.1_0.8_9.C	104	7.400	55.700	2.054
BPP_200_500_0.1_0.8_9.C	104	7.400	55.700	2.081
BPP_200_500_0.1_0.8_9.C	104	7.400	55.700	2.022
BPP_200_500_0.1_0.8_9.C	104	7.400	55.700	2.052
BPP_200_500_0.1_0.8_9.C	104	7.400	55.700	2.023
BPP_200_500_0.1_0.8_9.C	104	7.400	55.700	2.034
BPP_200_50_0.1_0.8_0.C	89	3.800	46.400	1.815
BPP_200_50_0.1_0.8_0.C	89	3.800	46.400	1.821
BPP_200_50_0.1_0.8_0.C	89	3.800	46.400	1.811
BPP_200_50_0.1_0.8_0.C	89	3.800	46.400	1.817
BPP_200_50_0.1_0.8_0.C	89	3.800	46.400	1.832
BPP_200_50_0.1_0.8_0.C	89	3.800	46.400	1.859
BPP_200_50_0.1_0.8_0.C	89	3.800	46.400	1.831
BPP_200_50_0.1_0.8_0.C	89	3.800	46.400	1.802
BPP_200_50_0.1_0.8_0.C	89	3.800	46.400	1.822
BPP_200_50_0.1_0.8_0.C	89	3.800	46.400	1.809
BPP_200_50_0.1_0.8_1.C	101	3.600	52.300	2.040
BPP_200_50_0.1_0.8_1.C	101	3.200	52.100	2.052
BPP_200_50_0.1_0.8_1.C	101	3.600	52.300	1.992
BPP_200_50_0.1_0.8_1.C	101	3.600	52.300	2.020
BPP_200_50_0.1_0.8_1.C	101	3.600	52.300	2.010
BPP_200_50_0.1_0.8_1.C	101	3.600	52.300	2.012
BPP_200_50_0.1_0.8_1.C	100	3.800	51.900	2.000
BPP_200_50_0.1_0.8_1.C	101	3.600	52.300	2.004
BPP_200_50_0.1_0.8_1.C	101	3.400	52.200	2.047
BPP_200_50_0.1_0.8_1.C	101	3.600	52.300	2.022
BPP_200_50_0.1_0.8_2.C	93	7.000	50.000	1.830
BPP_200_50_0.1_0.8_2.C	92	7.000	49.500	1.866
BPP_200_50_0.1_0.8_2.C	93	6.800	49.900	1.810
BPP_200_50_0.1_0.8_2.C	92	7.000	49.500	1.820
BPP_200_50_0.1_0.8_2.C	92	7.400	49.700	1.832
BPP_200_50_0.1_0.8_2.C	93	7.200	50.100	1.837
BPP_200_50_0.1_0.8_2.C	92	7.000	49.500	1.829
BPP_200_50_0.1_0.8_2.C	93	7.000	50.000	1.840
BPP_200_50_0.1_0.8_2.C	92	7.200	49.600	1.897
BPP_200_50_0.1_0.8_2.C	93	7.200	50.100	1.868
BPP_200_50_0.1_0.8_3.C	101	4.600	52.800	1.968
BPP_200_50_0.1_0.8_3.C	100	5.000	52.500	1.986
BPP_200_50_0.1_0.8_3.C	102	4.400	53.200	1.981
BPP_200_50_0.1_0.8_3.C	100	5.400	52.700	2.004
BPP_200_50_0.1_0.8_3.C	101	4.000	52.500	1.982
BPP_200_50_0.1_0.8_3.C	102	4.400	53.200	1.984
BPP_200_50_0.1_0.8_3.C	102	4.400	53.200	2.003
BPP_200_50_0.1_0.8_3.C	102	4.400	53.200	1.997
BPP_200_50_0.1_0.8_3.C	102	4.400	53.200	2.011
BPP_200_50_0.1_0.8_3.C	102	4.000	53.000	1.987
BPP_200_50_0.1_0.8_4.C	102	0.200	51.100	2.015
BPP_200_50_0.1_0.8_4.C	102	0.200	51.100	1.995
BPP_200_50_0.1_0.8_4.C	102	0.200	51.100	1.988
BPP_200_50_0.1_0.8_4.C	102	0.200	51.100	1.992
BPP_200_50_0.1_0.8_4.C	102	0.200	51.100	2.014
BPP_200_50_0.1_0.8_4.C	102	0.200	51.100	1.999
BPP_200_50_0.1_0.8_4.C	102	0.200	51.100	2.008
BPP_200_50_0.1_0.8_4.C	102	0.200	51.100	2.034
BPP_200_50_0.1_0.8_4.C	102	0.200	51.100	2.029
BPP_200_50_0.1_0.8_4.C	102	0.200	51.100	1.983
BPP_200_50_0.1_0.8_5.C	105	0.200	52.600	2.258
BPP_200_50_0.1_0.8_5.C	103	1.400	52.200	2.263
BPP_200_50_0.1_0.8_5.C	105	0.200	52.600	2.247
BPP_200_50_0.1_0.8_5.C	103	1.000	52.000	2.207
BPP_200_50_0.1_0.8_5.C	105	0.200	52.600	2.208
BPP_200_50_0.1_0.8_5.C	103	1.400	52.200	2.223
BPP_200_50_0.1_0.8_5.C	105	0.200	52.600	2.226
BPP_200_50_0.1_0.8_5.C	105	0.200	52.600	2.270
BPP_200_50_0.1_0.8_5.C	104	1.200	52.600	2.229
BPP_200_50_0.1_0.8_5.C	104	1.200	52.600	2.251
BPP_200_50_0.1_0.8_6.C	107	1.400	54.200	2.058
BPP_200_50_0.1_0.8_6.C	107	1.400	54.200	2.048
BPP_200_50_0.1_0.8_6.C	107	1.400	54.200	2.113
BPP_200_50_0.1_0.8_6.C	107	1.400	54.200	2.040
BPP_200_50_0.1_0.8_6.C	107	1.400	54.200	2.098
BPP_200_50_0.1_0.8_6.C	107	1.400	54.200	2.035
BPP_200_50_0.1_0.8_6.C	107	1.400	54.200	2.107
BPP_200_50_0.1_0.8_6.C	103	3.400	53.200	2.191
BPP_200_50_0.1_0.8_6.C	107	1.400	54.200	2.137
BPP_200_50_0.1_0.8_6.C	106	1.000	53.500	2.074
BPP_200_50_0.1_0.8_7.C	97	2.800	49.900	2.059
BPP_200_50_0.1_0.8_7.C	97	2.800	49.900	2.012
BPP_200_50_0.1_0.8_7.C	97	2.800	49.900	2.004
BPP_200_50_0.1_0.8_7.C	96	3.400	49.700	2.075
BPP_200_50_0.1_0.8_7.C	97	2.800	49.900	2.039
BPP_200_50_0.1_0.8_7.C	97	2.800	49.900	1.944
BPP_200_50_0.1_0.8_7.C	97	2.800	49.900	1.960
BPP_200_50_0.1_0.8_7.C	97	2.800	49.900	1.918
BPP_200_50_0.1_0.8_7.C	97	2.800	49.900	1.961
BPP_200_50_0.1_0.8_7.C	97	2.800	49.900	1.958
BPP_200_50_0.1_0.8_8.C	95	3.400	49.200	1.924
BPP_200_50_0.1_0.8_8.C	94	4.200	49.100	1.903
BPP_200_50_0.1_0.8_8.C	95	3.400	49.200	1.920
BPP_200_50_0.1_0.8_8.C	95	3.400	49.200	1.904
BPP_200_50_0.1_0.8_8.C	95	3.400	49.200	1.923
BPP_200_50_0.1_0.8_8.C	95	3.400	49.200	1.922
BPP_200_50_0.1_0.8_8.C	95	3.400	49.200	1.916
BPP_200_50_0.1_0.8_8.C	93	5.000	49.000	1.978
BPP_200_50_0.1_0.8_8.C	95	3.400	49.200	1.966
BPP_200_50_0.1_0.8_8.C	95	3.400	49.200	1.899
BPP_200_50_0.1_0.8_9.C	99	5.800	52.400	1.994
BPP_200_50_0.1_0.8_9.C	99	5.800	52.400	2.017
BPP_200_50_0.1_0.8_9.C	98	5.600	51.800	1.993
BPP_200_50_0.1_0.8_9.C	99	5.600	52.300	2.070
BPP_200_50_0.1_0.8_9.C	99	5.800	52.400	2.002
BPP_200_50_0.1_0.8_9.C	99	5.400	52.200	1.982
BPP_200_50_0.1_0.8_9.C	99	5.800	52.400	1.989
BPP_200_50_0.1_0.8_9.C	99	5.800	52.400	2.008
BPP_200_50_0.1_0.8_9.C	99	5.800	52.400	2.009
BPP_200_50_0.1_0.8_9.C	99	5.600	52.300	1.980
BPP_200_750_0.1_0.8_0.C	104	12.200	58.100	2.045
BPP_200_750_0.1_0.8_0.C	102	13.200	57.600	2.011
BPP_200_750_0.1_0.8_0.C	104	12.200	58.100	2.026
BPP_200_750_0.1_0.8_0.C	102	13.800	57.900	2.036
BPP_200_750_0.1_0.8_0.C	103	13.000	58.000	2.096
BPP_200_750_0.1_0.8_0.C	104	12.200	58.100	2.039
BPP_200_750_0.1_0.8_0.C	104	12.200	58.100	2.032
BPP_200_750_0.1_0.8_0.C	104	12.200	58.100	2.010
BPP_200_750_0.1_0.8_0.C	102	14.000	58.000	2.023
BPP_200_750_0.1_0.8_0.C	104	12.200	58.100	2.044
BPP_200_750_0.1_0.8_1.C	101	9.400	55.200	2.040
BPP_200_750_0.1_0.8_1.C	101	9.200	55.100	2.096
BPP_200_750_0.1_0.8_1.C	101	9.400	55.200	2.063
BPP_200_750_0.1_0.8_1.C	101	9.400	55.200	2.041
BPP_200_750_0.1_0.8_1.C	100	8.400	54.200	2.044
BPP_200_750_0.1_0.8_1.C	100	8.400	54.200	2.015
BPP_200_750_0.1_0.8_1.C	101	9.400	55.200	2.006
BPP_200_750_0.1_0.8_1.C	101	9.400	55.200	2.016
BPP_200_750_0.1_0.8_1.C	101	9.400	55.200	2.006
BPP_200_750_0.1_0.8_1.C	100	8.400	54.200	2.028
BPP_200_750_0.1_0.8_2.C	101	7.400	54.200	2.072
BPP_200_750_0.1_0.8_2.C	101	7.400	54.200	2.091
BPP_200_750_0.1_0.8_2.C	101	7.400	54.200	2.076
BPP_200_750_0.1_0.8_2.C	101	7.400	54.200	2.083
BPP_200_750_0.1_0.8_2.C	101	7.400	54.200	2.082
BPP_200_750_0.1_0.8_2.C	101	7.400	54.200	2.094
BPP_200_750_0.1_0.8_2.C	101	7.400	54.200	2.078
BPP_200_750_0.1_0.8_2.C	101	7.400	54.200	2.119
BPP_200_750_0.1_0.8_2.C	101	7.400	54.200	2.082
BPP_200_750_0.1_0.8_2.C	101	7.400	54.200	2.102
BPP_200_750_0.1_0.8_3.C	103	11.600	57.300	2.091
BPP_200_750_0.1_0.8_3.C	102	12.400	57.200	1.999
BPP_200_750_0.1_0.8_3.C	103	11.600	57.300	2.000
BPP_200_750_0.1_0.8_3.C	103	11.600	57.300	2.019
BPP_200_750_0.1_0.8_3.C	103	11.600	57.300	2.033
BPP_200_750_0.1_0.8_3.C	102	10.600	56.300	2.048
BPP_200_750_0.1_0.8_3.C	103	11.600	57.300	2.008
BPP_200_750_0.1_0.8_3.C	102	10.800	56.400	2.062
BPP_200_750_0.1_0.8_3.C	103	11.600	57.300	2.009
BPP_200_750_0.1_0.8_3.C	103	11.600	57.300	1.991
BPP_200_750_0.1_0.8_4.C	102	2.200	52.100	2.044
BPP_200_750_0.1_0.8_4.C	102	2.200	52.100	2.021
BPP_200_750_0.1_0.8_4.C	101	2.800	51.900	2.010
BPP_200_750_0.1_0.8_4.C	101	2.600	51.800	2.022
BPP_200_750_0.1_0.8_4.C	102	2.200	52.100	2.053
BPP_200_750_0.1_0.8_4.C	102	2.400	52.200	2.041
BPP_200_750_0.1_0.8_4.C	103	1.800	52.400	2.103
BPP_200_750_0.1_0.8_4.C	101	2.600	51.800	2.069
BPP_200_750_0.1_0.8_4.C	101	3.000	52.000	2.026
BPP_200_750_0.1_0.8_4.C	101	2.600	51.800	2.029
BPP_200_750_0.1_0.8_5.C	99	7.800	53.400	1.868
BPP_200_750_0.1_0.8_5.C	99	7.800	53.400	1.873
BPP_200_750_0.1_0.8_5.C	99	7.800	53.400	1.902
BPP_200_750_0.1_0.8_5.C	99	7.800	53.400	1.872
BPP_200_750_0.1_0.8_5.C	97	6.400	51.700	1.889
BPP_200_750_0.1_0.8_5.C	97	7.400	52.200	1.866
BPP_200_750_0.1_0.8_5.C	99	7.400	53.200	1.895
BPP_200_750_0.1_0.8_5.C	99	7.800	53.400	1.889
BPP_200_750_0.1_0.8_5.C	98	7.400	52.700	1.899
BPP_200_750_0.1_0.8_5.C	98	8.000	53.000	1.884
BPP_200_750_0.1_0.8_6.C	105	4.200	54.600	1.950
BPP_200_750_0.1_0.8_6.C	101	7.200	54.100	1.961
BPP_200_750_0.1_0.8_6.C	105	4.200	54.600	1.974
BPP_200_750_0.1_0.8_6.C	104	5.200	54.600	2.009
BPP_200_750_0.1_0.8_6.C	105	4.200	54.600	1.934
BPP_200_750_0.1_0.8_6.C	105	4.200	54.600	1.952
BPP_200_750_0.1_0.8_6.C	105	4.200	54.600	1.968
BPP_200_750_0.1_0.8_6.C	103	5.200	54.100	2.019
BPP_200_750_0.1_0.8_6.C	102	5.000	53.500	1.921
BPP_200_750_0.1_0.8_6.C	105	4.200	54.600	1.974
BPP_200_750_0.1_0.8_7.C	104	4.600	54.300	2.027
BPP_200_750_0.1_0.8_7.C	104	4.600	54.300	2.001
BPP_200_750_0.1_0.8_7.C	104	4.600	54.300	2.134
BPP_200_750_0.1_0.8_7.C	104	4.600	54.300	2.001
BPP_200_750_0.1_0.8_7.C	104	4.600	54.300	2.040
BPP_200_750_0.1_0.8_7.C	104	4.600	54.300	2.007
BPP_200_750_0.1_0.8_7.C	104	4.600	54.300	2.005
BPP_200_750_0.1_0.8_7.C	104	4.600	54.300	1.998
BPP_200_750_0.1_0.8_7.C	104	4.600	54.300	2.004
BPP_200_750_0.1_0.8_7.C	104	4.600	54.300	2.060
BPP_200_750_0.1_0.8_8.C	100	3.600	51.800	2.105
BPP_200_750_0.1_0.8_8.C	99	3.400	51.200	2.051
BPP_200_750_0.1_0.8_8.C	100	3.600	51.800	2.087
BPP_200_750_0.1_0.8_8.C	100	3.600	51.800	2.122
BPP_200_750_0.1_0.8_8.C	100	3.600	51.800	2.065
BPP_200_750_0.1_0.8_8.C	100	3.600	51.800	2.041
BPP_200_750_0.1_0.8_8.C	100	3.600	51.800	2.102
BPP_200_750_0.1_0.8_8.C	100	3.600	51.800	2.073
BPP_200_750_0.1_0.8_8.C	100	3.600	51.800	2.043
BPP_200_750_0.1_0.8_8.C	98	4.800	51.400	2.082
BPP_200_750_0.1_0.8_9.C	107	3.800	55.400	2.226
BPP_200_750_0.1_0.8_9.C	107	3.800	55.400	2.209
BPP_200_750_0.1_0.8_9.C	107	3.800	55.400	2.250
BPP_200_750_0.1_0.8_9.C	107	3.800	55.400	2.212
BPP_200_750_0.1_0.8_9.C	107	3.800	55.400	2.234
BPP_200_750_0.1_0.8_9.C	107	3.800	55.400	2.199
BPP_200_750_0.1_0.8_9.C	107	3.800	55.400	2.178
BPP_200_750_0.1_0.8_9.C	107	3.800	55.400	2.242
BPP_200_750_0.1_0.8_9.C	107	3.800	55.400	2.217
BPP_200_750_0.1_0.8_9.C	107	3.800	55.400	2.222
BPP_200_75_0.1_0.8_0.C	99	4.000	51.500	1.963
BPP_200_75_0.1_0.8_0.C	99	4.000	51.500	1.972
BPP_200_75_0.1_0.8_0.C	97	4.600	50.800	1.964
BPP_200_75_0.1_0.8_0.C	99	4.000	51.500	1.987
BPP_200_75_0.1_0.8_0.C	99	4.000	51.500	1.997
BPP_200_75_0.1_0.8_0.C	99	4.000	51.500	1.979
BPP_200_75_0.1_0.8_0.C	99	4.000	51.500	1.953
BPP_200_75_0.1_0.8_0.C	99	3.400	51.200	1.973
BPP_200_75_0.1_0.8_0.C	99	4.000	51.500	1.954
BPP_200_75_0.1_0.8_0.C	99	4.000	51.500	1.967
BPP_200_75_0.1_0.8_1.C	102	2.800	52.400	2.047
BPP_200_75_0.1_0.8_1.C	102	2.800	52.400	2.121
BPP_200_75_0.1_0.8_1.C	102	2.800	52.400	2.085
BPP_200_75_0.1_0.8_1.C	100	4.400	52.200	2.052
BPP_200_75_0.1_0.8_1.C	97	6.800	51.900	2.102
BPP_200_75_0.1_0.8_1.C	102	2.800	52.400	2.095
BPP_200_75_0.1_0.8_1.C	102	2.800	52.400	2.039
BPP_200_75_0.1_0.8_1.C	99	5.600	52.300	2.048
BPP_200_75_0.1_0.8_1.C	102	2.800	52.400	2.051
BPP_200_75_0.1_0.8_1.C	102	2.800	52.400	2.061
BPP_200_75_0.1_0.8_2.C	95	0.400	47.700	2.052
BPP_200_75_0.1_0.8_2.C	95	0.400	47.700	2.044
BPP_200_75_0.1_0.8_2.C	95	0.400	47.700	2.030
BPP_200_75_0.1_0.8_2.C	95	0.400	47.700	2.033
BPP_200_75_0.1_0.8_2.C	95	0.400	47.700	2.029
BPP_200_75_0.1_0.8_2.C	95	0.400	47.700	2.061
BPP_200_75_0.1_0.8_2.C	95	0.400	47.700	2.030
BPP_200_75_0.1_0.8_2.C	95	0.400	47.700	2.090
BPP_200_75_0.1_0.8_2.C	95	0.400	47.700	2.019
BPP_200_75_0.1_0.8_2.C	95	0.400	47.700	2.040
BPP_200_75_0.1_0.8_3.C	108	5.000	56.500	2.219
BPP_200_75_0.1_0.8_3.C	109	4.600	56.800	2.285
BPP_200_75_0.1_0.8_3.C	110	4.200	57.100	2.228
BPP_200_75_0.1_0.8_3.C	110	4.200	57.100	2.259
BPP_200_75_0.1_0.8_3.C	109	5.000	57.000	2.254
BPP_200_75_0.1_0.8_3.C	110	4.200	57.100	2.249
BPP_200_75_0.1_0.8_3.C	109	4.600	56.800	2.214
BPP_200_75_0.1_0.8_3.C	110	4.200	57.100	2.261
BPP_200_75_0.1_0.8_3.C	110	4.200	57.100	2.265
BPP_200_75_0.1_0.8_3.C	110	4.200	57.100	2.254
BPP_200_75_0.1_0.8_4.C	103	1.800	52.400	2.071
BPP_200_75_0.1_0.8_4.C	103	1.800	52.400	2.060
BPP_200_75_0.1_0.8_4.C	103	1.800	52.400	2.058
BPP_200_75_0.1_0.8_4.C	103	1.800	52.400	2.015
BPP_200_75_0.1_0.8_4.C	103	1.800	52.400	2.015
BPP_200_75_0.1_0.8_4.C	103	1.800	52.400	2.041
BPP_200_75_0.1_0.8_4.C	103	1.800	52.400	2.052
BPP_200_75_0.1_0.8_4.C	103	1.800	52.400	2.028
BPP_200_75_0.1_0.8_4.C	103	1.800	52.400	2.020
BPP_200_75_0.1_0.8_4.C	103	1.800	52.400	2.009
BPP_200_75_0.1_0.8_5.C	99	4.800	51.900	2.117
BPP_200_75_0.1_0.8_5.C	99	4.800	51.900	2.029
BPP_200_75_0.1_0.8_5.C	99	4.800	51.900	2.087
BPP_200_75_0.1_0.8_5.C	99	4.800	51.900	2.033
BPP_200_75_0.1_0.8_5.C	99	4.800	51.900	2.061
BPP_200_75_0.1_0.8_5.C	99	4.800	51.900	2.054
BPP_200_75_0.1_0.8_5.C	99	4.800	51.900	2.153
BPP_200_75_0.1_0.8_5.C	99	4.800	51.900	2.026
BPP_200_75_0.1_0.8_5.C	99	4.800	51.900	2.023
BPP_200_75_0.1_0.8_5.C	99	4.800	51.900	2.102
BPP_200_75_0.1_0.8_6.C	93	7.600	50.300	2.009
BPP_200_75_0.1_0.8_6.C	94	7.600	50.800	1.946
BPP_200_75_0.1_0.8_6.C	94	7.000	50.500	1.946
BPP_200_75_0.1_0.8_6.C	93	7.000	50.000	1.990
BPP_200_75_0.1_0.8_6.C	94	7.200	50.600	1.950
BPP_200_75_0.1_0.8_6.C	94	7.600	50.800	1.945
BPP_200_75_0.1_0.8_6.C	93	8.200	50.600	2.015
BPP_200_75_0.1_0.8_6.C	94	7.600	50.800	1.969
BPP_200_75_0.1_0.8_6.C	93	7.000	50.000	1.991
BPP_200_75_0.1_0.8_6.C	93	7.400	50.200	1.973
BPP_200_75_0.1_0.8_7.C	104	4.400	54.200	2.213
BPP_200_75_0.1_0.8_7.C	102	4.400	53.200	2.139
BPP_200_75_0.1_0.8_7.C	102	5.000	53.500	2.206
BPP_200_75_0.1_0.8_7.C	103	4.200	53.600	2.155
BPP_200_75_0.1_0.8_7.C	104	4.400	54.200	2.151
BPP_200_75_0.1_0.8_7.C	104	4.400	54.200	2.147
BPP_200_75_0.1_0.8_7.C	102	6.200	54.100	2.130
BPP_200_75_0.1_0.8_7.C	103	4.800	53.900	2.173
BPP_200_75_0.1_0.8_7.C	104	4.400	54.200	2.175
BPP_200_75_0.1_0.8_7.C	103	4.600	53.800	2.101
BPP_200_75_0.1_0.8_8.C	96	6.600	51.300	2.026
BPP_200_75_0.1_0.8_8.C	96	6.600	51.300	2.033
BPP_200_75_0.1_0.8_8.C	96	6.600	51.300	2.022
BPP_200_75_0.1_0.8_8.C	96	6.600	51.300	2.028
BPP_200_75_0.1_0.8_8.C	96	6.600	51.300	2.035
BPP_200_75_0.1_0.8_8.C	96	6.600	51.300	2.021
BPP_200_75_0.1_0.8_8.C	96	6.600	51.300	2.033
BPP_200_75_0.1_0.8_8.C	96	6.600	51.300	2.041
BPP_200_75_0.1_0.8_8.C	95	6.400	50.700	2.008
BPP_200_75_0.1_0.8_8.C	95	7.600	51.300	2.068
BPP_200_75_0.1_0.8_9.C	103	10.600	56.800	2.092
BPP_200_75_0.1_0.8_9.C	102	10.400	56.200	2.143
BPP_200_75_0.1_0.8_9.C	102	10.600	56.300	2.089
BPP_200_75_0.1_0.8_9.C	103	10.600	56.800	2.128
BPP_200_75_0.1_0.8_9.C	103	10.600	56.800	2.111
BPP_200_75_0.1_0.8_9.C	102	10.400	56.200	2.123
BPP_200_75_0.1_0.8_9.C	103	10.600	56.800	2.117
BPP_200_75_0.1_0.8_9.C	103	10.600	56.800	2.129
BPP_200_75_0.1_0.8_9.C	102	10.400	56.200	2.139
BPP_200_75_0.1_0.8_9.C	103	10.600	56.800	2.097
BPP_50_1000_0.1_0.8_0.C	24	9.600	16.800	0.067
BPP_50_1000_0.1_0.8_0.C	25	8.400	16.700	0.070
BPP_50_1000_0.1_0.8_0.C	24	9.000	16.500	0.066
BPP_50_1000_0.1_0.8_0.C	24	9.600	16.800	0.067
BPP_50_1000_0.1_0.8_0.C	24	9.400	16.700	0.069
BPP_50_1000_0.1_0.8_0.C	24	9.200	16.600	0.069
BPP_50_1000_0.1_0.8_0.C	24	9.400	16.700	0.067
BPP_50_1000_0.1_0.8_0.C	23	10.000	16.500	0.069
BPP_50_1000_0.1_0.8_0.C	24	9.200	16.600	0.067
BPP_50_1000_0.1_0.8_0.C	24	9.400	16.700	0.066
BPP_50_1000_0.1_0.8_1.C	24	9.400	16.700	0.065
BPP_50_1000_0.1_0.8_1.C	24	8.000	16.000	0.065
BPP_50_1000_0.1_0.8_1.C	24	8.400	16.200	0.065
BPP_50_1000_0.1_0.8_1.C	24	8.400	16.200	0.066
BPP_50_1000_0.1_0.8_1.C	24	8.800	16.400	0.065
BPP_50_1000_0.1_0.8_1.C	24	8.000	16.000	0.065
BPP_50_1000_0.1_0.8_1.C	24	9.200	16.600	0.066
BPP_50_1000_0.1_0.8_1.C	24	9.400	16.700	0.066
BPP_50_1000_0.1_0.8_1.C	24	8.800	16.400	0.065
BPP_50_1000_0.1_0.8_1.C	24	8.200	16.100	0.064
BPP_50_1000_0.1_0.8_2.C	23	8.400	15.700	0.066
BPP_50_1000_0.1_0.8_2.C	23	8.200	15.600	0.067
BPP_50_1000_0.1_0.8_2.C	23	8.400	15.700	0.066
BPP_50_1000_0.1_0.8_2.C	23	8.400	15.700	0.066
BPP_50_1000_0.1_0.8_2.C	23	8.400	15.700	0.066
BPP_50_1000_0.1_0.8_2.C	23	8.400	15.700	0.066
BPP_50_1000_0.1_0.8_2.C	23	8.400	15.700	0.065
BPP_50_1000_0.1_0.8_2.C	23	8.400	15.700	0.068
BPP_50_1000_0.1_0.8_2.C	23	8.400	15.700	0.066
BPP_50_1000_0.1_0.8_2.C	23	8.400	15.700	0.067
BPP_50_1000_0.1_0.8_3.C	26	7.400	16.700	0.070
BPP_50_1000_0.1_0.8_3.C	26	7.400	16.700	0.071
BPP_50_1000_0.1_0.8_3.C	26	8.400	17.200	0.074
BPP_50_1000_0.1_0.8_3.C	25	7.800	16.400	0.069
BPP_50_1000_0.1_0.8_3.C	26	7.600	16.800	0.069
BPP_50_1000_0.1_0.8_3.C	25	8.000	16.500	0.068
BPP_50_1000_0.1_0.8_3.C	25	7.600	16.300	0.069
BPP_50_1000_0.1_0.8_3.C	26	7.000	16.500	0.071
BPP_50_1000_0.1_0.8_3.C	26	7.200	16.600	0.069
BPP_50_1000_0.1_0.8_3.C	25	8.200	16.600	0.069
BPP_50_1000_0.1_0.8_4.C	26	2.800	14.400	0.067
BPP_50_1000_0.1_0.8_4.C	26	3.000	14.500	0.069
BPP_50_1000_0.1_0.8_4.C	26	3.000	14.500	0.067
BPP_50_1000_0.1_0.8_4.C	26	3.000	14.500	0.067
BPP_50_1000_0.1_0.8_4.C	26	3.000	14.500	0.067
BPP_50_1000_0.1_0.8_4.C	26	3.000	14.500	0.067
BPP_50_1000_0.1_0.8_4.C	26	3.000	14.500	0.066
BPP_50_1000_0.1_0.8_4.C	26	3.000	14.500	0.068
BPP_50_1000_0.1_0.8_4.C	26	2.800	14.400	0.068
BPP_50_1000_0.1_0.8_4.C	26	3.000	14.500	0.068
BPP_50_1000_0.1_0.8_5.C	29	2.400	15.700	0.075
BPP_50_1000_0.1_0.8_5.C	28	2.800	15.400	0.073
BPP_50_1000_0.1_0.8_5.C	28	3.000	15.500	0.075
BPP_50_1000_0.1_0.8_5.C	28	3.200	15.600	0.074
BPP_50_1000_0.1_0.8_5.C	29	2.600	15.800	0.073
BPP_50_1000_0.1_0.8_5.C	29	2.600	15.800	0.073
BPP_50_1000_0.1_0.8_5.C	29	2.000	15.500	0.075
BPP_50_1000_0.1_0.8_5.C	30	1.800	15.900	0.074
BPP_50_1000_0.1_0.8_5.C	30	1.800	15.900	0.074
BPP_50_1000_0.1_0.8_5.C	29	2.600	15.800	0.075
BPP_50_1000_0.1_0.8_6.C	24	2.800	13.400	0.065
BPP_50_1000_0.1_0.8_6.C	25	2.800	13.900	0.069
BPP_50_1000_0.1_0.8_6.C	24	3.200	13.600	0.067
BPP_50_1000_0.1_0.8_6.C	24	2.600	13.300	0.065
BPP_50_1000_0.1_0.8_6.C	24	3.400	13.700	0.065
BPP_50_1000_0.1_0.8_6.C	24	2.800	13.400	0.067
BPP_50_1000_0.1_0.8_6.C	24	2.800	13.400	0.066
BPP_50_1000_0.1_0.8_6.C	24	3.200	13.600	0.067
BPP_50_1000_0.1_0.8_6.C	23	3.400	13.200	0.067
BPP_50_1000_0.1_0.8_6.C	24	3.200	13.600	0.066
BPP_50_1000_0.1_0.8_7.C	25	2.400	13.700	0.067
BPP_50_1000_0.1_0.8_7.C	24	2.400	13.200	0.067
BPP_50_1000_0.1_0.8_7.C	25	2.600	13.800	0.067
BPP_50_1000_0.1_0.8_7.C	25	3.000	14.000	0.069
BPP_50_1000_0.1_0.8_7.C	25	2.200	13.600	0.068
BPP_50_1000_0.1_0.8_7.C	25	2.400	13.700	0.066
BPP_50_1000_0.1_0.8_7.C	24	2.800	13.400	0.068
BPP_50_1000_0.1_0.8_7.C	25	2.600	13.800	0.068
BPP_50_1000_0.1_0.8_7.C	25	2.400	13.700	0.068
BPP_50_1000_0.1_0.8_7.C	24	2.800	13.400	0.067
BPP_50_1000_0.1_0.8_8.C	21	2.400	11.700	0.060
BPP_50_1000_0.1_0.8_8.C	21	2.400	11.700	0.059
BPP_50_1000_0.1_0.8_8.C	21	2.400	11.700	0.059
BPP_50_1000_0.1_0.8_8.C	21	2.400	11.700	0.059
BPP_50_1000_0.1_0.8_8.C	21	2.400	11.700	0.060
BPP_50_1000_0.1_0.8_8.C	21	2.400	11.700	0.060
BPP_50_1000_0.1_0.8_8.C	21	2.400	11.700	0.060
BPP_50_1000_0.1_0.8_8.C	21	2.400	11.700	0.058
BPP_50_1000_0.1_0.8_8.C	21	2.400	11.700	0.060
BPP_50_1000_0.1_0.8_8.C	21	2.400	11.700	0.058
BPP_50_1000_0.1_0.8_9.C	24	2.400	13.200	0.067
BPP_50_1000_0.1_0.8_9.C	24	2.200	13.100	0.068
BPP_50_1000_0.1_0.8_9.C	24	2.400	13.200	0.066
BPP_50_1000_0.1_0.8_9.C	24	2.200	13.100	0.064
BPP_50_1000_0.1_0.8_9.C	24	2.200	13.100	0.066
BPP_50_1000_0.1_0.8_9.C	24	2.400	13.200	0.065
BPP_50_1000_0.1_0.8_9.C	24	2.400	13.200	0.065
BPP_50_1000_0.1_0.8_9.C	24	2.200	13.100	0.066
BPP_50_1000_0.1_0.8_9.C	24	2.400	13.200	0.065
BPP_50_1000_0.1_0.8_9.C	24	2.400	13.200	0.067
BPP_50_100_0.1_0.8_0.C	30	0.200	15.100	0.079
BPP_50_100_0.1_0.8_0.C	30	0.800	15.400	0.079
BPP_50_100_0.1_0.8_0.C	30	0.800	15.400	0.078
BPP_50_100_0.1_0.8_0.C	30	0.200	15.100	0.077
BPP_50_100_0.1_0.8_0.C	30	0.400	15.200	0.077
BPP_50_100_0.1_0.8_0.C	30	0.200	15.100	0.078
BPP_50_100_0.1_0.8_0.C	30	0.400	15.200	0.078
BPP_50_100_0.1_0.8_0.C	30	0.800	15.400	0.077
BPP_50_100_0.1_0.8_0.C	30	0.200	15.100	0.078
BPP_50_100_0.1_0.8_0.C	30	0.200	15.100	0.082
BPP_50_100_0.1_0.8_1.C	28	0.600	14.300	0.072
BPP_50_100_0.1_0.8_1.C	28	0.600	14.300	0.071
BPP_50_100_0.1_0.8_1.C	28	0.600	14.300	0.070
BPP_50_100_0.1_0.8_1.C	28	0.600	14.300	0.070
BPP_50_100_0.1_0.8_1.C	28	0.600	14.300	0.072
BPP_50_100_0.1_0.8_1.C	28	0.600	14.300	0.068
BPP_50_100_0.1_0.8_1.C	28	0.600	14.300	0.070
BPP_50_100_0.1_0.8_1.C	28	0.600	14.300	0.072
BPP_50_100_0.1_0.8_1.C	28	0.600	14.300	0.071
BPP_50_100_0.1_0.8_1.C	28	0.600	14.300	0.070
BPP_50_100_0.1_0.8_2.C	25	1.200	13.100	0.066
BPP_50_100_0.1_0.8_2.C	25	1.800	13.400	0.067
BPP_50_100_0.1_0.8_2.C	26	0.800	13.400	0.068
BPP_50_100_0.1_0.8_2.C	25	1.400	13.200	0.066
BPP_50_100_0.1_0.8_2.C	26	0.800	13.400	0.069
BPP_50_100_0.1_0.8_2.C	24	2.800	13.400	0.068
BPP_50_100_0.1_0.8_2.C	26	0.800	13.400	0.066
BPP_50_100_0.1_0.8_2.C	26	0.600	13.300	0.065
BPP_50_100_0.1_0.8_2.C	25	1.600	13.300	0.067
BPP_50_100_0.1_0.8_2.C	25	1.600	13.300	0.067
BPP_50_100_0.1_0.8_3.C	21	1.600	11.300	0.062
BPP_50_100_0.1_0.8_3.C	21	1.600	11.300	0.060
BPP_50_100_0.1_0.8_3.C	21	1.200	11.100	0.061
BPP_50_100_0.1_0.8_3.C	21	1.600	11.300	0.060
BPP_50_100_0.1_0.8_3.C	21	1.800	11.400	0.060
BPP_50_100_0.1_0.8_3.C	22	1.000	11.500	0.059
BPP_50_100_0.1_0.8_3.C	21	1.600	11.300	0.060
BPP_50_100_0.1_0.8_3.C	21	1.800	11.400	0.060
BPP_50_100_0.1_0.8_3.C	21	1.800	11.400	0.061
BPP_50_100_0.1_0.8_3.C	21	2.000	11.500	0.060
BPP_50_100_0.1_0.8_4.C	27	0.000	13.500	0.071
BPP_50_100_0.1_0.8_4.C	27	0.200	13.600	0.070
BPP_50_100_0.1_0.8_4.C	27	0.200	13.600	0.070
BPP_50_100_0.1_0.8_4.C	26	1.000	13.500	0.070
BPP_50_100_0.1_0.8_4.C	27	0.200	13.600	0.071
BPP_50_100_0.1_0.8_4.C	27	0.200	13.600	0.070
BPP_50_100_0.1_0.8_4.C	27	0.200	13.600	0.071
BPP_50_100_0.1_0.8_4.C	27	0.200	13.600	0.070
BPP_50_100_0.1_0.8_4.C	26	0.600	13.300	0.071
BPP_50_100_0.1_0.8_4.C	27	0.200	13.600	0.071
BPP_50_100_0.1_0.8_5.C	24	1.200	12.600	0.069
BPP_50_100_0.1_0.8_5.C	25	1.000	13.000	0.069
BPP_50_100_0.1_0.8_5.C	24	1.600	12.800	0.069
BPP_50_100_0.1_0.8_5.C	25	1.200	13.100	0.071
BPP_50_100_0.1_0.8_5.C	25	1.200	13.100	0.071
BPP_50_100_0.1_0.8_5.C	24	1.600	12.800	0.070
BPP_50_100_0.1_0.8_5.C	24	2.000	13.000	0.070
BPP_50_100_0.1_0.8_5.C	24	1.400	12.700	0.070
BPP_50_100_0.1_0.8_5.C	25	1.200	13.100	0.069
BPP_50_100_0.1_0.8_5.C	24	1.400	12.700	0.072
BPP_50_100_0.1_0.8_6.C	25	1.200	13.100	0.070
BPP_50_100_0.1_0.8_6.C	26	1.000	13.500	0.071
BPP_50_100_0.1_0.8_6.C	26	1.000	13.500	0.071
BPP_50_100_0.1_0.8_6.C	26	0.800	13.400	0.072
BPP_50_100_0.1_0.8_6.C	25	1.400	13.200	0.073
BPP_50_100_0.1_0.8_6.C	25	1.200	13.100	0.072
BPP_50_100_0.1_0.8_6.C	26	1.000	13.500	0.071
BPP_50_100_0.1_0.8_6.C	25	2.000	13.500	0.071
BPP_50_100_0.1_0.8_6.C	25	1.400	13.200	0.072
BPP_50_100_0.1_0.8_6.C	25	1.400	13.200	0.071
BPP_50_100_0.1_0.8_7.C	26	3.200	14.600	0.069
BPP_50_100_0.1_0.8_7.C	26	3.200	14.600	0.068
BPP_50_100_0.1_0.8_7.C	25	3.600	14.300	0.068
BPP_50_100_0.1_0.8_7.C	25	3.800	14.400	0.070
BPP_50_100_0.1_0.8_7.C	26	3.200	14.600	0.069
BPP_50_100_0.1_0.8_7.C	26	3.000	14.500	0.069
BPP_50_100_0.1_0.8_7.C	26	2.400	14.200	0.069
BPP_50_100_0.1_0.8_7.C	26	3.200	14.600	0.069
BPP_50_100_0.1_0.8_7.C	26	2.800	14.400	0.069
BPP_50_100_0.1_0.8_7.C	26	3.400	14.700	0.071
BPP_50_100_0.1_0.8_8.C	22	1.400	11.700	0.063
BPP_50_100_0.1_0.8_8.C	23	1.000	12.000	0.062
BPP_50_100_0.1_0.8_8.C	23	0.800	11.900	0.063
BPP_50_100_0.1_0.8_8.C	22	1.600	11.800	0.063
BPP_50_100_0.1_0.8_8.C	22	1.400	11.700	0.063
BPP_50_100_0.1_0.8_8.C	22	1.200	11.600	0.064
BPP_50_100_0.1_0.8_8.C	22	1.400	11.700	0.063
BPP_50_100_0.1_0.8_8.C	21	2.000	11.500	0.064
BPP_50_100_0.1_0.8_8.C	21	0.800	10.900	0.061
BPP_50_100_0.1_0.8_8.C	23	1.000	12.000	0.063
BPP_50_100_0.1_0.8_9.C	24	2.200	13.100	0.065
BPP_50_100_0.1_0.8_9.C	24	2.200	13.100	0.064
BPP_50_100_0.1_0.8_9.C	24	1.600	12.800	0.064
BPP_50_100_0.1_0.8_9.C	24	1.600	12.800	0.066
BPP_50_100_0.1_0.8_9.C	24	1.600	12.800	0.066
BPP_50_100_0.1_0.8_9.C	24	2.000	13.000	0.066
BPP_50_100_0.1_0.8_9.C	24	1.400	12.700	0.064
BPP_50_100_0.1_0.8_9.C	24	2.000	13.000	0.065
BPP_50_100_0.1_0.8_9.C	24	1.600	12.800	0.065
BPP_50_100_0.1_0.8_9.C	24	1.800	12.900	0.065
BPP_50_120_0.1_0.8_0.C	27	1.000	14.000	0.073
BPP_50_120_0.1_0.8_0.C	27	1.000	14.000	0.071
BPP_50_120_0.1_0.8_0.C	27	1.000	14.000	0.072
BPP_50_120_0.1_0.8_0.C	27	1.000	14.000	0.070
BPP_50_120_0.1_0.8_0.C	27	1.000	14.000	0.072
BPP_50_120_0.1_0.8_0.C	26	1.800	13.900	0.071
BPP_50_120_0.1_0.8_0.C	27	1.000	14.000	0.074
BPP_50_120_0.1_0.8_0.C	27	1.000	14.000	0.073
BPP_50_120_0.1_0.8_0.C	27	1.000	14.000	0.073
BPP_50_120_0.1_0.8_0.C	27	1.000	14.000	0.071
BPP_50_120_0.1_0.8_1.C	23	1.200	12.100	0.063
BPP_50_120_0.1_0.8_1.C	23	1.200	12.100	0.062
BPP_50_120_0.1_0.8_1.C	22	1.400	11.700	0.061
BPP_50_120_0.1_0.8_1.C	23	1.000	12.000	0.061
BPP_50_120_0.1_0.8_1.C	22	1.400	11.700	0.060
BPP_50_120_0.1_0.8_1.C	23	1.200	12.100	0.061
BPP_50_120_0.1_0.8_1.C	22	0.600	11.300	0.062
BPP_50_120_0.1_0.8_1.C	23	0.400	11.700	0.061
BPP_50_120_0.1_0.8_1.C	22	2.000	12.000	0.062
BPP_50_120_0.1_0.8_1.C	23	1.200	12.100	0.060
BPP_50_120_0.1_0.8_2.C	27	3.000	15.000	0.070
BPP_50_120_0.1_0.8_2.C	27	3.000	15.000	0.070
BPP_50_120_0.1_0.8_2.C	27	3.000	15.000	0.070
BPP_50_120_0.1_0.8_2.C	27	3.000	15.000	0.069
BPP_50_120_0.1_0.8_2.C	27	3.000	15.000	0.069
BPP_50_120_0.1_0.8_2.C	27	3.000	15.000	0.071
BPP_50_120_0.1_0.8_2.C	27	3.000	15.000	0.070
BPP_50_120_0.1_0.8_2.C	27	3.000	15.000	0.070
BPP_50_120_0.1_0.8_2.C	27	3.000	15.000	0.070
BPP_50_120_0.1_0.8_2.C	27	3.000	15.000	0.068
BPP_50_120_0.1_0.8_3.C	23	1.400	12.200	0.068
BPP_50_120_0.1_0.8_3.C	23	1.400	12.200	0.064
BPP_50_120_0.1_0.8_3.C	23	1.400	12.200	0.064
BPP_50_120_0.1_0.8_3.C	23	1.400	12.200	0.063
BPP_50_120_0.1_0.8_3.C	23	1.400	12.200	0.064
BPP_50_120_0.1_0.8_3.C	23	1.400	12.200	0.064
BPP_50_120_0.1_0.8_3.C	23	1.400	12.200	0.065
BPP_50_120_0.1_0.8_3.C	23	1.400	12.200	0.066
BPP_50_120_0.1_0.8_3.C	23	1.400	12.200	0.068
BPP_50_120_0.1_0.8_3.C	23	1.400	12.200	0.068
BPP_50_120_0.1_0.8_4.C	26	6.400	16.200	0.070
BPP_50_120_0.1_0.8_4.C	27	5.200	16.100	0.071
BPP_50_120_0.1_0.8_4.C	27	5.200	16.100	0.072
BPP_50_120_0.1_0.8_4.C	27	5.200	16.100	0.075
BPP_50_120_0.1_0.8_4.C	26	5.600	15.800	0.072
BPP_50_120_0.1_0.8_4.C	27	5.200	16.100	0.074
BPP_50_120_0.1_0.8_4.C	26	6.200	16.100	0.070
BPP_50_120_0.1_0.8_4.C	27	5.200	16.100	0.071
BPP_50_120_0.1_0.8_4.C	26	6.200	16.100	0.071
BPP_50_120_0.1_0.8_4.C	27	5.600	16.300	0.070
BPP_50_120_0.1_0.8_5.C	24	1.000	12.500	0.062
BPP_50_120_0.1_0.8_5.C	23	1.400	12.200	0.062
BPP_50_120_0.1_0.8_5.C	24	0.800	12.400	0.062
BPP_50_120_0.1_0.8_5.C	23	1.000	12.000	0.064
BPP_50_120_0.1_0.8_5.C	24	0.600	12.300	0.064
BPP_50_120_0.1_0.8_5.C	24	1.000	12.500	0.063
BPP_50_120_0.1_0.8_5.C	24	0.800	12.400	0.063
BPP_50_120_0.1_0.8_5.C	24	0.800	12.400	0.061
BPP_50_120_0.1_0.8_5.C	23	1.000	12.000	0.063
BPP_50_120_0.1_0.8_5.C	24	0.600	12.300	0.064
BPP_50_120_0.1_0.8_6.C	23	3.800	13.400	0.063
BPP_50_120_0.1_0.8_6.C	23	3.800	13.400	0.065
BPP_50_120_0.1_0.8_6.C	23	3.400	13.200	0.064
BPP_50_120_0.1_0.8_6.C	23	3.800	13.400	0.066
BPP_50_120_0.1_0.8_6.C	23	3.800	13.400	0.064
BPP_50_120_0.1_0.8_6.C	23	3.800	13.400	0.067
BPP_50_120_0.1_0.8_6.C	23	3.600	13.300	0.064
BPP_50_120_0.1_0.8_6.C	23	3.800	13.400	0.064
BPP_50_120_0.1_0.8_6.C	23	3.800	13.400	0.063
BPP_50_120_0.1_0.8_6.C	23	3.800	13.400	0.064
BPP_50_120_0.1_0.8_7.C	24	6.200	15.100	0.067
BPP_50_120_0.1_0.8_7.C	23	6.600	14.800	0.066
BPP_50_120_0.1_0.8_7.C	23	5.600	14.300	0.064
BPP_50_120_0.1_0.8_7.C	24	5.200	14.600	0.065
BPP_50_120_0.1_0.8_7.C	24	6.000	15.000	0.066
BPP_50_120_0.1_0.8_7.C	24	5.600	14.800	0.067
BPP_50_120_0.1_0.8_7.C	24	6.000	15.000	0.065
BPP_50_120_0.1_0.8_7.C	24	5.600	14.800	0.067
BPP_50_120_0.1_0.8_7.C	24	5.800	14.900	0.066
BPP_50_120_0.1_0.8_7.C	24	6.200	15.100	0.065
BPP_50_120_0.1_0.8_8.C	25	2.800	13.900	0.066
BPP_50_120_0.1_0.8_8.C	25	3.000	14.000	0.065
BPP_50_120_0.1_0.8_8.C	25	3.000	14.000	0.067
BPP_50_120_0.1_0.8_8.C	25	3.000	14.000	0.066
BPP_50_120_0.1_0.8_8.C	25	3.000	14.000	0.077
BPP_50_120_0.1_0.8_8.C	25	2.800	13.900	0.066
BPP_50_120_0.1_0.8_8.C	24	3.200	13.600	0.067
BPP_50_120_0.1_0.8_8.C	25	2.600	13.800	0.065
BPP_50_120_0.1_0.8_8.C	25	3.000	14.000	0.069
BPP_50_120_0.1_0.8_8.C	25	3.000	14.000	0.065
BPP_50_120_0.1_0.8_9.C	23	4.600	13.800	0.064
BPP_50_120_0.1_0.8_9.C	23	5.200	14.100	0.064
BPP_50_120_0.1_0.8_9.C	23	5.400	14.200	0.063
BPP_50_120_0.1_0.8_9.C	22	5.200	13.600	0.063
BPP_50_120_0.1_0.8_9.C	23	4.600	13.800	0.062
BPP_50_120_0.1_0.8_9.C	23	5.600	14.300	0.064
BPP_50_120_0.1_0.8_9.C	23	5.200	14.100	0.065
BPP_50_120_0.1_0.8_9.C	23	5.000	14.000	0.061
BPP_50_120_0.1_0.8_9.C	23	5.400	14.200	0.062
BPP_50_120_0.1_0.8_9.C	23	5.400	14.200	0.062
BPP_50_125_0.1_0.8_0.C	28	1.200	14.600	0.074
BPP_50_125_0.1_0.8_0.C	28	1.200	14.600	0.074
BPP_50_125_0.1_0.8_0.C	27	1.600	14.300	0.074
BPP_50_125_0.1_0.8_0.C	28	1.200	14.600	0.073
BPP_50_125_0.1_0.8_0.C	27	1.400	14.200	0.075
BPP_50_125_0.1_0.8_0.C	28	1.200	14.600	0.073
BPP_50_125_0.1_0.8_0.C	28	1.200	14.600	0.073
BPP_50_125_0.1_0.8_0.C	28	1.200	14.600	0.075
BPP_50_125_0.1_0.8_0.C	28	1.200	14.600	0.074
BPP_50_125_0.1_0.8_0.C	28	1.200	14.600	0.072
BPP_50_125_0.1_0.8_1.C	25	1.200	13.100	0.083
BPP_50_125_0.1_0.8_1.C	25	1.600	13.300	0.068
BPP_50_125_0.1_0.8_1.C	25	1.000	13.000	0.068
BPP_50_125_0.1_0.8_1.C	25	0.800	12.900	0.070
BPP_50_125_0.1_0.8_1.C	25	1.000	13.000	0.069
BPP_50_125_0.1_0.8_1.C	25	0.800	12.900	0.070
BPP_50_125_0.1_0.8_1.C	25	1.200	13.100	0.068
BPP_50_125_0.1_0.8_1.C	25	0.800	12.900	0.068
BPP_50_125_0.1_0.8_1.C	25	1.200	13.100	0.067
BPP_50_125_0.1_0.8_1.C	25	1.200	13.100	0.070
BPP_50_125_0.1_0.8_2.C	22	2.000	12.000	0.060
BPP_50_125_0.1_0.8_2.C	22	1.800	11.900	0.060
BPP_50_125_0.1_0.8_2.C	22	1.000	11.500	0.063
BPP_50_125_0.1_0.8_2.C	22	1.800	11.900	0.061
BPP_50_125_0.1_0.8_2.C	22	1.800	11.900	0.060
BPP_50_125_0.1_0.8_2.C	22	2.000	12.000	0.067
BPP_50_125_0.1_0.8_2.C	22	1.800	11.900	0.060
BPP_50_125_0.1_0.8_2.C	22	1.600	11.800	0.059
BPP_50_125_0.1_0.8_2.C	22	1.600	11.800	0.061
BPP_50_125_0.1_0.8_2.C	22	1.800	11.900	0.061
BPP_50_125_0.1_0.8_3.C	29	4.200	16.600	0.075
BPP_50_125_0.1_0.8_3.C	29	4.000	16.500	0.074
BPP_50_125_0.1_0.8_3.C	29	4.000	16.500	0.075
BPP_50_125_0.1_0.8_3.C	29	4.000	16.500	0.075
BPP_50_125_0.1_0.8_3.C	29	4.000	16.500	0.075
BPP_50_125_0.1_0.8_3.C	29	4.000	16.500	0.076
BPP_50_125_0.1_0.8_3.C	29	3.800	16.400	0.076
BPP_50_125_0.1_0.8_3.C	29	3.800	16.400	0.076
BPP_50_125_0.1_0.8_3.C	29	4.000	16.500	0.077
BPP_50_125_0.1_0.8_3.C	29	3.800	16.400	0.074
BPP_50_125_0.1_0.8_4.C	27	2.600	14.800	0.070
BPP_50_125_0.1_0.8_4.C	27	2.400	14.700	0.069
BPP_50_125_0.1_0.8_4.C	27	3.200	15.100	0.069
BPP_50_125_0.1_0.8_4.C	27	2.600	14.800	0.068
BPP_50_125_0.1_0.8_4.C	27	2.400	14.700	0.072
BPP_50_125_0.1_0.8_4.C	27	2.400	14.700	0.070
BPP_50_125_0.1_0.8_4.C	27	3.600	15.300	0.070
BPP_50_125_0.1_0.8_4.C	26	2.800	14.400	0.070
BPP_50_125_0.1_0.8_4.C	27	2.400	14.700	0.070
BPP_50_125_0.1_0.8_4.C	27	2.800	14.900	0.070
BPP_50_125_0.1_0.8_5.C	31	4.000	17.500	0.079
BPP_50_125_0.1_0.8_5.C	31	3.800	17.400	0.078
BPP_50_125_0.1_0.8_5.C	31	3.800	17.400	0.080
BPP_50_125_0.1_0.8_5.C	31	3.800	17.400	0.082
BPP_50_125_0.1_0.8_5.C	31	3.800	17.400	0.078
BPP_50_125_0.1_0.8_5.C	31	2.600	16.800	0.078
BPP_50_125_0.1_0.8_5.C	31	3.800	17.400	0.079
BPP_50_125_0.1_0.8_5.C	31	2.600	16.800	0.078
BPP_50_125_0.1_0.8_5.C	31	3.800	17.400	0.079
BPP_50_125_0.1_0.8_5.C	32	3.600	17.800	0.079
BPP_50_125_0.1_0.8_6.C	27	2.400	14.700	0.071
BPP_50_125_0.1_0.8_6.C	27	2.400	14.700	0.072
BPP_50_125_0.1_0.8_6.C	27	2.400	14.700	0.072
BPP_50_125_0.1_0.8_6.C	27	2.400	14.700	0.072
BPP_50_125_0.1_0.8_6.C	27	2.400	14.700	0.071
BPP_50_125_0.1_0.8_6.C	27	2.400	14.700	0.079
BPP_50_125_0.1_0.8_6.C	27	2.400	14.700	0.072
BPP_50_125_0.1_0.8_6.C	27	2.400	14.700	0.070
BPP_50_125_0.1_0.8_6.C	27	2.400	14.700	0.071
BPP_50_125_0.1_0.8_6.C	27	2.400	14.700	0.071
BPP_50_125_0.1_0.8_7.C	28	4.600	16.300	0.073
BPP_50_125_0.1_0.8_7.C	28	4.800	16.400	0.074
BPP_50_125_0.1_0.8_7.C	28	4.600	16.300	0.073
BPP_50_125_0.1_0.8_7.C	28	4.800	16.400	0.075
BPP_50_125_0.1_0.8_7.C	28	5.000	16.500	0.074
BPP_50_125_0.1_0.8_7.C	28	4.200	16.100	0.075
BPP_50_125_0.1_0.8_7.C	28	3.600	15.800	0.075
BPP_50_125_0.1_0.8_7.C	28	3.600	15.800	0.074
BPP_50_125_0.1_0.8_7.C	28	3.600	15.800	0.075
BPP_50_125_0.1_0.8_7.C	28	3.800	15.900	0.073
BPP_50_125_0.1_0.8_8.C	24	3.600	13.800	0.062
BPP_50_125_0.1_0.8_8.C	22	4.800	13.400	0.062
BPP_50_125_0.1_0.8_8.C	23	4.000	13.500	0.062
BPP_50_125_0.1_0.8_8.C	22	4.800	13.400	0.063
BPP_50_125_0.1_0.8_8.C	23	4.400	13.700	0.061
BPP_50_125_0.1_0.8_8.C	23	3.600	13.300	0.062
BPP_50_125_0.1_0.8_8.C	23	4.000	13.500	0.062
BPP_50_125_0.1_0.8_8.C	23	3.800	13.400	0.061
BPP_50_125_0.1_0.8_8.C	23	3.600	13.300	0.062
BPP_50_125_0.1_0.8_8.C	23	4.200	13.600	0.063
BPP_50_125_0.1_0.8_9.C	26	4.600	15.300	0.068
BPP_50_125_0.1_0.8_9.C	26	4.600	15.300	0.070
BPP_50_125_0.1_0.8_9.C	26	4.600	15.300	0.068
BPP_50_125_0.1_0.8_9.C	26	4.600	15.300	0.068
BPP_50_125_0.1_0.8_9.C	26	4.600	15.300	0.069
BPP_50_125_0.1_0.8_9.C	26	4.000	15.000	0.068
BPP_50_125_0.1_0.8_9.C	26	4.600	15.300	0.070
BPP_50_125_0.1_0.8_9.C	26	4.400	15.200	0.070
BPP_50_125_0.1_0.8_9.C	26	4.600	15.300	0.069
BPP_50_125_0.1_0.8_9.C	26	4.600	15.300	0.067
BPP_50_150_0.1_0.8_0.C	24	0.400	12.200	0.064
BPP_50_150_0.1_0.8_0.C	24	0.400	12.200	0.064
BPP_50_150_0.1_0.8_0.C	24	0.400	12.200	0.065
BPP_50_150_0.1_0.8_0.C	24	0.400	12.200	0.066
BPP_50_150_0.1_0.8_0.C	24	0.400	12.200	0.063
BPP_50_150_0.1_0.8_0.C	24	0.400	12.200	0.064
BPP_50_150_0.1_0.8_0.C	24	0.400	12.200	0.065
BPP_50_150_0.1_0.8_0.C	24	0.400	12.200	0.064
BPP_50_150_0.1_0.8_0.C	24	0.400	12.200	0.064
BPP_50_150_0.1_0.8_0.C	24	0.400	12.200	0.064
BPP_50_150_0.1_0.8_1.C	29	1.400	15.200	0.077
BPP_50_150_0.1_0.8_1.C	28	2.400	15.200	0.076
BPP_50_150_0.1_0.8_1.C	28	1.400	14.700	0.076
BPP_50_150_0.1_0.8_1.C	28	1.600	14.800	0.075
BPP_50_150_0.1_0.8_1.C	28	1.400	14.700	0.077
BPP_50_150_0.1_0.8_1.C	28	1.400	14.700	0.076
BPP_50_150_0.1_0.8_1.C	28	1.600	14.800	0.077
BPP_50_150_0.1_0.8_1.C	28	1.400	14.700	0.079
BPP_50_150_0.1_0.8_1.C	28	1.600	14.800	0.075
BPP_50_150_0.1_0.8_1.C	28	1.600	14.800	0.074
BPP_50_150_0.1_0.8_2.C	26	4.200	15.100	0.071
BPP_50_150_0.1_0.8_2.C	26	3.800	14.900	0.070
BPP_50_150_0.1_0.8_2.C	26	4.000	15.000	0.070
BPP_50_150_0.1_0.8_2.C	26	4.000	15.000	0.070
BPP_50_150_0.1_0.8_2.C	26	3.800	14.900	0.070
BPP_50_150_0.1_0.8_2.C	27	3.400	15.200	0.069
BPP_50_150_0.1_0.8_2.C	27	3.400	15.200	0.070
BPP_50_150_0.1_0.8_2.C	26	4.200	15.100	0.073
BPP_50_150_0.1_0.8_2.C	26	3.800	14.900	0.070
BPP_50_150_0.1_0.8_2.C	26	4.400	15.200	0.070
BPP_50_150_0.1_0.8_3.C	26	3.600	14.800	0.069
BPP_50_150_0.1_0.8_3.C	26	3.400	14.700	0.069
BPP_50_150_0.1_0.8_3.C	26	3.600	14.800	0.069
BPP_50_150_0.1_0.8_3.C	26	3.200	14.600	0.069
BPP_50_150_0.1_0.8_3.C	26	3.600	14.800	0.071
BPP_50_150_0.1_0.8_3.C	26	4.000	15.000	0.069
BPP_50_150_0.1_0.8_3.C	26	4.200	15.100	0.069
BPP_50_150_0.1_0.8_3.C	26	3.400	14.700	0.071
BPP_50_150_0.1_0.8_3.C	26	3.600	14.800	0.070
BPP_50_150_0.1_0.8_3.C	26	4.200	15.100	0.070
BPP_50_150_0.1_0.8_4.C	22	1.600	11.800	0.058
BPP_50_150_0.1_0.8_4.C	21	2.000	11.500	0.058
BPP_50_150_0.1_0.8_4.C	21	2.000	11.500	0.058
BPP_50_150_0.1_0.8_4.C	22	1.800	11.900	0.060
BPP_50_150_0.1_0.8_4.C	21	1.800	11.400	0.058
BPP_50_150_0.1_0.8_4.C	21	1.400	11.200	0.058
BPP_50_150_0.1_0.8_4.C	22	1.400	11.700	0.058
BPP_50_150_0.1_0.8_4.C	21	1.800	11.400	0.057
BPP_50_150_0.1_0.8_4.C	21	2.200	11.600	0.059
BPP_50_150_0.1_0.8_4.C	21	2.400	11.700	0.057
BPP_50_150_0.1_0.8_5.C	25	2.000	13.500	0.067
BPP_50_150_0.1_0.8_5.C	25	2.000	13.500	0.068
BPP_50_150_0.1_0.8_5.C	26	1.800	13.900	0.068
BPP_50_150_0.1_0.8_5.C	26	1.800	13.900	0.067
BPP_50_150_0.1_0.8_5.C	25	2.800	13.900	0.068
BPP_50_150_0.1_0.8_5.C	25	2.200	13.600	0.068
BPP_50_150_0.1_0.8_5.C	26	1.800	13.900	0.068
BPP_50_150_0.1_0.8_5.C	25	2.200	13.600	0.068
BPP_50_150_0.1_0.8_5.C	25	2.400	13.700	0.068
BPP_50_150_0.1_0.8_5.C	25	2.200	13.600	0.067
BPP_50_150_0.1_0.8_6.C	23	2.600	12.800	0.065
BPP_50_150_0.1_0.8_6.C	23	3.200	13.100	0.063
BPP_50_150_0.1_0.8_6.C	24	2.400	13.200	0.064
BPP_50_150_0.1_0.8_6.C	24	2.000	13.000	0.063
BPP_50_150_0.1_0.8_6.C	23	2.000	12.500	0.063
BPP_50_150_0.1_0.8_6.C	24	2.400	13.200	0.063
BPP_50_150_0.1_0.8_6.C	23	2.600	12.800	0.064
BPP_50_150_0.1_0.8_6.C	24	2.000	13.000	0.063
BPP_50_150_0.1_0.8_6.C	24	2.200	13.100	0.064
BPP_50_150_0.1_0.8_6.C	24	2.400	13.200	0.068
BPP_50_150_0.1_0.8_7.C	24	1.600	12.800	0.062
BPP_50_150_0.1_0.8_7.C	24	1.600	12.800	0.063
BPP_50_150_0.1_0.8_7.C	24	1.600	12.800	0.064
BPP_50_150_0.1_0.8_7.C	24	1.800	12.900	0.063
BPP_50_150_0.1_0.8_7.C	24	1.600	12.800	0.063
BPP_50_150_0.1_0.8_7.C	24	1.600	12.800	0.064
BPP_50_150_0.1_0.8_7.C	24	2.400	13.200	0.063
BPP_50_150_0.1_0.8_7.C	24	1.600	12.800	0.062
BPP_50_150_0.1_0.8_7.C	24	1.400	12.700	0.062
BPP_50_150_0.1_0.8_7.C	24	1.600	12.800	0.062
BPP_50_150_0.1_0.8_8.C	24	1.200	12.600	0.063
BPP_50_150_0.1_0.8_8.C	24	1.800	12.900	0.064
BPP_50_150_0.1_0.8_8.C	24	2.000	13.000	0.063
BPP_50_150_0.1_0.8_8.C	24	1.600	12.800	0.063
BPP_50_150_0.1_0.8_8.C	24	1.800	12.900	0.062
BPP_50_150_0.1_0.8_8.C	24	1.800	12.900	0.066
BPP_50_150_0.1_0.8_8.C	23	2.200	12.600	0.063
BPP_50_150_0.1_0.8_8.C	24	1.800	12.900	0.062
BPP_50_150_0.1_0.8_8.C	24	1.800	12.900	0.062
BPP_50_150_0.1_0.8_8.C	24	1.600	12.800	0.063
BPP_50_150_0.1_0.8_9.C	24	1.600	12.800	0.065
BPP_50_150_0.1_0.8_9.C	24	1.600	12.800	0.063
BPP_50_150_0.1_0.8_9.C	24	1.600	12.800	0.063
BPP_50_150_0.1_0.8_9.C	24	1.600	12.800	0.063
BPP_50_150_0.1_0.8_9.C	24	1.600	12.800	0.062
BPP_50_150_0.1_0.8_9.C	24	1.600	12.800	0.062
BPP_50_150_0.1_0.8_9.C	24	1.600	12.800	0.063
BPP_50_150_0.1_0.8_9.C	24	1.600	12.800	0.064
BPP_50_150_0.1_0.8_9.C	24	1.600	12.800	0.062
BPP_50_150_0.1_0.8_9.C	23	2.200	12.600	0.064
BPP_50_200_0.1_0.8_0.C	25	4.200	14.600	0.069
BPP_50_200_0.1_0.8_0.C	26	3.600	14.800	0.068
BPP_50_200_0.1_0.8_0.C	25	3.600	14.300	0.082
BPP_50_200_0.1_0.8_0.C	25	4.200	14.600	0.071
BPP_50_200_0.1_0.8_0.C	26	3.800	14.900	0.070
BPP_50_200_0.1_0.8_0.C	25	4.200	14.600	0.069
BPP_50_200_0.1_0.8_0.C	26	3.400	14.700	0.068
BPP_50_200_0.1_0.8_0.C	26	4.000	15.000	0.068
BPP_50_200_0.1_0.8_0.C	26	4.000	15.000	0.069
BPP_50_200_0.1_0.8_0.C	25	4.000	14.500	0.069
BPP_50_200_0.1_0.8_1.C	25	1.600	13.300	0.069
BPP_50_200_0.1_0.8_1.C	25	1.600	13.300	0.067
BPP_50_200_0.1_0.8_1.C	25	1.600	13.300	0.069
BPP_50_200_0.1_0.8_1.C	25	1.600	13.300	0.067
BPP_50_200_0.1_0.8_1.C	25	1.400	13.200	0.068
BPP_50_200_0.1_0.8_1.C	25	1.600	13.300	0.066
BPP_50_200_0.1_0.8_1.C	25	1.600	13.300	0.067
BPP_50_200_0.1_0.8_1.C	25	1.600	13.300	0.067
BPP_50_200_0.1_0.8_1.C	25	0.800	12.900	0.069
BPP_50_200_0.1_0.8_1.C	25	1.600	13.300	0.071
BPP_50_200_0.1_0.8_2.C	22	0.600	11.300	0.063
BPP_50_200_0.1_0.8_2.C	22	0.800	11.400	0.063
BPP_50_200_0.1_0.8_2.C	22	0.400	11.200	0.064
BPP_50_200_0.1_0.8_2.C	22	0.800	11.400	0.064
BPP_50_200_0.1_0.8_2.C	22	0.200	11.100	0.064
BPP_50_200_0.1_0.8_2.C	22	0.800	11.400	0.064
BPP_50_200_0.1_0.8_2.C	22	0.800	11.400	0.065
BPP_50_200_0.1_0.8_2.C	22	0.800	11.400	0.063
BPP_50_200_0.1_0.8_2.C	22	0.800	11.400	0.063
BPP_50_200_0.1_0.8_2.C	22	0.800	11.400	0.062
BPP_50_200_0.1_0.8_3.C	24	1.200	12.600	0.062
BPP_50_200_0.1_0.8_3.C	24	1.600	12.800	0.063
BPP_50_200_0.1_0.8_3.C	24	1.600	12.800	0.063
BPP_50_200_0.1_0.8_3.C	24	1.800	12.900	0.063
BPP_50_200_0.1_0.8_3.C	24	1.800	12.900	0.062
BPP_50_200_0.1_0.8_3.C	24	1.600	12.800	0.064
BPP_50_200_0.1_0.8_3.C	24	1.800	12.900	0.063
BPP_50_200_0.1_0.8_3.C	24	1.800	12.900	0.064
BPP_50_200_0.1_0.8_3.C	24	1.600	12.800	0.063
BPP_50_200_0.1_0.8_3.C	24	1.800	12.900	0.063
BPP_50_200_0.1_0.8_4.C	27	1.000	14.000	0.070
BPP_50_200_0.1_0.8_4.C	27	1.000	14.000	0.072
BPP_50_200_0.1_0.8_4.C	27	1.000	14.000	0.069
BPP_50_200_0.1_0.8_4.C	26	1.200	13.600	0.070
BPP_50_200_0.1_0.8_4.C	27	1.000	14.000	0.070
BPP_50_200_0.1_0.8_4.C	27	1.000	14.000	0.071
BPP_50_200_0.1_0.8_4.C	27	1.000	14.000	0.071
BPP_50_200_0.1_0.8_4.C	27	1.000	14.000	0.071
BPP_50_200_0.1_0.8_4.C	27	1.000	14.000	0.070
BPP_50_200_0.1_0.8_4.C	27	1.000	14.000	0.069
BPP_50_200_0.1_0.8_5.C	31	1.800	16.400	0.079
BPP_50_200_0.1_0.8_5.C	31	2.200	16.600	0.081
BPP_50_200_0.1_0.8_5.C	31	1.800	16.400	0.078
BPP_50_200_0.1_0.8_5.C	31	2.200	16.600	0.079
BPP_50_200_0.1_0.8_5.C	31	2.400	16.700	0.078
BPP_50_200_0.1_0.8_5.C	31	1.600	16.300	0.080
BPP_50_200_0.1_0.8_5.C	31	2.000	16.500	0.078
BPP_50_200_0.1_0.8_5.C	31	1.600	16.300	0.079
BPP_50_200_0.1_0.8_5.C	31	1.600	16.300	0.078
BPP_50_200_0.1_0.8_5.C	31	2.400	16.700	0.078
BPP_50_200_0.1_0.8_6.C	25	1.000	13.000	0.066
BPP_50_200_0.1_0.8_6.C	25	1.000	13.000	0.066
BPP_50_200_0.1_0.8_6.C	25	1.000	13.000	0.067
BPP_50_200_0.1_0.8_6.C	25	1.000	13.000	0.066
BPP_50_200_0.1_0.8_6.C	25	1.000	13.000	0.066
BPP_50_200_0.1_0.8_6.C	25	1.000	13.000	0.068
BPP_50_200_0.1_0.8_6.C	25	1.000	13.000	0.066
BPP_50_200_0.1_0.8_6.C	25	1.000	13.000	0.065
BPP_50_200_0.1_0.8_6.C	25	1.000	13.000	0.065
BPP_50_200_0.1_0.8_6.C	25	1.000	13.000	0.065
BPP_50_200_0.1_0.8_7.C	24	4.600	14.300	0.063
BPP_50_200_0.1_0.8_7.C	24	4.400	14.200	0.064
BPP_50_200_0.1_0.8_7.C	24	4.600	14.300	0.063
BPP_50_200_0.1_0.8_7.C	24	4.400	14.200	0.061
BPP_50_200_0.1_0.8_7.C	23	5.000	14.000	0.062
BPP_50_200_0.1_0.8_7.C	24	4.600	14.300	0.062
BPP_50_200_0.1_0.8_7.C	23	5.000	14.000	0.062
BPP_50_200_0.1_0.8_7.C	24	4.600	14.300	0.063
BPP_50_200_0.1_0.8_7.C	24	4.600	14.300	0.070
BPP_50_200_0.1_0.8_7.C	24	4.400	14.200	0.061
BPP_50_200_0.1_0.8_8.C	26	0.600	13.300	0.067
BPP_50_200_0.1_0.8_8.C	26	0.400	13.200	0.067
BPP_50_200_0.1_0.8_8.C	26	0.600	13.300	0.068
BPP_50_200_0.1_0.8_8.C	26	0.400	13.200	0.068
BPP_50_200_0.1_0.8_8.C	26	0.600	13.300	0.068
BPP_50_200_0.1_0.8_8.C	26	0.600	13.300	0.068
BPP_50_200_0.1_0.8_8.C	26	0.800	13.400	0.067
BPP_50_200_0.1_0.8_8.C	26	0.600	13.300	0.069
BPP_50_200_0.1_0.8_8.C	26	1.000	13.500	0.068
BPP_50_200_0.1_0.8_8.C	26	0.600	13.300	0.069
BPP_50_200_0.1_0.8_9.C	23	5.600	14.300	0.063
BPP_50_200_0.1_0.8_9.C	24	4.800	14.400	0.063
BPP_50_200_0.1_0.8_9.C	24	4.800	14.400	0.063
BPP_50_200_0.1_0.8_9.C	24	4.800	14.400	0.063
BPP_50_200_0.1_0.8_9.C	24	4.800	14.400	0.064
BPP_50_200_0.1_0.8_9.C	24	4.800	14.400	0.066
BPP_50_200_0.1_0.8_9.C	24	4.800	14.400	0.062
BPP_50_200_0.1_0.8_9.C	24	4.800	14.400	0.062
BPP_50_200_0.1_0.8_9.C	24	4.800	14.400	0.062
BPP_50_200_0.1_0.8_9.C	24	4.800	14.400	0.062
BPP_50_300_0.1_0.8_0.C	26	2.800	14.400	0.069
BPP_50_300_0.1_0.8_0.C	26	2.800	14.400	0.068
BPP_50_300_0.1_0.8_0.C	26	2.800	14.400	0.069
BPP_50_300_0.1_0.8_0.C	26	2.800	14.400	0.069
BPP_50_300_0.1_0.8_0.C	26	2.800	14.400	0.071
BPP_50_300_0.1_0.8_0.C	26	2.800	14.400	0.069
BPP_50_300_0.1_0.8_0.C	26	2.800	14.400	0.074
BPP_50_300_0.1_0.8_0.C	26	2.800	14.400	0.069
BPP_50_300_0.1_0.8_0.C	26	2.800	14.400	0.068
BPP_50_300_0.1_0.8_0.C	26	2.800	14.400	0.069
BPP_50_300_0.1_0.8_1.C	26	3.000	14.500	0.069
BPP_50_300_0.1_0.8_1.C	26	3.000	14.500	0.069
BPP_50_300_0.1_0.8_1.C	25	3.800	14.400	0.067
BPP_50_300_0.1_0.8_1.C	26	3.000	14.500	0.068
BPP_50_300_0.1_0.8_1.C	26	2.800	14.400	0.066
BPP_50_300_0.1_0.8_1.C	26	3.000	14.500	0.068
BPP_50_300_0.1_0.8_1.C	26	3.000	14.500	0.068
BPP_50_300_0.1_0.8_1.C	26	3.000	14.500	0.068
BPP_50_300_0.1_0.8_1.C	25	3.400	14.200	0.069
BPP_50_300_0.1_0.8_1.C	26	3.000	14.500	0.116
BPP_50_300_0.1_0.8_2.C	27	5.000	16.000	0.073
BPP_50_300_0.1_0.8_2.C	27	5.200	16.100	0.073
BPP_50_300_0.1_0.8_2.C	27	3.800	15.400	0.072
BPP_50_300_0.1_0.8_2.C	28	4.000	16.000	0.073
BPP_50_300_0.1_0.8_2.C	27	5.400	16.200	0.075
BPP_50_300_0.1_0.8_2.C	27	5.000	16.000	0.072
BPP_50_300_0.1_0.8_2.C	27	4.200	15.600	0.075
BPP_50_300_0.1_0.8_2.C	28	4.800	16.400	0.074
BPP_50_300_0.1_0.8_2.C	27	4.800	15.900	0.075
BPP_50_300_0.1_0.8_2.C	27	5.400	16.200	0.074
BPP_50_300_0.1_0.8_3.C	27	3.800	15.400	0.072
BPP_50_300_0.1_0.8_3.C	26	4.000	15.000	0.072
BPP_50_300_0.1_0.8_3.C	26	4.000	15.000	0.072
BPP_50_300_0.1_0.8_3.C	27	3.600	15.300	0.072
BPP_50_300_0.1_0.8_3.C	27	4.000	15.500	0.072
BPP_50_300_0.1_0.8_3.C	27	4.600	15.800	0.074
BPP_50_300_0.1_0.8_3.C	27	3.800	15.400	0.072
BPP_50_300_0.1_0.8_3.C	27	3.600	15.300	0.072
BPP_50_300_0.1_0.8_3.C	27	3.800	15.400	0.074
BPP_50_300_0.1_0.8_3.C	27	3.800	15.400	0.072
BPP_50_300_0.1_0.8_4.C	29	4.000	16.500	0.076
BPP_50_300_0.1_0.8_4.C	29	5.200	17.100	0.077
BPP_50_300_0.1_0.8_4.C	29	5.200	17.100	0.077
BPP_50_300_0.1_0.8_4.C	29	5.600	17.300	0.075
BPP_50_300_0.1_0.8_4.C	29	5.400	17.200	0.077
BPP_50_300_0.1_0.8_4.C	29	5.600	17.300	0.075
BPP_50_300_0.1_0.8_4.C	29	5.000	17.000	0.075
BPP_50_300_0.1_0.8_4.C	29	5.000	17.000	0.077
BPP_50_300_0.1_0.8_4.C	29	4.800	16.900	0.076
BPP_50_300_0.1_0.8_4.C	28	6.400	17.200	0.076
BPP_50_300_0.1_0.8_5.C	24	5.400	14.700	0.066
BPP_50_300_0.1_0.8_5.C	24	4.600	14.300	0.067
BPP_50_300_0.1_0.8_5.C	23	5.000	14.000	0.066
BPP_50_300_0.1_0.8_5.C	24	4.800	14.400	0.064
BPP_50_300_0.1_0.8_5.C	25	4.000	14.500	0.064
BPP_50_300_0.1_0.8_5.C	23	5.800	14.400	0.065
BPP_50_300_0.1_0.8_5.C	24	4.400	14.200	0.065
BPP_50_300_0.1_0.8_5.C	23	5.400	14.200	0.064
BPP_50_300_0.1_0.8_5.C	23	5.200	14.100	0.065
BPP_50_300_0.1_0.8_5.C	23	5.800	14.400	0.066
BPP_50_300_0.1_0.8_6.C	22	4.000	13.000	0.063
BPP_50_300_0.1_0.8_6.C	22	4.000	13.000	0.064
BPP_50_300_0.1_0.8_6.C	22	4.000	13.000	0.062
BPP_50_300_0.1_0.8_6.C	22	4.000	13.000	0.062
BPP_50_300_0.1_0.8_6.C	22	4.000	13.000	0.063
BPP_50_300_0.1_0.8_6.C	22	4.000	13.000	0.063
BPP_50_300_0.1_0.8_6.C	22	4.000	13.000	0.061
BPP_50_300_0.1_0.8_6.C	22	4.000	13.000	0.064
BPP_50_300_0.1_0.8_6.C	22	4.000	13.000	0.061
BPP_50_300_0.1_0.8_6.C	22	4.000	13.000	0.063
BPP_50_300_0.1_0.8_7.C	28	3.600	15.800	0.075
BPP_50_300_0.1_0.8_7.C	29	4.000	16.500	0.077
BPP_50_300_0.1_0.8_7.C	28	3.000	15.500	0.077
BPP_50_300_0.1_0.8_7.C	29	4.200	16.600	0.075
BPP_50_300_0.1_0.8_7.C	29	4.000	16.500	0.074
BPP_50_300_0.1_0.8_7.C	28	4.200	16.100	0.077
BPP_50_300_0.1_0.8_7.C	29	3.800	16.400	0.075
BPP_50_300_0.1_0.8_7.C	28	4.200	16.100	0.078
BPP_50_300_0.1_0.8_7.C	29	4.000	16.500	0.076
BPP_50_300_0.1_0.8_7.C	29	4.400	16.700	0.075
BPP_50_300_0.1_0.8_8.C	29	3.400	16.200	0.077
BPP_50_300_0.1_0.8_8.C	30	3.400	16.700	0.076
BPP_50_300_0.1_0.8_8.C	30	3.400	16.700	0.076
BPP_50_300_0.1_0.8_8.C	29	3.400	16.200	0.077
BPP_50_300_0.1_0.8_8.C	30	3.400	16.700	0.078
BPP_50_300_0.1_0.8_8.C	30	3.400	16.700	0.076
BPP_50_300_0.1_0.8_8.C	29	4.000	16.500	0.076
BPP_50_300_0.1_0.8_8.C	29	3.600	16.300	0.077
BPP_50_300_0.1_0.8_8.C	29	3.400	16.200	0.078
BPP_50_300_0.1_0.8_8.C	29	3.400	16.200	0.077
BPP_50_300_0.1_0.8_9.C	29	3.400	16.200	0.077
BPP_50_300_0.1_0.8_9.C	28	2.800	15.400	0.077
BPP_50_300_0.1_0.8_9.C	29	3.000	16.000	0.078
BPP_50_300_0.1_0.8_9.C	29	3.200	16.100	0.077
BPP_50_300_0.1_0.8_9.C	29	2.800	15.900	0.077
BPP_50_300_0.1_0.8_9.C	29	3.600	16.300	0.077
BPP_50_300_0.1_0.8_9.C	29	2.600	15.800	0.078
BPP_50_300_0.1_0.8_9.C	29	3.400	16.200	0.078
BPP_50_300_0.1_0.8_9.C	29	2.800	15.900	0.077
BPP_50_300_0.1_0.8_9.C	29	2.800	15.900	0.077
BPP_50_400_0.1_0.8_0.C	23	0.800	11.900	0.063
BPP_50_400_0.1_0.8_0.C	23	0.600	11.800	0.062
BPP_50_400_0.1_0.8_0.C	22	1.200	11.600	0.064
BPP_50_400_0.1_0.8_0.C	23	0.800	11.900	0.060
BPP_50_400_0.1_0.8_0.C	23	0.800	11.900	0.062
BPP_50_400_0.1_0.8_0.C	23	0.800	11.900	0.067
BPP_50_400_0.1_0.8_0.C	22	1.200	11.600	0.062
BPP_50_400_0.1_0.8_0.C	23	0.800	11.900	0.065
BPP_50_400_0.1_0.8_0.C	23	0.800	11.900	0.063
BPP_50_400_0.1_0.8_0.C	22	1.800	11.900	0.061
BPP_50_400_0.1_0.8_1.C	29	1.000	15.000	0.080
BPP_50_400_0.1_0.8_1.C	29	1.200	15.100	0.079
BPP_50_400_0.1_0.8_1.C	29	0.600	14.800	0.079
BPP_50_400_0.1_0.8_1.C	29	0.400	14.700	0.082
BPP_50_400_0.1_0.8_1.C	29	1.000	15.000	0.079
BPP_50_400_0.1_0.8_1.C	30	0.200	15.100	0.080
BPP_50_400_0.1_0.8_1.C	29	0.600	14.800	0.080
BPP_50_400_0.1_0.8_1.C	30	0.200	15.100	0.087
BPP_50_400_0.1_0.8_1.C	30	0.200	15.100	0.080
BPP_50_400_0.1_0.8_1.C	29	0.800	14.900	0.081
BPP_50_400_0.1_0.8_2.C	24	1.600	12.800	0.069
BPP_50_400_0.1_0.8_2.C	24	1.600	12.800	0.067
BPP_50_400_0.1_0.8_2.C	24	1.600	12.800	0.068
BPP_50_400_0.1_0.8_2.C	24	1.600	12.800	0.067
BPP_50_400_0.1_0.8_2.C	24	1.600	12.800	0.067
BPP_50_400_0.1_0.8_2.C	24	1.600	12.800	0.069
BPP_50_400_0.1_0.8_2.C	24	1.600	12.800	0.068
BPP_50_400_0.1_0.8_2.C	24	1.600	12.800	0.069
BPP_50_400_0.1_0.8_2.C	24	1.600	12.800	0.069
BPP_50_400_0.1_0.8_2.C	24	1.600	12.800	0.069
BPP_50_400_0.1_0.8_3.C	25	3.600	14.300	0.064
BPP_50_400_0.1_0.8_3.C	25	3.200	14.100	0.068
BPP_50_400_0.1_0.8_3.C	25	3.400	14.200	0.070
BPP_50_400_0.1_0.8_3.C	25	3.600	14.300	0.065
BPP_50_400_0.1_0.8_3.C	25	3.800	14.400	0.066
BPP_50_400_0.1_0.8_3.C	25	3.600	14.300	0.065
BPP_50_400_0.1_0.8_3.C	25	3.600	14.300	0.064
BPP_50_400_0.1_0.8_3.C	25	3.400	14.200	0.065
BPP_50_400_0.1_0.8_3.C	25	3.400	14.200	0.064
BPP_50_400_0.1_0.8_3.C	25	3.400	14.200	0.066
BPP_50_400_0.1_0.8_4.C	22	1.400	11.700	0.061
BPP_50_400_0.1_0.8_4.C	23	1.600	12.300	0.062
BPP_50_400_0.1_0.8_4.C	22	2.200	12.100	0.062
BPP_50_400_0.1_0.8_4.C	23	1.200	12.100	0.063
BPP_50_400_0.1_0.8_4.C	22	2.600	12.300	0.062
BPP_50_400_0.1_0.8_4.C	22	2.800	12.400	0.062
BPP_50_400_0.1_0.8_4.C	22	1.400	11.700	0.063
BPP_50_400_0.1_0.8_4.C	22	2.600	12.300	0.064
BPP_50_400_0.1_0.8_4.C	22	2.600	12.300	0.061
BPP_50_400_0.1_0.8_4.C	23	1.400	12.200	0.061
BPP_50_400_0.1_0.8_5.C	29	3.600	16.300	0.072
BPP_50_400_0.1_0.8_5.C	28	4.000	16.000	0.070
BPP_50_400_0.1_0.8_5.C	28	4.000	16.000	0.070
BPP_50_400_0.1_0.8_5.C	29	3.600	16.300	0.072
BPP_50_400_0.1_0.8_5.C	28	4.000	16.000	0.071
BPP_50_400_0.1_0.8_5.C	29	3.600	16.300	0.071
BPP_50_400_0.1_0.8_5.C	28	4.000	16.000	0.072
BPP_50_400_0.1_0.8_5.C	28	4.000	16.000	0.073
BPP_50_400_0.1_0.8_5.C	28	4.600	16.300	0.070
BPP_50_400_0.1_0.8_5.C	28	4.400	16.200	0.073
BPP_50_400_0.1_0.8_6.C	27	8.200	17.600	0.072
BPP_50_400_0.1_0.8_6.C	26	9.000	17.500	0.072
BPP_50_400_0.1_0.8_6.C	27	8.200	17.600	0.074
BPP_50_400_0.1_0.8_6.C	26	9.000	17.500	0.076
BPP_50_400_0.1_0.8_6.C	27	8.200	17.600	0.074
BPP_50_400_0.1_0.8_6.C	26	9.000	17.500	0.075
BPP_50_400_0.1_0.8_6.C	27	8.200	17.600	0.078
BPP_50_400_0.1_0.8_6.C	26	9.000	17.500	0.074
BPP_50_400_0.1_0.8_6.C	27	8.200	17.600	0.074
BPP_50_400_0.1_0.8_6.C	27	8.200	17.600	0.076
BPP_50_400_0.1_0.8_7.C	25	1.400	13.200	0.072
BPP_50_400_0.1_0.8_7.C	25	1.400	13.200	0.070
BPP_50_400_0.1_0.8_7.C	25	1.400	13.200	0.071
BPP_50_400_0.1_0.8_7.C	25	1.400	13.200	0.071
BPP_50_400_0.1_0.8_7.C	25	1.400	13.200	0.071
BPP_50_400_0.1_0.8_7.C	25	1.400	13.200	0.073
BPP_50_400_0.1_0.8_7.C	25	1.400	13.200	0.071
BPP_50_400_0.1_0.8_7.C	25	1.400	13.200	0.069
BPP_50_400_0.1_0.8_7.C	25	1.400	13.200	0.071
BPP_50_400_0.1_0.8_7.C	25	1.400	13.200	0.070
BPP_50_400_0.1_0.8_8.C	30	7.000	18.500	0.082
BPP_50_400_0.1_0.8_8.C	30	6.400	18.200	0.081
BPP_50_400_0.1_0.8_8.C	30	6.800	18.400	0.082
BPP_50_400_0.1_0.8_8.C	30	6.200	18.100	0.082
BPP_50_400_0.1_0.8_8.C	30	6.400	18.200	0.082
BPP_50_400_0.1_0.8_8.C	30	6.400	18.200	0.078
BPP_50_400_0.1_0.8_8.C	29	7.200	18.100	0.080
BPP_50_400_0.1_0.8_8.C	30	6.400	18.200	0.081
BPP_50_400_0.1_0.8_8.C	30	6.600	18.300	0.080
BPP_50_400_0.1_0.8_8.C	30	6.800	18.400	0.082
BPP_50_400_0.1_0.8_9.C	26	7.200	16.600	0.072
BPP_50_400_0.1_0.8_9.C	26	7.400	16.700	0.071
BPP_50_400_0.1_0.8_9.C	26	7.600	16.800	0.072
BPP_50_400_0.1_0.8_9.C	26	7.400	16.700	0.071
BPP_50_400_0.1_0.8_9.C	26	7.400	16.700	0.071
BPP_50_400_0.1_0.8_9.C	26	7.000	16.500	0.070
BPP_50_400_0.1_0.8_9.C	26	7.200	16.600	0.074
BPP_50_400_0.1_0.8_9.C	26	7.200	16.600	0.072
BPP_50_400_0.1_0.8_9.C	27	6.200	16.600	0.071
BPP_50_400_0.1_0.8_9.C	26	6.600	16.300	0.071
BPP_50_500_0.1_0.8_0.C	26	2.600	14.300	0.068
BPP_50_500_0.1_0.8_0.C	27	2.800	14.900	0.072
BPP_50_500_0.1_0.8_0.C	27	2.800	14.900	0.070
BPP_50_500_0.1_0.8_0.C	27	2.600	14.800	0.070
BPP_50_500_0.1_0.8_0.C	26	3.400	14.700	0.068
BPP_50_500_0.1_0.8_0.C	27	2.800	14.900	0.068
BPP_50_500_0.1_0.8_0.C	26	3.000	14.500	0.068
BPP_50_500_0.1_0.8_0.C	26	3.600	14.800	0.068
BPP_50_500_0.1_0.8_0.C	26	3.000	14.500	0.069
BPP_50_500_0.1_0.8_0.C	27	2.800	14.900	0.069
BPP_50_500_0.1_0.8_1.C	25	1.000	13.000	0.071
BPP_50_500_0.1_0.8_1.C	25	0.800	12.900	0.072
BPP_50_500_0.1_0.8_1.C	25	1.800	13.400	0.072
BPP_50_500_0.1_0.8_1.C	25	1.000	13.000	0.072
BPP_50_500_0.1_0.8_1.C	25	2.400	13.700	0.074
BPP_50_500_0.1_0.8_1.C	25	1.400	13.200	0.075
BPP_50_500_0.1_0.8_1.C	25	0.600	12.800	0.071
BPP_50_500_0.1_0.8_1.C	25	2.200	13.600	0.072
BPP_50_500_0.1_0.8_1.C	26	0.400	13.200	0.071
BPP_50_500_0.1_0.8_1.C	26	1.000	13.500	0.070
BPP_50_500_0.1_0.8_2.C	27	1.000	14.000	0.071
BPP_50_500_0.1_0.8_2.C	27	1.000	14.000	0.073
BPP_50_500_0.1_0.8_2.C	27	1.200	14.100	0.071
BPP_50_500_0.1_0.8_2.C	27	1.000	14.000	0.070
BPP_50_500_0.1_0.8_2.C	27	1.200	14.100	0.071
BPP_50_500_0.1_0.8_2.C	27	1.200	14.100	0.072
BPP_50_500_0.1_0.8_2.C	27	1.200	14.100	0.073
BPP_50_500_0.1_0.8_2.C	27	1.200	14.100	0.071
BPP_50_500_0.1_0.8_2.C	27	1.200	14.100	0.072
BPP_50_500_0.1_0.8_2.C	27	1.200	14.100	0.071
BPP_50_500_0.1_0.8_3.C	23	4.600	13.800	0.064
BPP_50_500_0.1_0.8_3.C	23	4.400	13.700	0.064
BPP_50_500_0.1_0.8_3.C	23	5.000	14.000	0.064
BPP_50_500_0.1_0.8_3.C	24	4.400	14.200	0.064
BPP_50_500_0.1_0.8_3.C	23	5.400	14.200	0.065
BPP_50_500_0.1_0.8_3.C	23	4.400	13.700	0.064
BPP_50_500_0.1_0.8_3.C	23	5.000	14.000	0.064
BPP_50_500_0.1_0.8_3.C	24	3.800	13.900	0.065
BPP_50_500_0.1_0.8_3.C	24	4.200	14.100	0.065
BPP_50_500_0.1_0.8_3.C	24	3.800	13.900	0.065
BPP_50_500_0.1_0.8_4.C	22	3.000	12.500	0.061
BPP_50_500_0.1_0.8_4.C	23	1.800	12.400	0.061
BPP_50_500_0.1_0.8_4.C	23	2.000	12.500	0.063
BPP_50_500_0.1_0.8_4.C	23	2.000	12.500	0.062
BPP_50_500_0.1_0.8_4.C	23	2.000	12.500	0.063
BPP_50_500_0.1_0.8_4.C	23	2.000	12.500	0.061
BPP_50_500_0.1_0.8_4.C	22	2.400	12.200	0.064
BPP_50_500_0.1_0.8_4.C	23	2.000	12.500	0.063
BPP_50_500_0.1_0.8_4.C	23	1.800	12.400	0.062
BPP_50_500_0.1_0.8_4.C	23	1.800	12.400	0.061
BPP_50_500_0.1_0.8_5.C	28	2.800	15.400	0.073
BPP_50_500_0.1_0.8_5.C	28	2.800	15.400	0.072
BPP_50_500_0.1_0.8_5.C	27	3.000	15.000	0.071
BPP_50_500_0.1_0.8_5.C	27	3.400	15.200	0.070
BPP_50_500_0.1_0.8_5.C	27	3.600	15.300	0.071
BPP_50_500_0.1_0.8_5.C	27	3.600	15.300	0.072
BPP_50_500_0.1_0.8_5.C	28	2.800	15.400	0.072
BPP_50_500_0.1_0.8_5.C	28	2.800	15.400	0.072
BPP_50_500_0.1_0.8_5.C	28	2.800	15.400	0.071
BPP_50_500_0.1_0.8_5.C	27	3.400	15.200	0.072
BPP_50_500_0.1_0.8_6.C	24	0.800	12.400	0.062
BPP_50_500_0.1_0.8_6.C	23	0.800	11.900	0.061
BPP_50_500_0.1_0.8_6.C	24	0.800	12.400	0.063
BPP_50_500_0.1_0.8_6.C	24	0.800	12.400	0.062
BPP_50_500_0.1_0.8_6.C	24	0.800	12.400	0.062
BPP_50_500_0.1_0.8_6.C	23	1.800	12.400	0.063
BPP_50_500_0.1_0.8_6.C	23	1.800	12.400	0.063
BPP_50_500_0.1_0.8_6.C	23	1.600	12.300	0.061
BPP_50_500_0.1_0.8_6.C	23	1.400	12.200	0.063
BPP_50_500_0.1_0.8_6.C	23	1.800	12.400	0.062
BPP_50_500_0.1_0.8_7.C	28	1.800	14.900	0.071
BPP_50_500_0.1_0.8_7.C	27	3.000	15.000	0.072
BPP_50_500_0.1_0.8_7.C	27	3.200	15.100	0.071
BPP_50_500_0.1_0.8_7.C	27	2.800	14.900	0.071
BPP_50_500_0.1_0.8_7.C	28	2.000	15.000	0.071
BPP_50_500_0.1_0.8_7.C	28	2.800	15.400	0.072
BPP_50_500_0.1_0.8_7.C	28	2.400	15.200	0.070
BPP_50_500_0.1_0.8_7.C	28	1.800	14.900	0.070
BPP_50_500_0.1_0.8_7.C	28	1.800	14.900	0.070
BPP_50_500_0.1_0.8_7.C	28	1.800	14.900	0.071
BPP_50_500_0.1_0.8_8.C	28	2.000	15.000	0.072
BPP_50_500_0.1_0.8_8.C	28	1.800	14.900	0.076
BPP_50_500_0.1_0.8_8.C	28	1.800	14.900	0.073
BPP_50_500_0.1_0.8_8.C	28	2.000	15.000	0.074
BPP_50_500_0.1_0.8_8.C	28	1.800	14.900	0.073
BPP_50_500_0.1_0.8_8.C	28	2.000	15.000	0.073
BPP_50_500_0.1_0.8_8.C	27	3.000	15.000	0.072
BPP_50_500_0.1_0.8_8.C	28	1.800	14.900	0.075
BPP_50_500_0.1_0.8_8.C	27	2.000	14.500	0.075
BPP_50_500_0.1_0.8_8.C	28	1.800	14.900	0.074
BPP_50_500_0.1_0.8_9.C	27	0.800	13.900	0.069
BPP_50_500_0.1_0.8_9.C	26	1.200	13.600	0.069
BPP_50_500_0.1_0.8_9.C	27	0.800	13.900	0.072
BPP_50_500_0.1_0.8_9.C	26	1.000	13.500	0.072
BPP_50_500_0.1_0.8_9.C	26	1.800	13.900	0.069
BPP_50_500_0.1_0.8_9.C	26	0.800	13.400	0.068
BPP_50_500_0.1_0.8_9.C	26	1.400	13.700	0.068
BPP_50_500_0.1_0.8_9.C	26	0.800	13.400	0.069
BPP_50_500_0.1_0.8_9.C	26	0.800	13.400	0.070
BPP_50_500_0.1_0.8_9.C	26	0.800	13.400	0.068
BPP_50_50_0.1_0.8_0.C	25	3.200	14.100	0.071
BPP_50_50_0.1_0.8_0.C	25	3.200	14.100	0.072
BPP_50_50_0.1_0.8_0.C	26	3.200	14.600	0.070
BPP_50_50_0.1_0.8_0.C	25	3.800	14.400	0.071
BPP_50_50_0.1_0.8_0.C	26	3.400	14.700	0.074
BPP_50_50_0.1_0.8_0.C	25	3.000	14.000	0.071
BPP_50_50_0.1_0.8_0.C	25	3.200	14.100	0.071
BPP_50_50_0.1_0.8_0.C	25	3.400	14.200	0.071
BPP_50_50_0.1_0.8_0.C	26	3.400	14.700	0.072
BPP_50_50_0.1_0.8_0.C	25	4.000	14.500	0.069
BPP_50_50_0.1_0.8_1.C	29	1.400	15.200	0.078
BPP_50_50_0.1_0.8_1.C	29	1.400	15.200	0.078
BPP_50_50_0.1_0.8_1.C	29	1.200	15.100	0.077
BPP_50_50_0.1_0.8_1.C	29	1.600	15.300	0.077
BPP_50_50_0.1_0.8_1.C	29	1.200	15.100	0.079
BPP_50_50_0.1_0.8_1.C	29	1.400	15.200	0.078
BPP_50_50_0.1_0.8_1.C	29	1.400	15.200	0.077
BPP_50_50_0.1_0.8_1.C	29	1.400	15.200	0.079
BPP_50_50_0.1_0.8_1.C	29	1.600	15.300	0.078
BPP_50_50_0.1_0.8_1.C	29	1.600	15.300	0.079
BPP_50_50_0.1_0.8_2.C	27	3.400	15.200	0.071
BPP_50_50_0.1_0.8_2.C	27	2.800	14.900	0.070
BPP_50_50_0.1_0.8_2.C	27	2.800	14.900	0.073
BPP_50_50_0.1_0.8_2.C	27	2.600	14.800	0.074
BPP_50_50_0.1_0.8_2.C	27	3.000	15.000	0.072
BPP_50_50_0.1_0.8_2.C	27	3.400	15.200	0.071
BPP_50_50_0.1_0.8_2.C	27	3.400	15.200	0.072
BPP_50_50_0.1_0.8_2.C	27	3.200	15.100	0.071
BPP_50_50_0.1_0.8_2.C	27	2.800	14.900	0.072
BPP_50_50_0.1_0.8_2.C	27	3.400	15.200	0.072
BPP_50_50_0.1_0.8_3.C	22	1.600	11.800	0.063
BPP_50_50_0.1_0.8_3.C	22	1.600	11.800	0.062
BPP_50_50_0.1_0.8_3.C	22	1.600	11.800	0.063
BPP_50_50_0.1_0.8_3.C	22	1.600	11.800	0.063
BPP_50_50_0.1_0.8_3.C	21	1.800	11.400	0.061
BPP_50_50_0.1_0.8_3.C	22	1.600	11.800	0.061
BPP_50_50_0.1_0.8_3.C	22	1.600	11.800	0.062
BPP_50_50_0.1_0.8_3.C	22	1.600	11.800	0.064
BPP_50_50_0.1_0.8_3.C	22	1.600	11.800	0.064
BPP_50_50_0.1_0.8_3.C	22	1.600	11.800	0.062
BPP_50_50_0.1_0.8_4.C	26	3.800	14.900	0.068
BPP_50_50_0.1_0.8_4.C	26	4.000	15.000	0.069
BPP_50_50_0.1_0.8_4.C	26	4.200	15.100	0.067
BPP_50_50_0.1_0.8_4.C	26	4.000	15.000	0.069
BPP_50_50_0.1_0.8_4.C	26	4.400	15.200	0.068
BPP_50_50_0.1_0.8_4.C	25	4.800	14.900	0.067
BPP_50_50_0.1_0.8_4.C	25	5.200	15.100	0.067
BPP_50_50_0.1_0.8_4.C	26	4.000	15.000	0.068
BPP_50_50_0.1_0.8_4.C	26	4.200	15.100	0.067
BPP_50_50_0.1_0.8_4.C	26	4.000	15.000	0.068
BPP_50_50_0.1_0.8_5.C	26	2.800	14.400	0.073
BPP_50_50_0.1_0.8_5.C	26	2.800	14.400	0.074
BPP_50_50_0.1_0.8_5.C	25	3.200	14.100	0.073
BPP_50_50_0.1_0.8_5.C	26	2.800	14.400	0.073
BPP_50_50_0.1_0.8_5.C	26	2.800	14.400	0.074
BPP_50_50_0.1_0.8_5.C	26	2.800	14.400	0.078
BPP_50_50_0.1_0.8_5.C	26	2.800	14.400	0.075
BPP_50_50_0.1_0.8_5.C	26	2.800	14.400	0.074
BPP_50_50_0.1_0.8_5.C	26	2.800	14.400	0.074
BPP_50_50_0.1_0.8_5.C	26	2.800	14.400	0.074
BPP_50_50_0.1_0.8_6.C	25	4.400	14.700	0.067
BPP_50_50_0.1_0.8_6.C	25	4.000	14.500	0.067
BPP_50_50_0.1_0.8_6.C	25	4.000	14.500	0.068
BPP_50_50_0.1_0.8_6.C	24	5.400	14.700	0.067
BPP_50_50_0.1_0.8_6.C	24	4.600	14.300	0.069
BPP_50_50_0.1_0.8_6.C	25	4.200	14.600	0.068
BPP_50_50_0.1_0.8_6.C	25	4.200	14.600	0.067
BPP_50_50_0.1_0.8_6.C	25	4.200	14.600	0.069
BPP_50_50_0.1_0.8_6.C	25	4.200	14.600	0.067
BPP_50_50_0.1_0.8_6.C	25	4.400	14.700	0.066
BPP_50_50_0.1_0.8_7.C	27	5.200	16.100	0.070
BPP_50_50_0.1_0.8_7.C	26	6.000	16.000	0.069
BPP_50_50_0.1_0.8_7.C	27	4.800	15.900	0.069
BPP_50_50_0.1_0.8_7.C	26	6.000	16.000	0.069
BPP_50_50_0.1_0.8_7.C	26	5.600	15.800	0.069
BPP_50_50_0.1_0.8_7.C	26	5.800	15.900	0.070
BPP_50_50_0.1_0.8_7.C	27	5.200	16.100	0.071
BPP_50_50_0.1_0.8_7.C	27	4.400	15.700	0.069
BPP_50_50_0.1_0.8_7.C	26	6.000	16.000	0.068
BPP_50_50_0.1_0.8_7.C	26	5.400	15.700	0.071
BPP_50_50_0.1_0.8_8.C	25	4.000	14.500	0.068
BPP_50_50_0.1_0.8_8.C	25	4.000	14.500	0.068
BPP_50_50_0.1_0.8_8.C	25	4.000	14.500	0.066
BPP_50_50_0.1_0.8_8.C	24	4.200	14.100	0.066
BPP_50_50_0.1_0.8_8.C	25	3.600	14.300	0.066
BPP_50_50_0.1_0.8_8.C	25	4.000	14.500	0.066
BPP_50_50_0.1_0.8_8.C	25	4.000	14.500	0.066
BPP_50_50_0.1_0.8_8.C	25	4.000	14.500	0.065
BPP_50_50_0.1_0.8_8.C	25	4.000	14.500	0.066
BPP_50_50_0.1_0.8_8.C	25	4.000	14.500	0.066
BPP_50_50_0.1_0.8_9.C	26	5.000	15.500	0.069
BPP_50_50_0.1_0.8_9.C	26	5.200	15.600	0.071
BPP_50_50_0.1_0.8_9.C	26	5.000	15.500	0.070
BPP_50_50_0.1_0.8_9.C	26	5.200	15.600	0.068
BPP_50_50_0.1_0.8_9.C	26	5.200	15.600	0.070
BPP_50_50_0.1_0.8_9.C	26	5.200	15.600	0.072
BPP_50_50_0.1_0.8_9.C	26	5.400	15.700	0.071
BPP_50_50_0.1_0.8_9.C	26	5.600	15.800	0.073
BPP_50_50_0.1_0.8_9.C	26	6.400	16.200	0.069
BPP_50_50_0.1_0.8_9.C	26	5.400	15.700	0.070
BPP_50_750_0.1_0.8_0.C	31	5.200	18.100	0.080
BPP_50_750_0.1_0.8_0.C	31	5.200	18.100	0.081
BPP_50_750_0.1_0.8_0.C	31	5.200	18.100	0.082
BPP_50_750_0.1_0.8_0.C	31	5.000	18.000	0.083
BPP_50_750_0.1_0.8_0.C	31	5.000	18.000	0.080
BPP_50_750_0.1_0.8_0.C	31	5.200	18.100	0.081
BPP_50_750_0.1_0.8_0.C	31	5.200	18.100	0.079
BPP_50_750_0.1_0.8_0.C	31	5.200	18.100	0.079
BPP_50_750_0.1_0.8_0.C	31	5.000	18.000	0.081
BPP_50_750_0.1_0.8_0.C	31	5.200	18.100	0.081
BPP_50_750_0.1_0.8_1.C	24	6.000	15.000	0.066
BPP_50_750_0.1_0.8_1.C	23	6.400	14.700	0.066
BPP_50_750_0.1_0.8_1.C	24	6.000	15.000	0.065
BPP_50_750_0.1_0.8_1.C	24	6.600	15.300	0.066
BPP_50_750_0.1_0.8_1.C	24	6.600	15.300	0.065
BPP_50_750_0.1_0.8_1.C	24	6.400	15.200	0.063
BPP_50_750_0.1_0.8_1.C	24	6.200	15.100	0.065
BPP_50_750_0.1_0.8_1.C	24	6.400	15.200	0.065
BPP_50_750_0.1_0.8_1.C	24	6.400	15.200	0.066
BPP_50_750_0.1_0.8_1.C	24	6.000	15.000	0.065
BPP_50_750_0.1_0.8_2.C	27	0.000	13.500	0.073
BPP_50_750_0.1_0.8_2.C	27	0.000	13.500	0.073
BPP_50_750_0.1_0.8_2.C	27	0.000	13.500	0.073
BPP_50_750_0.1_0.8_2.C	27	0.000	13.500	0.073
BPP_50_750_0.1_0.8_2.C	27	0.000	13.500	0.073
BPP_50_750_0.1_0.8_2.C	27	0.000	13.500	0.071
BPP_50_750_0.1_0.8_2.C	27	0.000	13.500	0.071
BPP_50_750_0.1_0.8_2.C	27	0.000	13.500	0.073
BPP_50_750_0.1_0.8_2.C	27	0.000	13.500	0.071
BPP_50_750_0.1_0.8_2.C	27	0.000	13.500	0.071
BPP_50_750_0.1_0.8_3.C	26	0.000	13.000	0.070
BPP_50_750_0.1_0.8_3.C	26	0.000	13.000	0.069
BPP_50_750_0.1_0.8_3.C	26	0.000	13.000	0.070
BPP_50_750_0.1_0.8_3.C	26	0.000	13.000	0.072
BPP_50_750_0.1_0.8_3.C	26	0.000	13.000	0.071
BPP_50_750_0.1_0.8_3.C	26	0.000	13.000	0.070
BPP_50_750_0.1_0.8_3.C	26	0.000	13.000	0.070
BPP_50_750_0.1_0.8_3.C	26	0.000	13.000	0.069
BPP_50_750_0.1_0.8_3.C	26	0.000	13.000	0.070
BPP_50_750_0.1_0.8_3.C	26	0.000	13.000	0.068
BPP_50_750_0.1_0.8_4.C	26	0.000	13.000	0.067
BPP_50_750_0.1_0.8_4.C	26	0.000	13.000	0.067
BPP_50_750_0.1_0.8_4.C	25	0.800	12.900	0.068
BPP_50_750_0.1_0.8_4.C	25	0.600	12.800	0.070
BPP_50_750_0.1_0.8_4.C	26	0.000	13.000	0.068
BPP_50_750_0.1_0.8_4.C	26	0.000	13.000	0.067
BPP_50_750_0.1_0.8_4.C	26	0.000	13.000	0.067
BPP_50_750_0.1_0.8_4.C	26	0.000	13.000	0.069
BPP_50_750_0.1_0.8_4.C	26	0.000	13.000	0.067
BPP_50_750_0.1_0.8_4.C	25	0.000	12.500	0.066
BPP_50_750_0.1_0.8_5.C	27	0.200	13.600	0.073
BPP_50_750_0.1_0.8_5.C	26	0.400	13.200	0.073
BPP_50_750_0.1_0.8_5.C	27	0.000	13.500	0.072
BPP_50_750_0.1_0.8_5.C	27	0.200	13.600	0.073
BPP_50_750_0.1_0.8_5.C	27	0.200	13.600	0.072
BPP_50_750_0.1_0.8_5.C	27	0.000	13.500	0.073
BPP_50_750_0.1_0.8_5.C	26	1.200	13.600	0.072
BPP_50_750_0.1_0.8_5.C	27	0.000	13.500	0.072
BPP_50_750_0.1_0.8_5.C	27	0.000	13.500	0.072
BPP_50_750_0.1_0.8_5.C	27	0.200	13.600	0.073
BPP_50_750_0.1_0.8_6.C	26	0.800	13.400	0.076
BPP_50_750_0.1_0.8_6.C	26	0.200	13.100	0.078
BPP_50_750_0.1_0.8_6.C	26	0.000	13.000	0.072
BPP_50_750_0.1_0.8_6.C	27	0.000	13.500	0.072
BPP_50_750_0.1_0.8_6.C	27	0.000	13.500	0.075
BPP_50_750_0.1_0.8_6.C	26	0.000	13.000	0.077
BPP_50_750_0.1_0.8_6.C	27	0.000	13.500	0.073
BPP_50_750_0.1_0.8_6.C	27	0.000	13.500	0.073
BPP_50_750_0.1_0.8_6.C	27	0.000	13.500	0.072
BPP_50_750_0.1_0.8_6.C	26	0.200	13.100	0.073
BPP_50_750_0.1_0.8_7.C	28	2.800	15.400	0.072
BPP_50_750_0.1_0.8_7.C	28	3.000	15.500	0.073
BPP_50_750_0.1_0.8_7.C	28	2.800	15.400	0.072
BPP_50_750_0.1_0.8_7.C	28	2.600	15.300	0.072
BPP_50_750_0.1_0.8_7.C	28	2.600	15.300	0.072
BPP_50_750_0.1_0.8_7.C	28	2.800	15.400	0.072
BPP_50_750_0.1_0.8_7.C	28	3.200	15.600	0.072
BPP_50_750_0.1_0.8_7.C	28	2.800	15.400	0.072
BPP_50_750_0.1_0.8_7.C	28	2.600	15.300	0.071
BPP_50_750_0.1_0.8_7.C	28	2.600	15.300	0.071
BPP_50_750_0.1_0.8_8.C	26	0.600	13.300	0.067
BPP_50_750_0.1_0.8_8.C	26	0.600	13.300	0.066
BPP_50_750_0.1_0.8_8.C	25	1.200	13.100	0.068
BPP_50_750_0.1_0.8_8.C	26	0.600	13.300	0.068
BPP_50_750_0.1_0.8_8.C	26	0.600	13.300	0.065
BPP_50_750_0.1_0.8_8.C	25	1.600	13.300	0.064
BPP_50_750_0.1_0.8_8.C	26	0.800	13.400	0.066
BPP_50_750_0.1_0.8_8.C	26	0.400	13.200	0.066
BPP_50_750_0.1_0.8_8.C	26	0.600	13.300	0.067
BPP_50_750_0.1_0.8_8.C	26	0.400	13.200	0.068
BPP_50_750_0.1_0.8_9.C	22	0.200	11.100	0.057
BPP_50_750_0.1_0.8_9.C	22	0.200	11.100	0.063
BPP_50_750_0.1_0.8_9.C	22	0.200	11.100	0.063
BPP_50_750_0.1_0.8_9.C	22	0.200	11.100	0.059
BPP_50_750_0.1_0.8_9.C	22	0.200	11.100	0.059
BPP_50_750_0.1_0.8_9.C	22	0.200	11.100	0.060
BPP_50_750_0.1_0.8_9.C	22	0.200	11.100	0.060
BPP_50_750_0.1_0.8_9.C	22	0.200	11.100	0.059
BPP_50_750_0.1_0.8_9.C	22	0.200	11.100	0.059
BPP_50_750_0.1_0.8_9.C	22	0.200	11.100	0.060
BPP_50_75_0.1_0.8_0.C	27	0.600	13.800	0.074
BPP_50_75_0.1_0.8_0.C	27	1.000	14.000	0.076
BPP_50_75_0.1_0.8_0.C	28	0.400	14.200	0.073
BPP_50_75_0.1_0.8_0.C	28	0.400	14.200	0.073
BPP_50_75_0.1_0.8_0.C	27	0.600	13.800	0.073
BPP_50_75_0.1_0.8_0.C	28	0.200	14.100	0.074
BPP_50_75_0.1_0.8_0.C	28	0.200	14.100	0.073
BPP_50_75_0.1_0.8_0.C	27	0.600	13.800	0.073
BPP_50_75_0.1_0.8_0.C	27	0.800	13.900	0.071
BPP_50_75_0.1_0.8_0.C	27	0.200	13.600	0.072
BPP_50_75_0.1_0.8_1.C	30	1.800	15.900	0.078
BPP_50_75_0.1_0.8_1.C	29	2.000	15.500	0.076
BPP_50_75_0.1_0.8_1.C	30	2.200	16.100	0.076
BPP_50_75_0.1_0.8_1.C	29	3.000	16.000	0.076
BPP_50_75_0.1_0.8_1.C	30	2.200	16.100	0.075
BPP_50_75_0.1_0.8_1.C	30	2.800	16.400	0.078
BPP_50_75_0.1_0.8_1.C	30	2.000	16.000	0.078
BPP_50_75_0.1_0.8_1.C	29	2.000	15.500	0.079
BPP_50_75_0.1_0.8_1.C	30	3.200	16.600	0.077
BPP_50_75_0.1_0.8_1.C	30	2.400	16.200	0.075
BPP_50_75_0.1_0.8_2.C	24	1.800	12.900	0.064
BPP_50_75_0.1_0.8_2.C	24	3.000	13.500	0.064
BPP_50_75_0.1_0.8_2.C	24	2.000	13.000	0.064
BPP_50_75_0.1_0.8_2.C	23	4.200	13.600	0.064
BPP_50_75_0.1_0.8_2.C	23	3.600	13.300	0.063
BPP_50_75_0.1_0.8_2.C	24	3.000	13.500	0.065
BPP_50_75_0.1_0.8_2.C	23	3.400	13.200	0.062
BPP_50_75_0.1_0.8_2.C	24	3.000	13.500	0.062
BPP_50_75_0.1_0.8_2.C	24	2.800	13.400	0.063
BPP_50_75_0.1_0.8_2.C	24	2.000	13.000	0.064
BPP_50_75_0.1_0.8_3.C	24	6.600	15.300	0.063
BPP_50_75_0.1_0.8_3.C	24	6.600	15.300	0.063
BPP_50_75_0.1_0.8_3.C	24	6.600	15.300	0.062
BPP_50_75_0.1_0.8_3.C	24	6.600	15.300	0.064
BPP_50_75_0.1_0.8_3.C	23	7.000	15.000	0.064
BPP_50_75_0.1_0.8_3.C	24	6.800	15.400	0.065
BPP_50_75_0.1_0.8_3.C	24	6.600	15.300	0.062
BPP_50_75_0.1_0.8_3.C	23	7.200	15.100	0.082
BPP_50_75_0.1_0.8_3.C	24	6.600	15.300	0.063
BPP_50_75_0.1_0.8_3.C	24	6.600	15.300	0.062
BPP_50_75_0.1_0.8_4.C	30	5.600	17.800	0.074
BPP_50_75_0.1_0.8_4.C	30	5.600	17.800	0.073
BPP_50_75_0.1_0.8_4.C	30	5.600	17.800	0.072
BPP_50_75_0.1_0.8_4.C	30	5.800	17.900	0.074
BPP_50_75_0.1_0.8_4.C	30	5.600	17.800	0.073
BPP_50_75_0.1_0.8_4.C	29	6.000	17.500	0.072
BPP_50_75_0.1_0.8_4.C	29	6.800	17.900	0.072
BPP_50_75_0.1_0.8_4.C	30	5.600	17.800	0.075
BPP_50_75_0.1_0.8_4.C	30	5.600	17.800	0.073
BPP_50_75_0.1_0.8_4.C	30	5.600	17.800	0.073
BPP_50_75_0.1_0.8_5.C	28	1.800	14.900	0.075
BPP_50_75_0.1_0.8_5.C	27	2.400	14.700	0.074
BPP_50_75_0.1_0.8_5.C	28	1.400	14.700	0.076
BPP_50_75_0.1_0.8_5.C	27	2.000	14.500	0.074
BPP_50_75_0.1_0.8_5.C	28	1.800	14.900	0.073
BPP_50_75_0.1_0.8_5.C	27	2.000	14.500	0.074
BPP_50_75_0.1_0.8_5.C	28	1.800	14.900	0.074
BPP_50_75_0.1_0.8_5.C	28	1.800	14.900	0.072
BPP_50_75_0.1_0.8_5.C	28	1.800	14.900	0.072
BPP_50_75_0.1_0.8_5.C	28	1.400	14.700	0.076
BPP_50_75_0.1_0.8_6.C	23	1.400	12.200	0.065
BPP_50_75_0.1_0.8_6.C	23	1.400	12.200	0.063
BPP_50_75_0.1_0.8_6.C	23	2.400	12.700	0.064
BPP_50_75_0.1_0.8_6.C	23	2.400	12.700	0.064
BPP_50_75_0.1_0.8_6.C	23	1.600	12.300	0.066
BPP_50_75_0.1_0.8_6.C	23	2.400	12.700	0.064
BPP_50_75_0.1_0.8_6.C	23	2.000	12.500	0.062
BPP_50_75_0.1_0.8_6.C	23	2.400	12.700	0.064
BPP_50_75_0.1_0.8_6.C	23	1.800	12.400	0.064
BPP_50_75_0.1_0.8_6.C	23	1.600	12.300	0.064
BPP_50_75_0.1_0.8_7.C	24	1.600	12.800	0.064
BPP_50_75_0.1_0.8_7.C	24	1.400	12.700	0.065
BPP_50_75_0.1_0.8_7.C	24	1.600	12.800	0.065
BPP_50_75_0.1_0.8_7.C	24	1.600	12.800	0.065
BPP_50_75_0.1_0.8_7.C	24	1.600	12.800	0.064
BPP_50_75_0.1_0.8_7.C	23	2.200	12.600	0.066
BPP_50_75_0.1_0.8_7.C	24	1.600	12.800	0.063
BPP_50_75_0.1_0.8_7.C	23	2.000	12.500	0.063
BPP_50_75_0.1_0.8_7.C	24	1.600	12.800	0.063
BPP_50_75_0.1_0.8_7.C	24	1.600	12.800	0.064
BPP_50_75_0.1_0.8_8.C	22	0.600	11.300	0.059
BPP_50_75_0.1_0.8_8.C	22	0.600	11.300	0.057
BPP_50_75_0.1_0.8_8.C	22	0.600	11.300	0.059
BPP_50_75_0.1_0.8_8.C	22	0.600	11.300	0.058
BPP_50_75_0.1_0.8_8.C	22	0.600	11.300	0.058
BPP_50_75_0.1_0.8_8.C	22	0.600	11.300	0.058
BPP_50_75_0.1_0.8_8.C	22	0.600	11.300	0.058
BPP_50_75_0.1_0.8_8.C	22	0.600	11.300	0.061
BPP_50_75_0.1_0.8_8.C	22	0.600	11.300	0.058
BPP_50_75_0.1_0.8_8.C	22	0.600	11.300	0.057
BPP_50_75_0.1_0.8_9.C	28	1.200	14.600	0.076
BPP_50_75_0.1_0.8_9.C	27	2.800	14.900	0.076
BPP_50_75_0.1_0.8_9.C	28	1.200	14.600	0.078
BPP_50_75_0.1_0.8_9.C	28	1.200	14.600	0.076
BPP_50_75_0.1_0.8_9.C	28	2.400	15.200	0.076
BPP_50_75_0.1_0.8_9.C	28	1.200	14.600	0.076
BPP_50_75_0.1_0.8_9.C	28	1.400	14.700	0.076
BPP_50_75_0.1_0.8_9.C	28	1.600	14.800	0.077
BPP_50_75_0.1_0.8_9.C	28	2.800	15.400	0.077
BPP_50_75_0.1_0.8_9.C	28	1.200	14.600	0.074
