***************************************** BIN PACKING SOLUTION *****************************************
Parameters: alpha_1=0.5 alpha_2=0.5 t=0.2 s=1
-------------------------------------------------------------------------------------------------------------------------------------------------
INSTANCE 	 # OF BINS 	 SCHEDULING OBJECTIVE 	 BEST OBJECTIVE 	 RUNNING TIME
-------------------------------------------------------------------------------------------------------------------------------------------------
BPP_new_20_1000_1.C	13	4.000	8.500	0.056
BPP_new_20_1000_1.C	13	4.000	8.500	0.055
BPP_new_20_1000_1.C	13	4.000	8.500	0.057
BPP_new_20_1000_1.C	13	4.000	8.500	0.052
BPP_new_20_1000_1.C	13	4.000	8.500	0.053
BPP_new_20_1000_1.C	13	4.000	8.500	0.051
BPP_new_20_1000_1.C	13	4.000	8.500	0.053
BPP_new_20_1000_1.C	13	4.000	8.500	0.056
BPP_new_20_1000_1.C	13	4.000	8.500	0.050
BPP_new_20_1000_1.C	13	4.000	8.500	0.055
BPP_new_20_1000_10.C	9	1.000	5.000	0.037
BPP_new_20_1000_10.C	9	1.000	5.000	0.034
BPP_new_20_1000_10.C	9	1.000	5.000	0.036
BPP_new_20_1000_10.C	9	1.000	5.000	0.034
BPP_new_20_1000_10.C	9	1.000	5.000	0.035
BPP_new_20_1000_10.C	9	1.000	5.000	0.034
BPP_new_20_1000_10.C	9	1.000	5.000	0.035
BPP_new_20_1000_10.C	9	1.000	5.000	0.034
BPP_new_20_1000_10.C	9	1.000	5.000	0.035
BPP_new_20_1000_10.C	9	1.000	5.000	0.034
BPP_new_20_1000_2.C	10	3.000	6.500	0.042
BPP_new_20_1000_2.C	10	3.000	6.500	0.042
BPP_new_20_1000_2.C	10	3.000	6.500	0.042
BPP_new_20_1000_2.C	10	3.000	6.500	0.043
BPP_new_20_1000_2.C	10	3.000	6.500	0.044
BPP_new_20_1000_2.C	10	3.000	6.500	0.042
BPP_new_20_1000_2.C	10	3.000	6.500	0.041
BPP_new_20_1000_2.C	10	3.000	6.500	0.043
BPP_new_20_1000_2.C	10	3.000	6.500	0.044
BPP_new_20_1000_2.C	10	3.000	6.500	0.042
BPP_new_20_1000_3.C	13	5.000	9.000	0.049
BPP_new_20_1000_3.C	13	5.000	9.000	0.049
BPP_new_20_1000_3.C	13	5.000	9.000	0.050
BPP_new_20_1000_3.C	13	5.000	9.000	0.061
BPP_new_20_1000_3.C	13	5.000	9.000	0.051
BPP_new_20_1000_3.C	13	5.000	9.000	0.049
BPP_new_20_1000_3.C	13	5.000	9.000	0.048
BPP_new_20_1000_3.C	13	5.000	9.000	0.048
BPP_new_20_1000_3.C	13	5.000	9.000	0.048
BPP_new_20_1000_3.C	13	5.000	9.000	0.048
BPP_new_20_1000_4.C	8	2.400	5.200	0.038
BPP_new_20_1000_4.C	8	2.400	5.200	0.035
BPP_new_20_1000_4.C	8	2.400	5.200	0.036
BPP_new_20_1000_4.C	8	2.400	5.200	0.036
BPP_new_20_1000_4.C	8	2.400	5.200	0.036
BPP_new_20_1000_4.C	8	2.400	5.200	0.037
BPP_new_20_1000_4.C	8	2.400	5.200	0.037
BPP_new_20_1000_4.C	8	2.400	5.200	0.037
BPP_new_20_1000_4.C	8	2.400	5.200	0.036
BPP_new_20_1000_4.C	8	2.400	5.200	0.036
BPP_new_20_1000_5.C	10	1.400	5.700	0.041
BPP_new_20_1000_5.C	10	1.400	5.700	0.040
BPP_new_20_1000_5.C	10	1.400	5.700	0.040
BPP_new_20_1000_5.C	10	1.400	5.700	0.042
BPP_new_20_1000_5.C	10	1.400	5.700	0.040
BPP_new_20_1000_5.C	10	1.400	5.700	0.041
BPP_new_20_1000_5.C	10	1.400	5.700	0.041
BPP_new_20_1000_5.C	10	1.400	5.700	0.040
BPP_new_20_1000_5.C	10	1.400	5.700	0.041
BPP_new_20_1000_5.C	10	1.400	5.700	0.041
BPP_new_20_1000_6.C	10	1.400	5.700	0.043
BPP_new_20_1000_6.C	10	1.400	5.700	0.045
BPP_new_20_1000_6.C	10	1.400	5.700	0.044
BPP_new_20_1000_6.C	10	1.400	5.700	0.045
BPP_new_20_1000_6.C	10	1.400	5.700	0.044
BPP_new_20_1000_6.C	10	1.400	5.700	0.041
BPP_new_20_1000_6.C	10	1.400	5.700	0.043
BPP_new_20_1000_6.C	10	1.400	5.700	0.044
BPP_new_20_1000_6.C	10	1.400	5.700	0.045
BPP_new_20_1000_6.C	10	1.400	5.700	0.045
BPP_new_20_1000_7.C	10	1.000	5.500	0.040
BPP_new_20_1000_7.C	10	1.000	5.500	0.039
BPP_new_20_1000_7.C	10	1.000	5.500	0.040
BPP_new_20_1000_7.C	10	1.000	5.500	0.040
BPP_new_20_1000_7.C	10	1.000	5.500	0.040
BPP_new_20_1000_7.C	10	1.000	5.500	0.039
BPP_new_20_1000_7.C	10	1.000	5.500	0.039
BPP_new_20_1000_7.C	10	1.000	5.500	0.040
BPP_new_20_1000_7.C	10	1.000	5.500	0.039
BPP_new_20_1000_7.C	10	1.000	5.500	0.040
BPP_new_20_1000_8.C	9	3.000	6.000	0.037
BPP_new_20_1000_8.C	9	3.000	6.000	0.038
BPP_new_20_1000_8.C	9	3.000	6.000	0.038
BPP_new_20_1000_8.C	9	3.000	6.000	0.037
BPP_new_20_1000_8.C	9	3.000	6.000	0.037
BPP_new_20_1000_8.C	9	3.000	6.000	0.038
BPP_new_20_1000_8.C	9	3.000	6.000	0.038
BPP_new_20_1000_8.C	9	3.200	6.100	0.037
BPP_new_20_1000_8.C	9	3.200	6.100	0.038
BPP_new_20_1000_8.C	9	3.000	6.000	0.038
BPP_new_20_1000_9.C	13	3.000	8.000	0.050
BPP_new_20_1000_9.C	13	3.000	8.000	0.049
BPP_new_20_1000_9.C	13	3.000	8.000	0.050
BPP_new_20_1000_9.C	13	3.000	8.000	0.051
BPP_new_20_1000_9.C	13	3.000	8.000	0.050
BPP_new_20_1000_9.C	13	3.000	8.000	0.050
BPP_new_20_1000_9.C	13	3.000	8.000	0.050
BPP_new_20_1000_9.C	13	3.000	8.000	0.049
BPP_new_20_1000_9.C	13	3.000	8.000	0.049
BPP_new_20_1000_9.C	13	3.000	8.000	0.050
BPP_new_20_100_1.C	11	3.600	7.300	0.004
BPP_new_20_100_1.C	11	3.800	7.400	0.004
BPP_new_20_100_1.C	11	3.600	7.300	0.004
BPP_new_20_100_1.C	11	3.600	7.300	0.004
BPP_new_20_100_1.C	11	3.600	7.300	0.004
BPP_new_20_100_1.C	11	3.600	7.300	0.004
BPP_new_20_100_1.C	11	3.600	7.300	0.004
BPP_new_20_100_1.C	11	3.600	7.300	0.004
BPP_new_20_100_1.C	11	3.600	7.300	0.004
BPP_new_20_100_1.C	11	3.600	7.300	0.004
BPP_new_20_100_10.C	9	2.400	5.700	0.004
BPP_new_20_100_10.C	9	2.400	5.700	0.003
BPP_new_20_100_10.C	9	2.400	5.700	0.003
BPP_new_20_100_10.C	9	2.400	5.700	0.003
BPP_new_20_100_10.C	9	2.400	5.700	0.004
BPP_new_20_100_10.C	9	2.400	5.700	0.003
BPP_new_20_100_10.C	9	2.400	5.700	0.003
BPP_new_20_100_10.C	9	2.400	5.700	0.003
BPP_new_20_100_10.C	9	2.400	5.700	0.003
BPP_new_20_100_10.C	9	2.400	5.700	0.003
BPP_new_20_100_2.C	13	3.000	8.000	0.004
BPP_new_20_100_2.C	13	3.000	8.000	0.004
BPP_new_20_100_2.C	13	3.000	8.000	0.004
BPP_new_20_100_2.C	13	3.000	8.000	0.004
BPP_new_20_100_2.C	13	3.000	8.000	0.004
BPP_new_20_100_2.C	13	3.000	8.000	0.004
BPP_new_20_100_2.C	13	3.000	8.000	0.004
BPP_new_20_100_2.C	13	3.000	8.000	0.004
BPP_new_20_100_2.C	13	3.000	8.000	0.005
BPP_new_20_100_2.C	13	3.000	8.000	0.004
BPP_new_20_100_3.C	8	0.200	4.100	0.003
BPP_new_20_100_3.C	8	0.200	4.100	0.003
BPP_new_20_100_3.C	8	0.200	4.100	0.003
BPP_new_20_100_3.C	8	0.200	4.100	0.003
BPP_new_20_100_3.C	8	0.200	4.100	0.003
BPP_new_20_100_3.C	8	0.200	4.100	0.003
BPP_new_20_100_3.C	8	0.200	4.100	0.003
BPP_new_20_100_3.C	8	0.200	4.100	0.003
BPP_new_20_100_3.C	8	0.200	4.100	0.003
BPP_new_20_100_3.C	8	0.200	4.100	0.003
BPP_new_20_100_4.C	10	2.200	6.100	0.003
BPP_new_20_100_4.C	10	2.200	6.100	0.004
BPP_new_20_100_4.C	10	2.200	6.100	0.003
BPP_new_20_100_4.C	10	2.200	6.100	0.003
BPP_new_20_100_4.C	10	2.200	6.100	0.003
BPP_new_20_100_4.C	10	2.200	6.100	0.003
BPP_new_20_100_4.C	10	2.200	6.100	0.003
BPP_new_20_100_4.C	10	2.200	6.100	0.003
BPP_new_20_100_4.C	10	2.200	6.100	0.003
BPP_new_20_100_4.C	10	2.200	6.100	0.003
BPP_new_20_100_5.C	11	2.600	6.800	0.004
BPP_new_20_100_5.C	11	2.800	6.900	0.004
BPP_new_20_100_5.C	11	2.800	6.900	0.004
BPP_new_20_100_5.C	11	2.400	6.700	0.004
BPP_new_20_100_5.C	11	2.400	6.700	0.004
BPP_new_20_100_5.C	11	2.800	6.900	0.004
BPP_new_20_100_5.C	11	2.400	6.700	0.004
BPP_new_20_100_5.C	11	2.400	6.700	0.004
BPP_new_20_100_5.C	11	2.600	6.800	0.004
BPP_new_20_100_5.C	11	2.600	6.800	0.004
BPP_new_20_100_6.C	8	1.600	4.800	0.003
BPP_new_20_100_6.C	8	1.600	4.800	0.003
BPP_new_20_100_6.C	8	1.600	4.800	0.003
BPP_new_20_100_6.C	8	1.600	4.800	0.003
BPP_new_20_100_6.C	8	1.600	4.800	0.003
BPP_new_20_100_6.C	8	1.600	4.800	0.003
BPP_new_20_100_6.C	8	1.600	4.800	0.003
BPP_new_20_100_6.C	8	1.600	4.800	0.003
BPP_new_20_100_6.C	8	1.600	4.800	0.003
BPP_new_20_100_6.C	8	1.600	4.800	0.003
BPP_new_20_100_7.C	8	0.800	4.400	0.003
BPP_new_20_100_7.C	8	0.800	4.400	0.003
BPP_new_20_100_7.C	8	0.800	4.400	0.003
BPP_new_20_100_7.C	8	0.800	4.400	0.003
BPP_new_20_100_7.C	8	0.800	4.400	0.003
BPP_new_20_100_7.C	8	0.800	4.400	0.003
BPP_new_20_100_7.C	8	0.800	4.400	0.003
BPP_new_20_100_7.C	8	0.800	4.400	0.003
BPP_new_20_100_7.C	8	0.800	4.400	0.003
BPP_new_20_100_7.C	8	0.800	4.400	0.003
BPP_new_20_100_8.C	11	3.200	7.100	0.004
BPP_new_20_100_8.C	11	3.200	7.100	0.003
BPP_new_20_100_8.C	11	3.200	7.100	0.004
BPP_new_20_100_8.C	11	3.200	7.100	0.004
BPP_new_20_100_8.C	11	3.200	7.100	0.004
BPP_new_20_100_8.C	11	3.200	7.100	0.004
BPP_new_20_100_8.C	11	3.200	7.100	0.004
BPP_new_20_100_8.C	11	3.200	7.100	0.004
BPP_new_20_100_8.C	11	3.200	7.100	0.004
BPP_new_20_100_8.C	11	3.200	7.100	0.004
BPP_new_20_100_9.C	14	3.000	8.500	0.004
BPP_new_20_100_9.C	14	3.000	8.500	0.004
BPP_new_20_100_9.C	14	3.000	8.500	0.004
BPP_new_20_100_9.C	14	3.000	8.500	0.004
BPP_new_20_100_9.C	14	3.000	8.500	0.004
BPP_new_20_100_9.C	14	3.000	8.500	0.004
BPP_new_20_100_9.C	14	3.000	8.500	0.004
BPP_new_20_100_9.C	14	3.000	8.500	0.004
BPP_new_20_100_9.C	14	3.000	8.500	0.005
BPP_new_20_100_9.C	14	3.000	8.500	0.004
BPP_new_20_120_1.C	10	1.800	5.900	0.004
BPP_new_20_120_1.C	10	1.800	5.900	0.004
BPP_new_20_120_1.C	10	1.800	5.900	0.004
BPP_new_20_120_1.C	10	1.800	5.900	0.004
BPP_new_20_120_1.C	10	1.800	5.900	0.004
BPP_new_20_120_1.C	10	1.800	5.900	0.004
BPP_new_20_120_1.C	10	1.800	5.900	0.004
BPP_new_20_120_1.C	10	1.800	5.900	0.004
BPP_new_20_120_1.C	10	1.800	5.900	0.004
BPP_new_20_120_1.C	10	1.800	5.900	0.004
BPP_new_20_120_10.C	15	4.200	9.600	0.005
BPP_new_20_120_10.C	15	4.200	9.600	0.005
BPP_new_20_120_10.C	15	4.200	9.600	0.005
BPP_new_20_120_10.C	15	4.200	9.600	0.005
BPP_new_20_120_10.C	15	4.200	9.600	0.005
BPP_new_20_120_10.C	15	4.200	9.600	0.005
BPP_new_20_120_10.C	15	4.200	9.600	0.005
BPP_new_20_120_10.C	15	4.200	9.600	0.005
BPP_new_20_120_10.C	15	4.200	9.600	0.005
BPP_new_20_120_10.C	15	4.200	9.600	0.005
BPP_new_20_120_2.C	10	2.800	6.400	0.004
BPP_new_20_120_2.C	10	2.800	6.400	0.004
BPP_new_20_120_2.C	10	2.800	6.400	0.004
BPP_new_20_120_2.C	10	2.800	6.400	0.004
BPP_new_20_120_2.C	10	2.800	6.400	0.004
BPP_new_20_120_2.C	10	2.800	6.400	0.004
BPP_new_20_120_2.C	10	2.800	6.400	0.004
BPP_new_20_120_2.C	10	2.800	6.400	0.004
BPP_new_20_120_2.C	10	2.800	6.400	0.004
BPP_new_20_120_2.C	10	2.800	6.400	0.004
BPP_new_20_120_3.C	11	2.800	6.900	0.004
BPP_new_20_120_3.C	11	2.800	6.900	0.004
BPP_new_20_120_3.C	11	2.800	6.900	0.004
BPP_new_20_120_3.C	11	2.800	6.900	0.004
BPP_new_20_120_3.C	11	2.800	6.900	0.004
BPP_new_20_120_3.C	11	2.800	6.900	0.004
BPP_new_20_120_3.C	11	2.800	6.900	0.004
BPP_new_20_120_3.C	11	2.800	6.900	0.004
BPP_new_20_120_3.C	11	2.800	6.900	0.004
BPP_new_20_120_3.C	11	2.800	6.900	0.004
BPP_new_20_120_4.C	11	2.600	6.800	0.004
BPP_new_20_120_4.C	11	2.600	6.800	0.004
BPP_new_20_120_4.C	11	2.600	6.800	0.004
BPP_new_20_120_4.C	11	2.600	6.800	0.004
BPP_new_20_120_4.C	11	2.600	6.800	0.004
BPP_new_20_120_4.C	11	2.600	6.800	0.004
BPP_new_20_120_4.C	11	2.600	6.800	0.004
BPP_new_20_120_4.C	11	2.600	6.800	0.004
BPP_new_20_120_4.C	11	2.600	6.800	0.004
BPP_new_20_120_4.C	11	2.600	6.800	0.004
BPP_new_20_120_5.C	11	2.000	6.500	0.004
BPP_new_20_120_5.C	11	2.000	6.500	0.004
BPP_new_20_120_5.C	11	2.000	6.500	0.004
BPP_new_20_120_5.C	11	2.000	6.500	0.004
BPP_new_20_120_5.C	11	2.000	6.500	0.004
BPP_new_20_120_5.C	11	2.000	6.500	0.004
BPP_new_20_120_5.C	11	2.000	6.500	0.004
BPP_new_20_120_5.C	11	2.000	6.500	0.004
BPP_new_20_120_5.C	11	2.000	6.500	0.004
BPP_new_20_120_5.C	11	2.000	6.500	0.004
BPP_new_20_120_6.C	9	0.800	4.900	0.003
BPP_new_20_120_6.C	9	0.800	4.900	0.003
BPP_new_20_120_6.C	9	0.800	4.900	0.003
BPP_new_20_120_6.C	9	0.800	4.900	0.003
BPP_new_20_120_6.C	9	0.800	4.900	0.003
BPP_new_20_120_6.C	9	0.800	4.900	0.003
BPP_new_20_120_6.C	9	0.800	4.900	0.003
BPP_new_20_120_6.C	9	0.800	4.900	0.003
BPP_new_20_120_6.C	9	0.800	4.900	0.003
BPP_new_20_120_6.C	9	0.800	4.900	0.003
BPP_new_20_120_7.C	10	0.600	5.300	0.004
BPP_new_20_120_7.C	10	0.600	5.300	0.004
BPP_new_20_120_7.C	10	0.600	5.300	0.004
BPP_new_20_120_7.C	10	0.600	5.300	0.004
BPP_new_20_120_7.C	10	0.600	5.300	0.004
BPP_new_20_120_7.C	10	0.600	5.300	0.004
BPP_new_20_120_7.C	10	0.600	5.300	0.004
BPP_new_20_120_7.C	10	0.600	5.300	0.004
BPP_new_20_120_7.C	10	0.600	5.300	0.004
BPP_new_20_120_7.C	10	0.600	5.300	0.004
BPP_new_20_120_8.C	11	5.000	8.000	0.004
BPP_new_20_120_8.C	11	5.000	8.000	0.004
BPP_new_20_120_8.C	11	5.000	8.000	0.004
BPP_new_20_120_8.C	11	5.000	8.000	0.004
BPP_new_20_120_8.C	11	5.000	8.000	0.004
BPP_new_20_120_8.C	11	5.000	8.000	0.004
BPP_new_20_120_8.C	11	5.000	8.000	0.004
BPP_new_20_120_8.C	11	5.000	8.000	0.004
BPP_new_20_120_8.C	11	5.000	8.000	0.004
BPP_new_20_120_8.C	11	5.000	8.000	0.004
BPP_new_20_120_9.C	13	2.400	7.700	0.005
BPP_new_20_120_9.C	13	2.400	7.700	0.004
BPP_new_20_120_9.C	13	2.400	7.700	0.005
BPP_new_20_120_9.C	13	2.400	7.700	0.005
BPP_new_20_120_9.C	13	2.400	7.700	0.004
BPP_new_20_120_9.C	13	2.400	7.700	0.005
BPP_new_20_120_9.C	13	2.400	7.700	0.005
BPP_new_20_120_9.C	13	2.400	7.700	0.005
BPP_new_20_120_9.C	13	2.400	7.700	0.005
BPP_new_20_120_9.C	13	2.400	7.700	0.005
BPP_new_20_125_1.C	11	5.200	8.100	0.005
BPP_new_20_125_1.C	11	5.400	8.200	0.005
BPP_new_20_125_1.C	11	5.800	8.400	0.005
BPP_new_20_125_1.C	11	5.400	8.200	0.005
BPP_new_20_125_1.C	11	5.400	8.200	0.005
BPP_new_20_125_1.C	11	5.200	8.100	0.005
BPP_new_20_125_1.C	11	5.400	8.200	0.005
BPP_new_20_125_1.C	11	5.200	8.100	0.005
BPP_new_20_125_1.C	11	5.400	8.200	0.005
BPP_new_20_125_1.C	11	5.400	8.200	0.005
BPP_new_20_125_10.C	9	1.000	5.000	0.004
BPP_new_20_125_10.C	9	1.000	5.000	0.004
BPP_new_20_125_10.C	9	1.000	5.000	0.004
BPP_new_20_125_10.C	9	1.000	5.000	0.004
BPP_new_20_125_10.C	9	1.000	5.000	0.004
BPP_new_20_125_10.C	9	1.000	5.000	0.004
BPP_new_20_125_10.C	9	1.000	5.000	0.004
BPP_new_20_125_10.C	9	1.000	5.000	0.004
BPP_new_20_125_10.C	9	1.000	5.000	0.004
BPP_new_20_125_10.C	9	1.000	5.000	0.004
BPP_new_20_125_2.C	8	2.200	5.100	0.003
BPP_new_20_125_2.C	8	2.200	5.100	0.003
BPP_new_20_125_2.C	8	2.200	5.100	0.003
BPP_new_20_125_2.C	8	2.200	5.100	0.003
BPP_new_20_125_2.C	8	2.200	5.100	0.003
BPP_new_20_125_2.C	8	2.200	5.100	0.003
BPP_new_20_125_2.C	8	2.200	5.100	0.003
BPP_new_20_125_2.C	8	2.200	5.100	0.003
BPP_new_20_125_2.C	8	2.200	5.100	0.003
BPP_new_20_125_2.C	8	2.200	5.100	0.003
BPP_new_20_125_3.C	10	1.000	5.500	0.004
BPP_new_20_125_3.C	10	1.000	5.500	0.004
BPP_new_20_125_3.C	10	1.000	5.500	0.004
BPP_new_20_125_3.C	10	1.000	5.500	0.004
BPP_new_20_125_3.C	10	1.000	5.500	0.004
BPP_new_20_125_3.C	10	1.000	5.500	0.004
BPP_new_20_125_3.C	10	1.000	5.500	0.004
BPP_new_20_125_3.C	10	1.000	5.500	0.004
BPP_new_20_125_3.C	10	1.000	5.500	0.004
BPP_new_20_125_3.C	10	1.000	5.500	0.004
BPP_new_20_125_4.C	11	2.000	6.500	0.004
BPP_new_20_125_4.C	11	2.000	6.500	0.004
BPP_new_20_125_4.C	11	2.000	6.500	0.004
BPP_new_20_125_4.C	11	2.000	6.500	0.004
BPP_new_20_125_4.C	11	2.000	6.500	0.004
BPP_new_20_125_4.C	11	2.000	6.500	0.004
BPP_new_20_125_4.C	11	2.000	6.500	0.004
BPP_new_20_125_4.C	11	2.000	6.500	0.004
BPP_new_20_125_4.C	11	2.000	6.500	0.004
BPP_new_20_125_4.C	11	2.000	6.500	0.004
BPP_new_20_125_5.C	13	4.000	8.500	0.005
BPP_new_20_125_5.C	13	4.000	8.500	0.005
BPP_new_20_125_5.C	13	4.000	8.500	0.005
BPP_new_20_125_5.C	13	4.000	8.500	0.005
BPP_new_20_125_5.C	13	4.000	8.500	0.005
BPP_new_20_125_5.C	13	4.000	8.500	0.005
BPP_new_20_125_5.C	13	4.000	8.500	0.005
BPP_new_20_125_5.C	13	4.000	8.500	0.005
BPP_new_20_125_5.C	13	4.000	8.500	0.004
BPP_new_20_125_5.C	13	4.000	8.500	0.004
BPP_new_20_125_6.C	11	5.000	8.000	0.004
BPP_new_20_125_6.C	11	5.000	8.000	0.004
BPP_new_20_125_6.C	11	4.800	7.900	0.004
BPP_new_20_125_6.C	11	4.800	7.900	0.004
BPP_new_20_125_6.C	11	4.800	7.900	0.004
BPP_new_20_125_6.C	11	4.800	7.900	0.004
BPP_new_20_125_6.C	11	5.000	8.000	0.004
BPP_new_20_125_6.C	11	4.800	7.900	0.004
BPP_new_20_125_6.C	11	4.800	7.900	0.004
BPP_new_20_125_6.C	11	4.800	7.900	0.004
BPP_new_20_125_7.C	11	4.000	7.500	0.004
BPP_new_20_125_7.C	11	4.000	7.500	0.004
BPP_new_20_125_7.C	11	4.000	7.500	0.004
BPP_new_20_125_7.C	11	4.000	7.500	0.004
BPP_new_20_125_7.C	11	4.000	7.500	0.004
BPP_new_20_125_7.C	11	4.000	7.500	0.004
BPP_new_20_125_7.C	11	4.000	7.500	0.004
BPP_new_20_125_7.C	11	4.000	7.500	0.004
BPP_new_20_125_7.C	11	4.000	7.500	0.004
BPP_new_20_125_7.C	11	4.000	7.500	0.004
BPP_new_20_125_8.C	10	3.400	6.700	0.004
BPP_new_20_125_8.C	10	3.400	6.700	0.004
BPP_new_20_125_8.C	10	3.400	6.700	0.004
BPP_new_20_125_8.C	10	3.400	6.700	0.004
BPP_new_20_125_8.C	10	3.400	6.700	0.004
BPP_new_20_125_8.C	10	3.400	6.700	0.004
BPP_new_20_125_8.C	10	3.400	6.700	0.004
BPP_new_20_125_8.C	10	3.400	6.700	0.004
BPP_new_20_125_8.C	10	3.400	6.700	0.004
BPP_new_20_125_8.C	10	3.400	6.700	0.004
BPP_new_20_125_9.C	10	1.200	5.600	0.004
BPP_new_20_125_9.C	10	1.200	5.600	0.004
BPP_new_20_125_9.C	10	1.200	5.600	0.004
BPP_new_20_125_9.C	10	1.200	5.600	0.004
BPP_new_20_125_9.C	10	1.200	5.600	0.004
BPP_new_20_125_9.C	10	1.200	5.600	0.004
BPP_new_20_125_9.C	10	1.200	5.600	0.004
BPP_new_20_125_9.C	10	1.200	5.600	0.004
BPP_new_20_125_9.C	10	1.200	5.600	0.004
BPP_new_20_125_9.C	10	1.200	5.600	0.004
BPP_new_20_150_1.C	9	0.200	4.600	0.004
BPP_new_20_150_1.C	9	0.200	4.600	0.004
BPP_new_20_150_1.C	9	0.200	4.600	0.004
BPP_new_20_150_1.C	9	0.200	4.600	0.004
BPP_new_20_150_1.C	9	0.200	4.600	0.004
BPP_new_20_150_1.C	9	0.200	4.600	0.004
BPP_new_20_150_1.C	9	0.200	4.600	0.004
BPP_new_20_150_1.C	9	0.200	4.600	0.004
BPP_new_20_150_1.C	9	0.200	4.600	0.004
BPP_new_20_150_1.C	9	0.200	4.600	0.004
BPP_new_20_150_10.C	10	1.800	5.900	0.004
BPP_new_20_150_10.C	10	1.800	5.900	0.004
BPP_new_20_150_10.C	10	1.800	5.900	0.004
BPP_new_20_150_10.C	10	1.800	5.900	0.004
BPP_new_20_150_10.C	10	1.800	5.900	0.005
BPP_new_20_150_10.C	10	1.800	5.900	0.004
BPP_new_20_150_10.C	10	1.800	5.900	0.004
BPP_new_20_150_10.C	10	1.800	5.900	0.004
BPP_new_20_150_10.C	10	1.800	5.900	0.004
BPP_new_20_150_10.C	10	1.800	5.900	0.005
BPP_new_20_150_2.C	10	1.400	5.700	0.004
BPP_new_20_150_2.C	10	1.400	5.700	0.004
BPP_new_20_150_2.C	10	1.400	5.700	0.004
BPP_new_20_150_2.C	10	1.400	5.700	0.004
BPP_new_20_150_2.C	10	1.400	5.700	0.004
BPP_new_20_150_2.C	10	1.400	5.700	0.004
BPP_new_20_150_2.C	10	1.400	5.700	0.004
BPP_new_20_150_2.C	10	1.400	5.700	0.004
BPP_new_20_150_2.C	10	1.400	5.700	0.004
BPP_new_20_150_2.C	10	1.400	5.700	0.004
BPP_new_20_150_3.C	9	3.600	6.300	0.004
BPP_new_20_150_3.C	9	3.600	6.300	0.004
BPP_new_20_150_3.C	9	3.600	6.300	0.004
BPP_new_20_150_3.C	9	3.600	6.300	0.004
BPP_new_20_150_3.C	9	3.600	6.300	0.004
BPP_new_20_150_3.C	9	3.600	6.300	0.005
BPP_new_20_150_3.C	9	3.600	6.300	0.004
BPP_new_20_150_3.C	9	3.600	6.300	0.004
BPP_new_20_150_3.C	9	3.600	6.300	0.004
BPP_new_20_150_3.C	9	3.600	6.300	0.004
BPP_new_20_150_4.C	8	3.000	5.500	0.004
BPP_new_20_150_4.C	9	2.200	5.600	0.004
BPP_new_20_150_4.C	8	3.000	5.500	0.004
BPP_new_20_150_4.C	8	3.000	5.500	0.004
BPP_new_20_150_4.C	9	2.200	5.600	0.003
BPP_new_20_150_4.C	9	2.200	5.600	0.004
BPP_new_20_150_4.C	8	3.000	5.500	0.004
BPP_new_20_150_4.C	9	2.200	5.600	0.003
BPP_new_20_150_4.C	9	2.200	5.600	0.004
BPP_new_20_150_4.C	8	3.000	5.500	0.004
BPP_new_20_150_5.C	11	1.000	6.000	0.004
BPP_new_20_150_5.C	11	1.000	6.000	0.005
BPP_new_20_150_5.C	11	1.000	6.000	0.005
BPP_new_20_150_5.C	11	1.000	6.000	0.005
BPP_new_20_150_5.C	11	1.000	6.000	0.005
BPP_new_20_150_5.C	11	1.000	6.000	0.005
BPP_new_20_150_5.C	11	1.000	6.000	0.005
BPP_new_20_150_5.C	11	1.000	6.000	0.005
BPP_new_20_150_5.C	11	1.000	6.000	0.005
BPP_new_20_150_5.C	11	1.000	6.000	0.004
BPP_new_20_150_6.C	10	4.200	7.100	0.004
BPP_new_20_150_6.C	10	4.000	7.000	0.004
BPP_new_20_150_6.C	10	4.600	7.300	0.004
BPP_new_20_150_6.C	10	4.000	7.000	0.004
BPP_new_20_150_6.C	10	4.000	7.000	0.004
BPP_new_20_150_6.C	10	4.200	7.100	0.004
BPP_new_20_150_6.C	10	4.600	7.300	0.005
BPP_new_20_150_6.C	10	4.000	7.000	0.005
BPP_new_20_150_6.C	10	4.200	7.100	0.005
BPP_new_20_150_6.C	10	4.000	7.000	0.005
BPP_new_20_150_7.C	12	2.000	7.000	0.005
BPP_new_20_150_7.C	12	2.000	7.000	0.005
BPP_new_20_150_7.C	12	2.000	7.000	0.005
BPP_new_20_150_7.C	12	2.000	7.000	0.005
BPP_new_20_150_7.C	12	2.000	7.000	0.005
BPP_new_20_150_7.C	12	2.000	7.000	0.005
BPP_new_20_150_7.C	12	2.000	7.000	0.005
BPP_new_20_150_7.C	12	2.000	7.000	0.005
BPP_new_20_150_7.C	12	2.000	7.000	0.005
BPP_new_20_150_7.C	12	2.000	7.000	0.005
BPP_new_20_150_8.C	8	3.200	5.600	0.004
BPP_new_20_150_8.C	8	3.200	5.600	0.004
BPP_new_20_150_8.C	8	3.200	5.600	0.004
BPP_new_20_150_8.C	8	3.200	5.600	0.004
BPP_new_20_150_8.C	8	3.200	5.600	0.004
BPP_new_20_150_8.C	8	3.200	5.600	0.004
BPP_new_20_150_8.C	8	3.200	5.600	0.004
BPP_new_20_150_8.C	8	3.200	5.600	0.004
BPP_new_20_150_8.C	8	3.200	5.600	0.004
BPP_new_20_150_8.C	8	3.200	5.600	0.004
BPP_new_20_150_9.C	14	3.000	8.500	0.005
BPP_new_20_150_9.C	14	3.000	8.500	0.005
BPP_new_20_150_9.C	14	3.000	8.500	0.005
BPP_new_20_150_9.C	14	3.000	8.500	0.006
BPP_new_20_150_9.C	14	3.000	8.500	0.005
BPP_new_20_150_9.C	14	3.000	8.500	0.005
BPP_new_20_150_9.C	14	3.000	8.500	0.005
BPP_new_20_150_9.C	14	3.000	8.500	0.005
BPP_new_20_150_9.C	14	3.000	8.500	0.005
BPP_new_20_150_9.C	14	3.000	8.500	0.005
BPP_new_20_200_1.C	8	2.800	5.400	0.004
BPP_new_20_200_1.C	8	2.800	5.400	0.004
BPP_new_20_200_1.C	8	2.800	5.400	0.005
BPP_new_20_200_1.C	8	2.800	5.400	0.004
BPP_new_20_200_1.C	8	2.800	5.400	0.004
BPP_new_20_200_1.C	8	2.800	5.400	0.004
BPP_new_20_200_1.C	8	2.800	5.400	0.005
BPP_new_20_200_1.C	8	2.800	5.400	0.005
BPP_new_20_200_1.C	8	2.800	5.400	0.005
BPP_new_20_200_1.C	8	2.800	5.400	0.004
BPP_new_20_200_10.C	12	5.000	8.500	0.006
BPP_new_20_200_10.C	12	5.000	8.500	0.006
BPP_new_20_200_10.C	12	5.000	8.500	0.006
BPP_new_20_200_10.C	12	5.000	8.500	0.006
BPP_new_20_200_10.C	12	5.000	8.500	0.006
BPP_new_20_200_10.C	12	5.000	8.500	0.006
BPP_new_20_200_10.C	12	5.000	8.500	0.006
BPP_new_20_200_10.C	12	5.000	8.500	0.006
BPP_new_20_200_10.C	12	5.000	8.500	0.006
BPP_new_20_200_10.C	12	5.000	8.500	0.006
BPP_new_20_200_2.C	12	4.800	8.400	0.006
BPP_new_20_200_2.C	12	4.800	8.400	0.006
BPP_new_20_200_2.C	12	5.000	8.500	0.006
BPP_new_20_200_2.C	12	4.800	8.400	0.006
BPP_new_20_200_2.C	12	4.800	8.400	0.006
BPP_new_20_200_2.C	12	4.800	8.400	0.006
BPP_new_20_200_2.C	12	5.000	8.500	0.006
BPP_new_20_200_2.C	12	4.800	8.400	0.006
BPP_new_20_200_2.C	12	4.800	8.400	0.006
BPP_new_20_200_2.C	12	4.800	8.400	0.006
BPP_new_20_200_3.C	13	2.000	7.500	0.006
BPP_new_20_200_3.C	13	2.000	7.500	0.006
BPP_new_20_200_3.C	13	2.000	7.500	0.006
BPP_new_20_200_3.C	13	2.000	7.500	0.006
BPP_new_20_200_3.C	13	2.000	7.500	0.006
BPP_new_20_200_3.C	13	2.000	7.500	0.006
BPP_new_20_200_3.C	13	2.000	7.500	0.006
BPP_new_20_200_3.C	13	2.000	7.500	0.006
BPP_new_20_200_3.C	13	2.000	7.500	0.006
BPP_new_20_200_3.C	13	2.000	7.500	0.006
BPP_new_20_200_4.C	9	4.000	6.500	0.005
BPP_new_20_200_4.C	9	4.000	6.500	0.005
BPP_new_20_200_4.C	9	4.000	6.500	0.005
BPP_new_20_200_4.C	9	4.000	6.500	0.005
BPP_new_20_200_4.C	9	4.000	6.500	0.005
BPP_new_20_200_4.C	9	4.000	6.500	0.005
BPP_new_20_200_4.C	9	4.000	6.500	0.004
BPP_new_20_200_4.C	9	4.000	6.500	0.004
BPP_new_20_200_4.C	9	4.000	6.500	0.005
BPP_new_20_200_4.C	9	4.000	6.500	0.005
BPP_new_20_200_5.C	11	4.000	7.500	0.006
BPP_new_20_200_5.C	11	4.200	7.600	0.006
BPP_new_20_200_5.C	11	4.400	7.700	0.005
BPP_new_20_200_5.C	11	4.000	7.500	0.006
BPP_new_20_200_5.C	11	4.000	7.500	0.006
BPP_new_20_200_5.C	11	4.000	7.500	0.006
BPP_new_20_200_5.C	11	4.000	7.500	0.005
BPP_new_20_200_5.C	11	4.000	7.500	0.006
BPP_new_20_200_5.C	11	4.200	7.600	0.006
BPP_new_20_200_5.C	11	4.000	7.500	0.006
BPP_new_20_200_6.C	8	3.400	5.700	0.005
BPP_new_20_200_6.C	8	3.400	5.700	0.004
BPP_new_20_200_6.C	8	3.400	5.700	0.005
BPP_new_20_200_6.C	8	3.400	5.700	0.005
BPP_new_20_200_6.C	8	3.400	5.700	0.005
BPP_new_20_200_6.C	8	3.400	5.700	0.005
BPP_new_20_200_6.C	8	3.400	5.700	0.005
BPP_new_20_200_6.C	8	3.400	5.700	0.005
BPP_new_20_200_6.C	8	3.400	5.700	0.005
BPP_new_20_200_6.C	8	3.400	5.700	0.004
BPP_new_20_200_7.C	12	3.400	7.700	0.006
BPP_new_20_200_7.C	12	3.400	7.700	0.006
BPP_new_20_200_7.C	12	3.400	7.700	0.006
BPP_new_20_200_7.C	12	3.400	7.700	0.006
BPP_new_20_200_7.C	12	3.400	7.700	0.006
BPP_new_20_200_7.C	12	3.400	7.700	0.006
BPP_new_20_200_7.C	12	3.400	7.700	0.006
BPP_new_20_200_7.C	12	3.400	7.700	0.006
BPP_new_20_200_7.C	12	3.400	7.700	0.006
BPP_new_20_200_7.C	12	3.400	7.700	0.006
BPP_new_20_200_8.C	10	3.000	6.500	0.005
BPP_new_20_200_8.C	10	3.000	6.500	0.005
BPP_new_20_200_8.C	10	3.000	6.500	0.005
BPP_new_20_200_8.C	10	3.000	6.500	0.005
BPP_new_20_200_8.C	10	3.000	6.500	0.005
BPP_new_20_200_8.C	10	3.000	6.500	0.005
BPP_new_20_200_8.C	10	3.000	6.500	0.005
BPP_new_20_200_8.C	10	3.000	6.500	0.005
BPP_new_20_200_8.C	10	3.000	6.500	0.005
BPP_new_20_200_8.C	10	3.000	6.500	0.005
BPP_new_20_200_9.C	9	1.200	5.100	0.004
BPP_new_20_200_9.C	9	1.200	5.100	0.005
BPP_new_20_200_9.C	9	1.200	5.100	0.005
BPP_new_20_200_9.C	9	1.200	5.100	0.005
BPP_new_20_200_9.C	9	1.200	5.100	0.005
BPP_new_20_200_9.C	9	1.200	5.100	0.005
BPP_new_20_200_9.C	9	1.200	5.100	0.004
BPP_new_20_200_9.C	9	1.200	5.100	0.005
BPP_new_20_200_9.C	9	1.200	5.100	0.005
BPP_new_20_200_9.C	9	1.200	5.100	0.004
BPP_new_20_300_1.C	8	2.000	5.000	0.009
BPP_new_20_300_1.C	8	2.000	5.000	0.009
BPP_new_20_300_1.C	8	2.000	5.000	0.009
BPP_new_20_300_1.C	8	2.000	5.000	0.009
BPP_new_20_300_1.C	8	2.000	5.000	0.009
BPP_new_20_300_1.C	8	2.000	5.000	0.009
BPP_new_20_300_1.C	8	2.000	5.000	0.009
BPP_new_20_300_1.C	8	2.000	5.000	0.009
BPP_new_20_300_1.C	8	2.000	5.000	0.009
BPP_new_20_300_1.C	8	2.000	5.000	0.009
BPP_new_20_300_10.C	11	2.800	6.900	0.011
BPP_new_20_300_10.C	11	2.800	6.900	0.012
BPP_new_20_300_10.C	11	2.800	6.900	0.012
BPP_new_20_300_10.C	11	2.800	6.900	0.012
BPP_new_20_300_10.C	11	2.800	6.900	0.011
BPP_new_20_300_10.C	11	2.800	6.900	0.012
BPP_new_20_300_10.C	11	2.800	6.900	0.012
BPP_new_20_300_10.C	11	2.800	6.900	0.011
BPP_new_20_300_10.C	11	2.800	6.900	0.012
BPP_new_20_300_10.C	11	2.800	6.900	0.012
BPP_new_20_300_2.C	10	2.200	6.100	0.010
BPP_new_20_300_2.C	10	2.200	6.100	0.011
BPP_new_20_300_2.C	10	2.200	6.100	0.011
BPP_new_20_300_2.C	10	2.200	6.100	0.011
BPP_new_20_300_2.C	10	2.200	6.100	0.011
BPP_new_20_300_2.C	10	2.200	6.100	0.011
BPP_new_20_300_2.C	10	2.200	6.100	0.011
BPP_new_20_300_2.C	10	2.200	6.100	0.011
BPP_new_20_300_2.C	10	2.200	6.100	0.010
BPP_new_20_300_2.C	10	2.200	6.100	0.011
BPP_new_20_300_3.C	12	4.000	8.000	0.012
BPP_new_20_300_3.C	12	4.000	8.000	0.012
BPP_new_20_300_3.C	12	4.000	8.000	0.012
BPP_new_20_300_3.C	12	4.000	8.000	0.012
BPP_new_20_300_3.C	12	4.000	8.000	0.012
BPP_new_20_300_3.C	12	4.000	8.000	0.012
BPP_new_20_300_3.C	12	4.000	8.000	0.012
BPP_new_20_300_3.C	12	4.000	8.000	0.012
BPP_new_20_300_3.C	12	3.800	7.900	0.012
BPP_new_20_300_3.C	12	4.000	8.000	0.012
BPP_new_20_300_4.C	9	1.800	5.400	0.010
BPP_new_20_300_4.C	9	1.800	5.400	0.010
BPP_new_20_300_4.C	9	1.400	5.200	0.010
BPP_new_20_300_4.C	9	1.800	5.400	0.010
BPP_new_20_300_4.C	9	1.400	5.200	0.010
BPP_new_20_300_4.C	9	1.400	5.200	0.010
BPP_new_20_300_4.C	9	1.400	5.200	0.010
BPP_new_20_300_4.C	9	1.800	5.400	0.011
BPP_new_20_300_4.C	9	1.800	5.400	0.010
BPP_new_20_300_4.C	9	1.800	5.400	0.010
BPP_new_20_300_5.C	9	1.800	5.400	0.009
BPP_new_20_300_5.C	9	1.800	5.400	0.009
BPP_new_20_300_5.C	9	1.800	5.400	0.009
BPP_new_20_300_5.C	9	1.800	5.400	0.009
BPP_new_20_300_5.C	9	1.800	5.400	0.009
BPP_new_20_300_5.C	9	1.800	5.400	0.009
BPP_new_20_300_5.C	9	1.800	5.400	0.009
BPP_new_20_300_5.C	9	1.800	5.400	0.009
BPP_new_20_300_5.C	9	1.800	5.400	0.009
BPP_new_20_300_5.C	9	1.800	5.400	0.009
BPP_new_20_300_6.C	10	3.000	6.500	0.010
BPP_new_20_300_6.C	10	3.000	6.500	0.010
BPP_new_20_300_6.C	10	3.000	6.500	0.010
BPP_new_20_300_6.C	10	3.000	6.500	0.010
BPP_new_20_300_6.C	10	3.000	6.500	0.010
BPP_new_20_300_6.C	10	3.000	6.500	0.010
BPP_new_20_300_6.C	10	3.000	6.500	0.010
BPP_new_20_300_6.C	10	3.000	6.500	0.010
BPP_new_20_300_6.C	10	3.000	6.500	0.010
BPP_new_20_300_6.C	10	3.000	6.500	0.010
BPP_new_20_300_7.C	12	2.000	7.000	0.011
BPP_new_20_300_7.C	12	2.000	7.000	0.011
BPP_new_20_300_7.C	12	2.000	7.000	0.011
BPP_new_20_300_7.C	12	2.000	7.000	0.011
BPP_new_20_300_7.C	12	2.000	7.000	0.012
BPP_new_20_300_7.C	12	2.000	7.000	0.012
BPP_new_20_300_7.C	12	2.000	7.000	0.011
BPP_new_20_300_7.C	12	2.000	7.000	0.011
BPP_new_20_300_7.C	12	2.000	7.000	0.011
BPP_new_20_300_7.C	12	2.000	7.000	0.011
BPP_new_20_300_8.C	9	2.000	5.500	0.010
BPP_new_20_300_8.C	9	2.000	5.500	0.010
BPP_new_20_300_8.C	9	2.000	5.500	0.010
BPP_new_20_300_8.C	9	1.800	5.400	0.010
BPP_new_20_300_8.C	9	2.000	5.500	0.010
BPP_new_20_300_8.C	9	2.000	5.500	0.010
BPP_new_20_300_8.C	9	2.000	5.500	0.010
BPP_new_20_300_8.C	9	2.000	5.500	0.010
BPP_new_20_300_8.C	9	2.000	5.500	0.010
BPP_new_20_300_8.C	9	2.000	5.500	0.010
BPP_new_20_300_9.C	9	2.800	5.900	0.010
BPP_new_20_300_9.C	9	2.800	5.900	0.010
BPP_new_20_300_9.C	9	2.600	5.800	0.009
BPP_new_20_300_9.C	9	2.800	5.900	0.010
BPP_new_20_300_9.C	9	2.600	5.800	0.009
BPP_new_20_300_9.C	9	2.600	5.800	0.010
BPP_new_20_300_9.C	9	2.600	5.800	0.009
BPP_new_20_300_9.C	9	2.800	5.900	0.010
BPP_new_20_300_9.C	9	2.800	5.900	0.009
BPP_new_20_300_9.C	9	2.800	5.900	0.010
BPP_new_20_400_1.C	11	2.600	6.800	0.017
BPP_new_20_400_1.C	11	2.600	6.800	0.018
BPP_new_20_400_1.C	11	2.600	6.800	0.017
BPP_new_20_400_1.C	11	2.600	6.800	0.017
BPP_new_20_400_1.C	11	2.600	6.800	0.018
BPP_new_20_400_1.C	11	2.600	6.800	0.017
BPP_new_20_400_1.C	11	2.600	6.800	0.017
BPP_new_20_400_1.C	11	2.600	6.800	0.017
BPP_new_20_400_1.C	11	2.600	6.800	0.017
BPP_new_20_400_1.C	11	2.600	6.800	0.018
BPP_new_20_400_10.C	11	2.200	6.600	0.018
BPP_new_20_400_10.C	11	2.200	6.600	0.019
BPP_new_20_400_10.C	11	2.200	6.600	0.018
BPP_new_20_400_10.C	11	2.200	6.600	0.018
BPP_new_20_400_10.C	11	2.200	6.600	0.018
BPP_new_20_400_10.C	11	2.200	6.600	0.019
BPP_new_20_400_10.C	11	2.200	6.600	0.018
BPP_new_20_400_10.C	11	2.200	6.600	0.018
BPP_new_20_400_10.C	11	2.200	6.600	0.019
BPP_new_20_400_10.C	11	2.200	6.600	0.019
BPP_new_20_400_2.C	11	2.200	6.600	0.018
BPP_new_20_400_2.C	11	2.200	6.600	0.019
BPP_new_20_400_2.C	11	2.200	6.600	0.018
BPP_new_20_400_2.C	11	2.200	6.600	0.018
BPP_new_20_400_2.C	11	2.200	6.600	0.018
BPP_new_20_400_2.C	11	2.200	6.600	0.018
BPP_new_20_400_2.C	11	2.200	6.600	0.018
BPP_new_20_400_2.C	11	2.200	6.600	0.018
BPP_new_20_400_2.C	11	2.200	6.600	0.018
BPP_new_20_400_2.C	11	2.200	6.600	0.018
BPP_new_20_400_3.C	8	1.600	4.800	0.014
BPP_new_20_400_3.C	8	1.600	4.800	0.015
BPP_new_20_400_3.C	8	1.600	4.800	0.015
BPP_new_20_400_3.C	8	1.600	4.800	0.015
BPP_new_20_400_3.C	8	1.600	4.800	0.014
BPP_new_20_400_3.C	8	1.600	4.800	0.014
BPP_new_20_400_3.C	8	1.600	4.800	0.015
BPP_new_20_400_3.C	8	1.600	4.800	0.015
BPP_new_20_400_3.C	8	1.600	4.800	0.015
BPP_new_20_400_3.C	8	1.600	4.800	0.015
BPP_new_20_400_4.C	9	2.000	5.500	0.015
BPP_new_20_400_4.C	9	2.000	5.500	0.015
BPP_new_20_400_4.C	9	2.000	5.500	0.015
BPP_new_20_400_4.C	9	2.000	5.500	0.015
BPP_new_20_400_4.C	9	2.000	5.500	0.015
BPP_new_20_400_4.C	9	2.000	5.500	0.015
BPP_new_20_400_4.C	9	2.000	5.500	0.015
BPP_new_20_400_4.C	9	2.000	5.500	0.015
BPP_new_20_400_4.C	9	2.000	5.500	0.015
BPP_new_20_400_4.C	9	2.000	5.500	0.015
BPP_new_20_400_5.C	11	3.600	7.300	0.019
BPP_new_20_400_5.C	11	3.600	7.300	0.018
BPP_new_20_400_5.C	11	3.600	7.300	0.019
BPP_new_20_400_5.C	11	3.600	7.300	0.019
BPP_new_20_400_5.C	11	3.600	7.300	0.019
BPP_new_20_400_5.C	11	3.600	7.300	0.019
BPP_new_20_400_5.C	11	3.600	7.300	0.018
BPP_new_20_400_5.C	11	3.600	7.300	0.019
BPP_new_20_400_5.C	11	3.600	7.300	0.019
BPP_new_20_400_5.C	11	3.600	7.300	0.019
BPP_new_20_400_6.C	9	2.800	5.900	0.018
BPP_new_20_400_6.C	9	2.800	5.900	0.017
BPP_new_20_400_6.C	9	2.800	5.900	0.016
BPP_new_20_400_6.C	9	2.800	5.900	0.016
BPP_new_20_400_6.C	10	2.800	6.400	0.016
BPP_new_20_400_6.C	9	3.000	6.000	0.017
BPP_new_20_400_6.C	9	2.800	5.900	0.017
BPP_new_20_400_6.C	9	2.800	5.900	0.017
BPP_new_20_400_6.C	9	2.800	5.900	0.017
BPP_new_20_400_6.C	9	2.800	5.900	0.017
BPP_new_20_400_7.C	9	1.000	5.000	0.015
BPP_new_20_400_7.C	9	1.000	5.000	0.015
BPP_new_20_400_7.C	9	1.000	5.000	0.015
BPP_new_20_400_7.C	9	1.000	5.000	0.015
BPP_new_20_400_7.C	9	1.000	5.000	0.014
BPP_new_20_400_7.C	9	1.000	5.000	0.015
BPP_new_20_400_7.C	9	1.000	5.000	0.015
BPP_new_20_400_7.C	9	1.000	5.000	0.015
BPP_new_20_400_7.C	9	1.000	5.000	0.015
BPP_new_20_400_7.C	9	1.000	5.000	0.015
BPP_new_20_400_8.C	11	4.000	7.500	0.020
BPP_new_20_400_8.C	11	4.000	7.500	0.020
BPP_new_20_400_8.C	11	4.000	7.500	0.020
BPP_new_20_400_8.C	11	3.800	7.400	0.019
BPP_new_20_400_8.C	11	4.000	7.500	0.019
BPP_new_20_400_8.C	11	4.000	7.500	0.019
BPP_new_20_400_8.C	11	4.000	7.500	0.019
BPP_new_20_400_8.C	11	4.000	7.500	0.020
BPP_new_20_400_8.C	11	4.000	7.500	0.019
BPP_new_20_400_8.C	11	4.000	7.500	0.019
BPP_new_20_400_9.C	9	5.600	7.300	0.019
BPP_new_20_400_9.C	9	5.600	7.300	0.020
BPP_new_20_400_9.C	10	4.800	7.400	0.019
BPP_new_20_400_9.C	9	5.600	7.300	0.020
BPP_new_20_400_9.C	9	5.600	7.300	0.020
BPP_new_20_400_9.C	9	5.600	7.300	0.020
BPP_new_20_400_9.C	9	5.600	7.300	0.019
BPP_new_20_400_9.C	10	4.600	7.300	0.019
BPP_new_20_400_9.C	9	5.600	7.300	0.020
BPP_new_20_400_9.C	9	5.600	7.300	0.020
BPP_new_20_500_1.C	8	1.600	4.800	0.018
BPP_new_20_500_1.C	8	1.600	4.800	0.018
BPP_new_20_500_1.C	8	1.600	4.800	0.018
BPP_new_20_500_1.C	8	1.600	4.800	0.017
BPP_new_20_500_1.C	8	1.600	4.800	0.018
BPP_new_20_500_1.C	8	1.600	4.800	0.018
BPP_new_20_500_1.C	8	1.600	4.800	0.017
BPP_new_20_500_1.C	8	1.600	4.800	0.017
BPP_new_20_500_1.C	8	1.600	4.800	0.018
BPP_new_20_500_1.C	8	1.600	4.800	0.017
BPP_new_20_500_10.C	7	1.400	4.200	0.015
BPP_new_20_500_10.C	7	1.400	4.200	0.015
BPP_new_20_500_10.C	7	1.400	4.200	0.015
BPP_new_20_500_10.C	7	1.400	4.200	0.017
BPP_new_20_500_10.C	7	1.400	4.200	0.016
BPP_new_20_500_10.C	7	1.400	4.200	0.016
BPP_new_20_500_10.C	7	1.400	4.200	0.015
BPP_new_20_500_10.C	7	1.400	4.200	0.015
BPP_new_20_500_10.C	7	1.400	4.200	0.016
BPP_new_20_500_10.C	7	1.400	4.200	0.016
BPP_new_20_500_2.C	9	1.800	5.400	0.019
BPP_new_20_500_2.C	9	1.800	5.400	0.019
BPP_new_20_500_2.C	9	1.800	5.400	0.019
BPP_new_20_500_2.C	9	1.800	5.400	0.019
BPP_new_20_500_2.C	9	1.800	5.400	0.020
BPP_new_20_500_2.C	9	1.800	5.400	0.020
BPP_new_20_500_2.C	9	1.800	5.400	0.020
BPP_new_20_500_2.C	9	1.800	5.400	0.019
BPP_new_20_500_2.C	9	1.800	5.400	0.019
BPP_new_20_500_2.C	9	1.800	5.400	0.021
BPP_new_20_500_3.C	10	4.000	7.000	0.022
BPP_new_20_500_3.C	10	4.000	7.000	0.022
BPP_new_20_500_3.C	10	4.000	7.000	0.022
BPP_new_20_500_3.C	10	4.000	7.000	0.022
BPP_new_20_500_3.C	10	4.000	7.000	0.022
BPP_new_20_500_3.C	10	4.000	7.000	0.022
BPP_new_20_500_3.C	10	4.000	7.000	0.023
BPP_new_20_500_3.C	10	4.000	7.000	0.022
BPP_new_20_500_3.C	10	4.000	7.000	0.022
BPP_new_20_500_3.C	10	4.000	7.000	0.022
BPP_new_20_500_4.C	11	2.400	6.700	0.022
BPP_new_20_500_4.C	11	2.400	6.700	0.022
BPP_new_20_500_4.C	11	2.400	6.700	0.022
BPP_new_20_500_4.C	11	2.400	6.700	0.022
BPP_new_20_500_4.C	11	2.400	6.700	0.022
BPP_new_20_500_4.C	11	2.400	6.700	0.022
BPP_new_20_500_4.C	11	2.400	6.700	0.022
BPP_new_20_500_4.C	11	2.400	6.700	0.022
BPP_new_20_500_4.C	11	2.400	6.700	0.022
BPP_new_20_500_4.C	11	2.400	6.700	0.022
BPP_new_20_500_5.C	8	0.000	4.000	0.015
BPP_new_20_500_5.C	8	0.000	4.000	0.015
BPP_new_20_500_5.C	8	0.000	4.000	0.016
BPP_new_20_500_5.C	8	0.000	4.000	0.015
BPP_new_20_500_5.C	8	0.000	4.000	0.015
BPP_new_20_500_5.C	8	0.000	4.000	0.016
BPP_new_20_500_5.C	8	0.000	4.000	0.015
BPP_new_20_500_5.C	8	0.000	4.000	0.015
BPP_new_20_500_5.C	8	0.000	4.000	0.015
BPP_new_20_500_5.C	8	0.000	4.000	0.016
BPP_new_20_500_6.C	10	2.000	6.000	0.020
BPP_new_20_500_6.C	10	2.000	6.000	0.020
BPP_new_20_500_6.C	10	2.000	6.000	0.021
BPP_new_20_500_6.C	10	2.000	6.000	0.020
BPP_new_20_500_6.C	10	2.000	6.000	0.021
BPP_new_20_500_6.C	10	2.000	6.000	0.020
BPP_new_20_500_6.C	10	2.000	6.000	0.020
BPP_new_20_500_6.C	10	2.000	6.000	0.020
BPP_new_20_500_6.C	10	2.000	6.000	0.020
BPP_new_20_500_6.C	10	2.000	6.000	0.020
BPP_new_20_500_7.C	13	2.800	7.900	0.024
BPP_new_20_500_7.C	13	2.800	7.900	0.026
BPP_new_20_500_7.C	13	2.800	7.900	0.025
BPP_new_20_500_7.C	13	2.800	7.900	0.024
BPP_new_20_500_7.C	13	2.800	7.900	0.024
BPP_new_20_500_7.C	13	2.800	7.900	0.034
BPP_new_20_500_7.C	13	2.800	7.900	0.024
BPP_new_20_500_7.C	13	2.800	7.900	0.024
BPP_new_20_500_7.C	13	2.800	7.900	0.024
BPP_new_20_500_7.C	13	2.800	7.900	0.024
BPP_new_20_500_8.C	11	3.200	7.100	0.023
BPP_new_20_500_8.C	11	2.600	6.800	0.023
BPP_new_20_500_8.C	11	2.400	6.700	0.023
BPP_new_20_500_8.C	11	2.400	6.700	0.024
BPP_new_20_500_8.C	11	2.400	6.700	0.023
BPP_new_20_500_8.C	11	2.400	6.700	0.023
BPP_new_20_500_8.C	11	2.400	6.700	0.023
BPP_new_20_500_8.C	11	2.600	6.800	0.023
BPP_new_20_500_8.C	11	2.400	6.700	0.023
BPP_new_20_500_8.C	11	2.400	6.700	0.023
BPP_new_20_500_9.C	11	2.400	6.700	0.022
BPP_new_20_500_9.C	11	2.400	6.700	0.022
BPP_new_20_500_9.C	11	2.400	6.700	0.022
BPP_new_20_500_9.C	11	2.400	6.700	0.023
BPP_new_20_500_9.C	11	2.400	6.700	0.022
BPP_new_20_500_9.C	11	2.400	6.700	0.021
BPP_new_20_500_9.C	11	2.400	6.700	0.022
BPP_new_20_500_9.C	11	2.400	6.700	0.022
BPP_new_20_500_9.C	11	2.400	6.700	0.022
BPP_new_20_500_9.C	11	2.400	6.700	0.022
BPP_new_20_50_1.C	13	2.600	7.800	0.003
BPP_new_20_50_1.C	13	2.600	7.800	0.004
BPP_new_20_50_1.C	13	2.600	7.800	0.003
BPP_new_20_50_1.C	13	2.600	7.800	0.003
BPP_new_20_50_1.C	13	2.600	7.800	0.003
BPP_new_20_50_1.C	13	2.600	7.800	0.003
BPP_new_20_50_1.C	13	2.600	7.800	0.003
BPP_new_20_50_1.C	13	2.600	7.800	0.003
BPP_new_20_50_1.C	13	2.600	7.800	0.003
BPP_new_20_50_1.C	13	2.600	7.800	0.003
BPP_new_20_50_10.C	13	3.000	8.000	0.003
BPP_new_20_50_10.C	13	3.000	8.000	0.003
BPP_new_20_50_10.C	13	3.000	8.000	0.003
BPP_new_20_50_10.C	13	3.000	8.000	0.003
BPP_new_20_50_10.C	13	3.000	8.000	0.003
BPP_new_20_50_10.C	13	3.000	8.000	0.003
BPP_new_20_50_10.C	13	3.000	8.000	0.003
BPP_new_20_50_10.C	13	3.000	8.000	0.003
BPP_new_20_50_10.C	13	3.000	8.000	0.003
BPP_new_20_50_10.C	13	3.000	8.000	0.003
BPP_new_20_50_2.C	10	2.200	6.100	0.003
BPP_new_20_50_2.C	10	2.200	6.100	0.003
BPP_new_20_50_2.C	10	2.200	6.100	0.003
BPP_new_20_50_2.C	10	2.200	6.100	0.003
BPP_new_20_50_2.C	10	2.200	6.100	0.003
BPP_new_20_50_2.C	10	2.200	6.100	0.003
BPP_new_20_50_2.C	10	2.200	6.100	0.003
BPP_new_20_50_2.C	10	2.200	6.100	0.003
BPP_new_20_50_2.C	10	2.200	6.100	0.003
BPP_new_20_50_2.C	10	2.200	6.100	0.003
BPP_new_20_50_3.C	9	3.600	6.300	0.003
BPP_new_20_50_3.C	9	3.600	6.300	0.003
BPP_new_20_50_3.C	9	3.600	6.300	0.003
BPP_new_20_50_3.C	9	3.600	6.300	0.003
BPP_new_20_50_3.C	9	3.600	6.300	0.003
BPP_new_20_50_3.C	9	3.600	6.300	0.003
BPP_new_20_50_3.C	9	3.600	6.300	0.003
BPP_new_20_50_3.C	9	3.600	6.300	0.003
BPP_new_20_50_3.C	9	3.600	6.300	0.003
BPP_new_20_50_3.C	9	3.600	6.300	0.003
BPP_new_20_50_4.C	14	3.600	8.800	0.004
BPP_new_20_50_4.C	14	3.400	8.700	0.004
BPP_new_20_50_4.C	14	3.400	8.700	0.004
BPP_new_20_50_4.C	14	3.600	8.800	0.004
BPP_new_20_50_4.C	14	3.400	8.700	0.004
BPP_new_20_50_4.C	14	3.600	8.800	0.004
BPP_new_20_50_4.C	14	3.600	8.800	0.004
BPP_new_20_50_4.C	14	3.400	8.700	0.004
BPP_new_20_50_4.C	14	3.600	8.800	0.004
BPP_new_20_50_4.C	14	3.600	8.800	0.004
BPP_new_20_50_5.C	9	1.800	5.400	0.003
BPP_new_20_50_5.C	9	1.800	5.400	0.003
BPP_new_20_50_5.C	9	1.800	5.400	0.003
BPP_new_20_50_5.C	9	1.800	5.400	0.003
BPP_new_20_50_5.C	9	1.800	5.400	0.003
BPP_new_20_50_5.C	9	1.800	5.400	0.003
BPP_new_20_50_5.C	9	1.800	5.400	0.003
BPP_new_20_50_5.C	9	1.800	5.400	0.003
BPP_new_20_50_5.C	9	1.800	5.400	0.003
BPP_new_20_50_5.C	9	1.800	5.400	0.003
BPP_new_20_50_6.C	9	3.000	6.000	0.003
BPP_new_20_50_6.C	9	3.000	6.000	0.003
BPP_new_20_50_6.C	9	3.000	6.000	0.003
BPP_new_20_50_6.C	9	3.000	6.000	0.003
BPP_new_20_50_6.C	9	3.000	6.000	0.003
BPP_new_20_50_6.C	9	3.000	6.000	0.003
BPP_new_20_50_6.C	9	3.000	6.000	0.003
BPP_new_20_50_6.C	9	3.000	6.000	0.003
BPP_new_20_50_6.C	9	3.000	6.000	0.003
BPP_new_20_50_6.C	9	3.000	6.000	0.003
BPP_new_20_50_7.C	11	2.800	6.900	0.003
BPP_new_20_50_7.C	11	2.800	6.900	0.003
BPP_new_20_50_7.C	11	2.800	6.900	0.003
BPP_new_20_50_7.C	11	2.800	6.900	0.003
BPP_new_20_50_7.C	11	2.800	6.900	0.003
BPP_new_20_50_7.C	11	2.800	6.900	0.003
BPP_new_20_50_7.C	11	2.800	6.900	0.003
BPP_new_20_50_7.C	11	2.800	6.900	0.003
BPP_new_20_50_7.C	11	2.800	6.900	0.003
BPP_new_20_50_7.C	11	2.800	6.900	0.003
BPP_new_20_50_8.C	12	1.000	6.500	0.003
BPP_new_20_50_8.C	12	1.000	6.500	0.003
BPP_new_20_50_8.C	12	1.000	6.500	0.003
BPP_new_20_50_8.C	12	1.000	6.500	0.003
BPP_new_20_50_8.C	12	1.000	6.500	0.003
BPP_new_20_50_8.C	12	1.000	6.500	0.003
BPP_new_20_50_8.C	12	1.000	6.500	0.003
BPP_new_20_50_8.C	12	1.000	6.500	0.003
BPP_new_20_50_8.C	12	1.000	6.500	0.003
BPP_new_20_50_8.C	12	1.000	6.500	0.003
BPP_new_20_50_9.C	9	3.200	6.100	0.003
BPP_new_20_50_9.C	9	3.200	6.100	0.003
BPP_new_20_50_9.C	9	3.200	6.100	0.003
BPP_new_20_50_9.C	9	3.200	6.100	0.003
BPP_new_20_50_9.C	9	3.000	6.000	0.003
BPP_new_20_50_9.C	9	3.000	6.000	0.003
BPP_new_20_50_9.C	9	3.200	6.100	0.003
BPP_new_20_50_9.C	9	3.000	6.000	0.003
BPP_new_20_50_9.C	9	3.200	6.100	0.003
BPP_new_20_50_9.C	9	3.000	6.000	0.003
BPP_new_20_750_1.C	10	1.400	5.700	0.029
BPP_new_20_750_1.C	10	1.400	5.700	0.029
BPP_new_20_750_1.C	10	1.400	5.700	0.029
BPP_new_20_750_1.C	10	1.400	5.700	0.028
BPP_new_20_750_1.C	10	1.400	5.700	0.029
BPP_new_20_750_1.C	10	1.400	5.700	0.029
BPP_new_20_750_1.C	10	1.400	5.700	0.029
BPP_new_20_750_1.C	10	1.400	5.700	0.029
BPP_new_20_750_1.C	10	1.400	5.700	0.029
BPP_new_20_750_1.C	10	1.400	5.700	0.029
BPP_new_20_750_10.C	11	5.000	8.000	0.032
BPP_new_20_750_10.C	11	5.000	8.000	0.032
BPP_new_20_750_10.C	11	5.000	8.000	0.033
BPP_new_20_750_10.C	11	5.000	8.000	0.033
BPP_new_20_750_10.C	11	5.000	8.000	0.032
BPP_new_20_750_10.C	11	5.000	8.000	0.033
BPP_new_20_750_10.C	11	5.000	8.000	0.033
BPP_new_20_750_10.C	11	5.000	8.000	0.033
BPP_new_20_750_10.C	11	5.000	8.000	0.033
BPP_new_20_750_10.C	11	5.000	8.000	0.032
BPP_new_20_750_2.C	9	1.800	5.400	0.026
BPP_new_20_750_2.C	9	1.800	5.400	0.026
BPP_new_20_750_2.C	9	1.800	5.400	0.027
BPP_new_20_750_2.C	9	1.800	5.400	0.026
BPP_new_20_750_2.C	9	1.800	5.400	0.025
BPP_new_20_750_2.C	9	1.800	5.400	0.026
BPP_new_20_750_2.C	9	1.800	5.400	0.026
BPP_new_20_750_2.C	9	1.800	5.400	0.025
BPP_new_20_750_2.C	9	1.800	5.400	0.026
BPP_new_20_750_2.C	9	1.800	5.400	0.026
BPP_new_20_750_3.C	10	1.000	5.500	0.027
BPP_new_20_750_3.C	10	1.000	5.500	0.027
BPP_new_20_750_3.C	10	1.000	5.500	0.028
BPP_new_20_750_3.C	10	1.000	5.500	0.027
BPP_new_20_750_3.C	10	1.000	5.500	0.028
BPP_new_20_750_3.C	10	1.000	5.500	0.028
BPP_new_20_750_3.C	10	1.000	5.500	0.028
BPP_new_20_750_3.C	10	1.000	5.500	0.028
BPP_new_20_750_3.C	10	1.000	5.500	0.028
BPP_new_20_750_3.C	10	1.000	5.500	0.027
BPP_new_20_750_4.C	9	1.200	5.100	0.026
BPP_new_20_750_4.C	9	1.200	5.100	0.026
BPP_new_20_750_4.C	9	1.200	5.100	0.026
BPP_new_20_750_4.C	9	1.200	5.100	0.026
BPP_new_20_750_4.C	9	1.200	5.100	0.026
BPP_new_20_750_4.C	9	1.200	5.100	0.026
BPP_new_20_750_4.C	9	1.200	5.100	0.026
BPP_new_20_750_4.C	9	1.200	5.100	0.026
BPP_new_20_750_4.C	9	1.200	5.100	0.025
BPP_new_20_750_4.C	9	1.200	5.100	0.026
BPP_new_20_750_5.C	12	4.600	8.300	0.036
BPP_new_20_750_5.C	12	4.600	8.300	0.036
BPP_new_20_750_5.C	12	4.600	8.300	0.035
BPP_new_20_750_5.C	12	4.600	8.300	0.035
BPP_new_20_750_5.C	12	4.600	8.300	0.036
BPP_new_20_750_5.C	12	4.600	8.300	0.035
BPP_new_20_750_5.C	12	4.600	8.300	0.035
BPP_new_20_750_5.C	12	4.600	8.300	0.035
BPP_new_20_750_5.C	12	4.600	8.300	0.037
BPP_new_20_750_5.C	12	4.600	8.300	0.036
BPP_new_20_750_6.C	10	0.000	5.000	0.028
BPP_new_20_750_6.C	10	0.000	5.000	0.028
BPP_new_20_750_6.C	10	0.000	5.000	0.028
BPP_new_20_750_6.C	10	0.000	5.000	0.028
BPP_new_20_750_6.C	10	0.000	5.000	0.028
BPP_new_20_750_6.C	10	0.000	5.000	0.028
BPP_new_20_750_6.C	10	0.000	5.000	0.028
BPP_new_20_750_6.C	10	0.000	5.000	0.029
BPP_new_20_750_6.C	10	0.000	5.000	0.028
BPP_new_20_750_6.C	10	0.000	5.000	0.028
BPP_new_20_750_7.C	11	1.800	6.400	0.032
BPP_new_20_750_7.C	11	1.800	6.400	0.032
BPP_new_20_750_7.C	11	1.800	6.400	0.032
BPP_new_20_750_7.C	11	1.800	6.400	0.032
BPP_new_20_750_7.C	11	1.800	6.400	0.032
BPP_new_20_750_7.C	11	1.800	6.400	0.032
BPP_new_20_750_7.C	11	1.800	6.400	0.032
BPP_new_20_750_7.C	11	1.800	6.400	0.032
BPP_new_20_750_7.C	11	1.800	6.400	0.033
BPP_new_20_750_7.C	11	1.800	6.400	0.032
BPP_new_20_750_8.C	9	1.200	5.100	0.026
BPP_new_20_750_8.C	9	1.200	5.100	0.025
BPP_new_20_750_8.C	9	1.200	5.100	0.025
BPP_new_20_750_8.C	9	1.200	5.100	0.025
BPP_new_20_750_8.C	9	1.200	5.100	0.025
BPP_new_20_750_8.C	9	1.200	5.100	0.025
BPP_new_20_750_8.C	9	1.200	5.100	0.026
BPP_new_20_750_8.C	9	1.200	5.100	0.025
BPP_new_20_750_8.C	9	1.200	5.100	0.026
BPP_new_20_750_8.C	9	1.200	5.100	0.026
BPP_new_20_750_9.C	10	3.600	6.800	0.032
BPP_new_20_750_9.C	10	3.600	6.800	0.032
BPP_new_20_750_9.C	10	3.600	6.800	0.032
BPP_new_20_750_9.C	10	3.600	6.800	0.032
BPP_new_20_750_9.C	10	3.600	6.800	0.032
BPP_new_20_750_9.C	10	3.600	6.800	0.032
BPP_new_20_750_9.C	10	3.600	6.800	0.033
BPP_new_20_750_9.C	10	3.600	6.800	0.033
BPP_new_20_750_9.C	10	3.600	6.800	0.033
BPP_new_20_750_9.C	10	3.600	6.800	0.033
BPP_new_20_75_1.C	11	1.200	6.100	0.003
BPP_new_20_75_1.C	11	1.200	6.100	0.003
BPP_new_20_75_1.C	11	1.200	6.100	0.003
BPP_new_20_75_1.C	11	1.200	6.100	0.003
BPP_new_20_75_1.C	11	1.200	6.100	0.003
BPP_new_20_75_1.C	11	1.200	6.100	0.003
BPP_new_20_75_1.C	11	1.200	6.100	0.003
BPP_new_20_75_1.C	11	1.200	6.100	0.003
BPP_new_20_75_1.C	11	1.200	6.100	0.003
BPP_new_20_75_1.C	11	1.200	6.100	0.003
BPP_new_20_75_10.C	9	4.600	6.800	0.003
BPP_new_20_75_10.C	9	4.600	6.800	0.003
BPP_new_20_75_10.C	9	4.600	6.800	0.003
BPP_new_20_75_10.C	9	4.600	6.800	0.003
BPP_new_20_75_10.C	9	4.600	6.800	0.003
BPP_new_20_75_10.C	9	4.600	6.800	0.003
BPP_new_20_75_10.C	9	4.600	6.800	0.003
BPP_new_20_75_10.C	9	4.600	6.800	0.003
BPP_new_20_75_10.C	9	4.600	6.800	0.003
BPP_new_20_75_10.C	9	4.600	6.800	0.003
BPP_new_20_75_2.C	12	3.000	7.500	0.003
BPP_new_20_75_2.C	12	3.000	7.500	0.003
BPP_new_20_75_2.C	12	3.000	7.500	0.003
BPP_new_20_75_2.C	12	3.000	7.500	0.004
BPP_new_20_75_2.C	12	3.000	7.500	0.004
BPP_new_20_75_2.C	12	3.000	7.500	0.003
BPP_new_20_75_2.C	12	3.000	7.500	0.003
BPP_new_20_75_2.C	12	3.000	7.500	0.003
BPP_new_20_75_2.C	12	3.000	7.500	0.004
BPP_new_20_75_2.C	12	3.000	7.500	0.003
BPP_new_20_75_3.C	10	2.200	6.100	0.003
BPP_new_20_75_3.C	10	2.200	6.100	0.003
BPP_new_20_75_3.C	10	2.200	6.100	0.003
BPP_new_20_75_3.C	10	2.200	6.100	0.003
BPP_new_20_75_3.C	10	2.200	6.100	0.003
BPP_new_20_75_3.C	10	2.200	6.100	0.003
BPP_new_20_75_3.C	10	2.200	6.100	0.003
BPP_new_20_75_3.C	10	2.200	6.100	0.003
BPP_new_20_75_3.C	10	2.200	6.100	0.003
BPP_new_20_75_3.C	10	2.200	6.100	0.003
BPP_new_20_75_4.C	10	4.200	7.100	0.003
BPP_new_20_75_4.C	10	4.200	7.100	0.003
BPP_new_20_75_4.C	10	4.400	7.200	0.004
BPP_new_20_75_4.C	10	4.400	7.200	0.003
BPP_new_20_75_4.C	10	4.400	7.200	0.003
BPP_new_20_75_4.C	10	4.400	7.200	0.003
BPP_new_20_75_4.C	10	4.400	7.200	0.004
BPP_new_20_75_4.C	10	4.200	7.100	0.003
BPP_new_20_75_4.C	10	4.400	7.200	0.003
BPP_new_20_75_4.C	10	4.400	7.200	0.003
BPP_new_20_75_5.C	10	5.800	7.900	0.003
BPP_new_20_75_5.C	10	5.800	7.900	0.003
BPP_new_20_75_5.C	10	5.200	7.600	0.003
BPP_new_20_75_5.C	10	5.800	7.900	0.003
BPP_new_20_75_5.C	10	5.400	7.700	0.003
BPP_new_20_75_5.C	10	5.400	7.700	0.003
BPP_new_20_75_5.C	10	5.800	7.900	0.003
BPP_new_20_75_5.C	10	5.400	7.700	0.003
BPP_new_20_75_5.C	10	5.800	7.900	0.003
BPP_new_20_75_5.C	10	5.600	7.800	0.003
BPP_new_20_75_6.C	6	2.600	4.300	0.003
BPP_new_20_75_6.C	6	2.600	4.300	0.003
BPP_new_20_75_6.C	6	2.600	4.300	0.003
BPP_new_20_75_6.C	6	2.600	4.300	0.003
BPP_new_20_75_6.C	6	2.600	4.300	0.003
BPP_new_20_75_6.C	6	2.600	4.300	0.003
BPP_new_20_75_6.C	6	2.600	4.300	0.003
BPP_new_20_75_6.C	6	2.600	4.300	0.003
BPP_new_20_75_6.C	6	2.600	4.300	0.003
BPP_new_20_75_6.C	6	2.600	4.300	0.003
BPP_new_20_75_7.C	9	1.800	5.400	0.003
BPP_new_20_75_7.C	9	1.800	5.400	0.003
BPP_new_20_75_7.C	9	1.800	5.400	0.003
BPP_new_20_75_7.C	9	1.800	5.400	0.003
BPP_new_20_75_7.C	9	1.800	5.400	0.003
BPP_new_20_75_7.C	9	1.800	5.400	0.003
BPP_new_20_75_7.C	9	1.800	5.400	0.003
BPP_new_20_75_7.C	9	1.800	5.400	0.003
BPP_new_20_75_7.C	9	1.800	5.400	0.003
BPP_new_20_75_7.C	9	1.800	5.400	0.003
BPP_new_20_75_8.C	8	2.600	5.300	0.003
BPP_new_20_75_8.C	8	2.600	5.300	0.003
BPP_new_20_75_8.C	8	2.600	5.300	0.003
BPP_new_20_75_8.C	8	2.600	5.300	0.003
BPP_new_20_75_8.C	8	2.600	5.300	0.003
BPP_new_20_75_8.C	8	2.600	5.300	0.003
BPP_new_20_75_8.C	8	2.600	5.300	0.003
BPP_new_20_75_8.C	8	2.600	5.300	0.003
BPP_new_20_75_8.C	8	2.600	5.300	0.003
BPP_new_20_75_8.C	8	2.600	5.300	0.003
BPP_new_20_75_9.C	10	4.400	7.200	0.003
BPP_new_20_75_9.C	10	4.400	7.200	0.004
BPP_new_20_75_9.C	10	4.400	7.200	0.004
BPP_new_20_75_9.C	10	4.400	7.200	0.003
BPP_new_20_75_9.C	10	4.400	7.200	0.004
BPP_new_20_75_9.C	10	4.400	7.200	0.003
BPP_new_20_75_9.C	10	4.400	7.200	0.003
BPP_new_20_75_9.C	10	4.400	7.200	0.003
BPP_new_20_75_9.C	10	4.400	7.200	0.003
BPP_new_20_75_9.C	10	4.400	7.200	0.003
HBPP_02015007_09180.C	10	1.000	5.500	0.038
HBPP_02015007_09180.C	10	1.000	5.500	0.038
HBPP_02015007_09180.C	10	1.000	5.500	0.037
HBPP_02015007_09180.C	10	1.000	5.500	0.038
HBPP_02015007_09180.C	10	1.000	5.500	0.037
HBPP_02015007_09180.C	10	1.000	5.500	0.038
HBPP_02015007_09180.C	10	1.000	5.500	0.037
HBPP_02015007_09180.C	10	1.000	5.500	0.037
HBPP_02015007_09180.C	10	1.000	5.500	0.038
HBPP_02015007_09180.C	10	1.000	5.500	0.038
HBPP_04000107_06970.C	16	3.400	9.700	0.133
HBPP_04000107_06970.C	16	2.600	9.300	0.132
HBPP_04000107_06970.C	16	3.200	9.600	0.122
HBPP_04000107_06970.C	16	2.600	9.300	0.115
HBPP_04000107_06970.C	16	3.200	9.600	0.125
HBPP_04000107_06970.C	16	2.600	9.300	0.120
HBPP_04000107_06970.C	16	2.800	9.400	0.121
HBPP_04000107_06970.C	16	2.600	9.300	0.119
HBPP_04000107_06970.C	16	2.600	9.300	0.123
HBPP_04000107_06970.C	16	2.600	9.300	0.124
HBPP_04005007_06120.C	16	2.200	9.100	0.130
HBPP_04005007_06120.C	16	2.200	9.100	0.128
HBPP_04005007_06120.C	16	2.200	9.100	0.137
HBPP_04005007_06120.C	16	2.200	9.100	0.134
HBPP_04005007_06120.C	16	2.200	9.100	0.119
HBPP_04005007_06120.C	16	2.200	9.100	0.131
HBPP_04005007_06120.C	16	2.200	9.100	0.126
HBPP_04005007_06120.C	16	2.200	9.100	0.136
HBPP_04005007_06120.C	16	2.200	9.100	0.132
HBPP_04005007_06120.C	16	2.200	9.100	0.139
HBPP_04005009_03610.C	20	2.800	11.400	0.161
HBPP_04005009_03610.C	20	2.800	11.400	0.161
HBPP_04005009_03610.C	20	2.800	11.400	0.156
HBPP_04005009_03610.C	20	2.800	11.400	0.161
HBPP_04005009_03610.C	20	2.800	11.400	0.155
HBPP_04005009_03610.C	20	2.800	11.400	0.177
HBPP_04005009_03610.C	20	2.800	11.400	0.140
HBPP_04005009_03610.C	20	2.800	11.400	0.161
HBPP_04005009_03610.C	20	2.800	11.400	0.152
HBPP_04005009_03610.C	20	2.800	11.400	0.158
HBPP_06000106_07820.C	21	2.600	11.800	0.277
HBPP_06000106_07820.C	21	2.400	11.700	0.253
HBPP_06000106_07820.C	21	2.800	11.900	0.265
HBPP_06000106_07820.C	21	2.400	11.700	0.246
HBPP_06000106_07820.C	21	2.800	11.900	0.277
HBPP_06000106_07820.C	21	2.800	11.900	0.289
HBPP_06000106_07820.C	21	2.800	11.900	0.267
HBPP_06000106_07820.C	21	2.800	11.900	0.267
HBPP_06000106_07820.C	21	2.800	11.900	0.253
HBPP_06000106_07820.C	21	2.600	11.800	0.275
HBPP_06000110_01950.C	27	3.000	15.000	0.321
HBPP_06000110_01950.C	27	3.400	15.200	0.316
HBPP_06000110_01950.C	27	3.000	15.000	0.353
HBPP_06000110_01950.C	27	3.000	15.000	0.350
HBPP_06000110_01950.C	27	3.000	15.000	0.321
HBPP_06000110_01950.C	27	3.000	15.000	0.338
HBPP_06000110_01950.C	27	3.000	15.000	0.340
HBPP_06000110_01950.C	27	3.000	15.000	0.337
HBPP_06000110_01950.C	27	3.000	15.000	0.337
HBPP_06000110_01950.C	27	3.000	15.000	0.361
HBPP_06005007_00330.C	23	4.200	13.600	0.303
HBPP_06005007_00330.C	23	4.000	13.500	0.295
HBPP_06005007_00330.C	23	4.200	13.600	0.301
HBPP_06005007_00330.C	23	4.200	13.600	0.290
HBPP_06005007_00330.C	23	3.800	13.400	0.323
HBPP_06005007_00330.C	23	4.000	13.500	0.301
HBPP_06005007_00330.C	23	3.800	13.400	0.313
HBPP_06005007_00330.C	23	4.000	13.500	0.319
HBPP_06005007_00330.C	23	4.000	13.500	0.316
HBPP_06005007_00330.C	23	4.000	13.500	0.319
HBPP_06005007_03820.C	22	1.400	11.700	0.280
HBPP_06005007_03820.C	22	1.400	11.700	0.288
HBPP_06005007_03820.C	22	1.400	11.700	0.253
HBPP_06005007_03820.C	22	1.400	11.700	0.283
HBPP_06005007_03820.C	22	1.400	11.700	0.266
HBPP_06005007_03820.C	22	1.400	11.700	0.281
HBPP_06005007_03820.C	22	1.400	11.700	0.295
HBPP_06005007_03820.C	22	1.400	11.700	0.278
HBPP_06005007_03820.C	22	1.400	11.700	0.288
HBPP_06005007_03820.C	22	1.400	11.700	0.294
HBPP_06005008_07550.C	24	3.200	13.600	0.385
HBPP_06005008_07550.C	24	3.400	13.700	0.496
HBPP_06005008_07550.C	24	3.400	13.700	0.253
HBPP_06005008_07550.C	24	3.200	13.600	0.323
HBPP_06005008_07550.C	24	3.200	13.600	0.320
HBPP_06005008_07550.C	24	3.400	13.700	0.308
HBPP_06005008_07550.C	24	3.400	13.700	0.311
HBPP_06005008_07550.C	24	3.400	13.700	0.298
HBPP_06005008_07550.C	24	3.400	13.700	0.292
HBPP_06005008_07550.C	24	3.400	13.700	0.317
HBPP_06015006_00670.C	25	1.800	13.400	0.318
HBPP_06015006_00670.C	25	2.000	13.500	0.324
HBPP_06015006_00670.C	25	2.600	13.800	0.346
HBPP_06015006_00670.C	25	1.800	13.400	0.320
HBPP_06015006_00670.C	25	2.400	13.700	0.328
HBPP_06015006_00670.C	25	3.000	14.000	0.327
HBPP_06015006_00670.C	25	2.600	13.800	0.336
HBPP_06015006_00670.C	25	1.600	13.300	0.318
HBPP_06015006_00670.C	25	2.400	13.700	0.332
HBPP_06015006_00670.C	25	1.600	13.300	0.332
HBPP_06015009_04030.C	31	5.600	18.300	0.424
HBPP_06015009_04030.C	31	5.200	18.100	0.421
HBPP_06015009_04030.C	31	5.400	18.200	0.438
HBPP_06015009_04030.C	31	5.200	18.100	0.379
HBPP_06015009_04030.C	31	5.400	18.200	0.359
HBPP_06015009_04030.C	31	5.200	18.100	0.414
HBPP_06015009_04030.C	31	5.200	18.100	0.415
HBPP_06015009_04030.C	31	5.200	18.100	0.409
HBPP_06015009_04030.C	31	5.200	18.100	0.384
HBPP_06015009_04030.C	31	5.400	18.200	0.413
HBPP_06015010_07710.C	34	3.200	18.600	0.432
HBPP_06015010_07710.C	34	2.800	18.400	0.435
HBPP_06015010_07710.C	34	3.000	18.500	0.427
HBPP_06015010_07710.C	34	3.200	18.600	0.406
HBPP_06015010_07710.C	34	2.400	18.200	0.495
HBPP_06015010_07710.C	34	3.200	18.600	0.409
HBPP_06015010_07710.C	34	2.800	18.400	0.445
HBPP_06015010_07710.C	34	2.400	18.200	0.406
HBPP_06015010_07710.C	34	2.400	18.200	0.429
HBPP_06015010_07710.C	34	3.000	18.500	0.409
HBPP_06025005_06390.C	24	5.200	14.600	0.306
HBPP_06025005_06390.C	24	5.200	14.600	0.347
HBPP_06025005_06390.C	24	5.400	14.700	0.336
HBPP_06025005_06390.C	24	5.800	14.900	0.335
HBPP_06025005_06390.C	24	5.400	14.700	0.298
HBPP_06025005_06390.C	24	5.200	14.600	0.325
HBPP_06025005_06390.C	24	5.200	14.600	0.332
HBPP_06025005_06390.C	24	5.600	14.800	0.313
HBPP_06025005_06390.C	24	5.400	14.700	0.336
HBPP_06025005_06390.C	24	5.600	14.800	0.340
HBPP_08000107_06240.C	28	5.800	16.900	0.519
HBPP_08000107_06240.C	28	6.000	17.000	0.563
HBPP_08000107_06240.C	28	5.800	16.900	0.548
HBPP_08000107_06240.C	28	5.800	16.900	0.553
HBPP_08000107_06240.C	28	6.000	17.000	0.529
HBPP_08000107_06240.C	28	5.800	16.900	0.533
HBPP_08000107_06240.C	28	5.800	16.900	0.525
HBPP_08000107_06240.C	28	5.800	16.900	0.526
HBPP_08000107_06240.C	28	6.000	17.000	0.546
HBPP_08000107_06240.C	28	5.800	16.900	0.546
HBPP_08005006_08620.C	28	5.400	16.700	0.577
HBPP_08005006_08620.C	27	6.400	16.700	0.562
HBPP_08005006_08620.C	27	6.000	16.500	0.547
HBPP_08005006_08620.C	27	6.200	16.600	0.517
HBPP_08005006_08620.C	27	6.400	16.700	0.606
HBPP_08005006_08620.C	27	6.400	16.700	0.565
HBPP_08005006_08620.C	27	6.200	16.600	0.592
HBPP_08005006_08620.C	28	5.200	16.600	0.548
HBPP_08005006_08620.C	28	5.200	16.600	0.549
HBPP_08005006_08620.C	28	5.200	16.600	0.546
HBPP_08005007_03940.C	29	5.400	17.200	0.585
HBPP_08005007_03940.C	29	5.400	17.200	0.536
HBPP_08005007_03940.C	29	5.400	17.200	0.555
HBPP_08005007_03940.C	29	5.400	17.200	0.541
HBPP_08005007_03940.C	29	5.400	17.200	0.508
HBPP_08005007_03940.C	29	5.400	17.200	0.538
HBPP_08005007_03940.C	29	5.400	17.200	0.541
HBPP_08005007_03940.C	29	5.200	17.100	0.527
HBPP_08005007_03940.C	29	5.400	17.200	0.536
HBPP_08005007_03940.C	29	5.400	17.200	0.544
HBPP_10000107_05080.C	38	5.400	21.700	0.651
HBPP_10000107_05080.C	38	5.400	21.700	0.641
HBPP_10000107_05080.C	38	5.400	21.700	0.648
HBPP_10000107_05080.C	38	5.400	21.700	0.644
HBPP_10000107_05080.C	38	5.400	21.700	0.649
HBPP_10000107_05080.C	38	5.400	21.700	0.645
HBPP_10000107_05080.C	38	4.800	21.400	0.643
HBPP_10000107_05080.C	38	5.400	21.700	0.645
HBPP_10000107_05080.C	38	5.400	21.700	0.646
HBPP_10000107_05080.C	38	5.400	21.700	0.642
HBPP_10000107_07330.C	36	3.800	19.900	0.615
HBPP_10000107_07330.C	36	4.000	20.000	0.611
HBPP_10000107_07330.C	36	3.800	19.900	0.616
HBPP_10000107_07330.C	36	4.000	20.000	0.617
HBPP_10000107_07330.C	36	4.000	20.000	0.617
HBPP_10000107_07330.C	36	4.000	20.000	0.610
HBPP_10000107_07330.C	36	3.800	19.900	0.618
HBPP_10000107_07330.C	36	4.000	20.000	0.617
HBPP_10000107_07330.C	36	4.000	20.000	0.619
HBPP_10000107_07330.C	36	3.800	19.900	0.617
HBPP_10000108_02570.C	39	4.600	21.800	0.655
HBPP_10000108_02570.C	39	4.600	21.800	0.655
HBPP_10000108_02570.C	39	4.600	21.800	0.656
HBPP_10000108_02570.C	39	4.600	21.800	0.656
HBPP_10000108_02570.C	39	4.600	21.800	0.651
HBPP_10000108_02570.C	39	4.600	21.800	0.653
HBPP_10000108_02570.C	39	4.600	21.800	0.654
HBPP_10000108_02570.C	39	4.600	21.800	0.662
HBPP_10000108_02570.C	39	4.600	21.800	0.658
HBPP_10000108_02570.C	39	4.600	21.800	0.653
HBPP_10015007_04640.C	46	3.800	24.900	0.794
HBPP_10015007_04640.C	46	4.000	25.000	0.800
HBPP_10015007_04640.C	46	3.800	24.900	0.802
HBPP_10015007_04640.C	46	3.800	24.900	0.802
HBPP_10015007_04640.C	46	4.000	25.000	0.796
HBPP_10015007_04640.C	46	3.800	24.900	0.803
HBPP_10015007_04640.C	46	4.000	25.000	0.802
HBPP_10015007_04640.C	46	3.800	24.900	0.818
HBPP_10015007_04640.C	46	4.200	25.100	0.819
HBPP_10015007_04640.C	46	3.800	24.900	0.815
HBPP_12000107_08940.C	46	6.400	26.200	0.961
HBPP_12000107_08940.C	46	6.400	26.200	0.923
HBPP_12000107_08940.C	46	6.400	26.200	0.935
HBPP_12000107_08940.C	46	6.400	26.200	0.959
HBPP_12000107_08940.C	46	6.200	26.100	0.929
HBPP_12000107_08940.C	46	6.400	26.200	0.950
HBPP_12000107_08940.C	46	6.400	26.200	0.943
HBPP_12000107_08940.C	46	6.400	26.200	0.945
HBPP_12000107_08940.C	46	6.400	26.200	0.925
HBPP_12000107_08940.C	46	6.400	26.200	0.931
HBPP_12000108_00350.C	45	1.600	23.300	0.917
HBPP_12000108_00350.C	45	2.200	23.600	0.923
HBPP_12000108_00350.C	45	2.600	23.800	0.937
HBPP_12000108_00350.C	45	2.400	23.700	0.945
HBPP_12000108_00350.C	45	2.000	23.500	0.923
HBPP_12000108_00350.C	45	2.600	23.800	0.924
HBPP_12000108_00350.C	45	1.600	23.300	0.925
HBPP_12000108_00350.C	45	1.600	23.300	0.913
HBPP_12000108_00350.C	45	1.600	23.300	0.923
HBPP_12000108_00350.C	45	2.400	23.700	0.916
HBPP_12000109_09170.C	58	3.400	30.700	1.162
HBPP_12000109_09170.C	58	3.400	30.700	1.153
HBPP_12000109_09170.C	59	3.200	31.100	1.150
HBPP_12000109_09170.C	58	3.000	30.500	1.154
HBPP_12000109_09170.C	58	4.000	31.000	1.155
HBPP_12000109_09170.C	59	3.000	31.000	1.151
HBPP_12000109_09170.C	58	4.200	31.100	1.186
HBPP_12000109_09170.C	58	3.800	30.900	1.142
HBPP_12000109_09170.C	58	4.000	31.000	1.157
HBPP_12000109_09170.C	58	3.400	30.700	1.142
HBPP_12000110_06550.C	62	3.800	32.900	1.310
HBPP_12000110_06550.C	62	4.000	33.000	1.232
HBPP_12000110_06550.C	62	4.000	33.000	1.229
HBPP_12000110_06550.C	62	4.000	33.000	1.239
HBPP_12000110_06550.C	61	4.800	32.900	1.237
HBPP_12000110_06550.C	62	4.000	33.000	1.239
HBPP_12000110_06550.C	62	4.000	33.000	1.274
HBPP_12000110_06550.C	62	3.400	32.700	1.246
HBPP_12000110_06550.C	62	4.000	33.000	1.240
HBPP_12000110_06550.C	62	4.000	33.000	1.265
HBPP_12005007_01380.C	53	3.200	28.100	1.738
HBPP_12005007_01380.C	53	3.200	28.100	1.729
HBPP_12005007_01380.C	53	3.200	28.100	1.456
HBPP_12005007_01380.C	53	3.200	28.100	1.615
HBPP_12005007_01380.C	53	3.200	28.100	1.728
HBPP_12005007_01380.C	53	3.400	28.200	1.486
HBPP_12005007_01380.C	52	3.800	27.900	1.545
HBPP_12005007_01380.C	53	3.200	28.100	1.637
HBPP_12005007_01380.C	53	3.400	28.200	1.748
HBPP_12005007_01380.C	53	3.200	28.100	1.800
HBPP_12005007_01800.C	45	5.000	25.000	1.600
HBPP_12005007_01800.C	45	5.200	25.100	1.654
HBPP_12005007_01800.C	45	5.200	25.100	1.562
HBPP_12005007_01800.C	45	5.000	25.000	1.602
HBPP_12005007_01800.C	45	5.400	25.200	1.633
HBPP_12005007_01800.C	45	5.000	25.000	1.572
HBPP_12005007_01800.C	45	4.800	24.900	1.616
HBPP_12005007_01800.C	45	5.200	25.100	1.570
HBPP_12005007_01800.C	45	5.000	25.000	1.579
HBPP_12005007_01800.C	45	5.000	25.000	1.722
HBPP_12005007_03240.C	44	4.200	24.100	1.655
HBPP_12005007_03240.C	44	4.000	24.000	1.591
HBPP_12005007_03240.C	44	4.200	24.100	1.576
HBPP_12005007_03240.C	44	4.000	24.000	1.575
HBPP_12005007_03240.C	44	4.200	24.100	1.608
HBPP_12005007_03240.C	44	3.800	23.900	1.719
HBPP_12005007_03240.C	44	3.800	23.900	1.725
HBPP_12005007_03240.C	44	4.200	24.100	1.525
HBPP_12005007_03240.C	44	3.800	23.900	1.586
HBPP_12005007_03240.C	44	4.000	24.000	1.570
HBPP_12005008_04500.C	55	5.600	30.300	1.880
HBPP_12005008_04500.C	55	5.800	30.400	1.892
HBPP_12005008_04500.C	55	5.800	30.400	1.992
HBPP_12005008_04500.C	55	5.800	30.400	1.794
HBPP_12005008_04500.C	55	5.600	30.300	2.072
HBPP_12005008_04500.C	55	5.800	30.400	1.862
HBPP_12005008_04500.C	55	6.000	30.500	1.863
HBPP_12005008_04500.C	55	5.800	30.400	1.935
HBPP_12005008_04500.C	55	5.600	30.300	1.978
HBPP_12005008_04500.C	55	5.800	30.400	1.907
HBPP_12015007_01650.C	54	5.600	29.800	1.870
HBPP_12015007_01650.C	54	5.800	29.900	1.983
HBPP_12015007_01650.C	55	5.200	30.100	1.925
HBPP_12015007_01650.C	55	5.400	30.200	1.917
HBPP_12015007_01650.C	55	5.200	30.100	1.842
HBPP_12015007_01650.C	55	5.400	30.200	1.911
HBPP_12015007_01650.C	55	5.400	30.200	1.857
HBPP_12015007_01650.C	54	5.600	29.800	1.923
HBPP_12015007_01650.C	54	6.200	30.100	1.897
HBPP_12015007_01650.C	55	5.400	30.200	1.917
HBPP_12015009_07400.C	63	7.600	35.300	2.213
HBPP_12015009_07400.C	63	7.600	35.300	2.280
HBPP_12015009_07400.C	63	8.000	35.500	2.237
HBPP_12015009_07400.C	63	7.600	35.300	2.303
HBPP_12015009_07400.C	63	7.600	35.300	2.210
HBPP_12015009_07400.C	63	7.600	35.300	2.381
HBPP_12015009_07400.C	63	7.600	35.300	2.193
HBPP_12015009_07400.C	63	7.600	35.300	2.124
HBPP_12015009_07400.C	63	7.800	35.400	2.229
HBPP_12015009_07400.C	63	7.400	35.200	2.144
HBPP_14005010_04470.C	81	11.000	46.000	3.419
HBPP_14005010_04470.C	81	11.600	46.300	3.426
HBPP_14005010_04470.C	81	10.800	45.900	3.366
HBPP_14005010_04470.C	81	11.200	46.100	3.384
HBPP_14005010_04470.C	81	10.400	45.700	3.326
HBPP_14005010_04470.C	81	11.000	46.000	3.450
HBPP_14005010_04470.C	81	10.400	45.700	3.305
HBPP_14005010_04470.C	81	11.200	46.100	1.914
HBPP_14005010_04470.C	82	10.600	46.300	3.104
HBPP_14005010_04470.C	81	11.200	46.100	3.379
HBPP_14015007_01210.C	64	6.400	35.200	2.779
HBPP_14015007_01210.C	65	5.800	35.400	2.959
HBPP_14015007_01210.C	65	5.800	35.400	2.773
HBPP_14015007_01210.C	65	5.800	35.400	2.851
HBPP_14015007_01210.C	65	5.800	35.400	2.801
HBPP_14015007_01210.C	65	5.800	35.400	2.822
HBPP_14015007_01210.C	64	6.000	35.000	2.758
HBPP_14015007_01210.C	65	5.800	35.400	2.794
HBPP_14015007_01210.C	65	5.800	35.400	2.818
HBPP_14015007_01210.C	64	6.200	35.100	2.987
HBPP_14015008_03730.C	67	6.000	36.500	2.971
HBPP_14015008_03730.C	67	6.600	36.800	2.709
HBPP_14015008_03730.C	67	6.400	36.700	2.873
HBPP_14015008_03730.C	67	5.600	36.300	2.875
HBPP_14015008_03730.C	67	5.800	36.400	2.936
HBPP_14015008_03730.C	67	6.000	36.500	1.597
HBPP_14015008_03730.C	67	5.600	36.300	1.630
HBPP_14015008_03730.C	67	5.800	36.400	1.617
HBPP_14015008_03730.C	67	6.200	36.600	1.644
HBPP_14015008_03730.C	67	6.000	36.500	1.636
HBPP_16000107_00140.C	62	14.600	38.300	1.833
HBPP_16000107_00140.C	63	14.200	38.600	1.790
HBPP_16000107_00140.C	63	14.200	38.600	1.803
HBPP_16000107_00140.C	63	14.200	38.600	1.791
HBPP_16000107_00140.C	63	14.200	38.600	1.770
HBPP_16000107_00140.C	63	14.200	38.600	1.800
HBPP_16000107_00140.C	63	14.400	38.700	1.786
HBPP_16000107_00140.C	62	14.800	38.400	1.749
HBPP_16000107_00140.C	63	14.400	38.700	3.124
HBPP_16000107_00140.C	63	14.400	38.700	3.242
HBPP_16000108_01490.C	67	13.000	40.000	3.334
HBPP_16000108_01490.C	67	12.800	39.900	1.886
HBPP_16000108_01490.C	67	13.000	40.000	1.952
HBPP_16000108_01490.C	67	13.000	40.000	3.385
HBPP_16000108_01490.C	67	13.000	40.000	3.310
HBPP_16000108_01490.C	67	13.200	40.100	3.259
HBPP_16000108_01490.C	67	13.000	40.000	3.463
HBPP_16000108_01490.C	67	13.000	40.000	3.198
HBPP_16000108_01490.C	67	12.800	39.900	2.699
HBPP_16000108_01490.C	67	12.800	39.900	3.396
HBPP_16000110_02790.C	86	16.800	51.400	2.439
HBPP_16000110_02790.C	85	17.200	51.100	2.339
HBPP_16000110_02790.C	85	17.200	51.100	2.438
HBPP_16000110_02790.C	85	17.000	51.000	2.308
HBPP_16000110_02790.C	85	16.800	50.900	2.302
HBPP_16000110_02790.C	85	16.400	50.700	2.304
HBPP_16000110_02790.C	85	17.400	51.200	2.325
HBPP_16000110_02790.C	85	17.000	51.000	2.323
HBPP_16000110_02790.C	85	17.600	51.300	2.321
HBPP_16000110_02790.C	85	17.000	51.000	2.349
HBPP_16005009_00010.C	80	13.600	46.800	4.016
HBPP_16005009_00010.C	80	14.200	47.100	3.953
HBPP_16005009_00010.C	79	14.800	46.900	4.022
HBPP_16005009_00010.C	80	14.000	47.000	4.015
HBPP_16005009_00010.C	80	14.000	47.000	3.834
HBPP_16005009_00010.C	80	14.000	47.000	3.893
HBPP_16005009_00010.C	80	13.800	46.900	4.010
HBPP_16005009_00010.C	80	13.800	46.900	3.982
HBPP_16005009_00010.C	80	14.400	47.200	4.041
HBPP_16005009_00010.C	80	14.200	47.100	4.051
HBPP_16005009_01610.C	80	12.000	46.000	3.777
HBPP_16005009_01610.C	80	12.400	46.200	2.253
HBPP_16005009_01610.C	80	12.200	46.100	2.234
HBPP_16005009_01610.C	80	11.600	45.800	2.316
HBPP_16005009_01610.C	80	11.600	45.800	4.140
HBPP_16005009_01610.C	80	11.600	45.800	2.275
HBPP_16005009_01610.C	80	11.800	45.900	2.260
HBPP_16005009_01610.C	80	11.800	45.900	3.971
HBPP_16005009_01610.C	80	12.400	46.200	4.264
HBPP_16005009_01610.C	80	11.600	45.800	4.016
HBPP_16015007_02060.C	74	9.200	41.600	2.130
HBPP_16015007_02060.C	74	9.800	41.900	2.101
HBPP_16015007_02060.C	75	9.600	42.300	2.121
HBPP_16015007_02060.C	74	10.000	42.000	2.123
HBPP_16015007_02060.C	74	10.600	42.300	2.099
HBPP_16015007_02060.C	75	8.800	41.900	2.127
HBPP_16015007_02060.C	75	9.200	42.100	3.782
HBPP_16015007_02060.C	75	9.400	42.200	3.829
HBPP_16015007_02060.C	75	9.400	42.200	3.757
HBPP_16015007_02060.C	75	8.800	41.900	3.615
HBPP_16015009_09810.C	87	11.600	49.300	2.476
HBPP_16015009_09810.C	86	12.200	49.100	2.481
HBPP_16015009_09810.C	86	12.600	49.300	2.469
HBPP_16015009_09810.C	87	12.200	49.600	4.447
HBPP_16015009_09810.C	86	12.800	49.400	4.301
HBPP_16015009_09810.C	86	12.400	49.200	4.453
HBPP_16015009_09810.C	87	11.800	49.400	4.215
HBPP_16015009_09810.C	87	11.800	49.400	4.427
HBPP_16015009_09810.C	87	12.000	49.500	2.540
HBPP_16015009_09810.C	87	11.800	49.400	2.454
HBPP_18000108_03590.C	77	10.600	43.800	2.791
HBPP_18000108_03590.C	77	9.200	43.100	2.821
HBPP_18000108_03590.C	77	10.200	43.600	2.780
HBPP_18000108_03590.C	77	9.600	43.300	2.835
HBPP_18000108_03590.C	77	10.600	43.800	2.840
HBPP_18000108_03590.C	77	10.400	43.700	2.801
HBPP_18000108_03590.C	77	9.200	43.100	2.824
HBPP_18000108_03590.C	77	10.200	43.600	2.841
HBPP_18000108_03590.C	77	10.200	43.600	2.851
HBPP_18000108_03590.C	77	10.200	43.600	2.834
HBPP_18000108_07160.C	79	10.600	44.800	4.386
HBPP_18000108_07160.C	78	11.600	44.800	4.380
HBPP_18000108_07160.C	79	11.200	45.100	4.397
HBPP_18000108_07160.C	78	11.400	44.700	4.351
HBPP_18000108_07160.C	79	11.200	45.100	4.418
HBPP_18000108_07160.C	78	11.800	44.900	4.382
HBPP_18000108_07160.C	78	12.000	45.000	4.434
HBPP_18000108_07160.C	78	11.800	44.900	4.430
HBPP_18000108_07160.C	78	11.600	44.800	4.182
HBPP_18000108_07160.C	79	11.400	45.200	4.311
HBPP_18000110_04390.C	90	10.200	50.100	3.219
HBPP_18000110_04390.C	90	10.400	50.200	3.286
HBPP_18000110_04390.C	90	9.600	49.800	4.950
HBPP_18000110_04390.C	90	10.200	50.100	4.993
HBPP_18000110_04390.C	90	10.400	50.200	4.925
HBPP_18000110_04390.C	89	10.400	49.700	5.016
HBPP_18000110_04390.C	90	10.000	50.000	5.104
HBPP_18000110_04390.C	90	10.200	50.100	3.431
HBPP_18000110_04390.C	90	9.600	49.800	4.638
HBPP_18000110_04390.C	90	10.400	50.200	3.215
HBPP_18015008_08210.C	89	15.400	52.200	3.351
HBPP_18015008_08210.C	89	15.400	52.200	3.283
HBPP_18015008_08210.C	89	15.200	52.100	3.275
HBPP_18015008_08210.C	89	15.400	52.200	3.292
HBPP_18015008_08210.C	89	15.400	52.200	5.077
HBPP_18015008_08210.C	88	16.000	52.000	3.373
HBPP_18015008_08210.C	89	15.400	52.200	3.325
HBPP_18015008_08210.C	89	15.400	52.200	5.108
HBPP_18015008_08210.C	89	15.400	52.200	3.384
HBPP_18015008_08210.C	89	15.400	52.200	5.151
HBPP_18015010_06050.C	108	11.800	59.900	6.039
HBPP_18015010_06050.C	109	10.800	59.900	6.051
HBPP_18015010_06050.C	109	10.400	59.700	6.139
HBPP_18015010_06050.C	109	11.400	60.200	6.053
HBPP_18015010_06050.C	109	10.800	59.900	5.886
HBPP_18015010_06050.C	109	10.800	59.900	6.226
HBPP_18015010_06050.C	109	10.400	59.700	5.985
HBPP_18015010_06050.C	109	10.800	59.900	6.233
HBPP_18015010_06050.C	108	11.200	59.600	6.178
HBPP_18015010_06050.C	109	11.400	60.200	6.164
HBPP_20000107_01190.C	78	4.400	41.200	5.155
HBPP_20000107_01190.C	78	4.600	41.300	5.007
HBPP_20000107_01190.C	78	4.600	41.300	4.885
HBPP_20000107_01190.C	78	5.200	41.600	3.448
HBPP_20000107_01190.C	78	4.600	41.300	3.441
HBPP_20000107_01190.C	78	4.200	41.100	3.466
HBPP_20000107_01190.C	78	4.600	41.300	3.467
HBPP_20000107_01190.C	78	4.600	41.300	5.039
HBPP_20000107_01190.C	78	4.800	41.400	3.451
HBPP_20000107_01190.C	78	4.800	41.400	3.483
HBPP_20000108_00250.C	79	12.600	45.800	3.439
HBPP_20000108_00250.C	78	12.800	45.400	3.371
HBPP_20000108_00250.C	78	13.800	45.900	3.389
HBPP_20000108_00250.C	78	13.200	45.600	3.462
HBPP_20000108_00250.C	78	13.600	45.800	3.399
HBPP_20000108_00250.C	78	13.200	45.600	3.387
HBPP_20000108_00250.C	78	14.000	46.000	4.897
HBPP_20000108_00250.C	78	13.800	45.900	4.929
HBPP_20000108_00250.C	78	14.400	46.200	4.992
HBPP_20000108_00250.C	78	13.200	45.600	4.981
HBPP_20000108_01750.C	87	16.400	51.700	5.351
HBPP_20000108_01750.C	87	16.000	51.500	5.185
HBPP_20000108_01750.C	87	15.400	51.200	5.350
HBPP_20000108_01750.C	88	14.800	51.400	5.402
HBPP_20000108_01750.C	87	15.600	51.300	5.391
HBPP_20000108_01750.C	87	15.400	51.200	5.199
HBPP_20000108_01750.C	87	16.800	51.900	3.791
HBPP_20000108_01750.C	88	14.400	51.200	3.776
HBPP_20000108_01750.C	87	15.200	51.100	3.746
HBPP_20000108_01750.C	87	15.800	51.400	3.860
HBPP_20005008_01240.C	87	11.400	49.200	4.483
HBPP_20005008_01240.C	87	9.800	48.400	5.826
HBPP_20005008_01240.C	88	9.600	48.800	5.812
HBPP_20005008_01240.C	88	9.600	48.800	5.487
HBPP_20005008_01240.C	87	10.000	48.500	5.834
HBPP_20005008_01240.C	88	10.200	49.100	5.680
HBPP_20005008_01240.C	88	9.600	48.800	5.772
HBPP_20005008_01240.C	88	9.600	48.800	5.525
HBPP_20005008_01240.C	88	10.200	49.100	5.998
HBPP_20005008_01240.C	88	9.800	48.900	5.584
HBPP_20005009_02000.C	96	12.200	54.100	4.216
HBPP_20005009_02000.C	96	12.400	54.200	4.184
HBPP_20005009_02000.C	96	11.600	53.800	4.250
HBPP_20005009_02000.C	96	11.800	53.900	4.243
HBPP_20005009_02000.C	96	12.000	54.000	4.587
HBPP_20005009_02000.C	96	11.800	53.900	5.203
HBPP_20005009_02000.C	96	12.400	54.200	4.196
HBPP_20005009_02000.C	96	12.000	54.000	4.455
HBPP_20005009_02000.C	96	12.400	54.200	5.156
HBPP_20005009_02000.C	96	12.000	54.000	4.249
HBPP_20005010_09530.C	105	10.600	57.800	4.677
HBPP_20005010_09530.C	105	10.800	57.900	4.647
HBPP_20005010_09530.C	106	10.600	58.300	5.015
HBPP_20005010_09530.C	106	9.800	57.900	5.027
HBPP_20005010_09530.C	106	10.000	58.000	6.173
HBPP_20005010_09530.C	105	10.600	57.800	5.855
HBPP_20005010_09530.C	106	10.800	58.400	5.680
HBPP_20005010_09530.C	105	11.000	58.000	4.710
HBPP_20005010_09530.C	105	10.600	57.800	4.691
HBPP_20005010_09530.C	105	10.800	57.900	4.704
HBPP_20015007_06370.C	86	10.400	48.200	3.890
HBPP_20015007_06370.C	86	9.600	47.800	4.562
HBPP_20015007_06370.C	86	10.200	48.100	4.083
HBPP_20015007_06370.C	86	9.400	47.700	4.147
HBPP_20015007_06370.C	86	9.600	47.800	4.785
HBPP_20015007_06370.C	86	10.000	48.000	5.055
HBPP_20015007_06370.C	86	10.000	48.000	4.578
HBPP_20015007_06370.C	86	9.600	47.800	4.750
HBPP_20015007_06370.C	86	9.600	47.800	5.906
HBPP_20015007_06370.C	86	9.800	47.900	6.325
HBPP_20015009_02720.C	115	16.800	65.900	6.289
HBPP_20015009_02720.C	114	17.600	65.800	5.227
HBPP_20015009_02720.C	115	17.800	66.400	5.348
HBPP_20015009_02720.C	114	18.200	66.100	5.261
HBPP_20015009_02720.C	115	17.200	66.100	5.264
HBPP_20015009_02720.C	115	17.200	66.100	5.678
HBPP_20015009_02720.C	115	17.400	66.200	5.881
HBPP_20015009_02720.C	115	17.400	66.200	5.974
HBPP_20015009_02720.C	115	18.000	66.500	6.055
HBPP_20015009_02720.C	114	19.000	66.500	5.977
BPP_100_1000_0.1_0.8_0.C	46	0.800	23.400	0.916
BPP_100_1000_0.1_0.8_0.C	46	0.800	23.400	0.967
BPP_100_1000_0.1_0.8_0.C	46	0.800	23.400	1.493
BPP_100_1000_0.1_0.8_0.C	46	0.800	23.400	1.417
BPP_100_1000_0.1_0.8_0.C	47	0.800	23.900	0.848
BPP_100_1000_0.1_0.8_0.C	47	0.800	23.900	1.188
BPP_100_1000_0.1_0.8_0.C	46	1.800	23.900	1.091
BPP_100_1000_0.1_0.8_0.C	46	0.800	23.400	1.413
BPP_100_1000_0.1_0.8_0.C	46	0.800	23.400	0.874
BPP_100_1000_0.1_0.8_0.C	46	0.800	23.400	0.870
BPP_100_1000_0.1_0.8_1.C	47	0.000	23.500	1.040
BPP_100_1000_0.1_0.8_1.C	47	0.000	23.500	0.847
BPP_100_1000_0.1_0.8_1.C	47	0.000	23.500	0.857
BPP_100_1000_0.1_0.8_1.C	47	0.000	23.500	0.882
BPP_100_1000_0.1_0.8_1.C	46	0.800	23.400	0.993
BPP_100_1000_0.1_0.8_1.C	47	0.000	23.500	0.841
BPP_100_1000_0.1_0.8_1.C	47	0.000	23.500	0.898
BPP_100_1000_0.1_0.8_1.C	47	0.000	23.500	0.936
BPP_100_1000_0.1_0.8_1.C	47	0.000	23.500	0.864
BPP_100_1000_0.1_0.8_1.C	47	0.000	23.500	0.927
BPP_100_1000_0.1_0.8_2.C	45	1.400	23.200	0.815
BPP_100_1000_0.1_0.8_2.C	45	1.400	23.200	0.794
BPP_100_1000_0.1_0.8_2.C	45	1.600	23.300	0.999
BPP_100_1000_0.1_0.8_2.C	45	1.400	23.200	0.953
BPP_100_1000_0.1_0.8_2.C	45	1.400	23.200	0.812
BPP_100_1000_0.1_0.8_2.C	45	1.600	23.300	0.817
BPP_100_1000_0.1_0.8_2.C	45	1.400	23.200	0.788
BPP_100_1000_0.1_0.8_2.C	45	1.600	23.300	0.881
BPP_100_1000_0.1_0.8_2.C	45	1.400	23.200	0.779
BPP_100_1000_0.1_0.8_2.C	45	1.600	23.300	0.798
BPP_100_1000_0.1_0.8_3.C	45	1.600	23.300	1.242
BPP_100_1000_0.1_0.8_3.C	45	1.000	23.000	1.117
BPP_100_1000_0.1_0.8_3.C	45	1.000	23.000	0.871
BPP_100_1000_0.1_0.8_3.C	45	1.000	23.000	0.864
BPP_100_1000_0.1_0.8_3.C	45	1.000	23.000	0.821
BPP_100_1000_0.1_0.8_3.C	45	1.000	23.000	0.822
BPP_100_1000_0.1_0.8_3.C	45	1.400	23.200	1.010
BPP_100_1000_0.1_0.8_3.C	45	1.000	23.000	0.815
BPP_100_1000_0.1_0.8_3.C	45	1.000	23.000	0.802
BPP_100_1000_0.1_0.8_3.C	45	1.000	23.000	0.804
BPP_100_1000_0.1_0.8_4.C	45	1.000	23.000	1.161
BPP_100_1000_0.1_0.8_4.C	45	1.000	23.000	0.828
BPP_100_1000_0.1_0.8_4.C	45	1.000	23.000	0.798
BPP_100_1000_0.1_0.8_4.C	45	1.000	23.000	0.806
BPP_100_1000_0.1_0.8_4.C	45	1.000	23.000	0.888
BPP_100_1000_0.1_0.8_4.C	45	1.000	23.000	1.031
BPP_100_1000_0.1_0.8_4.C	45	1.000	23.000	0.806
BPP_100_1000_0.1_0.8_4.C	45	1.000	23.000	0.895
BPP_100_1000_0.1_0.8_4.C	45	1.000	23.000	0.966
BPP_100_1000_0.1_0.8_4.C	45	1.000	23.000	0.850
BPP_100_1000_0.1_0.8_5.C	46	5.200	25.600	0.969
BPP_100_1000_0.1_0.8_5.C	46	5.000	25.500	0.848
BPP_100_1000_0.1_0.8_5.C	46	5.000	25.500	0.872
BPP_100_1000_0.1_0.8_5.C	46	5.000	25.500	0.849
BPP_100_1000_0.1_0.8_5.C	46	5.000	25.500	0.822
BPP_100_1000_0.1_0.8_5.C	46	5.000	25.500	0.831
BPP_100_1000_0.1_0.8_5.C	46	5.000	25.500	1.075
BPP_100_1000_0.1_0.8_5.C	47	4.200	25.600	0.822
BPP_100_1000_0.1_0.8_5.C	46	4.800	25.400	0.824
BPP_100_1000_0.1_0.8_5.C	46	5.000	25.500	0.822
BPP_100_1000_0.1_0.8_6.C	45	3.400	24.200	0.818
BPP_100_1000_0.1_0.8_6.C	45	3.400	24.200	0.784
BPP_100_1000_0.1_0.8_6.C	45	3.400	24.200	0.823
BPP_100_1000_0.1_0.8_6.C	45	3.600	24.300	0.790
BPP_100_1000_0.1_0.8_6.C	45	3.600	24.300	0.803
BPP_100_1000_0.1_0.8_6.C	45	3.400	24.200	0.794
BPP_100_1000_0.1_0.8_6.C	45	3.600	24.300	0.823
BPP_100_1000_0.1_0.8_6.C	45	3.400	24.200	0.799
BPP_100_1000_0.1_0.8_6.C	45	3.600	24.300	0.804
BPP_100_1000_0.1_0.8_6.C	45	3.600	24.300	0.837
BPP_100_1000_0.1_0.8_7.C	46	1.800	23.900	0.819
BPP_100_1000_0.1_0.8_7.C	46	2.200	24.100	0.819
BPP_100_1000_0.1_0.8_7.C	45	3.400	24.200	0.811
BPP_100_1000_0.1_0.8_7.C	46	2.600	24.300	0.810
BPP_100_1000_0.1_0.8_7.C	46	1.800	23.900	1.023
BPP_100_1000_0.1_0.8_7.C	46	2.600	24.300	0.919
BPP_100_1000_0.1_0.8_7.C	46	2.600	24.300	0.818
BPP_100_1000_0.1_0.8_7.C	46	2.400	24.200	0.809
BPP_100_1000_0.1_0.8_7.C	46	2.400	24.200	0.824
BPP_100_1000_0.1_0.8_7.C	46	2.600	24.300	0.832
BPP_100_1000_0.1_0.8_8.C	51	1.400	26.200	0.889
BPP_100_1000_0.1_0.8_8.C	51	1.400	26.200	0.893
BPP_100_1000_0.1_0.8_8.C	51	1.400	26.200	0.896
BPP_100_1000_0.1_0.8_8.C	51	1.400	26.200	0.868
BPP_100_1000_0.1_0.8_8.C	51	1.400	26.200	0.925
BPP_100_1000_0.1_0.8_8.C	51	1.400	26.200	1.319
BPP_100_1000_0.1_0.8_8.C	51	1.400	26.200	0.865
BPP_100_1000_0.1_0.8_8.C	51	1.600	26.300	1.104
BPP_100_1000_0.1_0.8_8.C	51	1.400	26.200	0.876
BPP_100_1000_0.1_0.8_8.C	51	1.400	26.200	0.923
BPP_100_1000_0.1_0.8_9.C	44	2.800	23.400	0.877
BPP_100_1000_0.1_0.8_9.C	44	2.800	23.400	0.831
BPP_100_1000_0.1_0.8_9.C	44	2.800	23.400	0.786
BPP_100_1000_0.1_0.8_9.C	44	2.800	23.400	0.777
BPP_100_1000_0.1_0.8_9.C	44	2.600	23.300	0.776
BPP_100_1000_0.1_0.8_9.C	44	2.800	23.400	0.798
BPP_100_1000_0.1_0.8_9.C	44	3.000	23.500	0.780
BPP_100_1000_0.1_0.8_9.C	44	3.000	23.500	1.090
BPP_100_1000_0.1_0.8_9.C	44	3.000	23.500	1.158
BPP_100_1000_0.1_0.8_9.C	44	2.600	23.300	0.827
BPP_100_100_0.1_0.8_0.C	48	4.600	26.300	0.094
BPP_100_100_0.1_0.8_0.C	48	4.600	26.300	0.099
BPP_100_100_0.1_0.8_0.C	48	4.800	26.400	0.097
BPP_100_100_0.1_0.8_0.C	48	4.200	26.100	0.094
BPP_100_100_0.1_0.8_0.C	48	4.800	26.400	0.094
BPP_100_100_0.1_0.8_0.C	48	4.000	26.000	0.093
BPP_100_100_0.1_0.8_0.C	48	4.600	26.300	0.093
BPP_100_100_0.1_0.8_0.C	48	4.600	26.300	0.094
BPP_100_100_0.1_0.8_0.C	47	5.400	26.200	0.093
BPP_100_100_0.1_0.8_0.C	48	4.800	26.400	0.096
BPP_100_100_0.1_0.8_1.C	49	2.000	25.500	0.095
BPP_100_100_0.1_0.8_1.C	49	2.000	25.500	0.097
BPP_100_100_0.1_0.8_1.C	49	1.800	25.400	0.097
BPP_100_100_0.1_0.8_1.C	49	2.000	25.500	0.097
BPP_100_100_0.1_0.8_1.C	49	1.800	25.400	0.098
BPP_100_100_0.1_0.8_1.C	49	1.800	25.400	0.097
BPP_100_100_0.1_0.8_1.C	49	2.000	25.500	0.099
BPP_100_100_0.1_0.8_1.C	49	1.800	25.400	0.095
BPP_100_100_0.1_0.8_1.C	49	2.000	25.500	0.096
BPP_100_100_0.1_0.8_1.C	49	2.000	25.500	0.102
BPP_100_100_0.1_0.8_2.C	43	2.600	22.800	0.086
BPP_100_100_0.1_0.8_2.C	43	2.600	22.800	0.084
BPP_100_100_0.1_0.8_2.C	43	2.800	22.900	0.086
BPP_100_100_0.1_0.8_2.C	43	2.800	22.900	0.088
BPP_100_100_0.1_0.8_2.C	43	2.600	22.800	0.088
BPP_100_100_0.1_0.8_2.C	43	2.800	22.900	0.086
BPP_100_100_0.1_0.8_2.C	43	2.600	22.800	0.086
BPP_100_100_0.1_0.8_2.C	43	2.800	22.900	0.086
BPP_100_100_0.1_0.8_2.C	43	2.800	22.900	0.084
BPP_100_100_0.1_0.8_2.C	43	2.600	22.800	0.085
BPP_100_100_0.1_0.8_3.C	48	3.600	25.800	0.097
BPP_100_100_0.1_0.8_3.C	49	2.800	25.900	0.096
BPP_100_100_0.1_0.8_3.C	49	2.800	25.900	0.098
BPP_100_100_0.1_0.8_3.C	49	3.200	26.100	0.096
BPP_100_100_0.1_0.8_3.C	49	2.800	25.900	0.095
BPP_100_100_0.1_0.8_3.C	49	2.800	25.900	0.097
BPP_100_100_0.1_0.8_3.C	49	2.800	25.900	0.096
BPP_100_100_0.1_0.8_3.C	49	2.800	25.900	0.095
BPP_100_100_0.1_0.8_3.C	49	2.600	25.800	0.106
BPP_100_100_0.1_0.8_3.C	48	3.600	25.800	0.094
BPP_100_100_0.1_0.8_4.C	58	1.000	29.500	0.108
BPP_100_100_0.1_0.8_4.C	58	1.000	29.500	0.107
BPP_100_100_0.1_0.8_4.C	58	0.800	29.400	0.107
BPP_100_100_0.1_0.8_4.C	58	1.000	29.500	0.108
BPP_100_100_0.1_0.8_4.C	58	0.800	29.400	0.108
BPP_100_100_0.1_0.8_4.C	58	1.000	29.500	0.107
BPP_100_100_0.1_0.8_4.C	58	1.000	29.500	0.107
BPP_100_100_0.1_0.8_4.C	58	0.800	29.400	0.108
BPP_100_100_0.1_0.8_4.C	58	0.800	29.400	0.108
BPP_100_100_0.1_0.8_4.C	58	0.800	29.400	0.107
BPP_100_100_0.1_0.8_5.C	51	2.000	26.500	0.099
BPP_100_100_0.1_0.8_5.C	51	2.600	26.800	0.099
BPP_100_100_0.1_0.8_5.C	51	2.600	26.800	0.099
BPP_100_100_0.1_0.8_5.C	51	1.800	26.400	0.100
BPP_100_100_0.1_0.8_5.C	51	2.800	26.900	0.101
BPP_100_100_0.1_0.8_5.C	51	2.400	26.700	0.099
BPP_100_100_0.1_0.8_5.C	51	1.800	26.400	0.101
BPP_100_100_0.1_0.8_5.C	51	1.800	26.400	0.100
BPP_100_100_0.1_0.8_5.C	51	2.400	26.700	0.099
BPP_100_100_0.1_0.8_5.C	51	2.600	26.800	0.100
BPP_100_100_0.1_0.8_6.C	47	0.200	23.600	0.101
BPP_100_100_0.1_0.8_6.C	47	0.400	23.700	0.092
BPP_100_100_0.1_0.8_6.C	47	0.200	23.600	0.092
BPP_100_100_0.1_0.8_6.C	46	1.000	23.500	0.092
BPP_100_100_0.1_0.8_6.C	47	0.200	23.600	0.092
BPP_100_100_0.1_0.8_6.C	47	0.400	23.700	0.093
BPP_100_100_0.1_0.8_6.C	47	0.200	23.600	0.091
BPP_100_100_0.1_0.8_6.C	47	0.200	23.600	0.091
BPP_100_100_0.1_0.8_6.C	47	0.200	23.600	0.091
BPP_100_100_0.1_0.8_6.C	47	0.200	23.600	0.093
BPP_100_100_0.1_0.8_7.C	48	0.000	24.000	0.096
BPP_100_100_0.1_0.8_7.C	48	0.000	24.000	0.095
BPP_100_100_0.1_0.8_7.C	48	0.200	24.100	0.095
BPP_100_100_0.1_0.8_7.C	48	0.200	24.100	0.095
BPP_100_100_0.1_0.8_7.C	48	0.000	24.000	0.096
BPP_100_100_0.1_0.8_7.C	48	0.200	24.100	0.095
BPP_100_100_0.1_0.8_7.C	48	0.200	24.100	0.094
BPP_100_100_0.1_0.8_7.C	48	0.000	24.000	0.096
BPP_100_100_0.1_0.8_7.C	48	0.400	24.200	0.096
BPP_100_100_0.1_0.8_7.C	48	0.400	24.200	0.094
BPP_100_100_0.1_0.8_8.C	46	0.000	23.000	0.093
BPP_100_100_0.1_0.8_8.C	46	0.000	23.000	0.092
BPP_100_100_0.1_0.8_8.C	46	0.000	23.000	0.095
BPP_100_100_0.1_0.8_8.C	46	0.000	23.000	0.093
BPP_100_100_0.1_0.8_8.C	46	0.000	23.000	0.093
BPP_100_100_0.1_0.8_8.C	46	0.000	23.000	0.092
BPP_100_100_0.1_0.8_8.C	46	0.000	23.000	0.093
BPP_100_100_0.1_0.8_8.C	46	0.000	23.000	0.095
BPP_100_100_0.1_0.8_8.C	46	0.000	23.000	0.095
BPP_100_100_0.1_0.8_8.C	46	0.000	23.000	0.092
BPP_100_100_0.1_0.8_9.C	48	0.000	24.000	0.095
BPP_100_100_0.1_0.8_9.C	48	0.000	24.000	0.095
BPP_100_100_0.1_0.8_9.C	48	0.000	24.000	0.097
BPP_100_100_0.1_0.8_9.C	48	0.000	24.000	0.094
BPP_100_100_0.1_0.8_9.C	48	0.000	24.000	0.094
BPP_100_100_0.1_0.8_9.C	48	0.000	24.000	0.096
BPP_100_100_0.1_0.8_9.C	47	0.400	23.700	0.095
BPP_100_100_0.1_0.8_9.C	47	0.800	23.900	0.095
BPP_100_100_0.1_0.8_9.C	48	0.000	24.000	0.095
BPP_100_100_0.1_0.8_9.C	48	0.000	24.000	0.094
BPP_100_120_0.1_0.8_0.C	44	4.600	24.300	0.108
BPP_100_120_0.1_0.8_0.C	44	4.800	24.400	0.106
BPP_100_120_0.1_0.8_0.C	44	4.800	24.400	0.105
BPP_100_120_0.1_0.8_0.C	44	4.800	24.400	0.105
BPP_100_120_0.1_0.8_0.C	44	4.800	24.400	0.105
BPP_100_120_0.1_0.8_0.C	44	4.600	24.300	0.105
BPP_100_120_0.1_0.8_0.C	44	4.800	24.400	0.105
BPP_100_120_0.1_0.8_0.C	44	4.600	24.300	0.107
BPP_100_120_0.1_0.8_0.C	44	4.800	24.400	0.103
BPP_100_120_0.1_0.8_0.C	44	5.000	24.500	0.105
BPP_100_120_0.1_0.8_1.C	46	5.600	25.800	0.112
BPP_100_120_0.1_0.8_1.C	46	6.400	26.200	0.113
BPP_100_120_0.1_0.8_1.C	46	5.600	25.800	0.112
BPP_100_120_0.1_0.8_1.C	46	6.000	26.000	0.112
BPP_100_120_0.1_0.8_1.C	46	5.600	25.800	0.233
BPP_100_120_0.1_0.8_1.C	46	5.600	25.800	0.112
BPP_100_120_0.1_0.8_1.C	46	6.400	26.200	0.111
BPP_100_120_0.1_0.8_1.C	46	5.600	25.800	0.111
BPP_100_120_0.1_0.8_1.C	46	5.600	25.800	0.110
BPP_100_120_0.1_0.8_1.C	46	5.600	25.800	0.112
BPP_100_120_0.1_0.8_2.C	46	1.200	23.600	0.149
BPP_100_120_0.1_0.8_2.C	47	0.600	23.800	0.111
BPP_100_120_0.1_0.8_2.C	46	1.400	23.700	0.111
BPP_100_120_0.1_0.8_2.C	47	0.600	23.800	0.111
BPP_100_120_0.1_0.8_2.C	46	0.800	23.400	0.110
BPP_100_120_0.1_0.8_2.C	47	0.600	23.800	0.111
BPP_100_120_0.1_0.8_2.C	46	1.000	23.500	0.112
BPP_100_120_0.1_0.8_2.C	46	0.800	23.400	0.113
BPP_100_120_0.1_0.8_2.C	47	0.600	23.800	0.110
BPP_100_120_0.1_0.8_2.C	47	0.400	23.700	0.112
BPP_100_120_0.1_0.8_3.C	51	1.000	26.000	0.118
BPP_100_120_0.1_0.8_3.C	52	0.000	26.000	0.118
BPP_100_120_0.1_0.8_3.C	51	0.600	25.800	0.116
BPP_100_120_0.1_0.8_3.C	51	0.400	25.700	0.117
BPP_100_120_0.1_0.8_3.C	51	0.400	25.700	0.115
BPP_100_120_0.1_0.8_3.C	51	0.800	25.900	0.115
BPP_100_120_0.1_0.8_3.C	51	0.400	25.700	0.114
BPP_100_120_0.1_0.8_3.C	51	0.000	25.500	0.117
BPP_100_120_0.1_0.8_3.C	51	0.000	25.500	0.116
BPP_100_120_0.1_0.8_3.C	51	0.600	25.800	0.116
BPP_100_120_0.1_0.8_4.C	48	1.000	24.500	0.112
BPP_100_120_0.1_0.8_4.C	48	0.400	24.200	0.112
BPP_100_120_0.1_0.8_4.C	48	0.800	24.400	0.112
BPP_100_120_0.1_0.8_4.C	48	0.800	24.400	0.110
BPP_100_120_0.1_0.8_4.C	48	0.800	24.400	0.112
BPP_100_120_0.1_0.8_4.C	49	0.200	24.600	0.111
BPP_100_120_0.1_0.8_4.C	48	1.600	24.800	0.111
BPP_100_120_0.1_0.8_4.C	48	1.400	24.700	0.112
BPP_100_120_0.1_0.8_4.C	48	0.600	24.300	0.112
BPP_100_120_0.1_0.8_4.C	48	1.200	24.600	0.112
BPP_100_120_0.1_0.8_5.C	44	2.400	23.200	0.107
BPP_100_120_0.1_0.8_5.C	44	2.000	23.000	0.106
BPP_100_120_0.1_0.8_5.C	44	2.000	23.000	0.109
BPP_100_120_0.1_0.8_5.C	44	2.400	23.200	0.105
BPP_100_120_0.1_0.8_5.C	44	2.600	23.300	0.105
BPP_100_120_0.1_0.8_5.C	44	2.000	23.000	0.106
BPP_100_120_0.1_0.8_5.C	44	2.000	23.000	0.106
BPP_100_120_0.1_0.8_5.C	45	1.600	23.300	0.107
BPP_100_120_0.1_0.8_5.C	44	2.400	23.200	0.106
BPP_100_120_0.1_0.8_5.C	44	2.400	23.200	0.104
BPP_100_120_0.1_0.8_6.C	46	3.600	24.800	0.112
BPP_100_120_0.1_0.8_6.C	46	4.000	25.000	0.113
BPP_100_120_0.1_0.8_6.C	46	3.600	24.800	0.109
BPP_100_120_0.1_0.8_6.C	46	4.000	25.000	0.107
BPP_100_120_0.1_0.8_6.C	46	3.800	24.900	0.112
BPP_100_120_0.1_0.8_6.C	46	3.800	24.900	0.111
BPP_100_120_0.1_0.8_6.C	46	3.800	24.900	0.112
BPP_100_120_0.1_0.8_6.C	46	3.800	24.900	0.109
BPP_100_120_0.1_0.8_6.C	46	3.800	24.900	0.111
BPP_100_120_0.1_0.8_6.C	46	3.600	24.800	0.126
BPP_100_120_0.1_0.8_7.C	54	2.600	28.300	0.123
BPP_100_120_0.1_0.8_7.C	54	2.600	28.300	0.122
BPP_100_120_0.1_0.8_7.C	54	2.400	28.200	0.121
BPP_100_120_0.1_0.8_7.C	54	2.400	28.200	0.122
BPP_100_120_0.1_0.8_7.C	54	2.600	28.300	0.121
BPP_100_120_0.1_0.8_7.C	54	2.400	28.200	0.121
BPP_100_120_0.1_0.8_7.C	54	2.400	28.200	0.122
BPP_100_120_0.1_0.8_7.C	54	2.600	28.300	0.123
BPP_100_120_0.1_0.8_7.C	54	2.600	28.300	0.119
BPP_100_120_0.1_0.8_7.C	54	2.400	28.200	0.122
BPP_100_120_0.1_0.8_8.C	44	3.800	23.900	0.110
BPP_100_120_0.1_0.8_8.C	44	3.800	23.900	0.108
BPP_100_120_0.1_0.8_8.C	44	3.800	23.900	0.108
BPP_100_120_0.1_0.8_8.C	44	3.800	23.900	0.109
BPP_100_120_0.1_0.8_8.C	44	4.000	24.000	0.109
BPP_100_120_0.1_0.8_8.C	45	3.200	24.100	0.108
BPP_100_120_0.1_0.8_8.C	44	3.800	23.900	0.110
BPP_100_120_0.1_0.8_8.C	44	3.800	23.900	0.107
BPP_100_120_0.1_0.8_8.C	44	3.800	23.900	0.109
BPP_100_120_0.1_0.8_8.C	45	3.400	24.200	0.108
BPP_100_120_0.1_0.8_9.C	45	1.800	23.400	0.107
BPP_100_120_0.1_0.8_9.C	45	2.000	23.500	0.106
BPP_100_120_0.1_0.8_9.C	45	1.600	23.300	0.105
BPP_100_120_0.1_0.8_9.C	45	1.800	23.400	0.105
BPP_100_120_0.1_0.8_9.C	45	1.600	23.300	0.107
BPP_100_120_0.1_0.8_9.C	45	1.600	23.300	0.110
BPP_100_120_0.1_0.8_9.C	45	1.800	23.400	0.106
BPP_100_120_0.1_0.8_9.C	45	1.600	23.300	0.106
BPP_100_120_0.1_0.8_9.C	45	1.600	23.300	0.108
BPP_100_120_0.1_0.8_9.C	45	1.800	23.400	0.109
BPP_100_125_0.1_0.8_0.C	48	7.800	27.900	0.115
BPP_100_125_0.1_0.8_0.C	48	8.000	28.000	0.116
BPP_100_125_0.1_0.8_0.C	48	8.000	28.000	0.119
BPP_100_125_0.1_0.8_0.C	48	7.800	27.900	0.115
BPP_100_125_0.1_0.8_0.C	48	8.200	28.100	0.115
BPP_100_125_0.1_0.8_0.C	48	7.800	27.900	0.116
BPP_100_125_0.1_0.8_0.C	48	7.800	27.900	0.116
BPP_100_125_0.1_0.8_0.C	48	7.800	27.900	0.115
BPP_100_125_0.1_0.8_0.C	48	8.000	28.000	0.121
BPP_100_125_0.1_0.8_0.C	48	7.800	27.900	0.115
BPP_100_125_0.1_0.8_1.C	47	9.800	28.400	0.116
BPP_100_125_0.1_0.8_1.C	47	9.800	28.400	0.119
BPP_100_125_0.1_0.8_1.C	47	10.000	28.500	0.117
BPP_100_125_0.1_0.8_1.C	47	10.000	28.500	0.116
BPP_100_125_0.1_0.8_1.C	47	10.000	28.500	0.118
BPP_100_125_0.1_0.8_1.C	47	9.800	28.400	0.117
BPP_100_125_0.1_0.8_1.C	47	9.800	28.400	0.116
BPP_100_125_0.1_0.8_1.C	47	9.800	28.400	0.118
BPP_100_125_0.1_0.8_1.C	47	9.800	28.400	0.117
BPP_100_125_0.1_0.8_1.C	47	9.800	28.400	0.118
BPP_100_125_0.1_0.8_2.C	47	1.200	24.100	0.119
BPP_100_125_0.1_0.8_2.C	47	1.200	24.100	0.113
BPP_100_125_0.1_0.8_2.C	47	1.200	24.100	0.113
BPP_100_125_0.1_0.8_2.C	47	1.200	24.100	0.114
BPP_100_125_0.1_0.8_2.C	47	1.200	24.100	0.113
BPP_100_125_0.1_0.8_2.C	47	1.200	24.100	0.114
BPP_100_125_0.1_0.8_2.C	47	1.200	24.100	0.114
BPP_100_125_0.1_0.8_2.C	47	1.200	24.100	0.114
BPP_100_125_0.1_0.8_2.C	47	1.200	24.100	0.113
BPP_100_125_0.1_0.8_2.C	47	1.200	24.100	0.114
BPP_100_125_0.1_0.8_3.C	45	0.400	22.700	0.150
BPP_100_125_0.1_0.8_3.C	45	0.400	22.700	0.112
BPP_100_125_0.1_0.8_3.C	45	0.600	22.800	0.110
BPP_100_125_0.1_0.8_3.C	45	0.600	22.800	0.111
BPP_100_125_0.1_0.8_3.C	45	0.800	22.900	0.113
BPP_100_125_0.1_0.8_3.C	45	0.600	22.800	0.111
BPP_100_125_0.1_0.8_3.C	45	0.600	22.800	0.110
BPP_100_125_0.1_0.8_3.C	45	0.600	22.800	0.111
BPP_100_125_0.1_0.8_3.C	45	0.400	22.700	0.111
BPP_100_125_0.1_0.8_3.C	45	0.600	22.800	0.112
BPP_100_125_0.1_0.8_4.C	48	4.200	26.100	0.115
BPP_100_125_0.1_0.8_4.C	48	4.200	26.100	0.115
BPP_100_125_0.1_0.8_4.C	48	4.200	26.100	0.116
BPP_100_125_0.1_0.8_4.C	48	4.200	26.100	0.114
BPP_100_125_0.1_0.8_4.C	48	4.200	26.100	0.114
BPP_100_125_0.1_0.8_4.C	48	4.200	26.100	0.116
BPP_100_125_0.1_0.8_4.C	48	4.000	26.000	0.116
BPP_100_125_0.1_0.8_4.C	48	4.200	26.100	0.114
BPP_100_125_0.1_0.8_4.C	48	4.200	26.100	0.115
BPP_100_125_0.1_0.8_4.C	48	4.200	26.100	0.115
BPP_100_125_0.1_0.8_5.C	45	3.800	24.400	0.108
BPP_100_125_0.1_0.8_5.C	45	3.800	24.400	0.109
BPP_100_125_0.1_0.8_5.C	45	3.800	24.400	0.111
BPP_100_125_0.1_0.8_5.C	45	3.800	24.400	0.109
BPP_100_125_0.1_0.8_5.C	45	4.000	24.500	0.109
BPP_100_125_0.1_0.8_5.C	45	3.800	24.400	0.110
BPP_100_125_0.1_0.8_5.C	45	3.800	24.400	0.110
BPP_100_125_0.1_0.8_5.C	45	3.800	24.400	0.109
BPP_100_125_0.1_0.8_5.C	45	3.800	24.400	0.108
BPP_100_125_0.1_0.8_5.C	45	3.800	24.400	0.108
BPP_100_125_0.1_0.8_6.C	51	3.000	27.000	0.120
BPP_100_125_0.1_0.8_6.C	52	2.000	27.000	0.121
BPP_100_125_0.1_0.8_6.C	51	2.800	26.900	0.122
BPP_100_125_0.1_0.8_6.C	51	3.000	27.000	0.122
BPP_100_125_0.1_0.8_6.C	51	2.600	26.800	0.121
BPP_100_125_0.1_0.8_6.C	51	2.800	26.900	0.121
BPP_100_125_0.1_0.8_6.C	51	3.000	27.000	0.122
BPP_100_125_0.1_0.8_6.C	52	2.200	27.100	0.124
BPP_100_125_0.1_0.8_6.C	51	3.000	27.000	0.123
BPP_100_125_0.1_0.8_6.C	51	3.000	27.000	0.121
BPP_100_125_0.1_0.8_7.C	53	6.400	29.700	0.139
BPP_100_125_0.1_0.8_7.C	52	7.200	29.600	0.128
BPP_100_125_0.1_0.8_7.C	53	6.400	29.700	0.128
BPP_100_125_0.1_0.8_7.C	53	6.400	29.700	0.129
BPP_100_125_0.1_0.8_7.C	53	6.400	29.700	0.127
BPP_100_125_0.1_0.8_7.C	53	6.400	29.700	0.127
BPP_100_125_0.1_0.8_7.C	53	6.400	29.700	0.127
BPP_100_125_0.1_0.8_7.C	54	6.200	30.100	0.128
BPP_100_125_0.1_0.8_7.C	53	6.400	29.700	0.127
BPP_100_125_0.1_0.8_7.C	53	7.200	30.100	0.126
BPP_100_125_0.1_0.8_8.C	43	2.200	22.600	0.105
BPP_100_125_0.1_0.8_8.C	44	2.200	23.100	0.103
BPP_100_125_0.1_0.8_8.C	44	2.200	23.100	0.105
BPP_100_125_0.1_0.8_8.C	44	2.200	23.100	0.103
BPP_100_125_0.1_0.8_8.C	44	2.200	23.100	0.106
BPP_100_125_0.1_0.8_8.C	44	2.200	23.100	0.104
BPP_100_125_0.1_0.8_8.C	43	3.000	23.000	0.105
BPP_100_125_0.1_0.8_8.C	43	2.400	22.700	0.103
BPP_100_125_0.1_0.8_8.C	43	2.400	22.700	0.103
BPP_100_125_0.1_0.8_8.C	44	2.200	23.100	0.104
BPP_100_125_0.1_0.8_9.C	48	2.200	25.100	0.112
BPP_100_125_0.1_0.8_9.C	48	2.200	25.100	0.112
BPP_100_125_0.1_0.8_9.C	48	2.200	25.100	0.113
BPP_100_125_0.1_0.8_9.C	48	2.200	25.100	0.113
BPP_100_125_0.1_0.8_9.C	48	2.200	25.100	0.110
BPP_100_125_0.1_0.8_9.C	48	2.200	25.100	0.111
BPP_100_125_0.1_0.8_9.C	48	2.200	25.100	0.111
BPP_100_125_0.1_0.8_9.C	48	2.200	25.100	0.112
BPP_100_125_0.1_0.8_9.C	48	2.200	25.100	0.110
BPP_100_125_0.1_0.8_9.C	48	2.200	25.100	0.111
BPP_100_150_0.1_0.8_0.C	56	3.800	29.900	0.152
BPP_100_150_0.1_0.8_0.C	56	3.800	29.900	0.151
BPP_100_150_0.1_0.8_0.C	56	3.800	29.900	0.152
BPP_100_150_0.1_0.8_0.C	56	3.600	29.800	0.152
BPP_100_150_0.1_0.8_0.C	56	3.800	29.900	0.151
BPP_100_150_0.1_0.8_0.C	56	3.800	29.900	0.152
BPP_100_150_0.1_0.8_0.C	56	3.800	29.900	0.156
BPP_100_150_0.1_0.8_0.C	56	3.800	29.900	0.154
BPP_100_150_0.1_0.8_0.C	56	3.800	29.900	0.153
BPP_100_150_0.1_0.8_0.C	56	3.800	29.900	0.153
BPP_100_150_0.1_0.8_1.C	47	4.400	25.700	0.134
BPP_100_150_0.1_0.8_1.C	47	3.400	25.200	0.135
BPP_100_150_0.1_0.8_1.C	47	3.400	25.200	0.135
BPP_100_150_0.1_0.8_1.C	47	4.400	25.700	0.133
BPP_100_150_0.1_0.8_1.C	47	3.000	25.000	0.169
BPP_100_150_0.1_0.8_1.C	47	3.200	25.100	0.136
BPP_100_150_0.1_0.8_1.C	47	3.200	25.100	0.134
BPP_100_150_0.1_0.8_1.C	47	3.400	25.200	0.132
BPP_100_150_0.1_0.8_1.C	47	3.400	25.200	0.134
BPP_100_150_0.1_0.8_1.C	47	3.400	25.200	0.137
BPP_100_150_0.1_0.8_2.C	44	4.400	24.200	0.128
BPP_100_150_0.1_0.8_2.C	44	4.400	24.200	0.128
BPP_100_150_0.1_0.8_2.C	44	4.400	24.200	0.128
BPP_100_150_0.1_0.8_2.C	44	4.400	24.200	0.128
BPP_100_150_0.1_0.8_2.C	44	4.400	24.200	0.134
BPP_100_150_0.1_0.8_2.C	44	4.400	24.200	0.126
BPP_100_150_0.1_0.8_2.C	44	4.400	24.200	0.127
BPP_100_150_0.1_0.8_2.C	44	4.400	24.200	0.128
BPP_100_150_0.1_0.8_2.C	44	4.400	24.200	0.126
BPP_100_150_0.1_0.8_2.C	44	4.400	24.200	0.127
BPP_100_150_0.1_0.8_3.C	45	1.600	23.300	0.129
BPP_100_150_0.1_0.8_3.C	45	1.600	23.300	0.126
BPP_100_150_0.1_0.8_3.C	45	1.600	23.300	0.126
BPP_100_150_0.1_0.8_3.C	45	1.600	23.300	0.127
BPP_100_150_0.1_0.8_3.C	45	1.600	23.300	0.128
BPP_100_150_0.1_0.8_3.C	45	1.600	23.300	0.127
BPP_100_150_0.1_0.8_3.C	45	1.600	23.300	0.131
BPP_100_150_0.1_0.8_3.C	45	1.600	23.300	0.130
BPP_100_150_0.1_0.8_3.C	45	1.600	23.300	0.128
BPP_100_150_0.1_0.8_3.C	45	1.600	23.300	0.129
BPP_100_150_0.1_0.8_4.C	51	1.600	26.300	0.140
BPP_100_150_0.1_0.8_4.C	51	1.600	26.300	0.145
BPP_100_150_0.1_0.8_4.C	51	1.600	26.300	0.141
BPP_100_150_0.1_0.8_4.C	51	1.600	26.300	0.144
BPP_100_150_0.1_0.8_4.C	51	1.600	26.300	0.140
BPP_100_150_0.1_0.8_4.C	50	1.800	25.900	0.141
BPP_100_150_0.1_0.8_4.C	51	1.600	26.300	0.142
BPP_100_150_0.1_0.8_4.C	51	1.600	26.300	0.140
BPP_100_150_0.1_0.8_4.C	51	1.600	26.300	0.142
BPP_100_150_0.1_0.8_4.C	51	1.600	26.300	0.143
BPP_100_150_0.1_0.8_5.C	48	4.000	26.000	0.140
BPP_100_150_0.1_0.8_5.C	48	4.200	26.100	0.137
BPP_100_150_0.1_0.8_5.C	48	4.200	26.100	0.137
BPP_100_150_0.1_0.8_5.C	48	4.200	26.100	0.137
BPP_100_150_0.1_0.8_5.C	48	4.200	26.100	0.140
BPP_100_150_0.1_0.8_5.C	48	4.200	26.100	0.137
BPP_100_150_0.1_0.8_5.C	48	4.200	26.100	0.136
BPP_100_150_0.1_0.8_5.C	48	4.400	26.200	0.139
BPP_100_150_0.1_0.8_5.C	48	4.400	26.200	0.139
BPP_100_150_0.1_0.8_5.C	48	4.200	26.100	0.137
BPP_100_150_0.1_0.8_6.C	46	0.600	23.300	0.133
BPP_100_150_0.1_0.8_6.C	46	0.600	23.300	0.132
BPP_100_150_0.1_0.8_6.C	46	0.600	23.300	0.130
BPP_100_150_0.1_0.8_6.C	46	0.600	23.300	0.133
BPP_100_150_0.1_0.8_6.C	46	0.600	23.300	0.132
BPP_100_150_0.1_0.8_6.C	46	0.600	23.300	0.130
BPP_100_150_0.1_0.8_6.C	46	0.600	23.300	0.132
BPP_100_150_0.1_0.8_6.C	46	0.600	23.300	0.133
BPP_100_150_0.1_0.8_6.C	46	0.600	23.300	0.131
BPP_100_150_0.1_0.8_6.C	46	1.400	23.700	0.131
BPP_100_150_0.1_0.8_7.C	48	1.200	24.600	0.137
BPP_100_150_0.1_0.8_7.C	48	1.200	24.600	0.140
BPP_100_150_0.1_0.8_7.C	48	1.200	24.600	0.138
BPP_100_150_0.1_0.8_7.C	48	1.200	24.600	0.135
BPP_100_150_0.1_0.8_7.C	48	1.200	24.600	0.134
BPP_100_150_0.1_0.8_7.C	48	1.200	24.600	0.137
BPP_100_150_0.1_0.8_7.C	48	1.200	24.600	0.137
BPP_100_150_0.1_0.8_7.C	48	1.200	24.600	0.135
BPP_100_150_0.1_0.8_7.C	48	1.200	24.600	0.137
BPP_100_150_0.1_0.8_7.C	47	1.800	24.400	0.140
BPP_100_150_0.1_0.8_8.C	48	1.600	24.800	0.141
BPP_100_150_0.1_0.8_8.C	48	1.400	24.700	0.138
BPP_100_150_0.1_0.8_8.C	48	1.600	24.800	0.137
BPP_100_150_0.1_0.8_8.C	48	1.200	24.600	0.137
BPP_100_150_0.1_0.8_8.C	48	1.200	24.600	0.138
BPP_100_150_0.1_0.8_8.C	48	1.400	24.700	0.138
BPP_100_150_0.1_0.8_8.C	48	1.600	24.800	0.137
BPP_100_150_0.1_0.8_8.C	48	1.600	24.800	0.138
BPP_100_150_0.1_0.8_8.C	48	1.400	24.700	0.138
BPP_100_150_0.1_0.8_8.C	48	1.600	24.800	0.138
BPP_100_150_0.1_0.8_9.C	46	0.200	23.100	0.129
BPP_100_150_0.1_0.8_9.C	46	0.200	23.100	0.130
BPP_100_150_0.1_0.8_9.C	46	0.200	23.100	0.128
BPP_100_150_0.1_0.8_9.C	46	0.200	23.100	0.128
BPP_100_150_0.1_0.8_9.C	46	0.200	23.100	0.130
BPP_100_150_0.1_0.8_9.C	46	0.200	23.100	0.133
BPP_100_150_0.1_0.8_9.C	46	0.200	23.100	0.131
BPP_100_150_0.1_0.8_9.C	46	0.200	23.100	0.131
BPP_100_150_0.1_0.8_9.C	46	0.200	23.100	0.133
BPP_100_150_0.1_0.8_9.C	46	0.400	23.200	0.133
BPP_100_200_0.1_0.8_0.C	47	4.000	25.500	0.176
BPP_100_200_0.1_0.8_0.C	47	3.800	25.400	0.170
BPP_100_200_0.1_0.8_0.C	47	4.000	25.500	0.170
BPP_100_200_0.1_0.8_0.C	47	4.000	25.500	0.169
BPP_100_200_0.1_0.8_0.C	47	4.000	25.500	0.170
BPP_100_200_0.1_0.8_0.C	47	3.800	25.400	0.173
BPP_100_200_0.1_0.8_0.C	47	4.000	25.500	0.174
BPP_100_200_0.1_0.8_0.C	47	4.000	25.500	0.172
BPP_100_200_0.1_0.8_0.C	47	4.000	25.500	0.174
BPP_100_200_0.1_0.8_0.C	47	3.800	25.400	0.172
BPP_100_200_0.1_0.8_1.C	50	5.200	27.600	0.186
BPP_100_200_0.1_0.8_1.C	50	5.400	27.700	0.179
BPP_100_200_0.1_0.8_1.C	50	5.800	27.900	0.179
BPP_100_200_0.1_0.8_1.C	50	5.000	27.500	0.180
BPP_100_200_0.1_0.8_1.C	50	5.800	27.900	0.179
BPP_100_200_0.1_0.8_1.C	50	5.800	27.900	0.180
BPP_100_200_0.1_0.8_1.C	50	6.000	28.000	0.180
BPP_100_200_0.1_0.8_1.C	50	5.600	27.800	0.178
BPP_100_200_0.1_0.8_1.C	50	5.600	27.800	0.178
BPP_100_200_0.1_0.8_1.C	50	5.600	27.800	0.179
BPP_100_200_0.1_0.8_2.C	46	2.400	24.200	0.167
BPP_100_200_0.1_0.8_2.C	46	2.400	24.200	0.168
BPP_100_200_0.1_0.8_2.C	46	2.600	24.300	0.167
BPP_100_200_0.1_0.8_2.C	46	3.000	24.500	0.169
BPP_100_200_0.1_0.8_2.C	46	2.400	24.200	0.170
BPP_100_200_0.1_0.8_2.C	46	2.400	24.200	0.169
BPP_100_200_0.1_0.8_2.C	46	2.600	24.300	0.172
BPP_100_200_0.1_0.8_2.C	46	2.400	24.200	0.171
BPP_100_200_0.1_0.8_2.C	46	2.400	24.200	0.174
BPP_100_200_0.1_0.8_2.C	46	2.600	24.300	0.169
BPP_100_200_0.1_0.8_3.C	45	2.200	23.600	0.167
BPP_100_200_0.1_0.8_3.C	45	2.200	23.600	0.171
BPP_100_200_0.1_0.8_3.C	45	2.200	23.600	0.168
BPP_100_200_0.1_0.8_3.C	46	2.200	24.100	0.167
BPP_100_200_0.1_0.8_3.C	46	2.200	24.100	0.166
BPP_100_200_0.1_0.8_3.C	45	2.200	23.600	0.167
BPP_100_200_0.1_0.8_3.C	45	2.200	23.600	0.168
BPP_100_200_0.1_0.8_3.C	45	2.200	23.600	0.166
BPP_100_200_0.1_0.8_3.C	45	2.200	23.600	0.166
BPP_100_200_0.1_0.8_3.C	45	2.200	23.600	0.168
BPP_100_200_0.1_0.8_4.C	47	2.600	24.800	0.172
BPP_100_200_0.1_0.8_4.C	47	2.600	24.800	0.173
BPP_100_200_0.1_0.8_4.C	48	1.800	24.900	0.171
BPP_100_200_0.1_0.8_4.C	47	2.800	24.900	0.171
BPP_100_200_0.1_0.8_4.C	47	2.600	24.800	0.171
BPP_100_200_0.1_0.8_4.C	47	2.800	24.900	0.171
BPP_100_200_0.1_0.8_4.C	47	2.400	24.700	0.171
BPP_100_200_0.1_0.8_4.C	47	2.600	24.800	0.173
BPP_100_200_0.1_0.8_4.C	47	2.600	24.800	0.174
BPP_100_200_0.1_0.8_4.C	48	1.800	24.900	0.171
BPP_100_200_0.1_0.8_5.C	52	7.400	29.700	0.189
BPP_100_200_0.1_0.8_5.C	52	7.200	29.600	0.189
BPP_100_200_0.1_0.8_5.C	52	7.400	29.700	0.194
BPP_100_200_0.1_0.8_5.C	53	6.400	29.700	0.190
BPP_100_200_0.1_0.8_5.C	52	7.400	29.700	0.189
BPP_100_200_0.1_0.8_5.C	53	6.400	29.700	0.197
BPP_100_200_0.1_0.8_5.C	52	6.800	29.400	0.188
BPP_100_200_0.1_0.8_5.C	52	7.200	29.600	0.189
BPP_100_200_0.1_0.8_5.C	52	7.200	29.600	0.188
BPP_100_200_0.1_0.8_5.C	52	7.400	29.700	0.188
BPP_100_200_0.1_0.8_6.C	52	3.200	27.600	0.186
BPP_100_200_0.1_0.8_6.C	52	3.400	27.700	0.184
BPP_100_200_0.1_0.8_6.C	52	3.400	27.700	0.187
BPP_100_200_0.1_0.8_6.C	52	3.400	27.700	0.188
BPP_100_200_0.1_0.8_6.C	52	3.400	27.700	0.189
BPP_100_200_0.1_0.8_6.C	52	3.200	27.600	0.184
BPP_100_200_0.1_0.8_6.C	52	3.400	27.700	0.183
BPP_100_200_0.1_0.8_6.C	52	3.400	27.700	0.181
BPP_100_200_0.1_0.8_6.C	52	3.400	27.700	0.182
BPP_100_200_0.1_0.8_6.C	52	3.400	27.700	0.184
BPP_100_200_0.1_0.8_7.C	46	5.600	25.800	0.171
BPP_100_200_0.1_0.8_7.C	46	5.800	25.900	0.173
BPP_100_200_0.1_0.8_7.C	46	5.800	25.900	0.173
BPP_100_200_0.1_0.8_7.C	46	5.800	25.900	0.169
BPP_100_200_0.1_0.8_7.C	46	5.800	25.900	0.172
BPP_100_200_0.1_0.8_7.C	46	6.000	26.000	0.171
BPP_100_200_0.1_0.8_7.C	46	5.800	25.900	0.169
BPP_100_200_0.1_0.8_7.C	46	5.600	25.800	0.169
BPP_100_200_0.1_0.8_7.C	46	5.800	25.900	0.172
BPP_100_200_0.1_0.8_7.C	46	5.800	25.900	0.168
BPP_100_200_0.1_0.8_8.C	52	2.800	27.400	0.187
BPP_100_200_0.1_0.8_8.C	52	3.600	27.800	0.190
BPP_100_200_0.1_0.8_8.C	52	3.600	27.800	0.188
BPP_100_200_0.1_0.8_8.C	52	2.800	27.400	0.188
BPP_100_200_0.1_0.8_8.C	53	2.800	27.900	0.186
BPP_100_200_0.1_0.8_8.C	52	3.200	27.600	0.190
BPP_100_200_0.1_0.8_8.C	52	2.800	27.400	0.191
BPP_100_200_0.1_0.8_8.C	52	2.800	27.400	0.189
BPP_100_200_0.1_0.8_8.C	52	2.800	27.400	0.187
BPP_100_200_0.1_0.8_8.C	52	3.600	27.800	0.191
BPP_100_200_0.1_0.8_9.C	58	4.800	31.400	0.201
BPP_100_200_0.1_0.8_9.C	58	4.800	31.400	0.199
BPP_100_200_0.1_0.8_9.C	58	4.800	31.400	0.201
BPP_100_200_0.1_0.8_9.C	58	4.800	31.400	0.198
BPP_100_200_0.1_0.8_9.C	58	4.600	31.300	0.198
BPP_100_200_0.1_0.8_9.C	57	5.000	31.000	0.199
BPP_100_200_0.1_0.8_9.C	58	4.600	31.300	0.197
BPP_100_200_0.1_0.8_9.C	58	4.800	31.400	0.198
BPP_100_200_0.1_0.8_9.C	58	4.800	31.400	0.191
BPP_100_200_0.1_0.8_9.C	57	4.800	30.900	0.191
BPP_100_300_0.1_0.8_0.C	46	2.400	24.200	0.266
BPP_100_300_0.1_0.8_0.C	46	2.200	24.100	0.264
BPP_100_300_0.1_0.8_0.C	46	2.200	24.100	0.272
BPP_100_300_0.1_0.8_0.C	46	2.600	24.300	0.268
BPP_100_300_0.1_0.8_0.C	46	2.400	24.200	0.269
BPP_100_300_0.1_0.8_0.C	46	2.400	24.200	0.269
BPP_100_300_0.1_0.8_0.C	46	2.600	24.300	0.275
BPP_100_300_0.1_0.8_0.C	46	2.800	24.400	0.273
BPP_100_300_0.1_0.8_0.C	46	2.800	24.400	0.270
BPP_100_300_0.1_0.8_0.C	46	2.800	24.400	0.272
BPP_100_300_0.1_0.8_1.C	44	2.400	23.200	0.258
BPP_100_300_0.1_0.8_1.C	44	2.600	23.300	0.255
BPP_100_300_0.1_0.8_1.C	44	2.600	23.300	0.255
BPP_100_300_0.1_0.8_1.C	44	2.600	23.300	0.254
BPP_100_300_0.1_0.8_1.C	43	2.800	22.900	0.255
BPP_100_300_0.1_0.8_1.C	44	2.600	23.300	0.256
BPP_100_300_0.1_0.8_1.C	44	2.600	23.300	0.251
BPP_100_300_0.1_0.8_1.C	44	2.600	23.300	0.258
BPP_100_300_0.1_0.8_1.C	44	2.400	23.200	0.250
BPP_100_300_0.1_0.8_1.C	44	2.400	23.200	0.255
BPP_100_300_0.1_0.8_2.C	47	6.400	26.700	0.275
BPP_100_300_0.1_0.8_2.C	47	6.200	26.600	0.272
BPP_100_300_0.1_0.8_2.C	47	6.400	26.700	0.272
BPP_100_300_0.1_0.8_2.C	47	6.200	26.600	0.275
BPP_100_300_0.1_0.8_2.C	47	6.200	26.600	0.289
BPP_100_300_0.1_0.8_2.C	47	6.200	26.600	0.272
BPP_100_300_0.1_0.8_2.C	47	6.600	26.800	0.268
BPP_100_300_0.1_0.8_2.C	47	6.400	26.700	0.275
BPP_100_300_0.1_0.8_2.C	47	6.200	26.600	0.287
BPP_100_300_0.1_0.8_2.C	47	6.600	26.800	0.267
BPP_100_300_0.1_0.8_3.C	50	8.600	29.300	0.284
BPP_100_300_0.1_0.8_3.C	51	7.800	29.400	0.286
BPP_100_300_0.1_0.8_3.C	51	7.600	29.300	0.282
BPP_100_300_0.1_0.8_3.C	51	7.800	29.400	0.285
BPP_100_300_0.1_0.8_3.C	50	8.600	29.300	0.293
BPP_100_300_0.1_0.8_3.C	50	8.800	29.400	0.284
BPP_100_300_0.1_0.8_3.C	51	7.600	29.300	0.285
BPP_100_300_0.1_0.8_3.C	51	7.600	29.300	0.286
BPP_100_300_0.1_0.8_3.C	51	8.000	29.500	0.289
BPP_100_300_0.1_0.8_3.C	50	8.200	29.100	0.283
BPP_100_300_0.1_0.8_4.C	44	3.200	23.600	0.255
BPP_100_300_0.1_0.8_4.C	44	3.000	23.500	0.270
BPP_100_300_0.1_0.8_4.C	44	3.200	23.600	0.255
BPP_100_300_0.1_0.8_4.C	44	3.200	23.600	0.254
BPP_100_300_0.1_0.8_4.C	44	3.000	23.500	0.262
BPP_100_300_0.1_0.8_4.C	44	3.200	23.600	0.255
BPP_100_300_0.1_0.8_4.C	44	3.200	23.600	0.264
BPP_100_300_0.1_0.8_4.C	44	3.400	23.700	0.256
BPP_100_300_0.1_0.8_4.C	44	3.000	23.500	0.254
BPP_100_300_0.1_0.8_4.C	44	3.000	23.500	0.255
BPP_100_300_0.1_0.8_5.C	53	3.000	28.000	0.291
BPP_100_300_0.1_0.8_5.C	53	2.400	27.700	0.296
BPP_100_300_0.1_0.8_5.C	53	2.400	27.700	0.292
BPP_100_300_0.1_0.8_5.C	53	2.800	27.900	0.295
BPP_100_300_0.1_0.8_5.C	53	3.000	28.000	0.294
BPP_100_300_0.1_0.8_5.C	53	3.000	28.000	0.294
BPP_100_300_0.1_0.8_5.C	53	2.400	27.700	0.298
BPP_100_300_0.1_0.8_5.C	53	3.200	28.100	0.291
BPP_100_300_0.1_0.8_5.C	53	2.400	27.700	0.303
BPP_100_300_0.1_0.8_5.C	53	3.200	28.100	0.294
BPP_100_300_0.1_0.8_6.C	44	2.000	23.000	0.252
BPP_100_300_0.1_0.8_6.C	44	1.800	22.900	0.253
BPP_100_300_0.1_0.8_6.C	44	1.800	22.900	0.259
BPP_100_300_0.1_0.8_6.C	44	2.200	23.100	0.277
BPP_100_300_0.1_0.8_6.C	44	2.200	23.100	0.254
BPP_100_300_0.1_0.8_6.C	44	1.800	22.900	0.279
BPP_100_300_0.1_0.8_6.C	44	1.800	22.900	0.256
BPP_100_300_0.1_0.8_6.C	44	2.000	23.000	0.263
BPP_100_300_0.1_0.8_6.C	44	1.800	22.900	0.253
BPP_100_300_0.1_0.8_6.C	44	2.000	23.000	0.254
BPP_100_300_0.1_0.8_7.C	50	3.600	26.800	0.288
BPP_100_300_0.1_0.8_7.C	50	4.000	27.000	0.285
BPP_100_300_0.1_0.8_7.C	51	3.200	27.100	0.287
BPP_100_300_0.1_0.8_7.C	50	3.200	26.600	0.302
BPP_100_300_0.1_0.8_7.C	50	3.200	26.600	0.284
BPP_100_300_0.1_0.8_7.C	51	3.200	27.100	0.286
BPP_100_300_0.1_0.8_7.C	51	3.200	27.100	0.282
BPP_100_300_0.1_0.8_7.C	50	3.400	26.700	0.283
BPP_100_300_0.1_0.8_7.C	50	3.200	26.600	0.291
BPP_100_300_0.1_0.8_7.C	51	3.400	27.200	0.303
BPP_100_300_0.1_0.8_8.C	47	1.800	24.400	0.274
BPP_100_300_0.1_0.8_8.C	47	1.600	24.300	0.268
BPP_100_300_0.1_0.8_8.C	48	1.000	24.500	0.267
BPP_100_300_0.1_0.8_8.C	47	2.000	24.500	0.270
BPP_100_300_0.1_0.8_8.C	48	1.000	24.500	0.266
BPP_100_300_0.1_0.8_8.C	48	1.000	24.500	0.268
BPP_100_300_0.1_0.8_8.C	48	0.800	24.400	0.269
BPP_100_300_0.1_0.8_8.C	48	1.000	24.500	0.270
BPP_100_300_0.1_0.8_8.C	48	1.000	24.500	0.271
BPP_100_300_0.1_0.8_8.C	47	1.400	24.200	0.272
BPP_100_300_0.1_0.8_9.C	47	0.400	23.700	0.273
BPP_100_300_0.1_0.8_9.C	47	0.400	23.700	0.274
BPP_100_300_0.1_0.8_9.C	47	0.400	23.700	0.271
BPP_100_300_0.1_0.8_9.C	47	0.400	23.700	0.273
BPP_100_300_0.1_0.8_9.C	47	0.400	23.700	0.272
BPP_100_300_0.1_0.8_9.C	47	0.400	23.700	0.271
BPP_100_300_0.1_0.8_9.C	47	0.400	23.700	0.270
BPP_100_300_0.1_0.8_9.C	47	0.400	23.700	0.272
BPP_100_300_0.1_0.8_9.C	47	0.400	23.700	0.271
BPP_100_300_0.1_0.8_9.C	47	0.600	23.800	0.296
BPP_100_400_0.1_0.8_0.C	46	2.800	24.400	0.373
BPP_100_400_0.1_0.8_0.C	46	2.400	24.200	0.370
BPP_100_400_0.1_0.8_0.C	46	2.400	24.200	0.372
BPP_100_400_0.1_0.8_0.C	46	2.400	24.200	0.372
BPP_100_400_0.1_0.8_0.C	46	2.800	24.400	0.368
BPP_100_400_0.1_0.8_0.C	46	2.800	24.400	0.372
BPP_100_400_0.1_0.8_0.C	46	3.000	24.500	0.369
BPP_100_400_0.1_0.8_0.C	46	2.600	24.300	0.385
BPP_100_400_0.1_0.8_0.C	46	2.000	24.000	0.370
BPP_100_400_0.1_0.8_0.C	46	2.400	24.200	0.371
BPP_100_400_0.1_0.8_1.C	46	3.600	24.800	0.385
BPP_100_400_0.1_0.8_1.C	46	3.600	24.800	0.384
BPP_100_400_0.1_0.8_1.C	46	3.400	24.700	0.385
BPP_100_400_0.1_0.8_1.C	46	3.800	24.900	0.448
BPP_100_400_0.1_0.8_1.C	46	3.400	24.700	0.387
BPP_100_400_0.1_0.8_1.C	46	3.600	24.800	0.387
BPP_100_400_0.1_0.8_1.C	46	3.400	24.700	0.390
BPP_100_400_0.1_0.8_1.C	46	3.400	24.700	0.387
BPP_100_400_0.1_0.8_1.C	46	3.200	24.600	0.383
BPP_100_400_0.1_0.8_1.C	46	3.400	24.700	0.383
BPP_100_400_0.1_0.8_2.C	48	2.400	25.200	0.391
BPP_100_400_0.1_0.8_2.C	48	2.400	25.200	0.389
BPP_100_400_0.1_0.8_2.C	48	2.400	25.200	0.388
BPP_100_400_0.1_0.8_2.C	48	2.400	25.200	0.388
BPP_100_400_0.1_0.8_2.C	48	2.400	25.200	0.390
BPP_100_400_0.1_0.8_2.C	48	2.400	25.200	0.389
BPP_100_400_0.1_0.8_2.C	48	2.400	25.200	0.387
BPP_100_400_0.1_0.8_2.C	48	2.400	25.200	0.387
BPP_100_400_0.1_0.8_2.C	48	2.400	25.200	0.388
BPP_100_400_0.1_0.8_2.C	48	2.400	25.200	0.387
BPP_100_400_0.1_0.8_3.C	49	2.400	25.700	0.393
BPP_100_400_0.1_0.8_3.C	49	2.400	25.700	0.390
BPP_100_400_0.1_0.8_3.C	49	2.400	25.700	0.383
BPP_100_400_0.1_0.8_3.C	49	2.400	25.700	0.391
BPP_100_400_0.1_0.8_3.C	49	2.400	25.700	0.392
BPP_100_400_0.1_0.8_3.C	49	2.400	25.700	0.386
BPP_100_400_0.1_0.8_3.C	49	2.400	25.700	0.388
BPP_100_400_0.1_0.8_3.C	49	2.400	25.700	0.390
BPP_100_400_0.1_0.8_3.C	49	2.400	25.700	0.424
BPP_100_400_0.1_0.8_3.C	49	2.400	25.700	0.411
BPP_100_400_0.1_0.8_4.C	49	1.400	25.200	0.389
BPP_100_400_0.1_0.8_4.C	49	1.400	25.200	0.390
BPP_100_400_0.1_0.8_4.C	48	1.800	24.900	0.390
BPP_100_400_0.1_0.8_4.C	48	1.400	24.700	0.394
BPP_100_400_0.1_0.8_4.C	48	1.400	24.700	0.391
BPP_100_400_0.1_0.8_4.C	48	1.400	24.700	0.393
BPP_100_400_0.1_0.8_4.C	48	1.400	24.700	0.397
BPP_100_400_0.1_0.8_4.C	48	1.600	24.800	0.390
BPP_100_400_0.1_0.8_4.C	48	1.600	24.800	0.395
BPP_100_400_0.1_0.8_4.C	48	1.600	24.800	0.390
BPP_100_400_0.1_0.8_5.C	46	1.400	23.700	0.413
BPP_100_400_0.1_0.8_5.C	46	1.400	23.700	0.413
BPP_100_400_0.1_0.8_5.C	46	1.400	23.700	0.428
BPP_100_400_0.1_0.8_5.C	46	1.400	23.700	0.391
BPP_100_400_0.1_0.8_5.C	46	1.400	23.700	0.382
BPP_100_400_0.1_0.8_5.C	46	1.400	23.700	0.381
BPP_100_400_0.1_0.8_5.C	46	1.400	23.700	0.403
BPP_100_400_0.1_0.8_5.C	46	1.400	23.700	0.433
BPP_100_400_0.1_0.8_5.C	46	1.400	23.700	0.421
BPP_100_400_0.1_0.8_5.C	46	1.400	23.700	0.373
BPP_100_400_0.1_0.8_6.C	49	1.000	25.000	0.439
BPP_100_400_0.1_0.8_6.C	50	0.400	25.200	0.395
BPP_100_400_0.1_0.8_6.C	49	0.400	24.700	0.393
BPP_100_400_0.1_0.8_6.C	49	0.600	24.800	0.410
BPP_100_400_0.1_0.8_6.C	49	1.200	25.100	0.413
BPP_100_400_0.1_0.8_6.C	49	0.400	24.700	0.392
BPP_100_400_0.1_0.8_6.C	49	0.400	24.700	0.407
BPP_100_400_0.1_0.8_6.C	49	0.400	24.700	0.391
BPP_100_400_0.1_0.8_6.C	49	0.400	24.700	0.420
BPP_100_400_0.1_0.8_6.C	49	0.400	24.700	0.460
BPP_100_400_0.1_0.8_7.C	48	1.600	24.800	0.396
BPP_100_400_0.1_0.8_7.C	48	1.400	24.700	0.418
BPP_100_400_0.1_0.8_7.C	48	1.400	24.700	0.393
BPP_100_400_0.1_0.8_7.C	48	1.400	24.700	0.392
BPP_100_400_0.1_0.8_7.C	48	1.400	24.700	0.410
BPP_100_400_0.1_0.8_7.C	48	1.400	24.700	0.401
BPP_100_400_0.1_0.8_7.C	48	1.400	24.700	0.397
BPP_100_400_0.1_0.8_7.C	48	1.800	24.900	0.392
BPP_100_400_0.1_0.8_7.C	48	1.600	24.800	0.390
BPP_100_400_0.1_0.8_7.C	48	1.400	24.700	0.398
BPP_100_400_0.1_0.8_8.C	49	5.400	27.200	0.402
BPP_100_400_0.1_0.8_8.C	49	5.200	27.100	0.406
BPP_100_400_0.1_0.8_8.C	49	5.200	27.100	0.392
BPP_100_400_0.1_0.8_8.C	49	5.200	27.100	0.524
BPP_100_400_0.1_0.8_8.C	48	6.000	27.000	0.424
BPP_100_400_0.1_0.8_8.C	49	5.600	27.300	0.394
BPP_100_400_0.1_0.8_8.C	49	5.200	27.100	0.407
BPP_100_400_0.1_0.8_8.C	49	5.200	27.100	0.413
BPP_100_400_0.1_0.8_8.C	49	5.400	27.200	0.409
BPP_100_400_0.1_0.8_8.C	48	5.600	26.800	0.392
BPP_100_400_0.1_0.8_9.C	49	2.200	25.600	0.420
BPP_100_400_0.1_0.8_9.C	49	2.200	25.600	0.402
BPP_100_400_0.1_0.8_9.C	49	2.200	25.600	0.403
BPP_100_400_0.1_0.8_9.C	49	2.200	25.600	0.418
BPP_100_400_0.1_0.8_9.C	49	2.400	25.700	0.404
BPP_100_400_0.1_0.8_9.C	49	2.000	25.500	0.399
BPP_100_400_0.1_0.8_9.C	49	2.400	25.700	0.400
BPP_100_400_0.1_0.8_9.C	49	2.200	25.600	0.389
BPP_100_400_0.1_0.8_9.C	49	2.600	25.800	0.398
BPP_100_400_0.1_0.8_9.C	49	2.200	25.600	0.415
BPP_100_500_0.1_0.8_0.C	44	3.800	23.900	0.465
BPP_100_500_0.1_0.8_0.C	44	3.800	23.900	0.419
BPP_100_500_0.1_0.8_0.C	44	3.800	23.900	0.439
BPP_100_500_0.1_0.8_0.C	44	3.800	23.900	0.397
BPP_100_500_0.1_0.8_0.C	44	4.000	24.000	0.399
BPP_100_500_0.1_0.8_0.C	44	4.000	24.000	0.411
BPP_100_500_0.1_0.8_0.C	44	3.800	23.900	0.414
BPP_100_500_0.1_0.8_0.C	44	3.800	23.900	0.397
BPP_100_500_0.1_0.8_0.C	44	4.000	24.000	0.401
BPP_100_500_0.1_0.8_0.C	44	3.800	23.900	0.409
BPP_100_500_0.1_0.8_1.C	50	1.600	25.800	0.488
BPP_100_500_0.1_0.8_1.C	50	1.600	25.800	0.450
BPP_100_500_0.1_0.8_1.C	50	1.600	25.800	0.510
BPP_100_500_0.1_0.8_1.C	50	1.600	25.800	0.590
BPP_100_500_0.1_0.8_1.C	50	1.600	25.800	0.731
BPP_100_500_0.1_0.8_1.C	50	1.600	25.800	0.442
BPP_100_500_0.1_0.8_1.C	50	1.400	25.700	0.452
BPP_100_500_0.1_0.8_1.C	50	1.600	25.800	0.538
BPP_100_500_0.1_0.8_1.C	50	1.600	25.800	0.505
BPP_100_500_0.1_0.8_1.C	50	1.600	25.800	0.527
BPP_100_500_0.1_0.8_2.C	47	0.200	23.600	0.432
BPP_100_500_0.1_0.8_2.C	47	0.200	23.600	0.424
BPP_100_500_0.1_0.8_2.C	47	0.200	23.600	0.425
BPP_100_500_0.1_0.8_2.C	47	0.400	23.700	0.425
BPP_100_500_0.1_0.8_2.C	47	0.200	23.600	0.443
BPP_100_500_0.1_0.8_2.C	47	0.400	23.700	0.451
BPP_100_500_0.1_0.8_2.C	47	0.200	23.600	0.488
BPP_100_500_0.1_0.8_2.C	47	0.400	23.700	0.470
BPP_100_500_0.1_0.8_2.C	47	0.200	23.600	0.758
BPP_100_500_0.1_0.8_2.C	47	0.200	23.600	0.437
BPP_100_500_0.1_0.8_3.C	50	11.200	30.600	0.450
BPP_100_500_0.1_0.8_3.C	50	11.000	30.500	0.451
BPP_100_500_0.1_0.8_3.C	50	11.400	30.700	0.458
BPP_100_500_0.1_0.8_3.C	50	11.800	30.900	0.451
BPP_100_500_0.1_0.8_3.C	51	10.600	30.800	0.455
BPP_100_500_0.1_0.8_3.C	51	10.600	30.800	0.451
BPP_100_500_0.1_0.8_3.C	51	10.600	30.800	0.454
BPP_100_500_0.1_0.8_3.C	51	10.600	30.800	0.456
BPP_100_500_0.1_0.8_3.C	51	10.800	30.900	0.452
BPP_100_500_0.1_0.8_3.C	51	10.600	30.800	0.455
BPP_100_500_0.1_0.8_4.C	48	7.400	27.700	0.443
BPP_100_500_0.1_0.8_4.C	48	7.800	27.900	0.435
BPP_100_500_0.1_0.8_4.C	48	7.400	27.700	0.445
BPP_100_500_0.1_0.8_4.C	48	7.400	27.700	0.436
BPP_100_500_0.1_0.8_4.C	48	6.800	27.400	0.468
BPP_100_500_0.1_0.8_4.C	48	7.400	27.700	0.437
BPP_100_500_0.1_0.8_4.C	48	7.400	27.700	0.437
BPP_100_500_0.1_0.8_4.C	48	7.400	27.700	0.455
BPP_100_500_0.1_0.8_4.C	48	7.400	27.700	0.439
BPP_100_500_0.1_0.8_4.C	48	7.000	27.500	0.492
BPP_100_500_0.1_0.8_5.C	54	1.000	27.500	0.481
BPP_100_500_0.1_0.8_5.C	54	1.000	27.500	0.479
BPP_100_500_0.1_0.8_5.C	54	1.000	27.500	0.614
BPP_100_500_0.1_0.8_5.C	54	1.000	27.500	0.479
BPP_100_500_0.1_0.8_5.C	54	1.000	27.500	0.482
BPP_100_500_0.1_0.8_5.C	54	1.800	27.900	0.490
BPP_100_500_0.1_0.8_5.C	54	1.000	27.500	0.484
BPP_100_500_0.1_0.8_5.C	54	1.000	27.500	0.504
BPP_100_500_0.1_0.8_5.C	54	1.000	27.500	0.542
BPP_100_500_0.1_0.8_5.C	54	1.000	27.500	0.519
BPP_100_500_0.1_0.8_6.C	49	3.200	26.100	0.535
BPP_100_500_0.1_0.8_6.C	50	2.000	26.000	0.477
BPP_100_500_0.1_0.8_6.C	50	2.000	26.000	0.538
BPP_100_500_0.1_0.8_6.C	49	2.600	25.800	0.465
BPP_100_500_0.1_0.8_6.C	49	2.400	25.700	0.441
BPP_100_500_0.1_0.8_6.C	50	2.400	26.200	0.441
BPP_100_500_0.1_0.8_6.C	50	2.200	26.100	0.447
BPP_100_500_0.1_0.8_6.C	50	2.400	26.200	0.439
BPP_100_500_0.1_0.8_6.C	49	2.600	25.800	0.444
BPP_100_500_0.1_0.8_6.C	50	2.400	26.200	0.448
BPP_100_500_0.1_0.8_7.C	50	3.000	26.500	0.528
BPP_100_500_0.1_0.8_7.C	49	3.800	26.400	0.474
BPP_100_500_0.1_0.8_7.C	50	3.000	26.500	0.539
BPP_100_500_0.1_0.8_7.C	50	3.000	26.500	0.491
BPP_100_500_0.1_0.8_7.C	50	3.600	26.800	0.503
BPP_100_500_0.1_0.8_7.C	49	3.800	26.400	0.568
BPP_100_500_0.1_0.8_7.C	50	3.600	26.800	0.784
BPP_100_500_0.1_0.8_7.C	50	3.000	26.500	0.467
BPP_100_500_0.1_0.8_7.C	50	3.000	26.500	0.441
BPP_100_500_0.1_0.8_7.C	50	3.000	26.500	0.439
BPP_100_500_0.1_0.8_8.C	48	3.000	25.500	0.459
BPP_100_500_0.1_0.8_8.C	48	2.800	25.400	0.434
BPP_100_500_0.1_0.8_8.C	48	2.600	25.300	0.441
BPP_100_500_0.1_0.8_8.C	48	2.600	25.300	0.428
BPP_100_500_0.1_0.8_8.C	48	2.600	25.300	0.577
BPP_100_500_0.1_0.8_8.C	48	2.600	25.300	0.510
BPP_100_500_0.1_0.8_8.C	48	2.800	25.400	0.562
BPP_100_500_0.1_0.8_8.C	48	2.600	25.300	0.675
BPP_100_500_0.1_0.8_8.C	48	2.600	25.300	0.439
BPP_100_500_0.1_0.8_8.C	48	2.600	25.300	0.459
BPP_100_500_0.1_0.8_9.C	46	4.400	25.200	0.424
BPP_100_500_0.1_0.8_9.C	46	4.400	25.200	0.460
BPP_100_500_0.1_0.8_9.C	47	3.600	25.300	0.437
BPP_100_500_0.1_0.8_9.C	47	3.600	25.300	0.430
BPP_100_500_0.1_0.8_9.C	47	3.800	25.400	0.432
BPP_100_500_0.1_0.8_9.C	46	4.000	25.000	0.442
BPP_100_500_0.1_0.8_9.C	47	3.600	25.300	0.428
BPP_100_500_0.1_0.8_9.C	47	3.600	25.300	0.426
BPP_100_500_0.1_0.8_9.C	46	4.400	25.200	0.433
BPP_100_500_0.1_0.8_9.C	47	3.600	25.300	0.423
BPP_100_50_0.1_0.8_0.C	44	0.600	22.300	0.044
BPP_100_50_0.1_0.8_0.C	44	0.400	22.200	0.045
BPP_100_50_0.1_0.8_0.C	44	0.400	22.200	0.045
BPP_100_50_0.1_0.8_0.C	44	0.600	22.300	0.046
BPP_100_50_0.1_0.8_0.C	44	0.600	22.300	0.045
BPP_100_50_0.1_0.8_0.C	44	0.600	22.300	0.043
BPP_100_50_0.1_0.8_0.C	44	0.400	22.200	0.044
BPP_100_50_0.1_0.8_0.C	44	0.600	22.300	0.044
BPP_100_50_0.1_0.8_0.C	44	0.600	22.300	0.047
BPP_100_50_0.1_0.8_0.C	44	0.400	22.200	0.045
BPP_100_50_0.1_0.8_1.C	45	3.600	24.300	0.047
BPP_100_50_0.1_0.8_1.C	45	3.800	24.400	0.046
BPP_100_50_0.1_0.8_1.C	45	4.000	24.500	0.047
BPP_100_50_0.1_0.8_1.C	45	3.800	24.400	0.046
BPP_100_50_0.1_0.8_1.C	45	3.600	24.300	0.050
BPP_100_50_0.1_0.8_1.C	45	3.800	24.400	0.046
BPP_100_50_0.1_0.8_1.C	45	4.000	24.500	0.047
BPP_100_50_0.1_0.8_1.C	45	3.800	24.400	0.048
BPP_100_50_0.1_0.8_1.C	45	3.600	24.300	0.052
BPP_100_50_0.1_0.8_1.C	45	3.800	24.400	0.047
BPP_100_50_0.1_0.8_2.C	51	6.600	28.800	0.049
BPP_100_50_0.1_0.8_2.C	51	6.600	28.800	0.050
BPP_100_50_0.1_0.8_2.C	51	6.200	28.600	0.049
BPP_100_50_0.1_0.8_2.C	51	6.400	28.700	0.050
BPP_100_50_0.1_0.8_2.C	51	6.600	28.800	0.049
BPP_100_50_0.1_0.8_2.C	51	6.600	28.800	0.054
BPP_100_50_0.1_0.8_2.C	51	6.400	28.700	0.051
BPP_100_50_0.1_0.8_2.C	51	6.400	28.700	0.055
BPP_100_50_0.1_0.8_2.C	51	6.400	28.700	0.050
BPP_100_50_0.1_0.8_2.C	51	6.400	28.700	0.054
BPP_100_50_0.1_0.8_3.C	47	4.200	25.600	0.048
BPP_100_50_0.1_0.8_3.C	47	4.000	25.500	0.046
BPP_100_50_0.1_0.8_3.C	48	3.600	25.800	0.046
BPP_100_50_0.1_0.8_3.C	48	3.400	25.700	0.049
BPP_100_50_0.1_0.8_3.C	48	3.600	25.800	0.048
BPP_100_50_0.1_0.8_3.C	48	3.400	25.700	0.048
BPP_100_50_0.1_0.8_3.C	47	3.800	25.400	0.049
BPP_100_50_0.1_0.8_3.C	47	4.600	25.800	0.048
BPP_100_50_0.1_0.8_3.C	48	3.800	25.900	0.048
BPP_100_50_0.1_0.8_3.C	48	3.600	25.800	0.047
BPP_100_50_0.1_0.8_4.C	43	1.400	22.200	0.045
BPP_100_50_0.1_0.8_4.C	43	1.400	22.200	0.045
BPP_100_50_0.1_0.8_4.C	43	1.400	22.200	0.043
BPP_100_50_0.1_0.8_4.C	43	1.400	22.200	0.046
BPP_100_50_0.1_0.8_4.C	43	1.400	22.200	0.046
BPP_100_50_0.1_0.8_4.C	43	1.400	22.200	0.045
BPP_100_50_0.1_0.8_4.C	43	1.400	22.200	0.044
BPP_100_50_0.1_0.8_4.C	43	1.400	22.200	0.046
BPP_100_50_0.1_0.8_4.C	43	1.400	22.200	0.048
BPP_100_50_0.1_0.8_4.C	43	1.400	22.200	0.045
BPP_100_50_0.1_0.8_5.C	43	1.600	22.300	0.046
BPP_100_50_0.1_0.8_5.C	43	1.600	22.300	0.043
BPP_100_50_0.1_0.8_5.C	43	1.600	22.300	0.046
BPP_100_50_0.1_0.8_5.C	43	1.400	22.200	0.044
BPP_100_50_0.1_0.8_5.C	43	1.600	22.300	0.046
BPP_100_50_0.1_0.8_5.C	43	1.600	22.300	0.045
BPP_100_50_0.1_0.8_5.C	43	1.600	22.300	0.046
BPP_100_50_0.1_0.8_5.C	43	1.400	22.200	0.045
BPP_100_50_0.1_0.8_5.C	43	1.400	22.200	0.043
BPP_100_50_0.1_0.8_5.C	43	1.600	22.300	0.044
BPP_100_50_0.1_0.8_6.C	45	1.400	23.200	0.048
BPP_100_50_0.1_0.8_6.C	45	1.400	23.200	0.049
BPP_100_50_0.1_0.8_6.C	45	1.400	23.200	0.047
BPP_100_50_0.1_0.8_6.C	45	1.400	23.200	0.048
BPP_100_50_0.1_0.8_6.C	45	1.400	23.200	0.046
BPP_100_50_0.1_0.8_6.C	45	1.400	23.200	0.048
BPP_100_50_0.1_0.8_6.C	45	1.400	23.200	0.049
BPP_100_50_0.1_0.8_6.C	45	1.400	23.200	0.046
BPP_100_50_0.1_0.8_6.C	45	1.400	23.200	0.048
BPP_100_50_0.1_0.8_6.C	45	1.400	23.200	0.047
BPP_100_50_0.1_0.8_7.C	47	1.400	24.200	0.048
BPP_100_50_0.1_0.8_7.C	47	1.400	24.200	0.048
BPP_100_50_0.1_0.8_7.C	47	1.400	24.200	0.048
BPP_100_50_0.1_0.8_7.C	47	1.400	24.200	0.047
BPP_100_50_0.1_0.8_7.C	47	1.400	24.200	0.047
BPP_100_50_0.1_0.8_7.C	47	1.400	24.200	0.048
BPP_100_50_0.1_0.8_7.C	47	1.400	24.200	0.047
BPP_100_50_0.1_0.8_7.C	47	1.400	24.200	0.048
BPP_100_50_0.1_0.8_7.C	47	1.400	24.200	0.051
BPP_100_50_0.1_0.8_7.C	47	1.400	24.200	0.046
BPP_100_50_0.1_0.8_8.C	48	3.200	25.600	0.048
BPP_100_50_0.1_0.8_8.C	48	3.200	25.600	0.050
BPP_100_50_0.1_0.8_8.C	48	3.600	25.800	0.049
BPP_100_50_0.1_0.8_8.C	48	3.800	25.900	0.049
BPP_100_50_0.1_0.8_8.C	48	3.800	25.900	0.051
BPP_100_50_0.1_0.8_8.C	49	3.000	26.000	0.051
BPP_100_50_0.1_0.8_8.C	48	3.200	25.600	0.049
BPP_100_50_0.1_0.8_8.C	48	3.800	25.900	0.049
BPP_100_50_0.1_0.8_8.C	48	3.600	25.800	0.049
BPP_100_50_0.1_0.8_8.C	48	3.200	25.600	0.049
BPP_100_50_0.1_0.8_9.C	47	4.800	25.900	0.048
BPP_100_50_0.1_0.8_9.C	47	5.000	26.000	0.046
BPP_100_50_0.1_0.8_9.C	47	4.600	25.800	0.047
BPP_100_50_0.1_0.8_9.C	47	4.800	25.900	0.046
BPP_100_50_0.1_0.8_9.C	47	5.000	26.000	0.048
BPP_100_50_0.1_0.8_9.C	47	5.000	26.000	0.048
BPP_100_50_0.1_0.8_9.C	47	4.800	25.900	0.047
BPP_100_50_0.1_0.8_9.C	47	5.000	26.000	0.049
BPP_100_50_0.1_0.8_9.C	47	4.600	25.800	0.049
BPP_100_50_0.1_0.8_9.C	47	5.000	26.000	0.048
BPP_100_750_0.1_0.8_0.C	45	2.000	23.500	0.607
BPP_100_750_0.1_0.8_0.C	45	2.800	23.900	0.611
BPP_100_750_0.1_0.8_0.C	45	2.000	23.500	0.601
BPP_100_750_0.1_0.8_0.C	45	2.200	23.600	0.635
BPP_100_750_0.1_0.8_0.C	46	2.000	24.000	0.607
BPP_100_750_0.1_0.8_0.C	45	2.400	23.700	0.634
BPP_100_750_0.1_0.8_0.C	46	2.000	24.000	0.613
BPP_100_750_0.1_0.8_0.C	46	2.000	24.000	0.608
BPP_100_750_0.1_0.8_0.C	46	2.000	24.000	0.607
BPP_100_750_0.1_0.8_0.C	45	2.200	23.600	0.608
BPP_100_750_0.1_0.8_1.C	45	2.000	23.500	0.594
BPP_100_750_0.1_0.8_1.C	45	2.600	23.800	0.601
BPP_100_750_0.1_0.8_1.C	45	2.000	23.500	0.605
BPP_100_750_0.1_0.8_1.C	45	2.000	23.500	0.603
BPP_100_750_0.1_0.8_1.C	45	2.000	23.500	0.601
BPP_100_750_0.1_0.8_1.C	45	2.000	23.500	0.606
BPP_100_750_0.1_0.8_1.C	45	2.000	23.500	0.597
BPP_100_750_0.1_0.8_1.C	45	2.000	23.500	0.609
BPP_100_750_0.1_0.8_1.C	45	2.200	23.600	0.602
BPP_100_750_0.1_0.8_1.C	45	2.000	23.500	0.600
BPP_100_750_0.1_0.8_2.C	45	2.000	23.500	0.601
BPP_100_750_0.1_0.8_2.C	45	2.000	23.500	0.603
BPP_100_750_0.1_0.8_2.C	45	2.000	23.500	0.649
BPP_100_750_0.1_0.8_2.C	45	2.000	23.500	0.677
BPP_100_750_0.1_0.8_2.C	45	2.000	23.500	0.606
BPP_100_750_0.1_0.8_2.C	45	2.000	23.500	0.602
BPP_100_750_0.1_0.8_2.C	45	2.000	23.500	0.597
BPP_100_750_0.1_0.8_2.C	45	2.000	23.500	0.604
BPP_100_750_0.1_0.8_2.C	45	2.000	23.500	0.624
BPP_100_750_0.1_0.8_2.C	45	2.000	23.500	0.604
BPP_100_750_0.1_0.8_3.C	49	2.800	25.900	0.697
BPP_100_750_0.1_0.8_3.C	49	2.800	25.900	0.685
BPP_100_750_0.1_0.8_3.C	49	2.600	25.800	0.682
BPP_100_750_0.1_0.8_3.C	49	2.600	25.800	0.641
BPP_100_750_0.1_0.8_3.C	49	2.600	25.800	0.657
BPP_100_750_0.1_0.8_3.C	49	2.800	25.900	0.674
BPP_100_750_0.1_0.8_3.C	49	2.800	25.900	0.777
BPP_100_750_0.1_0.8_3.C	49	2.600	25.800	0.699
BPP_100_750_0.1_0.8_3.C	49	2.800	25.900	0.725
BPP_100_750_0.1_0.8_3.C	49	2.600	25.800	0.664
BPP_100_750_0.1_0.8_4.C	52	3.600	27.800	0.935
BPP_100_750_0.1_0.8_4.C	52	3.600	27.800	0.683
BPP_100_750_0.1_0.8_4.C	52	3.600	27.800	0.692
BPP_100_750_0.1_0.8_4.C	52	3.600	27.800	0.704
BPP_100_750_0.1_0.8_4.C	52	3.600	27.800	0.689
BPP_100_750_0.1_0.8_4.C	52	3.600	27.800	0.684
BPP_100_750_0.1_0.8_4.C	52	3.600	27.800	0.688
BPP_100_750_0.1_0.8_4.C	52	3.600	27.800	0.674
BPP_100_750_0.1_0.8_4.C	52	3.600	27.800	0.675
BPP_100_750_0.1_0.8_4.C	52	3.600	27.800	0.686
BPP_100_750_0.1_0.8_5.C	50	0.000	25.000	0.660
BPP_100_750_0.1_0.8_5.C	50	0.000	25.000	0.713
BPP_100_750_0.1_0.8_5.C	50	0.000	25.000	0.659
BPP_100_750_0.1_0.8_5.C	50	0.000	25.000	0.654
BPP_100_750_0.1_0.8_5.C	50	0.000	25.000	0.664
BPP_100_750_0.1_0.8_5.C	50	0.000	25.000	0.659
BPP_100_750_0.1_0.8_5.C	50	0.000	25.000	0.652
BPP_100_750_0.1_0.8_5.C	50	0.000	25.000	0.651
BPP_100_750_0.1_0.8_5.C	50	0.000	25.000	0.676
BPP_100_750_0.1_0.8_5.C	50	0.000	25.000	0.667
BPP_100_750_0.1_0.8_6.C	46	0.000	23.000	0.602
BPP_100_750_0.1_0.8_6.C	45	0.000	22.500	0.601
BPP_100_750_0.1_0.8_6.C	45	0.000	22.500	0.611
BPP_100_750_0.1_0.8_6.C	45	0.400	22.700	0.619
BPP_100_750_0.1_0.8_6.C	45	0.000	22.500	0.598
BPP_100_750_0.1_0.8_6.C	46	0.000	23.000	0.614
BPP_100_750_0.1_0.8_6.C	45	0.800	22.900	0.614
BPP_100_750_0.1_0.8_6.C	46	0.000	23.000	0.604
BPP_100_750_0.1_0.8_6.C	45	0.600	22.800	0.605
BPP_100_750_0.1_0.8_6.C	45	0.600	22.800	0.618
BPP_100_750_0.1_0.8_7.C	51	0.000	25.500	0.644
BPP_100_750_0.1_0.8_7.C	51	0.000	25.500	0.654
BPP_100_750_0.1_0.8_7.C	51	0.000	25.500	0.645
BPP_100_750_0.1_0.8_7.C	51	0.000	25.500	0.650
BPP_100_750_0.1_0.8_7.C	51	0.000	25.500	0.638
BPP_100_750_0.1_0.8_7.C	51	0.000	25.500	0.670
BPP_100_750_0.1_0.8_7.C	51	0.000	25.500	0.641
BPP_100_750_0.1_0.8_7.C	51	0.000	25.500	0.647
BPP_100_750_0.1_0.8_7.C	51	0.000	25.500	0.684
BPP_100_750_0.1_0.8_7.C	51	0.000	25.500	0.657
BPP_100_750_0.1_0.8_8.C	45	0.800	22.900	0.672
BPP_100_750_0.1_0.8_8.C	45	0.800	22.900	0.622
BPP_100_750_0.1_0.8_8.C	45	0.800	22.900	0.605
BPP_100_750_0.1_0.8_8.C	45	0.800	22.900	0.600
BPP_100_750_0.1_0.8_8.C	45	0.800	22.900	0.602
BPP_100_750_0.1_0.8_8.C	45	0.800	22.900	0.609
BPP_100_750_0.1_0.8_8.C	45	0.800	22.900	0.622
BPP_100_750_0.1_0.8_8.C	45	0.800	22.900	0.617
BPP_100_750_0.1_0.8_8.C	44	0.800	22.400	0.625
BPP_100_750_0.1_0.8_8.C	45	0.800	22.900	0.668
BPP_100_750_0.1_0.8_9.C	45	0.800	22.900	0.647
BPP_100_750_0.1_0.8_9.C	45	0.800	22.900	0.613
BPP_100_750_0.1_0.8_9.C	45	0.800	22.900	0.606
BPP_100_750_0.1_0.8_9.C	45	0.800	22.900	0.603
BPP_100_750_0.1_0.8_9.C	45	0.800	22.900	0.599
BPP_100_750_0.1_0.8_9.C	45	0.800	22.900	0.603
BPP_100_750_0.1_0.8_9.C	44	0.800	22.400	0.608
BPP_100_750_0.1_0.8_9.C	45	0.800	22.900	0.614
BPP_100_750_0.1_0.8_9.C	44	0.800	22.400	0.595
BPP_100_750_0.1_0.8_9.C	45	0.800	22.900	0.671
BPP_100_75_0.1_0.8_0.C	51	0.000	25.500	0.076
BPP_100_75_0.1_0.8_0.C	51	0.000	25.500	0.075
BPP_100_75_0.1_0.8_0.C	51	0.000	25.500	0.076
BPP_100_75_0.1_0.8_0.C	51	0.000	25.500	0.077
BPP_100_75_0.1_0.8_0.C	51	0.000	25.500	0.078
BPP_100_75_0.1_0.8_0.C	51	0.000	25.500	0.079
BPP_100_75_0.1_0.8_0.C	51	0.000	25.500	0.077
BPP_100_75_0.1_0.8_0.C	51	0.000	25.500	0.078
BPP_100_75_0.1_0.8_0.C	51	0.000	25.500	0.078
BPP_100_75_0.1_0.8_0.C	51	0.000	25.500	0.113
BPP_100_75_0.1_0.8_1.C	47	4.000	25.500	0.073
BPP_100_75_0.1_0.8_1.C	47	4.000	25.500	0.072
BPP_100_75_0.1_0.8_1.C	47	3.800	25.400	0.076
BPP_100_75_0.1_0.8_1.C	47	3.600	25.300	0.074
BPP_100_75_0.1_0.8_1.C	47	3.600	25.300	0.072
BPP_100_75_0.1_0.8_1.C	47	3.800	25.400	0.073
BPP_100_75_0.1_0.8_1.C	47	3.800	25.400	0.074
BPP_100_75_0.1_0.8_1.C	47	3.400	25.200	0.080
BPP_100_75_0.1_0.8_1.C	47	3.800	25.400	0.073
BPP_100_75_0.1_0.8_1.C	47	4.000	25.500	0.072
BPP_100_75_0.1_0.8_2.C	47	5.800	26.400	0.075
BPP_100_75_0.1_0.8_2.C	47	5.800	26.400	0.074
BPP_100_75_0.1_0.8_2.C	47	5.600	26.300	0.080
BPP_100_75_0.1_0.8_2.C	47	5.800	26.400	0.076
BPP_100_75_0.1_0.8_2.C	47	5.800	26.400	0.079
BPP_100_75_0.1_0.8_2.C	47	5.800	26.400	0.073
BPP_100_75_0.1_0.8_2.C	47	5.600	26.300	0.072
BPP_100_75_0.1_0.8_2.C	47	5.800	26.400	0.074
BPP_100_75_0.1_0.8_2.C	47	5.800	26.400	0.076
BPP_100_75_0.1_0.8_2.C	47	5.800	26.400	0.073
BPP_100_75_0.1_0.8_3.C	52	2.200	27.100	0.081
BPP_100_75_0.1_0.8_3.C	52	2.000	27.000	0.077
BPP_100_75_0.1_0.8_3.C	52	2.200	27.100	0.077
BPP_100_75_0.1_0.8_3.C	52	2.000	27.000	0.078
BPP_100_75_0.1_0.8_3.C	52	2.200	27.100	0.077
BPP_100_75_0.1_0.8_3.C	52	1.800	26.900	0.079
BPP_100_75_0.1_0.8_3.C	52	1.800	26.900	0.077
BPP_100_75_0.1_0.8_3.C	52	2.200	27.100	0.077
BPP_100_75_0.1_0.8_3.C	52	1.800	26.900	0.077
BPP_100_75_0.1_0.8_3.C	52	2.000	27.000	0.076
BPP_100_75_0.1_0.8_4.C	49	0.200	24.600	0.074
BPP_100_75_0.1_0.8_4.C	49	0.200	24.600	0.075
BPP_100_75_0.1_0.8_4.C	49	0.200	24.600	0.077
BPP_100_75_0.1_0.8_4.C	49	0.200	24.600	0.077
BPP_100_75_0.1_0.8_4.C	49	0.200	24.600	0.076
BPP_100_75_0.1_0.8_4.C	50	0.200	25.100	0.075
BPP_100_75_0.1_0.8_4.C	49	0.200	24.600	0.075
BPP_100_75_0.1_0.8_4.C	49	0.200	24.600	0.074
BPP_100_75_0.1_0.8_4.C	49	0.400	24.700	0.077
BPP_100_75_0.1_0.8_4.C	49	0.200	24.600	0.074
BPP_100_75_0.1_0.8_5.C	49	0.200	24.600	0.076
BPP_100_75_0.1_0.8_5.C	49	0.200	24.600	0.076
BPP_100_75_0.1_0.8_5.C	49	0.200	24.600	0.076
BPP_100_75_0.1_0.8_5.C	49	0.200	24.600	0.075
BPP_100_75_0.1_0.8_5.C	49	0.200	24.600	0.079
BPP_100_75_0.1_0.8_5.C	49	0.200	24.600	0.078
BPP_100_75_0.1_0.8_5.C	49	0.400	24.700	0.075
BPP_100_75_0.1_0.8_5.C	49	0.200	24.600	0.077
BPP_100_75_0.1_0.8_5.C	49	0.200	24.600	0.075
BPP_100_75_0.1_0.8_5.C	49	0.200	24.600	0.078
BPP_100_75_0.1_0.8_6.C	45	0.400	22.700	0.073
BPP_100_75_0.1_0.8_6.C	45	0.400	22.700	0.073
BPP_100_75_0.1_0.8_6.C	45	0.400	22.700	0.129
BPP_100_75_0.1_0.8_6.C	45	0.400	22.700	0.070
BPP_100_75_0.1_0.8_6.C	45	0.400	22.700	0.073
BPP_100_75_0.1_0.8_6.C	45	0.400	22.700	0.072
BPP_100_75_0.1_0.8_6.C	45	0.400	22.700	0.072
BPP_100_75_0.1_0.8_6.C	45	0.400	22.700	0.073
BPP_100_75_0.1_0.8_6.C	45	0.400	22.700	0.071
BPP_100_75_0.1_0.8_6.C	45	0.400	22.700	0.072
BPP_100_75_0.1_0.8_7.C	49	0.200	24.600	0.077
BPP_100_75_0.1_0.8_7.C	48	0.200	24.100	0.075
BPP_100_75_0.1_0.8_7.C	49	0.200	24.600	0.077
BPP_100_75_0.1_0.8_7.C	49	0.200	24.600	0.075
BPP_100_75_0.1_0.8_7.C	49	0.200	24.600	0.075
BPP_100_75_0.1_0.8_7.C	49	0.200	24.600	0.075
BPP_100_75_0.1_0.8_7.C	49	0.200	24.600	0.076
BPP_100_75_0.1_0.8_7.C	49	0.200	24.600	0.074
BPP_100_75_0.1_0.8_7.C	49	0.200	24.600	0.074
BPP_100_75_0.1_0.8_7.C	49	0.200	24.600	0.075
BPP_100_75_0.1_0.8_8.C	48	0.200	24.100	0.075
BPP_100_75_0.1_0.8_8.C	47	0.400	23.700	0.075
BPP_100_75_0.1_0.8_8.C	48	0.200	24.100	0.076
BPP_100_75_0.1_0.8_8.C	48	0.200	24.100	0.075
BPP_100_75_0.1_0.8_8.C	48	0.200	24.100	0.073
BPP_100_75_0.1_0.8_8.C	48	0.200	24.100	0.073
BPP_100_75_0.1_0.8_8.C	48	0.200	24.100	0.073
BPP_100_75_0.1_0.8_8.C	48	0.200	24.100	0.072
BPP_100_75_0.1_0.8_8.C	48	0.200	24.100	0.072
BPP_100_75_0.1_0.8_8.C	48	0.200	24.100	0.074
BPP_100_75_0.1_0.8_9.C	50	0.200	25.100	0.077
BPP_100_75_0.1_0.8_9.C	50	0.200	25.100	0.078
BPP_100_75_0.1_0.8_9.C	50	0.200	25.100	0.077
BPP_100_75_0.1_0.8_9.C	51	0.200	25.600	0.077
BPP_100_75_0.1_0.8_9.C	50	0.200	25.100	0.076
BPP_100_75_0.1_0.8_9.C	50	0.200	25.100	0.077
BPP_100_75_0.1_0.8_9.C	51	0.200	25.600	0.076
BPP_100_75_0.1_0.8_9.C	51	0.200	25.600	0.077
BPP_100_75_0.1_0.8_9.C	51	0.200	25.600	0.077
BPP_100_75_0.1_0.8_9.C	50	0.200	25.100	0.076
BPP_200_1000_0.1_0.8_0.C	95	0.000	47.500	4.612
BPP_200_1000_0.1_0.8_0.C	95	0.000	47.500	4.231
BPP_200_1000_0.1_0.8_0.C	95	0.000	47.500	4.226
BPP_200_1000_0.1_0.8_0.C	95	0.800	47.900	4.265
BPP_200_1000_0.1_0.8_0.C	95	0.000	47.500	4.218
BPP_200_1000_0.1_0.8_0.C	95	0.000	47.500	4.228
BPP_200_1000_0.1_0.8_0.C	95	0.000	47.500	4.282
BPP_200_1000_0.1_0.8_0.C	95	0.000	47.500	4.243
BPP_200_1000_0.1_0.8_0.C	95	0.000	47.500	4.215
BPP_200_1000_0.1_0.8_0.C	95	0.000	47.500	5.719
BPP_200_1000_0.1_0.8_1.C	95	2.200	48.600	4.251
BPP_200_1000_0.1_0.8_1.C	95	2.200	48.600	4.245
BPP_200_1000_0.1_0.8_1.C	95	2.200	48.600	4.230
BPP_200_1000_0.1_0.8_1.C	95	2.000	48.500	4.272
BPP_200_1000_0.1_0.8_1.C	95	2.200	48.600	4.224
BPP_200_1000_0.1_0.8_1.C	95	1.800	48.400	4.356
BPP_200_1000_0.1_0.8_1.C	95	1.800	48.400	5.811
BPP_200_1000_0.1_0.8_1.C	95	1.800	48.400	4.380
BPP_200_1000_0.1_0.8_1.C	95	2.000	48.500	4.261
BPP_200_1000_0.1_0.8_1.C	95	2.000	48.500	4.312
BPP_200_1000_0.1_0.8_2.C	95	2.000	48.500	4.531
BPP_200_1000_0.1_0.8_2.C	96	1.000	48.500	4.236
BPP_200_1000_0.1_0.8_2.C	95	2.000	48.500	4.335
BPP_200_1000_0.1_0.8_2.C	96	1.200	48.600	4.367
BPP_200_1000_0.1_0.8_2.C	96	1.000	48.500	4.395
BPP_200_1000_0.1_0.8_2.C	95	2.000	48.500	4.339
BPP_200_1000_0.1_0.8_2.C	95	1.400	48.200	4.399
BPP_200_1000_0.1_0.8_2.C	96	1.000	48.500	4.338
BPP_200_1000_0.1_0.8_2.C	95	1.600	48.300	4.285
BPP_200_1000_0.1_0.8_2.C	95	1.800	48.400	4.338
BPP_200_1000_0.1_0.8_3.C	91	3.200	47.100	4.171
BPP_200_1000_0.1_0.8_3.C	92	2.200	47.100	4.174
BPP_200_1000_0.1_0.8_3.C	92	3.000	47.500	4.247
BPP_200_1000_0.1_0.8_3.C	92	3.200	47.600	4.233
BPP_200_1000_0.1_0.8_3.C	92	3.000	47.500	4.163
BPP_200_1000_0.1_0.8_3.C	92	3.000	47.500	4.314
BPP_200_1000_0.1_0.8_3.C	92	2.600	47.300	4.521
BPP_200_1000_0.1_0.8_3.C	92	2.800	47.400	4.280
BPP_200_1000_0.1_0.8_3.C	92	2.800	47.400	4.184
BPP_200_1000_0.1_0.8_3.C	92	3.000	47.500	5.425
BPP_200_1000_0.1_0.8_4.C	93	2.800	47.900	4.259
BPP_200_1000_0.1_0.8_4.C	93	3.200	48.100	4.252
BPP_200_1000_0.1_0.8_4.C	93	3.200	48.100	4.280
BPP_200_1000_0.1_0.8_4.C	93	2.800	47.900	4.192
BPP_200_1000_0.1_0.8_4.C	93	2.800	47.900	4.130
BPP_200_1000_0.1_0.8_4.C	93	2.800	47.900	4.153
BPP_200_1000_0.1_0.8_4.C	93	3.000	48.000	4.139
BPP_200_1000_0.1_0.8_4.C	93	2.800	47.900	4.181
BPP_200_1000_0.1_0.8_4.C	93	3.200	48.100	4.415
BPP_200_1000_0.1_0.8_4.C	93	2.800	47.900	4.244
BPP_200_1000_0.1_0.8_5.C	93	0.000	46.500	4.078
BPP_200_1000_0.1_0.8_5.C	93	0.000	46.500	4.112
BPP_200_1000_0.1_0.8_5.C	93	0.000	46.500	4.127
BPP_200_1000_0.1_0.8_5.C	93	0.000	46.500	4.095
BPP_200_1000_0.1_0.8_5.C	93	0.000	46.500	4.098
BPP_200_1000_0.1_0.8_5.C	93	0.000	46.500	4.101
BPP_200_1000_0.1_0.8_5.C	93	0.000	46.500	4.117
BPP_200_1000_0.1_0.8_5.C	93	0.000	46.500	4.128
BPP_200_1000_0.1_0.8_5.C	93	0.000	46.500	4.114
BPP_200_1000_0.1_0.8_5.C	92	0.000	46.000	4.117
BPP_200_1000_0.1_0.8_6.C	92	0.800	46.400	4.197
BPP_200_1000_0.1_0.8_6.C	92	1.000	46.500	4.118
BPP_200_1000_0.1_0.8_6.C	92	1.000	46.500	4.137
BPP_200_1000_0.1_0.8_6.C	92	1.000	46.500	4.235
BPP_200_1000_0.1_0.8_6.C	92	1.000	46.500	4.169
BPP_200_1000_0.1_0.8_6.C	92	1.000	46.500	4.126
BPP_200_1000_0.1_0.8_6.C	92	1.000	46.500	4.129
BPP_200_1000_0.1_0.8_6.C	92	1.000	46.500	4.305
BPP_200_1000_0.1_0.8_6.C	92	1.000	46.500	4.095
BPP_200_1000_0.1_0.8_6.C	92	1.000	46.500	4.138
BPP_200_1000_0.1_0.8_7.C	101	0.000	50.500	4.449
BPP_200_1000_0.1_0.8_7.C	101	0.000	50.500	4.448
BPP_200_1000_0.1_0.8_7.C	101	0.400	50.700	4.470
BPP_200_1000_0.1_0.8_7.C	101	0.000	50.500	4.527
BPP_200_1000_0.1_0.8_7.C	101	0.000	50.500	4.621
BPP_200_1000_0.1_0.8_7.C	101	0.200	50.600	5.279
BPP_200_1000_0.1_0.8_7.C	101	0.000	50.500	4.423
BPP_200_1000_0.1_0.8_7.C	101	0.600	50.800	4.568
BPP_200_1000_0.1_0.8_7.C	101	0.000	50.500	4.515
BPP_200_1000_0.1_0.8_7.C	101	0.800	50.900	4.458
BPP_200_1000_0.1_0.8_8.C	91	0.600	45.800	4.262
BPP_200_1000_0.1_0.8_8.C	91	0.800	45.900	4.740
BPP_200_1000_0.1_0.8_8.C	91	0.800	45.900	4.179
BPP_200_1000_0.1_0.8_8.C	91	0.800	45.900	4.177
BPP_200_1000_0.1_0.8_8.C	91	1.000	46.000	4.245
BPP_200_1000_0.1_0.8_8.C	91	0.800	45.900	4.210
BPP_200_1000_0.1_0.8_8.C	91	0.800	45.900	4.206
BPP_200_1000_0.1_0.8_8.C	91	0.800	45.900	4.203
BPP_200_1000_0.1_0.8_8.C	91	0.800	45.900	5.947
BPP_200_1000_0.1_0.8_8.C	91	0.800	45.900	4.264
BPP_200_1000_0.1_0.8_9.C	89	1.800	45.400	4.097
BPP_200_1000_0.1_0.8_9.C	89	1.800	45.400	4.015
BPP_200_1000_0.1_0.8_9.C	89	1.800	45.400	4.077
BPP_200_1000_0.1_0.8_9.C	89	1.800	45.400	4.043
BPP_200_1000_0.1_0.8_9.C	89	1.800	45.400	4.107
BPP_200_1000_0.1_0.8_9.C	89	1.800	45.400	4.070
BPP_200_1000_0.1_0.8_9.C	89	1.800	45.400	4.134
BPP_200_1000_0.1_0.8_9.C	89	1.800	45.400	4.043
BPP_200_1000_0.1_0.8_9.C	89	1.600	45.300	4.035
BPP_200_1000_0.1_0.8_9.C	89	1.800	45.400	4.030
BPP_200_100_0.1_0.8_0.C	95	0.200	47.600	0.387
BPP_200_100_0.1_0.8_0.C	95	0.800	47.900	0.380
BPP_200_100_0.1_0.8_0.C	96	0.200	48.100	0.362
BPP_200_100_0.1_0.8_0.C	96	0.200	48.100	0.360
BPP_200_100_0.1_0.8_0.C	95	0.200	47.600	0.356
BPP_200_100_0.1_0.8_0.C	95	0.200	47.600	0.371
BPP_200_100_0.1_0.8_0.C	95	0.200	47.600	0.358
BPP_200_100_0.1_0.8_0.C	95	1.000	48.000	0.371
BPP_200_100_0.1_0.8_0.C	95	0.600	47.800	0.351
BPP_200_100_0.1_0.8_0.C	95	0.200	47.600	0.348
BPP_200_100_0.1_0.8_1.C	95	2.200	48.600	0.359
BPP_200_100_0.1_0.8_1.C	95	3.000	49.000	0.370
BPP_200_100_0.1_0.8_1.C	95	2.200	48.600	0.377
BPP_200_100_0.1_0.8_1.C	95	2.800	48.900	0.376
BPP_200_100_0.1_0.8_1.C	95	2.600	48.800	0.373
BPP_200_100_0.1_0.8_1.C	95	3.000	49.000	0.375
BPP_200_100_0.1_0.8_1.C	95	2.600	48.800	0.379
BPP_200_100_0.1_0.8_1.C	95	2.600	48.800	0.375
BPP_200_100_0.1_0.8_1.C	95	2.800	48.900	0.377
BPP_200_100_0.1_0.8_1.C	95	3.200	49.100	0.373
BPP_200_100_0.1_0.8_2.C	89	1.000	45.000	0.331
BPP_200_100_0.1_0.8_2.C	89	0.800	44.900	0.350
BPP_200_100_0.1_0.8_2.C	89	1.000	45.000	0.347
BPP_200_100_0.1_0.8_2.C	89	1.000	45.000	0.337
BPP_200_100_0.1_0.8_2.C	89	1.000	45.000	0.334
BPP_200_100_0.1_0.8_2.C	89	1.400	45.200	0.342
BPP_200_100_0.1_0.8_2.C	89	0.800	44.900	0.348
BPP_200_100_0.1_0.8_2.C	89	0.800	44.900	0.371
BPP_200_100_0.1_0.8_2.C	89	0.800	44.900	0.337
BPP_200_100_0.1_0.8_2.C	89	1.000	45.000	0.333
BPP_200_100_0.1_0.8_3.C	91	2.000	46.500	0.343
BPP_200_100_0.1_0.8_3.C	91	1.400	46.200	0.348
BPP_200_100_0.1_0.8_3.C	91	2.000	46.500	0.349
BPP_200_100_0.1_0.8_3.C	92	1.200	46.600	0.344
BPP_200_100_0.1_0.8_3.C	91	2.000	46.500	0.343
BPP_200_100_0.1_0.8_3.C	92	1.200	46.600	0.340
BPP_200_100_0.1_0.8_3.C	92	1.400	46.700	0.350
BPP_200_100_0.1_0.8_3.C	91	1.400	46.200	0.356
BPP_200_100_0.1_0.8_3.C	91	2.000	46.500	0.355
BPP_200_100_0.1_0.8_3.C	91	2.000	46.500	0.349
BPP_200_100_0.1_0.8_4.C	95	3.000	49.000	0.346
BPP_200_100_0.1_0.8_4.C	96	2.600	49.300	0.381
BPP_200_100_0.1_0.8_4.C	96	2.600	49.300	0.370
BPP_200_100_0.1_0.8_4.C	96	2.400	49.200	0.362
BPP_200_100_0.1_0.8_4.C	96	2.600	49.300	0.369
BPP_200_100_0.1_0.8_4.C	96	2.600	49.300	0.408
BPP_200_100_0.1_0.8_4.C	95	2.600	48.800	0.356
BPP_200_100_0.1_0.8_4.C	96	2.600	49.300	0.364
BPP_200_100_0.1_0.8_4.C	96	2.800	49.400	0.380
BPP_200_100_0.1_0.8_4.C	96	2.800	49.400	0.562
BPP_200_100_0.1_0.8_5.C	92	2.000	47.000	0.378
BPP_200_100_0.1_0.8_5.C	92	2.000	47.000	0.375
BPP_200_100_0.1_0.8_5.C	92	2.000	47.000	0.425
BPP_200_100_0.1_0.8_5.C	92	1.800	46.900	0.355
BPP_200_100_0.1_0.8_5.C	92	2.000	47.000	0.354
BPP_200_100_0.1_0.8_5.C	92	2.000	47.000	0.363
BPP_200_100_0.1_0.8_5.C	92	2.200	47.100	0.370
BPP_200_100_0.1_0.8_5.C	92	2.000	47.000	0.353
BPP_200_100_0.1_0.8_5.C	92	2.200	47.100	0.347
BPP_200_100_0.1_0.8_5.C	92	2.200	47.100	0.362
BPP_200_100_0.1_0.8_6.C	91	0.600	45.800	0.353
BPP_200_100_0.1_0.8_6.C	91	0.600	45.800	0.354
BPP_200_100_0.1_0.8_6.C	91	0.600	45.800	0.360
BPP_200_100_0.1_0.8_6.C	91	0.600	45.800	0.347
BPP_200_100_0.1_0.8_6.C	91	0.600	45.800	0.339
BPP_200_100_0.1_0.8_6.C	91	0.600	45.800	0.358
BPP_200_100_0.1_0.8_6.C	91	0.600	45.800	0.346
BPP_200_100_0.1_0.8_6.C	91	0.600	45.800	0.345
BPP_200_100_0.1_0.8_6.C	91	0.600	45.800	0.363
BPP_200_100_0.1_0.8_6.C	91	0.600	45.800	0.467
BPP_200_100_0.1_0.8_7.C	90	4.800	47.400	0.347
BPP_200_100_0.1_0.8_7.C	90	3.800	46.900	0.334
BPP_200_100_0.1_0.8_7.C	90	4.400	47.200	0.353
BPP_200_100_0.1_0.8_7.C	89	4.800	46.900	0.345
BPP_200_100_0.1_0.8_7.C	90	4.600	47.300	0.340
BPP_200_100_0.1_0.8_7.C	90	4.000	47.000	0.347
BPP_200_100_0.1_0.8_7.C	90	4.400	47.200	0.350
BPP_200_100_0.1_0.8_7.C	90	4.400	47.200	0.334
BPP_200_100_0.1_0.8_7.C	90	4.400	47.200	0.341
BPP_200_100_0.1_0.8_7.C	90	3.800	46.900	0.343
BPP_200_100_0.1_0.8_8.C	97	9.600	53.300	0.375
BPP_200_100_0.1_0.8_8.C	97	8.600	52.800	0.363
BPP_200_100_0.1_0.8_8.C	97	8.200	52.600	0.372
BPP_200_100_0.1_0.8_8.C	97	8.800	52.900	0.365
BPP_200_100_0.1_0.8_8.C	97	8.400	52.700	0.364
BPP_200_100_0.1_0.8_8.C	97	8.200	52.600	0.364
BPP_200_100_0.1_0.8_8.C	97	8.000	52.500	0.371
BPP_200_100_0.1_0.8_8.C	97	8.000	52.500	0.375
BPP_200_100_0.1_0.8_8.C	97	8.400	52.700	0.360
BPP_200_100_0.1_0.8_8.C	97	8.600	52.800	0.365
BPP_200_100_0.1_0.8_9.C	97	1.400	49.200	0.380
BPP_200_100_0.1_0.8_9.C	97	1.400	49.200	0.380
BPP_200_100_0.1_0.8_9.C	97	1.400	49.200	0.374
BPP_200_100_0.1_0.8_9.C	97	1.400	49.200	0.362
BPP_200_100_0.1_0.8_9.C	97	1.400	49.200	0.379
BPP_200_100_0.1_0.8_9.C	97	1.400	49.200	0.385
BPP_200_100_0.1_0.8_9.C	97	1.400	49.200	0.378
BPP_200_100_0.1_0.8_9.C	96	1.600	48.800	0.649
BPP_200_100_0.1_0.8_9.C	97	1.400	49.200	0.365
BPP_200_100_0.1_0.8_9.C	97	1.400	49.200	0.381
BPP_200_120_0.1_0.8_0.C	92	7.800	49.900	0.406
BPP_200_120_0.1_0.8_0.C	92	7.800	49.900	0.408
BPP_200_120_0.1_0.8_0.C	92	8.000	50.000	0.418
BPP_200_120_0.1_0.8_0.C	92	7.800	49.900	0.406
BPP_200_120_0.1_0.8_0.C	92	8.200	50.100	0.414
BPP_200_120_0.1_0.8_0.C	92	8.000	50.000	0.418
BPP_200_120_0.1_0.8_0.C	92	7.600	49.800	0.403
BPP_200_120_0.1_0.8_0.C	92	7.800	49.900	0.439
BPP_200_120_0.1_0.8_0.C	92	7.800	49.900	0.419
BPP_200_120_0.1_0.8_0.C	92	7.800	49.900	0.428
BPP_200_120_0.1_0.8_1.C	86	0.000	43.000	0.370
BPP_200_120_0.1_0.8_1.C	86	0.000	43.000	0.373
BPP_200_120_0.1_0.8_1.C	86	0.000	43.000	0.373
BPP_200_120_0.1_0.8_1.C	86	0.000	43.000	0.377
BPP_200_120_0.1_0.8_1.C	86	0.000	43.000	0.389
BPP_200_120_0.1_0.8_1.C	85	0.800	42.900	0.392
BPP_200_120_0.1_0.8_1.C	85	0.400	42.700	0.391
BPP_200_120_0.1_0.8_1.C	85	0.000	42.500	0.385
BPP_200_120_0.1_0.8_1.C	85	0.000	42.500	0.391
BPP_200_120_0.1_0.8_1.C	86	0.000	43.000	0.373
BPP_200_120_0.1_0.8_2.C	102	0.600	51.300	0.435
BPP_200_120_0.1_0.8_2.C	102	0.800	51.400	0.445
BPP_200_120_0.1_0.8_2.C	102	1.000	51.500	0.451
BPP_200_120_0.1_0.8_2.C	102	0.600	51.300	0.434
BPP_200_120_0.1_0.8_2.C	102	0.600	51.300	0.454
BPP_200_120_0.1_0.8_2.C	102	0.800	51.400	0.479
BPP_200_120_0.1_0.8_2.C	102	0.800	51.400	0.448
BPP_200_120_0.1_0.8_2.C	102	0.800	51.400	0.468
BPP_200_120_0.1_0.8_2.C	102	1.000	51.500	0.482
BPP_200_120_0.1_0.8_2.C	102	0.800	51.400	0.438
BPP_200_120_0.1_0.8_3.C	91	4.200	47.600	0.436
BPP_200_120_0.1_0.8_3.C	91	4.600	47.800	0.395
BPP_200_120_0.1_0.8_3.C	91	4.400	47.700	0.398
BPP_200_120_0.1_0.8_3.C	91	4.200	47.600	0.405
BPP_200_120_0.1_0.8_3.C	91	4.000	47.500	0.436
BPP_200_120_0.1_0.8_3.C	91	4.200	47.600	0.398
BPP_200_120_0.1_0.8_3.C	91	4.400	47.700	0.415
BPP_200_120_0.1_0.8_3.C	91	4.400	47.700	0.411
BPP_200_120_0.1_0.8_3.C	91	4.400	47.700	0.592
BPP_200_120_0.1_0.8_3.C	91	4.000	47.500	0.418
BPP_200_120_0.1_0.8_4.C	98	2.000	50.000	0.419
BPP_200_120_0.1_0.8_4.C	98	2.000	50.000	0.446
BPP_200_120_0.1_0.8_4.C	98	2.000	50.000	0.450
BPP_200_120_0.1_0.8_4.C	98	2.000	50.000	0.473
BPP_200_120_0.1_0.8_4.C	98	2.000	50.000	0.427
BPP_200_120_0.1_0.8_4.C	98	2.000	50.000	0.447
BPP_200_120_0.1_0.8_4.C	98	2.000	50.000	0.432
BPP_200_120_0.1_0.8_4.C	98	2.000	50.000	0.452
BPP_200_120_0.1_0.8_4.C	98	2.800	50.400	0.434
BPP_200_120_0.1_0.8_4.C	98	2.000	50.000	0.449
BPP_200_120_0.1_0.8_5.C	95	2.000	48.500	0.422
BPP_200_120_0.1_0.8_5.C	94	2.000	48.000	0.406
BPP_200_120_0.1_0.8_5.C	95	2.000	48.500	0.411
BPP_200_120_0.1_0.8_5.C	95	2.000	48.500	0.414
BPP_200_120_0.1_0.8_5.C	94	2.800	48.400	0.437
BPP_200_120_0.1_0.8_5.C	94	2.200	48.100	0.416
BPP_200_120_0.1_0.8_5.C	94	2.000	48.000	0.417
BPP_200_120_0.1_0.8_5.C	95	2.000	48.500	0.427
BPP_200_120_0.1_0.8_5.C	94	2.600	48.300	0.411
BPP_200_120_0.1_0.8_5.C	94	2.400	48.200	0.421
BPP_200_120_0.1_0.8_6.C	92	1.800	46.900	0.414
BPP_200_120_0.1_0.8_6.C	92	0.800	46.400	0.414
BPP_200_120_0.1_0.8_6.C	92	1.600	46.800	0.412
BPP_200_120_0.1_0.8_6.C	92	1.400	46.700	0.427
BPP_200_120_0.1_0.8_6.C	92	1.200	46.600	0.402
BPP_200_120_0.1_0.8_6.C	92	1.000	46.500	0.415
BPP_200_120_0.1_0.8_6.C	92	1.000	46.500	0.421
BPP_200_120_0.1_0.8_6.C	92	1.200	46.600	0.520
BPP_200_120_0.1_0.8_6.C	92	1.200	46.600	0.415
BPP_200_120_0.1_0.8_6.C	92	1.200	46.600	0.423
BPP_200_120_0.1_0.8_7.C	94	4.000	49.000	0.412
BPP_200_120_0.1_0.8_7.C	94	3.600	48.800	0.421
BPP_200_120_0.1_0.8_7.C	94	4.000	49.000	0.446
BPP_200_120_0.1_0.8_7.C	95	3.600	49.300	0.425
BPP_200_120_0.1_0.8_7.C	94	3.800	48.900	0.460
BPP_200_120_0.1_0.8_7.C	94	4.200	49.100	0.434
BPP_200_120_0.1_0.8_7.C	94	3.400	48.700	0.430
BPP_200_120_0.1_0.8_7.C	95	3.600	49.300	0.415
BPP_200_120_0.1_0.8_7.C	94	3.400	48.700	0.441
BPP_200_120_0.1_0.8_7.C	94	3.600	48.800	0.434
BPP_200_120_0.1_0.8_8.C	90	8.200	49.100	0.396
BPP_200_120_0.1_0.8_8.C	90	8.400	49.200	0.401
BPP_200_120_0.1_0.8_8.C	90	8.400	49.200	0.404
BPP_200_120_0.1_0.8_8.C	90	8.400	49.200	0.407
BPP_200_120_0.1_0.8_8.C	89	9.200	49.100	0.401
BPP_200_120_0.1_0.8_8.C	90	8.200	49.100	0.405
BPP_200_120_0.1_0.8_8.C	90	8.400	49.200	0.394
BPP_200_120_0.1_0.8_8.C	90	8.400	49.200	0.404
BPP_200_120_0.1_0.8_8.C	90	8.200	49.100	0.404
BPP_200_120_0.1_0.8_8.C	90	8.600	49.300	0.400
BPP_200_120_0.1_0.8_9.C	100	7.400	53.700	0.424
BPP_200_120_0.1_0.8_9.C	100	7.200	53.600	0.445
BPP_200_120_0.1_0.8_9.C	99	7.800	53.400	0.433
BPP_200_120_0.1_0.8_9.C	99	7.600	53.300	0.456
BPP_200_120_0.1_0.8_9.C	100	7.400	53.700	0.460
BPP_200_120_0.1_0.8_9.C	100	7.400	53.700	0.430
BPP_200_120_0.1_0.8_9.C	100	7.400	53.700	0.433
BPP_200_120_0.1_0.8_9.C	100	7.400	53.700	0.440
BPP_200_120_0.1_0.8_9.C	100	7.400	53.700	0.433
BPP_200_120_0.1_0.8_9.C	100	7.400	53.700	0.438
BPP_200_125_0.1_0.8_0.C	95	4.800	49.900	0.416
BPP_200_125_0.1_0.8_0.C	95	4.400	49.700	0.423
BPP_200_125_0.1_0.8_0.C	95	4.200	49.600	0.438
BPP_200_125_0.1_0.8_0.C	95	4.000	49.500	0.440
BPP_200_125_0.1_0.8_0.C	95	4.200	49.600	0.423
BPP_200_125_0.1_0.8_0.C	95	4.800	49.900	0.421
BPP_200_125_0.1_0.8_0.C	95	4.600	49.800	0.429
BPP_200_125_0.1_0.8_0.C	95	4.600	49.800	0.418
BPP_200_125_0.1_0.8_0.C	95	4.600	49.800	0.420
BPP_200_125_0.1_0.8_0.C	95	4.400	49.700	0.440
BPP_200_125_0.1_0.8_1.C	101	3.200	52.100	0.440
BPP_200_125_0.1_0.8_1.C	101	3.600	52.300	0.463
BPP_200_125_0.1_0.8_1.C	101	3.400	52.200	0.447
BPP_200_125_0.1_0.8_1.C	101	3.600	52.300	0.469
BPP_200_125_0.1_0.8_1.C	100	4.000	52.000	0.448
BPP_200_125_0.1_0.8_1.C	101	3.600	52.300	0.447
BPP_200_125_0.1_0.8_1.C	101	3.200	52.100	0.442
BPP_200_125_0.1_0.8_1.C	101	3.400	52.200	0.454
BPP_200_125_0.1_0.8_1.C	101	3.400	52.200	0.445
BPP_200_125_0.1_0.8_1.C	101	3.600	52.300	0.482
BPP_200_125_0.1_0.8_2.C	91	5.000	48.000	0.446
BPP_200_125_0.1_0.8_2.C	91	5.200	48.100	0.413
BPP_200_125_0.1_0.8_2.C	91	4.800	47.900	0.432
BPP_200_125_0.1_0.8_2.C	92	4.800	48.400	0.588
BPP_200_125_0.1_0.8_2.C	91	4.800	47.900	0.430
BPP_200_125_0.1_0.8_2.C	91	5.200	48.100	0.428
BPP_200_125_0.1_0.8_2.C	91	5.000	48.000	0.429
BPP_200_125_0.1_0.8_2.C	91	4.800	47.900	0.424
BPP_200_125_0.1_0.8_2.C	91	5.000	48.000	0.427
BPP_200_125_0.1_0.8_2.C	91	5.000	48.000	0.433
BPP_200_125_0.1_0.8_3.C	90	10.600	50.300	0.447
BPP_200_125_0.1_0.8_3.C	90	10.600	50.300	0.423
BPP_200_125_0.1_0.8_3.C	90	10.400	50.200	0.421
BPP_200_125_0.1_0.8_3.C	90	10.600	50.300	0.410
BPP_200_125_0.1_0.8_3.C	90	10.400	50.200	0.418
BPP_200_125_0.1_0.8_3.C	90	10.400	50.200	0.418
BPP_200_125_0.1_0.8_3.C	89	11.000	50.000	0.472
BPP_200_125_0.1_0.8_3.C	90	10.200	50.100	0.413
BPP_200_125_0.1_0.8_3.C	90	10.600	50.300	0.420
BPP_200_125_0.1_0.8_3.C	90	10.400	50.200	0.453
BPP_200_125_0.1_0.8_4.C	91	6.000	48.500	0.426
BPP_200_125_0.1_0.8_4.C	91	5.800	48.400	0.428
BPP_200_125_0.1_0.8_4.C	91	5.800	48.400	0.424
BPP_200_125_0.1_0.8_4.C	91	6.200	48.600	0.423
BPP_200_125_0.1_0.8_4.C	91	6.000	48.500	0.415
BPP_200_125_0.1_0.8_4.C	91	6.400	48.700	0.419
BPP_200_125_0.1_0.8_4.C	91	5.800	48.400	0.421
BPP_200_125_0.1_0.8_4.C	91	6.200	48.600	0.432
BPP_200_125_0.1_0.8_4.C	91	6.000	48.500	0.427
BPP_200_125_0.1_0.8_4.C	91	5.800	48.400	0.413
BPP_200_125_0.1_0.8_5.C	98	5.400	51.700	0.449
BPP_200_125_0.1_0.8_5.C	98	5.200	51.600	0.434
BPP_200_125_0.1_0.8_5.C	98	5.200	51.600	0.456
BPP_200_125_0.1_0.8_5.C	98	5.200	51.600	0.451
BPP_200_125_0.1_0.8_5.C	98	5.200	51.600	0.439
BPP_200_125_0.1_0.8_5.C	98	5.200	51.600	0.439
BPP_200_125_0.1_0.8_5.C	98	5.200	51.600	0.452
BPP_200_125_0.1_0.8_5.C	98	5.400	51.700	0.447
BPP_200_125_0.1_0.8_5.C	98	5.200	51.600	0.442
BPP_200_125_0.1_0.8_5.C	98	5.200	51.600	0.447
BPP_200_125_0.1_0.8_6.C	92	2.400	47.200	0.457
BPP_200_125_0.1_0.8_6.C	92	2.400	47.200	0.417
BPP_200_125_0.1_0.8_6.C	92	2.400	47.200	0.420
BPP_200_125_0.1_0.8_6.C	92	2.400	47.200	0.438
BPP_200_125_0.1_0.8_6.C	92	2.400	47.200	0.437
BPP_200_125_0.1_0.8_6.C	92	2.800	47.400	0.422
BPP_200_125_0.1_0.8_6.C	92	2.400	47.200	0.428
BPP_200_125_0.1_0.8_6.C	92	2.400	47.200	0.435
BPP_200_125_0.1_0.8_6.C	92	2.400	47.200	0.430
BPP_200_125_0.1_0.8_6.C	92	2.400	47.200	0.429
BPP_200_125_0.1_0.8_7.C	89	3.200	46.100	0.405
BPP_200_125_0.1_0.8_7.C	89	3.400	46.200	0.412
BPP_200_125_0.1_0.8_7.C	88	3.600	45.800	0.421
BPP_200_125_0.1_0.8_7.C	89	3.400	46.200	0.400
BPP_200_125_0.1_0.8_7.C	88	3.800	45.900	0.406
BPP_200_125_0.1_0.8_7.C	88	3.800	45.900	0.417
BPP_200_125_0.1_0.8_7.C	89	3.200	46.100	0.405
BPP_200_125_0.1_0.8_7.C	89	3.400	46.200	0.406
BPP_200_125_0.1_0.8_7.C	88	3.800	45.900	0.404
BPP_200_125_0.1_0.8_7.C	89	3.200	46.100	0.415
BPP_200_125_0.1_0.8_8.C	95	2.800	48.900	0.437
BPP_200_125_0.1_0.8_8.C	95	2.600	48.800	0.443
BPP_200_125_0.1_0.8_8.C	95	2.800	48.900	0.622
BPP_200_125_0.1_0.8_8.C	95	2.800	48.900	0.440
BPP_200_125_0.1_0.8_8.C	95	2.600	48.800	0.463
BPP_200_125_0.1_0.8_8.C	95	2.800	48.900	0.418
BPP_200_125_0.1_0.8_8.C	95	2.800	48.900	0.469
BPP_200_125_0.1_0.8_8.C	95	2.800	48.900	0.445
BPP_200_125_0.1_0.8_8.C	95	2.600	48.800	0.425
BPP_200_125_0.1_0.8_8.C	95	2.800	48.900	0.422
BPP_200_125_0.1_0.8_9.C	94	1.600	47.800	0.439
BPP_200_125_0.1_0.8_9.C	94	1.800	47.900	0.427
BPP_200_125_0.1_0.8_9.C	94	1.400	47.700	0.417
BPP_200_125_0.1_0.8_9.C	94	1.400	47.700	0.435
BPP_200_125_0.1_0.8_9.C	94	1.600	47.800	0.429
BPP_200_125_0.1_0.8_9.C	94	1.600	47.800	0.437
BPP_200_125_0.1_0.8_9.C	94	1.200	47.600	0.441
BPP_200_125_0.1_0.8_9.C	94	2.000	48.000	0.438
BPP_200_125_0.1_0.8_9.C	94	1.400	47.700	0.424
BPP_200_125_0.1_0.8_9.C	94	1.400	47.700	0.564
BPP_200_150_0.1_0.8_0.C	93	1.200	47.100	0.493
BPP_200_150_0.1_0.8_0.C	93	1.000	47.000	0.509
BPP_200_150_0.1_0.8_0.C	93	1.600	47.300	0.519
BPP_200_150_0.1_0.8_0.C	93	1.600	47.300	0.503
BPP_200_150_0.1_0.8_0.C	94	1.000	47.500	0.508
BPP_200_150_0.1_0.8_0.C	94	1.000	47.500	0.682
BPP_200_150_0.1_0.8_0.C	93	1.600	47.300	0.513
BPP_200_150_0.1_0.8_0.C	93	1.200	47.100	0.522
BPP_200_150_0.1_0.8_0.C	94	1.000	47.500	0.514
BPP_200_150_0.1_0.8_0.C	93	1.600	47.300	0.495
BPP_200_150_0.1_0.8_1.C	94	3.400	48.700	0.513
BPP_200_150_0.1_0.8_1.C	94	3.400	48.700	0.502
BPP_200_150_0.1_0.8_1.C	94	3.400	48.700	0.525
BPP_200_150_0.1_0.8_1.C	94	3.400	48.700	0.533
BPP_200_150_0.1_0.8_1.C	94	3.400	48.700	0.538
BPP_200_150_0.1_0.8_1.C	94	3.400	48.700	0.533
BPP_200_150_0.1_0.8_1.C	94	3.400	48.700	0.521
BPP_200_150_0.1_0.8_1.C	94	3.400	48.700	0.530
BPP_200_150_0.1_0.8_1.C	94	3.400	48.700	0.519
BPP_200_150_0.1_0.8_1.C	94	3.400	48.700	0.529
BPP_200_150_0.1_0.8_2.C	93	1.800	47.400	0.498
BPP_200_150_0.1_0.8_2.C	93	2.800	47.900	0.509
BPP_200_150_0.1_0.8_2.C	93	2.800	47.900	0.510
BPP_200_150_0.1_0.8_2.C	93	3.000	48.000	0.512
BPP_200_150_0.1_0.8_2.C	93	1.800	47.400	0.508
BPP_200_150_0.1_0.8_2.C	93	2.400	47.700	0.501
BPP_200_150_0.1_0.8_2.C	93	2.200	47.600	0.511
BPP_200_150_0.1_0.8_2.C	93	2.800	47.900	0.511
BPP_200_150_0.1_0.8_2.C	93	2.600	47.800	0.514
BPP_200_150_0.1_0.8_2.C	93	2.600	47.800	0.531
BPP_200_150_0.1_0.8_3.C	95	5.200	50.100	0.762
BPP_200_150_0.1_0.8_3.C	96	5.000	50.500	0.524
BPP_200_150_0.1_0.8_3.C	95	5.800	50.400	0.521
BPP_200_150_0.1_0.8_3.C	95	5.200	50.100	0.517
BPP_200_150_0.1_0.8_3.C	95	5.200	50.100	0.512
BPP_200_150_0.1_0.8_3.C	95	5.200	50.100	0.513
BPP_200_150_0.1_0.8_3.C	96	5.200	50.600	0.527
BPP_200_150_0.1_0.8_3.C	95	5.400	50.200	0.517
BPP_200_150_0.1_0.8_3.C	95	5.200	50.100	0.509
BPP_200_150_0.1_0.8_3.C	95	5.400	50.200	0.523
BPP_200_150_0.1_0.8_4.C	104	6.000	55.000	0.546
BPP_200_150_0.1_0.8_4.C	104	6.200	55.100	0.546
BPP_200_150_0.1_0.8_4.C	104	6.000	55.000	0.552
BPP_200_150_0.1_0.8_4.C	104	6.200	55.100	0.552
BPP_200_150_0.1_0.8_4.C	104	6.200	55.100	0.545
BPP_200_150_0.1_0.8_4.C	104	5.800	54.900	0.545
BPP_200_150_0.1_0.8_4.C	103	6.400	54.700	0.561
BPP_200_150_0.1_0.8_4.C	104	6.400	55.200	0.723
BPP_200_150_0.1_0.8_4.C	104	6.400	55.200	0.522
BPP_200_150_0.1_0.8_4.C	104	5.800	54.900	0.550
BPP_200_150_0.1_0.8_5.C	94	6.400	50.200	0.531
BPP_200_150_0.1_0.8_5.C	95	5.600	50.300	0.515
BPP_200_150_0.1_0.8_5.C	94	6.600	50.300	0.526
BPP_200_150_0.1_0.8_5.C	94	6.600	50.300	0.507
BPP_200_150_0.1_0.8_5.C	94	6.800	50.400	0.506
BPP_200_150_0.1_0.8_5.C	94	6.200	50.100	0.514
BPP_200_150_0.1_0.8_5.C	94	6.600	50.300	0.529
BPP_200_150_0.1_0.8_5.C	94	7.000	50.500	0.528
BPP_200_150_0.1_0.8_5.C	95	5.600	50.300	0.513
BPP_200_150_0.1_0.8_5.C	94	6.800	50.400	0.508
BPP_200_150_0.1_0.8_6.C	97	3.000	50.000	0.520
BPP_200_150_0.1_0.8_6.C	97	3.000	50.000	0.527
BPP_200_150_0.1_0.8_6.C	97	3.000	50.000	0.538
BPP_200_150_0.1_0.8_6.C	97	3.000	50.000	0.540
BPP_200_150_0.1_0.8_6.C	97	3.000	50.000	0.919
BPP_200_150_0.1_0.8_6.C	97	3.000	50.000	0.536
BPP_200_150_0.1_0.8_6.C	97	3.000	50.000	0.701
BPP_200_150_0.1_0.8_6.C	97	3.000	50.000	0.524
BPP_200_150_0.1_0.8_6.C	97	3.000	50.000	0.519
BPP_200_150_0.1_0.8_6.C	97	3.000	50.000	0.524
BPP_200_150_0.1_0.8_7.C	101	10.800	55.900	0.528
BPP_200_150_0.1_0.8_7.C	101	11.400	56.200	0.536
BPP_200_150_0.1_0.8_7.C	101	11.200	56.100	0.525
BPP_200_150_0.1_0.8_7.C	101	12.400	56.700	0.543
BPP_200_150_0.1_0.8_7.C	101	11.400	56.200	0.559
BPP_200_150_0.1_0.8_7.C	101	11.000	56.000	0.518
BPP_200_150_0.1_0.8_7.C	101	12.400	56.700	0.542
BPP_200_150_0.1_0.8_7.C	101	12.000	56.500	0.545
BPP_200_150_0.1_0.8_7.C	101	12.600	56.800	0.540
BPP_200_150_0.1_0.8_7.C	101	12.000	56.500	0.549
BPP_200_150_0.1_0.8_8.C	94	2.400	48.200	0.516
BPP_200_150_0.1_0.8_8.C	95	2.200	48.600	0.510
BPP_200_150_0.1_0.8_8.C	94	2.400	48.200	0.505
BPP_200_150_0.1_0.8_8.C	94	2.200	48.100	0.507
BPP_200_150_0.1_0.8_8.C	95	2.200	48.600	0.514
BPP_200_150_0.1_0.8_8.C	94	2.400	48.200	0.530
BPP_200_150_0.1_0.8_8.C	94	2.200	48.100	0.513
BPP_200_150_0.1_0.8_8.C	95	2.200	48.600	0.507
BPP_200_150_0.1_0.8_8.C	95	2.200	48.600	0.502
BPP_200_150_0.1_0.8_8.C	95	2.000	48.500	0.507
BPP_200_150_0.1_0.8_9.C	92	2.200	47.100	0.496
BPP_200_150_0.1_0.8_9.C	92	2.200	47.100	0.535
BPP_200_150_0.1_0.8_9.C	92	2.200	47.100	0.529
BPP_200_150_0.1_0.8_9.C	92	2.200	47.100	0.812
BPP_200_150_0.1_0.8_9.C	92	2.800	47.400	0.520
BPP_200_150_0.1_0.8_9.C	92	2.600	47.300	0.503
BPP_200_150_0.1_0.8_9.C	92	2.200	47.100	0.506
BPP_200_150_0.1_0.8_9.C	92	2.400	47.200	0.493
BPP_200_150_0.1_0.8_9.C	92	2.200	47.100	0.505
BPP_200_150_0.1_0.8_9.C	92	2.200	47.100	0.561
BPP_200_200_0.1_0.8_0.C	95	0.000	47.500	0.636
BPP_200_200_0.1_0.8_0.C	94	0.000	47.000	0.658
BPP_200_200_0.1_0.8_0.C	95	0.000	47.500	0.662
BPP_200_200_0.1_0.8_0.C	95	0.000	47.500	0.644
BPP_200_200_0.1_0.8_0.C	95	0.000	47.500	0.661
BPP_200_200_0.1_0.8_0.C	95	0.000	47.500	0.638
BPP_200_200_0.1_0.8_0.C	95	0.000	47.500	0.640
BPP_200_200_0.1_0.8_0.C	95	0.000	47.500	0.645
BPP_200_200_0.1_0.8_0.C	95	0.000	47.500	0.655
BPP_200_200_0.1_0.8_0.C	95	0.000	47.500	0.658
BPP_200_200_0.1_0.8_1.C	96	8.800	52.400	0.671
BPP_200_200_0.1_0.8_1.C	96	8.800	52.400	0.694
BPP_200_200_0.1_0.8_1.C	97	8.200	52.600	0.682
BPP_200_200_0.1_0.8_1.C	96	8.800	52.400	0.698
BPP_200_200_0.1_0.8_1.C	96	8.800	52.400	0.671
BPP_200_200_0.1_0.8_1.C	96	9.400	52.700	0.694
BPP_200_200_0.1_0.8_1.C	96	8.800	52.400	0.704
BPP_200_200_0.1_0.8_1.C	96	8.800	52.400	0.698
BPP_200_200_0.1_0.8_1.C	96	8.800	52.400	0.679
BPP_200_200_0.1_0.8_1.C	96	8.800	52.400	0.734
BPP_200_200_0.1_0.8_2.C	87	7.000	47.000	0.609
BPP_200_200_0.1_0.8_2.C	87	7.000	47.000	0.618
BPP_200_200_0.1_0.8_2.C	87	7.000	47.000	0.636
BPP_200_200_0.1_0.8_2.C	87	7.000	47.000	0.641
BPP_200_200_0.1_0.8_2.C	87	7.000	47.000	0.719
BPP_200_200_0.1_0.8_2.C	87	7.000	47.000	0.637
BPP_200_200_0.1_0.8_2.C	87	7.000	47.000	0.620
BPP_200_200_0.1_0.8_2.C	87	7.000	47.000	0.611
BPP_200_200_0.1_0.8_2.C	87	7.000	47.000	0.624
BPP_200_200_0.1_0.8_2.C	86	7.400	46.700	0.596
BPP_200_200_0.1_0.8_3.C	91	2.600	46.800	0.632
BPP_200_200_0.1_0.8_3.C	91	2.600	46.800	0.652
BPP_200_200_0.1_0.8_3.C	91	2.600	46.800	0.660
BPP_200_200_0.1_0.8_3.C	91	2.600	46.800	0.652
BPP_200_200_0.1_0.8_3.C	91	2.600	46.800	0.651
BPP_200_200_0.1_0.8_3.C	91	2.600	46.800	0.653
BPP_200_200_0.1_0.8_3.C	91	2.600	46.800	0.673
BPP_200_200_0.1_0.8_3.C	91	2.800	46.900	0.658
BPP_200_200_0.1_0.8_3.C	91	2.600	46.800	0.650
BPP_200_200_0.1_0.8_3.C	91	2.600	46.800	0.645
BPP_200_200_0.1_0.8_4.C	93	5.000	49.000	0.676
BPP_200_200_0.1_0.8_4.C	93	5.000	49.000	0.654
BPP_200_200_0.1_0.8_4.C	93	5.000	49.000	0.665
BPP_200_200_0.1_0.8_4.C	93	5.000	49.000	0.644
BPP_200_200_0.1_0.8_4.C	93	5.200	49.100	0.924
BPP_200_200_0.1_0.8_4.C	93	5.200	49.100	0.642
BPP_200_200_0.1_0.8_4.C	93	5.000	49.000	0.677
BPP_200_200_0.1_0.8_4.C	93	5.000	49.000	0.668
BPP_200_200_0.1_0.8_4.C	93	5.400	49.200	0.661
BPP_200_200_0.1_0.8_4.C	94	4.800	49.400	0.662
BPP_200_200_0.1_0.8_5.C	92	0.600	46.300	0.644
BPP_200_200_0.1_0.8_5.C	92	0.600	46.300	0.662
BPP_200_200_0.1_0.8_5.C	91	1.400	46.200	0.692
BPP_200_200_0.1_0.8_5.C	92	0.600	46.300	0.665
BPP_200_200_0.1_0.8_5.C	92	0.600	46.300	0.658
BPP_200_200_0.1_0.8_5.C	92	0.600	46.300	0.645
BPP_200_200_0.1_0.8_5.C	92	0.600	46.300	0.671
BPP_200_200_0.1_0.8_5.C	92	0.600	46.300	0.668
BPP_200_200_0.1_0.8_5.C	92	0.600	46.300	0.656
BPP_200_200_0.1_0.8_5.C	92	0.600	46.300	0.675
BPP_200_200_0.1_0.8_6.C	100	0.200	50.100	0.698
BPP_200_200_0.1_0.8_6.C	100	1.400	50.700	0.692
BPP_200_200_0.1_0.8_6.C	100	1.400	50.700	0.715
BPP_200_200_0.1_0.8_6.C	101	0.200	50.600	0.702
BPP_200_200_0.1_0.8_6.C	100	1.200	50.600	0.684
BPP_200_200_0.1_0.8_6.C	100	1.400	50.700	0.686
BPP_200_200_0.1_0.8_6.C	100	1.000	50.500	0.703
BPP_200_200_0.1_0.8_6.C	99	2.600	50.800	0.690
BPP_200_200_0.1_0.8_6.C	99	1.400	50.200	0.877
BPP_200_200_0.1_0.8_6.C	100	1.400	50.700	0.684
BPP_200_200_0.1_0.8_7.C	93	0.000	46.500	0.654
BPP_200_200_0.1_0.8_7.C	93	0.000	46.500	0.633
BPP_200_200_0.1_0.8_7.C	93	0.000	46.500	0.653
BPP_200_200_0.1_0.8_7.C	93	0.000	46.500	0.635
BPP_200_200_0.1_0.8_7.C	93	0.000	46.500	0.630
BPP_200_200_0.1_0.8_7.C	93	0.000	46.500	0.633
BPP_200_200_0.1_0.8_7.C	93	0.000	46.500	0.631
BPP_200_200_0.1_0.8_7.C	93	0.000	46.500	0.641
BPP_200_200_0.1_0.8_7.C	93	0.000	46.500	0.643
BPP_200_200_0.1_0.8_7.C	93	0.000	46.500	0.640
BPP_200_200_0.1_0.8_8.C	99	4.800	51.900	0.692
BPP_200_200_0.1_0.8_8.C	99	4.400	51.700	0.694
BPP_200_200_0.1_0.8_8.C	99	4.800	51.900	0.687
BPP_200_200_0.1_0.8_8.C	99	4.400	51.700	0.683
BPP_200_200_0.1_0.8_8.C	99	4.400	51.700	0.693
BPP_200_200_0.1_0.8_8.C	99	4.400	51.700	0.688
BPP_200_200_0.1_0.8_8.C	99	4.800	51.900	0.696
BPP_200_200_0.1_0.8_8.C	99	5.000	52.000	0.687
BPP_200_200_0.1_0.8_8.C	99	4.600	51.800	0.693
BPP_200_200_0.1_0.8_8.C	99	4.800	51.900	0.704
BPP_200_200_0.1_0.8_9.C	95	2.400	48.700	0.657
BPP_200_200_0.1_0.8_9.C	95	2.200	48.600	0.686
BPP_200_200_0.1_0.8_9.C	95	2.000	48.500	0.892
BPP_200_200_0.1_0.8_9.C	95	2.200	48.600	0.666
BPP_200_200_0.1_0.8_9.C	95	2.200	48.600	0.694
BPP_200_200_0.1_0.8_9.C	95	2.200	48.600	0.662
BPP_200_200_0.1_0.8_9.C	95	2.400	48.700	0.678
BPP_200_200_0.1_0.8_9.C	95	2.800	48.900	0.639
BPP_200_200_0.1_0.8_9.C	95	2.600	48.800	0.697
BPP_200_200_0.1_0.8_9.C	95	2.600	48.800	0.702
BPP_200_300_0.1_0.8_0.C	91	0.000	45.500	1.056
BPP_200_300_0.1_0.8_0.C	91	0.000	45.500	1.130
BPP_200_300_0.1_0.8_0.C	91	0.000	45.500	1.046
BPP_200_300_0.1_0.8_0.C	91	0.000	45.500	1.038
BPP_200_300_0.1_0.8_0.C	91	0.000	45.500	1.031
BPP_200_300_0.1_0.8_0.C	90	0.600	45.300	1.431
BPP_200_300_0.1_0.8_0.C	91	0.000	45.500	1.033
BPP_200_300_0.1_0.8_0.C	91	0.000	45.500	1.071
BPP_200_300_0.1_0.8_0.C	91	0.000	45.500	1.036
BPP_200_300_0.1_0.8_0.C	91	0.000	45.500	1.066
BPP_200_300_0.1_0.8_1.C	97	3.200	50.100	1.103
BPP_200_300_0.1_0.8_1.C	97	3.400	50.200	1.115
BPP_200_300_0.1_0.8_1.C	97	3.400	50.200	1.150
BPP_200_300_0.1_0.8_1.C	97	3.400	50.200	1.104
BPP_200_300_0.1_0.8_1.C	97	3.200	50.100	1.125
BPP_200_300_0.1_0.8_1.C	97	2.800	49.900	1.112
BPP_200_300_0.1_0.8_1.C	97	3.400	50.200	1.115
BPP_200_300_0.1_0.8_1.C	97	3.200	50.100	1.122
BPP_200_300_0.1_0.8_1.C	97	3.400	50.200	1.118
BPP_200_300_0.1_0.8_1.C	97	3.200	50.100	1.687
BPP_200_300_0.1_0.8_2.C	96	0.800	48.400	1.067
BPP_200_300_0.1_0.8_2.C	95	1.600	48.300	1.123
BPP_200_300_0.1_0.8_2.C	96	0.600	48.300	1.054
BPP_200_300_0.1_0.8_2.C	95	0.200	47.600	1.075
BPP_200_300_0.1_0.8_2.C	96	0.200	48.100	1.156
BPP_200_300_0.1_0.8_2.C	95	0.800	47.900	1.075
BPP_200_300_0.1_0.8_2.C	96	0.200	48.100	1.069
BPP_200_300_0.1_0.8_2.C	96	0.800	48.400	1.074
BPP_200_300_0.1_0.8_2.C	96	0.200	48.100	1.059
BPP_200_300_0.1_0.8_2.C	95	1.200	48.100	1.077
BPP_200_300_0.1_0.8_3.C	99	9.800	54.400	1.116
BPP_200_300_0.1_0.8_3.C	99	9.800	54.400	1.116
BPP_200_300_0.1_0.8_3.C	99	9.600	54.300	1.132
BPP_200_300_0.1_0.8_3.C	99	9.800	54.400	1.122
BPP_200_300_0.1_0.8_3.C	99	9.800	54.400	1.107
BPP_200_300_0.1_0.8_3.C	99	9.600	54.300	1.137
BPP_200_300_0.1_0.8_3.C	99	9.800	54.400	1.122
BPP_200_300_0.1_0.8_3.C	99	9.800	54.400	1.124
BPP_200_300_0.1_0.8_3.C	99	9.800	54.400	1.130
BPP_200_300_0.1_0.8_3.C	99	9.800	54.400	1.119
BPP_200_300_0.1_0.8_4.C	95	7.200	51.100	1.072
BPP_200_300_0.1_0.8_4.C	94	7.600	50.800	1.073
BPP_200_300_0.1_0.8_4.C	94	7.800	50.900	1.197
BPP_200_300_0.1_0.8_4.C	94	7.800	50.900	1.115
BPP_200_300_0.1_0.8_4.C	94	7.200	50.600	1.096
BPP_200_300_0.1_0.8_4.C	95	7.200	51.100	1.073
BPP_200_300_0.1_0.8_4.C	94	7.800	50.900	1.059
BPP_200_300_0.1_0.8_4.C	94	8.000	51.000	1.124
BPP_200_300_0.1_0.8_4.C	94	8.000	51.000	1.065
BPP_200_300_0.1_0.8_4.C	94	7.200	50.600	1.220
BPP_200_300_0.1_0.8_5.C	89	1.200	45.100	1.066
BPP_200_300_0.1_0.8_5.C	89	1.400	45.200	1.003
BPP_200_300_0.1_0.8_5.C	89	1.400	45.200	1.017
BPP_200_300_0.1_0.8_5.C	89	1.600	45.300	1.032
BPP_200_300_0.1_0.8_5.C	89	1.200	45.100	1.039
BPP_200_300_0.1_0.8_5.C	89	1.800	45.400	1.043
BPP_200_300_0.1_0.8_5.C	89	1.400	45.200	1.043
BPP_200_300_0.1_0.8_5.C	89	1.600	45.300	1.069
BPP_200_300_0.1_0.8_5.C	89	1.200	45.100	1.178
BPP_200_300_0.1_0.8_5.C	89	1.400	45.200	1.027
BPP_200_300_0.1_0.8_6.C	98	3.800	50.900	1.105
BPP_200_300_0.1_0.8_6.C	98	2.600	50.300	1.102
BPP_200_300_0.1_0.8_6.C	98	3.800	50.900	1.132
BPP_200_300_0.1_0.8_6.C	98	3.800	50.900	1.103
BPP_200_300_0.1_0.8_6.C	99	2.800	50.900	1.097
BPP_200_300_0.1_0.8_6.C	98	3.200	50.600	1.095
BPP_200_300_0.1_0.8_6.C	99	3.000	51.000	1.114
BPP_200_300_0.1_0.8_6.C	98	3.200	50.600	1.155
BPP_200_300_0.1_0.8_6.C	99	2.600	50.800	1.633
BPP_200_300_0.1_0.8_6.C	98	3.200	50.600	1.089
BPP_200_300_0.1_0.8_7.C	91	0.400	45.700	1.038
BPP_200_300_0.1_0.8_7.C	91	0.400	45.700	1.248
BPP_200_300_0.1_0.8_7.C	91	0.000	45.500	1.734
BPP_200_300_0.1_0.8_7.C	91	0.400	45.700	1.016
BPP_200_300_0.1_0.8_7.C	91	0.400	45.700	1.031
BPP_200_300_0.1_0.8_7.C	91	0.400	45.700	1.049
BPP_200_300_0.1_0.8_7.C	90	0.000	45.000	1.039
BPP_200_300_0.1_0.8_7.C	91	0.400	45.700	1.044
BPP_200_300_0.1_0.8_7.C	91	0.600	45.800	1.086
BPP_200_300_0.1_0.8_7.C	91	0.400	45.700	1.048
BPP_200_300_0.1_0.8_8.C	92	4.800	48.400	1.077
BPP_200_300_0.1_0.8_8.C	92	4.800	48.400	1.096
BPP_200_300_0.1_0.8_8.C	92	5.000	48.500	1.054
BPP_200_300_0.1_0.8_8.C	92	4.400	48.200	1.065
BPP_200_300_0.1_0.8_8.C	92	5.000	48.500	1.481
BPP_200_300_0.1_0.8_8.C	92	4.600	48.300	1.092
BPP_200_300_0.1_0.8_8.C	92	4.800	48.400	1.078
BPP_200_300_0.1_0.8_8.C	92	4.600	48.300	1.056
BPP_200_300_0.1_0.8_8.C	92	4.800	48.400	1.074
BPP_200_300_0.1_0.8_8.C	92	4.400	48.200	1.097
BPP_200_300_0.1_0.8_9.C	99	5.800	52.400	1.086
BPP_200_300_0.1_0.8_9.C	99	5.800	52.400	1.107
BPP_200_300_0.1_0.8_9.C	99	5.800	52.400	1.086
BPP_200_300_0.1_0.8_9.C	99	5.800	52.400	1.083
BPP_200_300_0.1_0.8_9.C	99	6.000	52.500	1.098
BPP_200_300_0.1_0.8_9.C	99	5.800	52.400	1.166
BPP_200_300_0.1_0.8_9.C	99	5.600	52.300	1.089
BPP_200_300_0.1_0.8_9.C	99	5.800	52.400	1.089
BPP_200_300_0.1_0.8_9.C	99	5.800	52.400	1.102
BPP_200_300_0.1_0.8_9.C	99	5.600	52.300	1.101
BPP_200_400_0.1_0.8_0.C	101	6.200	53.600	1.602
BPP_200_400_0.1_0.8_0.C	101	7.000	54.000	1.630
BPP_200_400_0.1_0.8_0.C	101	5.800	53.400	1.617
BPP_200_400_0.1_0.8_0.C	101	6.600	53.800	2.012
BPP_200_400_0.1_0.8_0.C	101	6.200	53.600	1.633
BPP_200_400_0.1_0.8_0.C	101	6.600	53.800	1.631
BPP_200_400_0.1_0.8_0.C	101	6.800	53.900	1.599
BPP_200_400_0.1_0.8_0.C	101	6.400	53.700	1.599
BPP_200_400_0.1_0.8_0.C	101	6.000	53.500	1.595
BPP_200_400_0.1_0.8_0.C	101	6.000	53.500	1.637
BPP_200_400_0.1_0.8_1.C	95	0.400	47.700	1.596
BPP_200_400_0.1_0.8_1.C	95	0.400	47.700	1.563
BPP_200_400_0.1_0.8_1.C	95	0.400	47.700	1.525
BPP_200_400_0.1_0.8_1.C	95	0.400	47.700	1.525
BPP_200_400_0.1_0.8_1.C	95	0.400	47.700	1.533
BPP_200_400_0.1_0.8_1.C	95	0.400	47.700	1.515
BPP_200_400_0.1_0.8_1.C	95	0.400	47.700	1.563
BPP_200_400_0.1_0.8_1.C	95	0.400	47.700	1.512
BPP_200_400_0.1_0.8_1.C	95	0.400	47.700	1.513
BPP_200_400_0.1_0.8_1.C	95	0.400	47.700	1.536
BPP_200_400_0.1_0.8_2.C	99	2.800	50.900	1.595
BPP_200_400_0.1_0.8_2.C	99	2.800	50.900	1.586
BPP_200_400_0.1_0.8_2.C	99	1.800	50.400	1.616
BPP_200_400_0.1_0.8_2.C	99	1.800	50.400	1.596
BPP_200_400_0.1_0.8_2.C	99	1.800	50.400	1.596
BPP_200_400_0.1_0.8_2.C	99	1.800	50.400	1.635
BPP_200_400_0.1_0.8_2.C	99	2.600	50.800	1.609
BPP_200_400_0.1_0.8_2.C	99	1.800	50.400	1.670
BPP_200_400_0.1_0.8_2.C	99	2.000	50.500	1.633
BPP_200_400_0.1_0.8_2.C	99	1.800	50.400	1.630
BPP_200_400_0.1_0.8_3.C	97	3.600	50.300	1.521
BPP_200_400_0.1_0.8_3.C	97	3.800	50.400	1.529
BPP_200_400_0.1_0.8_3.C	96	3.200	49.600	1.543
BPP_200_400_0.1_0.8_3.C	97	3.200	50.100	1.557
BPP_200_400_0.1_0.8_3.C	97	3.400	50.200	1.517
BPP_200_400_0.1_0.8_3.C	96	4.600	50.300	1.525
BPP_200_400_0.1_0.8_3.C	96	3.400	49.700	1.521
BPP_200_400_0.1_0.8_3.C	97	3.200	50.100	1.539
BPP_200_400_0.1_0.8_3.C	97	3.400	50.200	1.524
BPP_200_400_0.1_0.8_3.C	97	3.200	50.100	1.523
BPP_200_400_0.1_0.8_4.C	94	7.600	50.800	1.527
BPP_200_400_0.1_0.8_4.C	93	7.800	50.400	1.549
BPP_200_400_0.1_0.8_4.C	93	8.000	50.500	1.524
BPP_200_400_0.1_0.8_4.C	93	8.000	50.500	1.478
BPP_200_400_0.1_0.8_4.C	93	7.800	50.400	1.591
BPP_200_400_0.1_0.8_4.C	93	8.000	50.500	1.462
BPP_200_400_0.1_0.8_4.C	94	7.800	50.900	1.503
BPP_200_400_0.1_0.8_4.C	93	8.800	50.900	1.475
BPP_200_400_0.1_0.8_4.C	93	7.800	50.400	1.539
BPP_200_400_0.1_0.8_4.C	93	8.000	50.500	1.529
BPP_200_400_0.1_0.8_5.C	88	2.800	45.400	1.392
BPP_200_400_0.1_0.8_5.C	88	2.800	45.400	1.397
BPP_200_400_0.1_0.8_5.C	88	2.800	45.400	1.388
BPP_200_400_0.1_0.8_5.C	88	2.600	45.300	1.388
BPP_200_400_0.1_0.8_5.C	88	2.800	45.400	1.393
BPP_200_400_0.1_0.8_5.C	88	2.800	45.400	1.517
BPP_200_400_0.1_0.8_5.C	88	2.800	45.400	1.391
BPP_200_400_0.1_0.8_5.C	88	2.800	45.400	1.401
BPP_200_400_0.1_0.8_5.C	88	2.800	45.400	1.383
BPP_200_400_0.1_0.8_5.C	88	3.000	45.500	1.401
BPP_200_400_0.1_0.8_6.C	91	1.800	46.400	1.464
BPP_200_400_0.1_0.8_6.C	91	1.600	46.300	1.451
BPP_200_400_0.1_0.8_6.C	91	2.000	46.500	1.470
BPP_200_400_0.1_0.8_6.C	91	1.600	46.300	1.461
BPP_200_400_0.1_0.8_6.C	91	1.800	46.400	1.447
BPP_200_400_0.1_0.8_6.C	91	1.800	46.400	1.929
BPP_200_400_0.1_0.8_6.C	91	1.600	46.300	1.496
BPP_200_400_0.1_0.8_6.C	91	1.800	46.400	1.443
BPP_200_400_0.1_0.8_6.C	91	1.600	46.300	1.451
BPP_200_400_0.1_0.8_6.C	91	1.600	46.300	1.466
BPP_200_400_0.1_0.8_7.C	96	0.600	48.300	1.903
BPP_200_400_0.1_0.8_7.C	95	0.600	47.800	1.514
BPP_200_400_0.1_0.8_7.C	96	0.400	48.200	1.634
BPP_200_400_0.1_0.8_7.C	96	0.600	48.300	1.502
BPP_200_400_0.1_0.8_7.C	96	0.600	48.300	1.568
BPP_200_400_0.1_0.8_7.C	95	1.000	48.000	2.000
BPP_200_400_0.1_0.8_7.C	95	0.600	47.800	1.511
BPP_200_400_0.1_0.8_7.C	96	0.400	48.200	1.510
BPP_200_400_0.1_0.8_7.C	96	0.600	48.300	1.508
BPP_200_400_0.1_0.8_7.C	96	0.600	48.300	1.550
BPP_200_400_0.1_0.8_8.C	95	0.800	47.900	1.527
BPP_200_400_0.1_0.8_8.C	95	1.200	48.100	1.619
BPP_200_400_0.1_0.8_8.C	94	0.800	47.400	1.586
BPP_200_400_0.1_0.8_8.C	94	1.600	47.800	1.506
BPP_200_400_0.1_0.8_8.C	94	0.800	47.400	1.524
BPP_200_400_0.1_0.8_8.C	94	1.600	47.800	1.540
BPP_200_400_0.1_0.8_8.C	94	1.400	47.700	1.532
BPP_200_400_0.1_0.8_8.C	95	0.800	47.900	1.545
BPP_200_400_0.1_0.8_8.C	94	0.800	47.400	1.612
BPP_200_400_0.1_0.8_8.C	95	0.800	47.900	1.525
BPP_200_400_0.1_0.8_9.C	97	2.000	49.500	1.554
BPP_200_400_0.1_0.8_9.C	97	2.000	49.500	1.531
BPP_200_400_0.1_0.8_9.C	97	2.000	49.500	1.530
BPP_200_400_0.1_0.8_9.C	97	2.000	49.500	1.529
BPP_200_400_0.1_0.8_9.C	97	2.000	49.500	1.544
BPP_200_400_0.1_0.8_9.C	97	2.000	49.500	1.518
BPP_200_400_0.1_0.8_9.C	97	2.000	49.500	1.551
BPP_200_400_0.1_0.8_9.C	97	2.200	49.600	1.533
BPP_200_400_0.1_0.8_9.C	97	2.000	49.500	1.527
BPP_200_400_0.1_0.8_9.C	97	2.000	49.500	1.554
BPP_200_500_0.1_0.8_0.C	101	3.800	52.400	1.821
BPP_200_500_0.1_0.8_0.C	100	4.000	52.000	1.776
BPP_200_500_0.1_0.8_0.C	101	3.600	52.300	1.780
BPP_200_500_0.1_0.8_0.C	101	4.200	52.600	1.789
BPP_200_500_0.1_0.8_0.C	101	3.600	52.300	1.805
BPP_200_500_0.1_0.8_0.C	101	4.200	52.600	1.803
BPP_200_500_0.1_0.8_0.C	101	3.800	52.400	2.186
BPP_200_500_0.1_0.8_0.C	100	4.200	52.100	1.785
BPP_200_500_0.1_0.8_0.C	101	3.600	52.300	1.825
BPP_200_500_0.1_0.8_0.C	100	4.600	52.300	1.843
BPP_200_500_0.1_0.8_1.C	93	6.400	49.700	1.774
BPP_200_500_0.1_0.8_1.C	93	5.800	49.400	1.701
BPP_200_500_0.1_0.8_1.C	93	5.600	49.300	1.677
BPP_200_500_0.1_0.8_1.C	93	6.000	49.500	1.709
BPP_200_500_0.1_0.8_1.C	93	5.800	49.400	1.670
BPP_200_500_0.1_0.8_1.C	93	5.800	49.400	1.708
BPP_200_500_0.1_0.8_1.C	93	6.000	49.500	1.674
BPP_200_500_0.1_0.8_1.C	93	5.600	49.300	1.693
BPP_200_500_0.1_0.8_1.C	93	6.000	49.500	1.718
BPP_200_500_0.1_0.8_1.C	93	6.000	49.500	1.694
BPP_200_500_0.1_0.8_2.C	87	7.000	47.000	2.121
BPP_200_500_0.1_0.8_2.C	87	7.200	47.100	2.433
BPP_200_500_0.1_0.8_2.C	87	7.200	47.100	1.577
BPP_200_500_0.1_0.8_2.C	87	7.200	47.100	1.574
BPP_200_500_0.1_0.8_2.C	87	7.200	47.100	1.584
BPP_200_500_0.1_0.8_2.C	87	7.000	47.000	1.592
BPP_200_500_0.1_0.8_2.C	87	7.200	47.100	1.778
BPP_200_500_0.1_0.8_2.C	87	7.200	47.100	1.864
BPP_200_500_0.1_0.8_2.C	87	7.200	47.100	2.411
BPP_200_500_0.1_0.8_2.C	87	7.000	47.000	1.582
BPP_200_500_0.1_0.8_3.C	93	11.600	52.300	1.681
BPP_200_500_0.1_0.8_3.C	93	11.400	52.200	1.728
BPP_200_500_0.1_0.8_3.C	93	11.400	52.200	1.709
BPP_200_500_0.1_0.8_3.C	93	11.600	52.300	1.684
BPP_200_500_0.1_0.8_3.C	93	11.600	52.300	1.717
BPP_200_500_0.1_0.8_3.C	93	11.400	52.200	1.751
BPP_200_500_0.1_0.8_3.C	93	11.400	52.200	2.423
BPP_200_500_0.1_0.8_3.C	93	11.400	52.200	1.680
BPP_200_500_0.1_0.8_3.C	93	11.400	52.200	1.694
BPP_200_500_0.1_0.8_3.C	93	11.400	52.200	1.685
BPP_200_500_0.1_0.8_4.C	92	3.600	47.800	1.682
BPP_200_500_0.1_0.8_4.C	92	3.200	47.600	1.712
BPP_200_500_0.1_0.8_4.C	92	3.200	47.600	1.679
BPP_200_500_0.1_0.8_4.C	92	3.400	47.700	1.650
BPP_200_500_0.1_0.8_4.C	92	3.200	47.600	1.662
BPP_200_500_0.1_0.8_4.C	92	3.400	47.700	1.656
BPP_200_500_0.1_0.8_4.C	92	3.400	47.700	1.657
BPP_200_500_0.1_0.8_4.C	92	4.000	48.000	1.704
BPP_200_500_0.1_0.8_4.C	92	3.000	47.500	1.686
BPP_200_500_0.1_0.8_4.C	92	3.200	47.600	1.681
BPP_200_500_0.1_0.8_5.C	97	2.000	49.500	2.227
BPP_200_500_0.1_0.8_5.C	96	2.600	49.300	1.746
BPP_200_500_0.1_0.8_5.C	97	2.200	49.600	1.754
BPP_200_500_0.1_0.8_5.C	97	2.000	49.500	1.769
BPP_200_500_0.1_0.8_5.C	97	2.000	49.500	1.772
BPP_200_500_0.1_0.8_5.C	97	2.000	49.500	2.442
BPP_200_500_0.1_0.8_5.C	96	2.200	49.100	2.833
BPP_200_500_0.1_0.8_5.C	97	2.000	49.500	1.742
BPP_200_500_0.1_0.8_5.C	97	2.200	49.600	2.099
BPP_200_500_0.1_0.8_5.C	97	2.000	49.500	1.779
BPP_200_500_0.1_0.8_6.C	97	1.800	49.400	1.737
BPP_200_500_0.1_0.8_6.C	97	1.800	49.400	1.754
BPP_200_500_0.1_0.8_6.C	97	1.800	49.400	1.789
BPP_200_500_0.1_0.8_6.C	97	1.800	49.400	1.748
BPP_200_500_0.1_0.8_6.C	97	1.800	49.400	1.752
BPP_200_500_0.1_0.8_6.C	97	1.800	49.400	1.831
BPP_200_500_0.1_0.8_6.C	97	1.800	49.400	1.844
BPP_200_500_0.1_0.8_6.C	96	2.400	49.200	1.741
BPP_200_500_0.1_0.8_6.C	96	2.800	49.400	1.759
BPP_200_500_0.1_0.8_6.C	97	1.800	49.400	1.779
BPP_200_500_0.1_0.8_7.C	90	9.000	49.500	2.149
BPP_200_500_0.1_0.8_7.C	90	9.200	49.600	1.924
BPP_200_500_0.1_0.8_7.C	91	9.000	50.000	1.679
BPP_200_500_0.1_0.8_7.C	90	9.000	49.500	1.633
BPP_200_500_0.1_0.8_7.C	90	9.000	49.500	1.620
BPP_200_500_0.1_0.8_7.C	90	8.800	49.400	1.672
BPP_200_500_0.1_0.8_7.C	90	9.400	49.700	1.626
BPP_200_500_0.1_0.8_7.C	90	9.200	49.600	1.656
BPP_200_500_0.1_0.8_7.C	90	9.200	49.600	1.633
BPP_200_500_0.1_0.8_7.C	90	9.200	49.600	1.646
BPP_200_500_0.1_0.8_8.C	107	7.800	57.400	1.898
BPP_200_500_0.1_0.8_8.C	107	8.600	57.800	1.909
BPP_200_500_0.1_0.8_8.C	107	7.400	57.200	2.041
BPP_200_500_0.1_0.8_8.C	108	7.000	57.500	1.971
BPP_200_500_0.1_0.8_8.C	107	7.200	57.100	1.919
BPP_200_500_0.1_0.8_8.C	107	6.800	56.900	2.261
BPP_200_500_0.1_0.8_8.C	107	7.800	57.400	1.923
BPP_200_500_0.1_0.8_8.C	107	8.200	57.600	2.150
BPP_200_500_0.1_0.8_8.C	107	7.600	57.300	1.888
BPP_200_500_0.1_0.8_8.C	107	8.200	57.600	1.885
BPP_200_500_0.1_0.8_9.C	94	5.400	49.700	1.710
BPP_200_500_0.1_0.8_9.C	94	4.600	49.300	1.711
BPP_200_500_0.1_0.8_9.C	94	4.800	49.400	1.711
BPP_200_500_0.1_0.8_9.C	95	4.600	49.800	1.745
BPP_200_500_0.1_0.8_9.C	94	4.800	49.400	1.697
BPP_200_500_0.1_0.8_9.C	95	5.200	50.100	1.718
BPP_200_500_0.1_0.8_9.C	94	5.200	49.600	1.720
BPP_200_500_0.1_0.8_9.C	95	4.800	49.900	1.775
BPP_200_500_0.1_0.8_9.C	95	5.200	50.100	1.723
BPP_200_500_0.1_0.8_9.C	95	4.000	49.500	1.706
BPP_200_50_0.1_0.8_0.C	84	2.000	43.000	0.201
BPP_200_50_0.1_0.8_0.C	84	2.000	43.000	0.200
BPP_200_50_0.1_0.8_0.C	84	2.000	43.000	0.203
BPP_200_50_0.1_0.8_0.C	84	2.200	43.100	0.202
BPP_200_50_0.1_0.8_0.C	84	2.000	43.000	0.202
BPP_200_50_0.1_0.8_0.C	84	2.200	43.100	0.208
BPP_200_50_0.1_0.8_0.C	84	2.000	43.000	0.203
BPP_200_50_0.1_0.8_0.C	84	2.000	43.000	0.203
BPP_200_50_0.1_0.8_0.C	84	2.000	43.000	0.201
BPP_200_50_0.1_0.8_0.C	84	2.200	43.100	0.207
BPP_200_50_0.1_0.8_1.C	93	2.800	47.900	0.231
BPP_200_50_0.1_0.8_1.C	93	3.600	48.300	0.223
BPP_200_50_0.1_0.8_1.C	93	2.800	47.900	0.225
BPP_200_50_0.1_0.8_1.C	93	3.800	48.400	0.241
BPP_200_50_0.1_0.8_1.C	94	2.800	48.400	0.229
BPP_200_50_0.1_0.8_1.C	93	2.800	47.900	0.236
BPP_200_50_0.1_0.8_1.C	93	3.400	48.200	0.232
BPP_200_50_0.1_0.8_1.C	93	2.800	47.900	0.235
BPP_200_50_0.1_0.8_1.C	93	2.800	47.900	0.224
BPP_200_50_0.1_0.8_1.C	93	2.800	47.900	0.222
BPP_200_50_0.1_0.8_2.C	87	6.200	46.600	0.215
BPP_200_50_0.1_0.8_2.C	88	4.800	46.400	0.222
BPP_200_50_0.1_0.8_2.C	88	4.800	46.400	0.217
BPP_200_50_0.1_0.8_2.C	88	4.800	46.400	0.216
BPP_200_50_0.1_0.8_2.C	87	6.000	46.500	0.222
BPP_200_50_0.1_0.8_2.C	88	4.800	46.400	0.217
BPP_200_50_0.1_0.8_2.C	88	4.800	46.400	0.221
BPP_200_50_0.1_0.8_2.C	87	5.800	46.400	0.215
BPP_200_50_0.1_0.8_2.C	87	6.000	46.500	0.219
BPP_200_50_0.1_0.8_2.C	88	4.800	46.400	0.225
BPP_200_50_0.1_0.8_3.C	93	2.800	47.900	0.224
BPP_200_50_0.1_0.8_3.C	93	2.800	47.900	0.224
BPP_200_50_0.1_0.8_3.C	93	2.800	47.900	0.226
BPP_200_50_0.1_0.8_3.C	93	3.000	48.000	0.230
BPP_200_50_0.1_0.8_3.C	93	2.800	47.900	0.232
BPP_200_50_0.1_0.8_3.C	93	2.800	47.900	0.227
BPP_200_50_0.1_0.8_3.C	93	2.800	47.900	0.229
BPP_200_50_0.1_0.8_3.C	93	2.800	47.900	0.227
BPP_200_50_0.1_0.8_3.C	93	2.800	47.900	0.236
BPP_200_50_0.1_0.8_3.C	93	2.800	47.900	0.224
BPP_200_50_0.1_0.8_4.C	93	0.200	46.600	0.221
BPP_200_50_0.1_0.8_4.C	94	0.200	47.100	0.217
BPP_200_50_0.1_0.8_4.C	94	0.200	47.100	0.222
BPP_200_50_0.1_0.8_4.C	93	1.000	47.000	0.225
BPP_200_50_0.1_0.8_4.C	93	0.200	46.600	0.226
BPP_200_50_0.1_0.8_4.C	93	0.800	46.900	0.221
BPP_200_50_0.1_0.8_4.C	93	0.200	46.600	0.221
BPP_200_50_0.1_0.8_4.C	93	0.600	46.800	0.227
BPP_200_50_0.1_0.8_4.C	94	0.200	47.100	0.245
BPP_200_50_0.1_0.8_4.C	94	0.200	47.100	0.260
BPP_200_50_0.1_0.8_5.C	96	0.200	48.100	0.234
BPP_200_50_0.1_0.8_5.C	95	0.200	47.600	0.227
BPP_200_50_0.1_0.8_5.C	96	0.200	48.100	0.230
BPP_200_50_0.1_0.8_5.C	95	0.800	47.900	0.236
BPP_200_50_0.1_0.8_5.C	96	0.200	48.100	0.234
BPP_200_50_0.1_0.8_5.C	95	0.200	47.600	0.229
BPP_200_50_0.1_0.8_5.C	95	1.200	48.100	0.234
BPP_200_50_0.1_0.8_5.C	96	0.200	48.100	0.237
BPP_200_50_0.1_0.8_5.C	96	0.200	48.100	0.225
BPP_200_50_0.1_0.8_5.C	95	0.200	47.600	0.245
BPP_200_50_0.1_0.8_6.C	98	0.200	49.100	0.241
BPP_200_50_0.1_0.8_6.C	98	0.200	49.100	0.245
BPP_200_50_0.1_0.8_6.C	98	0.200	49.100	0.235
BPP_200_50_0.1_0.8_6.C	98	0.200	49.100	0.234
BPP_200_50_0.1_0.8_6.C	98	0.200	49.100	0.240
BPP_200_50_0.1_0.8_6.C	98	0.200	49.100	0.239
BPP_200_50_0.1_0.8_6.C	98	0.200	49.100	0.233
BPP_200_50_0.1_0.8_6.C	98	0.200	49.100	0.236
BPP_200_50_0.1_0.8_6.C	98	0.200	49.100	0.254
BPP_200_50_0.1_0.8_6.C	98	0.200	49.100	0.236
BPP_200_50_0.1_0.8_7.C	90	2.600	46.300	0.224
BPP_200_50_0.1_0.8_7.C	89	3.400	46.200	0.333
BPP_200_50_0.1_0.8_7.C	89	3.200	46.100	0.315
BPP_200_50_0.1_0.8_7.C	89	3.000	46.000	0.227
BPP_200_50_0.1_0.8_7.C	89	3.000	46.000	0.223
BPP_200_50_0.1_0.8_7.C	90	2.600	46.300	0.226
BPP_200_50_0.1_0.8_7.C	89	3.000	46.000	0.224
BPP_200_50_0.1_0.8_7.C	90	2.600	46.300	0.238
BPP_200_50_0.1_0.8_7.C	89	3.200	46.100	0.232
BPP_200_50_0.1_0.8_7.C	89	3.000	46.000	0.267
BPP_200_50_0.1_0.8_8.C	87	2.200	44.600	0.214
BPP_200_50_0.1_0.8_8.C	87	2.200	44.600	0.215
BPP_200_50_0.1_0.8_8.C	87	2.200	44.600	0.214
BPP_200_50_0.1_0.8_8.C	86	2.600	44.300	0.222
BPP_200_50_0.1_0.8_8.C	86	3.200	44.600	0.212
BPP_200_50_0.1_0.8_8.C	87	2.200	44.600	0.208
BPP_200_50_0.1_0.8_8.C	86	3.200	44.600	0.214
BPP_200_50_0.1_0.8_8.C	87	2.200	44.600	0.214
BPP_200_50_0.1_0.8_8.C	87	2.200	44.600	0.213
BPP_200_50_0.1_0.8_8.C	87	2.600	44.800	0.209
BPP_200_50_0.1_0.8_9.C	91	4.200	47.600	0.219
BPP_200_50_0.1_0.8_9.C	91	4.200	47.600	0.218
BPP_200_50_0.1_0.8_9.C	90	5.000	47.500	0.216
BPP_200_50_0.1_0.8_9.C	91	4.200	47.600	0.221
BPP_200_50_0.1_0.8_9.C	91	4.200	47.600	0.232
BPP_200_50_0.1_0.8_9.C	91	4.200	47.600	0.221
BPP_200_50_0.1_0.8_9.C	91	4.200	47.600	0.241
BPP_200_50_0.1_0.8_9.C	91	4.200	47.600	0.231
BPP_200_50_0.1_0.8_9.C	91	4.200	47.600	0.231
BPP_200_50_0.1_0.8_9.C	90	5.200	47.600	0.226
BPP_200_750_0.1_0.8_0.C	93	11.200	52.100	2.463
BPP_200_750_0.1_0.8_0.C	93	10.800	51.900	2.438
BPP_200_750_0.1_0.8_0.C	93	10.600	51.800	3.461
BPP_200_750_0.1_0.8_0.C	93	11.000	52.000	2.446
BPP_200_750_0.1_0.8_0.C	93	10.400	51.700	2.478
BPP_200_750_0.1_0.8_0.C	93	11.200	52.100	2.462
BPP_200_750_0.1_0.8_0.C	93	10.200	51.600	2.431
BPP_200_750_0.1_0.8_0.C	93	10.400	51.700	2.477
BPP_200_750_0.1_0.8_0.C	93	11.000	52.000	3.076
BPP_200_750_0.1_0.8_0.C	93	10.400	51.700	2.439
BPP_200_750_0.1_0.8_1.C	92	6.800	49.400	2.460
BPP_200_750_0.1_0.8_1.C	92	6.600	49.300	2.936
BPP_200_750_0.1_0.8_1.C	92	7.000	49.500	2.479
BPP_200_750_0.1_0.8_1.C	92	7.200	49.600	2.760
BPP_200_750_0.1_0.8_1.C	92	6.800	49.400	2.415
BPP_200_750_0.1_0.8_1.C	92	6.800	49.400	2.446
BPP_200_750_0.1_0.8_1.C	92	6.200	49.100	2.424
BPP_200_750_0.1_0.8_1.C	92	7.200	49.600	2.437
BPP_200_750_0.1_0.8_1.C	92	7.200	49.600	2.572
BPP_200_750_0.1_0.8_1.C	92	6.800	49.400	2.577
BPP_200_750_0.1_0.8_2.C	94	6.000	50.000	3.480
BPP_200_750_0.1_0.8_2.C	94	6.000	50.000	2.512
BPP_200_750_0.1_0.8_2.C	94	6.000	50.000	2.467
BPP_200_750_0.1_0.8_2.C	94	6.000	50.000	2.536
BPP_200_750_0.1_0.8_2.C	94	6.000	50.000	2.513
BPP_200_750_0.1_0.8_2.C	94	6.000	50.000	2.578
BPP_200_750_0.1_0.8_2.C	94	6.000	50.000	3.767
BPP_200_750_0.1_0.8_2.C	94	6.000	50.000	2.505
BPP_200_750_0.1_0.8_2.C	94	6.000	50.000	2.529
BPP_200_750_0.1_0.8_2.C	94	6.200	50.100	2.496
BPP_200_750_0.1_0.8_3.C	93	9.000	51.000	2.472
BPP_200_750_0.1_0.8_3.C	92	9.200	50.600	2.694
BPP_200_750_0.1_0.8_3.C	93	8.800	50.900	3.102
BPP_200_750_0.1_0.8_3.C	93	8.600	50.800	2.478
BPP_200_750_0.1_0.8_3.C	93	8.800	50.900	2.450
BPP_200_750_0.1_0.8_3.C	93	9.000	51.000	2.473
BPP_200_750_0.1_0.8_3.C	93	8.800	50.900	2.435
BPP_200_750_0.1_0.8_3.C	93	8.600	50.800	3.644
BPP_200_750_0.1_0.8_3.C	93	8.800	50.900	3.719
BPP_200_750_0.1_0.8_3.C	92	9.400	50.700	2.439
BPP_200_750_0.1_0.8_4.C	94	1.600	47.800	2.464
BPP_200_750_0.1_0.8_4.C	94	1.600	47.800	3.247
BPP_200_750_0.1_0.8_4.C	94	1.600	47.800	2.781
BPP_200_750_0.1_0.8_4.C	94	1.600	47.800	2.498
BPP_200_750_0.1_0.8_4.C	94	1.600	47.800	2.513
BPP_200_750_0.1_0.8_4.C	94	1.600	47.800	3.066
BPP_200_750_0.1_0.8_4.C	94	1.600	47.800	2.504
BPP_200_750_0.1_0.8_4.C	94	1.600	47.800	2.500
BPP_200_750_0.1_0.8_4.C	94	1.600	47.800	2.483
BPP_200_750_0.1_0.8_4.C	94	1.600	47.800	2.516
BPP_200_750_0.1_0.8_5.C	90	4.600	47.300	2.399
BPP_200_750_0.1_0.8_5.C	90	4.600	47.300	2.463
BPP_200_750_0.1_0.8_5.C	90	4.000	47.000	2.425
BPP_200_750_0.1_0.8_5.C	90	5.000	47.500	2.410
BPP_200_750_0.1_0.8_5.C	90	4.200	47.100	2.983
BPP_200_750_0.1_0.8_5.C	90	4.400	47.200	2.403
BPP_200_750_0.1_0.8_5.C	90	4.600	47.300	2.380
BPP_200_750_0.1_0.8_5.C	90	4.600	47.300	2.417
BPP_200_750_0.1_0.8_5.C	90	4.400	47.200	2.453
BPP_200_750_0.1_0.8_5.C	90	4.600	47.300	2.408
BPP_200_750_0.1_0.8_6.C	93	3.400	48.200	2.432
BPP_200_750_0.1_0.8_6.C	94	2.600	48.300	2.429
BPP_200_750_0.1_0.8_6.C	93	4.000	48.500	2.444
BPP_200_750_0.1_0.8_6.C	93	3.200	48.100	2.489
BPP_200_750_0.1_0.8_6.C	94	2.800	48.400	2.526
BPP_200_750_0.1_0.8_6.C	93	3.800	48.400	2.468
BPP_200_750_0.1_0.8_6.C	93	3.400	48.200	2.480
BPP_200_750_0.1_0.8_6.C	93	3.200	48.100	2.818
BPP_200_750_0.1_0.8_6.C	94	2.800	48.400	3.606
BPP_200_750_0.1_0.8_6.C	94	2.800	48.400	2.427
BPP_200_750_0.1_0.8_7.C	95	3.200	49.100	3.832
BPP_200_750_0.1_0.8_7.C	96	2.800	49.400	2.574
BPP_200_750_0.1_0.8_7.C	95	3.200	49.100	2.506
BPP_200_750_0.1_0.8_7.C	95	3.600	49.300	2.487
BPP_200_750_0.1_0.8_7.C	96	2.800	49.400	2.571
BPP_200_750_0.1_0.8_7.C	95	3.200	49.100	2.989
BPP_200_750_0.1_0.8_7.C	95	3.000	49.000	2.488
BPP_200_750_0.1_0.8_7.C	95	3.200	49.100	2.542
BPP_200_750_0.1_0.8_7.C	95	3.000	49.000	2.477
BPP_200_750_0.1_0.8_7.C	95	3.200	49.100	2.509
BPP_200_750_0.1_0.8_8.C	90	2.200	46.100	2.441
BPP_200_750_0.1_0.8_8.C	90	2.000	46.000	2.384
BPP_200_750_0.1_0.8_8.C	90	2.200	46.100	2.395
BPP_200_750_0.1_0.8_8.C	90	2.200	46.100	2.439
BPP_200_750_0.1_0.8_8.C	90	2.000	46.000	2.409
BPP_200_750_0.1_0.8_8.C	90	2.200	46.100	2.400
BPP_200_750_0.1_0.8_8.C	90	2.000	46.000	2.412
BPP_200_750_0.1_0.8_8.C	90	2.000	46.000	2.444
BPP_200_750_0.1_0.8_8.C	90	2.200	46.100	2.523
BPP_200_750_0.1_0.8_8.C	90	2.200	46.100	2.477
BPP_200_750_0.1_0.8_9.C	101	4.800	52.900	2.611
BPP_200_750_0.1_0.8_9.C	101	4.600	52.800	2.613
BPP_200_750_0.1_0.8_9.C	101	4.200	52.600	2.599
BPP_200_750_0.1_0.8_9.C	101	4.800	52.900	2.776
BPP_200_750_0.1_0.8_9.C	101	5.200	53.100	3.550
BPP_200_750_0.1_0.8_9.C	101	4.600	52.800	3.593
BPP_200_750_0.1_0.8_9.C	101	4.400	52.700	2.624
BPP_200_750_0.1_0.8_9.C	101	4.400	52.700	2.604
BPP_200_750_0.1_0.8_9.C	101	4.800	52.900	2.650
BPP_200_750_0.1_0.8_9.C	101	4.800	52.900	2.612
BPP_200_75_0.1_0.8_0.C	90	3.400	46.700	0.284
BPP_200_75_0.1_0.8_0.C	90	2.800	46.400	0.290
BPP_200_75_0.1_0.8_0.C	91	2.600	46.800	0.284
BPP_200_75_0.1_0.8_0.C	91	2.600	46.800	0.280
BPP_200_75_0.1_0.8_0.C	91	2.600	46.800	0.291
BPP_200_75_0.1_0.8_0.C	91	2.600	46.800	0.285
BPP_200_75_0.1_0.8_0.C	90	3.000	46.500	0.289
BPP_200_75_0.1_0.8_0.C	90	2.600	46.300	0.288
BPP_200_75_0.1_0.8_0.C	91	2.600	46.800	0.297
BPP_200_75_0.1_0.8_0.C	90	3.000	46.500	0.294
BPP_200_75_0.1_0.8_1.C	92	2.800	47.400	0.284
BPP_200_75_0.1_0.8_1.C	92	2.600	47.300	0.286
BPP_200_75_0.1_0.8_1.C	91	3.200	47.100	0.284
BPP_200_75_0.1_0.8_1.C	92	2.600	47.300	0.284
BPP_200_75_0.1_0.8_1.C	92	2.600	47.300	0.287
BPP_200_75_0.1_0.8_1.C	92	2.800	47.400	0.289
BPP_200_75_0.1_0.8_1.C	92	2.800	47.400	0.279
BPP_200_75_0.1_0.8_1.C	92	2.600	47.300	0.280
BPP_200_75_0.1_0.8_1.C	92	2.600	47.300	0.285
BPP_200_75_0.1_0.8_1.C	92	2.600	47.300	0.287
BPP_200_75_0.1_0.8_2.C	90	0.200	45.100	0.278
BPP_200_75_0.1_0.8_2.C	89	0.200	44.600	0.312
BPP_200_75_0.1_0.8_2.C	90	0.200	45.100	0.283
BPP_200_75_0.1_0.8_2.C	90	0.200	45.100	0.271
BPP_200_75_0.1_0.8_2.C	90	0.200	45.100	0.282
BPP_200_75_0.1_0.8_2.C	89	0.200	44.600	0.279
BPP_200_75_0.1_0.8_2.C	90	0.200	45.100	0.277
BPP_200_75_0.1_0.8_2.C	89	0.200	44.600	0.272
BPP_200_75_0.1_0.8_2.C	89	0.200	44.600	0.286
BPP_200_75_0.1_0.8_2.C	89	1.200	45.100	0.283
BPP_200_75_0.1_0.8_3.C	106	6.600	56.300	0.312
BPP_200_75_0.1_0.8_3.C	106	6.800	56.400	0.308
BPP_200_75_0.1_0.8_3.C	106	6.000	56.000	0.311
BPP_200_75_0.1_0.8_3.C	106	6.800	56.400	0.320
BPP_200_75_0.1_0.8_3.C	106	6.800	56.400	0.318
BPP_200_75_0.1_0.8_3.C	106	6.800	56.400	0.321
BPP_200_75_0.1_0.8_3.C	106	6.600	56.300	0.310
BPP_200_75_0.1_0.8_3.C	106	6.000	56.000	0.308
BPP_200_75_0.1_0.8_3.C	106	6.800	56.400	0.312
BPP_200_75_0.1_0.8_3.C	106	6.600	56.300	0.315
BPP_200_75_0.1_0.8_4.C	94	1.200	47.600	0.291
BPP_200_75_0.1_0.8_4.C	94	1.400	47.700	0.293
BPP_200_75_0.1_0.8_4.C	94	0.800	47.400	0.295
BPP_200_75_0.1_0.8_4.C	94	1.000	47.500	0.293
BPP_200_75_0.1_0.8_4.C	95	0.800	47.900	0.297
BPP_200_75_0.1_0.8_4.C	94	1.200	47.600	0.301
BPP_200_75_0.1_0.8_4.C	94	1.000	47.500	0.297
BPP_200_75_0.1_0.8_4.C	94	1.400	47.700	0.296
BPP_200_75_0.1_0.8_4.C	94	0.800	47.400	0.368
BPP_200_75_0.1_0.8_4.C	94	0.800	47.400	0.307
BPP_200_75_0.1_0.8_5.C	91	4.600	47.800	0.284
BPP_200_75_0.1_0.8_5.C	91	5.000	48.000	0.286
BPP_200_75_0.1_0.8_5.C	91	5.000	48.000	0.302
BPP_200_75_0.1_0.8_5.C	91	5.200	48.100	0.285
BPP_200_75_0.1_0.8_5.C	91	5.000	48.000	0.280
BPP_200_75_0.1_0.8_5.C	91	5.000	48.000	0.300
BPP_200_75_0.1_0.8_5.C	91	5.000	48.000	0.294
BPP_200_75_0.1_0.8_5.C	91	5.200	48.100	0.283
BPP_200_75_0.1_0.8_5.C	91	5.000	48.000	0.290
BPP_200_75_0.1_0.8_5.C	91	5.000	48.000	0.288
BPP_200_75_0.1_0.8_6.C	86	7.800	46.900	0.270
BPP_200_75_0.1_0.8_6.C	87	7.200	47.100	0.282
BPP_200_75_0.1_0.8_6.C	87	7.000	47.000	0.275
BPP_200_75_0.1_0.8_6.C	87	7.200	47.100	0.274
BPP_200_75_0.1_0.8_6.C	87	7.200	47.100	0.290
BPP_200_75_0.1_0.8_6.C	87	7.000	47.000	0.411
BPP_200_75_0.1_0.8_6.C	87	7.200	47.100	0.422
BPP_200_75_0.1_0.8_6.C	87	7.000	47.000	0.283
BPP_200_75_0.1_0.8_6.C	87	7.200	47.100	0.280
BPP_200_75_0.1_0.8_6.C	86	7.600	46.800	0.454
BPP_200_75_0.1_0.8_7.C	94	5.800	49.900	0.295
BPP_200_75_0.1_0.8_7.C	95	4.800	49.900	0.307
BPP_200_75_0.1_0.8_7.C	95	4.600	49.800	0.293
BPP_200_75_0.1_0.8_7.C	95	4.600	49.800	0.289
BPP_200_75_0.1_0.8_7.C	95	4.600	49.800	0.288
BPP_200_75_0.1_0.8_7.C	95	4.000	49.500	0.288
BPP_200_75_0.1_0.8_7.C	95	4.000	49.500	0.294
BPP_200_75_0.1_0.8_7.C	95	4.000	49.500	0.288
BPP_200_75_0.1_0.8_7.C	95	4.800	49.900	0.302
BPP_200_75_0.1_0.8_7.C	96	3.600	49.800	0.308
BPP_200_75_0.1_0.8_8.C	89	5.600	47.300	0.278
BPP_200_75_0.1_0.8_8.C	90	5.200	47.600	0.277
BPP_200_75_0.1_0.8_8.C	89	5.600	47.300	0.280
BPP_200_75_0.1_0.8_8.C	89	5.600	47.300	0.276
BPP_200_75_0.1_0.8_8.C	89	5.600	47.300	0.287
BPP_200_75_0.1_0.8_8.C	89	5.600	47.300	0.276
BPP_200_75_0.1_0.8_8.C	89	5.600	47.300	0.282
BPP_200_75_0.1_0.8_8.C	89	5.600	47.300	0.289
BPP_200_75_0.1_0.8_8.C	89	5.600	47.300	0.276
BPP_200_75_0.1_0.8_8.C	89	5.600	47.300	0.282
BPP_200_75_0.1_0.8_9.C	95	10.200	52.600	0.300
BPP_200_75_0.1_0.8_9.C	94	10.800	52.400	0.292
BPP_200_75_0.1_0.8_9.C	94	11.400	52.700	0.306
BPP_200_75_0.1_0.8_9.C	94	11.000	52.500	0.298
BPP_200_75_0.1_0.8_9.C	94	10.600	52.300	0.301
BPP_200_75_0.1_0.8_9.C	94	10.800	52.400	0.318
BPP_200_75_0.1_0.8_9.C	95	10.000	52.500	0.300
BPP_200_75_0.1_0.8_9.C	95	10.200	52.600	0.299
BPP_200_75_0.1_0.8_9.C	94	11.000	52.500	0.299
BPP_200_75_0.1_0.8_9.C	94	10.800	52.400	0.307
BPP_50_1000_0.1_0.8_0.C	23	8.600	15.800	0.214
BPP_50_1000_0.1_0.8_0.C	23	8.400	15.700	0.222
BPP_50_1000_0.1_0.8_0.C	23	8.600	15.800	0.210
BPP_50_1000_0.1_0.8_0.C	23	8.600	15.800	0.213
BPP_50_1000_0.1_0.8_0.C	23	8.400	15.700	0.213
BPP_50_1000_0.1_0.8_0.C	23	8.400	15.700	0.212
BPP_50_1000_0.1_0.8_0.C	23	8.200	15.600	0.219
BPP_50_1000_0.1_0.8_0.C	23	8.600	15.800	0.212
BPP_50_1000_0.1_0.8_0.C	23	8.400	15.700	0.215
BPP_50_1000_0.1_0.8_0.C	23	8.400	15.700	0.215
BPP_50_1000_0.1_0.8_1.C	23	8.200	15.600	0.217
BPP_50_1000_0.1_0.8_1.C	23	8.400	15.700	0.219
BPP_50_1000_0.1_0.8_1.C	23	8.200	15.600	0.214
BPP_50_1000_0.1_0.8_1.C	23	8.200	15.600	0.214
BPP_50_1000_0.1_0.8_1.C	23	8.200	15.600	0.215
BPP_50_1000_0.1_0.8_1.C	23	8.400	15.700	0.215
BPP_50_1000_0.1_0.8_1.C	23	8.200	15.600	0.214
BPP_50_1000_0.1_0.8_1.C	23	8.200	15.600	0.215
BPP_50_1000_0.1_0.8_1.C	23	8.200	15.600	0.225
BPP_50_1000_0.1_0.8_1.C	23	8.600	15.800	0.248
BPP_50_1000_0.1_0.8_2.C	23	6.600	14.800	0.211
BPP_50_1000_0.1_0.8_2.C	23	6.600	14.800	0.211
BPP_50_1000_0.1_0.8_2.C	23	6.600	14.800	0.225
BPP_50_1000_0.1_0.8_2.C	23	6.600	14.800	0.227
BPP_50_1000_0.1_0.8_2.C	23	6.600	14.800	0.233
BPP_50_1000_0.1_0.8_2.C	23	6.600	14.800	0.241
BPP_50_1000_0.1_0.8_2.C	23	6.600	14.800	0.210
BPP_50_1000_0.1_0.8_2.C	23	6.600	14.800	0.213
BPP_50_1000_0.1_0.8_2.C	23	7.000	15.000	0.277
BPP_50_1000_0.1_0.8_2.C	23	6.600	14.800	0.214
BPP_50_1000_0.1_0.8_3.C	24	7.800	15.900	0.223
BPP_50_1000_0.1_0.8_3.C	24	7.600	15.800	0.224
BPP_50_1000_0.1_0.8_3.C	24	7.800	15.900	0.224
BPP_50_1000_0.1_0.8_3.C	24	7.400	15.700	0.224
BPP_50_1000_0.1_0.8_3.C	24	7.800	15.900	0.224
BPP_50_1000_0.1_0.8_3.C	25	6.800	15.900	0.225
BPP_50_1000_0.1_0.8_3.C	25	6.800	15.900	0.221
BPP_50_1000_0.1_0.8_3.C	24	7.800	15.900	0.224
BPP_50_1000_0.1_0.8_3.C	25	6.800	15.900	0.226
BPP_50_1000_0.1_0.8_3.C	24	7.800	15.900	0.223
BPP_50_1000_0.1_0.8_4.C	24	2.200	13.100	0.274
BPP_50_1000_0.1_0.8_4.C	24	2.400	13.200	0.215
BPP_50_1000_0.1_0.8_4.C	24	2.400	13.200	0.215
BPP_50_1000_0.1_0.8_4.C	24	2.200	13.100	0.215
BPP_50_1000_0.1_0.8_4.C	24	2.200	13.100	0.213
BPP_50_1000_0.1_0.8_4.C	24	2.200	13.100	0.215
BPP_50_1000_0.1_0.8_4.C	24	2.400	13.200	0.214
BPP_50_1000_0.1_0.8_4.C	24	2.600	13.300	0.212
BPP_50_1000_0.1_0.8_4.C	24	2.800	13.400	0.212
BPP_50_1000_0.1_0.8_4.C	24	2.200	13.100	0.217
BPP_50_1000_0.1_0.8_5.C	28	1.400	14.700	0.236
BPP_50_1000_0.1_0.8_5.C	28	1.400	14.700	0.240
BPP_50_1000_0.1_0.8_5.C	28	1.600	14.800	0.239
BPP_50_1000_0.1_0.8_5.C	28	1.600	14.800	0.239
BPP_50_1000_0.1_0.8_5.C	28	1.400	14.700	0.241
BPP_50_1000_0.1_0.8_5.C	28	1.400	14.700	0.238
BPP_50_1000_0.1_0.8_5.C	28	1.400	14.700	0.239
BPP_50_1000_0.1_0.8_5.C	28	1.400	14.700	0.237
BPP_50_1000_0.1_0.8_5.C	28	1.400	14.700	0.242
BPP_50_1000_0.1_0.8_5.C	28	1.400	14.700	0.292
BPP_50_1000_0.1_0.8_6.C	23	1.600	12.300	0.202
BPP_50_1000_0.1_0.8_6.C	23	2.000	12.500	0.201
BPP_50_1000_0.1_0.8_6.C	23	1.600	12.300	0.200
BPP_50_1000_0.1_0.8_6.C	23	1.800	12.400	0.200
BPP_50_1000_0.1_0.8_6.C	23	1.600	12.300	0.214
BPP_50_1000_0.1_0.8_6.C	23	1.800	12.400	0.199
BPP_50_1000_0.1_0.8_6.C	23	1.600	12.300	0.200
BPP_50_1000_0.1_0.8_6.C	23	1.600	12.300	0.201
BPP_50_1000_0.1_0.8_6.C	23	1.600	12.300	0.200
BPP_50_1000_0.1_0.8_6.C	23	1.600	12.300	0.199
BPP_50_1000_0.1_0.8_7.C	24	1.000	12.500	0.248
BPP_50_1000_0.1_0.8_7.C	24	1.000	12.500	0.247
BPP_50_1000_0.1_0.8_7.C	24	1.000	12.500	0.211
BPP_50_1000_0.1_0.8_7.C	24	1.400	12.700	0.215
BPP_50_1000_0.1_0.8_7.C	24	1.000	12.500	0.214
BPP_50_1000_0.1_0.8_7.C	24	1.000	12.500	0.225
BPP_50_1000_0.1_0.8_7.C	24	1.000	12.500	0.214
BPP_50_1000_0.1_0.8_7.C	24	1.000	12.500	0.214
BPP_50_1000_0.1_0.8_7.C	24	1.400	12.700	0.215
BPP_50_1000_0.1_0.8_7.C	24	1.000	12.500	0.212
BPP_50_1000_0.1_0.8_8.C	21	2.000	11.500	0.196
BPP_50_1000_0.1_0.8_8.C	20	2.600	11.300	0.194
BPP_50_1000_0.1_0.8_8.C	20	2.600	11.300	0.198
BPP_50_1000_0.1_0.8_8.C	21	2.000	11.500	0.200
BPP_50_1000_0.1_0.8_8.C	20	2.400	11.200	0.196
BPP_50_1000_0.1_0.8_8.C	20	2.800	11.400	0.204
BPP_50_1000_0.1_0.8_8.C	20	2.400	11.200	0.197
BPP_50_1000_0.1_0.8_8.C	20	2.400	11.200	0.199
BPP_50_1000_0.1_0.8_8.C	20	2.400	11.200	0.203
BPP_50_1000_0.1_0.8_8.C	21	2.000	11.500	0.283
BPP_50_1000_0.1_0.8_9.C	23	2.400	12.700	0.214
BPP_50_1000_0.1_0.8_9.C	23	2.400	12.700	0.214
BPP_50_1000_0.1_0.8_9.C	23	2.400	12.700	0.211
BPP_50_1000_0.1_0.8_9.C	23	2.400	12.700	0.214
BPP_50_1000_0.1_0.8_9.C	23	2.400	12.700	0.214
BPP_50_1000_0.1_0.8_9.C	23	2.400	12.700	0.215
BPP_50_1000_0.1_0.8_9.C	23	2.400	12.700	0.213
BPP_50_1000_0.1_0.8_9.C	23	2.400	12.700	0.213
BPP_50_1000_0.1_0.8_9.C	23	2.200	12.600	0.213
BPP_50_1000_0.1_0.8_9.C	23	2.400	12.700	0.212
BPP_50_100_0.1_0.8_0.C	30	0.200	15.100	0.022
BPP_50_100_0.1_0.8_0.C	30	0.200	15.100	0.020
BPP_50_100_0.1_0.8_0.C	30	0.200	15.100	0.022
BPP_50_100_0.1_0.8_0.C	30	0.200	15.100	0.022
BPP_50_100_0.1_0.8_0.C	30	0.200	15.100	0.021
BPP_50_100_0.1_0.8_0.C	30	0.200	15.100	0.021
BPP_50_100_0.1_0.8_0.C	30	0.200	15.100	0.021
BPP_50_100_0.1_0.8_0.C	30	0.200	15.100	0.020
BPP_50_100_0.1_0.8_0.C	30	0.200	15.100	0.022
BPP_50_100_0.1_0.8_0.C	30	0.200	15.100	0.021
BPP_50_100_0.1_0.8_1.C	27	0.600	13.800	0.021
BPP_50_100_0.1_0.8_1.C	27	0.600	13.800	0.020
BPP_50_100_0.1_0.8_1.C	27	0.600	13.800	0.020
BPP_50_100_0.1_0.8_1.C	27	0.600	13.800	0.021
BPP_50_100_0.1_0.8_1.C	27	0.600	13.800	0.022
BPP_50_100_0.1_0.8_1.C	27	0.600	13.800	0.021
BPP_50_100_0.1_0.8_1.C	27	0.600	13.800	0.021
BPP_50_100_0.1_0.8_1.C	27	0.600	13.800	0.021
BPP_50_100_0.1_0.8_1.C	27	0.600	13.800	0.020
BPP_50_100_0.1_0.8_1.C	27	0.600	13.800	0.020
BPP_50_100_0.1_0.8_2.C	24	0.600	12.300	0.020
BPP_50_100_0.1_0.8_2.C	24	0.600	12.300	0.019
BPP_50_100_0.1_0.8_2.C	24	0.800	12.400	0.019
BPP_50_100_0.1_0.8_2.C	24	0.600	12.300	0.019
BPP_50_100_0.1_0.8_2.C	24	0.600	12.300	0.020
BPP_50_100_0.1_0.8_2.C	24	0.800	12.400	0.018
BPP_50_100_0.1_0.8_2.C	24	0.800	12.400	0.019
BPP_50_100_0.1_0.8_2.C	24	0.800	12.400	0.018
BPP_50_100_0.1_0.8_2.C	24	0.600	12.300	0.019
BPP_50_100_0.1_0.8_2.C	24	0.600	12.300	0.019
BPP_50_100_0.1_0.8_3.C	21	0.600	10.800	0.016
BPP_50_100_0.1_0.8_3.C	21	0.600	10.800	0.017
BPP_50_100_0.1_0.8_3.C	21	0.600	10.800	0.017
BPP_50_100_0.1_0.8_3.C	21	0.600	10.800	0.017
BPP_50_100_0.1_0.8_3.C	21	0.600	10.800	0.015
BPP_50_100_0.1_0.8_3.C	21	0.600	10.800	0.016
BPP_50_100_0.1_0.8_3.C	21	0.600	10.800	0.016
BPP_50_100_0.1_0.8_3.C	21	0.600	10.800	0.016
BPP_50_100_0.1_0.8_3.C	20	1.600	10.800	0.017
BPP_50_100_0.1_0.8_3.C	21	0.600	10.800	0.016
BPP_50_100_0.1_0.8_4.C	25	1.000	13.000	0.020
BPP_50_100_0.1_0.8_4.C	25	0.200	12.600	0.019
BPP_50_100_0.1_0.8_4.C	26	0.000	13.000	0.018
BPP_50_100_0.1_0.8_4.C	26	0.000	13.000	0.019
BPP_50_100_0.1_0.8_4.C	25	0.600	12.800	0.020
BPP_50_100_0.1_0.8_4.C	25	1.000	13.000	0.018
BPP_50_100_0.1_0.8_4.C	25	1.000	13.000	0.019
BPP_50_100_0.1_0.8_4.C	26	0.000	13.000	0.019
BPP_50_100_0.1_0.8_4.C	25	0.200	12.600	0.019
BPP_50_100_0.1_0.8_4.C	25	0.200	12.600	0.020
BPP_50_100_0.1_0.8_5.C	24	1.000	12.500	0.020
BPP_50_100_0.1_0.8_5.C	24	1.000	12.500	0.026
BPP_50_100_0.1_0.8_5.C	24	1.000	12.500	0.018
BPP_50_100_0.1_0.8_5.C	24	1.000	12.500	0.018
BPP_50_100_0.1_0.8_5.C	24	1.000	12.500	0.020
BPP_50_100_0.1_0.8_5.C	24	1.000	12.500	0.018
BPP_50_100_0.1_0.8_5.C	24	1.000	12.500	0.018
BPP_50_100_0.1_0.8_5.C	24	1.000	12.500	0.018
BPP_50_100_0.1_0.8_5.C	24	1.000	12.500	0.021
BPP_50_100_0.1_0.8_5.C	24	1.000	12.500	0.018
BPP_50_100_0.1_0.8_6.C	25	0.800	12.900	0.019
BPP_50_100_0.1_0.8_6.C	25	1.000	13.000	0.019
BPP_50_100_0.1_0.8_6.C	25	0.800	12.900	0.019
BPP_50_100_0.1_0.8_6.C	25	0.800	12.900	0.021
BPP_50_100_0.1_0.8_6.C	25	0.800	12.900	0.018
BPP_50_100_0.1_0.8_6.C	25	0.800	12.900	0.019
BPP_50_100_0.1_0.8_6.C	25	0.800	12.900	0.019
BPP_50_100_0.1_0.8_6.C	25	0.800	12.900	0.019
BPP_50_100_0.1_0.8_6.C	25	0.800	12.900	0.019
BPP_50_100_0.1_0.8_6.C	25	0.800	12.900	0.020
BPP_50_100_0.1_0.8_7.C	24	2.400	13.200	0.019
BPP_50_100_0.1_0.8_7.C	24	2.400	13.200	0.019
BPP_50_100_0.1_0.8_7.C	25	2.200	13.600	0.019
BPP_50_100_0.1_0.8_7.C	24	3.000	13.500	0.018
BPP_50_100_0.1_0.8_7.C	24	3.000	13.500	0.019
BPP_50_100_0.1_0.8_7.C	24	3.000	13.500	0.020
BPP_50_100_0.1_0.8_7.C	24	3.000	13.500	0.020
BPP_50_100_0.1_0.8_7.C	24	3.000	13.500	0.020
BPP_50_100_0.1_0.8_7.C	25	2.200	13.600	0.020
BPP_50_100_0.1_0.8_7.C	24	3.000	13.500	0.019
BPP_50_100_0.1_0.8_8.C	21	0.400	10.700	0.018
BPP_50_100_0.1_0.8_8.C	21	0.400	10.700	0.018
BPP_50_100_0.1_0.8_8.C	21	0.400	10.700	0.016
BPP_50_100_0.1_0.8_8.C	21	0.400	10.700	0.016
BPP_50_100_0.1_0.8_8.C	21	0.400	10.700	0.017
BPP_50_100_0.1_0.8_8.C	21	0.400	10.700	0.017
BPP_50_100_0.1_0.8_8.C	21	0.400	10.700	0.016
BPP_50_100_0.1_0.8_8.C	21	0.400	10.700	0.017
BPP_50_100_0.1_0.8_8.C	21	0.400	10.700	0.017
BPP_50_100_0.1_0.8_8.C	21	0.400	10.700	0.017
BPP_50_100_0.1_0.8_9.C	23	1.600	12.300	0.020
BPP_50_100_0.1_0.8_9.C	23	1.400	12.200	0.021
BPP_50_100_0.1_0.8_9.C	23	2.200	12.600	0.018
BPP_50_100_0.1_0.8_9.C	23	1.400	12.200	0.020
BPP_50_100_0.1_0.8_9.C	24	1.400	12.700	0.022
BPP_50_100_0.1_0.8_9.C	23	1.400	12.200	0.018
BPP_50_100_0.1_0.8_9.C	23	1.400	12.200	0.018
BPP_50_100_0.1_0.8_9.C	23	1.400	12.200	0.018
BPP_50_100_0.1_0.8_9.C	23	1.600	12.300	0.017
BPP_50_100_0.1_0.8_9.C	23	2.200	12.600	0.017
BPP_50_120_0.1_0.8_0.C	26	1.000	13.500	0.027
BPP_50_120_0.1_0.8_0.C	26	1.000	13.500	0.027
BPP_50_120_0.1_0.8_0.C	26	1.000	13.500	0.028
BPP_50_120_0.1_0.8_0.C	26	1.000	13.500	0.027
BPP_50_120_0.1_0.8_0.C	26	1.000	13.500	0.027
BPP_50_120_0.1_0.8_0.C	26	1.000	13.500	0.027
BPP_50_120_0.1_0.8_0.C	25	1.400	13.200	0.028
BPP_50_120_0.1_0.8_0.C	26	1.000	13.500	0.027
BPP_50_120_0.1_0.8_0.C	25	1.600	13.300	0.028
BPP_50_120_0.1_0.8_0.C	25	1.600	13.300	0.026
BPP_50_120_0.1_0.8_1.C	22	0.000	11.000	0.022
BPP_50_120_0.1_0.8_1.C	21	0.400	10.700	0.023
BPP_50_120_0.1_0.8_1.C	22	0.000	11.000	0.023
BPP_50_120_0.1_0.8_1.C	22	0.000	11.000	0.024
BPP_50_120_0.1_0.8_1.C	22	0.000	11.000	0.024
BPP_50_120_0.1_0.8_1.C	22	0.000	11.000	0.024
BPP_50_120_0.1_0.8_1.C	22	0.000	11.000	0.022
BPP_50_120_0.1_0.8_1.C	21	0.000	10.500	0.023
BPP_50_120_0.1_0.8_1.C	22	0.000	11.000	0.022
BPP_50_120_0.1_0.8_1.C	22	0.000	11.000	0.023
BPP_50_120_0.1_0.8_2.C	25	3.600	14.300	0.027
BPP_50_120_0.1_0.8_2.C	25	3.800	14.400	0.027
BPP_50_120_0.1_0.8_2.C	25	3.800	14.400	0.027
BPP_50_120_0.1_0.8_2.C	25	3.200	14.100	0.026
BPP_50_120_0.1_0.8_2.C	25	3.200	14.100	0.027
BPP_50_120_0.1_0.8_2.C	25	3.200	14.100	0.027
BPP_50_120_0.1_0.8_2.C	26	3.000	14.500	0.027
BPP_50_120_0.1_0.8_2.C	25	3.600	14.300	0.028
BPP_50_120_0.1_0.8_2.C	25	3.200	14.100	0.029
BPP_50_120_0.1_0.8_2.C	25	3.200	14.100	0.026
BPP_50_120_0.1_0.8_3.C	23	1.200	12.100	0.027
BPP_50_120_0.1_0.8_3.C	23	1.200	12.100	0.024
BPP_50_120_0.1_0.8_3.C	23	1.200	12.100	0.025
BPP_50_120_0.1_0.8_3.C	23	1.200	12.100	0.026
BPP_50_120_0.1_0.8_3.C	23	1.200	12.100	0.024
BPP_50_120_0.1_0.8_3.C	23	1.200	12.100	0.025
BPP_50_120_0.1_0.8_3.C	23	1.200	12.100	0.024
BPP_50_120_0.1_0.8_3.C	23	1.200	12.100	0.025
BPP_50_120_0.1_0.8_3.C	23	1.200	12.100	0.025
BPP_50_120_0.1_0.8_3.C	23	1.200	12.100	0.026
BPP_50_120_0.1_0.8_4.C	25	4.600	14.800	0.027
BPP_50_120_0.1_0.8_4.C	25	4.600	14.800	0.027
BPP_50_120_0.1_0.8_4.C	25	4.600	14.800	0.027
BPP_50_120_0.1_0.8_4.C	25	5.200	15.100	0.026
BPP_50_120_0.1_0.8_4.C	25	4.800	14.900	0.027
BPP_50_120_0.1_0.8_4.C	25	5.000	15.000	0.027
BPP_50_120_0.1_0.8_4.C	25	4.800	14.900	0.027
BPP_50_120_0.1_0.8_4.C	25	4.800	14.900	0.032
BPP_50_120_0.1_0.8_4.C	25	4.800	14.900	0.027
BPP_50_120_0.1_0.8_4.C	25	5.000	15.000	0.026
BPP_50_120_0.1_0.8_5.C	23	0.400	11.700	0.035
BPP_50_120_0.1_0.8_5.C	23	0.400	11.700	0.028
BPP_50_120_0.1_0.8_5.C	23	0.400	11.700	0.025
BPP_50_120_0.1_0.8_5.C	23	0.400	11.700	0.026
BPP_50_120_0.1_0.8_5.C	23	0.400	11.700	0.025
BPP_50_120_0.1_0.8_5.C	23	0.400	11.700	0.024
BPP_50_120_0.1_0.8_5.C	23	0.400	11.700	0.025
BPP_50_120_0.1_0.8_5.C	23	0.400	11.700	0.025
BPP_50_120_0.1_0.8_5.C	23	0.400	11.700	0.025
BPP_50_120_0.1_0.8_5.C	23	0.400	11.700	0.025
BPP_50_120_0.1_0.8_6.C	22	2.600	12.300	0.025
BPP_50_120_0.1_0.8_6.C	22	2.400	12.200	0.025
BPP_50_120_0.1_0.8_6.C	22	2.600	12.300	0.025
BPP_50_120_0.1_0.8_6.C	22	2.600	12.300	0.025
BPP_50_120_0.1_0.8_6.C	22	2.600	12.300	0.026
BPP_50_120_0.1_0.8_6.C	22	2.600	12.300	0.025
BPP_50_120_0.1_0.8_6.C	22	2.600	12.300	0.025
BPP_50_120_0.1_0.8_6.C	22	2.600	12.300	0.025
BPP_50_120_0.1_0.8_6.C	22	2.600	12.300	0.024
BPP_50_120_0.1_0.8_6.C	22	2.600	12.300	0.024
BPP_50_120_0.1_0.8_7.C	22	5.600	13.800	0.027
BPP_50_120_0.1_0.8_7.C	23	4.800	13.900	0.026
BPP_50_120_0.1_0.8_7.C	23	4.800	13.900	0.026
BPP_50_120_0.1_0.8_7.C	22	5.600	13.800	0.027
BPP_50_120_0.1_0.8_7.C	23	4.600	13.800	0.026
BPP_50_120_0.1_0.8_7.C	22	5.600	13.800	0.025
BPP_50_120_0.1_0.8_7.C	22	5.400	13.700	0.025
BPP_50_120_0.1_0.8_7.C	22	5.400	13.700	0.024
BPP_50_120_0.1_0.8_7.C	22	5.400	13.700	0.025
BPP_50_120_0.1_0.8_7.C	22	5.600	13.800	0.025
BPP_50_120_0.1_0.8_8.C	23	2.800	12.900	0.025
BPP_50_120_0.1_0.8_8.C	23	3.000	13.000	0.025
BPP_50_120_0.1_0.8_8.C	23	2.400	12.700	0.025
BPP_50_120_0.1_0.8_8.C	23	2.600	12.800	0.025
BPP_50_120_0.1_0.8_8.C	23	2.400	12.700	0.026
BPP_50_120_0.1_0.8_8.C	23	2.400	12.700	0.024
BPP_50_120_0.1_0.8_8.C	23	2.600	12.800	0.024
BPP_50_120_0.1_0.8_8.C	23	2.600	12.800	0.025
BPP_50_120_0.1_0.8_8.C	23	2.600	12.800	0.025
BPP_50_120_0.1_0.8_8.C	23	2.400	12.700	0.024
BPP_50_120_0.1_0.8_9.C	22	4.400	13.200	0.025
BPP_50_120_0.1_0.8_9.C	22	5.000	13.500	0.024
BPP_50_120_0.1_0.8_9.C	22	4.400	13.200	0.025
BPP_50_120_0.1_0.8_9.C	22	4.400	13.200	0.024
BPP_50_120_0.1_0.8_9.C	22	4.400	13.200	0.024
BPP_50_120_0.1_0.8_9.C	22	4.600	13.300	0.025
BPP_50_120_0.1_0.8_9.C	22	4.800	13.400	0.024
BPP_50_120_0.1_0.8_9.C	22	5.000	13.500	0.024
BPP_50_120_0.1_0.8_9.C	22	4.400	13.200	0.024
BPP_50_120_0.1_0.8_9.C	22	4.400	13.200	0.024
BPP_50_125_0.1_0.8_0.C	27	1.000	14.000	0.032
BPP_50_125_0.1_0.8_0.C	27	1.800	14.400	0.032
BPP_50_125_0.1_0.8_0.C	27	1.000	14.000	0.031
BPP_50_125_0.1_0.8_0.C	27	1.800	14.400	0.031
BPP_50_125_0.1_0.8_0.C	27	1.400	14.200	0.030
BPP_50_125_0.1_0.8_0.C	27	1.800	14.400	0.038
BPP_50_125_0.1_0.8_0.C	27	1.600	14.300	0.031
BPP_50_125_0.1_0.8_0.C	27	1.400	14.200	0.031
BPP_50_125_0.1_0.8_0.C	27	1.000	14.000	0.030
BPP_50_125_0.1_0.8_0.C	27	1.200	14.100	0.030
BPP_50_125_0.1_0.8_1.C	24	0.800	12.400	0.028
BPP_50_125_0.1_0.8_1.C	24	0.800	12.400	0.027
BPP_50_125_0.1_0.8_1.C	24	0.800	12.400	0.027
BPP_50_125_0.1_0.8_1.C	24	0.800	12.400	0.026
BPP_50_125_0.1_0.8_1.C	24	0.800	12.400	0.027
BPP_50_125_0.1_0.8_1.C	24	0.800	12.400	0.027
BPP_50_125_0.1_0.8_1.C	24	0.800	12.400	0.027
BPP_50_125_0.1_0.8_1.C	24	0.800	12.400	0.025
BPP_50_125_0.1_0.8_1.C	24	0.800	12.400	0.026
BPP_50_125_0.1_0.8_1.C	24	0.800	12.400	0.029
BPP_50_125_0.1_0.8_2.C	21	1.200	11.100	0.026
BPP_50_125_0.1_0.8_2.C	22	0.800	11.400	0.026
BPP_50_125_0.1_0.8_2.C	22	0.800	11.400	0.027
BPP_50_125_0.1_0.8_2.C	21	1.200	11.100	0.025
BPP_50_125_0.1_0.8_2.C	22	0.800	11.400	0.026
BPP_50_125_0.1_0.8_2.C	22	0.800	11.400	0.027
BPP_50_125_0.1_0.8_2.C	22	0.800	11.400	0.026
BPP_50_125_0.1_0.8_2.C	22	0.800	11.400	0.026
BPP_50_125_0.1_0.8_2.C	22	0.800	11.400	0.026
BPP_50_125_0.1_0.8_2.C	21	1.400	11.200	0.026
BPP_50_125_0.1_0.8_3.C	29	4.400	16.700	0.032
BPP_50_125_0.1_0.8_3.C	29	4.400	16.700	0.031
BPP_50_125_0.1_0.8_3.C	29	4.400	16.700	0.032
BPP_50_125_0.1_0.8_3.C	29	4.400	16.700	0.032
BPP_50_125_0.1_0.8_3.C	29	4.400	16.700	0.033
BPP_50_125_0.1_0.8_3.C	29	4.400	16.700	0.033
BPP_50_125_0.1_0.8_3.C	29	4.400	16.700	0.032
BPP_50_125_0.1_0.8_3.C	29	4.400	16.700	0.032
BPP_50_125_0.1_0.8_3.C	29	4.400	16.700	0.032
BPP_50_125_0.1_0.8_3.C	29	4.400	16.700	0.032
BPP_50_125_0.1_0.8_4.C	25	1.800	13.400	0.028
BPP_50_125_0.1_0.8_4.C	25	1.800	13.400	0.028
BPP_50_125_0.1_0.8_4.C	25	1.800	13.400	0.029
BPP_50_125_0.1_0.8_4.C	25	1.800	13.400	0.029
BPP_50_125_0.1_0.8_4.C	25	1.800	13.400	0.029
BPP_50_125_0.1_0.8_4.C	25	1.600	13.300	0.029
BPP_50_125_0.1_0.8_4.C	25	1.800	13.400	0.029
BPP_50_125_0.1_0.8_4.C	25	1.800	13.400	0.029
BPP_50_125_0.1_0.8_4.C	25	1.800	13.400	0.029
BPP_50_125_0.1_0.8_4.C	25	1.800	13.400	0.029
BPP_50_125_0.1_0.8_5.C	31	2.600	16.800	0.032
BPP_50_125_0.1_0.8_5.C	31	2.600	16.800	0.033
BPP_50_125_0.1_0.8_5.C	31	2.600	16.800	0.034
BPP_50_125_0.1_0.8_5.C	31	2.600	16.800	0.032
BPP_50_125_0.1_0.8_5.C	31	2.600	16.800	0.032
BPP_50_125_0.1_0.8_5.C	31	2.600	16.800	0.033
BPP_50_125_0.1_0.8_5.C	31	2.600	16.800	0.031
BPP_50_125_0.1_0.8_5.C	31	2.600	16.800	0.032
BPP_50_125_0.1_0.8_5.C	31	2.600	16.800	0.033
BPP_50_125_0.1_0.8_5.C	31	2.600	16.800	0.033
BPP_50_125_0.1_0.8_6.C	26	3.000	14.500	0.029
BPP_50_125_0.1_0.8_6.C	26	3.000	14.500	0.029
BPP_50_125_0.1_0.8_6.C	26	2.800	14.400	0.029
BPP_50_125_0.1_0.8_6.C	26	3.200	14.600	0.029
BPP_50_125_0.1_0.8_6.C	26	3.000	14.500	0.028
BPP_50_125_0.1_0.8_6.C	26	3.000	14.500	0.029
BPP_50_125_0.1_0.8_6.C	26	3.000	14.500	0.037
BPP_50_125_0.1_0.8_6.C	26	3.200	14.600	0.029
BPP_50_125_0.1_0.8_6.C	26	3.000	14.500	0.029
BPP_50_125_0.1_0.8_6.C	26	3.200	14.600	0.030
BPP_50_125_0.1_0.8_7.C	27	2.800	14.900	0.029
BPP_50_125_0.1_0.8_7.C	27	3.200	15.100	0.029
BPP_50_125_0.1_0.8_7.C	27	3.200	15.100	0.030
BPP_50_125_0.1_0.8_7.C	27	2.800	14.900	0.029
BPP_50_125_0.1_0.8_7.C	27	3.000	15.000	0.030
BPP_50_125_0.1_0.8_7.C	27	3.200	15.100	0.030
BPP_50_125_0.1_0.8_7.C	27	3.000	15.000	0.030
BPP_50_125_0.1_0.8_7.C	27	3.000	15.000	0.029
BPP_50_125_0.1_0.8_7.C	27	3.000	15.000	0.030
BPP_50_125_0.1_0.8_7.C	27	2.800	14.900	0.029
BPP_50_125_0.1_0.8_8.C	22	2.600	12.300	0.024
BPP_50_125_0.1_0.8_8.C	22	2.600	12.300	0.025
BPP_50_125_0.1_0.8_8.C	22	2.600	12.300	0.027
BPP_50_125_0.1_0.8_8.C	22	2.600	12.300	0.025
BPP_50_125_0.1_0.8_8.C	22	2.600	12.300	0.025
BPP_50_125_0.1_0.8_8.C	22	2.600	12.300	0.027
BPP_50_125_0.1_0.8_8.C	22	2.600	12.300	0.027
BPP_50_125_0.1_0.8_8.C	22	2.600	12.300	0.026
BPP_50_125_0.1_0.8_8.C	22	2.600	12.300	0.025
BPP_50_125_0.1_0.8_8.C	22	2.600	12.300	0.025
BPP_50_125_0.1_0.8_9.C	25	3.600	14.300	0.029
BPP_50_125_0.1_0.8_9.C	25	3.600	14.300	0.027
BPP_50_125_0.1_0.8_9.C	25	3.400	14.200	0.028
BPP_50_125_0.1_0.8_9.C	25	3.600	14.300	0.028
BPP_50_125_0.1_0.8_9.C	24	4.400	14.200	0.030
BPP_50_125_0.1_0.8_9.C	24	4.000	14.000	0.028
BPP_50_125_0.1_0.8_9.C	24	4.400	14.200	0.028
BPP_50_125_0.1_0.8_9.C	25	3.600	14.300	0.027
BPP_50_125_0.1_0.8_9.C	25	3.600	14.300	0.028
BPP_50_125_0.1_0.8_9.C	25	3.600	14.300	0.028
BPP_50_150_0.1_0.8_0.C	23	0.400	11.700	0.035
BPP_50_150_0.1_0.8_0.C	23	0.400	11.700	0.036
BPP_50_150_0.1_0.8_0.C	23	0.400	11.700	0.035
BPP_50_150_0.1_0.8_0.C	23	0.400	11.700	0.034
BPP_50_150_0.1_0.8_0.C	23	0.400	11.700	0.034
BPP_50_150_0.1_0.8_0.C	23	0.400	11.700	0.034
BPP_50_150_0.1_0.8_0.C	23	0.400	11.700	0.034
BPP_50_150_0.1_0.8_0.C	23	0.400	11.700	0.033
BPP_50_150_0.1_0.8_0.C	23	0.400	11.700	0.034
BPP_50_150_0.1_0.8_0.C	23	0.400	11.700	0.034
BPP_50_150_0.1_0.8_1.C	28	1.400	14.700	0.039
BPP_50_150_0.1_0.8_1.C	28	1.400	14.700	0.039
BPP_50_150_0.1_0.8_1.C	28	1.400	14.700	0.038
BPP_50_150_0.1_0.8_1.C	28	1.400	14.700	0.040
BPP_50_150_0.1_0.8_1.C	28	1.400	14.700	0.038
BPP_50_150_0.1_0.8_1.C	28	1.400	14.700	0.038
BPP_50_150_0.1_0.8_1.C	28	1.400	14.700	0.039
BPP_50_150_0.1_0.8_1.C	28	1.400	14.700	0.040
BPP_50_150_0.1_0.8_1.C	28	1.400	14.700	0.039
BPP_50_150_0.1_0.8_1.C	28	1.400	14.700	0.046
BPP_50_150_0.1_0.8_2.C	25	3.000	14.000	0.035
BPP_50_150_0.1_0.8_2.C	25	3.000	14.000	0.036
BPP_50_150_0.1_0.8_2.C	25	3.000	14.000	0.036
BPP_50_150_0.1_0.8_2.C	25	3.000	14.000	0.036
BPP_50_150_0.1_0.8_2.C	25	3.000	14.000	0.036
BPP_50_150_0.1_0.8_2.C	25	3.000	14.000	0.036
BPP_50_150_0.1_0.8_2.C	25	3.200	14.100	0.035
BPP_50_150_0.1_0.8_2.C	25	3.200	14.100	0.035
BPP_50_150_0.1_0.8_2.C	25	3.000	14.000	0.036
BPP_50_150_0.1_0.8_2.C	25	3.000	14.000	0.036
BPP_50_150_0.1_0.8_3.C	25	3.800	14.400	0.035
BPP_50_150_0.1_0.8_3.C	25	3.800	14.400	0.035
BPP_50_150_0.1_0.8_3.C	25	4.000	14.500	0.035
BPP_50_150_0.1_0.8_3.C	25	3.600	14.300	0.035
BPP_50_150_0.1_0.8_3.C	25	3.800	14.400	0.035
BPP_50_150_0.1_0.8_3.C	25	3.800	14.400	0.036
BPP_50_150_0.1_0.8_3.C	25	4.000	14.500	0.036
BPP_50_150_0.1_0.8_3.C	25	3.600	14.300	0.036
BPP_50_150_0.1_0.8_3.C	25	3.600	14.300	0.035
BPP_50_150_0.1_0.8_3.C	25	3.600	14.300	0.036
BPP_50_150_0.1_0.8_4.C	21	0.800	10.900	0.031
BPP_50_150_0.1_0.8_4.C	21	0.800	10.900	0.031
BPP_50_150_0.1_0.8_4.C	21	0.800	10.900	0.030
BPP_50_150_0.1_0.8_4.C	21	0.800	10.900	0.030
BPP_50_150_0.1_0.8_4.C	21	0.800	10.900	0.030
BPP_50_150_0.1_0.8_4.C	21	0.800	10.900	0.030
BPP_50_150_0.1_0.8_4.C	21	0.800	10.900	0.030
BPP_50_150_0.1_0.8_4.C	21	0.800	10.900	0.029
BPP_50_150_0.1_0.8_4.C	21	0.800	10.900	0.029
BPP_50_150_0.1_0.8_4.C	21	0.800	10.900	0.030
BPP_50_150_0.1_0.8_5.C	25	1.400	13.200	0.034
BPP_50_150_0.1_0.8_5.C	25	1.400	13.200	0.034
BPP_50_150_0.1_0.8_5.C	25	1.400	13.200	0.035
BPP_50_150_0.1_0.8_5.C	25	1.400	13.200	0.034
BPP_50_150_0.1_0.8_5.C	25	1.400	13.200	0.035
BPP_50_150_0.1_0.8_5.C	25	1.400	13.200	0.035
BPP_50_150_0.1_0.8_5.C	25	1.400	13.200	0.035
BPP_50_150_0.1_0.8_5.C	25	1.400	13.200	0.035
BPP_50_150_0.1_0.8_5.C	25	1.400	13.200	0.034
BPP_50_150_0.1_0.8_5.C	25	1.400	13.200	0.035
BPP_50_150_0.1_0.8_6.C	22	1.400	11.700	0.032
BPP_50_150_0.1_0.8_6.C	22	1.400	11.700	0.032
BPP_50_150_0.1_0.8_6.C	22	1.400	11.700	0.032
BPP_50_150_0.1_0.8_6.C	22	1.400	11.700	0.032
BPP_50_150_0.1_0.8_6.C	22	1.400	11.700	0.032
BPP_50_150_0.1_0.8_6.C	22	1.400	11.700	0.033
BPP_50_150_0.1_0.8_6.C	22	1.400	11.700	0.032
BPP_50_150_0.1_0.8_6.C	22	1.400	11.700	0.032
BPP_50_150_0.1_0.8_6.C	22	1.400	11.700	0.032
BPP_50_150_0.1_0.8_6.C	22	1.400	11.700	0.032
BPP_50_150_0.1_0.8_7.C	23	1.400	12.200	0.036
BPP_50_150_0.1_0.8_7.C	23	1.400	12.200	0.036
BPP_50_150_0.1_0.8_7.C	23	1.400	12.200	0.036
BPP_50_150_0.1_0.8_7.C	23	1.400	12.200	0.034
BPP_50_150_0.1_0.8_7.C	23	1.400	12.200	0.034
BPP_50_150_0.1_0.8_7.C	23	1.400	12.200	0.034
BPP_50_150_0.1_0.8_7.C	23	1.400	12.200	0.033
BPP_50_150_0.1_0.8_7.C	23	1.400	12.200	0.033
BPP_50_150_0.1_0.8_7.C	23	1.400	12.200	0.034
BPP_50_150_0.1_0.8_7.C	23	1.400	12.200	0.034
BPP_50_150_0.1_0.8_8.C	23	0.800	11.900	0.032
BPP_50_150_0.1_0.8_8.C	23	0.800	11.900	0.032
BPP_50_150_0.1_0.8_8.C	23	0.800	11.900	0.032
BPP_50_150_0.1_0.8_8.C	23	0.800	11.900	0.032
BPP_50_150_0.1_0.8_8.C	23	0.800	11.900	0.032
BPP_50_150_0.1_0.8_8.C	23	0.800	11.900	0.032
BPP_50_150_0.1_0.8_8.C	23	0.800	11.900	0.032
BPP_50_150_0.1_0.8_8.C	23	0.800	11.900	0.032
BPP_50_150_0.1_0.8_8.C	23	1.200	12.100	0.032
BPP_50_150_0.1_0.8_8.C	23	1.200	12.100	0.032
BPP_50_150_0.1_0.8_9.C	23	1.400	12.200	0.033
BPP_50_150_0.1_0.8_9.C	23	1.400	12.200	0.033
BPP_50_150_0.1_0.8_9.C	23	1.400	12.200	0.033
BPP_50_150_0.1_0.8_9.C	23	1.400	12.200	0.033
BPP_50_150_0.1_0.8_9.C	23	1.400	12.200	0.033
BPP_50_150_0.1_0.8_9.C	23	1.400	12.200	0.035
BPP_50_150_0.1_0.8_9.C	23	1.400	12.200	0.033
BPP_50_150_0.1_0.8_9.C	23	1.400	12.200	0.041
BPP_50_150_0.1_0.8_9.C	23	1.400	12.200	0.034
BPP_50_150_0.1_0.8_9.C	23	1.400	12.200	0.034
BPP_50_200_0.1_0.8_0.C	24	2.800	13.400	0.045
BPP_50_200_0.1_0.8_0.C	24	2.800	13.400	0.046
BPP_50_200_0.1_0.8_0.C	24	2.800	13.400	0.045
BPP_50_200_0.1_0.8_0.C	24	2.800	13.400	0.045
BPP_50_200_0.1_0.8_0.C	24	2.800	13.400	0.046
BPP_50_200_0.1_0.8_0.C	24	2.800	13.400	0.046
BPP_50_200_0.1_0.8_0.C	24	2.800	13.400	0.045
BPP_50_200_0.1_0.8_0.C	24	2.800	13.400	0.045
BPP_50_200_0.1_0.8_0.C	24	2.800	13.400	0.046
BPP_50_200_0.1_0.8_0.C	24	2.800	13.400	0.045
BPP_50_200_0.1_0.8_1.C	25	0.200	12.600	0.046
BPP_50_200_0.1_0.8_1.C	24	1.200	12.600	0.044
BPP_50_200_0.1_0.8_1.C	25	0.200	12.600	0.045
BPP_50_200_0.1_0.8_1.C	24	1.200	12.600	0.044
BPP_50_200_0.1_0.8_1.C	24	1.200	12.600	0.045
BPP_50_200_0.1_0.8_1.C	24	1.200	12.600	0.045
BPP_50_200_0.1_0.8_1.C	25	0.200	12.600	0.045
BPP_50_200_0.1_0.8_1.C	25	0.200	12.600	0.045
BPP_50_200_0.1_0.8_1.C	25	0.200	12.600	0.046
BPP_50_200_0.1_0.8_1.C	24	1.200	12.600	0.045
BPP_50_200_0.1_0.8_2.C	21	0.200	10.600	0.042
BPP_50_200_0.1_0.8_2.C	21	0.200	10.600	0.042
BPP_50_200_0.1_0.8_2.C	21	0.200	10.600	0.042
BPP_50_200_0.1_0.8_2.C	21	0.200	10.600	0.041
BPP_50_200_0.1_0.8_2.C	21	0.200	10.600	0.041
BPP_50_200_0.1_0.8_2.C	21	0.200	10.600	0.041
BPP_50_200_0.1_0.8_2.C	21	0.200	10.600	0.042
BPP_50_200_0.1_0.8_2.C	21	0.200	10.600	0.041
BPP_50_200_0.1_0.8_2.C	21	0.200	10.600	0.041
BPP_50_200_0.1_0.8_2.C	21	0.200	10.600	0.042
BPP_50_200_0.1_0.8_3.C	23	0.200	11.600	0.044
BPP_50_200_0.1_0.8_3.C	23	0.200	11.600	0.044
BPP_50_200_0.1_0.8_3.C	23	0.200	11.600	0.044
BPP_50_200_0.1_0.8_3.C	23	0.200	11.600	0.043
BPP_50_200_0.1_0.8_3.C	23	0.200	11.600	0.043
BPP_50_200_0.1_0.8_3.C	23	0.200	11.600	0.041
BPP_50_200_0.1_0.8_3.C	23	0.200	11.600	0.042
BPP_50_200_0.1_0.8_3.C	23	0.200	11.600	0.042
BPP_50_200_0.1_0.8_3.C	23	0.200	11.600	0.042
BPP_50_200_0.1_0.8_3.C	23	0.200	11.600	0.042
BPP_50_200_0.1_0.8_4.C	26	1.000	13.500	0.047
BPP_50_200_0.1_0.8_4.C	26	1.000	13.500	0.047
BPP_50_200_0.1_0.8_4.C	26	1.000	13.500	0.047
BPP_50_200_0.1_0.8_4.C	26	1.000	13.500	0.048
BPP_50_200_0.1_0.8_4.C	26	1.000	13.500	0.047
BPP_50_200_0.1_0.8_4.C	26	1.000	13.500	0.048
BPP_50_200_0.1_0.8_4.C	26	1.000	13.500	0.056
BPP_50_200_0.1_0.8_4.C	26	1.000	13.500	0.047
BPP_50_200_0.1_0.8_4.C	26	1.000	13.500	0.049
BPP_50_200_0.1_0.8_4.C	26	1.000	13.500	0.049
BPP_50_200_0.1_0.8_5.C	30	2.000	16.000	0.054
BPP_50_200_0.1_0.8_5.C	30	2.000	16.000	0.055
BPP_50_200_0.1_0.8_5.C	30	2.000	16.000	0.056
BPP_50_200_0.1_0.8_5.C	30	2.000	16.000	0.056
BPP_50_200_0.1_0.8_5.C	31	1.400	16.200	0.055
BPP_50_200_0.1_0.8_5.C	31	1.400	16.200	0.055
BPP_50_200_0.1_0.8_5.C	30	2.000	16.000	0.055
BPP_50_200_0.1_0.8_5.C	30	2.000	16.000	0.055
BPP_50_200_0.1_0.8_5.C	31	1.400	16.200	0.057
BPP_50_200_0.1_0.8_5.C	30	2.000	16.000	0.058
BPP_50_200_0.1_0.8_6.C	23	0.600	11.800	0.043
BPP_50_200_0.1_0.8_6.C	23	0.600	11.800	0.044
BPP_50_200_0.1_0.8_6.C	23	0.600	11.800	0.043
BPP_50_200_0.1_0.8_6.C	23	0.600	11.800	0.043
BPP_50_200_0.1_0.8_6.C	23	0.600	11.800	0.043
BPP_50_200_0.1_0.8_6.C	23	0.600	11.800	0.044
BPP_50_200_0.1_0.8_6.C	23	0.600	11.800	0.044
BPP_50_200_0.1_0.8_6.C	23	0.600	11.800	0.043
BPP_50_200_0.1_0.8_6.C	23	0.600	11.800	0.043
BPP_50_200_0.1_0.8_6.C	23	0.600	11.800	0.044
BPP_50_200_0.1_0.8_7.C	23	5.000	14.000	0.045
BPP_50_200_0.1_0.8_7.C	24	4.200	14.100	0.046
BPP_50_200_0.1_0.8_7.C	22	6.000	14.000	0.046
BPP_50_200_0.1_0.8_7.C	24	4.200	14.100	0.047
BPP_50_200_0.1_0.8_7.C	23	5.000	14.000	0.046
BPP_50_200_0.1_0.8_7.C	24	4.200	14.100	0.046
BPP_50_200_0.1_0.8_7.C	23	4.800	13.900	0.045
BPP_50_200_0.1_0.8_7.C	23	5.000	14.000	0.045
BPP_50_200_0.1_0.8_7.C	23	4.800	13.900	0.045
BPP_50_200_0.1_0.8_7.C	23	4.800	13.900	0.045
BPP_50_200_0.1_0.8_8.C	25	0.400	12.700	0.044
BPP_50_200_0.1_0.8_8.C	25	0.400	12.700	0.043
BPP_50_200_0.1_0.8_8.C	25	0.400	12.700	0.043
BPP_50_200_0.1_0.8_8.C	24	1.200	12.600	0.044
BPP_50_200_0.1_0.8_8.C	25	0.400	12.700	0.044
BPP_50_200_0.1_0.8_8.C	24	1.000	12.500	0.044
BPP_50_200_0.1_0.8_8.C	25	0.400	12.700	0.044
BPP_50_200_0.1_0.8_8.C	24	0.400	12.200	0.044
BPP_50_200_0.1_0.8_8.C	25	0.400	12.700	0.044
BPP_50_200_0.1_0.8_8.C	24	0.400	12.200	0.044
BPP_50_200_0.1_0.8_9.C	23	5.800	14.400	0.046
BPP_50_200_0.1_0.8_9.C	23	5.800	14.400	0.046
BPP_50_200_0.1_0.8_9.C	23	6.000	14.500	0.046
BPP_50_200_0.1_0.8_9.C	23	5.600	14.300	0.046
BPP_50_200_0.1_0.8_9.C	23	6.000	14.500	0.047
BPP_50_200_0.1_0.8_9.C	23	5.800	14.400	0.046
BPP_50_200_0.1_0.8_9.C	23	5.200	14.100	0.046
BPP_50_200_0.1_0.8_9.C	23	5.600	14.300	0.047
BPP_50_200_0.1_0.8_9.C	23	5.600	14.300	0.047
BPP_50_200_0.1_0.8_9.C	23	5.400	14.200	0.046
BPP_50_300_0.1_0.8_0.C	25	2.800	13.900	0.076
BPP_50_300_0.1_0.8_0.C	25	2.800	13.900	0.073
BPP_50_300_0.1_0.8_0.C	25	2.800	13.900	0.072
BPP_50_300_0.1_0.8_0.C	25	2.800	13.900	0.072
BPP_50_300_0.1_0.8_0.C	25	2.800	13.900	0.073
BPP_50_300_0.1_0.8_0.C	25	2.800	13.900	0.072
BPP_50_300_0.1_0.8_0.C	25	2.800	13.900	0.073
BPP_50_300_0.1_0.8_0.C	25	2.800	13.900	0.080
BPP_50_300_0.1_0.8_0.C	25	2.800	13.900	0.073
BPP_50_300_0.1_0.8_0.C	25	2.800	13.900	0.073
BPP_50_300_0.1_0.8_1.C	24	2.800	13.400	0.069
BPP_50_300_0.1_0.8_1.C	24	2.600	13.300	0.069
BPP_50_300_0.1_0.8_1.C	24	2.600	13.300	0.069
BPP_50_300_0.1_0.8_1.C	24	2.800	13.400	0.069
BPP_50_300_0.1_0.8_1.C	24	3.000	13.500	0.070
BPP_50_300_0.1_0.8_1.C	24	2.600	13.300	0.099
BPP_50_300_0.1_0.8_1.C	24	3.200	13.600	0.070
BPP_50_300_0.1_0.8_1.C	24	2.800	13.400	0.070
BPP_50_300_0.1_0.8_1.C	24	3.000	13.500	0.069
BPP_50_300_0.1_0.8_1.C	24	2.600	13.300	0.070
BPP_50_300_0.1_0.8_2.C	26	4.200	15.100	0.079
BPP_50_300_0.1_0.8_2.C	26	4.200	15.100	0.076
BPP_50_300_0.1_0.8_2.C	26	4.200	15.100	0.077
BPP_50_300_0.1_0.8_2.C	26	4.200	15.100	0.075
BPP_50_300_0.1_0.8_2.C	26	4.200	15.100	0.076
BPP_50_300_0.1_0.8_2.C	26	4.200	15.100	0.076
BPP_50_300_0.1_0.8_2.C	26	4.000	15.000	0.076
BPP_50_300_0.1_0.8_2.C	26	4.200	15.100	0.078
BPP_50_300_0.1_0.8_2.C	26	3.600	14.800	0.076
BPP_50_300_0.1_0.8_2.C	26	4.200	15.100	0.076
BPP_50_300_0.1_0.8_3.C	26	3.000	14.500	0.080
BPP_50_300_0.1_0.8_3.C	26	3.000	14.500	0.077
BPP_50_300_0.1_0.8_3.C	26	3.000	14.500	0.076
BPP_50_300_0.1_0.8_3.C	25	3.200	14.100	0.074
BPP_50_300_0.1_0.8_3.C	26	3.000	14.500	0.074
BPP_50_300_0.1_0.8_3.C	26	3.200	14.600	0.075
BPP_50_300_0.1_0.8_3.C	26	3.000	14.500	0.074
BPP_50_300_0.1_0.8_3.C	26	3.000	14.500	0.075
BPP_50_300_0.1_0.8_3.C	26	3.000	14.500	0.073
BPP_50_300_0.1_0.8_3.C	26	3.000	14.500	0.074
BPP_50_300_0.1_0.8_4.C	28	3.800	15.900	0.078
BPP_50_300_0.1_0.8_4.C	28	3.800	15.900	0.079
BPP_50_300_0.1_0.8_4.C	28	3.800	15.900	0.078
BPP_50_300_0.1_0.8_4.C	28	3.800	15.900	0.077
BPP_50_300_0.1_0.8_4.C	28	3.800	15.900	0.078
BPP_50_300_0.1_0.8_4.C	28	3.800	15.900	0.079
BPP_50_300_0.1_0.8_4.C	28	3.800	15.900	0.078
BPP_50_300_0.1_0.8_4.C	28	3.800	15.900	0.078
BPP_50_300_0.1_0.8_4.C	28	3.800	15.900	0.078
BPP_50_300_0.1_0.8_4.C	28	3.800	15.900	0.079
BPP_50_300_0.1_0.8_5.C	23	4.000	13.500	0.065
BPP_50_300_0.1_0.8_5.C	23	4.000	13.500	0.073
BPP_50_300_0.1_0.8_5.C	23	4.000	13.500	0.065
BPP_50_300_0.1_0.8_5.C	23	4.000	13.500	0.067
BPP_50_300_0.1_0.8_5.C	23	4.000	13.500	0.067
BPP_50_300_0.1_0.8_5.C	22	4.200	13.100	0.065
BPP_50_300_0.1_0.8_5.C	23	4.000	13.500	0.065
BPP_50_300_0.1_0.8_5.C	23	4.000	13.500	0.065
BPP_50_300_0.1_0.8_5.C	23	4.000	13.500	0.066
BPP_50_300_0.1_0.8_5.C	22	4.200	13.100	0.066
BPP_50_300_0.1_0.8_6.C	21	4.600	12.800	0.062
BPP_50_300_0.1_0.8_6.C	21	3.800	12.400	0.062
BPP_50_300_0.1_0.8_6.C	21	3.800	12.400	0.063
BPP_50_300_0.1_0.8_6.C	21	3.800	12.400	0.062
BPP_50_300_0.1_0.8_6.C	21	3.800	12.400	0.062
BPP_50_300_0.1_0.8_6.C	21	3.800	12.400	0.062
BPP_50_300_0.1_0.8_6.C	21	4.000	12.500	0.064
BPP_50_300_0.1_0.8_6.C	21	4.200	12.600	0.064
BPP_50_300_0.1_0.8_6.C	21	4.400	12.700	0.063
BPP_50_300_0.1_0.8_6.C	22	3.800	12.900	0.063
BPP_50_300_0.1_0.8_7.C	28	3.200	15.600	0.078
BPP_50_300_0.1_0.8_7.C	28	3.400	15.700	0.077
BPP_50_300_0.1_0.8_7.C	28	3.400	15.700	0.079
BPP_50_300_0.1_0.8_7.C	28	3.200	15.600	0.078
BPP_50_300_0.1_0.8_7.C	28	3.200	15.600	0.077
BPP_50_300_0.1_0.8_7.C	28	2.800	15.400	0.078
BPP_50_300_0.1_0.8_7.C	28	3.000	15.500	0.078
BPP_50_300_0.1_0.8_7.C	28	3.200	15.600	0.080
BPP_50_300_0.1_0.8_7.C	28	3.200	15.600	0.077
BPP_50_300_0.1_0.8_7.C	28	2.800	15.400	0.078
BPP_50_300_0.1_0.8_8.C	29	3.000	16.000	0.083
BPP_50_300_0.1_0.8_8.C	29	3.000	16.000	0.081
BPP_50_300_0.1_0.8_8.C	29	3.000	16.000	0.099
BPP_50_300_0.1_0.8_8.C	29	3.000	16.000	0.081
BPP_50_300_0.1_0.8_8.C	29	3.000	16.000	0.080
BPP_50_300_0.1_0.8_8.C	29	3.000	16.000	0.081
BPP_50_300_0.1_0.8_8.C	29	3.000	16.000	0.083
BPP_50_300_0.1_0.8_8.C	29	3.000	16.000	0.083
BPP_50_300_0.1_0.8_8.C	29	3.000	16.000	0.081
BPP_50_300_0.1_0.8_8.C	29	3.000	16.000	0.080
BPP_50_300_0.1_0.8_9.C	28	2.000	15.000	0.078
BPP_50_300_0.1_0.8_9.C	28	1.800	14.900	0.078
BPP_50_300_0.1_0.8_9.C	28	1.800	14.900	0.079
BPP_50_300_0.1_0.8_9.C	28	2.400	15.200	0.080
BPP_50_300_0.1_0.8_9.C	28	2.000	15.000	0.078
BPP_50_300_0.1_0.8_9.C	28	1.800	14.900	0.116
BPP_50_300_0.1_0.8_9.C	28	1.800	14.900	0.077
BPP_50_300_0.1_0.8_9.C	28	1.800	14.900	0.077
BPP_50_300_0.1_0.8_9.C	28	1.800	14.900	0.079
BPP_50_300_0.1_0.8_9.C	28	1.800	14.900	0.078
BPP_50_400_0.1_0.8_0.C	22	0.200	11.100	0.093
BPP_50_400_0.1_0.8_0.C	22	0.200	11.100	0.093
BPP_50_400_0.1_0.8_0.C	22	0.200	11.100	0.092
BPP_50_400_0.1_0.8_0.C	22	0.200	11.100	0.094
BPP_50_400_0.1_0.8_0.C	22	0.200	11.100	0.094
BPP_50_400_0.1_0.8_0.C	22	0.200	11.100	0.092
BPP_50_400_0.1_0.8_0.C	22	0.200	11.100	0.092
BPP_50_400_0.1_0.8_0.C	22	0.200	11.100	0.092
BPP_50_400_0.1_0.8_0.C	22	0.200	11.100	0.093
BPP_50_400_0.1_0.8_0.C	22	0.200	11.100	0.093
BPP_50_400_0.1_0.8_1.C	29	0.200	14.600	0.111
BPP_50_400_0.1_0.8_1.C	29	0.200	14.600	0.117
BPP_50_400_0.1_0.8_1.C	29	0.200	14.600	0.114
BPP_50_400_0.1_0.8_1.C	29	0.200	14.600	0.115
BPP_50_400_0.1_0.8_1.C	29	0.200	14.600	0.115
BPP_50_400_0.1_0.8_1.C	29	0.200	14.600	0.115
BPP_50_400_0.1_0.8_1.C	29	0.200	14.600	0.117
BPP_50_400_0.1_0.8_1.C	29	0.200	14.600	0.112
BPP_50_400_0.1_0.8_1.C	29	0.200	14.600	0.114
BPP_50_400_0.1_0.8_1.C	29	0.200	14.600	0.115
BPP_50_400_0.1_0.8_2.C	23	1.200	12.100	0.098
BPP_50_400_0.1_0.8_2.C	23	1.400	12.200	0.099
BPP_50_400_0.1_0.8_2.C	23	1.200	12.100	0.104
BPP_50_400_0.1_0.8_2.C	23	1.200	12.100	0.100
BPP_50_400_0.1_0.8_2.C	23	1.200	12.100	0.098
BPP_50_400_0.1_0.8_2.C	23	1.200	12.100	0.097
BPP_50_400_0.1_0.8_2.C	23	1.200	12.100	0.098
BPP_50_400_0.1_0.8_2.C	23	1.400	12.200	0.097
BPP_50_400_0.1_0.8_2.C	23	1.400	12.200	0.099
BPP_50_400_0.1_0.8_2.C	23	1.400	12.200	0.099
BPP_50_400_0.1_0.8_3.C	24	2.800	13.400	0.099
BPP_50_400_0.1_0.8_3.C	24	2.800	13.400	0.102
BPP_50_400_0.1_0.8_3.C	24	2.600	13.300	0.100
BPP_50_400_0.1_0.8_3.C	24	2.600	13.300	0.102
BPP_50_400_0.1_0.8_3.C	24	2.600	13.300	0.100
BPP_50_400_0.1_0.8_3.C	24	2.600	13.300	0.099
BPP_50_400_0.1_0.8_3.C	24	2.800	13.400	0.100
BPP_50_400_0.1_0.8_3.C	24	2.600	13.300	0.100
BPP_50_400_0.1_0.8_3.C	24	2.800	13.400	0.101
BPP_50_400_0.1_0.8_3.C	24	2.600	13.300	0.098
BPP_50_400_0.1_0.8_4.C	21	1.200	11.100	0.084
BPP_50_400_0.1_0.8_4.C	21	1.200	11.100	0.085
BPP_50_400_0.1_0.8_4.C	21	1.200	11.100	0.084
BPP_50_400_0.1_0.8_4.C	21	1.200	11.100	0.082
BPP_50_400_0.1_0.8_4.C	21	1.200	11.100	0.082
BPP_50_400_0.1_0.8_4.C	21	1.200	11.100	0.083
BPP_50_400_0.1_0.8_4.C	21	1.200	11.100	0.083
BPP_50_400_0.1_0.8_4.C	21	1.200	11.100	0.084
BPP_50_400_0.1_0.8_4.C	21	1.200	11.100	0.083
BPP_50_400_0.1_0.8_4.C	21	1.200	11.100	0.083
BPP_50_400_0.1_0.8_5.C	27	4.200	15.600	0.160
BPP_50_400_0.1_0.8_5.C	26	4.800	15.400	0.165
BPP_50_400_0.1_0.8_5.C	27	4.200	15.600	0.188
BPP_50_400_0.1_0.8_5.C	27	3.800	15.400	0.162
BPP_50_400_0.1_0.8_5.C	26	4.800	15.400	0.113
BPP_50_400_0.1_0.8_5.C	27	4.200	15.600	0.116
BPP_50_400_0.1_0.8_5.C	27	4.000	15.500	0.113
BPP_50_400_0.1_0.8_5.C	27	4.400	15.700	0.113
BPP_50_400_0.1_0.8_5.C	27	4.200	15.600	0.113
BPP_50_400_0.1_0.8_5.C	27	4.200	15.600	0.123
BPP_50_400_0.1_0.8_6.C	25	8.600	16.800	0.110
BPP_50_400_0.1_0.8_6.C	26	7.600	16.800	0.110
BPP_50_400_0.1_0.8_6.C	25	8.400	16.700	0.109
BPP_50_400_0.1_0.8_6.C	26	7.400	16.700	0.107
BPP_50_400_0.1_0.8_6.C	26	7.400	16.700	0.108
BPP_50_400_0.1_0.8_6.C	26	7.400	16.700	0.109
BPP_50_400_0.1_0.8_6.C	26	7.600	16.800	0.109
BPP_50_400_0.1_0.8_6.C	26	7.600	16.800	0.108
BPP_50_400_0.1_0.8_6.C	26	7.600	16.800	0.124
BPP_50_400_0.1_0.8_6.C	26	7.600	16.800	0.109
BPP_50_400_0.1_0.8_7.C	24	1.200	12.600	0.098
BPP_50_400_0.1_0.8_7.C	24	1.200	12.600	0.098
BPP_50_400_0.1_0.8_7.C	24	1.200	12.600	0.100
BPP_50_400_0.1_0.8_7.C	24	1.200	12.600	0.101
BPP_50_400_0.1_0.8_7.C	24	1.200	12.600	0.101
BPP_50_400_0.1_0.8_7.C	24	1.200	12.600	0.099
BPP_50_400_0.1_0.8_7.C	24	1.200	12.600	0.098
BPP_50_400_0.1_0.8_7.C	24	1.200	12.600	0.099
BPP_50_400_0.1_0.8_7.C	24	1.200	12.600	0.100
BPP_50_400_0.1_0.8_7.C	24	1.200	12.600	0.099
BPP_50_400_0.1_0.8_8.C	30	6.000	18.000	0.118
BPP_50_400_0.1_0.8_8.C	29	6.600	17.800	0.118
BPP_50_400_0.1_0.8_8.C	30	6.000	18.000	0.119
BPP_50_400_0.1_0.8_8.C	30	6.000	18.000	0.118
BPP_50_400_0.1_0.8_8.C	30	6.000	18.000	0.120
BPP_50_400_0.1_0.8_8.C	30	6.000	18.000	0.118
BPP_50_400_0.1_0.8_8.C	30	6.000	18.000	0.116
BPP_50_400_0.1_0.8_8.C	29	7.000	18.000	0.117
BPP_50_400_0.1_0.8_8.C	30	6.000	18.000	0.120
BPP_50_400_0.1_0.8_8.C	30	6.000	18.000	0.120
BPP_50_400_0.1_0.8_9.C	24	7.000	15.500	0.103
BPP_50_400_0.1_0.8_9.C	25	5.800	15.400	0.102
BPP_50_400_0.1_0.8_9.C	25	6.000	15.500	0.102
BPP_50_400_0.1_0.8_9.C	25	5.800	15.400	0.103
BPP_50_400_0.1_0.8_9.C	25	6.000	15.500	0.102
BPP_50_400_0.1_0.8_9.C	25	6.200	15.600	0.101
BPP_50_400_0.1_0.8_9.C	25	6.000	15.500	0.101
BPP_50_400_0.1_0.8_9.C	25	6.000	15.500	0.103
BPP_50_400_0.1_0.8_9.C	25	6.000	15.500	0.102
BPP_50_400_0.1_0.8_9.C	25	5.800	15.400	0.103
BPP_50_500_0.1_0.8_0.C	25	3.000	14.000	0.120
BPP_50_500_0.1_0.8_0.C	25	2.800	13.900	0.120
BPP_50_500_0.1_0.8_0.C	25	3.200	14.100	0.122
BPP_50_500_0.1_0.8_0.C	25	3.000	14.000	0.118
BPP_50_500_0.1_0.8_0.C	25	3.400	14.200	0.135
BPP_50_500_0.1_0.8_0.C	25	3.200	14.100	0.120
BPP_50_500_0.1_0.8_0.C	25	2.800	13.900	0.120
BPP_50_500_0.1_0.8_0.C	25	2.800	13.900	0.121
BPP_50_500_0.1_0.8_0.C	25	3.400	14.200	0.119
BPP_50_500_0.1_0.8_0.C	25	2.800	13.900	0.120
BPP_50_500_0.1_0.8_1.C	25	0.000	12.500	0.113
BPP_50_500_0.1_0.8_1.C	25	0.000	12.500	0.111
BPP_50_500_0.1_0.8_1.C	25	0.000	12.500	0.113
BPP_50_500_0.1_0.8_1.C	25	0.000	12.500	0.113
BPP_50_500_0.1_0.8_1.C	25	0.000	12.500	0.110
BPP_50_500_0.1_0.8_1.C	25	0.000	12.500	0.110
BPP_50_500_0.1_0.8_1.C	25	0.000	12.500	0.112
BPP_50_500_0.1_0.8_1.C	25	0.000	12.500	0.113
BPP_50_500_0.1_0.8_1.C	25	0.000	12.500	0.115
BPP_50_500_0.1_0.8_1.C	25	0.000	12.500	0.110
BPP_50_500_0.1_0.8_2.C	26	1.400	13.700	0.118
BPP_50_500_0.1_0.8_2.C	26	1.400	13.700	0.120
BPP_50_500_0.1_0.8_2.C	26	1.400	13.700	0.118
BPP_50_500_0.1_0.8_2.C	26	1.400	13.700	0.116
BPP_50_500_0.1_0.8_2.C	26	1.400	13.700	0.118
BPP_50_500_0.1_0.8_2.C	26	1.400	13.700	0.117
BPP_50_500_0.1_0.8_2.C	26	1.400	13.700	0.118
BPP_50_500_0.1_0.8_2.C	26	1.600	13.800	0.118
BPP_50_500_0.1_0.8_2.C	26	1.400	13.700	0.119
BPP_50_500_0.1_0.8_2.C	26	1.400	13.700	0.132
BPP_50_500_0.1_0.8_3.C	22	3.000	12.500	0.104
BPP_50_500_0.1_0.8_3.C	22	3.000	12.500	0.106
BPP_50_500_0.1_0.8_3.C	22	3.000	12.500	0.107
BPP_50_500_0.1_0.8_3.C	22	3.000	12.500	0.104
BPP_50_500_0.1_0.8_3.C	22	3.200	12.600	0.104
BPP_50_500_0.1_0.8_3.C	22	3.200	12.600	0.106
BPP_50_500_0.1_0.8_3.C	22	3.000	12.500	0.104
BPP_50_500_0.1_0.8_3.C	22	3.000	12.500	0.108
BPP_50_500_0.1_0.8_3.C	22	3.200	12.600	0.104
BPP_50_500_0.1_0.8_3.C	22	3.000	12.500	0.107
BPP_50_500_0.1_0.8_4.C	22	1.400	11.700	0.102
BPP_50_500_0.1_0.8_4.C	22	1.400	11.700	0.100
BPP_50_500_0.1_0.8_4.C	22	1.400	11.700	0.100
BPP_50_500_0.1_0.8_4.C	22	1.400	11.700	0.104
BPP_50_500_0.1_0.8_4.C	22	1.400	11.700	0.099
BPP_50_500_0.1_0.8_4.C	22	1.400	11.700	0.100
BPP_50_500_0.1_0.8_4.C	22	1.400	11.700	0.100
BPP_50_500_0.1_0.8_4.C	22	1.400	11.700	0.099
BPP_50_500_0.1_0.8_4.C	22	1.400	11.700	0.101
BPP_50_500_0.1_0.8_4.C	22	1.400	11.700	0.109
BPP_50_500_0.1_0.8_5.C	26	2.600	14.300	0.125
BPP_50_500_0.1_0.8_5.C	26	2.600	14.300	0.155
BPP_50_500_0.1_0.8_5.C	26	2.600	14.300	0.119
BPP_50_500_0.1_0.8_5.C	26	2.600	14.300	0.118
BPP_50_500_0.1_0.8_5.C	26	2.600	14.300	0.122
BPP_50_500_0.1_0.8_5.C	26	2.600	14.300	0.120
BPP_50_500_0.1_0.8_5.C	26	2.600	14.300	0.119
BPP_50_500_0.1_0.8_5.C	26	2.600	14.300	0.119
BPP_50_500_0.1_0.8_5.C	26	2.600	14.300	0.119
BPP_50_500_0.1_0.8_5.C	26	2.600	14.300	0.118
BPP_50_500_0.1_0.8_6.C	23	0.800	11.900	0.111
BPP_50_500_0.1_0.8_6.C	23	0.800	11.900	0.121
BPP_50_500_0.1_0.8_6.C	23	0.800	11.900	0.109
BPP_50_500_0.1_0.8_6.C	23	0.800	11.900	0.109
BPP_50_500_0.1_0.8_6.C	23	0.800	11.900	0.111
BPP_50_500_0.1_0.8_6.C	23	0.800	11.900	0.110
BPP_50_500_0.1_0.8_6.C	23	0.800	11.900	0.109
BPP_50_500_0.1_0.8_6.C	23	0.800	11.900	0.109
BPP_50_500_0.1_0.8_6.C	23	0.800	11.900	0.110
BPP_50_500_0.1_0.8_6.C	23	0.800	11.900	0.121
BPP_50_500_0.1_0.8_7.C	27	1.200	14.100	0.121
BPP_50_500_0.1_0.8_7.C	27	1.200	14.100	0.118
BPP_50_500_0.1_0.8_7.C	27	1.200	14.100	0.118
BPP_50_500_0.1_0.8_7.C	27	1.200	14.100	0.119
BPP_50_500_0.1_0.8_7.C	27	1.200	14.100	0.120
BPP_50_500_0.1_0.8_7.C	27	1.200	14.100	0.120
BPP_50_500_0.1_0.8_7.C	27	1.200	14.100	0.127
BPP_50_500_0.1_0.8_7.C	27	1.200	14.100	0.120
BPP_50_500_0.1_0.8_7.C	27	1.200	14.100	0.118
BPP_50_500_0.1_0.8_7.C	27	1.200	14.100	0.119
BPP_50_500_0.1_0.8_8.C	27	1.800	14.400	0.122
BPP_50_500_0.1_0.8_8.C	27	1.800	14.400	0.145
BPP_50_500_0.1_0.8_8.C	27	1.800	14.400	0.122
BPP_50_500_0.1_0.8_8.C	27	1.800	14.400	0.126
BPP_50_500_0.1_0.8_8.C	27	1.800	14.400	0.135
BPP_50_500_0.1_0.8_8.C	27	1.800	14.400	0.132
BPP_50_500_0.1_0.8_8.C	27	1.800	14.400	0.124
BPP_50_500_0.1_0.8_8.C	27	1.800	14.400	0.134
BPP_50_500_0.1_0.8_8.C	27	1.800	14.400	0.128
BPP_50_500_0.1_0.8_8.C	27	1.800	14.400	0.193
BPP_50_500_0.1_0.8_9.C	25	0.800	12.900	0.120
BPP_50_500_0.1_0.8_9.C	25	0.800	12.900	0.122
BPP_50_500_0.1_0.8_9.C	25	0.800	12.900	0.120
BPP_50_500_0.1_0.8_9.C	25	0.800	12.900	0.118
BPP_50_500_0.1_0.8_9.C	25	0.800	12.900	0.131
BPP_50_500_0.1_0.8_9.C	25	0.800	12.900	0.119
BPP_50_500_0.1_0.8_9.C	25	0.800	12.900	0.128
BPP_50_500_0.1_0.8_9.C	25	0.800	12.900	0.117
BPP_50_500_0.1_0.8_9.C	25	0.800	12.900	0.118
BPP_50_500_0.1_0.8_9.C	25	0.800	12.900	0.119
BPP_50_50_0.1_0.8_0.C	24	3.200	13.600	0.013
BPP_50_50_0.1_0.8_0.C	24	3.400	13.700	0.013
BPP_50_50_0.1_0.8_0.C	24	3.400	13.700	0.014
BPP_50_50_0.1_0.8_0.C	24	3.200	13.600	0.013
BPP_50_50_0.1_0.8_0.C	24	3.400	13.700	0.013
BPP_50_50_0.1_0.8_0.C	24	3.400	13.700	0.013
BPP_50_50_0.1_0.8_0.C	24	3.200	13.600	0.013
BPP_50_50_0.1_0.8_0.C	24	3.400	13.700	0.013
BPP_50_50_0.1_0.8_0.C	24	3.400	13.700	0.013
BPP_50_50_0.1_0.8_0.C	24	3.600	13.800	0.013
BPP_50_50_0.1_0.8_1.C	29	1.000	15.000	0.013
BPP_50_50_0.1_0.8_1.C	29	1.000	15.000	0.014
BPP_50_50_0.1_0.8_1.C	29	1.000	15.000	0.013
BPP_50_50_0.1_0.8_1.C	29	1.000	15.000	0.016
BPP_50_50_0.1_0.8_1.C	29	1.000	15.000	0.014
BPP_50_50_0.1_0.8_1.C	29	1.000	15.000	0.014
BPP_50_50_0.1_0.8_1.C	29	1.000	15.000	0.014
BPP_50_50_0.1_0.8_1.C	29	1.000	15.000	0.014
BPP_50_50_0.1_0.8_1.C	29	1.000	15.000	0.014
BPP_50_50_0.1_0.8_1.C	29	1.000	15.000	0.013
BPP_50_50_0.1_0.8_2.C	26	2.400	14.200	0.014
BPP_50_50_0.1_0.8_2.C	26	2.400	14.200	0.014
BPP_50_50_0.1_0.8_2.C	26	2.400	14.200	0.013
BPP_50_50_0.1_0.8_2.C	26	2.400	14.200	0.013
BPP_50_50_0.1_0.8_2.C	26	2.400	14.200	0.014
BPP_50_50_0.1_0.8_2.C	26	2.400	14.200	0.013
BPP_50_50_0.1_0.8_2.C	26	2.400	14.200	0.013
BPP_50_50_0.1_0.8_2.C	26	2.400	14.200	0.013
BPP_50_50_0.1_0.8_2.C	26	2.400	14.200	0.013
BPP_50_50_0.1_0.8_2.C	26	2.400	14.200	0.014
BPP_50_50_0.1_0.8_3.C	21	1.600	11.300	0.011
BPP_50_50_0.1_0.8_3.C	21	1.600	11.300	0.011
BPP_50_50_0.1_0.8_3.C	21	1.600	11.300	0.012
BPP_50_50_0.1_0.8_3.C	21	1.600	11.300	0.011
BPP_50_50_0.1_0.8_3.C	21	1.600	11.300	0.012
BPP_50_50_0.1_0.8_3.C	21	1.600	11.300	0.012
BPP_50_50_0.1_0.8_3.C	21	1.600	11.300	0.011
BPP_50_50_0.1_0.8_3.C	21	1.600	11.300	0.011
BPP_50_50_0.1_0.8_3.C	21	1.600	11.300	0.011
BPP_50_50_0.1_0.8_3.C	21	1.600	11.300	0.011
BPP_50_50_0.1_0.8_4.C	24	4.800	14.400	0.013
BPP_50_50_0.1_0.8_4.C	25	3.800	14.400	0.013
BPP_50_50_0.1_0.8_4.C	24	4.800	14.400	0.013
BPP_50_50_0.1_0.8_4.C	24	4.800	14.400	0.013
BPP_50_50_0.1_0.8_4.C	24	4.800	14.400	0.013
BPP_50_50_0.1_0.8_4.C	25	3.800	14.400	0.013
BPP_50_50_0.1_0.8_4.C	25	3.800	14.400	0.013
BPP_50_50_0.1_0.8_4.C	24	4.800	14.400	0.013
BPP_50_50_0.1_0.8_4.C	25	3.800	14.400	0.013
BPP_50_50_0.1_0.8_4.C	24	4.800	14.400	0.013
BPP_50_50_0.1_0.8_5.C	25	3.200	14.100	0.013
BPP_50_50_0.1_0.8_5.C	25	3.200	14.100	0.013
BPP_50_50_0.1_0.8_5.C	25	2.800	13.900	0.012
BPP_50_50_0.1_0.8_5.C	25	2.600	13.800	0.014
BPP_50_50_0.1_0.8_5.C	25	3.000	14.000	0.013
BPP_50_50_0.1_0.8_5.C	25	2.600	13.800	0.013
BPP_50_50_0.1_0.8_5.C	25	2.600	13.800	0.013
BPP_50_50_0.1_0.8_5.C	25	3.000	14.000	0.013
BPP_50_50_0.1_0.8_5.C	25	2.600	13.800	0.012
BPP_50_50_0.1_0.8_5.C	25	3.000	14.000	0.013
BPP_50_50_0.1_0.8_6.C	24	4.800	14.400	0.014
BPP_50_50_0.1_0.8_6.C	25	3.800	14.400	0.014
BPP_50_50_0.1_0.8_6.C	24	4.800	14.400	0.013
BPP_50_50_0.1_0.8_6.C	24	4.600	14.300	0.013
BPP_50_50_0.1_0.8_6.C	24	4.400	14.200	0.013
BPP_50_50_0.1_0.8_6.C	24	4.600	14.300	0.013
BPP_50_50_0.1_0.8_6.C	24	4.600	14.300	0.014
BPP_50_50_0.1_0.8_6.C	24	4.400	14.200	0.014
BPP_50_50_0.1_0.8_6.C	24	4.400	14.200	0.014
BPP_50_50_0.1_0.8_6.C	24	4.800	14.400	0.013
BPP_50_50_0.1_0.8_7.C	25	4.600	14.800	0.013
BPP_50_50_0.1_0.8_7.C	25	5.400	15.200	0.013
BPP_50_50_0.1_0.8_7.C	25	4.600	14.800	0.013
BPP_50_50_0.1_0.8_7.C	26	4.400	15.200	0.013
BPP_50_50_0.1_0.8_7.C	25	5.400	15.200	0.013
BPP_50_50_0.1_0.8_7.C	25	5.400	15.200	0.013
BPP_50_50_0.1_0.8_7.C	25	4.600	14.800	0.013
BPP_50_50_0.1_0.8_7.C	26	4.200	15.100	0.013
BPP_50_50_0.1_0.8_7.C	25	4.800	14.900	0.014
BPP_50_50_0.1_0.8_7.C	25	5.000	15.000	0.013
BPP_50_50_0.1_0.8_8.C	24	2.800	13.400	0.013
BPP_50_50_0.1_0.8_8.C	24	3.000	13.500	0.012
BPP_50_50_0.1_0.8_8.C	24	2.800	13.400	0.012
BPP_50_50_0.1_0.8_8.C	24	3.000	13.500	0.013
BPP_50_50_0.1_0.8_8.C	24	3.000	13.500	0.012
BPP_50_50_0.1_0.8_8.C	24	2.800	13.400	0.012
BPP_50_50_0.1_0.8_8.C	24	2.800	13.400	0.013
BPP_50_50_0.1_0.8_8.C	24	2.800	13.400	0.013
BPP_50_50_0.1_0.8_8.C	24	3.000	13.500	0.012
BPP_50_50_0.1_0.8_8.C	24	2.800	13.400	0.012
BPP_50_50_0.1_0.8_9.C	25	4.400	14.700	0.013
BPP_50_50_0.1_0.8_9.C	25	4.400	14.700	0.013
BPP_50_50_0.1_0.8_9.C	25	4.400	14.700	0.013
BPP_50_50_0.1_0.8_9.C	25	4.400	14.700	0.013
BPP_50_50_0.1_0.8_9.C	25	4.400	14.700	0.012
BPP_50_50_0.1_0.8_9.C	25	4.400	14.700	0.012
BPP_50_50_0.1_0.8_9.C	25	4.400	14.700	0.013
BPP_50_50_0.1_0.8_9.C	25	4.400	14.700	0.012
BPP_50_50_0.1_0.8_9.C	25	4.400	14.700	0.013
BPP_50_50_0.1_0.8_9.C	25	4.400	14.700	0.014
BPP_50_750_0.1_0.8_0.C	31	5.000	18.000	0.197
BPP_50_750_0.1_0.8_0.C	31	4.800	17.900	0.197
BPP_50_750_0.1_0.8_0.C	31	5.000	18.000	0.209
BPP_50_750_0.1_0.8_0.C	31	4.800	17.900	0.196
BPP_50_750_0.1_0.8_0.C	31	5.000	18.000	0.197
BPP_50_750_0.1_0.8_0.C	31	5.000	18.000	0.197
BPP_50_750_0.1_0.8_0.C	31	5.000	18.000	0.198
BPP_50_750_0.1_0.8_0.C	31	5.000	18.000	0.200
BPP_50_750_0.1_0.8_0.C	31	5.000	18.000	0.197
BPP_50_750_0.1_0.8_0.C	31	5.000	18.000	0.198
BPP_50_750_0.1_0.8_1.C	23	4.000	13.500	0.156
BPP_50_750_0.1_0.8_1.C	23	4.800	13.900	0.155
BPP_50_750_0.1_0.8_1.C	23	4.600	13.800	0.157
BPP_50_750_0.1_0.8_1.C	23	4.400	13.700	0.153
BPP_50_750_0.1_0.8_1.C	23	4.000	13.500	0.158
BPP_50_750_0.1_0.8_1.C	23	4.200	13.600	0.156
BPP_50_750_0.1_0.8_1.C	23	4.800	13.900	0.157
BPP_50_750_0.1_0.8_1.C	23	4.200	13.600	0.156
BPP_50_750_0.1_0.8_1.C	23	3.800	13.400	0.155
BPP_50_750_0.1_0.8_1.C	23	4.400	13.700	0.156
BPP_50_750_0.1_0.8_2.C	27	0.000	13.500	0.167
BPP_50_750_0.1_0.8_2.C	27	0.000	13.500	0.167
BPP_50_750_0.1_0.8_2.C	27	0.000	13.500	0.170
BPP_50_750_0.1_0.8_2.C	27	0.000	13.500	0.167
BPP_50_750_0.1_0.8_2.C	27	0.000	13.500	0.169
BPP_50_750_0.1_0.8_2.C	27	0.000	13.500	0.169
BPP_50_750_0.1_0.8_2.C	27	0.000	13.500	0.168
BPP_50_750_0.1_0.8_2.C	27	0.000	13.500	0.170
BPP_50_750_0.1_0.8_2.C	27	0.000	13.500	0.168
BPP_50_750_0.1_0.8_2.C	27	0.000	13.500	0.168
BPP_50_750_0.1_0.8_3.C	26	0.000	13.000	0.166
BPP_50_750_0.1_0.8_3.C	26	0.000	13.000	0.167
BPP_50_750_0.1_0.8_3.C	26	0.000	13.000	0.170
BPP_50_750_0.1_0.8_3.C	26	0.000	13.000	0.197
BPP_50_750_0.1_0.8_3.C	26	0.000	13.000	0.168
BPP_50_750_0.1_0.8_3.C	26	0.000	13.000	0.176
BPP_50_750_0.1_0.8_3.C	26	0.000	13.000	0.166
BPP_50_750_0.1_0.8_3.C	26	0.000	13.000	0.166
BPP_50_750_0.1_0.8_3.C	26	0.000	13.000	0.166
BPP_50_750_0.1_0.8_3.C	26	0.000	13.000	0.166
BPP_50_750_0.1_0.8_4.C	24	0.000	12.000	0.175
BPP_50_750_0.1_0.8_4.C	24	0.000	12.000	0.160
BPP_50_750_0.1_0.8_4.C	24	0.000	12.000	0.162
BPP_50_750_0.1_0.8_4.C	24	0.000	12.000	0.163
BPP_50_750_0.1_0.8_4.C	24	0.000	12.000	0.161
BPP_50_750_0.1_0.8_4.C	24	0.000	12.000	0.160
BPP_50_750_0.1_0.8_4.C	24	0.000	12.000	0.159
BPP_50_750_0.1_0.8_4.C	24	0.000	12.000	0.159
BPP_50_750_0.1_0.8_4.C	24	0.000	12.000	0.158
BPP_50_750_0.1_0.8_4.C	24	0.000	12.000	0.162
BPP_50_750_0.1_0.8_5.C	25	0.000	12.500	0.165
BPP_50_750_0.1_0.8_5.C	25	0.000	12.500	0.168
BPP_50_750_0.1_0.8_5.C	25	0.000	12.500	0.166
BPP_50_750_0.1_0.8_5.C	25	0.000	12.500	0.166
BPP_50_750_0.1_0.8_5.C	25	0.000	12.500	0.166
BPP_50_750_0.1_0.8_5.C	25	0.000	12.500	0.165
BPP_50_750_0.1_0.8_5.C	25	0.000	12.500	0.164
BPP_50_750_0.1_0.8_5.C	25	0.000	12.500	0.166
BPP_50_750_0.1_0.8_5.C	25	0.000	12.500	0.164
BPP_50_750_0.1_0.8_5.C	25	0.000	12.500	0.174
BPP_50_750_0.1_0.8_6.C	25	0.000	12.500	0.164
BPP_50_750_0.1_0.8_6.C	25	0.000	12.500	0.163
BPP_50_750_0.1_0.8_6.C	25	0.000	12.500	0.164
BPP_50_750_0.1_0.8_6.C	25	0.000	12.500	0.165
BPP_50_750_0.1_0.8_6.C	25	0.000	12.500	0.165
BPP_50_750_0.1_0.8_6.C	25	0.000	12.500	0.169
BPP_50_750_0.1_0.8_6.C	25	0.000	12.500	0.163
BPP_50_750_0.1_0.8_6.C	25	0.000	12.500	0.166
BPP_50_750_0.1_0.8_6.C	25	0.000	12.500	0.165
BPP_50_750_0.1_0.8_6.C	25	0.000	12.500	0.166
BPP_50_750_0.1_0.8_7.C	27	3.000	15.000	0.202
BPP_50_750_0.1_0.8_7.C	27	2.800	14.900	0.187
BPP_50_750_0.1_0.8_7.C	27	2.800	14.900	0.187
BPP_50_750_0.1_0.8_7.C	27	3.000	15.000	0.186
BPP_50_750_0.1_0.8_7.C	27	3.000	15.000	0.202
BPP_50_750_0.1_0.8_7.C	27	3.000	15.000	0.185
BPP_50_750_0.1_0.8_7.C	27	3.000	15.000	0.184
BPP_50_750_0.1_0.8_7.C	27	2.800	14.900	0.187
BPP_50_750_0.1_0.8_7.C	27	3.000	15.000	0.186
BPP_50_750_0.1_0.8_7.C	27	2.800	14.900	0.185
BPP_50_750_0.1_0.8_8.C	25	0.400	12.700	0.176
BPP_50_750_0.1_0.8_8.C	25	0.400	12.700	0.165
BPP_50_750_0.1_0.8_8.C	25	0.400	12.700	0.163
BPP_50_750_0.1_0.8_8.C	25	0.400	12.700	0.162
BPP_50_750_0.1_0.8_8.C	24	0.800	12.400	0.166
BPP_50_750_0.1_0.8_8.C	25	0.400	12.700	0.163
BPP_50_750_0.1_0.8_8.C	25	0.400	12.700	0.175
BPP_50_750_0.1_0.8_8.C	25	0.400	12.700	0.163
BPP_50_750_0.1_0.8_8.C	24	0.800	12.400	0.162
BPP_50_750_0.1_0.8_8.C	25	0.600	12.800	0.172
BPP_50_750_0.1_0.8_9.C	21	0.200	10.600	0.154
BPP_50_750_0.1_0.8_9.C	21	0.200	10.600	0.152
BPP_50_750_0.1_0.8_9.C	21	0.200	10.600	0.154
BPP_50_750_0.1_0.8_9.C	21	0.200	10.600	0.154
BPP_50_750_0.1_0.8_9.C	21	0.200	10.600	0.151
BPP_50_750_0.1_0.8_9.C	21	0.200	10.600	0.153
BPP_50_750_0.1_0.8_9.C	21	0.200	10.600	0.152
BPP_50_750_0.1_0.8_9.C	21	0.200	10.600	0.151
BPP_50_750_0.1_0.8_9.C	21	0.200	10.600	0.156
BPP_50_750_0.1_0.8_9.C	21	0.200	10.600	0.153
BPP_50_75_0.1_0.8_0.C	26	0.600	13.300	0.015
BPP_50_75_0.1_0.8_0.C	26	0.600	13.300	0.015
BPP_50_75_0.1_0.8_0.C	26	0.600	13.300	0.015
BPP_50_75_0.1_0.8_0.C	27	0.200	13.600	0.014
BPP_50_75_0.1_0.8_0.C	26	0.800	13.400	0.015
BPP_50_75_0.1_0.8_0.C	26	0.600	13.300	0.015
BPP_50_75_0.1_0.8_0.C	26	0.600	13.300	0.015
BPP_50_75_0.1_0.8_0.C	26	0.800	13.400	0.015
BPP_50_75_0.1_0.8_0.C	26	0.800	13.400	0.014
BPP_50_75_0.1_0.8_0.C	26	0.600	13.300	0.015
BPP_50_75_0.1_0.8_1.C	29	1.600	15.300	0.016
BPP_50_75_0.1_0.8_1.C	29	1.600	15.300	0.016
BPP_50_75_0.1_0.8_1.C	29	1.600	15.300	0.016
BPP_50_75_0.1_0.8_1.C	29	1.600	15.300	0.016
BPP_50_75_0.1_0.8_1.C	29	1.600	15.300	0.017
BPP_50_75_0.1_0.8_1.C	29	1.600	15.300	0.016
BPP_50_75_0.1_0.8_1.C	29	1.600	15.300	0.016
BPP_50_75_0.1_0.8_1.C	29	1.600	15.300	0.016
BPP_50_75_0.1_0.8_1.C	29	1.600	15.300	0.016
BPP_50_75_0.1_0.8_1.C	29	1.600	15.300	0.016
BPP_50_75_0.1_0.8_2.C	23	1.800	12.400	0.014
BPP_50_75_0.1_0.8_2.C	23	1.800	12.400	0.014
BPP_50_75_0.1_0.8_2.C	23	1.800	12.400	0.014
BPP_50_75_0.1_0.8_2.C	23	1.800	12.400	0.014
BPP_50_75_0.1_0.8_2.C	23	1.800	12.400	0.015
BPP_50_75_0.1_0.8_2.C	23	1.800	12.400	0.014
BPP_50_75_0.1_0.8_2.C	23	1.600	12.300	0.014
BPP_50_75_0.1_0.8_2.C	23	1.600	12.300	0.014
BPP_50_75_0.1_0.8_2.C	23	1.800	12.400	0.014
BPP_50_75_0.1_0.8_2.C	23	1.800	12.400	0.014
BPP_50_75_0.1_0.8_3.C	23	7.000	15.000	0.014
BPP_50_75_0.1_0.8_3.C	23	7.000	15.000	0.015
BPP_50_75_0.1_0.8_3.C	23	7.000	15.000	0.015
BPP_50_75_0.1_0.8_3.C	23	7.000	15.000	0.015
BPP_50_75_0.1_0.8_3.C	23	7.200	15.100	0.015
BPP_50_75_0.1_0.8_3.C	23	7.000	15.000	0.014
BPP_50_75_0.1_0.8_3.C	23	7.000	15.000	0.015
BPP_50_75_0.1_0.8_3.C	23	7.200	15.100	0.015
BPP_50_75_0.1_0.8_3.C	23	7.000	15.000	0.015
BPP_50_75_0.1_0.8_3.C	23	7.200	15.100	0.015
BPP_50_75_0.1_0.8_4.C	29	5.600	17.300	0.016
BPP_50_75_0.1_0.8_4.C	29	5.600	17.300	0.016
BPP_50_75_0.1_0.8_4.C	29	5.600	17.300	0.016
BPP_50_75_0.1_0.8_4.C	29	5.600	17.300	0.016
BPP_50_75_0.1_0.8_4.C	29	5.600	17.300	0.017
BPP_50_75_0.1_0.8_4.C	29	5.600	17.300	0.017
BPP_50_75_0.1_0.8_4.C	29	5.600	17.300	0.017
BPP_50_75_0.1_0.8_4.C	29	5.600	17.300	0.017
BPP_50_75_0.1_0.8_4.C	29	5.600	17.300	0.017
BPP_50_75_0.1_0.8_4.C	29	5.600	17.300	0.016
BPP_50_75_0.1_0.8_5.C	26	1.800	13.900	0.015
BPP_50_75_0.1_0.8_5.C	26	2.000	14.000	0.015
BPP_50_75_0.1_0.8_5.C	26	1.800	13.900	0.015
BPP_50_75_0.1_0.8_5.C	26	2.200	14.100	0.015
BPP_50_75_0.1_0.8_5.C	26	1.800	13.900	0.015
BPP_50_75_0.1_0.8_5.C	26	1.800	13.900	0.015
BPP_50_75_0.1_0.8_5.C	26	2.000	14.000	0.015
BPP_50_75_0.1_0.8_5.C	26	2.200	14.100	0.015
BPP_50_75_0.1_0.8_5.C	26	1.800	13.900	0.016
BPP_50_75_0.1_0.8_5.C	26	1.800	13.900	0.016
BPP_50_75_0.1_0.8_6.C	22	1.000	11.500	0.013
BPP_50_75_0.1_0.8_6.C	22	1.000	11.500	0.014
BPP_50_75_0.1_0.8_6.C	22	1.000	11.500	0.014
BPP_50_75_0.1_0.8_6.C	22	1.000	11.500	0.013
BPP_50_75_0.1_0.8_6.C	22	1.000	11.500	0.013
BPP_50_75_0.1_0.8_6.C	22	1.000	11.500	0.013
BPP_50_75_0.1_0.8_6.C	22	1.000	11.500	0.013
BPP_50_75_0.1_0.8_6.C	22	1.000	11.500	0.013
BPP_50_75_0.1_0.8_6.C	22	1.000	11.500	0.013
BPP_50_75_0.1_0.8_6.C	22	1.000	11.500	0.013
BPP_50_75_0.1_0.8_7.C	23	0.400	11.700	0.013
BPP_50_75_0.1_0.8_7.C	23	0.400	11.700	0.014
BPP_50_75_0.1_0.8_7.C	23	0.400	11.700	0.014
BPP_50_75_0.1_0.8_7.C	23	0.400	11.700	0.014
BPP_50_75_0.1_0.8_7.C	23	0.400	11.700	0.013
BPP_50_75_0.1_0.8_7.C	23	0.400	11.700	0.014
BPP_50_75_0.1_0.8_7.C	23	0.400	11.700	0.013
BPP_50_75_0.1_0.8_7.C	22	1.000	11.500	0.013
BPP_50_75_0.1_0.8_7.C	23	0.400	11.700	0.014
BPP_50_75_0.1_0.8_7.C	23	0.400	11.700	0.013
BPP_50_75_0.1_0.8_8.C	21	0.600	10.800	0.013
BPP_50_75_0.1_0.8_8.C	21	0.600	10.800	0.013
BPP_50_75_0.1_0.8_8.C	21	0.600	10.800	0.013
BPP_50_75_0.1_0.8_8.C	21	0.600	10.800	0.013
BPP_50_75_0.1_0.8_8.C	21	0.600	10.800	0.013
BPP_50_75_0.1_0.8_8.C	21	0.600	10.800	0.012
BPP_50_75_0.1_0.8_8.C	21	0.600	10.800	0.014
BPP_50_75_0.1_0.8_8.C	21	0.600	10.800	0.013
BPP_50_75_0.1_0.8_8.C	21	0.600	10.800	0.013
BPP_50_75_0.1_0.8_8.C	21	0.600	10.800	0.013
BPP_50_75_0.1_0.8_9.C	27	2.000	14.500	0.015
BPP_50_75_0.1_0.8_9.C	27	2.000	14.500	0.016
BPP_50_75_0.1_0.8_9.C	27	2.000	14.500	0.015
BPP_50_75_0.1_0.8_9.C	27	2.000	14.500	0.015
BPP_50_75_0.1_0.8_9.C	27	1.800	14.400	0.015
BPP_50_75_0.1_0.8_9.C	27	2.000	14.500	0.015
BPP_50_75_0.1_0.8_9.C	27	2.000	14.500	0.015
BPP_50_75_0.1_0.8_9.C	27	2.000	14.500	0.015
BPP_50_75_0.1_0.8_9.C	27	2.000	14.500	0.015
BPP_50_75_0.1_0.8_9.C	27	2.000	14.500	0.015
