***************************************** BIN PACKING SOLUTION *****************************************
Parameters: alpha_1=0.5 alpha_2=0.5 t=0.2 s=1
-------------------------------------------------------------------------------------------------------------------------------------------------
INSTANCE 	 # OF BINS 	 SCHEDULING OBJECTIVE 	 BEST OBJECTIVE 	 RUNNING TIME
-------------------------------------------------------------------------------------------------------------------------------------------------
BPP_new_20_1000_1.C	13	4.000	8.500	0.054
BPP_new_20_1000_1.C	13	4.000	8.500	0.057
BPP_new_20_1000_1.C	13	4.000	8.500	0.052
BPP_new_20_1000_1.C	13	4.000	8.500	0.054
BPP_new_20_1000_1.C	13	4.000	8.500	0.057
BPP_new_20_1000_1.C	13	4.000	8.500	0.053
BPP_new_20_1000_1.C	13	4.000	8.500	0.059
BPP_new_20_1000_1.C	13	4.000	8.500	0.051
BPP_new_20_1000_1.C	13	4.000	8.500	0.057
BPP_new_20_1000_1.C	13	4.000	8.500	0.056
BPP_new_20_1000_10.C	9	1.000	5.000	0.036
BPP_new_20_1000_10.C	9	1.000	5.000	0.035
BPP_new_20_1000_10.C	9	1.000	5.000	0.037
BPP_new_20_1000_10.C	9	1.000	5.000	0.036
BPP_new_20_1000_10.C	9	1.000	5.000	0.036
BPP_new_20_1000_10.C	9	1.000	5.000	0.035
BPP_new_20_1000_10.C	9	1.000	5.000	0.035
BPP_new_20_1000_10.C	9	1.000	5.000	0.037
BPP_new_20_1000_10.C	9	1.000	5.000	0.035
BPP_new_20_1000_10.C	9	1.000	5.000	0.033
BPP_new_20_1000_2.C	10	3.000	6.500	0.040
BPP_new_20_1000_2.C	10	3.000	6.500	0.043
BPP_new_20_1000_2.C	10	3.000	6.500	0.043
BPP_new_20_1000_2.C	10	3.000	6.500	0.042
BPP_new_20_1000_2.C	10	3.000	6.500	0.041
BPP_new_20_1000_2.C	10	3.000	6.500	0.041
BPP_new_20_1000_2.C	10	3.000	6.500	0.042
BPP_new_20_1000_2.C	10	3.000	6.500	0.042
BPP_new_20_1000_2.C	10	3.000	6.500	0.041
BPP_new_20_1000_2.C	10	3.000	6.500	0.043
BPP_new_20_1000_3.C	13	5.000	9.000	0.050
BPP_new_20_1000_3.C	13	5.000	9.000	0.050
BPP_new_20_1000_3.C	13	5.000	9.000	0.048
BPP_new_20_1000_3.C	13	5.000	9.000	0.048
BPP_new_20_1000_3.C	13	5.000	9.000	0.049
BPP_new_20_1000_3.C	13	5.000	9.000	0.048
BPP_new_20_1000_3.C	13	5.000	9.000	0.048
BPP_new_20_1000_3.C	13	5.000	9.000	0.047
BPP_new_20_1000_3.C	13	5.000	9.000	0.049
BPP_new_20_1000_3.C	13	5.000	9.000	0.048
BPP_new_20_1000_4.C	8	2.400	5.200	0.036
BPP_new_20_1000_4.C	8	2.400	5.200	0.036
BPP_new_20_1000_4.C	8	2.400	5.200	0.036
BPP_new_20_1000_4.C	8	2.400	5.200	0.036
BPP_new_20_1000_4.C	8	2.400	5.200	0.036
BPP_new_20_1000_4.C	8	2.400	5.200	0.036
BPP_new_20_1000_4.C	8	2.400	5.200	0.036
BPP_new_20_1000_4.C	8	2.400	5.200	0.036
BPP_new_20_1000_4.C	8	2.400	5.200	0.036
BPP_new_20_1000_4.C	8	2.400	5.200	0.036
BPP_new_20_1000_5.C	10	1.400	5.700	0.041
BPP_new_20_1000_5.C	10	1.400	5.700	0.042
BPP_new_20_1000_5.C	10	1.400	5.700	0.041
BPP_new_20_1000_5.C	10	1.400	5.700	0.042
BPP_new_20_1000_5.C	10	1.400	5.700	0.041
BPP_new_20_1000_5.C	10	1.400	5.700	0.041
BPP_new_20_1000_5.C	10	1.400	5.700	0.041
BPP_new_20_1000_5.C	10	1.400	5.700	0.041
BPP_new_20_1000_5.C	10	1.400	5.700	0.042
BPP_new_20_1000_5.C	10	1.400	5.700	0.041
BPP_new_20_1000_6.C	10	1.400	5.700	0.043
BPP_new_20_1000_6.C	10	1.400	5.700	0.042
BPP_new_20_1000_6.C	10	1.400	5.700	0.042
BPP_new_20_1000_6.C	10	1.400	5.700	0.041
BPP_new_20_1000_6.C	10	1.400	5.700	0.048
BPP_new_20_1000_6.C	10	1.400	5.700	0.041
BPP_new_20_1000_6.C	10	1.400	5.700	0.042
BPP_new_20_1000_6.C	10	1.400	5.700	0.042
BPP_new_20_1000_6.C	10	1.400	5.700	0.042
BPP_new_20_1000_6.C	10	1.400	5.700	0.041
BPP_new_20_1000_7.C	10	1.000	5.500	0.039
BPP_new_20_1000_7.C	10	1.000	5.500	0.039
BPP_new_20_1000_7.C	10	1.000	5.500	0.040
BPP_new_20_1000_7.C	10	1.000	5.500	0.040
BPP_new_20_1000_7.C	10	1.000	5.500	0.040
BPP_new_20_1000_7.C	10	1.000	5.500	0.040
BPP_new_20_1000_7.C	10	1.000	5.500	0.040
BPP_new_20_1000_7.C	10	1.000	5.500	0.039
BPP_new_20_1000_7.C	10	1.000	5.500	0.041
BPP_new_20_1000_7.C	10	1.000	5.500	0.040
BPP_new_20_1000_8.C	9	3.000	6.000	0.037
BPP_new_20_1000_8.C	9	3.000	6.000	0.037
BPP_new_20_1000_8.C	9	3.000	6.000	0.037
BPP_new_20_1000_8.C	9	3.000	6.000	0.037
BPP_new_20_1000_8.C	9	3.000	6.000	0.037
BPP_new_20_1000_8.C	9	3.000	6.000	0.038
BPP_new_20_1000_8.C	9	3.000	6.000	0.038
BPP_new_20_1000_8.C	9	3.000	6.000	0.038
BPP_new_20_1000_8.C	9	3.000	6.000	0.037
BPP_new_20_1000_8.C	9	3.000	6.000	0.037
BPP_new_20_1000_9.C	13	3.000	8.000	0.051
BPP_new_20_1000_9.C	13	3.000	8.000	0.052
BPP_new_20_1000_9.C	13	3.000	8.000	0.050
BPP_new_20_1000_9.C	13	3.000	8.000	0.049
BPP_new_20_1000_9.C	13	3.000	8.000	0.049
BPP_new_20_1000_9.C	13	3.000	8.000	0.050
BPP_new_20_1000_9.C	13	3.000	8.000	0.049
BPP_new_20_1000_9.C	13	3.000	8.000	0.049
BPP_new_20_1000_9.C	13	3.000	8.000	0.049
BPP_new_20_1000_9.C	13	3.000	8.000	0.050
BPP_new_20_100_1.C	11	3.600	7.300	0.004
BPP_new_20_100_1.C	11	3.600	7.300	0.004
BPP_new_20_100_1.C	11	3.600	7.300	0.004
BPP_new_20_100_1.C	11	3.600	7.300	0.004
BPP_new_20_100_1.C	11	3.600	7.300	0.004
BPP_new_20_100_1.C	11	3.600	7.300	0.004
BPP_new_20_100_1.C	11	3.600	7.300	0.004
BPP_new_20_100_1.C	11	3.600	7.300	0.004
BPP_new_20_100_1.C	11	3.600	7.300	0.004
BPP_new_20_100_1.C	11	3.600	7.300	0.004
BPP_new_20_100_10.C	9	2.400	5.700	0.004
BPP_new_20_100_10.C	9	2.400	5.700	0.003
BPP_new_20_100_10.C	9	2.400	5.700	0.003
BPP_new_20_100_10.C	9	2.400	5.700	0.003
BPP_new_20_100_10.C	9	2.400	5.700	0.003
BPP_new_20_100_10.C	9	2.400	5.700	0.003
BPP_new_20_100_10.C	9	2.400	5.700	0.003
BPP_new_20_100_10.C	9	2.400	5.700	0.003
BPP_new_20_100_10.C	9	2.400	5.700	0.004
BPP_new_20_100_10.C	9	2.400	5.700	0.003
BPP_new_20_100_2.C	13	3.000	8.000	0.004
BPP_new_20_100_2.C	13	3.000	8.000	0.004
BPP_new_20_100_2.C	13	3.000	8.000	0.004
BPP_new_20_100_2.C	13	3.000	8.000	0.004
BPP_new_20_100_2.C	13	3.000	8.000	0.004
BPP_new_20_100_2.C	13	3.000	8.000	0.004
BPP_new_20_100_2.C	13	3.000	8.000	0.004
BPP_new_20_100_2.C	13	3.000	8.000	0.005
BPP_new_20_100_2.C	13	3.000	8.000	0.005
BPP_new_20_100_2.C	13	3.000	8.000	0.004
BPP_new_20_100_3.C	8	0.200	4.100	0.003
BPP_new_20_100_3.C	8	0.200	4.100	0.003
BPP_new_20_100_3.C	8	0.200	4.100	0.003
BPP_new_20_100_3.C	8	0.200	4.100	0.003
BPP_new_20_100_3.C	8	0.200	4.100	0.003
BPP_new_20_100_3.C	8	0.200	4.100	0.003
BPP_new_20_100_3.C	8	0.200	4.100	0.003
BPP_new_20_100_3.C	8	0.200	4.100	0.003
BPP_new_20_100_3.C	8	0.200	4.100	0.003
BPP_new_20_100_3.C	8	0.200	4.100	0.003
BPP_new_20_100_4.C	10	2.200	6.100	0.004
BPP_new_20_100_4.C	10	2.200	6.100	0.004
BPP_new_20_100_4.C	10	2.200	6.100	0.004
BPP_new_20_100_4.C	10	2.200	6.100	0.003
BPP_new_20_100_4.C	10	2.200	6.100	0.004
BPP_new_20_100_4.C	10	2.200	6.100	0.004
BPP_new_20_100_4.C	10	2.200	6.100	0.004
BPP_new_20_100_4.C	10	2.200	6.100	0.004
BPP_new_20_100_4.C	10	2.200	6.100	0.004
BPP_new_20_100_4.C	10	2.200	6.100	0.004
BPP_new_20_100_5.C	11	2.400	6.700	0.004
BPP_new_20_100_5.C	11	2.400	6.700	0.004
BPP_new_20_100_5.C	11	2.400	6.700	0.004
BPP_new_20_100_5.C	11	2.400	6.700	0.004
BPP_new_20_100_5.C	11	2.400	6.700	0.004
BPP_new_20_100_5.C	11	2.400	6.700	0.004
BPP_new_20_100_5.C	11	2.400	6.700	0.004
BPP_new_20_100_5.C	11	2.400	6.700	0.004
BPP_new_20_100_5.C	11	2.400	6.700	0.004
BPP_new_20_100_5.C	11	2.400	6.700	0.004
BPP_new_20_100_6.C	8	1.600	4.800	0.003
BPP_new_20_100_6.C	8	1.600	4.800	0.003
BPP_new_20_100_6.C	8	1.600	4.800	0.003
BPP_new_20_100_6.C	8	1.600	4.800	0.003
BPP_new_20_100_6.C	8	1.600	4.800	0.003
BPP_new_20_100_6.C	8	1.600	4.800	0.003
BPP_new_20_100_6.C	8	1.600	4.800	0.003
BPP_new_20_100_6.C	8	1.600	4.800	0.003
BPP_new_20_100_6.C	8	1.600	4.800	0.003
BPP_new_20_100_6.C	8	1.600	4.800	0.003
BPP_new_20_100_7.C	8	0.800	4.400	0.003
BPP_new_20_100_7.C	8	0.800	4.400	0.003
BPP_new_20_100_7.C	8	0.800	4.400	0.003
BPP_new_20_100_7.C	8	0.800	4.400	0.003
BPP_new_20_100_7.C	8	0.800	4.400	0.003
BPP_new_20_100_7.C	8	0.800	4.400	0.003
BPP_new_20_100_7.C	8	0.800	4.400	0.003
BPP_new_20_100_7.C	8	0.800	4.400	0.003
BPP_new_20_100_7.C	8	0.800	4.400	0.003
BPP_new_20_100_7.C	8	0.800	4.400	0.003
BPP_new_20_100_8.C	11	3.200	7.100	0.004
BPP_new_20_100_8.C	11	3.200	7.100	0.004
BPP_new_20_100_8.C	11	3.200	7.100	0.004
BPP_new_20_100_8.C	11	3.200	7.100	0.004
BPP_new_20_100_8.C	11	3.200	7.100	0.004
BPP_new_20_100_8.C	11	3.200	7.100	0.004
BPP_new_20_100_8.C	11	3.200	7.100	0.004
BPP_new_20_100_8.C	11	3.200	7.100	0.004
BPP_new_20_100_8.C	11	3.200	7.100	0.004
BPP_new_20_100_8.C	11	3.200	7.100	0.004
BPP_new_20_100_9.C	14	3.000	8.500	0.004
BPP_new_20_100_9.C	14	3.000	8.500	0.004
BPP_new_20_100_9.C	14	3.000	8.500	0.004
BPP_new_20_100_9.C	14	3.000	8.500	0.004
BPP_new_20_100_9.C	14	3.000	8.500	0.004
BPP_new_20_100_9.C	14	3.000	8.500	0.005
BPP_new_20_100_9.C	14	3.000	8.500	0.004
BPP_new_20_100_9.C	14	3.000	8.500	0.005
BPP_new_20_100_9.C	14	3.000	8.500	0.005
BPP_new_20_100_9.C	14	3.000	8.500	0.004
BPP_new_20_120_1.C	10	1.800	5.900	0.004
BPP_new_20_120_1.C	10	1.800	5.900	0.004
BPP_new_20_120_1.C	10	1.800	5.900	0.004
BPP_new_20_120_1.C	10	1.800	5.900	0.004
BPP_new_20_120_1.C	10	1.800	5.900	0.004
BPP_new_20_120_1.C	10	1.800	5.900	0.004
BPP_new_20_120_1.C	10	1.800	5.900	0.004
BPP_new_20_120_1.C	10	1.800	5.900	0.004
BPP_new_20_120_1.C	10	1.800	5.900	0.004
BPP_new_20_120_1.C	10	1.800	5.900	0.004
BPP_new_20_120_10.C	15	4.200	9.600	0.005
BPP_new_20_120_10.C	15	4.200	9.600	0.005
BPP_new_20_120_10.C	15	4.200	9.600	0.005
BPP_new_20_120_10.C	15	4.200	9.600	0.005
BPP_new_20_120_10.C	15	4.200	9.600	0.005
BPP_new_20_120_10.C	15	4.200	9.600	0.005
BPP_new_20_120_10.C	15	4.200	9.600	0.005
BPP_new_20_120_10.C	15	4.200	9.600	0.005
BPP_new_20_120_10.C	15	4.200	9.600	0.005
BPP_new_20_120_10.C	15	4.200	9.600	0.005
BPP_new_20_120_2.C	10	2.800	6.400	0.004
BPP_new_20_120_2.C	10	2.800	6.400	0.004
BPP_new_20_120_2.C	10	2.800	6.400	0.004
BPP_new_20_120_2.C	10	2.800	6.400	0.004
BPP_new_20_120_2.C	10	2.800	6.400	0.004
BPP_new_20_120_2.C	10	2.800	6.400	0.004
BPP_new_20_120_2.C	10	2.800	6.400	0.004
BPP_new_20_120_2.C	10	2.800	6.400	0.004
BPP_new_20_120_2.C	10	2.800	6.400	0.004
BPP_new_20_120_2.C	10	2.800	6.400	0.004
BPP_new_20_120_3.C	11	2.800	6.900	0.004
BPP_new_20_120_3.C	11	2.800	6.900	0.004
BPP_new_20_120_3.C	11	2.800	6.900	0.004
BPP_new_20_120_3.C	11	2.800	6.900	0.004
BPP_new_20_120_3.C	11	2.800	6.900	0.004
BPP_new_20_120_3.C	11	2.800	6.900	0.004
BPP_new_20_120_3.C	11	2.800	6.900	0.004
BPP_new_20_120_3.C	11	2.800	6.900	0.004
BPP_new_20_120_3.C	11	2.800	6.900	0.004
BPP_new_20_120_3.C	11	2.800	6.900	0.004
BPP_new_20_120_4.C	11	2.600	6.800	0.004
BPP_new_20_120_4.C	11	2.600	6.800	0.004
BPP_new_20_120_4.C	11	2.600	6.800	0.004
BPP_new_20_120_4.C	11	2.600	6.800	0.004
BPP_new_20_120_4.C	11	2.600	6.800	0.004
BPP_new_20_120_4.C	11	2.600	6.800	0.004
BPP_new_20_120_4.C	11	2.600	6.800	0.004
BPP_new_20_120_4.C	11	2.600	6.800	0.004
BPP_new_20_120_4.C	11	2.600	6.800	0.004
BPP_new_20_120_4.C	11	2.600	6.800	0.004
BPP_new_20_120_5.C	11	2.000	6.500	0.004
BPP_new_20_120_5.C	11	2.000	6.500	0.004
BPP_new_20_120_5.C	11	2.000	6.500	0.004
BPP_new_20_120_5.C	11	2.000	6.500	0.004
BPP_new_20_120_5.C	11	2.000	6.500	0.004
BPP_new_20_120_5.C	11	2.000	6.500	0.004
BPP_new_20_120_5.C	11	2.000	6.500	0.004
BPP_new_20_120_5.C	11	2.000	6.500	0.004
BPP_new_20_120_5.C	11	2.000	6.500	0.004
BPP_new_20_120_5.C	11	2.000	6.500	0.004
BPP_new_20_120_6.C	9	0.800	4.900	0.003
BPP_new_20_120_6.C	9	0.800	4.900	0.003
BPP_new_20_120_6.C	9	0.800	4.900	0.003
BPP_new_20_120_6.C	9	0.800	4.900	0.003
BPP_new_20_120_6.C	9	0.800	4.900	0.003
BPP_new_20_120_6.C	9	0.800	4.900	0.003
BPP_new_20_120_6.C	9	0.800	4.900	0.003
BPP_new_20_120_6.C	9	0.800	4.900	0.003
BPP_new_20_120_6.C	9	0.800	4.900	0.003
BPP_new_20_120_6.C	9	0.800	4.900	0.003
BPP_new_20_120_7.C	10	0.600	5.300	0.004
BPP_new_20_120_7.C	10	0.600	5.300	0.004
BPP_new_20_120_7.C	10	0.600	5.300	0.004
BPP_new_20_120_7.C	10	0.600	5.300	0.004
BPP_new_20_120_7.C	10	0.600	5.300	0.004
BPP_new_20_120_7.C	10	0.600	5.300	0.004
BPP_new_20_120_7.C	10	0.600	5.300	0.004
BPP_new_20_120_7.C	10	0.600	5.300	0.004
BPP_new_20_120_7.C	10	0.600	5.300	0.004
BPP_new_20_120_7.C	10	0.600	5.300	0.004
BPP_new_20_120_8.C	11	5.000	8.000	0.004
BPP_new_20_120_8.C	11	5.000	8.000	0.004
BPP_new_20_120_8.C	11	5.000	8.000	0.004
BPP_new_20_120_8.C	11	5.000	8.000	0.004
BPP_new_20_120_8.C	11	5.000	8.000	0.004
BPP_new_20_120_8.C	11	5.000	8.000	0.004
BPP_new_20_120_8.C	11	5.000	8.000	0.004
BPP_new_20_120_8.C	11	5.000	8.000	0.004
BPP_new_20_120_8.C	11	5.000	8.000	0.004
BPP_new_20_120_8.C	11	5.000	8.000	0.004
BPP_new_20_120_9.C	13	2.400	7.700	0.005
BPP_new_20_120_9.C	13	2.400	7.700	0.005
BPP_new_20_120_9.C	13	2.400	7.700	0.005
BPP_new_20_120_9.C	13	2.400	7.700	0.005
BPP_new_20_120_9.C	13	2.400	7.700	0.005
BPP_new_20_120_9.C	13	2.400	7.700	0.005
BPP_new_20_120_9.C	13	2.400	7.700	0.005
BPP_new_20_120_9.C	13	2.400	7.700	0.005
BPP_new_20_120_9.C	13	2.400	7.700	0.005
BPP_new_20_120_9.C	13	2.400	7.700	0.005
BPP_new_20_125_1.C	11	5.400	8.200	0.005
BPP_new_20_125_1.C	11	5.200	8.100	0.005
BPP_new_20_125_1.C	11	5.200	8.100	0.005
BPP_new_20_125_1.C	11	5.400	8.200	0.005
BPP_new_20_125_1.C	11	5.200	8.100	0.005
BPP_new_20_125_1.C	11	5.400	8.200	0.005
BPP_new_20_125_1.C	11	5.400	8.200	0.005
BPP_new_20_125_1.C	11	5.200	8.100	0.005
BPP_new_20_125_1.C	11	5.400	8.200	0.005
BPP_new_20_125_1.C	11	5.200	8.100	0.005
BPP_new_20_125_10.C	9	1.000	5.000	0.004
BPP_new_20_125_10.C	9	1.000	5.000	0.004
BPP_new_20_125_10.C	9	1.000	5.000	0.004
BPP_new_20_125_10.C	9	1.000	5.000	0.004
BPP_new_20_125_10.C	9	1.000	5.000	0.004
BPP_new_20_125_10.C	9	1.000	5.000	0.004
BPP_new_20_125_10.C	9	1.000	5.000	0.004
BPP_new_20_125_10.C	9	1.000	5.000	0.004
BPP_new_20_125_10.C	9	1.000	5.000	0.004
BPP_new_20_125_10.C	9	1.000	5.000	0.004
BPP_new_20_125_2.C	8	2.200	5.100	0.003
BPP_new_20_125_2.C	8	2.200	5.100	0.003
BPP_new_20_125_2.C	8	2.200	5.100	0.003
BPP_new_20_125_2.C	8	2.200	5.100	0.003
BPP_new_20_125_2.C	8	2.200	5.100	0.003
BPP_new_20_125_2.C	8	2.200	5.100	0.003
BPP_new_20_125_2.C	8	2.200	5.100	0.003
BPP_new_20_125_2.C	8	2.200	5.100	0.004
BPP_new_20_125_2.C	8	2.200	5.100	0.003
BPP_new_20_125_2.C	8	2.200	5.100	0.003
BPP_new_20_125_3.C	10	1.000	5.500	0.004
BPP_new_20_125_3.C	10	1.000	5.500	0.004
BPP_new_20_125_3.C	10	1.000	5.500	0.004
BPP_new_20_125_3.C	10	1.000	5.500	0.004
BPP_new_20_125_3.C	10	1.000	5.500	0.004
BPP_new_20_125_3.C	10	1.000	5.500	0.004
BPP_new_20_125_3.C	10	1.000	5.500	0.004
BPP_new_20_125_3.C	10	1.000	5.500	0.004
BPP_new_20_125_3.C	10	1.000	5.500	0.004
BPP_new_20_125_3.C	10	1.000	5.500	0.004
BPP_new_20_125_4.C	11	2.000	6.500	0.004
BPP_new_20_125_4.C	11	2.000	6.500	0.004
BPP_new_20_125_4.C	11	2.000	6.500	0.004
BPP_new_20_125_4.C	11	2.000	6.500	0.004
BPP_new_20_125_4.C	11	2.000	6.500	0.004
BPP_new_20_125_4.C	11	2.000	6.500	0.004
BPP_new_20_125_4.C	11	2.000	6.500	0.004
BPP_new_20_125_4.C	11	2.000	6.500	0.004
BPP_new_20_125_4.C	11	2.000	6.500	0.004
BPP_new_20_125_4.C	11	2.000	6.500	0.004
BPP_new_20_125_5.C	13	4.000	8.500	0.005
BPP_new_20_125_5.C	13	4.000	8.500	0.005
BPP_new_20_125_5.C	13	4.000	8.500	0.005
BPP_new_20_125_5.C	13	4.000	8.500	0.005
BPP_new_20_125_5.C	13	4.000	8.500	0.005
BPP_new_20_125_5.C	13	4.000	8.500	0.005
BPP_new_20_125_5.C	13	4.000	8.500	0.005
BPP_new_20_125_5.C	13	4.000	8.500	0.005
BPP_new_20_125_5.C	13	4.000	8.500	0.005
BPP_new_20_125_5.C	13	4.000	8.500	0.005
BPP_new_20_125_6.C	11	4.800	7.900	0.004
BPP_new_20_125_6.C	11	4.800	7.900	0.004
BPP_new_20_125_6.C	11	4.800	7.900	0.004
BPP_new_20_125_6.C	11	4.800	7.900	0.004
BPP_new_20_125_6.C	11	4.800	7.900	0.004
BPP_new_20_125_6.C	11	4.600	7.800	0.004
BPP_new_20_125_6.C	11	4.600	7.800	0.004
BPP_new_20_125_6.C	11	4.800	7.900	0.004
BPP_new_20_125_6.C	11	4.800	7.900	0.004
BPP_new_20_125_6.C	11	4.800	7.900	0.004
BPP_new_20_125_7.C	11	4.000	7.500	0.004
BPP_new_20_125_7.C	11	4.000	7.500	0.004
BPP_new_20_125_7.C	11	4.000	7.500	0.004
BPP_new_20_125_7.C	11	4.000	7.500	0.004
BPP_new_20_125_7.C	11	4.000	7.500	0.004
BPP_new_20_125_7.C	11	4.000	7.500	0.004
BPP_new_20_125_7.C	11	4.000	7.500	0.004
BPP_new_20_125_7.C	11	4.000	7.500	0.004
BPP_new_20_125_7.C	11	4.000	7.500	0.004
BPP_new_20_125_7.C	11	4.000	7.500	0.004
BPP_new_20_125_8.C	10	3.400	6.700	0.004
BPP_new_20_125_8.C	10	3.400	6.700	0.004
BPP_new_20_125_8.C	10	3.400	6.700	0.004
BPP_new_20_125_8.C	10	3.400	6.700	0.004
BPP_new_20_125_8.C	10	3.400	6.700	0.004
BPP_new_20_125_8.C	10	3.400	6.700	0.004
BPP_new_20_125_8.C	10	3.400	6.700	0.004
BPP_new_20_125_8.C	10	3.400	6.700	0.004
BPP_new_20_125_8.C	10	3.400	6.700	0.004
BPP_new_20_125_8.C	10	3.400	6.700	0.004
BPP_new_20_125_9.C	10	1.200	5.600	0.004
BPP_new_20_125_9.C	10	1.200	5.600	0.004
BPP_new_20_125_9.C	10	1.200	5.600	0.004
BPP_new_20_125_9.C	10	1.200	5.600	0.004
BPP_new_20_125_9.C	10	1.200	5.600	0.004
BPP_new_20_125_9.C	10	1.200	5.600	0.004
BPP_new_20_125_9.C	10	1.200	5.600	0.004
BPP_new_20_125_9.C	10	1.200	5.600	0.004
BPP_new_20_125_9.C	10	1.200	5.600	0.004
BPP_new_20_125_9.C	10	1.200	5.600	0.004
BPP_new_20_150_1.C	9	0.200	4.600	0.004
BPP_new_20_150_1.C	9	0.200	4.600	0.004
BPP_new_20_150_1.C	9	0.200	4.600	0.004
BPP_new_20_150_1.C	9	0.200	4.600	0.004
BPP_new_20_150_1.C	9	0.200	4.600	0.004
BPP_new_20_150_1.C	9	0.200	4.600	0.004
BPP_new_20_150_1.C	9	0.200	4.600	0.004
BPP_new_20_150_1.C	9	0.200	4.600	0.004
BPP_new_20_150_1.C	9	0.200	4.600	0.004
BPP_new_20_150_1.C	9	0.200	4.600	0.004
BPP_new_20_150_10.C	10	1.800	5.900	0.005
BPP_new_20_150_10.C	10	1.800	5.900	0.004
BPP_new_20_150_10.C	10	1.800	5.900	0.004
BPP_new_20_150_10.C	10	1.800	5.900	0.004
BPP_new_20_150_10.C	10	1.800	5.900	0.004
BPP_new_20_150_10.C	10	1.800	5.900	0.004
BPP_new_20_150_10.C	10	1.800	5.900	0.004
BPP_new_20_150_10.C	10	1.800	5.900	0.004
BPP_new_20_150_10.C	10	1.800	5.900	0.004
BPP_new_20_150_10.C	10	1.800	5.900	0.004
BPP_new_20_150_2.C	10	1.400	5.700	0.004
BPP_new_20_150_2.C	10	1.400	5.700	0.004
BPP_new_20_150_2.C	10	1.400	5.700	0.004
BPP_new_20_150_2.C	10	1.400	5.700	0.004
BPP_new_20_150_2.C	10	1.400	5.700	0.004
BPP_new_20_150_2.C	10	1.400	5.700	0.004
BPP_new_20_150_2.C	10	1.400	5.700	0.004
BPP_new_20_150_2.C	10	1.400	5.700	0.004
BPP_new_20_150_2.C	10	1.400	5.700	0.004
BPP_new_20_150_2.C	10	1.400	5.700	0.004
BPP_new_20_150_3.C	9	3.600	6.300	0.004
BPP_new_20_150_3.C	9	3.600	6.300	0.004
BPP_new_20_150_3.C	9	3.600	6.300	0.004
BPP_new_20_150_3.C	9	3.600	6.300	0.004
BPP_new_20_150_3.C	9	3.600	6.300	0.004
BPP_new_20_150_3.C	9	3.600	6.300	0.004
BPP_new_20_150_3.C	9	3.600	6.300	0.004
BPP_new_20_150_3.C	9	3.600	6.300	0.004
BPP_new_20_150_3.C	9	3.600	6.300	0.004
BPP_new_20_150_3.C	9	3.600	6.300	0.005
BPP_new_20_150_4.C	9	2.200	5.600	0.004
BPP_new_20_150_4.C	8	2.800	5.400	0.004
BPP_new_20_150_4.C	8	2.800	5.400	0.004
BPP_new_20_150_4.C	9	2.200	5.600	0.004
BPP_new_20_150_4.C	8	2.800	5.400	0.004
BPP_new_20_150_4.C	8	2.800	5.400	0.004
BPP_new_20_150_4.C	9	2.200	5.600	0.004
BPP_new_20_150_4.C	9	2.200	5.600	0.004
BPP_new_20_150_4.C	9	2.200	5.600	0.004
BPP_new_20_150_4.C	9	2.200	5.600	0.004
BPP_new_20_150_5.C	11	1.000	6.000	0.005
BPP_new_20_150_5.C	11	1.000	6.000	0.005
BPP_new_20_150_5.C	11	1.000	6.000	0.005
BPP_new_20_150_5.C	11	1.000	6.000	0.005
BPP_new_20_150_5.C	11	1.000	6.000	0.005
BPP_new_20_150_5.C	11	1.000	6.000	0.005
BPP_new_20_150_5.C	11	1.000	6.000	0.005
BPP_new_20_150_5.C	11	1.000	6.000	0.005
BPP_new_20_150_5.C	11	1.000	6.000	0.005
BPP_new_20_150_5.C	11	1.000	6.000	0.005
BPP_new_20_150_6.C	10	4.200	7.100	0.005
BPP_new_20_150_6.C	10	4.000	7.000	0.005
BPP_new_20_150_6.C	10	4.000	7.000	0.005
BPP_new_20_150_6.C	10	4.200	7.100	0.005
BPP_new_20_150_6.C	10	4.200	7.100	0.005
BPP_new_20_150_6.C	10	4.200	7.100	0.005
BPP_new_20_150_6.C	10	4.000	7.000	0.005
BPP_new_20_150_6.C	10	4.000	7.000	0.005
BPP_new_20_150_6.C	10	4.200	7.100	0.005
BPP_new_20_150_6.C	10	4.000	7.000	0.005
BPP_new_20_150_7.C	12	2.000	7.000	0.005
BPP_new_20_150_7.C	12	2.000	7.000	0.005
BPP_new_20_150_7.C	12	2.000	7.000	0.005
BPP_new_20_150_7.C	12	2.000	7.000	0.005
BPP_new_20_150_7.C	12	2.000	7.000	0.005
BPP_new_20_150_7.C	12	2.000	7.000	0.005
BPP_new_20_150_7.C	12	2.000	7.000	0.005
BPP_new_20_150_7.C	12	2.000	7.000	0.005
BPP_new_20_150_7.C	12	2.000	7.000	0.005
BPP_new_20_150_7.C	12	2.000	7.000	0.005
BPP_new_20_150_8.C	8	3.200	5.600	0.004
BPP_new_20_150_8.C	8	3.200	5.600	0.004
BPP_new_20_150_8.C	8	3.200	5.600	0.004
BPP_new_20_150_8.C	8	3.200	5.600	0.004
BPP_new_20_150_8.C	8	3.200	5.600	0.004
BPP_new_20_150_8.C	8	3.200	5.600	0.004
BPP_new_20_150_8.C	8	3.200	5.600	0.004
BPP_new_20_150_8.C	8	3.200	5.600	0.004
BPP_new_20_150_8.C	8	3.200	5.600	0.004
BPP_new_20_150_8.C	8	3.200	5.600	0.004
BPP_new_20_150_9.C	14	3.000	8.500	0.005
BPP_new_20_150_9.C	14	3.000	8.500	0.005
BPP_new_20_150_9.C	14	3.000	8.500	0.005
BPP_new_20_150_9.C	14	3.000	8.500	0.005
BPP_new_20_150_9.C	14	3.000	8.500	0.005
BPP_new_20_150_9.C	14	3.000	8.500	0.005
BPP_new_20_150_9.C	14	3.000	8.500	0.005
BPP_new_20_150_9.C	14	3.000	8.500	0.005
BPP_new_20_150_9.C	14	3.000	8.500	0.005
BPP_new_20_150_9.C	14	3.000	8.500	0.005
BPP_new_20_200_1.C	8	2.800	5.400	0.004
BPP_new_20_200_1.C	8	2.800	5.400	0.004
BPP_new_20_200_1.C	8	2.800	5.400	0.004
BPP_new_20_200_1.C	8	2.800	5.400	0.004
BPP_new_20_200_1.C	8	2.800	5.400	0.004
BPP_new_20_200_1.C	8	2.800	5.400	0.004
BPP_new_20_200_1.C	8	2.800	5.400	0.004
BPP_new_20_200_1.C	8	2.800	5.400	0.005
BPP_new_20_200_1.C	8	2.800	5.400	0.004
BPP_new_20_200_1.C	8	2.800	5.400	0.005
BPP_new_20_200_10.C	12	5.000	8.500	0.006
BPP_new_20_200_10.C	12	5.000	8.500	0.006
BPP_new_20_200_10.C	12	5.000	8.500	0.006
BPP_new_20_200_10.C	12	5.000	8.500	0.006
BPP_new_20_200_10.C	12	5.000	8.500	0.006
BPP_new_20_200_10.C	12	5.000	8.500	0.006
BPP_new_20_200_10.C	12	5.000	8.500	0.006
BPP_new_20_200_10.C	12	5.000	8.500	0.006
BPP_new_20_200_10.C	12	5.000	8.500	0.006
BPP_new_20_200_10.C	12	5.000	8.500	0.006
BPP_new_20_200_2.C	12	4.800	8.400	0.006
BPP_new_20_200_2.C	12	4.800	8.400	0.006
BPP_new_20_200_2.C	12	4.800	8.400	0.006
BPP_new_20_200_2.C	12	4.800	8.400	0.006
BPP_new_20_200_2.C	12	4.800	8.400	0.006
BPP_new_20_200_2.C	12	4.800	8.400	0.006
BPP_new_20_200_2.C	12	4.800	8.400	0.006
BPP_new_20_200_2.C	12	4.800	8.400	0.006
BPP_new_20_200_2.C	12	4.800	8.400	0.006
BPP_new_20_200_2.C	12	4.800	8.400	0.006
BPP_new_20_200_3.C	13	2.000	7.500	0.006
BPP_new_20_200_3.C	13	2.000	7.500	0.006
BPP_new_20_200_3.C	13	2.000	7.500	0.006
BPP_new_20_200_3.C	13	2.000	7.500	0.006
BPP_new_20_200_3.C	13	2.000	7.500	0.006
BPP_new_20_200_3.C	13	2.000	7.500	0.006
BPP_new_20_200_3.C	13	2.000	7.500	0.006
BPP_new_20_200_3.C	13	2.000	7.500	0.006
BPP_new_20_200_3.C	13	2.000	7.500	0.006
BPP_new_20_200_3.C	13	2.000	7.500	0.006
BPP_new_20_200_4.C	9	4.000	6.500	0.005
BPP_new_20_200_4.C	9	4.000	6.500	0.005
BPP_new_20_200_4.C	9	4.000	6.500	0.005
BPP_new_20_200_4.C	9	4.000	6.500	0.005
BPP_new_20_200_4.C	9	4.000	6.500	0.005
BPP_new_20_200_4.C	9	4.000	6.500	0.005
BPP_new_20_200_4.C	9	4.000	6.500	0.005
BPP_new_20_200_4.C	9	4.000	6.500	0.005
BPP_new_20_200_4.C	9	4.000	6.500	0.005
BPP_new_20_200_4.C	9	4.000	6.500	0.004
BPP_new_20_200_5.C	11	4.000	7.500	0.006
BPP_new_20_200_5.C	11	4.000	7.500	0.006
BPP_new_20_200_5.C	11	4.000	7.500	0.006
BPP_new_20_200_5.C	11	4.000	7.500	0.006
BPP_new_20_200_5.C	11	4.000	7.500	0.006
BPP_new_20_200_5.C	11	4.000	7.500	0.006
BPP_new_20_200_5.C	11	4.000	7.500	0.006
BPP_new_20_200_5.C	11	4.000	7.500	0.006
BPP_new_20_200_5.C	11	4.000	7.500	0.006
BPP_new_20_200_5.C	11	4.000	7.500	0.006
BPP_new_20_200_6.C	8	3.400	5.700	0.004
BPP_new_20_200_6.C	8	3.400	5.700	0.005
BPP_new_20_200_6.C	8	3.400	5.700	0.005
BPP_new_20_200_6.C	8	3.400	5.700	0.005
BPP_new_20_200_6.C	8	3.400	5.700	0.005
BPP_new_20_200_6.C	8	3.400	5.700	0.005
BPP_new_20_200_6.C	8	3.400	5.700	0.005
BPP_new_20_200_6.C	8	3.400	5.700	0.005
BPP_new_20_200_6.C	8	3.400	5.700	0.005
BPP_new_20_200_6.C	8	3.400	5.700	0.005
BPP_new_20_200_7.C	12	3.400	7.700	0.006
BPP_new_20_200_7.C	12	3.400	7.700	0.006
BPP_new_20_200_7.C	12	3.400	7.700	0.006
BPP_new_20_200_7.C	12	3.400	7.700	0.005
BPP_new_20_200_7.C	12	3.400	7.700	0.006
BPP_new_20_200_7.C	12	3.400	7.700	0.006
BPP_new_20_200_7.C	12	3.400	7.700	0.006
BPP_new_20_200_7.C	12	3.400	7.700	0.006
BPP_new_20_200_7.C	12	3.400	7.700	0.006
BPP_new_20_200_7.C	12	3.400	7.700	0.006
BPP_new_20_200_8.C	10	3.000	6.500	0.005
BPP_new_20_200_8.C	10	3.000	6.500	0.005
BPP_new_20_200_8.C	10	3.000	6.500	0.005
BPP_new_20_200_8.C	10	3.000	6.500	0.005
BPP_new_20_200_8.C	10	3.000	6.500	0.005
BPP_new_20_200_8.C	10	3.000	6.500	0.005
BPP_new_20_200_8.C	10	3.000	6.500	0.005
BPP_new_20_200_8.C	10	3.000	6.500	0.005
BPP_new_20_200_8.C	10	3.000	6.500	0.006
BPP_new_20_200_8.C	10	3.000	6.500	0.005
BPP_new_20_200_9.C	9	1.200	5.100	0.005
BPP_new_20_200_9.C	9	1.200	5.100	0.005
BPP_new_20_200_9.C	9	1.200	5.100	0.005
BPP_new_20_200_9.C	9	1.200	5.100	0.005
BPP_new_20_200_9.C	9	1.200	5.100	0.005
BPP_new_20_200_9.C	9	1.200	5.100	0.005
BPP_new_20_200_9.C	9	1.200	5.100	0.005
BPP_new_20_200_9.C	9	1.200	5.100	0.005
BPP_new_20_200_9.C	9	1.200	5.100	0.005
BPP_new_20_200_9.C	9	1.200	5.100	0.005
BPP_new_20_300_1.C	8	2.000	5.000	0.009
BPP_new_20_300_1.C	8	2.000	5.000	0.009
BPP_new_20_300_1.C	8	2.000	5.000	0.009
BPP_new_20_300_1.C	8	2.000	5.000	0.009
BPP_new_20_300_1.C	8	2.000	5.000	0.009
BPP_new_20_300_1.C	8	2.000	5.000	0.009
BPP_new_20_300_1.C	8	2.000	5.000	0.009
BPP_new_20_300_1.C	8	2.000	5.000	0.010
BPP_new_20_300_1.C	8	2.000	5.000	0.009
BPP_new_20_300_1.C	8	2.000	5.000	0.009
BPP_new_20_300_10.C	11	2.800	6.900	0.012
BPP_new_20_300_10.C	11	2.800	6.900	0.012
BPP_new_20_300_10.C	11	2.800	6.900	0.012
BPP_new_20_300_10.C	11	2.800	6.900	0.011
BPP_new_20_300_10.C	11	2.800	6.900	0.012
BPP_new_20_300_10.C	11	2.800	6.900	0.012
BPP_new_20_300_10.C	11	2.800	6.900	0.012
BPP_new_20_300_10.C	11	2.800	6.900	0.012
BPP_new_20_300_10.C	11	2.800	6.900	0.012
BPP_new_20_300_10.C	11	2.800	6.900	0.012
BPP_new_20_300_2.C	10	2.200	6.100	0.015
BPP_new_20_300_2.C	10	2.200	6.100	0.010
BPP_new_20_300_2.C	10	2.200	6.100	0.010
BPP_new_20_300_2.C	10	2.200	6.100	0.011
BPP_new_20_300_2.C	10	2.200	6.100	0.010
BPP_new_20_300_2.C	10	2.200	6.100	0.011
BPP_new_20_300_2.C	10	2.200	6.100	0.011
BPP_new_20_300_2.C	10	2.200	6.100	0.011
BPP_new_20_300_2.C	10	2.200	6.100	0.011
BPP_new_20_300_2.C	10	2.200	6.100	0.011
BPP_new_20_300_3.C	12	3.800	7.900	0.012
BPP_new_20_300_3.C	12	3.800	7.900	0.011
BPP_new_20_300_3.C	12	3.800	7.900	0.012
BPP_new_20_300_3.C	12	3.800	7.900	0.012
BPP_new_20_300_3.C	12	3.800	7.900	0.012
BPP_new_20_300_3.C	12	3.800	7.900	0.012
BPP_new_20_300_3.C	12	3.800	7.900	0.012
BPP_new_20_300_3.C	12	3.800	7.900	0.012
BPP_new_20_300_3.C	12	3.800	7.900	0.012
BPP_new_20_300_3.C	12	3.800	7.900	0.012
BPP_new_20_300_4.C	9	1.400	5.200	0.010
BPP_new_20_300_4.C	9	1.800	5.400	0.010
BPP_new_20_300_4.C	9	1.400	5.200	0.010
BPP_new_20_300_4.C	9	1.800	5.400	0.010
BPP_new_20_300_4.C	9	1.400	5.200	0.010
BPP_new_20_300_4.C	9	1.800	5.400	0.010
BPP_new_20_300_4.C	9	1.800	5.400	0.010
BPP_new_20_300_4.C	9	1.800	5.400	0.010
BPP_new_20_300_4.C	9	1.400	5.200	0.010
BPP_new_20_300_4.C	9	1.800	5.400	0.010
BPP_new_20_300_5.C	9	1.800	5.400	0.009
BPP_new_20_300_5.C	9	1.800	5.400	0.009
BPP_new_20_300_5.C	9	1.800	5.400	0.009
BPP_new_20_300_5.C	9	1.800	5.400	0.009
BPP_new_20_300_5.C	9	1.800	5.400	0.009
BPP_new_20_300_5.C	9	1.800	5.400	0.009
BPP_new_20_300_5.C	9	1.800	5.400	0.009
BPP_new_20_300_5.C	9	1.800	5.400	0.010
BPP_new_20_300_5.C	9	1.800	5.400	0.009
BPP_new_20_300_5.C	9	1.800	5.400	0.009
BPP_new_20_300_6.C	10	3.000	6.500	0.010
BPP_new_20_300_6.C	10	3.000	6.500	0.010
BPP_new_20_300_6.C	10	3.000	6.500	0.010
BPP_new_20_300_6.C	10	3.000	6.500	0.010
BPP_new_20_300_6.C	10	3.000	6.500	0.010
BPP_new_20_300_6.C	10	3.000	6.500	0.010
BPP_new_20_300_6.C	10	3.000	6.500	0.010
BPP_new_20_300_6.C	10	3.000	6.500	0.010
BPP_new_20_300_6.C	10	3.000	6.500	0.011
BPP_new_20_300_6.C	10	3.000	6.500	0.011
BPP_new_20_300_7.C	12	2.000	7.000	0.011
BPP_new_20_300_7.C	12	2.000	7.000	0.011
BPP_new_20_300_7.C	12	2.000	7.000	0.013
BPP_new_20_300_7.C	12	2.000	7.000	0.011
BPP_new_20_300_7.C	12	2.000	7.000	0.012
BPP_new_20_300_7.C	12	2.000	7.000	0.011
BPP_new_20_300_7.C	12	2.000	7.000	0.012
BPP_new_20_300_7.C	12	2.000	7.000	0.012
BPP_new_20_300_7.C	12	2.000	7.000	0.011
BPP_new_20_300_7.C	12	2.000	7.000	0.011
BPP_new_20_300_8.C	9	2.000	5.500	0.010
BPP_new_20_300_8.C	9	2.000	5.500	0.010
BPP_new_20_300_8.C	9	2.000	5.500	0.010
BPP_new_20_300_8.C	9	2.000	5.500	0.010
BPP_new_20_300_8.C	9	2.000	5.500	0.010
BPP_new_20_300_8.C	9	2.000	5.500	0.010
BPP_new_20_300_8.C	9	2.000	5.500	0.010
BPP_new_20_300_8.C	9	2.000	5.500	0.011
BPP_new_20_300_8.C	9	2.000	5.500	0.010
BPP_new_20_300_8.C	9	2.000	5.500	0.010
BPP_new_20_300_9.C	9	2.800	5.900	0.010
BPP_new_20_300_9.C	9	2.600	5.800	0.010
BPP_new_20_300_9.C	9	2.600	5.800	0.009
BPP_new_20_300_9.C	9	2.800	5.900	0.010
BPP_new_20_300_9.C	9	2.600	5.800	0.009
BPP_new_20_300_9.C	9	2.600	5.800	0.009
BPP_new_20_300_9.C	9	2.600	5.800	0.010
BPP_new_20_300_9.C	9	2.800	5.900	0.010
BPP_new_20_300_9.C	9	2.800	5.900	0.010
BPP_new_20_300_9.C	9	2.800	5.900	0.010
BPP_new_20_400_1.C	11	2.600	6.800	0.017
BPP_new_20_400_1.C	11	2.600	6.800	0.017
BPP_new_20_400_1.C	11	2.600	6.800	0.017
BPP_new_20_400_1.C	11	2.600	6.800	0.017
BPP_new_20_400_1.C	11	2.600	6.800	0.017
BPP_new_20_400_1.C	11	2.600	6.800	0.017
BPP_new_20_400_1.C	11	2.600	6.800	0.017
BPP_new_20_400_1.C	11	2.600	6.800	0.018
BPP_new_20_400_1.C	11	2.600	6.800	0.018
BPP_new_20_400_1.C	11	2.600	6.800	0.018
BPP_new_20_400_10.C	11	2.200	6.600	0.019
BPP_new_20_400_10.C	11	2.200	6.600	0.018
BPP_new_20_400_10.C	11	2.200	6.600	0.018
BPP_new_20_400_10.C	11	2.200	6.600	0.018
BPP_new_20_400_10.C	11	2.200	6.600	0.018
BPP_new_20_400_10.C	11	2.200	6.600	0.019
BPP_new_20_400_10.C	11	2.200	6.600	0.019
BPP_new_20_400_10.C	11	2.200	6.600	0.018
BPP_new_20_400_10.C	11	2.200	6.600	0.019
BPP_new_20_400_10.C	11	2.200	6.600	0.018
BPP_new_20_400_2.C	11	2.200	6.600	0.018
BPP_new_20_400_2.C	11	2.200	6.600	0.017
BPP_new_20_400_2.C	11	2.200	6.600	0.018
BPP_new_20_400_2.C	11	2.200	6.600	0.018
BPP_new_20_400_2.C	11	2.200	6.600	0.018
BPP_new_20_400_2.C	11	2.200	6.600	0.017
BPP_new_20_400_2.C	11	2.200	6.600	0.018
BPP_new_20_400_2.C	11	2.200	6.600	0.018
BPP_new_20_400_2.C	11	2.200	6.600	0.018
BPP_new_20_400_2.C	11	2.200	6.600	0.018
BPP_new_20_400_3.C	8	1.600	4.800	0.015
BPP_new_20_400_3.C	8	1.600	4.800	0.015
BPP_new_20_400_3.C	8	1.600	4.800	0.014
BPP_new_20_400_3.C	8	1.600	4.800	0.015
BPP_new_20_400_3.C	8	1.600	4.800	0.014
BPP_new_20_400_3.C	8	1.600	4.800	0.015
BPP_new_20_400_3.C	8	1.600	4.800	0.015
BPP_new_20_400_3.C	8	1.600	4.800	0.015
BPP_new_20_400_3.C	8	1.600	4.800	0.014
BPP_new_20_400_3.C	8	1.600	4.800	0.015
BPP_new_20_400_4.C	9	2.000	5.500	0.015
BPP_new_20_400_4.C	9	2.000	5.500	0.015
BPP_new_20_400_4.C	9	2.000	5.500	0.015
BPP_new_20_400_4.C	9	2.000	5.500	0.016
BPP_new_20_400_4.C	9	2.000	5.500	0.015
BPP_new_20_400_4.C	9	2.000	5.500	0.016
BPP_new_20_400_4.C	9	2.000	5.500	0.015
BPP_new_20_400_4.C	9	2.000	5.500	0.015
BPP_new_20_400_4.C	9	2.000	5.500	0.015
BPP_new_20_400_4.C	9	2.000	5.500	0.015
BPP_new_20_400_5.C	11	3.600	7.300	0.019
BPP_new_20_400_5.C	11	3.600	7.300	0.018
BPP_new_20_400_5.C	11	3.600	7.300	0.018
BPP_new_20_400_5.C	11	3.600	7.300	0.018
BPP_new_20_400_5.C	11	3.600	7.300	0.018
BPP_new_20_400_5.C	11	3.600	7.300	0.019
BPP_new_20_400_5.C	11	3.600	7.300	0.019
BPP_new_20_400_5.C	11	3.600	7.300	0.018
BPP_new_20_400_5.C	11	3.600	7.300	0.018
BPP_new_20_400_5.C	11	3.600	7.300	0.018
BPP_new_20_400_6.C	9	2.800	5.900	0.016
BPP_new_20_400_6.C	9	2.800	5.900	0.017
BPP_new_20_400_6.C	9	2.800	5.900	0.016
BPP_new_20_400_6.C	9	2.800	5.900	0.017
BPP_new_20_400_6.C	9	2.800	5.900	0.016
BPP_new_20_400_6.C	9	2.800	5.900	0.016
BPP_new_20_400_6.C	9	2.800	5.900	0.017
BPP_new_20_400_6.C	9	2.800	5.900	0.016
BPP_new_20_400_6.C	9	2.800	5.900	0.017
BPP_new_20_400_6.C	9	2.800	5.900	0.017
BPP_new_20_400_7.C	9	1.000	5.000	0.015
BPP_new_20_400_7.C	9	1.000	5.000	0.014
BPP_new_20_400_7.C	9	1.000	5.000	0.014
BPP_new_20_400_7.C	9	1.000	5.000	0.015
BPP_new_20_400_7.C	9	1.000	5.000	0.014
BPP_new_20_400_7.C	9	1.000	5.000	0.014
BPP_new_20_400_7.C	9	1.000	5.000	0.014
BPP_new_20_400_7.C	9	1.000	5.000	0.014
BPP_new_20_400_7.C	9	1.000	5.000	0.014
BPP_new_20_400_7.C	9	1.000	5.000	0.015
BPP_new_20_400_8.C	11	3.600	7.300	0.019
BPP_new_20_400_8.C	11	3.600	7.300	0.019
BPP_new_20_400_8.C	11	3.600	7.300	0.019
BPP_new_20_400_8.C	11	3.600	7.300	0.020
BPP_new_20_400_8.C	11	3.600	7.300	0.020
BPP_new_20_400_8.C	11	3.600	7.300	0.019
BPP_new_20_400_8.C	11	3.600	7.300	0.020
BPP_new_20_400_8.C	11	3.600	7.300	0.019
BPP_new_20_400_8.C	11	3.600	7.300	0.019
BPP_new_20_400_8.C	11	3.600	7.300	0.019
BPP_new_20_400_9.C	9	5.400	7.200	0.020
BPP_new_20_400_9.C	9	5.400	7.200	0.019
BPP_new_20_400_9.C	9	5.400	7.200	0.019
BPP_new_20_400_9.C	9	5.400	7.200	0.019
BPP_new_20_400_9.C	9	5.400	7.200	0.019
BPP_new_20_400_9.C	9	5.400	7.200	0.019
BPP_new_20_400_9.C	9	5.400	7.200	0.019
BPP_new_20_400_9.C	9	5.400	7.200	0.019
BPP_new_20_400_9.C	9	5.400	7.200	0.019
BPP_new_20_400_9.C	9	5.400	7.200	0.019
BPP_new_20_500_1.C	8	1.600	4.800	0.017
BPP_new_20_500_1.C	8	1.600	4.800	0.018
BPP_new_20_500_1.C	8	1.600	4.800	0.017
BPP_new_20_500_1.C	8	1.600	4.800	0.018
BPP_new_20_500_1.C	8	1.600	4.800	0.017
BPP_new_20_500_1.C	8	1.600	4.800	0.017
BPP_new_20_500_1.C	8	1.600	4.800	0.017
BPP_new_20_500_1.C	8	1.600	4.800	0.018
BPP_new_20_500_1.C	8	1.600	4.800	0.017
BPP_new_20_500_1.C	8	1.600	4.800	0.017
BPP_new_20_500_10.C	7	1.400	4.200	0.015
BPP_new_20_500_10.C	7	1.400	4.200	0.016
BPP_new_20_500_10.C	7	1.400	4.200	0.015
BPP_new_20_500_10.C	7	1.400	4.200	0.015
BPP_new_20_500_10.C	7	1.400	4.200	0.016
BPP_new_20_500_10.C	7	1.400	4.200	0.015
BPP_new_20_500_10.C	7	1.400	4.200	0.015
BPP_new_20_500_10.C	7	1.400	4.200	0.016
BPP_new_20_500_10.C	7	1.400	4.200	0.016
BPP_new_20_500_10.C	7	1.400	4.200	0.015
BPP_new_20_500_2.C	9	1.800	5.400	0.020
BPP_new_20_500_2.C	9	1.800	5.400	0.019
BPP_new_20_500_2.C	9	1.800	5.400	0.021
BPP_new_20_500_2.C	9	1.800	5.400	0.019
BPP_new_20_500_2.C	9	1.800	5.400	0.019
BPP_new_20_500_2.C	9	1.800	5.400	0.019
BPP_new_20_500_2.C	9	1.800	5.400	0.019
BPP_new_20_500_2.C	9	1.800	5.400	0.019
BPP_new_20_500_2.C	9	1.800	5.400	0.020
BPP_new_20_500_2.C	9	1.800	5.400	0.019
BPP_new_20_500_3.C	10	4.000	7.000	0.022
BPP_new_20_500_3.C	10	4.000	7.000	0.022
BPP_new_20_500_3.C	10	4.000	7.000	0.023
BPP_new_20_500_3.C	10	4.000	7.000	0.023
BPP_new_20_500_3.C	10	4.000	7.000	0.023
BPP_new_20_500_3.C	10	4.000	7.000	0.022
BPP_new_20_500_3.C	10	4.000	7.000	0.022
BPP_new_20_500_3.C	10	4.000	7.000	0.022
BPP_new_20_500_3.C	10	4.000	7.000	0.022
BPP_new_20_500_3.C	10	4.000	7.000	0.023
BPP_new_20_500_4.C	11	2.400	6.700	0.022
BPP_new_20_500_4.C	11	2.400	6.700	0.022
BPP_new_20_500_4.C	11	2.400	6.700	0.022
BPP_new_20_500_4.C	11	2.400	6.700	0.022
BPP_new_20_500_4.C	11	2.400	6.700	0.023
BPP_new_20_500_4.C	11	2.400	6.700	0.022
BPP_new_20_500_4.C	11	2.400	6.700	0.021
BPP_new_20_500_4.C	11	2.400	6.700	0.022
BPP_new_20_500_4.C	11	2.400	6.700	0.022
BPP_new_20_500_4.C	11	2.400	6.700	0.022
BPP_new_20_500_5.C	8	0.000	4.000	0.015
BPP_new_20_500_5.C	8	0.000	4.000	0.016
BPP_new_20_500_5.C	8	0.000	4.000	0.015
BPP_new_20_500_5.C	8	0.000	4.000	0.015
BPP_new_20_500_5.C	8	0.000	4.000	0.015
BPP_new_20_500_5.C	8	0.000	4.000	0.015
BPP_new_20_500_5.C	8	0.000	4.000	0.016
BPP_new_20_500_5.C	8	0.000	4.000	0.015
BPP_new_20_500_5.C	8	0.000	4.000	0.015
BPP_new_20_500_5.C	8	0.000	4.000	0.015
BPP_new_20_500_6.C	10	2.000	6.000	0.020
BPP_new_20_500_6.C	10	2.000	6.000	0.020
BPP_new_20_500_6.C	10	2.000	6.000	0.021
BPP_new_20_500_6.C	10	2.000	6.000	0.020
BPP_new_20_500_6.C	10	2.000	6.000	0.020
BPP_new_20_500_6.C	10	2.000	6.000	0.020
BPP_new_20_500_6.C	10	2.000	6.000	0.020
BPP_new_20_500_6.C	10	2.000	6.000	0.020
BPP_new_20_500_6.C	10	2.000	6.000	0.020
BPP_new_20_500_6.C	10	2.000	6.000	0.020
BPP_new_20_500_7.C	13	2.800	7.900	0.024
BPP_new_20_500_7.C	13	2.800	7.900	0.024
BPP_new_20_500_7.C	13	2.800	7.900	0.023
BPP_new_20_500_7.C	13	2.800	7.900	0.024
BPP_new_20_500_7.C	13	2.800	7.900	0.024
BPP_new_20_500_7.C	13	2.800	7.900	0.024
BPP_new_20_500_7.C	13	2.800	7.900	0.024
BPP_new_20_500_7.C	13	2.800	7.900	0.024
BPP_new_20_500_7.C	13	2.800	7.900	0.024
BPP_new_20_500_7.C	13	2.800	7.900	0.024
BPP_new_20_500_8.C	11	2.400	6.700	0.023
BPP_new_20_500_8.C	11	2.400	6.700	0.024
BPP_new_20_500_8.C	11	2.400	6.700	0.023
BPP_new_20_500_8.C	11	2.600	6.800	0.023
BPP_new_20_500_8.C	11	2.400	6.700	0.023
BPP_new_20_500_8.C	11	2.400	6.700	0.023
BPP_new_20_500_8.C	11	2.600	6.800	0.023
BPP_new_20_500_8.C	11	2.400	6.700	0.023
BPP_new_20_500_8.C	11	2.400	6.700	0.023
BPP_new_20_500_8.C	11	2.400	6.700	0.023
BPP_new_20_500_9.C	11	2.400	6.700	0.022
BPP_new_20_500_9.C	11	2.400	6.700	0.022
BPP_new_20_500_9.C	11	2.400	6.700	0.022
BPP_new_20_500_9.C	11	2.400	6.700	0.022
BPP_new_20_500_9.C	11	2.400	6.700	0.022
BPP_new_20_500_9.C	11	2.400	6.700	0.022
BPP_new_20_500_9.C	11	2.400	6.700	0.022
BPP_new_20_500_9.C	11	2.400	6.700	0.021
BPP_new_20_500_9.C	11	2.400	6.700	0.021
BPP_new_20_500_9.C	11	2.400	6.700	0.022
BPP_new_20_50_1.C	13	2.600	7.800	0.004
BPP_new_20_50_1.C	13	2.600	7.800	0.004
BPP_new_20_50_1.C	13	2.600	7.800	0.003
BPP_new_20_50_1.C	13	2.600	7.800	0.004
BPP_new_20_50_1.C	13	2.600	7.800	0.004
BPP_new_20_50_1.C	13	2.600	7.800	0.004
BPP_new_20_50_1.C	13	2.600	7.800	0.004
BPP_new_20_50_1.C	13	2.600	7.800	0.003
BPP_new_20_50_1.C	13	2.600	7.800	0.004
BPP_new_20_50_1.C	13	2.600	7.800	0.004
BPP_new_20_50_10.C	13	3.000	8.000	0.003
BPP_new_20_50_10.C	13	3.000	8.000	0.004
BPP_new_20_50_10.C	13	3.000	8.000	0.003
BPP_new_20_50_10.C	13	3.000	8.000	0.003
BPP_new_20_50_10.C	13	3.000	8.000	0.003
BPP_new_20_50_10.C	13	3.000	8.000	0.004
BPP_new_20_50_10.C	13	3.000	8.000	0.003
BPP_new_20_50_10.C	13	3.000	8.000	0.003
BPP_new_20_50_10.C	13	3.000	8.000	0.003
BPP_new_20_50_10.C	13	3.000	8.000	0.003
BPP_new_20_50_2.C	10	2.200	6.100	0.003
BPP_new_20_50_2.C	10	2.200	6.100	0.003
BPP_new_20_50_2.C	10	2.200	6.100	0.003
BPP_new_20_50_2.C	10	2.200	6.100	0.003
BPP_new_20_50_2.C	10	2.200	6.100	0.003
BPP_new_20_50_2.C	10	2.200	6.100	0.003
BPP_new_20_50_2.C	10	2.200	6.100	0.003
BPP_new_20_50_2.C	10	2.200	6.100	0.003
BPP_new_20_50_2.C	10	2.200	6.100	0.003
BPP_new_20_50_2.C	10	2.200	6.100	0.003
BPP_new_20_50_3.C	9	3.600	6.300	0.003
BPP_new_20_50_3.C	9	3.600	6.300	0.003
BPP_new_20_50_3.C	9	3.600	6.300	0.003
BPP_new_20_50_3.C	9	3.600	6.300	0.003
BPP_new_20_50_3.C	9	3.600	6.300	0.003
BPP_new_20_50_3.C	9	3.600	6.300	0.003
BPP_new_20_50_3.C	9	3.600	6.300	0.003
BPP_new_20_50_3.C	9	3.600	6.300	0.003
BPP_new_20_50_3.C	9	3.600	6.300	0.003
BPP_new_20_50_3.C	9	3.600	6.300	0.003
BPP_new_20_50_4.C	14	3.400	8.700	0.004
BPP_new_20_50_4.C	14	3.400	8.700	0.004
BPP_new_20_50_4.C	14	3.400	8.700	0.004
BPP_new_20_50_4.C	14	3.400	8.700	0.004
BPP_new_20_50_4.C	14	3.400	8.700	0.004
BPP_new_20_50_4.C	14	3.400	8.700	0.004
BPP_new_20_50_4.C	14	3.400	8.700	0.004
BPP_new_20_50_4.C	14	3.400	8.700	0.004
BPP_new_20_50_4.C	14	3.400	8.700	0.004
BPP_new_20_50_4.C	14	3.400	8.700	0.004
BPP_new_20_50_5.C	9	1.800	5.400	0.003
BPP_new_20_50_5.C	9	1.800	5.400	0.003
BPP_new_20_50_5.C	9	1.800	5.400	0.003
BPP_new_20_50_5.C	9	1.800	5.400	0.003
BPP_new_20_50_5.C	9	1.800	5.400	0.003
BPP_new_20_50_5.C	9	1.800	5.400	0.003
BPP_new_20_50_5.C	9	1.800	5.400	0.003
BPP_new_20_50_5.C	9	1.800	5.400	0.003
BPP_new_20_50_5.C	9	1.800	5.400	0.003
BPP_new_20_50_5.C	9	1.800	5.400	0.003
BPP_new_20_50_6.C	9	3.000	6.000	0.003
BPP_new_20_50_6.C	9	3.000	6.000	0.003
BPP_new_20_50_6.C	9	3.000	6.000	0.003
BPP_new_20_50_6.C	9	3.000	6.000	0.003
BPP_new_20_50_6.C	9	3.000	6.000	0.003
BPP_new_20_50_6.C	9	3.000	6.000	0.003
BPP_new_20_50_6.C	9	3.000	6.000	0.003
BPP_new_20_50_6.C	9	3.000	6.000	0.003
BPP_new_20_50_6.C	9	3.000	6.000	0.003
BPP_new_20_50_6.C	9	3.000	6.000	0.003
BPP_new_20_50_7.C	11	2.800	6.900	0.003
BPP_new_20_50_7.C	11	2.800	6.900	0.003
BPP_new_20_50_7.C	11	2.800	6.900	0.003
BPP_new_20_50_7.C	11	2.800	6.900	0.003
BPP_new_20_50_7.C	11	2.800	6.900	0.003
BPP_new_20_50_7.C	11	2.800	6.900	0.003
BPP_new_20_50_7.C	11	2.800	6.900	0.003
BPP_new_20_50_7.C	11	2.800	6.900	0.003
BPP_new_20_50_7.C	11	2.800	6.900	0.003
BPP_new_20_50_7.C	11	2.800	6.900	0.003
BPP_new_20_50_8.C	12	1.000	6.500	0.003
BPP_new_20_50_8.C	12	1.000	6.500	0.003
BPP_new_20_50_8.C	12	1.000	6.500	0.003
BPP_new_20_50_8.C	12	1.000	6.500	0.003
BPP_new_20_50_8.C	12	1.000	6.500	0.003
BPP_new_20_50_8.C	12	1.000	6.500	0.003
BPP_new_20_50_8.C	12	1.000	6.500	0.003
BPP_new_20_50_8.C	12	1.000	6.500	0.003
BPP_new_20_50_8.C	12	1.000	6.500	0.003
BPP_new_20_50_8.C	12	1.000	6.500	0.003
BPP_new_20_50_9.C	9	3.200	6.100	0.003
BPP_new_20_50_9.C	9	3.200	6.100	0.003
BPP_new_20_50_9.C	9	3.000	6.000	0.003
BPP_new_20_50_9.C	9	3.200	6.100	0.003
BPP_new_20_50_9.C	9	3.000	6.000	0.003
BPP_new_20_50_9.C	9	3.200	6.100	0.003
BPP_new_20_50_9.C	9	3.000	6.000	0.003
BPP_new_20_50_9.C	9	3.000	6.000	0.003
BPP_new_20_50_9.C	9	3.000	6.000	0.003
BPP_new_20_50_9.C	9	3.000	6.000	0.003
BPP_new_20_750_1.C	10	1.400	5.700	0.029
BPP_new_20_750_1.C	10	1.400	5.700	0.029
BPP_new_20_750_1.C	10	1.400	5.700	0.029
BPP_new_20_750_1.C	10	1.400	5.700	0.029
BPP_new_20_750_1.C	10	1.400	5.700	0.029
BPP_new_20_750_1.C	10	1.400	5.700	0.029
BPP_new_20_750_1.C	10	1.400	5.700	0.029
BPP_new_20_750_1.C	10	1.400	5.700	0.029
BPP_new_20_750_1.C	10	1.400	5.700	0.029
BPP_new_20_750_1.C	10	1.400	5.700	0.030
BPP_new_20_750_10.C	11	5.000	8.000	0.034
BPP_new_20_750_10.C	11	5.000	8.000	0.033
BPP_new_20_750_10.C	11	5.000	8.000	0.033
BPP_new_20_750_10.C	11	5.000	8.000	0.032
BPP_new_20_750_10.C	11	5.000	8.000	0.033
BPP_new_20_750_10.C	11	5.000	8.000	0.032
BPP_new_20_750_10.C	11	5.000	8.000	0.033
BPP_new_20_750_10.C	11	5.000	8.000	0.033
BPP_new_20_750_10.C	11	5.000	8.000	0.033
BPP_new_20_750_10.C	11	5.000	8.000	0.033
BPP_new_20_750_2.C	9	1.800	5.400	0.026
BPP_new_20_750_2.C	9	1.800	5.400	0.026
BPP_new_20_750_2.C	9	1.800	5.400	0.026
BPP_new_20_750_2.C	9	1.800	5.400	0.027
BPP_new_20_750_2.C	9	1.800	5.400	0.026
BPP_new_20_750_2.C	9	1.800	5.400	0.026
BPP_new_20_750_2.C	9	1.800	5.400	0.026
BPP_new_20_750_2.C	9	1.800	5.400	0.026
BPP_new_20_750_2.C	9	1.800	5.400	0.026
BPP_new_20_750_2.C	9	1.800	5.400	0.026
BPP_new_20_750_3.C	10	1.000	5.500	0.028
BPP_new_20_750_3.C	10	1.000	5.500	0.027
BPP_new_20_750_3.C	10	1.000	5.500	0.028
BPP_new_20_750_3.C	10	1.000	5.500	0.028
BPP_new_20_750_3.C	10	1.000	5.500	0.028
BPP_new_20_750_3.C	10	1.000	5.500	0.028
BPP_new_20_750_3.C	10	1.000	5.500	0.028
BPP_new_20_750_3.C	10	1.000	5.500	0.028
BPP_new_20_750_3.C	10	1.000	5.500	0.029
BPP_new_20_750_3.C	10	1.000	5.500	0.028
BPP_new_20_750_4.C	9	1.200	5.100	0.026
BPP_new_20_750_4.C	9	1.200	5.100	0.026
BPP_new_20_750_4.C	9	1.200	5.100	0.026
BPP_new_20_750_4.C	9	1.200	5.100	0.026
BPP_new_20_750_4.C	9	1.200	5.100	0.026
BPP_new_20_750_4.C	9	1.200	5.100	0.026
BPP_new_20_750_4.C	9	1.200	5.100	0.026
BPP_new_20_750_4.C	9	1.200	5.100	0.026
BPP_new_20_750_4.C	9	1.200	5.100	0.026
BPP_new_20_750_4.C	9	1.200	5.100	0.026
BPP_new_20_750_5.C	12	4.600	8.300	0.036
BPP_new_20_750_5.C	12	4.600	8.300	0.037
BPP_new_20_750_5.C	12	4.600	8.300	0.036
BPP_new_20_750_5.C	12	4.600	8.300	0.036
BPP_new_20_750_5.C	12	4.600	8.300	0.036
BPP_new_20_750_5.C	12	4.600	8.300	0.035
BPP_new_20_750_5.C	12	4.600	8.300	0.036
BPP_new_20_750_5.C	12	4.600	8.300	0.036
BPP_new_20_750_5.C	12	4.600	8.300	0.037
BPP_new_20_750_5.C	12	4.600	8.300	0.037
BPP_new_20_750_6.C	10	0.000	5.000	0.028
BPP_new_20_750_6.C	10	0.000	5.000	0.028
BPP_new_20_750_6.C	10	0.000	5.000	0.028
BPP_new_20_750_6.C	10	0.000	5.000	0.028
BPP_new_20_750_6.C	10	0.000	5.000	0.028
BPP_new_20_750_6.C	10	0.000	5.000	0.029
BPP_new_20_750_6.C	10	0.000	5.000	0.029
BPP_new_20_750_6.C	10	0.000	5.000	0.029
BPP_new_20_750_6.C	10	0.000	5.000	0.028
BPP_new_20_750_6.C	10	0.000	5.000	0.028
BPP_new_20_750_7.C	11	1.800	6.400	0.032
BPP_new_20_750_7.C	11	1.800	6.400	0.032
BPP_new_20_750_7.C	11	1.800	6.400	0.032
BPP_new_20_750_7.C	11	1.800	6.400	0.032
BPP_new_20_750_7.C	11	1.800	6.400	0.032
BPP_new_20_750_7.C	11	1.800	6.400	0.032
BPP_new_20_750_7.C	11	1.800	6.400	0.033
BPP_new_20_750_7.C	11	1.800	6.400	0.032
BPP_new_20_750_7.C	11	1.800	6.400	0.032
BPP_new_20_750_7.C	11	1.800	6.400	0.033
BPP_new_20_750_8.C	9	1.200	5.100	0.026
BPP_new_20_750_8.C	9	1.200	5.100	0.025
BPP_new_20_750_8.C	9	1.200	5.100	0.025
BPP_new_20_750_8.C	9	1.200	5.100	0.026
BPP_new_20_750_8.C	9	1.200	5.100	0.026
BPP_new_20_750_8.C	9	1.200	5.100	0.026
BPP_new_20_750_8.C	9	1.200	5.100	0.026
BPP_new_20_750_8.C	9	1.200	5.100	0.026
BPP_new_20_750_8.C	9	1.200	5.100	0.025
BPP_new_20_750_8.C	9	1.200	5.100	0.026
BPP_new_20_750_9.C	10	3.600	6.800	0.032
BPP_new_20_750_9.C	10	3.600	6.800	0.033
BPP_new_20_750_9.C	10	3.600	6.800	0.033
BPP_new_20_750_9.C	10	3.600	6.800	0.032
BPP_new_20_750_9.C	10	3.600	6.800	0.033
BPP_new_20_750_9.C	10	3.600	6.800	0.032
BPP_new_20_750_9.C	10	3.600	6.800	0.033
BPP_new_20_750_9.C	10	3.600	6.800	0.033
BPP_new_20_750_9.C	10	3.600	6.800	0.033
BPP_new_20_750_9.C	10	3.600	6.800	0.033
BPP_new_20_75_1.C	11	1.200	6.100	0.003
BPP_new_20_75_1.C	11	1.200	6.100	0.003
BPP_new_20_75_1.C	11	1.200	6.100	0.004
BPP_new_20_75_1.C	11	1.200	6.100	0.003
BPP_new_20_75_1.C	11	1.200	6.100	0.004
BPP_new_20_75_1.C	11	1.200	6.100	0.004
BPP_new_20_75_1.C	11	1.200	6.100	0.003
BPP_new_20_75_1.C	11	1.200	6.100	0.004
BPP_new_20_75_1.C	11	1.200	6.100	0.004
BPP_new_20_75_1.C	11	1.200	6.100	0.004
BPP_new_20_75_10.C	9	4.600	6.800	0.003
BPP_new_20_75_10.C	9	4.600	6.800	0.003
BPP_new_20_75_10.C	9	4.600	6.800	0.003
BPP_new_20_75_10.C	9	4.600	6.800	0.003
BPP_new_20_75_10.C	9	4.600	6.800	0.003
BPP_new_20_75_10.C	9	4.600	6.800	0.003
BPP_new_20_75_10.C	9	4.600	6.800	0.003
BPP_new_20_75_10.C	9	4.600	6.800	0.003
BPP_new_20_75_10.C	9	4.600	6.800	0.003
BPP_new_20_75_10.C	9	4.600	6.800	0.003
BPP_new_20_75_2.C	12	3.000	7.500	0.003
BPP_new_20_75_2.C	12	3.000	7.500	0.004
BPP_new_20_75_2.C	12	3.000	7.500	0.003
BPP_new_20_75_2.C	12	3.000	7.500	0.003
BPP_new_20_75_2.C	12	3.000	7.500	0.004
BPP_new_20_75_2.C	12	3.000	7.500	0.004
BPP_new_20_75_2.C	12	3.000	7.500	0.003
BPP_new_20_75_2.C	12	3.000	7.500	0.003
BPP_new_20_75_2.C	12	3.000	7.500	0.004
BPP_new_20_75_2.C	12	3.000	7.500	0.003
BPP_new_20_75_3.C	10	2.200	6.100	0.003
BPP_new_20_75_3.C	10	2.200	6.100	0.003
BPP_new_20_75_3.C	10	2.200	6.100	0.003
BPP_new_20_75_3.C	10	2.200	6.100	0.004
BPP_new_20_75_3.C	10	2.200	6.100	0.004
BPP_new_20_75_3.C	10	2.200	6.100	0.003
BPP_new_20_75_3.C	10	2.200	6.100	0.003
BPP_new_20_75_3.C	10	2.200	6.100	0.003
BPP_new_20_75_3.C	10	2.200	6.100	0.003
BPP_new_20_75_3.C	10	2.200	6.100	0.003
BPP_new_20_75_4.C	10	4.200	7.100	0.004
BPP_new_20_75_4.C	10	4.200	7.100	0.003
BPP_new_20_75_4.C	10	4.200	7.100	0.003
BPP_new_20_75_4.C	10	4.200	7.100	0.004
BPP_new_20_75_4.C	10	4.200	7.100	0.004
BPP_new_20_75_4.C	10	4.200	7.100	0.003
BPP_new_20_75_4.C	10	4.200	7.100	0.004
BPP_new_20_75_4.C	10	4.200	7.100	0.003
BPP_new_20_75_4.C	10	4.200	7.100	0.004
BPP_new_20_75_4.C	10	4.200	7.100	0.004
BPP_new_20_75_5.C	10	5.200	7.600	0.004
BPP_new_20_75_5.C	10	5.200	7.600	0.003
BPP_new_20_75_5.C	10	5.200	7.600	0.003
BPP_new_20_75_5.C	10	5.200	7.600	0.003
BPP_new_20_75_5.C	10	5.200	7.600	0.003
BPP_new_20_75_5.C	10	5.200	7.600	0.003
BPP_new_20_75_5.C	10	5.200	7.600	0.003
BPP_new_20_75_5.C	10	5.200	7.600	0.004
BPP_new_20_75_5.C	10	5.200	7.600	0.003
BPP_new_20_75_5.C	10	5.200	7.600	0.003
BPP_new_20_75_6.C	6	2.600	4.300	0.003
BPP_new_20_75_6.C	6	2.600	4.300	0.003
BPP_new_20_75_6.C	6	2.600	4.300	0.003
BPP_new_20_75_6.C	6	2.600	4.300	0.003
BPP_new_20_75_6.C	6	2.600	4.300	0.003
BPP_new_20_75_6.C	6	2.600	4.300	0.003
BPP_new_20_75_6.C	6	2.600	4.300	0.003
BPP_new_20_75_6.C	6	2.600	4.300	0.003
BPP_new_20_75_6.C	6	2.600	4.300	0.003
BPP_new_20_75_6.C	6	2.600	4.300	0.003
BPP_new_20_75_7.C	9	1.800	5.400	0.003
BPP_new_20_75_7.C	9	1.800	5.400	0.003
BPP_new_20_75_7.C	9	1.800	5.400	0.003
BPP_new_20_75_7.C	9	1.800	5.400	0.003
BPP_new_20_75_7.C	9	1.800	5.400	0.003
BPP_new_20_75_7.C	9	1.800	5.400	0.003
BPP_new_20_75_7.C	9	1.800	5.400	0.003
BPP_new_20_75_7.C	9	1.800	5.400	0.003
BPP_new_20_75_7.C	9	1.800	5.400	0.003
BPP_new_20_75_7.C	9	1.800	5.400	0.003
BPP_new_20_75_8.C	8	2.600	5.300	0.003
BPP_new_20_75_8.C	8	2.600	5.300	0.003
BPP_new_20_75_8.C	8	2.600	5.300	0.003
BPP_new_20_75_8.C	8	2.600	5.300	0.003
BPP_new_20_75_8.C	8	2.600	5.300	0.003
BPP_new_20_75_8.C	8	2.600	5.300	0.003
BPP_new_20_75_8.C	8	2.600	5.300	0.003
BPP_new_20_75_8.C	8	2.600	5.300	0.003
BPP_new_20_75_8.C	8	2.600	5.300	0.003
BPP_new_20_75_8.C	8	2.600	5.300	0.003
BPP_new_20_75_9.C	10	4.400	7.200	0.003
BPP_new_20_75_9.C	10	4.400	7.200	0.003
BPP_new_20_75_9.C	10	4.400	7.200	0.003
BPP_new_20_75_9.C	10	4.400	7.200	0.003
BPP_new_20_75_9.C	10	4.400	7.200	0.003
BPP_new_20_75_9.C	10	4.400	7.200	0.004
BPP_new_20_75_9.C	10	4.400	7.200	0.003
BPP_new_20_75_9.C	10	4.400	7.200	0.003
BPP_new_20_75_9.C	10	4.400	7.200	0.003
BPP_new_20_75_9.C	10	4.400	7.200	0.003
HBPP_02015007_09180.C	10	1.000	5.500	0.038
HBPP_02015007_09180.C	10	1.000	5.500	0.038
HBPP_02015007_09180.C	10	1.000	5.500	0.037
HBPP_02015007_09180.C	10	1.000	5.500	0.040
HBPP_02015007_09180.C	10	1.000	5.500	0.038
HBPP_02015007_09180.C	10	1.000	5.500	0.037
HBPP_02015007_09180.C	10	1.000	5.500	0.038
HBPP_02015007_09180.C	10	1.000	5.500	0.038
HBPP_02015007_09180.C	10	1.000	5.500	0.039
HBPP_02015007_09180.C	10	1.000	5.500	0.038
HBPP_04000107_06970.C	16	3.000	9.500	0.125
HBPP_04000107_06970.C	16	2.600	9.300	0.130
HBPP_04000107_06970.C	16	2.600	9.300	0.122
HBPP_04000107_06970.C	16	2.400	9.200	0.122
HBPP_04000107_06970.C	16	2.600	9.300	0.128
HBPP_04000107_06970.C	16	3.400	9.700	0.135
HBPP_04000107_06970.C	16	2.400	9.200	0.121
HBPP_04000107_06970.C	16	2.600	9.300	0.122
HBPP_04000107_06970.C	16	2.800	9.400	0.123
HBPP_04000107_06970.C	16	2.600	9.300	0.122
HBPP_04005007_06120.C	16	2.200	9.100	0.136
HBPP_04005007_06120.C	16	2.200	9.100	0.124
HBPP_04005007_06120.C	16	2.200	9.100	0.135
HBPP_04005007_06120.C	16	2.200	9.100	0.137
HBPP_04005007_06120.C	16	2.200	9.100	0.122
HBPP_04005007_06120.C	16	2.200	9.100	0.134
HBPP_04005007_06120.C	16	2.200	9.100	0.128
HBPP_04005007_06120.C	16	2.200	9.100	0.131
HBPP_04005007_06120.C	16	2.200	9.100	0.134
HBPP_04005007_06120.C	16	2.200	9.100	0.118
HBPP_04005009_03610.C	20	2.600	11.300	0.155
HBPP_04005009_03610.C	20	2.600	11.300	0.159
HBPP_04005009_03610.C	20	2.600	11.300	0.160
HBPP_04005009_03610.C	20	2.600	11.300	0.156
HBPP_04005009_03610.C	20	2.600	11.300	0.165
HBPP_04005009_03610.C	20	2.600	11.300	0.157
HBPP_04005009_03610.C	20	2.600	11.300	0.152
HBPP_04005009_03610.C	20	2.600	11.300	0.158
HBPP_04005009_03610.C	20	2.600	11.300	0.158
HBPP_04005009_03610.C	20	2.600	11.300	0.156
HBPP_06000106_07820.C	21	2.200	11.600	0.256
HBPP_06000106_07820.C	21	2.200	11.600	0.263
HBPP_06000106_07820.C	21	2.200	11.600	0.264
HBPP_06000106_07820.C	21	2.600	11.800	0.279
HBPP_06000106_07820.C	21	2.200	11.600	0.293
HBPP_06000106_07820.C	21	2.800	11.900	0.273
HBPP_06000106_07820.C	21	2.400	11.700	0.272
HBPP_06000106_07820.C	21	2.800	11.900	0.251
HBPP_06000106_07820.C	21	2.800	11.900	0.271
HBPP_06000106_07820.C	21	2.800	11.900	0.268
HBPP_06000110_01950.C	27	3.000	15.000	0.343
HBPP_06000110_01950.C	27	3.000	15.000	0.331
HBPP_06000110_01950.C	27	3.000	15.000	0.369
HBPP_06000110_01950.C	27	3.000	15.000	0.336
HBPP_06000110_01950.C	27	3.000	15.000	0.365
HBPP_06000110_01950.C	27	3.000	15.000	0.323
HBPP_06000110_01950.C	27	3.000	15.000	0.317
HBPP_06000110_01950.C	27	3.000	15.000	0.329
HBPP_06000110_01950.C	27	3.000	15.000	0.341
HBPP_06000110_01950.C	27	3.000	15.000	0.343
HBPP_06005007_00330.C	23	4.000	13.500	0.272
HBPP_06005007_00330.C	23	4.000	13.500	0.285
HBPP_06005007_00330.C	23	4.000	13.500	0.317
HBPP_06005007_00330.C	23	3.800	13.400	0.290
HBPP_06005007_00330.C	23	3.800	13.400	0.302
HBPP_06005007_00330.C	23	4.000	13.500	0.307
HBPP_06005007_00330.C	23	3.800	13.400	0.300
HBPP_06005007_00330.C	23	3.600	13.300	0.299
HBPP_06005007_00330.C	23	4.000	13.500	0.302
HBPP_06005007_00330.C	23	3.800	13.400	0.325
HBPP_06005007_03820.C	22	1.400	11.700	0.276
HBPP_06005007_03820.C	22	1.400	11.700	0.271
HBPP_06005007_03820.C	22	1.400	11.700	0.295
HBPP_06005007_03820.C	22	1.400	11.700	0.271
HBPP_06005007_03820.C	22	1.400	11.700	0.254
HBPP_06005007_03820.C	22	1.400	11.700	0.286
HBPP_06005007_03820.C	22	1.400	11.700	0.291
HBPP_06005007_03820.C	22	1.400	11.700	0.273
HBPP_06005007_03820.C	22	1.400	11.700	0.268
HBPP_06005007_03820.C	22	1.400	11.700	0.275
HBPP_06005008_07550.C	24	3.200	13.600	0.329
HBPP_06005008_07550.C	24	3.200	13.600	0.314
HBPP_06005008_07550.C	24	3.000	13.500	0.307
HBPP_06005008_07550.C	24	3.400	13.700	0.304
HBPP_06005008_07550.C	24	3.200	13.600	0.299
HBPP_06005008_07550.C	24	3.200	13.600	0.300
HBPP_06005008_07550.C	24	3.400	13.700	0.316
HBPP_06005008_07550.C	24	3.400	13.700	0.300
HBPP_06005008_07550.C	24	3.400	13.700	0.284
HBPP_06005008_07550.C	24	3.400	13.700	0.302
HBPP_06015006_00670.C	25	1.600	13.300	0.315
HBPP_06015006_00670.C	25	2.000	13.500	0.351
HBPP_06015006_00670.C	25	2.200	13.600	0.319
HBPP_06015006_00670.C	25	1.600	13.300	0.343
HBPP_06015006_00670.C	25	2.000	13.500	0.322
HBPP_06015006_00670.C	25	1.800	13.400	0.333
HBPP_06015006_00670.C	25	1.600	13.300	0.326
HBPP_06015006_00670.C	25	1.600	13.300	0.349
HBPP_06015006_00670.C	25	1.600	13.300	0.333
HBPP_06015006_00670.C	25	1.600	13.300	0.330
HBPP_06015009_04030.C	31	5.400	18.200	0.438
HBPP_06015009_04030.C	31	5.200	18.100	0.366
HBPP_06015009_04030.C	31	5.200	18.100	0.398
HBPP_06015009_04030.C	31	5.200	18.100	0.397
HBPP_06015009_04030.C	31	5.400	18.200	0.387
HBPP_06015009_04030.C	31	5.200	18.100	0.373
HBPP_06015009_04030.C	31	5.200	18.100	0.378
HBPP_06015009_04030.C	31	5.200	18.100	0.371
HBPP_06015009_04030.C	31	5.400	18.200	0.407
HBPP_06015009_04030.C	31	5.400	18.200	0.372
HBPP_06015010_07710.C	34	2.400	18.200	0.434
HBPP_06015010_07710.C	34	2.600	18.300	0.414
HBPP_06015010_07710.C	34	2.600	18.300	0.431
HBPP_06015010_07710.C	34	2.200	18.100	0.441
HBPP_06015010_07710.C	34	2.800	18.400	0.427
HBPP_06015010_07710.C	34	2.600	18.300	0.443
HBPP_06015010_07710.C	34	2.800	18.400	0.404
HBPP_06015010_07710.C	34	2.600	18.300	0.448
HBPP_06015010_07710.C	34	3.000	18.500	0.421
HBPP_06015010_07710.C	34	2.800	18.400	0.432
HBPP_06025005_06390.C	24	5.600	14.800	0.308
HBPP_06025005_06390.C	24	5.000	14.500	0.309
HBPP_06025005_06390.C	24	5.400	14.700	0.308
HBPP_06025005_06390.C	24	5.000	14.500	0.321
HBPP_06025005_06390.C	24	5.000	14.500	0.332
HBPP_06025005_06390.C	24	5.000	14.500	0.319
HBPP_06025005_06390.C	24	5.200	14.600	0.352
HBPP_06025005_06390.C	24	5.600	14.800	0.332
HBPP_06025005_06390.C	24	5.400	14.700	0.368
HBPP_06025005_06390.C	24	5.600	14.800	0.303
HBPP_08000107_06240.C	28	5.800	16.900	0.568
HBPP_08000107_06240.C	28	6.000	17.000	0.539
HBPP_08000107_06240.C	28	5.600	16.800	0.576
HBPP_08000107_06240.C	28	5.800	16.900	0.531
HBPP_08000107_06240.C	28	5.600	16.800	0.553
HBPP_08000107_06240.C	28	5.800	16.900	0.537
HBPP_08000107_06240.C	28	5.800	16.900	0.568
HBPP_08000107_06240.C	28	5.600	16.800	0.519
HBPP_08000107_06240.C	28	5.800	16.900	0.571
HBPP_08000107_06240.C	28	5.600	16.800	0.561
HBPP_08005006_08620.C	27	6.400	16.700	0.570
HBPP_08005006_08620.C	28	5.200	16.600	0.545
HBPP_08005006_08620.C	27	6.400	16.700	0.551
HBPP_08005006_08620.C	28	5.200	16.600	0.557
HBPP_08005006_08620.C	28	5.200	16.600	0.569
HBPP_08005006_08620.C	27	6.400	16.700	0.561
HBPP_08005006_08620.C	27	6.400	16.700	0.541
HBPP_08005006_08620.C	27	6.200	16.600	0.537
HBPP_08005006_08620.C	28	5.200	16.600	0.568
HBPP_08005006_08620.C	28	5.400	16.700	0.565
HBPP_08005007_03940.C	29	5.400	17.200	0.558
HBPP_08005007_03940.C	29	5.200	17.100	0.571
HBPP_08005007_03940.C	29	5.400	17.200	0.527
HBPP_08005007_03940.C	29	5.200	17.100	0.558
HBPP_08005007_03940.C	29	5.400	17.200	0.563
HBPP_08005007_03940.C	29	5.400	17.200	0.462
HBPP_08005007_03940.C	29	5.400	17.200	0.510
HBPP_08005007_03940.C	29	5.400	17.200	0.473
HBPP_08005007_03940.C	29	5.200	17.100	0.549
HBPP_08005007_03940.C	29	5.400	17.200	0.398
HBPP_10000107_05080.C	38	5.000	21.500	0.643
HBPP_10000107_05080.C	38	4.400	21.200	0.655
HBPP_10000107_05080.C	38	5.200	21.600	0.650
HBPP_10000107_05080.C	38	5.000	21.500	0.645
HBPP_10000107_05080.C	38	4.600	21.300	0.642
HBPP_10000107_05080.C	38	5.000	21.500	0.646
HBPP_10000107_05080.C	38	5.000	21.500	0.650
HBPP_10000107_05080.C	38	4.400	21.200	0.652
HBPP_10000107_05080.C	38	4.400	21.200	0.658
HBPP_10000107_05080.C	38	5.000	21.500	0.647
HBPP_10000107_07330.C	36	3.600	19.800	0.626
HBPP_10000107_07330.C	36	3.200	19.600	0.622
HBPP_10000107_07330.C	36	3.600	19.800	0.619
HBPP_10000107_07330.C	36	3.600	19.800	0.621
HBPP_10000107_07330.C	36	3.600	19.800	0.625
HBPP_10000107_07330.C	36	3.800	19.900	0.619
HBPP_10000107_07330.C	36	3.800	19.900	0.617
HBPP_10000107_07330.C	36	3.800	19.900	0.624
HBPP_10000107_07330.C	36	3.600	19.800	0.617
HBPP_10000107_07330.C	36	3.600	19.800	0.626
HBPP_10000108_02570.C	39	4.200	21.600	0.663
HBPP_10000108_02570.C	39	4.200	21.600	0.663
HBPP_10000108_02570.C	39	4.200	21.600	0.657
HBPP_10000108_02570.C	39	4.200	21.600	0.658
HBPP_10000108_02570.C	39	4.200	21.600	0.664
HBPP_10000108_02570.C	39	4.200	21.600	0.659
HBPP_10000108_02570.C	39	4.200	21.600	0.664
HBPP_10000108_02570.C	39	4.200	21.600	0.661
HBPP_10000108_02570.C	39	4.200	21.600	0.661
HBPP_10000108_02570.C	39	4.200	21.600	0.654
HBPP_10015007_04640.C	46	3.800	24.900	0.838
HBPP_10015007_04640.C	46	3.600	24.800	0.817
HBPP_10015007_04640.C	46	4.000	25.000	0.813
HBPP_10015007_04640.C	46	3.800	24.900	0.809
HBPP_10015007_04640.C	46	3.600	24.800	0.816
HBPP_10015007_04640.C	46	3.800	24.900	0.812
HBPP_10015007_04640.C	46	3.800	24.900	0.821
HBPP_10015007_04640.C	46	3.800	24.900	0.866
HBPP_10015007_04640.C	46	3.600	24.800	0.822
HBPP_10015007_04640.C	46	3.800	24.900	0.849
HBPP_12000107_08940.C	46	5.400	25.700	0.966
HBPP_12000107_08940.C	46	5.600	25.800	0.942
HBPP_12000107_08940.C	46	5.400	25.700	0.930
HBPP_12000107_08940.C	46	5.400	25.700	0.954
HBPP_12000107_08940.C	46	5.600	25.800	0.955
HBPP_12000107_08940.C	46	5.400	25.700	0.949
HBPP_12000107_08940.C	46	5.400	25.700	0.933
HBPP_12000107_08940.C	46	5.600	25.800	0.961
HBPP_12000107_08940.C	46	5.600	25.800	0.970
HBPP_12000107_08940.C	46	5.400	25.700	0.946
HBPP_12000108_00350.C	45	1.600	23.300	0.918
HBPP_12000108_00350.C	45	1.600	23.300	0.918
HBPP_12000108_00350.C	45	2.000	23.500	0.954
HBPP_12000108_00350.C	45	1.600	23.300	0.912
HBPP_12000108_00350.C	45	1.600	23.300	0.926
HBPP_12000108_00350.C	45	2.400	23.700	0.946
HBPP_12000108_00350.C	45	1.400	23.200	0.929
HBPP_12000108_00350.C	45	1.600	23.300	0.931
HBPP_12000108_00350.C	45	1.600	23.300	0.923
HBPP_12000108_00350.C	45	1.600	23.300	0.915
HBPP_12000109_09170.C	58	2.200	30.100	1.172
HBPP_12000109_09170.C	59	3.000	31.000	1.164
HBPP_12000109_09170.C	59	3.000	31.000	1.169
HBPP_12000109_09170.C	58	2.200	30.100	1.168
HBPP_12000109_09170.C	58	2.200	30.100	1.168
HBPP_12000109_09170.C	58	2.400	30.200	1.160
HBPP_12000109_09170.C	59	3.000	31.000	1.160
HBPP_12000109_09170.C	59	3.000	31.000	1.146
HBPP_12000109_09170.C	58	2.200	30.100	1.175
HBPP_12000109_09170.C	59	3.000	31.000	1.157
HBPP_12000110_06550.C	62	3.800	32.900	1.237
HBPP_12000110_06550.C	62	3.800	32.900	1.283
HBPP_12000110_06550.C	62	3.800	32.900	1.265
HBPP_12000110_06550.C	62	3.800	32.900	1.260
HBPP_12000110_06550.C	62	4.000	33.000	1.244
HBPP_12000110_06550.C	62	3.800	32.900	1.305
HBPP_12000110_06550.C	61	2.800	31.900	1.376
HBPP_12000110_06550.C	62	3.800	32.900	1.348
HBPP_12000110_06550.C	62	3.800	32.900	1.416
HBPP_12000110_06550.C	62	3.800	32.900	1.524
HBPP_12005007_01380.C	53	3.000	28.000	1.897
HBPP_12005007_01380.C	53	3.000	28.000	1.895
HBPP_12005007_01380.C	53	3.000	28.000	2.010
HBPP_12005007_01380.C	53	3.000	28.000	1.882
HBPP_12005007_01380.C	53	3.000	28.000	1.876
HBPP_12005007_01380.C	53	3.000	28.000	1.942
HBPP_12005007_01380.C	53	3.000	28.000	1.830
HBPP_12005007_01380.C	52	2.400	27.200	1.923
HBPP_12005007_01380.C	53	3.000	28.000	1.885
HBPP_12005007_01380.C	53	3.000	28.000	1.974
HBPP_12005007_01800.C	45	4.800	24.900	1.609
HBPP_12005007_01800.C	45	5.200	25.100	1.639
HBPP_12005007_01800.C	45	4.200	24.600	1.632
HBPP_12005007_01800.C	45	5.200	25.100	1.635
HBPP_12005007_01800.C	45	4.800	24.900	1.663
HBPP_12005007_01800.C	45	4.400	24.700	1.639
HBPP_12005007_01800.C	45	4.600	24.800	1.602
HBPP_12005007_01800.C	45	5.000	25.000	1.595
HBPP_12005007_01800.C	45	4.600	24.800	1.663
HBPP_12005007_01800.C	45	5.000	25.000	1.611
HBPP_12005007_03240.C	44	4.000	24.000	1.677
HBPP_12005007_03240.C	44	4.000	24.000	1.604
HBPP_12005007_03240.C	44	4.000	24.000	1.692
HBPP_12005007_03240.C	44	4.200	24.100	1.595
HBPP_12005007_03240.C	44	4.000	24.000	1.580
HBPP_12005007_03240.C	44	4.000	24.000	1.576
HBPP_12005007_03240.C	44	4.200	24.100	1.532
HBPP_12005007_03240.C	44	4.000	24.000	1.627
HBPP_12005007_03240.C	44	4.000	24.000	1.558
HBPP_12005007_03240.C	44	4.200	24.100	1.572
HBPP_12005008_04500.C	55	5.800	30.400	1.965
HBPP_12005008_04500.C	55	5.800	30.400	1.981
HBPP_12005008_04500.C	55	5.800	30.400	1.921
HBPP_12005008_04500.C	55	5.800	30.400	1.977
HBPP_12005008_04500.C	55	5.600	30.300	2.022
HBPP_12005008_04500.C	55	5.600	30.300	2.047
HBPP_12005008_04500.C	55	5.800	30.400	2.064
HBPP_12005008_04500.C	55	5.800	30.400	2.041
HBPP_12005008_04500.C	55	5.800	30.400	1.973
HBPP_12005008_04500.C	55	5.800	30.400	2.049
HBPP_12015007_01650.C	54	5.400	29.700	1.987
HBPP_12015007_01650.C	55	5.000	30.000	1.977
HBPP_12015007_01650.C	55	5.000	30.000	2.003
HBPP_12015007_01650.C	54	5.400	29.700	1.973
HBPP_12015007_01650.C	55	5.200	30.100	1.855
HBPP_12015007_01650.C	55	5.200	30.100	1.920
HBPP_12015007_01650.C	55	5.400	30.200	1.964
HBPP_12015007_01650.C	55	5.000	30.000	1.877
HBPP_12015007_01650.C	55	5.000	30.000	1.941
HBPP_12015007_01650.C	55	4.800	29.900	1.951
HBPP_12015009_07400.C	63	7.400	35.200	2.105
HBPP_12015009_07400.C	63	7.200	35.100	2.195
HBPP_12015009_07400.C	63	8.000	35.500	2.292
HBPP_12015009_07400.C	63	8.000	35.500	2.305
HBPP_12015009_07400.C	63	7.600	35.300	2.274
HBPP_12015009_07400.C	63	7.400	35.200	2.182
HBPP_12015009_07400.C	63	7.400	35.200	2.375
HBPP_12015009_07400.C	63	7.400	35.200	2.206
HBPP_12015009_07400.C	63	7.200	35.100	2.254
HBPP_12015009_07400.C	63	7.400	35.200	2.313
HBPP_14005010_04470.C	81	9.800	45.400	3.442
HBPP_14005010_04470.C	81	9.600	45.300	3.320
HBPP_14005010_04470.C	82	9.600	45.800	3.459
HBPP_14005010_04470.C	82	9.600	45.800	3.418
HBPP_14005010_04470.C	81	9.600	45.300	3.372
HBPP_14005010_04470.C	81	9.800	45.400	3.382
HBPP_14005010_04470.C	81	10.400	45.700	3.352
HBPP_14005010_04470.C	81	9.600	45.300	3.439
HBPP_14005010_04470.C	81	9.800	45.400	3.430
HBPP_14005010_04470.C	82	9.800	45.900	3.318
HBPP_14015007_01210.C	65	5.600	35.300	2.764
HBPP_14015007_01210.C	65	6.000	35.500	2.864
HBPP_14015007_01210.C	64	6.200	35.100	2.937
HBPP_14015007_01210.C	65	5.800	35.400	2.758
HBPP_14015007_01210.C	64	6.200	35.100	2.939
HBPP_14015007_01210.C	64	6.000	35.000	2.748
HBPP_14015007_01210.C	64	5.600	34.800	2.810
HBPP_14015007_01210.C	64	6.200	35.100	2.758
HBPP_14015007_01210.C	64	5.600	34.800	2.913
HBPP_14015007_01210.C	64	5.800	34.900	2.918
HBPP_14015008_03730.C	67	4.600	35.800	1.645
HBPP_14015008_03730.C	67	4.800	35.900	1.641
HBPP_14015008_03730.C	67	4.800	35.900	1.640
HBPP_14015008_03730.C	67	4.800	35.900	1.673
HBPP_14015008_03730.C	67	4.800	35.900	1.610
HBPP_14015008_03730.C	68	5.000	36.500	1.621
HBPP_14015008_03730.C	68	5.000	36.500	1.651
HBPP_14015008_03730.C	67	6.200	36.600	1.704
HBPP_14015008_03730.C	67	4.800	35.900	1.630
HBPP_14015008_03730.C	67	4.600	35.800	1.626
HBPP_16000107_00140.C	63	13.000	38.000	3.249
HBPP_16000107_00140.C	63	12.800	37.900	1.823
HBPP_16000107_00140.C	63	13.000	38.000	1.865
HBPP_16000107_00140.C	63	12.600	37.800	1.842
HBPP_16000107_00140.C	63	12.800	37.900	1.800
HBPP_16000107_00140.C	63	13.000	38.000	1.830
HBPP_16000107_00140.C	63	12.800	37.900	1.840
HBPP_16000107_00140.C	62	13.200	37.600	1.795
HBPP_16000107_00140.C	63	12.800	37.900	3.112
HBPP_16000107_00140.C	62	13.200	37.600	1.825
HBPP_16000108_01490.C	67	12.000	39.500	3.027
HBPP_16000108_01490.C	67	12.200	39.600	3.310
HBPP_16000108_01490.C	67	12.200	39.600	3.240
HBPP_16000108_01490.C	67	12.000	39.500	3.388
HBPP_16000108_01490.C	67	11.800	39.400	3.410
HBPP_16000108_01490.C	67	12.200	39.600	3.415
HBPP_16000108_01490.C	67	11.800	39.400	2.091
HBPP_16000108_01490.C	67	12.000	39.500	3.235
HBPP_16000108_01490.C	67	12.400	39.700	3.558
HBPP_16000108_01490.C	67	12.200	39.600	1.992
HBPP_16000110_02790.C	85	14.200	49.600	2.514
HBPP_16000110_02790.C	85	14.400	49.700	2.484
HBPP_16000110_02790.C	85	15.200	50.100	2.583
HBPP_16000110_02790.C	85	14.400	49.700	2.545
HBPP_16000110_02790.C	85	14.400	49.700	2.444
HBPP_16000110_02790.C	86	14.400	50.200	2.461
HBPP_16000110_02790.C	85	14.400	49.700	2.568
HBPP_16000110_02790.C	85	14.600	49.800	2.451
HBPP_16000110_02790.C	85	14.400	49.700	2.578
HBPP_16000110_02790.C	85	14.600	49.800	2.552
HBPP_16005009_00010.C	80	12.400	46.200	4.132
HBPP_16005009_00010.C	79	13.600	46.300	3.914
HBPP_16005009_00010.C	80	12.200	46.100	4.005
HBPP_16005009_00010.C	80	12.400	46.200	4.087
HBPP_16005009_00010.C	80	12.600	46.300	4.126
HBPP_16005009_00010.C	80	12.200	46.100	4.082
HBPP_16005009_00010.C	80	12.400	46.200	4.108
HBPP_16005009_00010.C	80	12.800	46.400	4.029
HBPP_16005009_00010.C	80	12.200	46.100	4.018
HBPP_16005009_00010.C	81	13.600	47.300	4.038
HBPP_16005009_01610.C	80	11.200	45.600	3.099
HBPP_16005009_01610.C	80	11.000	45.500	2.268
HBPP_16005009_01610.C	80	10.800	45.400	2.302
HBPP_16005009_01610.C	80	11.200	45.600	2.320
HBPP_16005009_01610.C	80	10.800	45.400	2.383
HBPP_16005009_01610.C	80	11.000	45.500	2.283
HBPP_16005009_01610.C	80	11.200	45.600	2.372
HBPP_16005009_01610.C	80	10.800	45.400	2.380
HBPP_16005009_01610.C	80	11.000	45.500	3.938
HBPP_16005009_01610.C	80	10.800	45.400	4.091
HBPP_16015007_02060.C	75	7.800	41.400	3.795
HBPP_16015007_02060.C	75	7.800	41.400	3.551
HBPP_16015007_02060.C	75	8.000	41.500	2.228
HBPP_16015007_02060.C	75	9.200	42.100	2.172
HBPP_16015007_02060.C	75	8.200	41.600	3.478
HBPP_16015007_02060.C	74	9.000	41.500	3.780
HBPP_16015007_02060.C	75	8.800	41.900	3.712
HBPP_16015007_02060.C	74	9.400	41.700	2.806
HBPP_16015007_02060.C	75	8.000	41.500	3.634
HBPP_16015007_02060.C	75	9.200	42.100	2.143
HBPP_16015009_09810.C	87	10.600	48.800	2.497
HBPP_16015009_09810.C	86	12.400	49.200	2.584
HBPP_16015009_09810.C	86	12.400	49.200	2.586
HBPP_16015009_09810.C	87	12.000	49.500	2.489
HBPP_16015009_09810.C	87	12.000	49.500	2.537
HBPP_16015009_09810.C	87	12.200	49.600	2.518
HBPP_16015009_09810.C	86	10.800	48.400	2.588
HBPP_16015009_09810.C	87	11.800	49.400	2.541
HBPP_16015009_09810.C	87	11.800	49.400	2.568
HBPP_16015009_09810.C	87	12.000	49.500	2.537
HBPP_18000108_03590.C	77	9.200	43.100	2.859
HBPP_18000108_03590.C	77	9.600	43.300	2.820
HBPP_18000108_03590.C	77	9.600	43.300	2.974
HBPP_18000108_03590.C	77	9.600	43.300	2.893
HBPP_18000108_03590.C	77	9.800	43.400	2.874
HBPP_18000108_03590.C	77	9.600	43.300	2.778
HBPP_18000108_03590.C	77	8.800	42.900	2.847
HBPP_18000108_03590.C	77	9.000	43.000	2.826
HBPP_18000108_03590.C	77	9.800	43.400	2.893
HBPP_18000108_03590.C	77	9.800	43.400	2.812
HBPP_18000108_07160.C	79	8.200	43.600	4.351
HBPP_18000108_07160.C	78	8.400	43.200	4.533
HBPP_18000108_07160.C	79	8.400	43.700	4.433
HBPP_18000108_07160.C	79	8.000	43.500	4.444
HBPP_18000108_07160.C	78	8.600	43.300	4.531
HBPP_18000108_07160.C	79	8.400	43.700	4.366
HBPP_18000108_07160.C	78	8.400	43.200	4.261
HBPP_18000108_07160.C	79	8.400	43.700	4.467
HBPP_18000108_07160.C	78	9.400	43.700	4.356
HBPP_18000108_07160.C	79	7.600	43.300	4.518
HBPP_18000110_04390.C	90	8.400	49.200	3.326
HBPP_18000110_04390.C	90	7.200	48.600	3.425
HBPP_18000110_04390.C	90	8.200	49.100	3.394
HBPP_18000110_04390.C	90	8.400	49.200	3.406
HBPP_18000110_04390.C	90	8.400	49.200	3.319
HBPP_18000110_04390.C	90	8.200	49.100	3.315
HBPP_18000110_04390.C	90	8.200	49.100	3.343
HBPP_18000110_04390.C	90	7.800	48.900	3.343
HBPP_18000110_04390.C	90	8.200	49.100	3.384
HBPP_18000110_04390.C	90	7.200	48.600	5.098
HBPP_18015008_08210.C	89	15.400	52.200	3.370
HBPP_18015008_08210.C	89	15.400	52.200	3.296
HBPP_18015008_08210.C	89	15.200	52.100	3.328
HBPP_18015008_08210.C	89	15.000	52.000	3.368
HBPP_18015008_08210.C	89	15.400	52.200	3.361
HBPP_18015008_08210.C	89	15.400	52.200	3.281
HBPP_18015008_08210.C	89	15.400	52.200	3.332
HBPP_18015008_08210.C	89	15.400	52.200	3.249
HBPP_18015008_08210.C	89	15.200	52.100	3.268
HBPP_18015008_08210.C	89	15.200	52.100	3.279
HBPP_18015010_06050.C	109	9.200	59.100	6.287
HBPP_18015010_06050.C	109	9.200	59.100	6.215
HBPP_18015010_06050.C	109	9.200	59.100	6.040
HBPP_18015010_06050.C	109	8.600	58.800	6.381
HBPP_18015010_06050.C	109	9.200	59.100	6.239
HBPP_18015010_06050.C	109	9.400	59.200	6.253
HBPP_18015010_06050.C	109	9.400	59.200	6.307
HBPP_18015010_06050.C	108	11.000	59.500	6.250
HBPP_18015010_06050.C	109	10.800	59.900	6.317
HBPP_18015010_06050.C	108	9.600	58.800	6.215
HBPP_20000107_01190.C	78	4.000	41.000	3.538
HBPP_20000107_01190.C	78	3.800	40.900	5.046
HBPP_20000107_01190.C	78	4.200	41.100	4.970
HBPP_20000107_01190.C	78	3.000	40.500	3.524
HBPP_20000107_01190.C	78	3.600	40.800	4.984
HBPP_20000107_01190.C	78	3.600	40.800	4.897
HBPP_20000107_01190.C	78	4.000	41.000	3.517
HBPP_20000107_01190.C	78	3.400	40.700	3.484
HBPP_20000107_01190.C	78	4.000	41.000	3.506
HBPP_20000107_01190.C	78	3.800	40.900	3.576
HBPP_20000108_00250.C	78	10.600	44.300	5.270
HBPP_20000108_00250.C	79	10.800	44.900	5.067
HBPP_20000108_00250.C	78	11.800	44.900	3.481
HBPP_20000108_00250.C	78	11.600	44.800	3.513
HBPP_20000108_00250.C	79	11.200	45.100	3.491
HBPP_20000108_00250.C	78	10.400	44.200	3.569
HBPP_20000108_00250.C	79	11.000	45.000	3.509
HBPP_20000108_00250.C	79	10.200	44.600	3.484
HBPP_20000108_00250.C	79	10.800	44.900	4.969
HBPP_20000108_00250.C	78	11.200	44.600	5.091
HBPP_20000108_01750.C	88	10.800	49.400	4.222
HBPP_20000108_01750.C	88	11.000	49.500	4.303
HBPP_20000108_01750.C	87	11.800	49.400	4.140
HBPP_20000108_01750.C	87	12.600	49.800	4.175
HBPP_20000108_01750.C	87	12.600	49.800	4.024
HBPP_20000108_01750.C	88	10.400	49.200	4.261
HBPP_20000108_01750.C	87	11.400	49.200	4.134
HBPP_20000108_01750.C	87	11.600	49.300	4.197
HBPP_20000108_01750.C	88	12.200	50.100	3.975
HBPP_20000108_01750.C	87	11.200	49.100	4.092
HBPP_20005008_01240.C	87	7.800	47.400	5.174
HBPP_20005008_01240.C	88	8.200	48.100	4.008
HBPP_20005008_01240.C	87	7.200	47.100	5.705
HBPP_20005008_01240.C	88	8.000	48.000	4.088
HBPP_20005008_01240.C	87	8.000	47.500	4.118
HBPP_20005008_01240.C	88	7.800	47.900	4.115
HBPP_20005008_01240.C	88	7.800	47.900	4.125
HBPP_20005008_01240.C	88	7.800	47.900	4.123
HBPP_20005008_01240.C	88	8.400	48.200	5.339
HBPP_20005008_01240.C	88	8.200	48.100	4.047
HBPP_20005009_02000.C	96	9.200	52.600	4.448
HBPP_20005009_02000.C	96	10.400	53.200	4.315
HBPP_20005009_02000.C	96	9.600	52.800	4.496
HBPP_20005009_02000.C	96	11.800	53.900	4.405
HBPP_20005009_02000.C	96	9.800	52.900	4.572
HBPP_20005009_02000.C	96	11.000	53.500	4.369
HBPP_20005009_02000.C	96	9.200	52.600	4.519
HBPP_20005009_02000.C	96	11.000	53.500	4.371
HBPP_20005009_02000.C	96	10.200	53.100	4.456
HBPP_20005009_02000.C	96	10.800	53.400	4.298
HBPP_20005010_09530.C	105	10.600	57.800	4.748
HBPP_20005010_09530.C	105	8.000	56.500	7.006
HBPP_20005010_09530.C	105	8.000	56.500	4.881
HBPP_20005010_09530.C	106	8.800	57.400	4.864
HBPP_20005010_09530.C	105	8.000	56.500	5.572
HBPP_20005010_09530.C	105	10.000	57.500	4.858
HBPP_20005010_09530.C	106	8.000	57.000	5.100
HBPP_20005010_09530.C	105	8.000	56.500	5.087
HBPP_20005010_09530.C	105	9.200	57.100	5.016
HBPP_20005010_09530.C	105	9.000	57.000	5.727
HBPP_20015007_06370.C	86	8.400	47.200	5.925
HBPP_20015007_06370.C	86	8.600	47.300	5.669
HBPP_20015007_06370.C	86	8.000	47.000	5.275
HBPP_20015007_06370.C	86	9.600	47.800	4.232
HBPP_20015007_06370.C	86	8.600	47.300	4.934
HBPP_20015007_06370.C	86	9.400	47.700	4.445
HBPP_20015007_06370.C	86	9.400	47.700	4.444
HBPP_20015007_06370.C	86	8.800	47.400	4.211
HBPP_20015007_06370.C	86	9.000	47.500	5.123
HBPP_20015007_06370.C	86	9.000	47.500	4.253
HBPP_20015009_02720.C	115	16.000	65.500	6.782
HBPP_20015009_02720.C	115	16.000	65.500	5.979
HBPP_20015009_02720.C	114	16.800	65.400	5.454
HBPP_20015009_02720.C	115	16.200	65.600	5.701
HBPP_20015009_02720.C	115	16.200	65.600	5.243
HBPP_20015009_02720.C	115	17.000	66.000	5.770
HBPP_20015009_02720.C	115	16.000	65.500	5.661
HBPP_20015009_02720.C	115	17.000	66.000	5.408
HBPP_20015009_02720.C	115	16.200	65.600	6.106
HBPP_20015009_02720.C	115	16.000	65.500	5.464
BPP_100_1000_0.1_0.8_0.C	47	0.800	23.900	0.800
BPP_100_1000_0.1_0.8_0.C	46	0.800	23.400	0.916
BPP_100_1000_0.1_0.8_0.C	46	0.800	23.400	0.853
BPP_100_1000_0.1_0.8_0.C	46	0.800	23.400	0.855
BPP_100_1000_0.1_0.8_0.C	46	0.800	23.400	1.151
BPP_100_1000_0.1_0.8_0.C	46	0.800	23.400	1.204
BPP_100_1000_0.1_0.8_0.C	46	0.800	23.400	1.248
BPP_100_1000_0.1_0.8_0.C	46	0.800	23.400	1.180
BPP_100_1000_0.1_0.8_0.C	46	0.800	23.400	1.035
BPP_100_1000_0.1_0.8_0.C	46	0.800	23.400	0.904
BPP_100_1000_0.1_0.8_1.C	47	0.000	23.500	1.147
BPP_100_1000_0.1_0.8_1.C	47	0.000	23.500	0.997
BPP_100_1000_0.1_0.8_1.C	47	0.000	23.500	0.876
BPP_100_1000_0.1_0.8_1.C	47	0.000	23.500	0.813
BPP_100_1000_0.1_0.8_1.C	47	0.000	23.500	0.977
BPP_100_1000_0.1_0.8_1.C	47	0.000	23.500	0.840
BPP_100_1000_0.1_0.8_1.C	46	0.200	23.100	1.214
BPP_100_1000_0.1_0.8_1.C	47	0.000	23.500	1.057
BPP_100_1000_0.1_0.8_1.C	47	0.000	23.500	1.015
BPP_100_1000_0.1_0.8_1.C	47	0.000	23.500	1.132
BPP_100_1000_0.1_0.8_2.C	45	1.600	23.300	0.921
BPP_100_1000_0.1_0.8_2.C	45	1.400	23.200	0.790
BPP_100_1000_0.1_0.8_2.C	45	1.600	23.300	0.809
BPP_100_1000_0.1_0.8_2.C	45	1.400	23.200	0.882
BPP_100_1000_0.1_0.8_2.C	45	1.400	23.200	0.805
BPP_100_1000_0.1_0.8_2.C	45	1.400	23.200	0.806
BPP_100_1000_0.1_0.8_2.C	45	1.600	23.300	1.018
BPP_100_1000_0.1_0.8_2.C	45	1.400	23.200	0.803
BPP_100_1000_0.1_0.8_2.C	45	1.400	23.200	0.971
BPP_100_1000_0.1_0.8_2.C	45	1.400	23.200	0.798
BPP_100_1000_0.1_0.8_3.C	45	1.000	23.000	0.825
BPP_100_1000_0.1_0.8_3.C	45	1.000	23.000	0.828
BPP_100_1000_0.1_0.8_3.C	45	1.000	23.000	0.865
BPP_100_1000_0.1_0.8_3.C	45	1.000	23.000	0.843
BPP_100_1000_0.1_0.8_3.C	45	1.000	23.000	1.021
BPP_100_1000_0.1_0.8_3.C	45	1.000	23.000	0.803
BPP_100_1000_0.1_0.8_3.C	45	1.000	23.000	0.870
BPP_100_1000_0.1_0.8_3.C	45	1.000	23.000	0.848
BPP_100_1000_0.1_0.8_3.C	46	1.000	23.500	0.853
BPP_100_1000_0.1_0.8_3.C	45	1.000	23.000	0.829
BPP_100_1000_0.1_0.8_4.C	45	1.000	23.000	1.023
BPP_100_1000_0.1_0.8_4.C	45	1.000	23.000	0.858
BPP_100_1000_0.1_0.8_4.C	45	1.000	23.000	0.813
BPP_100_1000_0.1_0.8_4.C	45	1.000	23.000	0.850
BPP_100_1000_0.1_0.8_4.C	45	1.000	23.000	0.822
BPP_100_1000_0.1_0.8_4.C	45	1.000	23.000	0.830
BPP_100_1000_0.1_0.8_4.C	45	1.000	23.000	0.898
BPP_100_1000_0.1_0.8_4.C	45	1.000	23.000	0.806
BPP_100_1000_0.1_0.8_4.C	45	1.000	23.000	0.819
BPP_100_1000_0.1_0.8_4.C	45	1.000	23.000	0.797
BPP_100_1000_0.1_0.8_5.C	46	5.000	25.500	0.822
BPP_100_1000_0.1_0.8_5.C	46	4.800	25.400	0.840
BPP_100_1000_0.1_0.8_5.C	46	4.800	25.400	0.828
BPP_100_1000_0.1_0.8_5.C	46	5.200	25.600	0.833
BPP_100_1000_0.1_0.8_5.C	46	5.000	25.500	0.831
BPP_100_1000_0.1_0.8_5.C	46	5.000	25.500	0.828
BPP_100_1000_0.1_0.8_5.C	46	5.000	25.500	0.827
BPP_100_1000_0.1_0.8_5.C	46	5.000	25.500	0.822
BPP_100_1000_0.1_0.8_5.C	46	5.000	25.500	0.832
BPP_100_1000_0.1_0.8_5.C	46	5.200	25.600	0.829
BPP_100_1000_0.1_0.8_6.C	45	3.400	24.200	0.795
BPP_100_1000_0.1_0.8_6.C	45	3.600	24.300	0.837
BPP_100_1000_0.1_0.8_6.C	45	3.400	24.200	0.900
BPP_100_1000_0.1_0.8_6.C	45	3.400	24.200	0.867
BPP_100_1000_0.1_0.8_6.C	45	3.400	24.200	0.835
BPP_100_1000_0.1_0.8_6.C	45	3.400	24.200	0.890
BPP_100_1000_0.1_0.8_6.C	45	3.400	24.200	0.815
BPP_100_1000_0.1_0.8_6.C	45	3.400	24.200	0.996
BPP_100_1000_0.1_0.8_6.C	45	3.400	24.200	0.789
BPP_100_1000_0.1_0.8_6.C	45	3.600	24.300	0.900
BPP_100_1000_0.1_0.8_7.C	45	2.800	23.900	0.808
BPP_100_1000_0.1_0.8_7.C	46	2.400	24.200	0.879
BPP_100_1000_0.1_0.8_7.C	46	2.600	24.300	0.808
BPP_100_1000_0.1_0.8_7.C	46	2.400	24.200	0.809
BPP_100_1000_0.1_0.8_7.C	46	1.600	23.800	0.813
BPP_100_1000_0.1_0.8_7.C	46	1.800	23.900	0.950
BPP_100_1000_0.1_0.8_7.C	46	1.600	23.800	0.807
BPP_100_1000_0.1_0.8_7.C	46	1.600	23.800	0.819
BPP_100_1000_0.1_0.8_7.C	46	2.600	24.300	0.822
BPP_100_1000_0.1_0.8_7.C	46	1.600	23.800	0.868
BPP_100_1000_0.1_0.8_8.C	51	1.400	26.200	1.099
BPP_100_1000_0.1_0.8_8.C	51	1.400	26.200	1.058
BPP_100_1000_0.1_0.8_8.C	51	1.400	26.200	0.884
BPP_100_1000_0.1_0.8_8.C	51	1.400	26.200	0.917
BPP_100_1000_0.1_0.8_8.C	51	1.400	26.200	0.883
BPP_100_1000_0.1_0.8_8.C	51	1.400	26.200	0.888
BPP_100_1000_0.1_0.8_8.C	51	1.400	26.200	0.873
BPP_100_1000_0.1_0.8_8.C	51	1.400	26.200	0.920
BPP_100_1000_0.1_0.8_8.C	51	1.400	26.200	0.939
BPP_100_1000_0.1_0.8_8.C	51	1.400	26.200	1.133
BPP_100_1000_0.1_0.8_9.C	44	3.000	23.500	1.074
BPP_100_1000_0.1_0.8_9.C	44	2.800	23.400	0.795
BPP_100_1000_0.1_0.8_9.C	44	2.600	23.300	0.791
BPP_100_1000_0.1_0.8_9.C	44	2.800	23.400	1.133
BPP_100_1000_0.1_0.8_9.C	44	2.600	23.300	1.007
BPP_100_1000_0.1_0.8_9.C	44	3.200	23.600	0.876
BPP_100_1000_0.1_0.8_9.C	44	2.800	23.400	0.979
BPP_100_1000_0.1_0.8_9.C	44	2.600	23.300	0.784
BPP_100_1000_0.1_0.8_9.C	44	2.800	23.400	0.893
BPP_100_1000_0.1_0.8_9.C	44	2.600	23.300	0.772
BPP_100_100_0.1_0.8_0.C	48	4.000	26.000	0.108
BPP_100_100_0.1_0.8_0.C	48	3.200	25.600	0.109
BPP_100_100_0.1_0.8_0.C	48	3.400	25.700	0.100
BPP_100_100_0.1_0.8_0.C	48	3.800	25.900	0.103
BPP_100_100_0.1_0.8_0.C	48	3.600	25.800	0.104
BPP_100_100_0.1_0.8_0.C	48	4.400	26.200	0.099
BPP_100_100_0.1_0.8_0.C	48	4.600	26.300	0.104
BPP_100_100_0.1_0.8_0.C	48	3.600	25.800	0.101
BPP_100_100_0.1_0.8_0.C	48	4.600	26.300	0.098
BPP_100_100_0.1_0.8_0.C	48	4.400	26.200	0.095
BPP_100_100_0.1_0.8_1.C	49	2.000	25.500	0.099
BPP_100_100_0.1_0.8_1.C	49	2.000	25.500	0.098
BPP_100_100_0.1_0.8_1.C	49	1.800	25.400	0.103
BPP_100_100_0.1_0.8_1.C	49	2.000	25.500	0.097
BPP_100_100_0.1_0.8_1.C	49	1.600	25.300	0.101
BPP_100_100_0.1_0.8_1.C	49	1.800	25.400	0.097
BPP_100_100_0.1_0.8_1.C	49	1.800	25.400	0.100
BPP_100_100_0.1_0.8_1.C	49	1.800	25.400	0.098
BPP_100_100_0.1_0.8_1.C	49	1.800	25.400	0.098
BPP_100_100_0.1_0.8_1.C	49	1.800	25.400	0.103
BPP_100_100_0.1_0.8_2.C	43	2.800	22.900	0.087
BPP_100_100_0.1_0.8_2.C	43	2.600	22.800	0.089
BPP_100_100_0.1_0.8_2.C	43	2.800	22.900	0.086
BPP_100_100_0.1_0.8_2.C	43	2.600	22.800	0.086
BPP_100_100_0.1_0.8_2.C	43	2.800	22.900	0.088
BPP_100_100_0.1_0.8_2.C	43	2.600	22.800	0.086
BPP_100_100_0.1_0.8_2.C	43	2.800	22.900	0.088
BPP_100_100_0.1_0.8_2.C	43	2.800	22.900	0.089
BPP_100_100_0.1_0.8_2.C	43	2.800	22.900	0.088
BPP_100_100_0.1_0.8_2.C	43	2.600	22.800	0.087
BPP_100_100_0.1_0.8_3.C	49	2.800	25.900	0.097
BPP_100_100_0.1_0.8_3.C	49	2.800	25.900	0.097
BPP_100_100_0.1_0.8_3.C	49	2.800	25.900	0.097
BPP_100_100_0.1_0.8_3.C	49	2.800	25.900	0.098
BPP_100_100_0.1_0.8_3.C	49	2.600	25.800	0.099
BPP_100_100_0.1_0.8_3.C	49	2.800	25.900	0.098
BPP_100_100_0.1_0.8_3.C	49	2.800	25.900	0.098
BPP_100_100_0.1_0.8_3.C	49	3.000	26.000	0.100
BPP_100_100_0.1_0.8_3.C	49	2.600	25.800	0.103
BPP_100_100_0.1_0.8_3.C	48	3.200	25.600	0.106
BPP_100_100_0.1_0.8_4.C	58	0.800	29.400	0.112
BPP_100_100_0.1_0.8_4.C	58	1.000	29.500	0.113
BPP_100_100_0.1_0.8_4.C	58	1.000	29.500	0.111
BPP_100_100_0.1_0.8_4.C	58	0.800	29.400	0.115
BPP_100_100_0.1_0.8_4.C	58	0.800	29.400	0.113
BPP_100_100_0.1_0.8_4.C	58	0.800	29.400	0.111
BPP_100_100_0.1_0.8_4.C	58	0.800	29.400	0.111
BPP_100_100_0.1_0.8_4.C	58	0.800	29.400	0.114
BPP_100_100_0.1_0.8_4.C	58	0.800	29.400	0.110
BPP_100_100_0.1_0.8_4.C	58	1.000	29.500	0.110
BPP_100_100_0.1_0.8_5.C	51	2.400	26.700	0.101
BPP_100_100_0.1_0.8_5.C	52	1.800	26.900	0.102
BPP_100_100_0.1_0.8_5.C	51	1.800	26.400	0.100
BPP_100_100_0.1_0.8_5.C	51	2.400	26.700	0.102
BPP_100_100_0.1_0.8_5.C	51	2.400	26.700	0.102
BPP_100_100_0.1_0.8_5.C	51	1.800	26.400	0.102
BPP_100_100_0.1_0.8_5.C	51	2.600	26.800	0.101
BPP_100_100_0.1_0.8_5.C	51	2.400	26.700	0.102
BPP_100_100_0.1_0.8_5.C	51	2.200	26.600	0.103
BPP_100_100_0.1_0.8_5.C	51	2.400	26.700	0.102
BPP_100_100_0.1_0.8_6.C	47	0.200	23.600	0.093
BPP_100_100_0.1_0.8_6.C	47	0.200	23.600	0.098
BPP_100_100_0.1_0.8_6.C	47	0.200	23.600	0.095
BPP_100_100_0.1_0.8_6.C	47	0.200	23.600	0.094
BPP_100_100_0.1_0.8_6.C	47	0.200	23.600	0.094
BPP_100_100_0.1_0.8_6.C	47	0.200	23.600	0.093
BPP_100_100_0.1_0.8_6.C	47	0.800	23.900	0.095
BPP_100_100_0.1_0.8_6.C	47	0.200	23.600	0.096
BPP_100_100_0.1_0.8_6.C	47	0.200	23.600	0.094
BPP_100_100_0.1_0.8_6.C	47	0.200	23.600	0.095
BPP_100_100_0.1_0.8_7.C	48	0.200	24.100	0.097
BPP_100_100_0.1_0.8_7.C	48	0.200	24.100	0.097
BPP_100_100_0.1_0.8_7.C	48	0.400	24.200	0.098
BPP_100_100_0.1_0.8_7.C	48	0.400	24.200	0.098
BPP_100_100_0.1_0.8_7.C	48	0.200	24.100	0.098
BPP_100_100_0.1_0.8_7.C	48	0.200	24.100	0.095
BPP_100_100_0.1_0.8_7.C	48	0.200	24.100	0.096
BPP_100_100_0.1_0.8_7.C	48	0.200	24.100	0.097
BPP_100_100_0.1_0.8_7.C	48	0.000	24.000	0.098
BPP_100_100_0.1_0.8_7.C	48	0.400	24.200	0.098
BPP_100_100_0.1_0.8_8.C	46	0.000	23.000	0.098
BPP_100_100_0.1_0.8_8.C	46	0.000	23.000	0.095
BPP_100_100_0.1_0.8_8.C	46	0.000	23.000	0.096
BPP_100_100_0.1_0.8_8.C	46	0.000	23.000	0.096
BPP_100_100_0.1_0.8_8.C	46	0.000	23.000	0.097
BPP_100_100_0.1_0.8_8.C	46	0.000	23.000	0.093
BPP_100_100_0.1_0.8_8.C	46	0.000	23.000	0.095
BPP_100_100_0.1_0.8_8.C	46	0.000	23.000	0.096
BPP_100_100_0.1_0.8_8.C	46	0.000	23.000	0.097
BPP_100_100_0.1_0.8_8.C	46	0.000	23.000	0.096
BPP_100_100_0.1_0.8_9.C	48	0.000	24.000	0.096
BPP_100_100_0.1_0.8_9.C	48	0.400	24.200	0.097
BPP_100_100_0.1_0.8_9.C	48	0.000	24.000	0.096
BPP_100_100_0.1_0.8_9.C	48	0.000	24.000	0.095
BPP_100_100_0.1_0.8_9.C	48	0.000	24.000	0.097
BPP_100_100_0.1_0.8_9.C	47	0.600	23.800	0.095
BPP_100_100_0.1_0.8_9.C	48	0.000	24.000	0.098
BPP_100_100_0.1_0.8_9.C	48	0.000	24.000	0.096
BPP_100_100_0.1_0.8_9.C	47	0.600	23.800	0.097
BPP_100_100_0.1_0.8_9.C	48	0.000	24.000	0.096
BPP_100_120_0.1_0.8_0.C	44	4.600	24.300	0.105
BPP_100_120_0.1_0.8_0.C	44	4.600	24.300	0.105
BPP_100_120_0.1_0.8_0.C	44	4.800	24.400	0.106
BPP_100_120_0.1_0.8_0.C	44	4.800	24.400	0.107
BPP_100_120_0.1_0.8_0.C	44	4.600	24.300	0.110
BPP_100_120_0.1_0.8_0.C	44	4.600	24.300	0.107
BPP_100_120_0.1_0.8_0.C	44	4.600	24.300	0.106
BPP_100_120_0.1_0.8_0.C	44	4.800	24.400	0.107
BPP_100_120_0.1_0.8_0.C	44	4.800	24.400	0.107
BPP_100_120_0.1_0.8_0.C	44	4.600	24.300	0.106
BPP_100_120_0.1_0.8_1.C	46	5.600	25.800	0.116
BPP_100_120_0.1_0.8_1.C	46	5.600	25.800	0.116
BPP_100_120_0.1_0.8_1.C	47	5.400	26.200	0.113
BPP_100_120_0.1_0.8_1.C	46	5.600	25.800	0.112
BPP_100_120_0.1_0.8_1.C	46	5.600	25.800	0.117
BPP_100_120_0.1_0.8_1.C	46	5.400	25.700	0.115
BPP_100_120_0.1_0.8_1.C	46	5.600	25.800	0.114
BPP_100_120_0.1_0.8_1.C	46	5.400	25.700	0.119
BPP_100_120_0.1_0.8_1.C	46	5.600	25.800	0.114
BPP_100_120_0.1_0.8_1.C	46	5.400	25.700	0.117
BPP_100_120_0.1_0.8_2.C	47	0.600	23.800	0.110
BPP_100_120_0.1_0.8_2.C	46	1.000	23.500	0.116
BPP_100_120_0.1_0.8_2.C	46	0.600	23.300	0.110
BPP_100_120_0.1_0.8_2.C	46	0.600	23.300	0.112
BPP_100_120_0.1_0.8_2.C	46	1.000	23.500	0.114
BPP_100_120_0.1_0.8_2.C	46	1.000	23.500	0.111
BPP_100_120_0.1_0.8_2.C	46	1.200	23.600	0.112
BPP_100_120_0.1_0.8_2.C	46	0.800	23.400	0.116
BPP_100_120_0.1_0.8_2.C	46	1.000	23.500	0.114
BPP_100_120_0.1_0.8_2.C	46	0.800	23.400	0.112
BPP_100_120_0.1_0.8_3.C	51	0.000	25.500	0.119
BPP_100_120_0.1_0.8_3.C	51	0.000	25.500	0.118
BPP_100_120_0.1_0.8_3.C	52	0.000	26.000	0.118
BPP_100_120_0.1_0.8_3.C	51	0.000	25.500	0.118
BPP_100_120_0.1_0.8_3.C	51	0.400	25.700	0.118
BPP_100_120_0.1_0.8_3.C	51	0.400	25.700	0.119
BPP_100_120_0.1_0.8_3.C	51	0.000	25.500	0.117
BPP_100_120_0.1_0.8_3.C	51	0.400	25.700	0.116
BPP_100_120_0.1_0.8_3.C	51	0.400	25.700	0.119
BPP_100_120_0.1_0.8_3.C	52	0.000	26.000	0.116
BPP_100_120_0.1_0.8_4.C	48	1.400	24.700	0.114
BPP_100_120_0.1_0.8_4.C	48	0.800	24.400	0.111
BPP_100_120_0.1_0.8_4.C	48	1.600	24.800	0.112
BPP_100_120_0.1_0.8_4.C	48	0.800	24.400	0.113
BPP_100_120_0.1_0.8_4.C	48	0.800	24.400	0.118
BPP_100_120_0.1_0.8_4.C	48	0.800	24.400	0.116
BPP_100_120_0.1_0.8_4.C	48	1.000	24.500	0.114
BPP_100_120_0.1_0.8_4.C	48	0.800	24.400	0.118
BPP_100_120_0.1_0.8_4.C	48	0.800	24.400	0.116
BPP_100_120_0.1_0.8_4.C	48	0.800	24.400	0.113
BPP_100_120_0.1_0.8_5.C	45	1.400	23.200	0.113
BPP_100_120_0.1_0.8_5.C	44	1.600	22.800	0.110
BPP_100_120_0.1_0.8_5.C	45	1.200	23.100	0.109
BPP_100_120_0.1_0.8_5.C	45	1.600	23.300	0.106
BPP_100_120_0.1_0.8_5.C	45	1.400	23.200	0.107
BPP_100_120_0.1_0.8_5.C	45	1.600	23.300	0.109
BPP_100_120_0.1_0.8_5.C	44	2.000	23.000	0.107
BPP_100_120_0.1_0.8_5.C	45	1.400	23.200	0.109
BPP_100_120_0.1_0.8_5.C	44	2.000	23.000	0.109
BPP_100_120_0.1_0.8_5.C	44	2.000	23.000	0.107
BPP_100_120_0.1_0.8_6.C	46	3.600	24.800	0.110
BPP_100_120_0.1_0.8_6.C	46	3.600	24.800	0.110
BPP_100_120_0.1_0.8_6.C	46	3.800	24.900	0.110
BPP_100_120_0.1_0.8_6.C	46	3.600	24.800	0.115
BPP_100_120_0.1_0.8_6.C	46	3.800	24.900	0.110
BPP_100_120_0.1_0.8_6.C	46	3.800	24.900	0.107
BPP_100_120_0.1_0.8_6.C	46	3.600	24.800	0.109
BPP_100_120_0.1_0.8_6.C	46	3.800	24.900	0.112
BPP_100_120_0.1_0.8_6.C	46	3.800	24.900	0.112
BPP_100_120_0.1_0.8_6.C	46	3.800	24.900	0.112
BPP_100_120_0.1_0.8_7.C	54	2.400	28.200	0.122
BPP_100_120_0.1_0.8_7.C	54	2.400	28.200	0.124
BPP_100_120_0.1_0.8_7.C	54	2.600	28.300	0.123
BPP_100_120_0.1_0.8_7.C	54	2.600	28.300	0.124
BPP_100_120_0.1_0.8_7.C	54	2.600	28.300	0.122
BPP_100_120_0.1_0.8_7.C	54	2.400	28.200	0.122
BPP_100_120_0.1_0.8_7.C	54	2.600	28.300	0.122
BPP_100_120_0.1_0.8_7.C	54	2.600	28.300	0.123
BPP_100_120_0.1_0.8_7.C	54	2.400	28.200	0.123
BPP_100_120_0.1_0.8_7.C	54	2.600	28.300	0.125
BPP_100_120_0.1_0.8_8.C	44	3.800	23.900	0.109
BPP_100_120_0.1_0.8_8.C	45	3.200	24.100	0.111
BPP_100_120_0.1_0.8_8.C	44	3.800	23.900	0.110
BPP_100_120_0.1_0.8_8.C	44	4.000	24.000	0.108
BPP_100_120_0.1_0.8_8.C	45	3.200	24.100	0.111
BPP_100_120_0.1_0.8_8.C	45	3.000	24.000	0.110
BPP_100_120_0.1_0.8_8.C	45	3.200	24.100	0.109
BPP_100_120_0.1_0.8_8.C	46	2.600	24.300	0.108
BPP_100_120_0.1_0.8_8.C	44	3.800	23.900	0.112
BPP_100_120_0.1_0.8_8.C	44	3.800	23.900	0.111
BPP_100_120_0.1_0.8_9.C	45	2.000	23.500	0.110
BPP_100_120_0.1_0.8_9.C	45	1.800	23.400	0.141
BPP_100_120_0.1_0.8_9.C	45	1.800	23.400	0.157
BPP_100_120_0.1_0.8_9.C	45	2.000	23.500	0.110
BPP_100_120_0.1_0.8_9.C	45	1.800	23.400	0.106
BPP_100_120_0.1_0.8_9.C	45	1.600	23.300	0.112
BPP_100_120_0.1_0.8_9.C	44	2.400	23.200	0.107
BPP_100_120_0.1_0.8_9.C	45	2.000	23.500	0.109
BPP_100_120_0.1_0.8_9.C	45	2.000	23.500	0.111
BPP_100_120_0.1_0.8_9.C	45	1.600	23.300	0.109
BPP_100_125_0.1_0.8_0.C	48	7.800	27.900	0.120
BPP_100_125_0.1_0.8_0.C	48	7.800	27.900	0.117
BPP_100_125_0.1_0.8_0.C	48	7.800	27.900	0.117
BPP_100_125_0.1_0.8_0.C	48	7.800	27.900	0.120
BPP_100_125_0.1_0.8_0.C	48	8.000	28.000	0.122
BPP_100_125_0.1_0.8_0.C	48	7.800	27.900	0.118
BPP_100_125_0.1_0.8_0.C	48	7.800	27.900	0.121
BPP_100_125_0.1_0.8_0.C	48	7.800	27.900	0.118
BPP_100_125_0.1_0.8_0.C	48	8.000	28.000	0.117
BPP_100_125_0.1_0.8_0.C	48	7.800	27.900	0.117
BPP_100_125_0.1_0.8_1.C	47	9.800	28.400	0.120
BPP_100_125_0.1_0.8_1.C	47	9.800	28.400	0.117
BPP_100_125_0.1_0.8_1.C	47	9.800	28.400	0.119
BPP_100_125_0.1_0.8_1.C	47	9.800	28.400	0.145
BPP_100_125_0.1_0.8_1.C	47	10.000	28.500	0.117
BPP_100_125_0.1_0.8_1.C	47	9.600	28.300	0.129
BPP_100_125_0.1_0.8_1.C	47	9.800	28.400	0.117
BPP_100_125_0.1_0.8_1.C	47	9.800	28.400	0.117
BPP_100_125_0.1_0.8_1.C	47	9.800	28.400	0.117
BPP_100_125_0.1_0.8_1.C	47	9.600	28.300	0.117
BPP_100_125_0.1_0.8_2.C	47	1.200	24.100	0.114
BPP_100_125_0.1_0.8_2.C	47	1.200	24.100	0.115
BPP_100_125_0.1_0.8_2.C	47	1.200	24.100	0.115
BPP_100_125_0.1_0.8_2.C	47	1.200	24.100	0.115
BPP_100_125_0.1_0.8_2.C	47	1.200	24.100	0.116
BPP_100_125_0.1_0.8_2.C	47	1.200	24.100	0.115
BPP_100_125_0.1_0.8_2.C	47	1.200	24.100	0.116
BPP_100_125_0.1_0.8_2.C	47	1.200	24.100	0.117
BPP_100_125_0.1_0.8_2.C	47	1.200	24.100	0.116
BPP_100_125_0.1_0.8_2.C	47	1.200	24.100	0.116
BPP_100_125_0.1_0.8_3.C	45	1.000	23.000	0.112
BPP_100_125_0.1_0.8_3.C	45	0.600	22.800	0.114
BPP_100_125_0.1_0.8_3.C	45	0.400	22.700	0.114
BPP_100_125_0.1_0.8_3.C	45	0.800	22.900	0.114
BPP_100_125_0.1_0.8_3.C	45	0.600	22.800	0.112
BPP_100_125_0.1_0.8_3.C	45	0.400	22.700	0.113
BPP_100_125_0.1_0.8_3.C	45	0.600	22.800	0.111
BPP_100_125_0.1_0.8_3.C	45	0.800	22.900	0.110
BPP_100_125_0.1_0.8_3.C	45	0.800	22.900	0.111
BPP_100_125_0.1_0.8_3.C	45	1.000	23.000	0.110
BPP_100_125_0.1_0.8_4.C	48	4.200	26.100	0.118
BPP_100_125_0.1_0.8_4.C	48	4.200	26.100	0.117
BPP_100_125_0.1_0.8_4.C	48	4.200	26.100	0.117
BPP_100_125_0.1_0.8_4.C	48	4.200	26.100	0.126
BPP_100_125_0.1_0.8_4.C	48	4.200	26.100	0.117
BPP_100_125_0.1_0.8_4.C	48	4.200	26.100	0.116
BPP_100_125_0.1_0.8_4.C	48	4.200	26.100	0.117
BPP_100_125_0.1_0.8_4.C	48	4.200	26.100	0.126
BPP_100_125_0.1_0.8_4.C	48	4.200	26.100	0.117
BPP_100_125_0.1_0.8_4.C	48	4.200	26.100	0.116
BPP_100_125_0.1_0.8_5.C	45	4.000	24.500	0.112
BPP_100_125_0.1_0.8_5.C	45	3.800	24.400	0.112
BPP_100_125_0.1_0.8_5.C	45	4.000	24.500	0.109
BPP_100_125_0.1_0.8_5.C	45	3.800	24.400	0.110
BPP_100_125_0.1_0.8_5.C	45	3.600	24.300	0.113
BPP_100_125_0.1_0.8_5.C	45	4.000	24.500	0.111
BPP_100_125_0.1_0.8_5.C	45	3.800	24.400	0.110
BPP_100_125_0.1_0.8_5.C	45	4.000	24.500	0.111
BPP_100_125_0.1_0.8_5.C	45	3.800	24.400	0.110
BPP_100_125_0.1_0.8_5.C	45	3.600	24.300	0.111
BPP_100_125_0.1_0.8_6.C	52	2.000	27.000	0.124
BPP_100_125_0.1_0.8_6.C	51	3.000	27.000	0.126
BPP_100_125_0.1_0.8_6.C	51	2.600	26.800	0.127
BPP_100_125_0.1_0.8_6.C	51	2.200	26.600	0.124
BPP_100_125_0.1_0.8_6.C	51	2.400	26.700	0.134
BPP_100_125_0.1_0.8_6.C	51	2.400	26.700	0.132
BPP_100_125_0.1_0.8_6.C	52	2.400	27.200	0.124
BPP_100_125_0.1_0.8_6.C	51	2.400	26.700	0.129
BPP_100_125_0.1_0.8_6.C	51	2.600	26.800	0.123
BPP_100_125_0.1_0.8_6.C	51	2.200	26.600	0.123
BPP_100_125_0.1_0.8_7.C	53	7.000	30.000	0.129
BPP_100_125_0.1_0.8_7.C	53	7.200	30.100	0.131
BPP_100_125_0.1_0.8_7.C	53	7.000	30.000	0.129
BPP_100_125_0.1_0.8_7.C	53	6.400	29.700	0.130
BPP_100_125_0.1_0.8_7.C	53	6.400	29.700	0.132
BPP_100_125_0.1_0.8_7.C	53	6.200	29.600	0.129
BPP_100_125_0.1_0.8_7.C	53	6.400	29.700	0.129
BPP_100_125_0.1_0.8_7.C	53	6.200	29.600	0.130
BPP_100_125_0.1_0.8_7.C	53	6.400	29.700	0.131
BPP_100_125_0.1_0.8_7.C	53	6.400	29.700	0.130
BPP_100_125_0.1_0.8_8.C	44	2.200	23.100	0.105
BPP_100_125_0.1_0.8_8.C	43	2.600	22.800	0.107
BPP_100_125_0.1_0.8_8.C	44	2.200	23.100	0.105
BPP_100_125_0.1_0.8_8.C	44	2.200	23.100	0.107
BPP_100_125_0.1_0.8_8.C	43	2.400	22.700	0.105
BPP_100_125_0.1_0.8_8.C	44	2.200	23.100	0.106
BPP_100_125_0.1_0.8_8.C	43	3.000	23.000	0.108
BPP_100_125_0.1_0.8_8.C	44	2.200	23.100	0.106
BPP_100_125_0.1_0.8_8.C	43	2.800	22.900	0.109
BPP_100_125_0.1_0.8_8.C	43	3.200	23.100	0.106
BPP_100_125_0.1_0.8_9.C	48	2.200	25.100	0.113
BPP_100_125_0.1_0.8_9.C	48	2.200	25.100	0.114
BPP_100_125_0.1_0.8_9.C	48	2.200	25.100	0.113
BPP_100_125_0.1_0.8_9.C	48	2.200	25.100	0.113
BPP_100_125_0.1_0.8_9.C	48	2.200	25.100	0.113
BPP_100_125_0.1_0.8_9.C	48	2.200	25.100	0.114
BPP_100_125_0.1_0.8_9.C	48	2.200	25.100	0.113
BPP_100_125_0.1_0.8_9.C	48	2.200	25.100	0.112
BPP_100_125_0.1_0.8_9.C	48	2.200	25.100	0.111
BPP_100_125_0.1_0.8_9.C	48	2.200	25.100	0.116
BPP_100_150_0.1_0.8_0.C	56	3.800	29.900	0.156
BPP_100_150_0.1_0.8_0.C	56	3.800	29.900	0.154
BPP_100_150_0.1_0.8_0.C	56	3.800	29.900	0.155
BPP_100_150_0.1_0.8_0.C	56	3.800	29.900	0.154
BPP_100_150_0.1_0.8_0.C	56	3.600	29.800	0.156
BPP_100_150_0.1_0.8_0.C	56	3.600	29.800	0.157
BPP_100_150_0.1_0.8_0.C	56	3.800	29.900	0.154
BPP_100_150_0.1_0.8_0.C	56	3.600	29.800	0.156
BPP_100_150_0.1_0.8_0.C	56	3.600	29.800	0.155
BPP_100_150_0.1_0.8_0.C	56	3.800	29.900	0.154
BPP_100_150_0.1_0.8_1.C	47	3.000	25.000	0.136
BPP_100_150_0.1_0.8_1.C	47	3.200	25.100	0.135
BPP_100_150_0.1_0.8_1.C	47	3.000	25.000	0.141
BPP_100_150_0.1_0.8_1.C	47	4.000	25.500	0.136
BPP_100_150_0.1_0.8_1.C	47	3.000	25.000	0.135
BPP_100_150_0.1_0.8_1.C	47	3.000	25.000	0.140
BPP_100_150_0.1_0.8_1.C	47	3.400	25.200	0.138
BPP_100_150_0.1_0.8_1.C	47	4.400	25.700	0.135
BPP_100_150_0.1_0.8_1.C	47	3.200	25.100	0.136
BPP_100_150_0.1_0.8_1.C	47	3.000	25.000	0.140
BPP_100_150_0.1_0.8_2.C	44	4.400	24.200	0.129
BPP_100_150_0.1_0.8_2.C	44	4.400	24.200	0.128
BPP_100_150_0.1_0.8_2.C	44	4.400	24.200	0.128
BPP_100_150_0.1_0.8_2.C	44	4.400	24.200	0.128
BPP_100_150_0.1_0.8_2.C	43	5.200	24.100	0.129
BPP_100_150_0.1_0.8_2.C	44	4.400	24.200	0.129
BPP_100_150_0.1_0.8_2.C	44	4.400	24.200	0.129
BPP_100_150_0.1_0.8_2.C	44	4.400	24.200	0.128
BPP_100_150_0.1_0.8_2.C	44	4.400	24.200	0.128
BPP_100_150_0.1_0.8_2.C	43	5.000	24.000	0.129
BPP_100_150_0.1_0.8_3.C	45	1.600	23.300	0.129
BPP_100_150_0.1_0.8_3.C	45	1.600	23.300	0.132
BPP_100_150_0.1_0.8_3.C	45	1.600	23.300	0.129
BPP_100_150_0.1_0.8_3.C	45	1.600	23.300	0.132
BPP_100_150_0.1_0.8_3.C	45	1.600	23.300	0.132
BPP_100_150_0.1_0.8_3.C	45	1.600	23.300	0.130
BPP_100_150_0.1_0.8_3.C	45	1.600	23.300	0.129
BPP_100_150_0.1_0.8_3.C	45	1.600	23.300	0.129
BPP_100_150_0.1_0.8_3.C	45	1.600	23.300	0.131
BPP_100_150_0.1_0.8_3.C	45	1.600	23.300	0.129
BPP_100_150_0.1_0.8_4.C	51	1.600	26.300	0.142
BPP_100_150_0.1_0.8_4.C	50	1.600	25.800	0.141
BPP_100_150_0.1_0.8_4.C	51	1.600	26.300	0.143
BPP_100_150_0.1_0.8_4.C	51	1.600	26.300	0.142
BPP_100_150_0.1_0.8_4.C	51	1.600	26.300	0.143
BPP_100_150_0.1_0.8_4.C	51	1.600	26.300	0.143
BPP_100_150_0.1_0.8_4.C	51	1.600	26.300	0.144
BPP_100_150_0.1_0.8_4.C	51	1.600	26.300	0.144
BPP_100_150_0.1_0.8_4.C	51	1.600	26.300	0.143
BPP_100_150_0.1_0.8_4.C	51	1.600	26.300	0.143
BPP_100_150_0.1_0.8_5.C	48	3.600	25.800	0.145
BPP_100_150_0.1_0.8_5.C	48	3.800	25.900	0.141
BPP_100_150_0.1_0.8_5.C	48	3.600	25.800	0.143
BPP_100_150_0.1_0.8_5.C	48	3.800	25.900	0.142
BPP_100_150_0.1_0.8_5.C	48	3.600	25.800	0.145
BPP_100_150_0.1_0.8_5.C	48	3.600	25.800	0.140
BPP_100_150_0.1_0.8_5.C	48	3.800	25.900	0.139
BPP_100_150_0.1_0.8_5.C	48	3.800	25.900	0.140
BPP_100_150_0.1_0.8_5.C	48	4.200	26.100	0.138
BPP_100_150_0.1_0.8_5.C	48	3.600	25.800	0.141
BPP_100_150_0.1_0.8_6.C	46	0.600	23.300	0.134
BPP_100_150_0.1_0.8_6.C	46	0.600	23.300	0.135
BPP_100_150_0.1_0.8_6.C	46	0.600	23.300	0.132
BPP_100_150_0.1_0.8_6.C	46	0.600	23.300	0.134
BPP_100_150_0.1_0.8_6.C	46	0.600	23.300	0.136
BPP_100_150_0.1_0.8_6.C	46	0.600	23.300	0.133
BPP_100_150_0.1_0.8_6.C	46	0.400	23.200	0.133
BPP_100_150_0.1_0.8_6.C	46	0.600	23.300	0.136
BPP_100_150_0.1_0.8_6.C	46	0.600	23.300	0.133
BPP_100_150_0.1_0.8_6.C	46	0.600	23.300	0.133
BPP_100_150_0.1_0.8_7.C	48	1.200	24.600	0.138
BPP_100_150_0.1_0.8_7.C	48	1.200	24.600	0.136
BPP_100_150_0.1_0.8_7.C	48	1.200	24.600	0.137
BPP_100_150_0.1_0.8_7.C	48	1.200	24.600	0.137
BPP_100_150_0.1_0.8_7.C	48	1.200	24.600	0.137
BPP_100_150_0.1_0.8_7.C	48	1.200	24.600	0.138
BPP_100_150_0.1_0.8_7.C	47	1.600	24.300	0.139
BPP_100_150_0.1_0.8_7.C	48	1.200	24.600	0.137
BPP_100_150_0.1_0.8_7.C	48	1.200	24.600	0.136
BPP_100_150_0.1_0.8_7.C	48	1.200	24.600	0.137
BPP_100_150_0.1_0.8_8.C	48	1.200	24.600	0.141
BPP_100_150_0.1_0.8_8.C	48	1.400	24.700	0.142
BPP_100_150_0.1_0.8_8.C	48	1.600	24.800	0.139
BPP_100_150_0.1_0.8_8.C	48	1.200	24.600	0.145
BPP_100_150_0.1_0.8_8.C	48	1.200	24.600	0.138
BPP_100_150_0.1_0.8_8.C	48	1.200	24.600	0.141
BPP_100_150_0.1_0.8_8.C	48	1.200	24.600	0.141
BPP_100_150_0.1_0.8_8.C	48	1.400	24.700	0.139
BPP_100_150_0.1_0.8_8.C	48	1.600	24.800	0.140
BPP_100_150_0.1_0.8_8.C	48	1.200	24.600	0.142
BPP_100_150_0.1_0.8_9.C	46	0.200	23.100	0.133
BPP_100_150_0.1_0.8_9.C	46	0.200	23.100	0.133
BPP_100_150_0.1_0.8_9.C	46	0.200	23.100	0.137
BPP_100_150_0.1_0.8_9.C	46	0.200	23.100	0.131
BPP_100_150_0.1_0.8_9.C	46	0.200	23.100	0.130
BPP_100_150_0.1_0.8_9.C	46	0.200	23.100	0.132
BPP_100_150_0.1_0.8_9.C	46	0.400	23.200	0.132
BPP_100_150_0.1_0.8_9.C	46	0.200	23.100	0.135
BPP_100_150_0.1_0.8_9.C	46	0.200	23.100	0.132
BPP_100_150_0.1_0.8_9.C	46	0.200	23.100	0.132
BPP_100_200_0.1_0.8_0.C	47	4.000	25.500	0.175
BPP_100_200_0.1_0.8_0.C	47	3.600	25.300	0.176
BPP_100_200_0.1_0.8_0.C	47	3.800	25.400	0.174
BPP_100_200_0.1_0.8_0.C	47	4.000	25.500	0.175
BPP_100_200_0.1_0.8_0.C	47	4.000	25.500	0.175
BPP_100_200_0.1_0.8_0.C	47	3.800	25.400	0.172
BPP_100_200_0.1_0.8_0.C	47	3.800	25.400	0.174
BPP_100_200_0.1_0.8_0.C	47	4.000	25.500	0.176
BPP_100_200_0.1_0.8_0.C	47	4.000	25.500	0.175
BPP_100_200_0.1_0.8_0.C	47	4.000	25.500	0.177
BPP_100_200_0.1_0.8_1.C	50	5.400	27.700	0.181
BPP_100_200_0.1_0.8_1.C	50	5.600	27.800	0.184
BPP_100_200_0.1_0.8_1.C	50	4.400	27.200	0.186
BPP_100_200_0.1_0.8_1.C	50	5.400	27.700	0.184
BPP_100_200_0.1_0.8_1.C	50	4.600	27.300	0.190
BPP_100_200_0.1_0.8_1.C	50	5.600	27.800	0.182
BPP_100_200_0.1_0.8_1.C	50	4.600	27.300	0.188
BPP_100_200_0.1_0.8_1.C	50	5.600	27.800	0.182
BPP_100_200_0.1_0.8_1.C	50	4.600	27.300	0.196
BPP_100_200_0.1_0.8_1.C	50	5.400	27.700	0.185
BPP_100_200_0.1_0.8_2.C	46	2.400	24.200	0.169
BPP_100_200_0.1_0.8_2.C	46	2.600	24.300	0.172
BPP_100_200_0.1_0.8_2.C	46	2.400	24.200	0.172
BPP_100_200_0.1_0.8_2.C	46	2.600	24.300	0.171
BPP_100_200_0.1_0.8_2.C	46	2.200	24.100	0.169
BPP_100_200_0.1_0.8_2.C	46	2.600	24.300	0.171
BPP_100_200_0.1_0.8_2.C	46	2.600	24.300	0.168
BPP_100_200_0.1_0.8_2.C	46	2.400	24.200	0.169
BPP_100_200_0.1_0.8_2.C	46	2.600	24.300	0.171
BPP_100_200_0.1_0.8_2.C	46	2.600	24.300	0.173
BPP_100_200_0.1_0.8_3.C	45	2.600	23.800	0.169
BPP_100_200_0.1_0.8_3.C	45	2.200	23.600	0.165
BPP_100_200_0.1_0.8_3.C	45	2.200	23.600	0.171
BPP_100_200_0.1_0.8_3.C	45	2.200	23.600	0.174
BPP_100_200_0.1_0.8_3.C	45	2.200	23.600	0.171
BPP_100_200_0.1_0.8_3.C	45	2.200	23.600	0.173
BPP_100_200_0.1_0.8_3.C	45	2.200	23.600	0.169
BPP_100_200_0.1_0.8_3.C	45	2.200	23.600	0.168
BPP_100_200_0.1_0.8_3.C	45	2.200	23.600	0.169
BPP_100_200_0.1_0.8_3.C	45	2.400	23.700	0.168
BPP_100_200_0.1_0.8_4.C	47	2.600	24.800	0.175
BPP_100_200_0.1_0.8_4.C	47	2.600	24.800	0.178
BPP_100_200_0.1_0.8_4.C	47	2.600	24.800	0.176
BPP_100_200_0.1_0.8_4.C	47	2.400	24.700	0.177
BPP_100_200_0.1_0.8_4.C	47	2.400	24.700	0.174
BPP_100_200_0.1_0.8_4.C	47	2.800	24.900	0.174
BPP_100_200_0.1_0.8_4.C	47	2.400	24.700	0.173
BPP_100_200_0.1_0.8_4.C	47	2.600	24.800	0.171
BPP_100_200_0.1_0.8_4.C	47	2.600	24.800	0.177
BPP_100_200_0.1_0.8_4.C	47	2.600	24.800	0.174
BPP_100_200_0.1_0.8_5.C	53	6.400	29.700	0.190
BPP_100_200_0.1_0.8_5.C	52	7.400	29.700	0.190
BPP_100_200_0.1_0.8_5.C	52	7.200	29.600	0.194
BPP_100_200_0.1_0.8_5.C	52	7.400	29.700	0.189
BPP_100_200_0.1_0.8_5.C	53	6.400	29.700	0.192
BPP_100_200_0.1_0.8_5.C	52	7.400	29.700	0.190
BPP_100_200_0.1_0.8_5.C	52	7.400	29.700	0.189
BPP_100_200_0.1_0.8_5.C	53	6.200	29.600	0.192
BPP_100_200_0.1_0.8_5.C	52	7.400	29.700	0.189
BPP_100_200_0.1_0.8_5.C	53	6.400	29.700	0.192
BPP_100_200_0.1_0.8_6.C	52	3.400	27.700	0.191
BPP_100_200_0.1_0.8_6.C	52	3.400	27.700	0.188
BPP_100_200_0.1_0.8_6.C	52	3.400	27.700	0.184
BPP_100_200_0.1_0.8_6.C	52	3.400	27.700	0.188
BPP_100_200_0.1_0.8_6.C	52	3.400	27.700	0.185
BPP_100_200_0.1_0.8_6.C	52	3.400	27.700	0.186
BPP_100_200_0.1_0.8_6.C	52	3.200	27.600	0.186
BPP_100_200_0.1_0.8_6.C	52	3.400	27.700	0.188
BPP_100_200_0.1_0.8_6.C	52	3.400	27.700	0.187
BPP_100_200_0.1_0.8_6.C	52	3.200	27.600	0.188
BPP_100_200_0.1_0.8_7.C	46	5.600	25.800	0.174
BPP_100_200_0.1_0.8_7.C	46	5.600	25.800	0.171
BPP_100_200_0.1_0.8_7.C	46	5.800	25.900	0.173
BPP_100_200_0.1_0.8_7.C	46	5.800	25.900	0.173
BPP_100_200_0.1_0.8_7.C	46	5.800	25.900	0.171
BPP_100_200_0.1_0.8_7.C	46	5.600	25.800	0.173
BPP_100_200_0.1_0.8_7.C	46	5.800	25.900	0.170
BPP_100_200_0.1_0.8_7.C	46	5.800	25.900	0.174
BPP_100_200_0.1_0.8_7.C	46	5.800	25.900	0.174
BPP_100_200_0.1_0.8_7.C	46	5.800	25.900	0.175
BPP_100_200_0.1_0.8_8.C	52	2.800	27.400	0.196
BPP_100_200_0.1_0.8_8.C	52	2.800	27.400	0.191
BPP_100_200_0.1_0.8_8.C	53	2.800	27.900	0.190
BPP_100_200_0.1_0.8_8.C	52	2.800	27.400	0.189
BPP_100_200_0.1_0.8_8.C	53	2.800	27.900	0.190
BPP_100_200_0.1_0.8_8.C	53	2.800	27.900	0.189
BPP_100_200_0.1_0.8_8.C	53	2.800	27.900	0.192
BPP_100_200_0.1_0.8_8.C	52	3.000	27.500	0.192
BPP_100_200_0.1_0.8_8.C	53	2.800	27.900	0.190
BPP_100_200_0.1_0.8_8.C	52	2.800	27.400	0.191
BPP_100_200_0.1_0.8_9.C	58	4.000	31.000	0.241
BPP_100_200_0.1_0.8_9.C	58	4.000	31.000	0.207
BPP_100_200_0.1_0.8_9.C	58	4.000	31.000	0.207
BPP_100_200_0.1_0.8_9.C	58	4.000	31.000	0.210
BPP_100_200_0.1_0.8_9.C	58	3.400	30.700	0.227
BPP_100_200_0.1_0.8_9.C	58	4.200	31.100	0.211
BPP_100_200_0.1_0.8_9.C	58	4.000	31.000	0.211
BPP_100_200_0.1_0.8_9.C	58	4.000	31.000	0.210
BPP_100_200_0.1_0.8_9.C	57	4.000	30.500	0.207
BPP_100_200_0.1_0.8_9.C	58	4.000	31.000	0.209
BPP_100_300_0.1_0.8_0.C	46	2.200	24.100	0.272
BPP_100_300_0.1_0.8_0.C	46	2.800	24.400	0.275
BPP_100_300_0.1_0.8_0.C	46	2.800	24.400	0.269
BPP_100_300_0.1_0.8_0.C	46	2.800	24.400	0.269
BPP_100_300_0.1_0.8_0.C	46	2.400	24.200	0.271
BPP_100_300_0.1_0.8_0.C	46	2.800	24.400	0.272
BPP_100_300_0.1_0.8_0.C	46	2.200	24.100	0.274
BPP_100_300_0.1_0.8_0.C	46	2.400	24.200	0.272
BPP_100_300_0.1_0.8_0.C	46	2.600	24.300	0.272
BPP_100_300_0.1_0.8_0.C	46	2.200	24.100	0.271
BPP_100_300_0.1_0.8_1.C	44	2.600	23.300	0.262
BPP_100_300_0.1_0.8_1.C	44	2.400	23.200	0.256
BPP_100_300_0.1_0.8_1.C	44	2.600	23.300	0.255
BPP_100_300_0.1_0.8_1.C	44	2.600	23.300	0.256
BPP_100_300_0.1_0.8_1.C	44	2.600	23.300	0.253
BPP_100_300_0.1_0.8_1.C	44	2.600	23.300	0.258
BPP_100_300_0.1_0.8_1.C	44	2.400	23.200	0.256
BPP_100_300_0.1_0.8_1.C	44	2.600	23.300	0.260
BPP_100_300_0.1_0.8_1.C	44	2.600	23.300	0.255
BPP_100_300_0.1_0.8_1.C	44	2.400	23.200	0.256
BPP_100_300_0.1_0.8_2.C	47	6.400	26.700	0.275
BPP_100_300_0.1_0.8_2.C	47	6.200	26.600	0.274
BPP_100_300_0.1_0.8_2.C	47	6.400	26.700	0.275
BPP_100_300_0.1_0.8_2.C	47	6.200	26.600	0.275
BPP_100_300_0.1_0.8_2.C	47	6.400	26.700	0.278
BPP_100_300_0.1_0.8_2.C	47	6.200	26.600	0.271
BPP_100_300_0.1_0.8_2.C	47	6.400	26.700	0.270
BPP_100_300_0.1_0.8_2.C	47	6.200	26.600	0.276
BPP_100_300_0.1_0.8_2.C	47	6.200	26.600	0.271
BPP_100_300_0.1_0.8_2.C	47	6.400	26.700	0.305
BPP_100_300_0.1_0.8_3.C	51	7.600	29.300	0.285
BPP_100_300_0.1_0.8_3.C	51	7.600	29.300	0.306
BPP_100_300_0.1_0.8_3.C	50	8.200	29.100	0.291
BPP_100_300_0.1_0.8_3.C	51	7.600	29.300	0.290
BPP_100_300_0.1_0.8_3.C	50	8.200	29.100	0.306
BPP_100_300_0.1_0.8_3.C	51	7.600	29.300	0.290
BPP_100_300_0.1_0.8_3.C	51	7.600	29.300	0.290
BPP_100_300_0.1_0.8_3.C	50	8.200	29.100	0.290
BPP_100_300_0.1_0.8_3.C	50	8.400	29.200	0.292
BPP_100_300_0.1_0.8_3.C	50	8.000	29.000	0.305
BPP_100_300_0.1_0.8_4.C	44	3.000	23.500	0.306
BPP_100_300_0.1_0.8_4.C	44	3.000	23.500	0.265
BPP_100_300_0.1_0.8_4.C	44	3.000	23.500	0.280
BPP_100_300_0.1_0.8_4.C	44	3.000	23.500	0.271
BPP_100_300_0.1_0.8_4.C	44	3.200	23.600	0.272
BPP_100_300_0.1_0.8_4.C	44	3.000	23.500	0.261
BPP_100_300_0.1_0.8_4.C	44	3.000	23.500	0.254
BPP_100_300_0.1_0.8_4.C	44	3.000	23.500	0.260
BPP_100_300_0.1_0.8_4.C	44	3.200	23.600	0.258
BPP_100_300_0.1_0.8_4.C	44	3.400	23.700	0.258
BPP_100_300_0.1_0.8_5.C	53	2.400	27.700	0.298
BPP_100_300_0.1_0.8_5.C	53	2.400	27.700	0.299
BPP_100_300_0.1_0.8_5.C	53	2.400	27.700	0.300
BPP_100_300_0.1_0.8_5.C	53	2.800	27.900	0.305
BPP_100_300_0.1_0.8_5.C	53	2.400	27.700	0.305
BPP_100_300_0.1_0.8_5.C	53	3.200	28.100	0.295
BPP_100_300_0.1_0.8_5.C	53	2.400	27.700	0.300
BPP_100_300_0.1_0.8_5.C	53	2.400	27.700	0.300
BPP_100_300_0.1_0.8_5.C	53	2.400	27.700	0.299
BPP_100_300_0.1_0.8_5.C	53	2.400	27.700	0.302
BPP_100_300_0.1_0.8_6.C	44	2.000	23.000	0.257
BPP_100_300_0.1_0.8_6.C	44	2.200	23.100	0.255
BPP_100_300_0.1_0.8_6.C	44	2.200	23.100	0.255
BPP_100_300_0.1_0.8_6.C	44	2.200	23.100	0.262
BPP_100_300_0.1_0.8_6.C	44	2.000	23.000	0.256
BPP_100_300_0.1_0.8_6.C	44	2.200	23.100	0.258
BPP_100_300_0.1_0.8_6.C	44	2.000	23.000	0.335
BPP_100_300_0.1_0.8_6.C	44	2.000	23.000	0.260
BPP_100_300_0.1_0.8_6.C	44	1.800	22.900	0.257
BPP_100_300_0.1_0.8_6.C	44	2.200	23.100	0.256
BPP_100_300_0.1_0.8_7.C	51	2.200	26.600	0.297
BPP_100_300_0.1_0.8_7.C	50	3.200	26.600	0.288
BPP_100_300_0.1_0.8_7.C	50	2.600	26.300	0.290
BPP_100_300_0.1_0.8_7.C	50	2.200	26.100	0.301
BPP_100_300_0.1_0.8_7.C	51	3.200	27.100	0.288
BPP_100_300_0.1_0.8_7.C	50	2.400	26.200	0.299
BPP_100_300_0.1_0.8_7.C	50	2.200	26.100	0.291
BPP_100_300_0.1_0.8_7.C	50	2.200	26.100	0.295
BPP_100_300_0.1_0.8_7.C	51	3.200	27.100	0.293
BPP_100_300_0.1_0.8_7.C	50	3.200	26.600	0.284
BPP_100_300_0.1_0.8_8.C	48	1.000	24.500	0.270
BPP_100_300_0.1_0.8_8.C	48	1.000	24.500	0.275
BPP_100_300_0.1_0.8_8.C	48	1.000	24.500	0.275
BPP_100_300_0.1_0.8_8.C	48	1.000	24.500	0.268
BPP_100_300_0.1_0.8_8.C	48	1.000	24.500	0.271
BPP_100_300_0.1_0.8_8.C	48	1.000	24.500	0.266
BPP_100_300_0.1_0.8_8.C	48	1.000	24.500	0.268
BPP_100_300_0.1_0.8_8.C	48	1.000	24.500	0.269
BPP_100_300_0.1_0.8_8.C	48	1.000	24.500	0.266
BPP_100_300_0.1_0.8_8.C	48	1.000	24.500	0.268
BPP_100_300_0.1_0.8_9.C	47	0.400	23.700	0.274
BPP_100_300_0.1_0.8_9.C	47	0.400	23.700	0.280
BPP_100_300_0.1_0.8_9.C	47	0.400	23.700	0.272
BPP_100_300_0.1_0.8_9.C	47	0.400	23.700	0.272
BPP_100_300_0.1_0.8_9.C	47	0.400	23.700	0.273
BPP_100_300_0.1_0.8_9.C	47	0.400	23.700	0.272
BPP_100_300_0.1_0.8_9.C	47	0.400	23.700	0.273
BPP_100_300_0.1_0.8_9.C	47	0.400	23.700	0.276
BPP_100_300_0.1_0.8_9.C	47	0.400	23.700	0.273
BPP_100_300_0.1_0.8_9.C	47	0.400	23.700	0.275
BPP_100_400_0.1_0.8_0.C	46	2.400	24.200	0.414
BPP_100_400_0.1_0.8_0.C	46	2.400	24.200	0.377
BPP_100_400_0.1_0.8_0.C	46	2.200	24.100	0.378
BPP_100_400_0.1_0.8_0.C	46	2.200	24.100	0.403
BPP_100_400_0.1_0.8_0.C	46	2.000	24.000	0.373
BPP_100_400_0.1_0.8_0.C	46	2.400	24.200	0.373
BPP_100_400_0.1_0.8_0.C	46	3.000	24.500	0.377
BPP_100_400_0.1_0.8_0.C	46	2.000	24.000	0.374
BPP_100_400_0.1_0.8_0.C	46	2.200	24.100	0.378
BPP_100_400_0.1_0.8_0.C	46	2.800	24.400	0.372
BPP_100_400_0.1_0.8_1.C	46	3.600	24.800	0.386
BPP_100_400_0.1_0.8_1.C	46	3.400	24.700	0.395
BPP_100_400_0.1_0.8_1.C	46	3.600	24.800	0.383
BPP_100_400_0.1_0.8_1.C	46	3.800	24.900	0.384
BPP_100_400_0.1_0.8_1.C	46	3.600	24.800	0.403
BPP_100_400_0.1_0.8_1.C	46	3.600	24.800	0.386
BPP_100_400_0.1_0.8_1.C	46	3.200	24.600	0.390
BPP_100_400_0.1_0.8_1.C	46	3.600	24.800	0.399
BPP_100_400_0.1_0.8_1.C	46	3.800	24.900	0.388
BPP_100_400_0.1_0.8_1.C	47	2.800	24.900	0.398
BPP_100_400_0.1_0.8_2.C	48	2.400	25.200	0.390
BPP_100_400_0.1_0.8_2.C	48	2.400	25.200	0.389
BPP_100_400_0.1_0.8_2.C	48	2.400	25.200	0.389
BPP_100_400_0.1_0.8_2.C	48	2.400	25.200	0.391
BPP_100_400_0.1_0.8_2.C	48	2.400	25.200	0.393
BPP_100_400_0.1_0.8_2.C	48	2.400	25.200	0.390
BPP_100_400_0.1_0.8_2.C	48	2.400	25.200	0.388
BPP_100_400_0.1_0.8_2.C	48	2.400	25.200	0.393
BPP_100_400_0.1_0.8_2.C	48	2.400	25.200	0.392
BPP_100_400_0.1_0.8_2.C	48	2.400	25.200	0.392
BPP_100_400_0.1_0.8_3.C	49	2.400	25.700	0.395
BPP_100_400_0.1_0.8_3.C	49	2.400	25.700	0.390
BPP_100_400_0.1_0.8_3.C	49	2.400	25.700	0.394
BPP_100_400_0.1_0.8_3.C	49	2.400	25.700	0.391
BPP_100_400_0.1_0.8_3.C	49	2.400	25.700	0.391
BPP_100_400_0.1_0.8_3.C	49	2.400	25.700	0.387
BPP_100_400_0.1_0.8_3.C	49	2.400	25.700	0.389
BPP_100_400_0.1_0.8_3.C	49	2.400	25.700	0.395
BPP_100_400_0.1_0.8_3.C	49	2.400	25.700	0.391
BPP_100_400_0.1_0.8_3.C	49	2.400	25.700	0.391
BPP_100_400_0.1_0.8_4.C	48	1.600	24.800	0.393
BPP_100_400_0.1_0.8_4.C	48	1.600	24.800	0.391
BPP_100_400_0.1_0.8_4.C	48	1.600	24.800	0.393
BPP_100_400_0.1_0.8_4.C	48	1.400	24.700	0.391
BPP_100_400_0.1_0.8_4.C	49	1.400	25.200	0.393
BPP_100_400_0.1_0.8_4.C	48	1.600	24.800	0.391
BPP_100_400_0.1_0.8_4.C	48	1.400	24.700	0.392
BPP_100_400_0.1_0.8_4.C	48	1.400	24.700	0.391
BPP_100_400_0.1_0.8_4.C	49	1.400	25.200	0.392
BPP_100_400_0.1_0.8_4.C	48	1.600	24.800	0.398
BPP_100_400_0.1_0.8_5.C	46	1.400	23.700	0.430
BPP_100_400_0.1_0.8_5.C	46	1.400	23.700	0.386
BPP_100_400_0.1_0.8_5.C	46	1.400	23.700	0.402
BPP_100_400_0.1_0.8_5.C	46	1.400	23.700	0.386
BPP_100_400_0.1_0.8_5.C	46	1.400	23.700	0.394
BPP_100_400_0.1_0.8_5.C	46	1.400	23.700	0.407
BPP_100_400_0.1_0.8_5.C	46	1.400	23.700	0.400
BPP_100_400_0.1_0.8_5.C	46	1.400	23.700	0.393
BPP_100_400_0.1_0.8_5.C	46	1.400	23.700	0.384
BPP_100_400_0.1_0.8_5.C	46	1.400	23.700	0.393
BPP_100_400_0.1_0.8_6.C	49	0.400	24.700	0.408
BPP_100_400_0.1_0.8_6.C	49	0.400	24.700	0.413
BPP_100_400_0.1_0.8_6.C	49	0.400	24.700	0.422
BPP_100_400_0.1_0.8_6.C	49	0.400	24.700	0.441
BPP_100_400_0.1_0.8_6.C	49	0.400	24.700	0.394
BPP_100_400_0.1_0.8_6.C	49	0.400	24.700	0.395
BPP_100_400_0.1_0.8_6.C	49	0.400	24.700	0.397
BPP_100_400_0.1_0.8_6.C	49	0.400	24.700	0.402
BPP_100_400_0.1_0.8_6.C	50	0.400	25.200	0.396
BPP_100_400_0.1_0.8_6.C	49	0.400	24.700	0.399
BPP_100_400_0.1_0.8_7.C	48	1.400	24.700	0.395
BPP_100_400_0.1_0.8_7.C	48	1.400	24.700	0.391
BPP_100_400_0.1_0.8_7.C	48	1.400	24.700	0.388
BPP_100_400_0.1_0.8_7.C	48	1.600	24.800	0.490
BPP_100_400_0.1_0.8_7.C	48	1.400	24.700	0.506
BPP_100_400_0.1_0.8_7.C	48	1.400	24.700	0.407
BPP_100_400_0.1_0.8_7.C	48	1.400	24.700	0.400
BPP_100_400_0.1_0.8_7.C	48	1.400	24.700	0.431
BPP_100_400_0.1_0.8_7.C	48	1.400	24.700	0.411
BPP_100_400_0.1_0.8_7.C	48	1.400	24.700	0.408
BPP_100_400_0.1_0.8_8.C	49	5.200	27.100	0.414
BPP_100_400_0.1_0.8_8.C	49	5.000	27.000	0.400
BPP_100_400_0.1_0.8_8.C	49	5.000	27.000	0.401
BPP_100_400_0.1_0.8_8.C	49	5.000	27.000	0.490
BPP_100_400_0.1_0.8_8.C	49	5.000	27.000	0.433
BPP_100_400_0.1_0.8_8.C	49	5.000	27.000	0.414
BPP_100_400_0.1_0.8_8.C	48	5.000	26.500	0.406
BPP_100_400_0.1_0.8_8.C	49	5.200	27.100	0.396
BPP_100_400_0.1_0.8_8.C	49	5.000	27.000	0.442
BPP_100_400_0.1_0.8_8.C	48	4.800	26.400	0.417
BPP_100_400_0.1_0.8_9.C	49	2.200	25.600	0.412
BPP_100_400_0.1_0.8_9.C	49	2.000	25.500	0.403
BPP_100_400_0.1_0.8_9.C	49	2.200	25.600	0.423
BPP_100_400_0.1_0.8_9.C	49	2.200	25.600	0.409
BPP_100_400_0.1_0.8_9.C	49	2.200	25.600	0.407
BPP_100_400_0.1_0.8_9.C	49	2.200	25.600	0.417
BPP_100_400_0.1_0.8_9.C	49	2.200	25.600	0.410
BPP_100_400_0.1_0.8_9.C	49	2.000	25.500	0.413
BPP_100_400_0.1_0.8_9.C	49	2.200	25.600	0.410
BPP_100_400_0.1_0.8_9.C	49	2.200	25.600	0.404
BPP_100_500_0.1_0.8_0.C	44	3.800	23.900	0.400
BPP_100_500_0.1_0.8_0.C	44	3.800	23.900	0.404
BPP_100_500_0.1_0.8_0.C	44	3.800	23.900	0.403
BPP_100_500_0.1_0.8_0.C	44	4.000	24.000	0.418
BPP_100_500_0.1_0.8_0.C	44	4.000	24.000	0.439
BPP_100_500_0.1_0.8_0.C	44	3.800	23.900	0.407
BPP_100_500_0.1_0.8_0.C	44	3.800	23.900	0.430
BPP_100_500_0.1_0.8_0.C	44	3.800	23.900	0.432
BPP_100_500_0.1_0.8_0.C	44	3.800	23.900	0.465
BPP_100_500_0.1_0.8_0.C	44	3.800	23.900	0.508
BPP_100_500_0.1_0.8_1.C	50	1.600	25.800	0.471
BPP_100_500_0.1_0.8_1.C	50	1.600	25.800	0.481
BPP_100_500_0.1_0.8_1.C	50	1.600	25.800	0.488
BPP_100_500_0.1_0.8_1.C	50	1.600	25.800	0.503
BPP_100_500_0.1_0.8_1.C	50	1.600	25.800	0.532
BPP_100_500_0.1_0.8_1.C	50	1.600	25.800	0.455
BPP_100_500_0.1_0.8_1.C	50	1.600	25.800	0.496
BPP_100_500_0.1_0.8_1.C	50	1.600	25.800	0.444
BPP_100_500_0.1_0.8_1.C	50	1.600	25.800	0.477
BPP_100_500_0.1_0.8_1.C	50	1.600	25.800	0.453
BPP_100_500_0.1_0.8_2.C	47	0.200	23.600	0.425
BPP_100_500_0.1_0.8_2.C	47	0.200	23.600	0.427
BPP_100_500_0.1_0.8_2.C	47	0.200	23.600	0.428
BPP_100_500_0.1_0.8_2.C	47	0.200	23.600	0.428
BPP_100_500_0.1_0.8_2.C	47	0.200	23.600	0.432
BPP_100_500_0.1_0.8_2.C	47	0.200	23.600	0.425
BPP_100_500_0.1_0.8_2.C	47	0.200	23.600	0.425
BPP_100_500_0.1_0.8_2.C	47	0.200	23.600	0.419
BPP_100_500_0.1_0.8_2.C	47	0.200	23.600	0.423
BPP_100_500_0.1_0.8_2.C	47	0.200	23.600	0.427
BPP_100_500_0.1_0.8_3.C	50	11.600	30.800	0.454
BPP_100_500_0.1_0.8_3.C	51	10.600	30.800	0.453
BPP_100_500_0.1_0.8_3.C	50	11.000	30.500	0.457
BPP_100_500_0.1_0.8_3.C	51	10.600	30.800	0.453
BPP_100_500_0.1_0.8_3.C	51	10.600	30.800	0.454
BPP_100_500_0.1_0.8_3.C	49	11.800	30.400	0.465
BPP_100_500_0.1_0.8_3.C	49	12.000	30.500	0.493
BPP_100_500_0.1_0.8_3.C	51	10.600	30.800	0.463
BPP_100_500_0.1_0.8_3.C	50	11.200	30.600	0.458
BPP_100_500_0.1_0.8_3.C	49	12.400	30.700	0.682
BPP_100_500_0.1_0.8_4.C	48	6.600	27.300	0.568
BPP_100_500_0.1_0.8_4.C	49	6.800	27.900	0.662
BPP_100_500_0.1_0.8_4.C	48	7.800	27.900	0.455
BPP_100_500_0.1_0.8_4.C	48	7.400	27.700	0.436
BPP_100_500_0.1_0.8_4.C	48	7.400	27.700	0.438
BPP_100_500_0.1_0.8_4.C	48	6.600	27.300	0.439
BPP_100_500_0.1_0.8_4.C	48	6.800	27.400	0.440
BPP_100_500_0.1_0.8_4.C	48	6.600	27.300	0.445
BPP_100_500_0.1_0.8_4.C	48	7.400	27.700	0.442
BPP_100_500_0.1_0.8_4.C	48	6.800	27.400	0.435
BPP_100_500_0.1_0.8_5.C	54	1.000	27.500	0.484
BPP_100_500_0.1_0.8_5.C	54	1.000	27.500	0.483
BPP_100_500_0.1_0.8_5.C	54	1.000	27.500	0.478
BPP_100_500_0.1_0.8_5.C	54	1.000	27.500	0.485
BPP_100_500_0.1_0.8_5.C	54	1.000	27.500	0.480
BPP_100_500_0.1_0.8_5.C	54	1.000	27.500	0.479
BPP_100_500_0.1_0.8_5.C	54	1.000	27.500	0.480
BPP_100_500_0.1_0.8_5.C	54	1.000	27.500	0.521
BPP_100_500_0.1_0.8_5.C	54	1.000	27.500	0.500
BPP_100_500_0.1_0.8_5.C	54	1.000	27.500	0.498
BPP_100_500_0.1_0.8_6.C	50	2.200	26.100	0.443
BPP_100_500_0.1_0.8_6.C	50	2.400	26.200	0.520
BPP_100_500_0.1_0.8_6.C	50	2.600	26.300	0.566
BPP_100_500_0.1_0.8_6.C	50	2.200	26.100	0.466
BPP_100_500_0.1_0.8_6.C	49	2.400	25.700	0.447
BPP_100_500_0.1_0.8_6.C	49	2.600	25.800	0.444
BPP_100_500_0.1_0.8_6.C	49	2.600	25.800	0.478
BPP_100_500_0.1_0.8_6.C	50	2.400	26.200	0.443
BPP_100_500_0.1_0.8_6.C	50	2.200	26.100	0.443
BPP_100_500_0.1_0.8_6.C	50	2.400	26.200	0.452
BPP_100_500_0.1_0.8_7.C	50	3.000	26.500	0.444
BPP_100_500_0.1_0.8_7.C	50	3.000	26.500	0.449
BPP_100_500_0.1_0.8_7.C	50	3.000	26.500	0.444
BPP_100_500_0.1_0.8_7.C	50	3.000	26.500	0.487
BPP_100_500_0.1_0.8_7.C	50	3.000	26.500	0.474
BPP_100_500_0.1_0.8_7.C	50	3.000	26.500	0.640
BPP_100_500_0.1_0.8_7.C	50	3.600	26.800	0.443
BPP_100_500_0.1_0.8_7.C	50	3.600	26.800	0.444
BPP_100_500_0.1_0.8_7.C	50	3.600	26.800	0.444
BPP_100_500_0.1_0.8_7.C	50	3.000	26.500	0.444
BPP_100_500_0.1_0.8_8.C	48	2.600	25.300	0.437
BPP_100_500_0.1_0.8_8.C	48	2.600	25.300	0.477
BPP_100_500_0.1_0.8_8.C	48	2.600	25.300	0.447
BPP_100_500_0.1_0.8_8.C	48	2.600	25.300	0.493
BPP_100_500_0.1_0.8_8.C	48	3.000	25.500	0.453
BPP_100_500_0.1_0.8_8.C	48	3.000	25.500	0.552
BPP_100_500_0.1_0.8_8.C	48	3.000	25.500	0.649
BPP_100_500_0.1_0.8_8.C	48	2.600	25.300	0.474
BPP_100_500_0.1_0.8_8.C	48	3.000	25.500	0.440
BPP_100_500_0.1_0.8_8.C	48	2.600	25.300	0.440
BPP_100_500_0.1_0.8_9.C	47	3.600	25.300	0.425
BPP_100_500_0.1_0.8_9.C	47	3.600	25.300	0.431
BPP_100_500_0.1_0.8_9.C	47	3.600	25.300	0.427
BPP_100_500_0.1_0.8_9.C	47	3.600	25.300	0.449
BPP_100_500_0.1_0.8_9.C	46	4.400	25.200	0.431
BPP_100_500_0.1_0.8_9.C	47	3.600	25.300	0.433
BPP_100_500_0.1_0.8_9.C	46	4.600	25.300	0.427
BPP_100_500_0.1_0.8_9.C	47	3.600	25.300	0.430
BPP_100_500_0.1_0.8_9.C	47	3.600	25.300	0.429
BPP_100_500_0.1_0.8_9.C	47	3.600	25.300	0.426
BPP_100_50_0.1_0.8_0.C	44	0.600	22.300	0.044
BPP_100_50_0.1_0.8_0.C	44	0.600	22.300	0.046
BPP_100_50_0.1_0.8_0.C	44	0.600	22.300	0.046
BPP_100_50_0.1_0.8_0.C	44	0.400	22.200	0.047
BPP_100_50_0.1_0.8_0.C	44	0.400	22.200	0.046
BPP_100_50_0.1_0.8_0.C	44	0.400	22.200	0.045
BPP_100_50_0.1_0.8_0.C	44	0.600	22.300	0.045
BPP_100_50_0.1_0.8_0.C	44	0.400	22.200	0.045
BPP_100_50_0.1_0.8_0.C	44	0.400	22.200	0.050
BPP_100_50_0.1_0.8_0.C	44	0.400	22.200	0.045
BPP_100_50_0.1_0.8_1.C	45	3.600	24.300	0.049
BPP_100_50_0.1_0.8_1.C	45	4.000	24.500	0.047
BPP_100_50_0.1_0.8_1.C	45	4.000	24.500	0.049
BPP_100_50_0.1_0.8_1.C	45	3.800	24.400	0.049
BPP_100_50_0.1_0.8_1.C	45	3.600	24.300	0.049
BPP_100_50_0.1_0.8_1.C	45	3.600	24.300	0.048
BPP_100_50_0.1_0.8_1.C	45	3.600	24.300	0.049
BPP_100_50_0.1_0.8_1.C	45	3.800	24.400	0.051
BPP_100_50_0.1_0.8_1.C	45	3.800	24.400	0.048
BPP_100_50_0.1_0.8_1.C	45	3.800	24.400	0.049
BPP_100_50_0.1_0.8_2.C	51	5.000	28.000	0.060
BPP_100_50_0.1_0.8_2.C	51	4.800	27.900	0.063
BPP_100_50_0.1_0.8_2.C	51	5.800	28.400	0.058
BPP_100_50_0.1_0.8_2.C	51	5.200	28.100	0.065
BPP_100_50_0.1_0.8_2.C	51	5.600	28.300	0.055
BPP_100_50_0.1_0.8_2.C	51	5.400	28.200	0.063
BPP_100_50_0.1_0.8_2.C	51	5.200	28.100	0.068
BPP_100_50_0.1_0.8_2.C	51	4.800	27.900	0.076
BPP_100_50_0.1_0.8_2.C	51	5.600	28.300	0.060
BPP_100_50_0.1_0.8_2.C	51	5.000	28.000	0.069
BPP_100_50_0.1_0.8_3.C	47	3.800	25.400	0.053
BPP_100_50_0.1_0.8_3.C	48	3.200	25.600	0.055
BPP_100_50_0.1_0.8_3.C	48	3.000	25.500	0.056
BPP_100_50_0.1_0.8_3.C	48	3.400	25.700	0.051
BPP_100_50_0.1_0.8_3.C	48	3.200	25.600	0.052
BPP_100_50_0.1_0.8_3.C	47	3.800	25.400	0.051
BPP_100_50_0.1_0.8_3.C	48	3.200	25.600	0.050
BPP_100_50_0.1_0.8_3.C	48	3.400	25.700	0.050
BPP_100_50_0.1_0.8_3.C	48	2.800	25.400	0.057
BPP_100_50_0.1_0.8_3.C	47	3.800	25.400	0.055
BPP_100_50_0.1_0.8_4.C	43	1.400	22.200	0.046
BPP_100_50_0.1_0.8_4.C	43	1.400	22.200	0.046
BPP_100_50_0.1_0.8_4.C	43	1.400	22.200	0.047
BPP_100_50_0.1_0.8_4.C	43	1.400	22.200	0.046
BPP_100_50_0.1_0.8_4.C	44	1.400	22.700	0.046
BPP_100_50_0.1_0.8_4.C	43	1.400	22.200	0.046
BPP_100_50_0.1_0.8_4.C	43	1.400	22.200	0.046
BPP_100_50_0.1_0.8_4.C	43	1.400	22.200	0.048
BPP_100_50_0.1_0.8_4.C	43	1.400	22.200	0.047
BPP_100_50_0.1_0.8_4.C	43	1.400	22.200	0.047
BPP_100_50_0.1_0.8_5.C	43	1.600	22.300	0.047
BPP_100_50_0.1_0.8_5.C	43	1.600	22.300	0.046
BPP_100_50_0.1_0.8_5.C	43	1.600	22.300	0.048
BPP_100_50_0.1_0.8_5.C	43	1.600	22.300	0.047
BPP_100_50_0.1_0.8_5.C	43	1.600	22.300	0.045
BPP_100_50_0.1_0.8_5.C	43	1.600	22.300	0.044
BPP_100_50_0.1_0.8_5.C	43	1.400	22.200	0.048
BPP_100_50_0.1_0.8_5.C	43	1.400	22.200	0.045
BPP_100_50_0.1_0.8_5.C	43	1.600	22.300	0.048
BPP_100_50_0.1_0.8_5.C	43	1.400	22.200	0.047
BPP_100_50_0.1_0.8_6.C	45	1.400	23.200	0.046
BPP_100_50_0.1_0.8_6.C	45	1.400	23.200	0.047
BPP_100_50_0.1_0.8_6.C	45	1.400	23.200	0.046
BPP_100_50_0.1_0.8_6.C	45	1.400	23.200	0.047
BPP_100_50_0.1_0.8_6.C	45	1.400	23.200	0.047
BPP_100_50_0.1_0.8_6.C	45	1.400	23.200	0.047
BPP_100_50_0.1_0.8_6.C	45	1.400	23.200	0.048
BPP_100_50_0.1_0.8_6.C	45	1.400	23.200	0.047
BPP_100_50_0.1_0.8_6.C	45	1.400	23.200	0.048
BPP_100_50_0.1_0.8_6.C	45	1.400	23.200	0.047
BPP_100_50_0.1_0.8_7.C	47	1.400	24.200	0.049
BPP_100_50_0.1_0.8_7.C	47	1.400	24.200	0.051
BPP_100_50_0.1_0.8_7.C	47	1.400	24.200	0.049
BPP_100_50_0.1_0.8_7.C	47	1.400	24.200	0.049
BPP_100_50_0.1_0.8_7.C	47	1.400	24.200	0.050
BPP_100_50_0.1_0.8_7.C	47	1.400	24.200	0.051
BPP_100_50_0.1_0.8_7.C	47	1.400	24.200	0.050
BPP_100_50_0.1_0.8_7.C	47	1.400	24.200	0.049
BPP_100_50_0.1_0.8_7.C	47	1.400	24.200	0.049
BPP_100_50_0.1_0.8_7.C	47	1.400	24.200	0.049
BPP_100_50_0.1_0.8_8.C	48	3.000	25.500	0.054
BPP_100_50_0.1_0.8_8.C	48	3.600	25.800	0.052
BPP_100_50_0.1_0.8_8.C	48	3.000	25.500	0.053
BPP_100_50_0.1_0.8_8.C	48	3.000	25.500	0.051
BPP_100_50_0.1_0.8_8.C	48	3.000	25.500	0.051
BPP_100_50_0.1_0.8_8.C	48	3.000	25.500	0.056
BPP_100_50_0.1_0.8_8.C	48	3.800	25.900	0.049
BPP_100_50_0.1_0.8_8.C	48	3.600	25.800	0.050
BPP_100_50_0.1_0.8_8.C	48	3.800	25.900	0.050
BPP_100_50_0.1_0.8_8.C	48	3.200	25.600	0.053
BPP_100_50_0.1_0.8_9.C	47	4.600	25.800	0.054
BPP_100_50_0.1_0.8_9.C	47	4.600	25.800	0.052
BPP_100_50_0.1_0.8_9.C	47	4.600	25.800	0.049
BPP_100_50_0.1_0.8_9.C	47	4.600	25.800	0.055
BPP_100_50_0.1_0.8_9.C	47	4.600	25.800	0.053
BPP_100_50_0.1_0.8_9.C	47	4.600	25.800	0.052
BPP_100_50_0.1_0.8_9.C	47	4.600	25.800	0.050
BPP_100_50_0.1_0.8_9.C	47	4.600	25.800	0.056
BPP_100_50_0.1_0.8_9.C	47	4.600	25.800	0.052
BPP_100_50_0.1_0.8_9.C	47	4.800	25.900	0.049
BPP_100_750_0.1_0.8_0.C	46	2.000	24.000	0.615
BPP_100_750_0.1_0.8_0.C	46	2.000	24.000	0.610
BPP_100_750_0.1_0.8_0.C	45	2.000	23.500	0.601
BPP_100_750_0.1_0.8_0.C	46	2.000	24.000	0.605
BPP_100_750_0.1_0.8_0.C	46	2.000	24.000	0.608
BPP_100_750_0.1_0.8_0.C	46	2.000	24.000	0.608
BPP_100_750_0.1_0.8_0.C	46	2.000	24.000	0.635
BPP_100_750_0.1_0.8_0.C	46	2.000	24.000	0.688
BPP_100_750_0.1_0.8_0.C	45	2.000	23.500	0.644
BPP_100_750_0.1_0.8_0.C	46	2.000	24.000	0.607
BPP_100_750_0.1_0.8_1.C	45	2.000	23.500	0.636
BPP_100_750_0.1_0.8_1.C	45	2.000	23.500	0.624
BPP_100_750_0.1_0.8_1.C	45	2.000	23.500	0.619
BPP_100_750_0.1_0.8_1.C	45	2.000	23.500	0.626
BPP_100_750_0.1_0.8_1.C	45	2.000	23.500	0.601
BPP_100_750_0.1_0.8_1.C	45	2.000	23.500	0.606
BPP_100_750_0.1_0.8_1.C	45	2.000	23.500	0.599
BPP_100_750_0.1_0.8_1.C	45	2.000	23.500	0.603
BPP_100_750_0.1_0.8_1.C	45	2.000	23.500	0.608
BPP_100_750_0.1_0.8_1.C	45	2.000	23.500	0.624
BPP_100_750_0.1_0.8_2.C	45	2.000	23.500	0.613
BPP_100_750_0.1_0.8_2.C	45	2.000	23.500	0.602
BPP_100_750_0.1_0.8_2.C	45	2.000	23.500	0.602
BPP_100_750_0.1_0.8_2.C	45	2.000	23.500	0.603
BPP_100_750_0.1_0.8_2.C	45	2.200	23.600	0.604
BPP_100_750_0.1_0.8_2.C	45	2.200	23.600	0.599
BPP_100_750_0.1_0.8_2.C	45	2.000	23.500	0.613
BPP_100_750_0.1_0.8_2.C	45	2.000	23.500	0.669
BPP_100_750_0.1_0.8_2.C	45	2.000	23.500	0.604
BPP_100_750_0.1_0.8_2.C	45	2.200	23.600	0.694
BPP_100_750_0.1_0.8_3.C	49	2.600	25.800	0.846
BPP_100_750_0.1_0.8_3.C	49	2.800	25.900	0.741
BPP_100_750_0.1_0.8_3.C	49	2.800	25.900	0.819
BPP_100_750_0.1_0.8_3.C	49	2.800	25.900	0.672
BPP_100_750_0.1_0.8_3.C	49	2.800	25.900	0.762
BPP_100_750_0.1_0.8_3.C	49	2.800	25.900	0.652
BPP_100_750_0.1_0.8_3.C	49	2.800	25.900	0.647
BPP_100_750_0.1_0.8_3.C	49	2.800	25.900	0.769
BPP_100_750_0.1_0.8_3.C	49	2.600	25.800	0.744
BPP_100_750_0.1_0.8_3.C	49	2.600	25.800	0.651
BPP_100_750_0.1_0.8_4.C	52	3.600	27.800	0.724
BPP_100_750_0.1_0.8_4.C	52	3.600	27.800	0.762
BPP_100_750_0.1_0.8_4.C	52	3.600	27.800	0.680
BPP_100_750_0.1_0.8_4.C	52	3.600	27.800	0.692
BPP_100_750_0.1_0.8_4.C	52	3.600	27.800	0.699
BPP_100_750_0.1_0.8_4.C	52	3.600	27.800	0.696
BPP_100_750_0.1_0.8_4.C	52	3.600	27.800	0.691
BPP_100_750_0.1_0.8_4.C	52	3.600	27.800	0.687
BPP_100_750_0.1_0.8_4.C	52	3.600	27.800	0.764
BPP_100_750_0.1_0.8_4.C	52	3.600	27.800	0.979
BPP_100_750_0.1_0.8_5.C	50	0.000	25.000	0.656
BPP_100_750_0.1_0.8_5.C	50	0.000	25.000	0.665
BPP_100_750_0.1_0.8_5.C	50	0.000	25.000	0.664
BPP_100_750_0.1_0.8_5.C	50	0.000	25.000	0.654
BPP_100_750_0.1_0.8_5.C	50	0.000	25.000	0.670
BPP_100_750_0.1_0.8_5.C	50	0.000	25.000	0.652
BPP_100_750_0.1_0.8_5.C	50	0.000	25.000	0.657
BPP_100_750_0.1_0.8_5.C	50	0.000	25.000	0.655
BPP_100_750_0.1_0.8_5.C	50	0.000	25.000	0.660
BPP_100_750_0.1_0.8_5.C	50	0.000	25.000	0.654
BPP_100_750_0.1_0.8_6.C	45	0.000	22.500	0.608
BPP_100_750_0.1_0.8_6.C	46	0.000	23.000	0.607
BPP_100_750_0.1_0.8_6.C	46	0.000	23.000	0.614
BPP_100_750_0.1_0.8_6.C	46	0.000	23.000	0.608
BPP_100_750_0.1_0.8_6.C	45	0.000	22.500	0.635
BPP_100_750_0.1_0.8_6.C	45	0.000	22.500	0.617
BPP_100_750_0.1_0.8_6.C	46	0.000	23.000	0.601
BPP_100_750_0.1_0.8_6.C	45	0.000	22.500	0.622
BPP_100_750_0.1_0.8_6.C	46	0.000	23.000	0.628
BPP_100_750_0.1_0.8_6.C	46	0.000	23.000	0.628
BPP_100_750_0.1_0.8_7.C	51	0.000	25.500	0.644
BPP_100_750_0.1_0.8_7.C	51	0.000	25.500	0.666
BPP_100_750_0.1_0.8_7.C	51	0.000	25.500	0.645
BPP_100_750_0.1_0.8_7.C	51	0.000	25.500	0.655
BPP_100_750_0.1_0.8_7.C	51	0.000	25.500	0.704
BPP_100_750_0.1_0.8_7.C	51	0.000	25.500	0.690
BPP_100_750_0.1_0.8_7.C	51	0.000	25.500	0.661
BPP_100_750_0.1_0.8_7.C	51	0.000	25.500	0.641
BPP_100_750_0.1_0.8_7.C	51	0.000	25.500	0.660
BPP_100_750_0.1_0.8_7.C	51	0.000	25.500	0.649
BPP_100_750_0.1_0.8_8.C	44	0.800	22.400	0.617
BPP_100_750_0.1_0.8_8.C	45	0.800	22.900	0.610
BPP_100_750_0.1_0.8_8.C	44	0.800	22.400	0.642
BPP_100_750_0.1_0.8_8.C	45	0.800	22.900	0.641
BPP_100_750_0.1_0.8_8.C	45	0.800	22.900	0.692
BPP_100_750_0.1_0.8_8.C	45	0.800	22.900	0.597
BPP_100_750_0.1_0.8_8.C	45	0.800	22.900	0.595
BPP_100_750_0.1_0.8_8.C	45	0.800	22.900	0.627
BPP_100_750_0.1_0.8_8.C	45	0.800	22.900	0.601
BPP_100_750_0.1_0.8_8.C	45	0.800	22.900	0.598
BPP_100_750_0.1_0.8_9.C	45	0.800	22.900	0.653
BPP_100_750_0.1_0.8_9.C	44	0.800	22.400	0.607
BPP_100_750_0.1_0.8_9.C	45	0.800	22.900	0.612
BPP_100_750_0.1_0.8_9.C	45	0.800	22.900	0.609
BPP_100_750_0.1_0.8_9.C	45	0.800	22.900	0.612
BPP_100_750_0.1_0.8_9.C	45	0.800	22.900	0.602
BPP_100_750_0.1_0.8_9.C	44	0.800	22.400	0.595
BPP_100_750_0.1_0.8_9.C	45	0.800	22.900	0.610
BPP_100_750_0.1_0.8_9.C	44	0.800	22.400	0.599
BPP_100_750_0.1_0.8_9.C	45	0.800	22.900	0.601
BPP_100_75_0.1_0.8_0.C	51	0.000	25.500	0.078
BPP_100_75_0.1_0.8_0.C	51	0.000	25.500	0.078
BPP_100_75_0.1_0.8_0.C	51	0.000	25.500	0.077
BPP_100_75_0.1_0.8_0.C	51	0.000	25.500	0.079
BPP_100_75_0.1_0.8_0.C	51	0.000	25.500	0.078
BPP_100_75_0.1_0.8_0.C	51	0.000	25.500	0.079
BPP_100_75_0.1_0.8_0.C	51	0.000	25.500	0.079
BPP_100_75_0.1_0.8_0.C	51	0.000	25.500	0.078
BPP_100_75_0.1_0.8_0.C	51	0.000	25.500	0.077
BPP_100_75_0.1_0.8_0.C	51	0.000	25.500	0.078
BPP_100_75_0.1_0.8_1.C	47	3.600	25.300	0.074
BPP_100_75_0.1_0.8_1.C	47	3.400	25.200	0.074
BPP_100_75_0.1_0.8_1.C	47	3.800	25.400	0.074
BPP_100_75_0.1_0.8_1.C	47	3.600	25.300	0.073
BPP_100_75_0.1_0.8_1.C	47	3.800	25.400	0.076
BPP_100_75_0.1_0.8_1.C	47	3.600	25.300	0.075
BPP_100_75_0.1_0.8_1.C	47	3.800	25.400	0.074
BPP_100_75_0.1_0.8_1.C	47	3.800	25.400	0.075
BPP_100_75_0.1_0.8_1.C	47	3.800	25.400	0.074
BPP_100_75_0.1_0.8_1.C	47	3.800	25.400	0.074
BPP_100_75_0.1_0.8_2.C	47	5.600	26.300	0.076
BPP_100_75_0.1_0.8_2.C	47	5.600	26.300	0.078
BPP_100_75_0.1_0.8_2.C	47	5.600	26.300	0.075
BPP_100_75_0.1_0.8_2.C	47	5.600	26.300	0.077
BPP_100_75_0.1_0.8_2.C	47	5.800	26.400	0.079
BPP_100_75_0.1_0.8_2.C	47	5.400	26.200	0.078
BPP_100_75_0.1_0.8_2.C	47	5.800	26.400	0.075
BPP_100_75_0.1_0.8_2.C	47	5.600	26.300	0.078
BPP_100_75_0.1_0.8_2.C	47	5.600	26.300	0.078
BPP_100_75_0.1_0.8_2.C	47	5.600	26.300	0.075
BPP_100_75_0.1_0.8_3.C	52	2.000	27.000	0.079
BPP_100_75_0.1_0.8_3.C	52	1.800	26.900	0.081
BPP_100_75_0.1_0.8_3.C	52	1.800	26.900	0.081
BPP_100_75_0.1_0.8_3.C	53	1.000	27.000	0.079
BPP_100_75_0.1_0.8_3.C	52	1.800	26.900	0.080
BPP_100_75_0.1_0.8_3.C	52	1.800	26.900	0.083
BPP_100_75_0.1_0.8_3.C	52	2.200	27.100	0.078
BPP_100_75_0.1_0.8_3.C	52	2.000	27.000	0.082
BPP_100_75_0.1_0.8_3.C	52	1.600	26.800	0.084
BPP_100_75_0.1_0.8_3.C	52	1.800	26.900	0.079
BPP_100_75_0.1_0.8_4.C	49	0.200	24.600	0.078
BPP_100_75_0.1_0.8_4.C	49	0.200	24.600	0.079
BPP_100_75_0.1_0.8_4.C	49	0.200	24.600	0.079
BPP_100_75_0.1_0.8_4.C	49	0.200	24.600	0.080
BPP_100_75_0.1_0.8_4.C	49	0.200	24.600	0.077
BPP_100_75_0.1_0.8_4.C	49	0.200	24.600	0.075
BPP_100_75_0.1_0.8_4.C	49	0.200	24.600	0.077
BPP_100_75_0.1_0.8_4.C	49	0.200	24.600	0.078
BPP_100_75_0.1_0.8_4.C	49	0.200	24.600	0.076
BPP_100_75_0.1_0.8_4.C	49	0.200	24.600	0.078
BPP_100_75_0.1_0.8_5.C	48	0.200	24.100	0.078
BPP_100_75_0.1_0.8_5.C	49	0.200	24.600	0.077
BPP_100_75_0.1_0.8_5.C	48	0.800	24.400	0.078
BPP_100_75_0.1_0.8_5.C	49	0.200	24.600	0.077
BPP_100_75_0.1_0.8_5.C	49	0.200	24.600	0.079
BPP_100_75_0.1_0.8_5.C	49	0.200	24.600	0.079
BPP_100_75_0.1_0.8_5.C	49	0.200	24.600	0.077
BPP_100_75_0.1_0.8_5.C	48	0.400	24.200	0.079
BPP_100_75_0.1_0.8_5.C	49	0.400	24.700	0.079
BPP_100_75_0.1_0.8_5.C	49	0.200	24.600	0.078
BPP_100_75_0.1_0.8_6.C	45	0.400	22.700	0.073
BPP_100_75_0.1_0.8_6.C	45	0.400	22.700	0.073
BPP_100_75_0.1_0.8_6.C	45	0.400	22.700	0.073
BPP_100_75_0.1_0.8_6.C	45	0.400	22.700	0.074
BPP_100_75_0.1_0.8_6.C	45	0.400	22.700	0.074
BPP_100_75_0.1_0.8_6.C	45	0.400	22.700	0.074
BPP_100_75_0.1_0.8_6.C	45	0.400	22.700	0.074
BPP_100_75_0.1_0.8_6.C	45	0.400	22.700	0.074
BPP_100_75_0.1_0.8_6.C	45	0.400	22.700	0.074
BPP_100_75_0.1_0.8_6.C	45	0.400	22.700	0.072
BPP_100_75_0.1_0.8_7.C	49	0.200	24.600	0.076
BPP_100_75_0.1_0.8_7.C	48	0.200	24.100	0.077
BPP_100_75_0.1_0.8_7.C	49	0.200	24.600	0.077
BPP_100_75_0.1_0.8_7.C	49	0.200	24.600	0.077
BPP_100_75_0.1_0.8_7.C	49	0.200	24.600	0.077
BPP_100_75_0.1_0.8_7.C	49	0.200	24.600	0.076
BPP_100_75_0.1_0.8_7.C	49	0.200	24.600	0.076
BPP_100_75_0.1_0.8_7.C	49	0.200	24.600	0.077
BPP_100_75_0.1_0.8_7.C	48	0.200	24.100	0.082
BPP_100_75_0.1_0.8_7.C	49	0.200	24.600	0.076
BPP_100_75_0.1_0.8_8.C	48	0.200	24.100	0.074
BPP_100_75_0.1_0.8_8.C	48	0.200	24.100	0.074
BPP_100_75_0.1_0.8_8.C	48	0.200	24.100	0.075
BPP_100_75_0.1_0.8_8.C	47	0.200	23.600	0.076
BPP_100_75_0.1_0.8_8.C	48	0.200	24.100	0.076
BPP_100_75_0.1_0.8_8.C	48	0.200	24.100	0.075
BPP_100_75_0.1_0.8_8.C	48	0.200	24.100	0.074
BPP_100_75_0.1_0.8_8.C	48	0.200	24.100	0.075
BPP_100_75_0.1_0.8_8.C	48	0.200	24.100	0.076
BPP_100_75_0.1_0.8_8.C	48	0.200	24.100	0.075
BPP_100_75_0.1_0.8_9.C	50	0.200	25.100	0.080
BPP_100_75_0.1_0.8_9.C	50	0.200	25.100	0.080
BPP_100_75_0.1_0.8_9.C	50	0.200	25.100	0.077
BPP_100_75_0.1_0.8_9.C	50	0.200	25.100	0.078
BPP_100_75_0.1_0.8_9.C	50	0.200	25.100	0.077
BPP_100_75_0.1_0.8_9.C	51	0.200	25.600	0.078
BPP_100_75_0.1_0.8_9.C	51	0.200	25.600	0.077
BPP_100_75_0.1_0.8_9.C	50	0.200	25.100	0.077
BPP_100_75_0.1_0.8_9.C	50	0.200	25.100	0.078
BPP_100_75_0.1_0.8_9.C	50	0.200	25.100	0.079
BPP_200_1000_0.1_0.8_0.C	95	0.000	47.500	4.275
BPP_200_1000_0.1_0.8_0.C	95	0.000	47.500	4.309
BPP_200_1000_0.1_0.8_0.C	95	0.000	47.500	4.312
BPP_200_1000_0.1_0.8_0.C	95	0.000	47.500	4.323
BPP_200_1000_0.1_0.8_0.C	95	0.000	47.500	4.312
BPP_200_1000_0.1_0.8_0.C	95	0.000	47.500	4.279
BPP_200_1000_0.1_0.8_0.C	95	0.000	47.500	4.235
BPP_200_1000_0.1_0.8_0.C	95	0.000	47.500	4.310
BPP_200_1000_0.1_0.8_0.C	95	0.000	47.500	4.280
BPP_200_1000_0.1_0.8_0.C	95	0.000	47.500	4.347
BPP_200_1000_0.1_0.8_1.C	95	2.000	48.500	4.990
BPP_200_1000_0.1_0.8_1.C	95	1.800	48.400	4.302
BPP_200_1000_0.1_0.8_1.C	95	2.000	48.500	4.246
BPP_200_1000_0.1_0.8_1.C	95	2.000	48.500	4.218
BPP_200_1000_0.1_0.8_1.C	95	1.800	48.400	6.086
BPP_200_1000_0.1_0.8_1.C	95	1.800	48.400	4.277
BPP_200_1000_0.1_0.8_1.C	95	1.800	48.400	4.275
BPP_200_1000_0.1_0.8_1.C	95	2.000	48.500	4.241
BPP_200_1000_0.1_0.8_1.C	95	2.000	48.500	4.293
BPP_200_1000_0.1_0.8_1.C	95	2.600	48.800	4.287
BPP_200_1000_0.1_0.8_2.C	95	2.000	48.500	4.403
BPP_200_1000_0.1_0.8_2.C	95	1.800	48.400	4.364
BPP_200_1000_0.1_0.8_2.C	95	1.600	48.300	4.296
BPP_200_1000_0.1_0.8_2.C	96	1.000	48.500	4.405
BPP_200_1000_0.1_0.8_2.C	95	1.200	48.100	4.303
BPP_200_1000_0.1_0.8_2.C	95	1.800	48.400	4.269
BPP_200_1000_0.1_0.8_2.C	95	2.000	48.500	4.285
BPP_200_1000_0.1_0.8_2.C	95	1.600	48.300	4.271
BPP_200_1000_0.1_0.8_2.C	95	1.600	48.300	4.283
BPP_200_1000_0.1_0.8_2.C	95	1.800	48.400	4.325
BPP_200_1000_0.1_0.8_3.C	92	3.000	47.500	4.285
BPP_200_1000_0.1_0.8_3.C	92	2.400	47.200	4.125
BPP_200_1000_0.1_0.8_3.C	92	3.000	47.500	4.195
BPP_200_1000_0.1_0.8_3.C	92	3.000	47.500	4.142
BPP_200_1000_0.1_0.8_3.C	92	2.200	47.100	4.209
BPP_200_1000_0.1_0.8_3.C	91	2.400	46.700	4.242
BPP_200_1000_0.1_0.8_3.C	91	3.000	47.000	4.316
BPP_200_1000_0.1_0.8_3.C	92	2.200	47.100	4.253
BPP_200_1000_0.1_0.8_3.C	92	3.000	47.500	4.256
BPP_200_1000_0.1_0.8_3.C	92	3.000	47.500	4.209
BPP_200_1000_0.1_0.8_4.C	93	3.000	48.000	5.523
BPP_200_1000_0.1_0.8_4.C	93	2.800	47.900	4.356
BPP_200_1000_0.1_0.8_4.C	93	2.800	47.900	4.246
BPP_200_1000_0.1_0.8_4.C	93	2.800	47.900	4.282
BPP_200_1000_0.1_0.8_4.C	93	2.800	47.900	4.185
BPP_200_1000_0.1_0.8_4.C	93	2.800	47.900	4.341
BPP_200_1000_0.1_0.8_4.C	93	3.400	48.200	4.329
BPP_200_1000_0.1_0.8_4.C	93	2.800	47.900	4.160
BPP_200_1000_0.1_0.8_4.C	93	2.800	47.900	4.221
BPP_200_1000_0.1_0.8_4.C	93	2.800	47.900	4.260
BPP_200_1000_0.1_0.8_5.C	93	0.000	46.500	4.144
BPP_200_1000_0.1_0.8_5.C	93	0.000	46.500	4.131
BPP_200_1000_0.1_0.8_5.C	93	0.000	46.500	4.153
BPP_200_1000_0.1_0.8_5.C	93	0.000	46.500	4.100
BPP_200_1000_0.1_0.8_5.C	93	0.000	46.500	4.179
BPP_200_1000_0.1_0.8_5.C	93	0.000	46.500	4.174
BPP_200_1000_0.1_0.8_5.C	93	0.000	46.500	4.149
BPP_200_1000_0.1_0.8_5.C	93	0.000	46.500	4.145
BPP_200_1000_0.1_0.8_5.C	93	0.000	46.500	4.128
BPP_200_1000_0.1_0.8_5.C	93	0.000	46.500	4.138
BPP_200_1000_0.1_0.8_6.C	92	1.000	46.500	4.156
BPP_200_1000_0.1_0.8_6.C	92	1.000	46.500	4.187
BPP_200_1000_0.1_0.8_6.C	92	1.000	46.500	4.164
BPP_200_1000_0.1_0.8_6.C	92	1.000	46.500	4.213
BPP_200_1000_0.1_0.8_6.C	92	1.000	46.500	4.200
BPP_200_1000_0.1_0.8_6.C	92	1.000	46.500	4.078
BPP_200_1000_0.1_0.8_6.C	92	0.800	46.400	4.091
BPP_200_1000_0.1_0.8_6.C	92	1.000	46.500	4.122
BPP_200_1000_0.1_0.8_6.C	92	1.000	46.500	4.094
BPP_200_1000_0.1_0.8_6.C	92	1.000	46.500	5.617
BPP_200_1000_0.1_0.8_7.C	101	0.000	50.500	6.414
BPP_200_1000_0.1_0.8_7.C	102	0.000	51.000	4.486
BPP_200_1000_0.1_0.8_7.C	101	0.200	50.600	4.595
BPP_200_1000_0.1_0.8_7.C	101	0.000	50.500	4.477
BPP_200_1000_0.1_0.8_7.C	101	0.000	50.500	4.501
BPP_200_1000_0.1_0.8_7.C	101	0.000	50.500	4.431
BPP_200_1000_0.1_0.8_7.C	101	0.000	50.500	5.306
BPP_200_1000_0.1_0.8_7.C	101	0.000	50.500	4.456
BPP_200_1000_0.1_0.8_7.C	101	0.000	50.500	4.473
BPP_200_1000_0.1_0.8_7.C	101	0.000	50.500	4.478
BPP_200_1000_0.1_0.8_8.C	91	0.800	45.900	4.281
BPP_200_1000_0.1_0.8_8.C	91	0.800	45.900	4.185
BPP_200_1000_0.1_0.8_8.C	91	0.800	45.900	4.152
BPP_200_1000_0.1_0.8_8.C	91	0.800	45.900	4.344
BPP_200_1000_0.1_0.8_8.C	91	0.800	45.900	4.290
BPP_200_1000_0.1_0.8_8.C	91	0.800	45.900	4.237
BPP_200_1000_0.1_0.8_8.C	91	0.800	45.900	4.198
BPP_200_1000_0.1_0.8_8.C	91	0.800	45.900	4.196
BPP_200_1000_0.1_0.8_8.C	91	0.800	45.900	4.183
BPP_200_1000_0.1_0.8_8.C	91	0.600	45.800	4.310
BPP_200_1000_0.1_0.8_9.C	89	1.800	45.400	4.114
BPP_200_1000_0.1_0.8_9.C	89	1.800	45.400	4.599
BPP_200_1000_0.1_0.8_9.C	89	1.600	45.300	4.058
BPP_200_1000_0.1_0.8_9.C	89	1.800	45.400	4.047
BPP_200_1000_0.1_0.8_9.C	89	1.800	45.400	4.415
BPP_200_1000_0.1_0.8_9.C	89	1.800	45.400	4.021
BPP_200_1000_0.1_0.8_9.C	89	1.800	45.400	4.043
BPP_200_1000_0.1_0.8_9.C	89	1.800	45.400	4.060
BPP_200_1000_0.1_0.8_9.C	89	1.800	45.400	4.052
BPP_200_1000_0.1_0.8_9.C	89	1.800	45.400	4.123
BPP_200_100_0.1_0.8_0.C	95	0.200	47.600	0.361
BPP_200_100_0.1_0.8_0.C	95	0.200	47.600	0.372
BPP_200_100_0.1_0.8_0.C	95	0.200	47.600	0.406
BPP_200_100_0.1_0.8_0.C	95	0.400	47.700	0.372
BPP_200_100_0.1_0.8_0.C	95	0.200	47.600	0.363
BPP_200_100_0.1_0.8_0.C	95	0.200	47.600	0.392
BPP_200_100_0.1_0.8_0.C	95	0.200	47.600	0.360
BPP_200_100_0.1_0.8_0.C	96	0.200	48.100	0.379
BPP_200_100_0.1_0.8_0.C	95	0.200	47.600	0.360
BPP_200_100_0.1_0.8_0.C	95	0.200	47.600	0.368
BPP_200_100_0.1_0.8_1.C	95	1.600	48.300	0.400
BPP_200_100_0.1_0.8_1.C	95	2.200	48.600	0.404
BPP_200_100_0.1_0.8_1.C	95	2.000	48.500	0.428
BPP_200_100_0.1_0.8_1.C	95	2.200	48.600	0.411
BPP_200_100_0.1_0.8_1.C	95	2.400	48.700	0.439
BPP_200_100_0.1_0.8_1.C	95	2.200	48.600	0.424
BPP_200_100_0.1_0.8_1.C	95	3.400	49.200	0.383
BPP_200_100_0.1_0.8_1.C	95	2.200	48.600	0.412
BPP_200_100_0.1_0.8_1.C	95	2.200	48.600	0.384
BPP_200_100_0.1_0.8_1.C	95	1.800	48.400	0.461
BPP_200_100_0.1_0.8_2.C	89	0.400	44.700	0.367
BPP_200_100_0.1_0.8_2.C	89	1.000	45.000	0.361
BPP_200_100_0.1_0.8_2.C	89	0.800	44.900	0.358
BPP_200_100_0.1_0.8_2.C	89	0.800	44.900	0.362
BPP_200_100_0.1_0.8_2.C	89	0.800	44.900	0.358
BPP_200_100_0.1_0.8_2.C	89	1.000	45.000	0.359
BPP_200_100_0.1_0.8_2.C	89	0.800	44.900	0.351
BPP_200_100_0.1_0.8_2.C	89	1.000	45.000	0.349
BPP_200_100_0.1_0.8_2.C	89	0.800	44.900	0.364
BPP_200_100_0.1_0.8_2.C	89	1.000	45.000	0.350
BPP_200_100_0.1_0.8_3.C	92	1.200	46.600	0.429
BPP_200_100_0.1_0.8_3.C	92	1.200	46.600	0.612
BPP_200_100_0.1_0.8_3.C	91	1.200	46.100	0.377
BPP_200_100_0.1_0.8_3.C	91	1.200	46.100	0.367
BPP_200_100_0.1_0.8_3.C	91	1.600	46.300	0.394
BPP_200_100_0.1_0.8_3.C	91	1.400	46.200	0.359
BPP_200_100_0.1_0.8_3.C	91	1.400	46.200	0.366
BPP_200_100_0.1_0.8_3.C	91	1.400	46.200	0.376
BPP_200_100_0.1_0.8_3.C	91	1.600	46.300	0.570
BPP_200_100_0.1_0.8_3.C	91	1.400	46.200	0.360
BPP_200_100_0.1_0.8_4.C	96	2.600	49.300	0.391
BPP_200_100_0.1_0.8_4.C	96	2.600	49.300	0.380
BPP_200_100_0.1_0.8_4.C	96	2.600	49.300	0.374
BPP_200_100_0.1_0.8_4.C	95	2.600	48.800	0.393
BPP_200_100_0.1_0.8_4.C	96	2.600	49.300	0.374
BPP_200_100_0.1_0.8_4.C	95	2.600	48.800	0.372
BPP_200_100_0.1_0.8_4.C	96	2.600	49.300	0.375
BPP_200_100_0.1_0.8_4.C	96	2.600	49.300	0.365
BPP_200_100_0.1_0.8_4.C	95	2.600	48.800	0.391
BPP_200_100_0.1_0.8_4.C	96	2.600	49.300	0.387
BPP_200_100_0.1_0.8_5.C	92	1.800	46.900	0.371
BPP_200_100_0.1_0.8_5.C	92	2.000	47.000	0.362
BPP_200_100_0.1_0.8_5.C	92	2.000	47.000	0.388
BPP_200_100_0.1_0.8_5.C	92	2.000	47.000	0.360
BPP_200_100_0.1_0.8_5.C	92	2.200	47.100	0.377
BPP_200_100_0.1_0.8_5.C	92	2.200	47.100	0.364
BPP_200_100_0.1_0.8_5.C	92	2.200	47.100	0.361
BPP_200_100_0.1_0.8_5.C	92	1.800	46.900	0.363
BPP_200_100_0.1_0.8_5.C	92	2.200	47.100	0.364
BPP_200_100_0.1_0.8_5.C	92	2.000	47.000	0.376
BPP_200_100_0.1_0.8_6.C	91	0.600	45.800	0.690
BPP_200_100_0.1_0.8_6.C	91	0.600	45.800	0.364
BPP_200_100_0.1_0.8_6.C	91	0.600	45.800	0.369
BPP_200_100_0.1_0.8_6.C	91	0.600	45.800	0.365
BPP_200_100_0.1_0.8_6.C	91	0.600	45.800	0.366
BPP_200_100_0.1_0.8_6.C	91	0.600	45.800	0.364
BPP_200_100_0.1_0.8_6.C	91	0.600	45.800	0.369
BPP_200_100_0.1_0.8_6.C	91	0.600	45.800	0.367
BPP_200_100_0.1_0.8_6.C	91	0.600	45.800	0.369
BPP_200_100_0.1_0.8_6.C	91	0.600	45.800	0.370
BPP_200_100_0.1_0.8_7.C	90	4.400	47.200	0.353
BPP_200_100_0.1_0.8_7.C	90	4.000	47.000	0.361
BPP_200_100_0.1_0.8_7.C	90	4.600	47.300	0.365
BPP_200_100_0.1_0.8_7.C	90	4.400	47.200	0.365
BPP_200_100_0.1_0.8_7.C	90	4.400	47.200	0.353
BPP_200_100_0.1_0.8_7.C	90	4.000	47.000	0.354
BPP_200_100_0.1_0.8_7.C	89	4.400	46.700	0.372
BPP_200_100_0.1_0.8_7.C	90	3.800	46.900	0.393
BPP_200_100_0.1_0.8_7.C	90	4.400	47.200	0.360
BPP_200_100_0.1_0.8_7.C	90	3.800	46.900	0.369
BPP_200_100_0.1_0.8_8.C	97	6.600	51.800	0.486
BPP_200_100_0.1_0.8_8.C	97	6.600	51.800	0.513
BPP_200_100_0.1_0.8_8.C	97	5.600	51.300	0.569
BPP_200_100_0.1_0.8_8.C	97	5.200	51.100	0.629
BPP_200_100_0.1_0.8_8.C	97	5.200	51.100	0.658
BPP_200_100_0.1_0.8_8.C	97	6.600	51.800	0.561
BPP_200_100_0.1_0.8_8.C	97	5.200	51.100	0.602
BPP_200_100_0.1_0.8_8.C	97	5.600	51.300	0.588
BPP_200_100_0.1_0.8_8.C	97	6.400	51.700	0.454
BPP_200_100_0.1_0.8_8.C	97	5.200	51.100	0.671
BPP_200_100_0.1_0.8_9.C	97	1.400	49.200	0.380
BPP_200_100_0.1_0.8_9.C	96	1.400	48.700	0.387
BPP_200_100_0.1_0.8_9.C	97	1.400	49.200	0.386
BPP_200_100_0.1_0.8_9.C	97	1.400	49.200	0.394
BPP_200_100_0.1_0.8_9.C	96	1.600	48.800	0.429
BPP_200_100_0.1_0.8_9.C	96	1.600	48.800	0.403
BPP_200_100_0.1_0.8_9.C	97	1.400	49.200	0.386
BPP_200_100_0.1_0.8_9.C	97	1.400	49.200	0.380
BPP_200_100_0.1_0.8_9.C	97	1.400	49.200	0.447
BPP_200_100_0.1_0.8_9.C	96	1.600	48.800	0.376
BPP_200_120_0.1_0.8_0.C	92	7.800	49.900	0.435
BPP_200_120_0.1_0.8_0.C	92	8.000	50.000	0.421
BPP_200_120_0.1_0.8_0.C	92	8.000	50.000	0.432
BPP_200_120_0.1_0.8_0.C	92	8.000	50.000	0.484
BPP_200_120_0.1_0.8_0.C	92	7.800	49.900	0.435
BPP_200_120_0.1_0.8_0.C	92	7.800	49.900	0.426
BPP_200_120_0.1_0.8_0.C	92	7.800	49.900	0.487
BPP_200_120_0.1_0.8_0.C	92	7.800	49.900	0.427
BPP_200_120_0.1_0.8_0.C	92	8.000	50.000	0.430
BPP_200_120_0.1_0.8_0.C	92	7.800	49.900	0.460
BPP_200_120_0.1_0.8_1.C	86	0.000	43.000	0.385
BPP_200_120_0.1_0.8_1.C	86	0.000	43.000	0.385
BPP_200_120_0.1_0.8_1.C	86	0.000	43.000	0.387
BPP_200_120_0.1_0.8_1.C	86	0.000	43.000	0.392
BPP_200_120_0.1_0.8_1.C	86	0.000	43.000	0.379
BPP_200_120_0.1_0.8_1.C	86	0.000	43.000	0.381
BPP_200_120_0.1_0.8_1.C	86	0.000	43.000	0.383
BPP_200_120_0.1_0.8_1.C	86	0.000	43.000	0.389
BPP_200_120_0.1_0.8_1.C	85	0.000	42.500	0.427
BPP_200_120_0.1_0.8_1.C	86	0.000	43.000	0.387
BPP_200_120_0.1_0.8_2.C	102	0.600	51.300	0.447
BPP_200_120_0.1_0.8_2.C	102	0.800	51.400	0.458
BPP_200_120_0.1_0.8_2.C	102	0.800	51.400	0.482
BPP_200_120_0.1_0.8_2.C	102	0.800	51.400	0.464
BPP_200_120_0.1_0.8_2.C	102	0.600	51.300	0.457
BPP_200_120_0.1_0.8_2.C	102	0.600	51.300	0.468
BPP_200_120_0.1_0.8_2.C	102	0.800	51.400	0.482
BPP_200_120_0.1_0.8_2.C	102	1.000	51.500	0.496
BPP_200_120_0.1_0.8_2.C	102	0.800	51.400	0.444
BPP_200_120_0.1_0.8_2.C	102	0.600	51.300	0.454
BPP_200_120_0.1_0.8_3.C	91	4.000	47.500	0.456
BPP_200_120_0.1_0.8_3.C	91	4.000	47.500	0.455
BPP_200_120_0.1_0.8_3.C	91	4.000	47.500	0.407
BPP_200_120_0.1_0.8_3.C	91	4.000	47.500	0.419
BPP_200_120_0.1_0.8_3.C	91	3.800	47.400	0.491
BPP_200_120_0.1_0.8_3.C	91	4.000	47.500	0.429
BPP_200_120_0.1_0.8_3.C	91	3.600	47.300	0.459
BPP_200_120_0.1_0.8_3.C	91	4.200	47.600	0.432
BPP_200_120_0.1_0.8_3.C	91	3.800	47.400	0.425
BPP_200_120_0.1_0.8_3.C	91	3.800	47.400	0.496
BPP_200_120_0.1_0.8_4.C	99	2.000	50.500	0.462
BPP_200_120_0.1_0.8_4.C	99	2.000	50.500	0.447
BPP_200_120_0.1_0.8_4.C	98	2.000	50.000	0.434
BPP_200_120_0.1_0.8_4.C	98	2.000	50.000	0.475
BPP_200_120_0.1_0.8_4.C	99	2.000	50.500	0.469
BPP_200_120_0.1_0.8_4.C	98	2.000	50.000	0.467
BPP_200_120_0.1_0.8_4.C	98	2.000	50.000	0.457
BPP_200_120_0.1_0.8_4.C	98	2.000	50.000	0.451
BPP_200_120_0.1_0.8_4.C	99	2.000	50.500	0.437
BPP_200_120_0.1_0.8_4.C	98	2.000	50.000	0.452
BPP_200_120_0.1_0.8_5.C	95	2.000	48.500	0.435
BPP_200_120_0.1_0.8_5.C	94	2.000	48.000	0.430
BPP_200_120_0.1_0.8_5.C	94	2.000	48.000	0.429
BPP_200_120_0.1_0.8_5.C	94	2.200	48.100	0.613
BPP_200_120_0.1_0.8_5.C	94	2.200	48.100	0.783
BPP_200_120_0.1_0.8_5.C	94	2.200	48.100	0.439
BPP_200_120_0.1_0.8_5.C	95	2.000	48.500	0.438
BPP_200_120_0.1_0.8_5.C	94	2.200	48.100	0.441
BPP_200_120_0.1_0.8_5.C	95	2.000	48.500	0.431
BPP_200_120_0.1_0.8_5.C	95	2.000	48.500	0.507
BPP_200_120_0.1_0.8_6.C	92	1.000	46.500	0.411
BPP_200_120_0.1_0.8_6.C	92	0.800	46.400	0.483
BPP_200_120_0.1_0.8_6.C	92	0.800	46.400	0.424
BPP_200_120_0.1_0.8_6.C	92	1.600	46.800	0.420
BPP_200_120_0.1_0.8_6.C	92	1.000	46.500	0.450
BPP_200_120_0.1_0.8_6.C	92	1.000	46.500	0.479
BPP_200_120_0.1_0.8_6.C	92	0.800	46.400	0.421
BPP_200_120_0.1_0.8_6.C	92	0.800	46.400	0.416
BPP_200_120_0.1_0.8_6.C	92	1.400	46.700	0.427
BPP_200_120_0.1_0.8_6.C	92	0.800	46.400	0.413
BPP_200_120_0.1_0.8_7.C	94	3.400	48.700	0.469
BPP_200_120_0.1_0.8_7.C	94	3.400	48.700	0.430
BPP_200_120_0.1_0.8_7.C	94	3.600	48.800	0.503
BPP_200_120_0.1_0.8_7.C	94	3.400	48.700	0.541
BPP_200_120_0.1_0.8_7.C	95	3.600	49.300	0.431
BPP_200_120_0.1_0.8_7.C	95	3.400	49.200	0.471
BPP_200_120_0.1_0.8_7.C	95	3.400	49.200	0.442
BPP_200_120_0.1_0.8_7.C	94	3.800	48.900	0.482
BPP_200_120_0.1_0.8_7.C	95	3.400	49.200	0.461
BPP_200_120_0.1_0.8_7.C	95	3.400	49.200	0.433
BPP_200_120_0.1_0.8_8.C	90	8.400	49.200	0.426
BPP_200_120_0.1_0.8_8.C	90	8.600	49.300	0.422
BPP_200_120_0.1_0.8_8.C	89	8.800	48.900	0.403
BPP_200_120_0.1_0.8_8.C	90	8.400	49.200	0.431
BPP_200_120_0.1_0.8_8.C	90	8.400	49.200	0.473
BPP_200_120_0.1_0.8_8.C	90	8.400	49.200	0.413
BPP_200_120_0.1_0.8_8.C	89	9.000	49.000	0.411
BPP_200_120_0.1_0.8_8.C	90	8.400	49.200	0.407
BPP_200_120_0.1_0.8_8.C	90	8.600	49.300	0.441
BPP_200_120_0.1_0.8_8.C	90	8.000	49.000	0.407
BPP_200_120_0.1_0.8_9.C	99	7.600	53.300	0.452
BPP_200_120_0.1_0.8_9.C	99	7.400	53.200	0.438
BPP_200_120_0.1_0.8_9.C	100	7.400	53.700	0.436
BPP_200_120_0.1_0.8_9.C	100	7.400	53.700	0.508
BPP_200_120_0.1_0.8_9.C	100	7.400	53.700	0.443
BPP_200_120_0.1_0.8_9.C	100	7.400	53.700	0.444
BPP_200_120_0.1_0.8_9.C	100	7.400	53.700	0.460
BPP_200_120_0.1_0.8_9.C	100	7.400	53.700	0.507
BPP_200_120_0.1_0.8_9.C	100	7.400	53.700	0.442
BPP_200_120_0.1_0.8_9.C	100	7.400	53.700	0.443
BPP_200_125_0.1_0.8_0.C	95	4.400	49.700	0.439
BPP_200_125_0.1_0.8_0.C	95	4.400	49.700	0.438
BPP_200_125_0.1_0.8_0.C	95	4.400	49.700	0.444
BPP_200_125_0.1_0.8_0.C	95	4.000	49.500	0.478
BPP_200_125_0.1_0.8_0.C	95	4.000	49.500	0.450
BPP_200_125_0.1_0.8_0.C	95	4.000	49.500	0.467
BPP_200_125_0.1_0.8_0.C	95	4.400	49.700	0.441
BPP_200_125_0.1_0.8_0.C	95	4.400	49.700	0.434
BPP_200_125_0.1_0.8_0.C	95	4.200	49.600	0.441
BPP_200_125_0.1_0.8_0.C	95	4.000	49.500	0.444
BPP_200_125_0.1_0.8_1.C	101	3.200	52.100	0.489
BPP_200_125_0.1_0.8_1.C	100	2.400	51.200	0.531
BPP_200_125_0.1_0.8_1.C	101	3.000	52.000	0.535
BPP_200_125_0.1_0.8_1.C	101	3.200	52.100	0.495
BPP_200_125_0.1_0.8_1.C	101	3.000	52.000	0.492
BPP_200_125_0.1_0.8_1.C	101	3.000	52.000	0.481
BPP_200_125_0.1_0.8_1.C	101	3.000	52.000	0.517
BPP_200_125_0.1_0.8_1.C	101	2.800	51.900	0.524
BPP_200_125_0.1_0.8_1.C	101	3.000	52.000	0.484
BPP_200_125_0.1_0.8_1.C	101	2.800	51.900	0.484
BPP_200_125_0.1_0.8_2.C	91	5.000	48.000	0.430
BPP_200_125_0.1_0.8_2.C	91	5.200	48.100	0.437
BPP_200_125_0.1_0.8_2.C	91	5.200	48.100	0.451
BPP_200_125_0.1_0.8_2.C	91	5.000	48.000	0.466
BPP_200_125_0.1_0.8_2.C	91	4.800	47.900	0.434
BPP_200_125_0.1_0.8_2.C	91	5.000	48.000	0.441
BPP_200_125_0.1_0.8_2.C	91	5.000	48.000	0.432
BPP_200_125_0.1_0.8_2.C	91	5.200	48.100	0.553
BPP_200_125_0.1_0.8_2.C	91	5.000	48.000	0.427
BPP_200_125_0.1_0.8_2.C	91	5.200	48.100	0.425
BPP_200_125_0.1_0.8_3.C	90	10.200	50.100	0.438
BPP_200_125_0.1_0.8_3.C	90	10.600	50.300	0.429
BPP_200_125_0.1_0.8_3.C	89	10.600	49.800	0.437
BPP_200_125_0.1_0.8_3.C	90	10.600	50.300	0.435
BPP_200_125_0.1_0.8_3.C	90	10.600	50.300	0.438
BPP_200_125_0.1_0.8_3.C	90	10.400	50.200	0.421
BPP_200_125_0.1_0.8_3.C	90	10.400	50.200	0.421
BPP_200_125_0.1_0.8_3.C	89	10.600	49.800	0.438
BPP_200_125_0.1_0.8_3.C	89	10.400	49.700	0.428
BPP_200_125_0.1_0.8_3.C	90	10.400	50.200	0.424
BPP_200_125_0.1_0.8_4.C	91	6.000	48.500	0.422
BPP_200_125_0.1_0.8_4.C	90	6.200	48.100	0.440
BPP_200_125_0.1_0.8_4.C	91	6.000	48.500	0.428
BPP_200_125_0.1_0.8_4.C	91	6.000	48.500	0.430
BPP_200_125_0.1_0.8_4.C	91	5.800	48.400	0.420
BPP_200_125_0.1_0.8_4.C	91	5.800	48.400	0.432
BPP_200_125_0.1_0.8_4.C	91	6.000	48.500	0.424
BPP_200_125_0.1_0.8_4.C	91	6.000	48.500	0.435
BPP_200_125_0.1_0.8_4.C	91	6.000	48.500	0.420
BPP_200_125_0.1_0.8_4.C	91	5.800	48.400	0.429
BPP_200_125_0.1_0.8_5.C	98	5.200	51.600	0.455
BPP_200_125_0.1_0.8_5.C	98	5.200	51.600	0.460
BPP_200_125_0.1_0.8_5.C	98	5.200	51.600	0.456
BPP_200_125_0.1_0.8_5.C	98	5.200	51.600	0.460
BPP_200_125_0.1_0.8_5.C	98	5.200	51.600	0.454
BPP_200_125_0.1_0.8_5.C	98	5.200	51.600	0.461
BPP_200_125_0.1_0.8_5.C	98	5.200	51.600	0.456
BPP_200_125_0.1_0.8_5.C	98	5.200	51.600	0.477
BPP_200_125_0.1_0.8_5.C	98	5.200	51.600	0.448
BPP_200_125_0.1_0.8_5.C	98	5.200	51.600	0.453
BPP_200_125_0.1_0.8_6.C	92	3.000	47.500	0.443
BPP_200_125_0.1_0.8_6.C	92	2.400	47.200	0.438
BPP_200_125_0.1_0.8_6.C	92	2.400	47.200	0.458
BPP_200_125_0.1_0.8_6.C	92	2.800	47.400	0.449
BPP_200_125_0.1_0.8_6.C	92	2.400	47.200	0.430
BPP_200_125_0.1_0.8_6.C	92	2.400	47.200	0.445
BPP_200_125_0.1_0.8_6.C	92	2.400	47.200	0.433
BPP_200_125_0.1_0.8_6.C	92	3.000	47.500	0.443
BPP_200_125_0.1_0.8_6.C	92	2.400	47.200	0.475
BPP_200_125_0.1_0.8_6.C	92	2.400	47.200	0.425
BPP_200_125_0.1_0.8_7.C	89	3.200	46.100	0.421
BPP_200_125_0.1_0.8_7.C	88	3.600	45.800	0.455
BPP_200_125_0.1_0.8_7.C	89	3.200	46.100	0.421
BPP_200_125_0.1_0.8_7.C	88	3.600	45.800	0.431
BPP_200_125_0.1_0.8_7.C	89	3.400	46.200	0.442
BPP_200_125_0.1_0.8_7.C	89	3.200	46.100	0.434
BPP_200_125_0.1_0.8_7.C	89	3.600	46.300	0.697
BPP_200_125_0.1_0.8_7.C	89	3.600	46.300	0.420
BPP_200_125_0.1_0.8_7.C	89	3.400	46.200	0.416
BPP_200_125_0.1_0.8_7.C	88	3.600	45.800	0.410
BPP_200_125_0.1_0.8_8.C	95	2.800	48.900	0.441
BPP_200_125_0.1_0.8_8.C	95	2.800	48.900	0.452
BPP_200_125_0.1_0.8_8.C	95	2.600	48.800	0.461
BPP_200_125_0.1_0.8_8.C	95	2.800	48.900	0.460
BPP_200_125_0.1_0.8_8.C	95	2.800	48.900	0.448
BPP_200_125_0.1_0.8_8.C	95	2.800	48.900	0.465
BPP_200_125_0.1_0.8_8.C	95	2.800	48.900	0.432
BPP_200_125_0.1_0.8_8.C	95	2.600	48.800	0.456
BPP_200_125_0.1_0.8_8.C	95	2.800	48.900	0.448
BPP_200_125_0.1_0.8_8.C	95	2.800	48.900	0.460
BPP_200_125_0.1_0.8_9.C	94	2.200	48.100	0.447
BPP_200_125_0.1_0.8_9.C	94	1.400	47.700	0.460
BPP_200_125_0.1_0.8_9.C	94	1.200	47.600	0.451
BPP_200_125_0.1_0.8_9.C	94	1.600	47.800	0.634
BPP_200_125_0.1_0.8_9.C	94	1.800	47.900	0.431
BPP_200_125_0.1_0.8_9.C	94	1.400	47.700	0.445
BPP_200_125_0.1_0.8_9.C	94	1.400	47.700	0.449
BPP_200_125_0.1_0.8_9.C	94	1.400	47.700	0.426
BPP_200_125_0.1_0.8_9.C	94	2.200	48.100	0.462
BPP_200_125_0.1_0.8_9.C	95	1.200	48.100	0.434
BPP_200_150_0.1_0.8_0.C	93	1.600	47.300	0.505
BPP_200_150_0.1_0.8_0.C	93	1.600	47.300	0.508
BPP_200_150_0.1_0.8_0.C	93	1.000	47.000	0.527
BPP_200_150_0.1_0.8_0.C	93	1.600	47.300	0.500
BPP_200_150_0.1_0.8_0.C	93	1.600	47.300	0.513
BPP_200_150_0.1_0.8_0.C	94	1.000	47.500	0.502
BPP_200_150_0.1_0.8_0.C	93	1.600	47.300	0.510
BPP_200_150_0.1_0.8_0.C	94	1.000	47.500	0.520
BPP_200_150_0.1_0.8_0.C	94	1.000	47.500	0.534
BPP_200_150_0.1_0.8_0.C	93	1.600	47.300	0.500
BPP_200_150_0.1_0.8_1.C	94	3.400	48.700	0.518
BPP_200_150_0.1_0.8_1.C	94	3.600	48.800	0.534
BPP_200_150_0.1_0.8_1.C	93	3.800	48.400	0.532
BPP_200_150_0.1_0.8_1.C	94	3.400	48.700	0.531
BPP_200_150_0.1_0.8_1.C	94	3.400	48.700	0.507
BPP_200_150_0.1_0.8_1.C	94	3.400	48.700	0.510
BPP_200_150_0.1_0.8_1.C	94	3.400	48.700	0.521
BPP_200_150_0.1_0.8_1.C	94	3.400	48.700	0.530
BPP_200_150_0.1_0.8_1.C	94	3.400	48.700	0.513
BPP_200_150_0.1_0.8_1.C	94	3.600	48.800	0.524
BPP_200_150_0.1_0.8_2.C	93	1.600	47.300	0.573
BPP_200_150_0.1_0.8_2.C	93	1.400	47.200	0.589
BPP_200_150_0.1_0.8_2.C	93	1.800	47.400	0.573
BPP_200_150_0.1_0.8_2.C	93	2.400	47.700	0.537
BPP_200_150_0.1_0.8_2.C	93	2.400	47.700	0.517
BPP_200_150_0.1_0.8_2.C	93	2.600	47.800	0.523
BPP_200_150_0.1_0.8_2.C	93	1.400	47.200	0.543
BPP_200_150_0.1_0.8_2.C	93	2.600	47.800	0.505
BPP_200_150_0.1_0.8_2.C	93	2.000	47.500	0.567
BPP_200_150_0.1_0.8_2.C	93	1.600	47.300	0.564
BPP_200_150_0.1_0.8_3.C	96	5.200	50.600	0.535
BPP_200_150_0.1_0.8_3.C	95	5.000	50.000	0.543
BPP_200_150_0.1_0.8_3.C	95	5.000	50.000	0.557
BPP_200_150_0.1_0.8_3.C	96	5.000	50.500	0.551
BPP_200_150_0.1_0.8_3.C	96	5.000	50.500	0.536
BPP_200_150_0.1_0.8_3.C	96	5.000	50.500	0.553
BPP_200_150_0.1_0.8_3.C	95	5.800	50.400	0.706
BPP_200_150_0.1_0.8_3.C	96	5.000	50.500	0.788
BPP_200_150_0.1_0.8_3.C	96	5.000	50.500	0.536
BPP_200_150_0.1_0.8_3.C	96	5.000	50.500	0.535
BPP_200_150_0.1_0.8_4.C	103	6.400	54.700	0.565
BPP_200_150_0.1_0.8_4.C	104	5.400	54.700	0.700
BPP_200_150_0.1_0.8_4.C	104	5.800	54.900	0.562
BPP_200_150_0.1_0.8_4.C	104	5.400	54.700	0.635
BPP_200_150_0.1_0.8_4.C	104	5.800	54.900	0.558
BPP_200_150_0.1_0.8_4.C	104	5.600	54.800	0.625
BPP_200_150_0.1_0.8_4.C	104	5.400	54.700	0.605
BPP_200_150_0.1_0.8_4.C	104	5.600	54.800	0.617
BPP_200_150_0.1_0.8_4.C	104	6.000	55.000	0.594
BPP_200_150_0.1_0.8_4.C	104	5.800	54.900	0.563
BPP_200_150_0.1_0.8_5.C	94	6.600	50.300	0.523
BPP_200_150_0.1_0.8_5.C	94	6.400	50.200	0.598
BPP_200_150_0.1_0.8_5.C	94	6.800	50.400	0.539
BPP_200_150_0.1_0.8_5.C	94	6.400	50.200	0.533
BPP_200_150_0.1_0.8_5.C	95	5.600	50.300	0.521
BPP_200_150_0.1_0.8_5.C	94	6.600	50.300	0.602
BPP_200_150_0.1_0.8_5.C	94	6.800	50.400	0.730
BPP_200_150_0.1_0.8_5.C	94	6.800	50.400	0.511
BPP_200_150_0.1_0.8_5.C	94	6.400	50.200	0.517
BPP_200_150_0.1_0.8_5.C	94	6.200	50.100	0.529
BPP_200_150_0.1_0.8_6.C	96	3.600	49.800	0.529
BPP_200_150_0.1_0.8_6.C	97	3.000	50.000	0.562
BPP_200_150_0.1_0.8_6.C	97	3.000	50.000	0.516
BPP_200_150_0.1_0.8_6.C	97	3.000	50.000	0.524
BPP_200_150_0.1_0.8_6.C	97	3.200	50.100	0.549
BPP_200_150_0.1_0.8_6.C	97	3.200	50.100	0.526
BPP_200_150_0.1_0.8_6.C	97	3.000	50.000	0.518
BPP_200_150_0.1_0.8_6.C	97	3.000	50.000	0.527
BPP_200_150_0.1_0.8_6.C	97	3.000	50.000	0.530
BPP_200_150_0.1_0.8_6.C	97	3.000	50.000	0.530
BPP_200_150_0.1_0.8_7.C	101	11.000	56.000	0.573
BPP_200_150_0.1_0.8_7.C	101	11.000	56.000	0.556
BPP_200_150_0.1_0.8_7.C	101	11.000	56.000	0.582
BPP_200_150_0.1_0.8_7.C	101	10.800	55.900	0.574
BPP_200_150_0.1_0.8_7.C	101	10.800	55.900	0.596
BPP_200_150_0.1_0.8_7.C	101	10.800	55.900	0.672
BPP_200_150_0.1_0.8_7.C	101	10.400	55.700	0.621
BPP_200_150_0.1_0.8_7.C	101	9.800	55.400	0.669
BPP_200_150_0.1_0.8_7.C	101	9.800	55.400	0.709
BPP_200_150_0.1_0.8_7.C	101	10.800	55.900	0.604
BPP_200_150_0.1_0.8_8.C	94	2.800	48.400	0.538
BPP_200_150_0.1_0.8_8.C	95	1.800	48.400	0.538
BPP_200_150_0.1_0.8_8.C	95	2.200	48.600	0.527
BPP_200_150_0.1_0.8_8.C	94	2.400	48.200	0.525
BPP_200_150_0.1_0.8_8.C	94	2.200	48.100	0.534
BPP_200_150_0.1_0.8_8.C	95	2.200	48.600	0.509
BPP_200_150_0.1_0.8_8.C	94	2.000	48.000	0.510
BPP_200_150_0.1_0.8_8.C	94	2.600	48.300	0.518
BPP_200_150_0.1_0.8_8.C	94	2.600	48.300	0.520
BPP_200_150_0.1_0.8_8.C	94	2.200	48.100	0.515
BPP_200_150_0.1_0.8_9.C	92	2.200	47.100	0.537
BPP_200_150_0.1_0.8_9.C	92	2.200	47.100	0.563
BPP_200_150_0.1_0.8_9.C	92	2.200	47.100	0.630
BPP_200_150_0.1_0.8_9.C	92	2.200	47.100	0.506
BPP_200_150_0.1_0.8_9.C	92	2.200	47.100	0.522
BPP_200_150_0.1_0.8_9.C	92	2.200	47.100	0.551
BPP_200_150_0.1_0.8_9.C	92	2.200	47.100	0.532
BPP_200_150_0.1_0.8_9.C	92	2.200	47.100	0.524
BPP_200_150_0.1_0.8_9.C	92	2.200	47.100	0.548
BPP_200_150_0.1_0.8_9.C	92	2.200	47.100	0.527
BPP_200_200_0.1_0.8_0.C	95	0.000	47.500	0.647
BPP_200_200_0.1_0.8_0.C	94	0.000	47.000	0.709
BPP_200_200_0.1_0.8_0.C	95	0.000	47.500	0.662
BPP_200_200_0.1_0.8_0.C	95	0.000	47.500	0.677
BPP_200_200_0.1_0.8_0.C	95	0.000	47.500	0.666
BPP_200_200_0.1_0.8_0.C	95	0.000	47.500	0.663
BPP_200_200_0.1_0.8_0.C	95	0.000	47.500	0.671
BPP_200_200_0.1_0.8_0.C	95	0.000	47.500	0.665
BPP_200_200_0.1_0.8_0.C	95	0.000	47.500	0.654
BPP_200_200_0.1_0.8_0.C	95	0.000	47.500	0.663
BPP_200_200_0.1_0.8_1.C	96	8.800	52.400	0.694
BPP_200_200_0.1_0.8_1.C	97	8.200	52.600	0.705
BPP_200_200_0.1_0.8_1.C	97	8.600	52.800	0.691
BPP_200_200_0.1_0.8_1.C	96	8.800	52.400	0.745
BPP_200_200_0.1_0.8_1.C	96	8.800	52.400	0.684
BPP_200_200_0.1_0.8_1.C	96	8.800	52.400	0.678
BPP_200_200_0.1_0.8_1.C	96	8.800	52.400	0.688
BPP_200_200_0.1_0.8_1.C	97	8.600	52.800	0.723
BPP_200_200_0.1_0.8_1.C	96	8.600	52.300	0.719
BPP_200_200_0.1_0.8_1.C	96	8.600	52.300	0.719
BPP_200_200_0.1_0.8_2.C	87	7.000	47.000	0.645
BPP_200_200_0.1_0.8_2.C	87	7.000	47.000	0.610
BPP_200_200_0.1_0.8_2.C	87	7.000	47.000	0.622
BPP_200_200_0.1_0.8_2.C	87	7.000	47.000	0.619
BPP_200_200_0.1_0.8_2.C	87	7.000	47.000	0.611
BPP_200_200_0.1_0.8_2.C	87	7.000	47.000	0.608
BPP_200_200_0.1_0.8_2.C	87	7.000	47.000	0.621
BPP_200_200_0.1_0.8_2.C	87	7.000	47.000	0.633
BPP_200_200_0.1_0.8_2.C	87	7.000	47.000	0.606
BPP_200_200_0.1_0.8_2.C	87	7.000	47.000	0.630
BPP_200_200_0.1_0.8_3.C	91	2.600	46.800	0.680
BPP_200_200_0.1_0.8_3.C	91	2.600	46.800	0.629
BPP_200_200_0.1_0.8_3.C	91	2.600	46.800	0.709
BPP_200_200_0.1_0.8_3.C	91	2.600	46.800	0.652
BPP_200_200_0.1_0.8_3.C	91	2.600	46.800	0.645
BPP_200_200_0.1_0.8_3.C	91	2.600	46.800	0.670
BPP_200_200_0.1_0.8_3.C	91	2.600	46.800	0.639
BPP_200_200_0.1_0.8_3.C	91	2.600	46.800	0.643
BPP_200_200_0.1_0.8_3.C	90	2.800	46.400	0.676
BPP_200_200_0.1_0.8_3.C	91	2.600	46.800	0.680
BPP_200_200_0.1_0.8_4.C	93	5.000	49.000	0.670
BPP_200_200_0.1_0.8_4.C	93	5.000	49.000	0.677
BPP_200_200_0.1_0.8_4.C	93	5.000	49.000	0.661
BPP_200_200_0.1_0.8_4.C	93	5.000	49.000	0.682
BPP_200_200_0.1_0.8_4.C	93	5.400	49.200	0.646
BPP_200_200_0.1_0.8_4.C	93	5.000	49.000	0.646
BPP_200_200_0.1_0.8_4.C	93	5.200	49.100	0.680
BPP_200_200_0.1_0.8_4.C	94	5.000	49.500	0.646
BPP_200_200_0.1_0.8_4.C	93	4.800	48.900	0.718
BPP_200_200_0.1_0.8_4.C	93	4.800	48.900	0.656
BPP_200_200_0.1_0.8_5.C	92	0.600	46.300	0.687
BPP_200_200_0.1_0.8_5.C	92	0.600	46.300	0.673
BPP_200_200_0.1_0.8_5.C	92	0.600	46.300	0.671
BPP_200_200_0.1_0.8_5.C	92	0.600	46.300	0.689
BPP_200_200_0.1_0.8_5.C	92	0.600	46.300	0.675
BPP_200_200_0.1_0.8_5.C	92	0.600	46.300	0.658
BPP_200_200_0.1_0.8_5.C	92	0.600	46.300	0.681
BPP_200_200_0.1_0.8_5.C	92	0.600	46.300	0.653
BPP_200_200_0.1_0.8_5.C	92	0.600	46.300	0.663
BPP_200_200_0.1_0.8_5.C	92	0.600	46.300	0.659
BPP_200_200_0.1_0.8_6.C	100	0.000	50.000	0.759
BPP_200_200_0.1_0.8_6.C	100	0.000	50.000	0.709
BPP_200_200_0.1_0.8_6.C	100	0.200	50.100	0.746
BPP_200_200_0.1_0.8_6.C	100	0.200	50.100	0.720
BPP_200_200_0.1_0.8_6.C	100	0.400	50.200	0.697
BPP_200_200_0.1_0.8_6.C	100	0.000	50.000	0.817
BPP_200_200_0.1_0.8_6.C	100	0.000	50.000	0.801
BPP_200_200_0.1_0.8_6.C	99	0.600	49.800	0.749
BPP_200_200_0.1_0.8_6.C	100	0.000	50.000	0.683
BPP_200_200_0.1_0.8_6.C	100	0.000	50.000	0.753
BPP_200_200_0.1_0.8_7.C	93	0.000	46.500	0.657
BPP_200_200_0.1_0.8_7.C	93	0.000	46.500	0.665
BPP_200_200_0.1_0.8_7.C	93	0.000	46.500	0.661
BPP_200_200_0.1_0.8_7.C	93	0.000	46.500	0.655
BPP_200_200_0.1_0.8_7.C	93	0.000	46.500	0.654
BPP_200_200_0.1_0.8_7.C	92	0.000	46.000	0.696
BPP_200_200_0.1_0.8_7.C	93	0.000	46.500	0.647
BPP_200_200_0.1_0.8_7.C	93	0.000	46.500	0.659
BPP_200_200_0.1_0.8_7.C	93	0.000	46.500	0.684
BPP_200_200_0.1_0.8_7.C	93	0.000	46.500	0.650
BPP_200_200_0.1_0.8_8.C	100	4.400	52.200	0.711
BPP_200_200_0.1_0.8_8.C	99	4.400	51.700	0.725
BPP_200_200_0.1_0.8_8.C	99	4.600	51.800	0.692
BPP_200_200_0.1_0.8_8.C	100	3.800	51.900	0.720
BPP_200_200_0.1_0.8_8.C	100	4.000	52.000	0.688
BPP_200_200_0.1_0.8_8.C	99	4.400	51.700	0.716
BPP_200_200_0.1_0.8_8.C	99	4.600	51.800	0.729
BPP_200_200_0.1_0.8_8.C	99	4.600	51.800	0.721
BPP_200_200_0.1_0.8_8.C	99	4.400	51.700	0.697
BPP_200_200_0.1_0.8_8.C	99	4.600	51.800	0.710
BPP_200_200_0.1_0.8_9.C	95	2.600	48.800	0.711
BPP_200_200_0.1_0.8_9.C	95	2.000	48.500	0.700
BPP_200_200_0.1_0.8_9.C	95	2.400	48.700	0.694
BPP_200_200_0.1_0.8_9.C	95	2.200	48.600	0.670
BPP_200_200_0.1_0.8_9.C	95	2.000	48.500	0.704
BPP_200_200_0.1_0.8_9.C	95	2.200	48.600	0.712
BPP_200_200_0.1_0.8_9.C	95	2.000	48.500	0.680
BPP_200_200_0.1_0.8_9.C	95	2.200	48.600	0.703
BPP_200_200_0.1_0.8_9.C	95	1.000	48.000	0.812
BPP_200_200_0.1_0.8_9.C	95	1.800	48.400	0.764
BPP_200_300_0.1_0.8_0.C	91	0.000	45.500	1.067
BPP_200_300_0.1_0.8_0.C	91	0.000	45.500	1.057
BPP_200_300_0.1_0.8_0.C	91	0.000	45.500	1.061
BPP_200_300_0.1_0.8_0.C	91	0.000	45.500	1.062
BPP_200_300_0.1_0.8_0.C	91	0.000	45.500	1.047
BPP_200_300_0.1_0.8_0.C	91	0.000	45.500	1.057
BPP_200_300_0.1_0.8_0.C	91	0.000	45.500	1.049
BPP_200_300_0.1_0.8_0.C	91	0.000	45.500	1.069
BPP_200_300_0.1_0.8_0.C	91	0.000	45.500	1.065
BPP_200_300_0.1_0.8_0.C	91	0.000	45.500	1.047
BPP_200_300_0.1_0.8_1.C	97	3.400	50.200	1.101
BPP_200_300_0.1_0.8_1.C	97	3.200	50.100	1.087
BPP_200_300_0.1_0.8_1.C	97	3.600	50.300	1.086
BPP_200_300_0.1_0.8_1.C	97	3.200	50.100	1.158
BPP_200_300_0.1_0.8_1.C	98	2.600	50.300	1.106
BPP_200_300_0.1_0.8_1.C	97	3.400	50.200	1.089
BPP_200_300_0.1_0.8_1.C	97	3.200	50.100	1.089
BPP_200_300_0.1_0.8_1.C	97	2.800	49.900	1.147
BPP_200_300_0.1_0.8_1.C	97	3.600	50.300	1.102
BPP_200_300_0.1_0.8_1.C	97	3.400	50.200	1.094
BPP_200_300_0.1_0.8_2.C	96	0.200	48.100	1.083
BPP_200_300_0.1_0.8_2.C	96	0.200	48.100	1.094
BPP_200_300_0.1_0.8_2.C	96	0.800	48.400	1.076
BPP_200_300_0.1_0.8_2.C	95	0.800	47.900	1.121
BPP_200_300_0.1_0.8_2.C	95	0.200	47.600	1.107
BPP_200_300_0.1_0.8_2.C	95	0.200	47.600	1.111
BPP_200_300_0.1_0.8_2.C	96	0.200	48.100	1.112
BPP_200_300_0.1_0.8_2.C	96	0.200	48.100	1.080
BPP_200_300_0.1_0.8_2.C	96	0.800	48.400	1.093
BPP_200_300_0.1_0.8_2.C	95	0.800	47.900	1.145
BPP_200_300_0.1_0.8_3.C	99	9.600	54.300	1.136
BPP_200_300_0.1_0.8_3.C	99	9.800	54.400	1.166
BPP_200_300_0.1_0.8_3.C	99	9.600	54.300	1.407
BPP_200_300_0.1_0.8_3.C	99	9.600	54.300	1.169
BPP_200_300_0.1_0.8_3.C	99	9.800	54.400	1.161
BPP_200_300_0.1_0.8_3.C	99	9.800	54.400	1.131
BPP_200_300_0.1_0.8_3.C	99	9.600	54.300	1.137
BPP_200_300_0.1_0.8_3.C	99	9.800	54.400	1.156
BPP_200_300_0.1_0.8_3.C	99	9.800	54.400	1.138
BPP_200_300_0.1_0.8_3.C	99	9.600	54.300	1.152
BPP_200_300_0.1_0.8_4.C	94	7.400	50.700	1.097
BPP_200_300_0.1_0.8_4.C	94	7.400	50.700	1.102
BPP_200_300_0.1_0.8_4.C	94	7.200	50.600	1.181
BPP_200_300_0.1_0.8_4.C	95	7.200	51.100	1.074
BPP_200_300_0.1_0.8_4.C	95	7.200	51.100	1.088
BPP_200_300_0.1_0.8_4.C	94	7.400	50.700	1.102
BPP_200_300_0.1_0.8_4.C	94	7.200	50.600	1.138
BPP_200_300_0.1_0.8_4.C	95	7.200	51.100	1.078
BPP_200_300_0.1_0.8_4.C	95	7.200	51.100	1.079
BPP_200_300_0.1_0.8_4.C	94	7.200	50.600	1.098
BPP_200_300_0.1_0.8_5.C	89	1.000	45.000	1.036
BPP_200_300_0.1_0.8_5.C	89	1.000	45.000	1.089
BPP_200_300_0.1_0.8_5.C	89	1.000	45.000	1.021
BPP_200_300_0.1_0.8_5.C	89	1.000	45.000	1.034
BPP_200_300_0.1_0.8_5.C	89	1.000	45.000	1.256
BPP_200_300_0.1_0.8_5.C	89	1.200	45.100	1.141
BPP_200_300_0.1_0.8_5.C	89	1.000	45.000	1.016
BPP_200_300_0.1_0.8_5.C	89	1.000	45.000	1.064
BPP_200_300_0.1_0.8_5.C	89	1.000	45.000	1.034
BPP_200_300_0.1_0.8_5.C	89	1.200	45.100	1.043
BPP_200_300_0.1_0.8_6.C	98	2.600	50.300	1.216
BPP_200_300_0.1_0.8_6.C	99	2.800	50.900	1.132
BPP_200_300_0.1_0.8_6.C	98	3.000	50.500	1.139
BPP_200_300_0.1_0.8_6.C	98	3.000	50.500	1.086
BPP_200_300_0.1_0.8_6.C	99	2.600	50.800	1.096
BPP_200_300_0.1_0.8_6.C	99	2.600	50.800	1.125
BPP_200_300_0.1_0.8_6.C	98	3.600	50.800	1.106
BPP_200_300_0.1_0.8_6.C	98	2.800	50.400	1.128
BPP_200_300_0.1_0.8_6.C	99	2.800	50.900	1.167
BPP_200_300_0.1_0.8_6.C	98	2.800	50.400	1.101
BPP_200_300_0.1_0.8_7.C	91	0.200	45.600	1.081
BPP_200_300_0.1_0.8_7.C	91	0.000	45.500	1.071
BPP_200_300_0.1_0.8_7.C	91	0.000	45.500	1.138
BPP_200_300_0.1_0.8_7.C	91	0.000	45.500	1.056
BPP_200_300_0.1_0.8_7.C	91	0.600	45.800	1.098
BPP_200_300_0.1_0.8_7.C	91	0.000	45.500	1.135
BPP_200_300_0.1_0.8_7.C	91	0.000	45.500	1.075
BPP_200_300_0.1_0.8_7.C	91	0.400	45.700	1.032
BPP_200_300_0.1_0.8_7.C	91	0.400	45.700	1.077
BPP_200_300_0.1_0.8_7.C	90	0.000	45.000	1.033
BPP_200_300_0.1_0.8_8.C	92	4.800	48.400	1.096
BPP_200_300_0.1_0.8_8.C	92	4.400	48.200	1.101
BPP_200_300_0.1_0.8_8.C	92	4.800	48.400	1.084
BPP_200_300_0.1_0.8_8.C	92	4.400	48.200	1.090
BPP_200_300_0.1_0.8_8.C	92	4.600	48.300	1.103
BPP_200_300_0.1_0.8_8.C	92	4.800	48.400	1.121
BPP_200_300_0.1_0.8_8.C	92	4.600	48.300	1.058
BPP_200_300_0.1_0.8_8.C	92	4.800	48.400	1.088
BPP_200_300_0.1_0.8_8.C	92	4.800	48.400	1.121
BPP_200_300_0.1_0.8_8.C	92	4.800	48.400	1.140
BPP_200_300_0.1_0.8_9.C	99	4.600	51.800	1.310
BPP_200_300_0.1_0.8_9.C	99	5.200	52.100	1.138
BPP_200_300_0.1_0.8_9.C	99	3.200	51.100	1.431
BPP_200_300_0.1_0.8_9.C	99	4.800	51.900	1.191
BPP_200_300_0.1_0.8_9.C	99	4.200	51.600	1.275
BPP_200_300_0.1_0.8_9.C	99	5.000	52.000	1.142
BPP_200_300_0.1_0.8_9.C	99	5.000	52.000	1.167
BPP_200_300_0.1_0.8_9.C	99	5.200	52.100	1.117
BPP_200_300_0.1_0.8_9.C	99	4.800	51.900	1.172
BPP_200_300_0.1_0.8_9.C	99	3.600	51.300	1.335
BPP_200_400_0.1_0.8_0.C	101	6.800	53.900	1.651
BPP_200_400_0.1_0.8_0.C	100	3.800	51.900	1.886
BPP_200_400_0.1_0.8_0.C	101	5.400	53.200	2.145
BPP_200_400_0.1_0.8_0.C	101	5.400	53.200	1.672
BPP_200_400_0.1_0.8_0.C	101	5.600	53.300	1.677
BPP_200_400_0.1_0.8_0.C	101	4.800	52.900	2.125
BPP_200_400_0.1_0.8_0.C	101	5.800	53.400	1.659
BPP_200_400_0.1_0.8_0.C	101	5.000	53.000	1.719
BPP_200_400_0.1_0.8_0.C	101	5.400	53.200	1.714
BPP_200_400_0.1_0.8_0.C	100	5.000	52.500	1.826
BPP_200_400_0.1_0.8_1.C	95	0.400	47.700	1.532
BPP_200_400_0.1_0.8_1.C	95	0.400	47.700	1.545
BPP_200_400_0.1_0.8_1.C	95	0.400	47.700	1.520
BPP_200_400_0.1_0.8_1.C	95	0.400	47.700	1.561
BPP_200_400_0.1_0.8_1.C	95	0.400	47.700	1.806
BPP_200_400_0.1_0.8_1.C	95	0.400	47.700	1.566
BPP_200_400_0.1_0.8_1.C	95	0.400	47.700	1.562
BPP_200_400_0.1_0.8_1.C	95	0.400	47.700	1.584
BPP_200_400_0.1_0.8_1.C	95	0.400	47.700	1.542
BPP_200_400_0.1_0.8_1.C	95	0.400	47.700	1.526
BPP_200_400_0.1_0.8_2.C	99	1.800	50.400	1.636
BPP_200_400_0.1_0.8_2.C	99	2.400	50.700	1.612
BPP_200_400_0.1_0.8_2.C	99	1.800	50.400	1.658
BPP_200_400_0.1_0.8_2.C	99	1.800	50.400	1.613
BPP_200_400_0.1_0.8_2.C	99	1.800	50.400	1.731
BPP_200_400_0.1_0.8_2.C	100	1.800	50.900	1.613
BPP_200_400_0.1_0.8_2.C	100	1.800	50.900	1.624
BPP_200_400_0.1_0.8_2.C	99	1.800	50.400	1.633
BPP_200_400_0.1_0.8_2.C	99	1.800	50.400	1.615
BPP_200_400_0.1_0.8_2.C	99	1.800	50.400	1.603
BPP_200_400_0.1_0.8_3.C	96	3.400	49.700	1.569
BPP_200_400_0.1_0.8_3.C	97	3.200	50.100	1.588
BPP_200_400_0.1_0.8_3.C	97	3.400	50.200	1.510
BPP_200_400_0.1_0.8_3.C	96	3.200	49.600	1.848
BPP_200_400_0.1_0.8_3.C	96	3.200	49.600	1.573
BPP_200_400_0.1_0.8_3.C	97	3.200	50.100	1.567
BPP_200_400_0.1_0.8_3.C	96	3.200	49.600	1.814
BPP_200_400_0.1_0.8_3.C	96	3.400	49.700	1.592
BPP_200_400_0.1_0.8_3.C	96	3.400	49.700	1.571
BPP_200_400_0.1_0.8_3.C	97	3.200	50.100	1.547
BPP_200_400_0.1_0.8_4.C	93	8.000	50.500	1.544
BPP_200_400_0.1_0.8_4.C	93	7.800	50.400	1.558
BPP_200_400_0.1_0.8_4.C	93	7.800	50.400	1.639
BPP_200_400_0.1_0.8_4.C	93	8.000	50.500	1.538
BPP_200_400_0.1_0.8_4.C	93	7.600	50.300	1.526
BPP_200_400_0.1_0.8_4.C	93	8.200	50.600	1.635
BPP_200_400_0.1_0.8_4.C	93	8.000	50.500	1.537
BPP_200_400_0.1_0.8_4.C	93	8.000	50.500	1.539
BPP_200_400_0.1_0.8_4.C	93	7.800	50.400	1.558
BPP_200_400_0.1_0.8_4.C	93	8.400	50.700	1.521
BPP_200_400_0.1_0.8_5.C	88	2.400	45.200	1.444
BPP_200_400_0.1_0.8_5.C	88	2.600	45.300	1.437
BPP_200_400_0.1_0.8_5.C	88	2.600	45.300	1.462
BPP_200_400_0.1_0.8_5.C	88	2.600	45.300	1.420
BPP_200_400_0.1_0.8_5.C	88	2.600	45.300	1.410
BPP_200_400_0.1_0.8_5.C	88	2.600	45.300	1.463
BPP_200_400_0.1_0.8_5.C	88	2.600	45.300	1.404
BPP_200_400_0.1_0.8_5.C	88	2.600	45.300	1.459
BPP_200_400_0.1_0.8_5.C	88	2.800	45.400	1.447
BPP_200_400_0.1_0.8_5.C	88	2.600	45.300	1.446
BPP_200_400_0.1_0.8_6.C	91	1.800	46.400	1.455
BPP_200_400_0.1_0.8_6.C	91	1.800	46.400	1.493
BPP_200_400_0.1_0.8_6.C	91	1.600	46.300	1.477
BPP_200_400_0.1_0.8_6.C	91	1.800	46.400	1.488
BPP_200_400_0.1_0.8_6.C	91	1.800	46.400	1.454
BPP_200_400_0.1_0.8_6.C	91	1.600	46.300	1.446
BPP_200_400_0.1_0.8_6.C	91	1.800	46.400	1.452
BPP_200_400_0.1_0.8_6.C	91	1.600	46.300	1.476
BPP_200_400_0.1_0.8_6.C	91	1.600	46.300	1.475
BPP_200_400_0.1_0.8_6.C	91	1.800	46.400	1.482
BPP_200_400_0.1_0.8_7.C	96	0.600	48.300	1.535
BPP_200_400_0.1_0.8_7.C	96	0.600	48.300	1.519
BPP_200_400_0.1_0.8_7.C	96	0.200	48.100	1.556
BPP_200_400_0.1_0.8_7.C	96	0.200	48.100	1.542
BPP_200_400_0.1_0.8_7.C	95	0.200	47.600	1.582
BPP_200_400_0.1_0.8_7.C	95	0.600	47.800	1.560
BPP_200_400_0.1_0.8_7.C	96	0.600	48.300	1.551
BPP_200_400_0.1_0.8_7.C	95	0.800	47.900	1.568
BPP_200_400_0.1_0.8_7.C	96	0.600	48.300	1.585
BPP_200_400_0.1_0.8_7.C	96	0.600	48.300	1.939
BPP_200_400_0.1_0.8_8.C	94	0.800	47.400	1.584
BPP_200_400_0.1_0.8_8.C	95	0.800	47.900	1.550
BPP_200_400_0.1_0.8_8.C	95	0.800	47.900	1.561
BPP_200_400_0.1_0.8_8.C	95	0.800	47.900	1.678
BPP_200_400_0.1_0.8_8.C	95	0.800	47.900	1.611
BPP_200_400_0.1_0.8_8.C	95	0.800	47.900	1.561
BPP_200_400_0.1_0.8_8.C	95	0.800	47.900	1.535
BPP_200_400_0.1_0.8_8.C	94	0.800	47.400	1.582
BPP_200_400_0.1_0.8_8.C	95	0.800	47.900	1.582
BPP_200_400_0.1_0.8_8.C	95	0.800	47.900	1.523
BPP_200_400_0.1_0.8_9.C	97	2.000	49.500	1.524
BPP_200_400_0.1_0.8_9.C	97	2.000	49.500	1.540
BPP_200_400_0.1_0.8_9.C	97	2.000	49.500	1.559
BPP_200_400_0.1_0.8_9.C	97	2.000	49.500	1.542
BPP_200_400_0.1_0.8_9.C	97	2.200	49.600	1.543
BPP_200_400_0.1_0.8_9.C	97	2.200	49.600	1.534
BPP_200_400_0.1_0.8_9.C	97	2.000	49.500	1.560
BPP_200_400_0.1_0.8_9.C	97	2.000	49.500	1.593
BPP_200_400_0.1_0.8_9.C	97	2.000	49.500	1.557
BPP_200_400_0.1_0.8_9.C	97	2.000	49.500	1.585
BPP_200_500_0.1_0.8_0.C	101	3.800	52.400	1.820
BPP_200_500_0.1_0.8_0.C	101	3.600	52.300	1.852
BPP_200_500_0.1_0.8_0.C	100	2.400	51.200	1.887
BPP_200_500_0.1_0.8_0.C	101	2.800	51.900	1.866
BPP_200_500_0.1_0.8_0.C	101	3.800	52.400	1.795
BPP_200_500_0.1_0.8_0.C	101	2.200	51.600	1.857
BPP_200_500_0.1_0.8_0.C	100	3.400	51.700	1.909
BPP_200_500_0.1_0.8_0.C	100	3.600	51.800	1.859
BPP_200_500_0.1_0.8_0.C	101	3.800	52.400	1.821
BPP_200_500_0.1_0.8_0.C	101	2.200	51.600	2.008
BPP_200_500_0.1_0.8_1.C	93	5.400	49.200	1.753
BPP_200_500_0.1_0.8_1.C	93	5.400	49.200	1.754
BPP_200_500_0.1_0.8_1.C	93	5.400	49.200	1.779
BPP_200_500_0.1_0.8_1.C	93	5.800	49.400	1.757
BPP_200_500_0.1_0.8_1.C	93	5.600	49.300	1.789
BPP_200_500_0.1_0.8_1.C	93	6.000	49.500	1.742
BPP_200_500_0.1_0.8_1.C	93	5.600	49.300	1.734
BPP_200_500_0.1_0.8_1.C	93	5.200	49.100	1.753
BPP_200_500_0.1_0.8_1.C	93	5.000	49.000	1.789
BPP_200_500_0.1_0.8_1.C	93	5.600	49.300	1.751
BPP_200_500_0.1_0.8_2.C	87	7.200	47.100	1.670
BPP_200_500_0.1_0.8_2.C	87	7.200	47.100	1.716
BPP_200_500_0.1_0.8_2.C	87	7.000	47.000	1.904
BPP_200_500_0.1_0.8_2.C	87	7.000	47.000	1.622
BPP_200_500_0.1_0.8_2.C	87	7.200	47.100	1.610
BPP_200_500_0.1_0.8_2.C	87	7.200	47.100	1.638
BPP_200_500_0.1_0.8_2.C	87	7.000	47.000	1.631
BPP_200_500_0.1_0.8_2.C	87	7.200	47.100	1.603
BPP_200_500_0.1_0.8_2.C	87	7.200	47.100	1.632
BPP_200_500_0.1_0.8_2.C	87	7.200	47.100	1.654
BPP_200_500_0.1_0.8_3.C	93	11.600	52.300	1.724
BPP_200_500_0.1_0.8_3.C	93	11.400	52.200	1.727
BPP_200_500_0.1_0.8_3.C	93	11.400	52.200	1.707
BPP_200_500_0.1_0.8_3.C	93	11.400	52.200	1.699
BPP_200_500_0.1_0.8_3.C	93	11.400	52.200	2.185
BPP_200_500_0.1_0.8_3.C	93	11.400	52.200	1.697
BPP_200_500_0.1_0.8_3.C	93	11.400	52.200	2.079
BPP_200_500_0.1_0.8_3.C	93	11.400	52.200	2.092
BPP_200_500_0.1_0.8_3.C	93	11.600	52.300	1.719
BPP_200_500_0.1_0.8_3.C	93	11.400	52.200	1.751
BPP_200_500_0.1_0.8_4.C	92	3.200	47.600	1.712
BPP_200_500_0.1_0.8_4.C	92	3.200	47.600	1.703
BPP_200_500_0.1_0.8_4.C	92	3.200	47.600	1.727
BPP_200_500_0.1_0.8_4.C	92	3.800	47.900	1.729
BPP_200_500_0.1_0.8_4.C	92	3.400	47.700	1.767
BPP_200_500_0.1_0.8_4.C	92	3.400	47.700	1.965
BPP_200_500_0.1_0.8_4.C	93	3.000	48.000	2.530
BPP_200_500_0.1_0.8_4.C	93	3.000	48.000	1.782
BPP_200_500_0.1_0.8_4.C	93	2.800	47.900	1.745
BPP_200_500_0.1_0.8_4.C	92	3.600	47.800	1.728
BPP_200_500_0.1_0.8_5.C	97	2.000	49.500	1.802
BPP_200_500_0.1_0.8_5.C	97	2.000	49.500	1.760
BPP_200_500_0.1_0.8_5.C	97	2.000	49.500	1.744
BPP_200_500_0.1_0.8_5.C	97	1.800	49.400	1.769
BPP_200_500_0.1_0.8_5.C	97	2.000	49.500	1.754
BPP_200_500_0.1_0.8_5.C	97	2.000	49.500	1.741
BPP_200_500_0.1_0.8_5.C	97	2.200	49.600	1.741
BPP_200_500_0.1_0.8_5.C	97	2.200	49.600	2.274
BPP_200_500_0.1_0.8_5.C	97	1.800	49.400	1.809
BPP_200_500_0.1_0.8_5.C	97	2.000	49.500	1.780
BPP_200_500_0.1_0.8_6.C	97	1.800	49.400	1.759
BPP_200_500_0.1_0.8_6.C	97	1.800	49.400	1.801
BPP_200_500_0.1_0.8_6.C	97	1.800	49.400	1.745
BPP_200_500_0.1_0.8_6.C	97	1.800	49.400	1.804
BPP_200_500_0.1_0.8_6.C	97	1.800	49.400	1.973
BPP_200_500_0.1_0.8_6.C	97	1.800	49.400	1.730
BPP_200_500_0.1_0.8_6.C	96	2.200	49.100	1.747
BPP_200_500_0.1_0.8_6.C	97	1.800	49.400	1.742
BPP_200_500_0.1_0.8_6.C	97	1.800	49.400	1.731
BPP_200_500_0.1_0.8_6.C	97	1.800	49.400	1.788
BPP_200_500_0.1_0.8_7.C	90	9.000	49.500	1.653
BPP_200_500_0.1_0.8_7.C	90	9.400	49.700	1.666
BPP_200_500_0.1_0.8_7.C	90	9.400	49.700	1.682
BPP_200_500_0.1_0.8_7.C	91	8.000	49.500	1.704
BPP_200_500_0.1_0.8_7.C	90	8.800	49.400	1.641
BPP_200_500_0.1_0.8_7.C	90	9.000	49.500	1.658
BPP_200_500_0.1_0.8_7.C	90	9.400	49.700	1.828
BPP_200_500_0.1_0.8_7.C	90	8.200	49.100	1.827
BPP_200_500_0.1_0.8_7.C	90	9.400	49.700	1.686
BPP_200_500_0.1_0.8_7.C	90	8.600	49.300	1.788
BPP_200_500_0.1_0.8_8.C	107	3.600	55.300	2.334
BPP_200_500_0.1_0.8_8.C	107	3.600	55.300	2.237
BPP_200_500_0.1_0.8_8.C	107	3.200	55.100	2.233
BPP_200_500_0.1_0.8_8.C	107	5.000	56.000	2.091
BPP_200_500_0.1_0.8_8.C	107	5.400	56.200	2.121
BPP_200_500_0.1_0.8_8.C	107	4.000	55.500	2.284
BPP_200_500_0.1_0.8_8.C	107	3.600	55.300	2.268
BPP_200_500_0.1_0.8_8.C	107	4.400	55.700	2.294
BPP_200_500_0.1_0.8_8.C	107	4.400	55.700	2.209
BPP_200_500_0.1_0.8_8.C	107	3.600	55.300	2.223
BPP_200_500_0.1_0.8_9.C	95	4.400	49.700	1.768
BPP_200_500_0.1_0.8_9.C	95	4.600	49.800	1.794
BPP_200_500_0.1_0.8_9.C	95	3.400	49.200	1.888
BPP_200_500_0.1_0.8_9.C	95	3.400	49.200	1.805
BPP_200_500_0.1_0.8_9.C	95	4.400	49.700	1.779
BPP_200_500_0.1_0.8_9.C	94	4.800	49.400	1.847
BPP_200_500_0.1_0.8_9.C	95	4.600	49.800	1.825
BPP_200_500_0.1_0.8_9.C	94	3.200	48.600	1.896
BPP_200_500_0.1_0.8_9.C	94	3.400	48.700	1.833
BPP_200_500_0.1_0.8_9.C	95	4.400	49.700	1.823
BPP_200_50_0.1_0.8_0.C	84	2.000	43.000	0.208
BPP_200_50_0.1_0.8_0.C	84	2.000	43.000	0.211
BPP_200_50_0.1_0.8_0.C	84	2.200	43.100	0.216
BPP_200_50_0.1_0.8_0.C	84	2.000	43.000	0.220
BPP_200_50_0.1_0.8_0.C	84	2.000	43.000	0.214
BPP_200_50_0.1_0.8_0.C	84	2.000	43.000	0.206
BPP_200_50_0.1_0.8_0.C	84	2.200	43.100	0.216
BPP_200_50_0.1_0.8_0.C	84	2.000	43.000	0.215
BPP_200_50_0.1_0.8_0.C	84	2.200	43.100	0.224
BPP_200_50_0.1_0.8_0.C	84	2.000	43.000	0.214
BPP_200_50_0.1_0.8_1.C	93	2.800	47.900	0.236
BPP_200_50_0.1_0.8_1.C	93	2.800	47.900	0.257
BPP_200_50_0.1_0.8_1.C	93	2.800	47.900	0.251
BPP_200_50_0.1_0.8_1.C	93	2.800	47.900	0.250
BPP_200_50_0.1_0.8_1.C	93	2.800	47.900	0.237
BPP_200_50_0.1_0.8_1.C	93	2.800	47.900	0.233
BPP_200_50_0.1_0.8_1.C	93	3.400	48.200	0.233
BPP_200_50_0.1_0.8_1.C	93	2.800	47.900	0.239
BPP_200_50_0.1_0.8_1.C	93	3.000	48.000	0.273
BPP_200_50_0.1_0.8_1.C	93	2.800	47.900	0.236
BPP_200_50_0.1_0.8_2.C	88	4.800	46.400	0.231
BPP_200_50_0.1_0.8_2.C	88	4.800	46.400	0.231
BPP_200_50_0.1_0.8_2.C	87	6.000	46.500	0.226
BPP_200_50_0.1_0.8_2.C	88	5.000	46.500	0.223
BPP_200_50_0.1_0.8_2.C	88	4.800	46.400	0.232
BPP_200_50_0.1_0.8_2.C	87	6.200	46.600	0.230
BPP_200_50_0.1_0.8_2.C	88	5.000	46.500	0.225
BPP_200_50_0.1_0.8_2.C	88	4.800	46.400	0.229
BPP_200_50_0.1_0.8_2.C	88	4.800	46.400	0.239
BPP_200_50_0.1_0.8_2.C	88	4.800	46.400	0.221
BPP_200_50_0.1_0.8_3.C	93	2.800	47.900	0.237
BPP_200_50_0.1_0.8_3.C	93	3.000	48.000	0.229
BPP_200_50_0.1_0.8_3.C	93	2.800	47.900	0.254
BPP_200_50_0.1_0.8_3.C	93	2.800	47.900	0.232
BPP_200_50_0.1_0.8_3.C	93	2.800	47.900	0.238
BPP_200_50_0.1_0.8_3.C	93	2.800	47.900	0.232
BPP_200_50_0.1_0.8_3.C	93	2.800	47.900	0.237
BPP_200_50_0.1_0.8_3.C	93	2.800	47.900	0.236
BPP_200_50_0.1_0.8_3.C	93	2.800	47.900	0.232
BPP_200_50_0.1_0.8_3.C	93	2.800	47.900	0.251
BPP_200_50_0.1_0.8_4.C	94	0.200	47.100	0.245
BPP_200_50_0.1_0.8_4.C	93	0.200	46.600	0.242
BPP_200_50_0.1_0.8_4.C	93	0.200	46.600	0.238
BPP_200_50_0.1_0.8_4.C	93	0.200	46.600	0.249
BPP_200_50_0.1_0.8_4.C	93	0.200	46.600	0.251
BPP_200_50_0.1_0.8_4.C	93	0.200	46.600	0.279
BPP_200_50_0.1_0.8_4.C	93	0.200	46.600	0.313
BPP_200_50_0.1_0.8_4.C	93	0.200	46.600	0.254
BPP_200_50_0.1_0.8_4.C	93	0.200	46.600	0.237
BPP_200_50_0.1_0.8_4.C	93	0.200	46.600	0.237
BPP_200_50_0.1_0.8_5.C	95	0.200	47.600	0.233
BPP_200_50_0.1_0.8_5.C	95	0.200	47.600	0.248
BPP_200_50_0.1_0.8_5.C	96	0.200	48.100	0.236
BPP_200_50_0.1_0.8_5.C	96	0.200	48.100	0.233
BPP_200_50_0.1_0.8_5.C	96	0.200	48.100	0.243
BPP_200_50_0.1_0.8_5.C	96	0.200	48.100	0.242
BPP_200_50_0.1_0.8_5.C	95	0.200	47.600	0.239
BPP_200_50_0.1_0.8_5.C	96	0.200	48.100	0.236
BPP_200_50_0.1_0.8_5.C	96	0.200	48.100	0.246
BPP_200_50_0.1_0.8_5.C	96	0.200	48.100	0.232
BPP_200_50_0.1_0.8_6.C	98	0.200	49.100	0.249
BPP_200_50_0.1_0.8_6.C	98	0.200	49.100	0.248
BPP_200_50_0.1_0.8_6.C	98	0.200	49.100	0.266
BPP_200_50_0.1_0.8_6.C	98	0.200	49.100	0.248
BPP_200_50_0.1_0.8_6.C	98	0.200	49.100	0.239
BPP_200_50_0.1_0.8_6.C	98	0.200	49.100	0.250
BPP_200_50_0.1_0.8_6.C	98	0.200	49.100	0.245
BPP_200_50_0.1_0.8_6.C	98	0.200	49.100	0.240
BPP_200_50_0.1_0.8_6.C	98	0.200	49.100	0.250
BPP_200_50_0.1_0.8_6.C	98	0.200	49.100	0.246
BPP_200_50_0.1_0.8_7.C	89	2.800	45.900	0.235
BPP_200_50_0.1_0.8_7.C	90	2.600	46.300	0.233
BPP_200_50_0.1_0.8_7.C	90	2.600	46.300	0.249
BPP_200_50_0.1_0.8_7.C	89	3.000	46.000	0.243
BPP_200_50_0.1_0.8_7.C	89	3.000	46.000	0.249
BPP_200_50_0.1_0.8_7.C	89	3.000	46.000	0.247
BPP_200_50_0.1_0.8_7.C	89	3.000	46.000	0.233
BPP_200_50_0.1_0.8_7.C	89	3.000	46.000	0.241
BPP_200_50_0.1_0.8_7.C	89	3.000	46.000	0.249
BPP_200_50_0.1_0.8_7.C	89	3.000	46.000	0.240
BPP_200_50_0.1_0.8_8.C	87	2.200	44.600	0.221
BPP_200_50_0.1_0.8_8.C	87	2.400	44.700	0.219
BPP_200_50_0.1_0.8_8.C	87	2.600	44.800	0.220
BPP_200_50_0.1_0.8_8.C	87	2.200	44.600	0.224
BPP_200_50_0.1_0.8_8.C	87	2.400	44.700	0.218
BPP_200_50_0.1_0.8_8.C	87	2.200	44.600	0.231
BPP_200_50_0.1_0.8_8.C	87	2.200	44.600	0.216
BPP_200_50_0.1_0.8_8.C	87	2.400	44.700	0.219
BPP_200_50_0.1_0.8_8.C	87	2.200	44.600	0.221
BPP_200_50_0.1_0.8_8.C	87	2.200	44.600	0.224
BPP_200_50_0.1_0.8_9.C	91	4.200	47.600	0.225
BPP_200_50_0.1_0.8_9.C	91	4.200	47.600	0.229
BPP_200_50_0.1_0.8_9.C	90	5.000	47.500	0.230
BPP_200_50_0.1_0.8_9.C	91	4.200	47.600	0.226
BPP_200_50_0.1_0.8_9.C	91	4.200	47.600	0.225
BPP_200_50_0.1_0.8_9.C	90	5.200	47.600	0.227
BPP_200_50_0.1_0.8_9.C	91	4.200	47.600	0.239
BPP_200_50_0.1_0.8_9.C	91	4.200	47.600	0.228
BPP_200_50_0.1_0.8_9.C	91	4.200	47.600	0.231
BPP_200_50_0.1_0.8_9.C	91	4.200	47.600	0.239
BPP_200_750_0.1_0.8_0.C	93	10.200	51.600	2.465
BPP_200_750_0.1_0.8_0.C	93	10.200	51.600	2.457
BPP_200_750_0.1_0.8_0.C	93	10.600	51.800	3.424
BPP_200_750_0.1_0.8_0.C	93	10.600	51.800	2.496
BPP_200_750_0.1_0.8_0.C	93	10.600	51.800	2.432
BPP_200_750_0.1_0.8_0.C	92	11.600	51.800	2.496
BPP_200_750_0.1_0.8_0.C	93	10.600	51.800	2.512
BPP_200_750_0.1_0.8_0.C	93	10.200	51.600	2.475
BPP_200_750_0.1_0.8_0.C	93	10.200	51.600	2.437
BPP_200_750_0.1_0.8_0.C	93	10.000	51.500	2.476
BPP_200_750_0.1_0.8_1.C	92	6.600	49.300	2.557
BPP_200_750_0.1_0.8_1.C	92	6.800	49.400	3.468
BPP_200_750_0.1_0.8_1.C	92	5.200	48.600	3.776
BPP_200_750_0.1_0.8_1.C	92	6.800	49.400	2.587
BPP_200_750_0.1_0.8_1.C	92	6.800	49.400	2.532
BPP_200_750_0.1_0.8_1.C	92	6.800	49.400	2.450
BPP_200_750_0.1_0.8_1.C	92	6.600	49.300	3.096
BPP_200_750_0.1_0.8_1.C	92	6.800	49.400	2.525
BPP_200_750_0.1_0.8_1.C	92	6.800	49.400	2.482
BPP_200_750_0.1_0.8_1.C	92	5.200	48.600	2.539
BPP_200_750_0.1_0.8_2.C	94	6.000	50.000	3.140
BPP_200_750_0.1_0.8_2.C	94	6.000	50.000	2.508
BPP_200_750_0.1_0.8_2.C	94	6.000	50.000	2.517
BPP_200_750_0.1_0.8_2.C	94	5.800	49.900	2.512
BPP_200_750_0.1_0.8_2.C	94	6.000	50.000	3.320
BPP_200_750_0.1_0.8_2.C	94	6.000	50.000	2.904
BPP_200_750_0.1_0.8_2.C	94	5.800	49.900	2.516
BPP_200_750_0.1_0.8_2.C	94	6.000	50.000	2.491
BPP_200_750_0.1_0.8_2.C	94	6.000	50.000	2.941
BPP_200_750_0.1_0.8_2.C	94	6.200	50.100	2.526
BPP_200_750_0.1_0.8_3.C	93	7.800	50.400	2.616
BPP_200_750_0.1_0.8_3.C	93	8.800	50.900	2.512
BPP_200_750_0.1_0.8_3.C	93	9.000	51.000	2.595
BPP_200_750_0.1_0.8_3.C	93	7.800	50.400	3.164
BPP_200_750_0.1_0.8_3.C	93	8.000	50.500	3.517
BPP_200_750_0.1_0.8_3.C	93	8.200	50.600	3.704
BPP_200_750_0.1_0.8_3.C	93	9.000	51.000	2.492
BPP_200_750_0.1_0.8_3.C	93	8.800	50.900	2.443
BPP_200_750_0.1_0.8_3.C	92	9.400	50.700	2.485
BPP_200_750_0.1_0.8_3.C	93	8.000	50.500	3.847
BPP_200_750_0.1_0.8_4.C	94	1.600	47.800	2.539
BPP_200_750_0.1_0.8_4.C	94	1.600	47.800	2.513
BPP_200_750_0.1_0.8_4.C	94	1.600	47.800	2.503
BPP_200_750_0.1_0.8_4.C	94	1.600	47.800	3.248
BPP_200_750_0.1_0.8_4.C	94	1.600	47.800	2.547
BPP_200_750_0.1_0.8_4.C	94	1.600	47.800	2.497
BPP_200_750_0.1_0.8_4.C	94	1.600	47.800	2.490
BPP_200_750_0.1_0.8_4.C	94	1.600	47.800	2.490
BPP_200_750_0.1_0.8_4.C	94	1.600	47.800	2.516
BPP_200_750_0.1_0.8_4.C	94	1.600	47.800	2.474
BPP_200_750_0.1_0.8_5.C	90	4.400	47.200	2.402
BPP_200_750_0.1_0.8_5.C	90	4.200	47.100	2.486
BPP_200_750_0.1_0.8_5.C	90	4.200	47.100	2.411
BPP_200_750_0.1_0.8_5.C	90	4.200	47.100	2.786
BPP_200_750_0.1_0.8_5.C	90	4.200	47.100	2.558
BPP_200_750_0.1_0.8_5.C	90	4.200	47.100	2.459
BPP_200_750_0.1_0.8_5.C	90	3.800	46.900	2.434
BPP_200_750_0.1_0.8_5.C	90	4.000	47.000	2.434
BPP_200_750_0.1_0.8_5.C	90	4.600	47.300	2.450
BPP_200_750_0.1_0.8_5.C	90	4.800	47.400	2.414
BPP_200_750_0.1_0.8_6.C	93	3.400	48.200	2.439
BPP_200_750_0.1_0.8_6.C	94	2.800	48.400	2.439
BPP_200_750_0.1_0.8_6.C	94	2.600	48.300	2.431
BPP_200_750_0.1_0.8_6.C	93	3.400	48.200	2.443
BPP_200_750_0.1_0.8_6.C	93	3.200	48.100	2.668
BPP_200_750_0.1_0.8_6.C	94	2.800	48.400	2.856
BPP_200_750_0.1_0.8_6.C	94	2.800	48.400	3.098
BPP_200_750_0.1_0.8_6.C	93	3.600	48.300	2.600
BPP_200_750_0.1_0.8_6.C	94	3.000	48.500	3.092
BPP_200_750_0.1_0.8_6.C	94	3.200	48.600	3.415
BPP_200_750_0.1_0.8_7.C	95	2.800	48.900	3.306
BPP_200_750_0.1_0.8_7.C	95	2.600	48.800	2.642
BPP_200_750_0.1_0.8_7.C	95	2.400	48.700	2.617
BPP_200_750_0.1_0.8_7.C	95	3.200	49.100	2.515
BPP_200_750_0.1_0.8_7.C	95	2.800	48.900	2.520
BPP_200_750_0.1_0.8_7.C	95	2.800	48.900	2.515
BPP_200_750_0.1_0.8_7.C	95	2.800	48.900	2.511
BPP_200_750_0.1_0.8_7.C	95	2.600	48.800	2.544
BPP_200_750_0.1_0.8_7.C	96	2.600	49.300	2.586
BPP_200_750_0.1_0.8_7.C	96	2.600	49.300	2.506
BPP_200_750_0.1_0.8_8.C	90	2.200	46.100	2.446
BPP_200_750_0.1_0.8_8.C	90	2.000	46.000	2.418
BPP_200_750_0.1_0.8_8.C	90	2.200	46.100	2.489
BPP_200_750_0.1_0.8_8.C	90	2.200	46.100	2.399
BPP_200_750_0.1_0.8_8.C	90	2.200	46.100	2.386
BPP_200_750_0.1_0.8_8.C	90	2.200	46.100	2.387
BPP_200_750_0.1_0.8_8.C	90	2.200	46.100	2.376
BPP_200_750_0.1_0.8_8.C	90	2.200	46.100	2.375
BPP_200_750_0.1_0.8_8.C	90	2.000	46.000	2.459
BPP_200_750_0.1_0.8_8.C	90	2.000	46.000	2.369
BPP_200_750_0.1_0.8_9.C	102	3.600	52.800	2.700
BPP_200_750_0.1_0.8_9.C	102	3.600	52.800	2.649
BPP_200_750_0.1_0.8_9.C	101	3.400	52.200	2.702
BPP_200_750_0.1_0.8_9.C	101	3.400	52.200	2.794
BPP_200_750_0.1_0.8_9.C	101	4.600	52.800	3.039
BPP_200_750_0.1_0.8_9.C	101	3.200	52.100	3.723
BPP_200_750_0.1_0.8_9.C	102	3.400	52.700	2.738
BPP_200_750_0.1_0.8_9.C	101	3.600	52.300	2.644
BPP_200_750_0.1_0.8_9.C	101	3.400	52.200	2.709
BPP_200_750_0.1_0.8_9.C	101	4.800	52.900	2.638
BPP_200_75_0.1_0.8_0.C	91	2.600	46.800	0.293
BPP_200_75_0.1_0.8_0.C	91	2.600	46.800	0.292
BPP_200_75_0.1_0.8_0.C	91	2.600	46.800	0.290
BPP_200_75_0.1_0.8_0.C	91	2.600	46.800	0.295
BPP_200_75_0.1_0.8_0.C	91	2.600	46.800	0.297
BPP_200_75_0.1_0.8_0.C	91	2.600	46.800	0.288
BPP_200_75_0.1_0.8_0.C	90	3.000	46.500	0.287
BPP_200_75_0.1_0.8_0.C	91	2.600	46.800	0.287
BPP_200_75_0.1_0.8_0.C	91	2.600	46.800	0.291
BPP_200_75_0.1_0.8_0.C	91	2.600	46.800	0.293
BPP_200_75_0.1_0.8_1.C	92	2.600	47.300	0.305
BPP_200_75_0.1_0.8_1.C	92	2.600	47.300	0.300
BPP_200_75_0.1_0.8_1.C	92	2.800	47.400	0.294
BPP_200_75_0.1_0.8_1.C	92	2.600	47.300	0.289
BPP_200_75_0.1_0.8_1.C	92	2.600	47.300	0.290
BPP_200_75_0.1_0.8_1.C	92	2.600	47.300	0.505
BPP_200_75_0.1_0.8_1.C	92	2.800	47.400	0.296
BPP_200_75_0.1_0.8_1.C	92	2.600	47.300	0.303
BPP_200_75_0.1_0.8_1.C	92	3.000	47.500	0.304
BPP_200_75_0.1_0.8_1.C	92	2.600	47.300	0.289
BPP_200_75_0.1_0.8_2.C	89	0.200	44.600	0.307
BPP_200_75_0.1_0.8_2.C	89	0.200	44.600	0.289
BPP_200_75_0.1_0.8_2.C	90	0.200	45.100	0.289
BPP_200_75_0.1_0.8_2.C	90	0.200	45.100	0.289
BPP_200_75_0.1_0.8_2.C	90	0.200	45.100	0.289
BPP_200_75_0.1_0.8_2.C	89	0.200	44.600	0.303
BPP_200_75_0.1_0.8_2.C	90	0.200	45.100	0.284
BPP_200_75_0.1_0.8_2.C	90	0.200	45.100	0.290
BPP_200_75_0.1_0.8_2.C	89	0.200	44.600	0.285
BPP_200_75_0.1_0.8_2.C	90	0.200	45.100	0.294
BPP_200_75_0.1_0.8_3.C	106	6.600	56.300	0.325
BPP_200_75_0.1_0.8_3.C	106	6.800	56.400	0.326
BPP_200_75_0.1_0.8_3.C	106	7.000	56.500	0.324
BPP_200_75_0.1_0.8_3.C	106	6.800	56.400	0.324
BPP_200_75_0.1_0.8_3.C	106	6.600	56.300	0.324
BPP_200_75_0.1_0.8_3.C	106	6.600	56.300	0.324
BPP_200_75_0.1_0.8_3.C	106	6.800	56.400	0.323
BPP_200_75_0.1_0.8_3.C	106	6.400	56.200	0.319
BPP_200_75_0.1_0.8_3.C	106	6.600	56.300	0.456
BPP_200_75_0.1_0.8_3.C	106	5.400	55.700	0.368
BPP_200_75_0.1_0.8_4.C	94	0.800	47.400	0.342
BPP_200_75_0.1_0.8_4.C	94	1.000	47.500	0.303
BPP_200_75_0.1_0.8_4.C	94	0.800	47.400	0.317
BPP_200_75_0.1_0.8_4.C	94	1.400	47.700	0.313
BPP_200_75_0.1_0.8_4.C	94	1.000	47.500	0.314
BPP_200_75_0.1_0.8_4.C	94	0.800	47.400	0.306
BPP_200_75_0.1_0.8_4.C	94	0.800	47.400	0.304
BPP_200_75_0.1_0.8_4.C	94	0.600	47.300	0.314
BPP_200_75_0.1_0.8_4.C	94	1.000	47.500	0.303
BPP_200_75_0.1_0.8_4.C	94	1.000	47.500	0.333
BPP_200_75_0.1_0.8_5.C	91	5.000	48.000	0.292
BPP_200_75_0.1_0.8_5.C	91	5.000	48.000	0.291
BPP_200_75_0.1_0.8_5.C	91	4.800	47.900	0.293
BPP_200_75_0.1_0.8_5.C	91	4.800	47.900	0.304
BPP_200_75_0.1_0.8_5.C	91	5.000	48.000	0.294
BPP_200_75_0.1_0.8_5.C	91	5.000	48.000	0.293
BPP_200_75_0.1_0.8_5.C	91	5.000	48.000	0.301
BPP_200_75_0.1_0.8_5.C	91	5.000	48.000	0.300
BPP_200_75_0.1_0.8_5.C	91	5.200	48.100	0.293
BPP_200_75_0.1_0.8_5.C	91	5.200	48.100	0.302
BPP_200_75_0.1_0.8_6.C	87	7.200	47.100	0.298
BPP_200_75_0.1_0.8_6.C	86	7.600	46.800	0.290
BPP_200_75_0.1_0.8_6.C	87	7.000	47.000	0.287
BPP_200_75_0.1_0.8_6.C	88	6.200	47.100	0.286
BPP_200_75_0.1_0.8_6.C	87	7.200	47.100	0.297
BPP_200_75_0.1_0.8_6.C	87	7.200	47.100	0.290
BPP_200_75_0.1_0.8_6.C	87	7.200	47.100	0.296
BPP_200_75_0.1_0.8_6.C	86	7.400	46.700	0.291
BPP_200_75_0.1_0.8_6.C	87	6.800	46.900	0.296
BPP_200_75_0.1_0.8_6.C	87	7.200	47.100	0.289
BPP_200_75_0.1_0.8_7.C	95	3.600	49.300	0.307
BPP_200_75_0.1_0.8_7.C	95	4.600	49.800	0.316
BPP_200_75_0.1_0.8_7.C	94	5.000	49.500	0.320
BPP_200_75_0.1_0.8_7.C	95	4.200	49.600	0.307
BPP_200_75_0.1_0.8_7.C	95	4.600	49.800	0.322
BPP_200_75_0.1_0.8_7.C	95	4.800	49.900	0.306
BPP_200_75_0.1_0.8_7.C	95	4.400	49.700	0.296
BPP_200_75_0.1_0.8_7.C	95	4.600	49.800	0.306
BPP_200_75_0.1_0.8_7.C	95	4.000	49.500	0.299
BPP_200_75_0.1_0.8_7.C	95	4.600	49.800	0.308
BPP_200_75_0.1_0.8_8.C	89	5.600	47.300	0.282
BPP_200_75_0.1_0.8_8.C	89	5.400	47.200	0.290
BPP_200_75_0.1_0.8_8.C	89	5.600	47.300	0.288
BPP_200_75_0.1_0.8_8.C	89	5.400	47.200	0.289
BPP_200_75_0.1_0.8_8.C	89	5.600	47.300	0.281
BPP_200_75_0.1_0.8_8.C	89	5.600	47.300	0.285
BPP_200_75_0.1_0.8_8.C	89	5.600	47.300	0.298
BPP_200_75_0.1_0.8_8.C	89	5.600	47.300	0.287
BPP_200_75_0.1_0.8_8.C	89	5.400	47.200	0.290
BPP_200_75_0.1_0.8_8.C	89	5.600	47.300	0.300
BPP_200_75_0.1_0.8_9.C	94	10.800	52.400	0.317
BPP_200_75_0.1_0.8_9.C	95	10.600	52.800	0.313
BPP_200_75_0.1_0.8_9.C	94	10.800	52.400	0.308
BPP_200_75_0.1_0.8_9.C	94	10.600	52.300	0.321
BPP_200_75_0.1_0.8_9.C	94	10.600	52.300	0.318
BPP_200_75_0.1_0.8_9.C	94	11.000	52.500	0.307
BPP_200_75_0.1_0.8_9.C	95	10.200	52.600	0.312
BPP_200_75_0.1_0.8_9.C	94	10.600	52.300	0.305
BPP_200_75_0.1_0.8_9.C	94	10.800	52.400	0.311
BPP_200_75_0.1_0.8_9.C	96	9.400	52.700	0.315
BPP_50_1000_0.1_0.8_0.C	23	8.400	15.700	0.213
BPP_50_1000_0.1_0.8_0.C	24	7.600	15.800	0.212
BPP_50_1000_0.1_0.8_0.C	23	8.400	15.700	0.212
BPP_50_1000_0.1_0.8_0.C	23	8.400	15.700	0.210
BPP_50_1000_0.1_0.8_0.C	24	7.600	15.800	0.212
BPP_50_1000_0.1_0.8_0.C	23	8.200	15.600	0.212
BPP_50_1000_0.1_0.8_0.C	23	8.200	15.600	0.212
BPP_50_1000_0.1_0.8_0.C	23	8.400	15.700	0.217
BPP_50_1000_0.1_0.8_0.C	23	8.400	15.700	0.214
BPP_50_1000_0.1_0.8_0.C	23	8.200	15.600	0.214
BPP_50_1000_0.1_0.8_1.C	23	8.600	15.800	0.251
BPP_50_1000_0.1_0.8_1.C	23	8.200	15.600	0.216
BPP_50_1000_0.1_0.8_1.C	23	8.200	15.600	0.215
BPP_50_1000_0.1_0.8_1.C	23	8.400	15.700	0.218
BPP_50_1000_0.1_0.8_1.C	23	8.200	15.600	0.215
BPP_50_1000_0.1_0.8_1.C	23	8.200	15.600	0.216
BPP_50_1000_0.1_0.8_1.C	23	8.200	15.600	0.213
BPP_50_1000_0.1_0.8_1.C	23	8.200	15.600	0.214
BPP_50_1000_0.1_0.8_1.C	23	8.200	15.600	0.214
BPP_50_1000_0.1_0.8_1.C	23	8.400	15.700	0.214
BPP_50_1000_0.1_0.8_2.C	23	6.600	14.800	0.211
BPP_50_1000_0.1_0.8_2.C	23	6.600	14.800	0.212
BPP_50_1000_0.1_0.8_2.C	23	6.600	14.800	0.276
BPP_50_1000_0.1_0.8_2.C	23	6.600	14.800	0.212
BPP_50_1000_0.1_0.8_2.C	23	6.600	14.800	0.212
BPP_50_1000_0.1_0.8_2.C	23	6.600	14.800	0.214
BPP_50_1000_0.1_0.8_2.C	23	6.600	14.800	0.213
BPP_50_1000_0.1_0.8_2.C	23	6.600	14.800	0.214
BPP_50_1000_0.1_0.8_2.C	23	6.600	14.800	0.214
BPP_50_1000_0.1_0.8_2.C	23	6.600	14.800	0.212
BPP_50_1000_0.1_0.8_3.C	24	7.400	15.700	0.223
BPP_50_1000_0.1_0.8_3.C	24	7.400	15.700	0.225
BPP_50_1000_0.1_0.8_3.C	25	6.800	15.900	0.262
BPP_50_1000_0.1_0.8_3.C	24	7.400	15.700	0.229
BPP_50_1000_0.1_0.8_3.C	24	7.600	15.800	0.230
BPP_50_1000_0.1_0.8_3.C	24	7.400	15.700	0.244
BPP_50_1000_0.1_0.8_3.C	25	6.800	15.900	0.223
BPP_50_1000_0.1_0.8_3.C	24	7.600	15.800	0.222
BPP_50_1000_0.1_0.8_3.C	24	7.600	15.800	0.225
BPP_50_1000_0.1_0.8_3.C	24	7.400	15.700	0.224
BPP_50_1000_0.1_0.8_4.C	25	2.000	13.500	0.217
BPP_50_1000_0.1_0.8_4.C	24	2.400	13.200	0.237
BPP_50_1000_0.1_0.8_4.C	24	2.200	13.100	0.272
BPP_50_1000_0.1_0.8_4.C	24	2.200	13.100	0.253
BPP_50_1000_0.1_0.8_4.C	24	2.200	13.100	0.214
BPP_50_1000_0.1_0.8_4.C	24	2.200	13.100	0.214
BPP_50_1000_0.1_0.8_4.C	24	2.200	13.100	0.212
BPP_50_1000_0.1_0.8_4.C	24	2.200	13.100	0.215
BPP_50_1000_0.1_0.8_4.C	24	2.200	13.100	0.217
BPP_50_1000_0.1_0.8_4.C	24	2.200	13.100	0.213
BPP_50_1000_0.1_0.8_5.C	28	1.200	14.600	0.271
BPP_50_1000_0.1_0.8_5.C	28	1.200	14.600	0.239
BPP_50_1000_0.1_0.8_5.C	28	1.200	14.600	0.240
BPP_50_1000_0.1_0.8_5.C	28	1.200	14.600	0.240
BPP_50_1000_0.1_0.8_5.C	28	1.200	14.600	0.257
BPP_50_1000_0.1_0.8_5.C	28	1.200	14.600	0.237
BPP_50_1000_0.1_0.8_5.C	28	1.200	14.600	0.239
BPP_50_1000_0.1_0.8_5.C	28	1.200	14.600	0.238
BPP_50_1000_0.1_0.8_5.C	28	1.200	14.600	0.240
BPP_50_1000_0.1_0.8_5.C	28	1.200	14.600	0.238
BPP_50_1000_0.1_0.8_6.C	23	1.600	12.300	0.197
BPP_50_1000_0.1_0.8_6.C	23	1.600	12.300	0.202
BPP_50_1000_0.1_0.8_6.C	23	1.800	12.400	0.198
BPP_50_1000_0.1_0.8_6.C	23	1.600	12.300	0.204
BPP_50_1000_0.1_0.8_6.C	23	1.600	12.300	0.198
BPP_50_1000_0.1_0.8_6.C	23	1.600	12.300	0.199
BPP_50_1000_0.1_0.8_6.C	23	1.600	12.300	0.200
BPP_50_1000_0.1_0.8_6.C	23	1.600	12.300	0.201
BPP_50_1000_0.1_0.8_6.C	23	1.600	12.300	0.199
BPP_50_1000_0.1_0.8_6.C	23	1.600	12.300	0.199
BPP_50_1000_0.1_0.8_7.C	24	1.000	12.500	0.248
BPP_50_1000_0.1_0.8_7.C	24	1.400	12.700	0.252
BPP_50_1000_0.1_0.8_7.C	24	1.000	12.500	0.222
BPP_50_1000_0.1_0.8_7.C	24	1.000	12.500	0.230
BPP_50_1000_0.1_0.8_7.C	24	1.000	12.500	0.214
BPP_50_1000_0.1_0.8_7.C	24	1.000	12.500	0.214
BPP_50_1000_0.1_0.8_7.C	24	1.000	12.500	0.213
BPP_50_1000_0.1_0.8_7.C	24	1.400	12.700	0.213
BPP_50_1000_0.1_0.8_7.C	24	1.400	12.700	0.216
BPP_50_1000_0.1_0.8_7.C	24	1.000	12.500	0.215
BPP_50_1000_0.1_0.8_8.C	20	2.400	11.200	0.196
BPP_50_1000_0.1_0.8_8.C	21	2.000	11.500	0.196
BPP_50_1000_0.1_0.8_8.C	20	2.400	11.200	0.195
BPP_50_1000_0.1_0.8_8.C	20	2.600	11.300	0.195
BPP_50_1000_0.1_0.8_8.C	20	2.400	11.200	0.196
BPP_50_1000_0.1_0.8_8.C	21	2.000	11.500	0.196
BPP_50_1000_0.1_0.8_8.C	20	2.600	11.300	0.196
BPP_50_1000_0.1_0.8_8.C	20	2.600	11.300	0.197
BPP_50_1000_0.1_0.8_8.C	20	2.400	11.200	0.196
BPP_50_1000_0.1_0.8_8.C	20	2.400	11.200	0.215
BPP_50_1000_0.1_0.8_9.C	23	2.400	12.700	0.216
BPP_50_1000_0.1_0.8_9.C	23	2.400	12.700	0.215
BPP_50_1000_0.1_0.8_9.C	23	2.200	12.600	0.213
BPP_50_1000_0.1_0.8_9.C	23	2.400	12.700	0.215
BPP_50_1000_0.1_0.8_9.C	23	2.400	12.700	0.218
BPP_50_1000_0.1_0.8_9.C	23	2.400	12.700	0.230
BPP_50_1000_0.1_0.8_9.C	23	2.400	12.700	0.211
BPP_50_1000_0.1_0.8_9.C	23	2.400	12.700	0.218
BPP_50_1000_0.1_0.8_9.C	23	2.200	12.600	0.214
BPP_50_1000_0.1_0.8_9.C	23	2.400	12.700	0.212
BPP_50_100_0.1_0.8_0.C	30	0.200	15.100	0.021
BPP_50_100_0.1_0.8_0.C	30	0.200	15.100	0.022
BPP_50_100_0.1_0.8_0.C	30	0.200	15.100	0.024
BPP_50_100_0.1_0.8_0.C	30	0.200	15.100	0.021
BPP_50_100_0.1_0.8_0.C	30	0.200	15.100	0.022
BPP_50_100_0.1_0.8_0.C	30	0.200	15.100	0.023
BPP_50_100_0.1_0.8_0.C	30	0.200	15.100	0.021
BPP_50_100_0.1_0.8_0.C	30	0.200	15.100	0.022
BPP_50_100_0.1_0.8_0.C	30	0.200	15.100	0.022
BPP_50_100_0.1_0.8_0.C	30	0.200	15.100	0.022
BPP_50_100_0.1_0.8_1.C	27	0.600	13.800	0.021
BPP_50_100_0.1_0.8_1.C	27	0.600	13.800	0.020
BPP_50_100_0.1_0.8_1.C	27	0.600	13.800	0.021
BPP_50_100_0.1_0.8_1.C	27	0.600	13.800	0.021
BPP_50_100_0.1_0.8_1.C	27	0.600	13.800	0.019
BPP_50_100_0.1_0.8_1.C	27	0.600	13.800	0.021
BPP_50_100_0.1_0.8_1.C	27	0.600	13.800	0.021
BPP_50_100_0.1_0.8_1.C	27	0.600	13.800	0.021
BPP_50_100_0.1_0.8_1.C	27	0.600	13.800	0.022
BPP_50_100_0.1_0.8_1.C	27	0.600	13.800	0.022
BPP_50_100_0.1_0.8_2.C	24	0.600	12.300	0.019
BPP_50_100_0.1_0.8_2.C	24	0.600	12.300	0.018
BPP_50_100_0.1_0.8_2.C	24	0.600	12.300	0.020
BPP_50_100_0.1_0.8_2.C	24	0.800	12.400	0.019
BPP_50_100_0.1_0.8_2.C	24	0.600	12.300	0.018
BPP_50_100_0.1_0.8_2.C	24	0.600	12.300	0.019
BPP_50_100_0.1_0.8_2.C	24	0.600	12.300	0.019
BPP_50_100_0.1_0.8_2.C	24	0.600	12.300	0.019
BPP_50_100_0.1_0.8_2.C	24	0.600	12.300	0.019
BPP_50_100_0.1_0.8_2.C	24	0.800	12.400	0.020
BPP_50_100_0.1_0.8_3.C	20	1.600	10.800	0.017
BPP_50_100_0.1_0.8_3.C	21	0.600	10.800	0.017
BPP_50_100_0.1_0.8_3.C	21	0.600	10.800	0.017
BPP_50_100_0.1_0.8_3.C	20	1.600	10.800	0.016
BPP_50_100_0.1_0.8_3.C	21	0.600	10.800	0.016
BPP_50_100_0.1_0.8_3.C	21	0.600	10.800	0.016
BPP_50_100_0.1_0.8_3.C	20	1.600	10.800	0.017
BPP_50_100_0.1_0.8_3.C	21	0.600	10.800	0.016
BPP_50_100_0.1_0.8_3.C	21	0.600	10.800	0.016
BPP_50_100_0.1_0.8_3.C	21	0.600	10.800	0.017
BPP_50_100_0.1_0.8_4.C	25	0.200	12.600	0.019
BPP_50_100_0.1_0.8_4.C	26	0.000	13.000	0.019
BPP_50_100_0.1_0.8_4.C	26	0.000	13.000	0.021
BPP_50_100_0.1_0.8_4.C	26	0.000	13.000	0.019
BPP_50_100_0.1_0.8_4.C	25	1.000	13.000	0.021
BPP_50_100_0.1_0.8_4.C	25	1.000	13.000	0.019
BPP_50_100_0.1_0.8_4.C	25	0.200	12.600	0.019
BPP_50_100_0.1_0.8_4.C	25	0.200	12.600	0.019
BPP_50_100_0.1_0.8_4.C	26	0.000	13.000	0.021
BPP_50_100_0.1_0.8_4.C	25	0.200	12.600	0.021
BPP_50_100_0.1_0.8_5.C	24	1.000	12.500	0.018
BPP_50_100_0.1_0.8_5.C	24	1.000	12.500	0.018
BPP_50_100_0.1_0.8_5.C	24	1.000	12.500	0.019
BPP_50_100_0.1_0.8_5.C	24	1.000	12.500	0.019
BPP_50_100_0.1_0.8_5.C	24	1.000	12.500	0.022
BPP_50_100_0.1_0.8_5.C	24	1.000	12.500	0.020
BPP_50_100_0.1_0.8_5.C	24	1.000	12.500	0.018
BPP_50_100_0.1_0.8_5.C	24	1.000	12.500	0.018
BPP_50_100_0.1_0.8_5.C	24	1.000	12.500	0.019
BPP_50_100_0.1_0.8_5.C	24	1.000	12.500	0.019
BPP_50_100_0.1_0.8_6.C	25	0.800	12.900	0.019
BPP_50_100_0.1_0.8_6.C	25	0.800	12.900	0.020
BPP_50_100_0.1_0.8_6.C	25	0.800	12.900	0.019
BPP_50_100_0.1_0.8_6.C	25	0.800	12.900	0.020
BPP_50_100_0.1_0.8_6.C	25	0.800	12.900	0.020
BPP_50_100_0.1_0.8_6.C	25	0.800	12.900	0.020
BPP_50_100_0.1_0.8_6.C	25	0.800	12.900	0.020
BPP_50_100_0.1_0.8_6.C	25	0.800	12.900	0.020
BPP_50_100_0.1_0.8_6.C	25	0.800	12.900	0.020
BPP_50_100_0.1_0.8_6.C	25	0.800	12.900	0.019
BPP_50_100_0.1_0.8_7.C	24	3.000	13.500	0.020
BPP_50_100_0.1_0.8_7.C	24	3.000	13.500	0.019
BPP_50_100_0.1_0.8_7.C	24	3.000	13.500	0.020
BPP_50_100_0.1_0.8_7.C	24	2.800	13.400	0.020
BPP_50_100_0.1_0.8_7.C	25	2.200	13.600	0.019
BPP_50_100_0.1_0.8_7.C	24	3.000	13.500	0.019
BPP_50_100_0.1_0.8_7.C	24	3.000	13.500	0.021
BPP_50_100_0.1_0.8_7.C	24	2.800	13.400	0.020
BPP_50_100_0.1_0.8_7.C	24	3.000	13.500	0.021
BPP_50_100_0.1_0.8_7.C	24	2.800	13.400	0.021
BPP_50_100_0.1_0.8_8.C	21	0.400	10.700	0.017
BPP_50_100_0.1_0.8_8.C	21	0.400	10.700	0.017
BPP_50_100_0.1_0.8_8.C	21	0.400	10.700	0.017
BPP_50_100_0.1_0.8_8.C	21	0.400	10.700	0.017
BPP_50_100_0.1_0.8_8.C	21	0.400	10.700	0.017
BPP_50_100_0.1_0.8_8.C	21	0.400	10.700	0.017
BPP_50_100_0.1_0.8_8.C	21	0.400	10.700	0.017
BPP_50_100_0.1_0.8_8.C	21	0.400	10.700	0.016
BPP_50_100_0.1_0.8_8.C	21	0.400	10.700	0.017
BPP_50_100_0.1_0.8_8.C	21	0.400	10.700	0.016
BPP_50_100_0.1_0.8_9.C	23	1.400	12.200	0.018
BPP_50_100_0.1_0.8_9.C	23	1.400	12.200	0.019
BPP_50_100_0.1_0.8_9.C	23	1.400	12.200	0.020
BPP_50_100_0.1_0.8_9.C	23	1.400	12.200	0.018
BPP_50_100_0.1_0.8_9.C	23	1.400	12.200	0.019
BPP_50_100_0.1_0.8_9.C	23	1.400	12.200	0.019
BPP_50_100_0.1_0.8_9.C	23	1.400	12.200	0.019
BPP_50_100_0.1_0.8_9.C	23	1.600	12.300	0.019
BPP_50_100_0.1_0.8_9.C	23	1.600	12.300	0.018
BPP_50_100_0.1_0.8_9.C	23	1.400	12.200	0.018
BPP_50_120_0.1_0.8_0.C	26	1.000	13.500	0.027
BPP_50_120_0.1_0.8_0.C	26	1.000	13.500	0.027
BPP_50_120_0.1_0.8_0.C	26	1.000	13.500	0.027
BPP_50_120_0.1_0.8_0.C	26	1.000	13.500	0.028
BPP_50_120_0.1_0.8_0.C	26	1.000	13.500	0.027
BPP_50_120_0.1_0.8_0.C	25	1.400	13.200	0.028
BPP_50_120_0.1_0.8_0.C	26	1.000	13.500	0.028
BPP_50_120_0.1_0.8_0.C	25	1.600	13.300	0.028
BPP_50_120_0.1_0.8_0.C	25	1.600	13.300	0.027
BPP_50_120_0.1_0.8_0.C	26	1.000	13.500	0.027
BPP_50_120_0.1_0.8_1.C	22	0.000	11.000	0.024
BPP_50_120_0.1_0.8_1.C	22	0.000	11.000	0.024
BPP_50_120_0.1_0.8_1.C	21	0.000	10.500	0.023
BPP_50_120_0.1_0.8_1.C	22	0.000	11.000	0.023
BPP_50_120_0.1_0.8_1.C	22	0.000	11.000	0.023
BPP_50_120_0.1_0.8_1.C	22	0.000	11.000	0.024
BPP_50_120_0.1_0.8_1.C	22	0.000	11.000	0.023
BPP_50_120_0.1_0.8_1.C	22	0.000	11.000	0.024
BPP_50_120_0.1_0.8_1.C	21	0.000	10.500	0.023
BPP_50_120_0.1_0.8_1.C	21	0.000	10.500	0.024
BPP_50_120_0.1_0.8_2.C	25	3.200	14.100	0.028
BPP_50_120_0.1_0.8_2.C	25	3.400	14.200	0.027
BPP_50_120_0.1_0.8_2.C	25	3.000	14.000	0.027
BPP_50_120_0.1_0.8_2.C	25	3.400	14.200	0.027
BPP_50_120_0.1_0.8_2.C	25	3.200	14.100	0.027
BPP_50_120_0.1_0.8_2.C	25	3.200	14.100	0.027
BPP_50_120_0.1_0.8_2.C	25	3.200	14.100	0.028
BPP_50_120_0.1_0.8_2.C	25	3.200	14.100	0.027
BPP_50_120_0.1_0.8_2.C	25	3.400	14.200	0.027
BPP_50_120_0.1_0.8_2.C	25	3.200	14.100	0.027
BPP_50_120_0.1_0.8_3.C	23	1.200	12.100	0.025
BPP_50_120_0.1_0.8_3.C	23	1.200	12.100	0.024
BPP_50_120_0.1_0.8_3.C	23	1.200	12.100	0.025
BPP_50_120_0.1_0.8_3.C	23	1.200	12.100	0.025
BPP_50_120_0.1_0.8_3.C	23	1.200	12.100	0.026
BPP_50_120_0.1_0.8_3.C	23	1.200	12.100	0.026
BPP_50_120_0.1_0.8_3.C	23	1.200	12.100	0.025
BPP_50_120_0.1_0.8_3.C	23	1.200	12.100	0.025
BPP_50_120_0.1_0.8_3.C	23	1.200	12.100	0.025
BPP_50_120_0.1_0.8_3.C	23	1.200	12.100	0.025
BPP_50_120_0.1_0.8_4.C	25	4.600	14.800	0.028
BPP_50_120_0.1_0.8_4.C	25	4.600	14.800	0.027
BPP_50_120_0.1_0.8_4.C	25	4.600	14.800	0.035
BPP_50_120_0.1_0.8_4.C	25	4.600	14.800	0.027
BPP_50_120_0.1_0.8_4.C	26	4.200	15.100	0.027
BPP_50_120_0.1_0.8_4.C	25	4.600	14.800	0.029
BPP_50_120_0.1_0.8_4.C	25	4.600	14.800	0.028
BPP_50_120_0.1_0.8_4.C	25	4.600	14.800	0.027
BPP_50_120_0.1_0.8_4.C	25	4.600	14.800	0.027
BPP_50_120_0.1_0.8_4.C	25	4.600	14.800	0.028
BPP_50_120_0.1_0.8_5.C	23	0.400	11.700	0.025
BPP_50_120_0.1_0.8_5.C	23	0.400	11.700	0.025
BPP_50_120_0.1_0.8_5.C	23	0.400	11.700	0.025
BPP_50_120_0.1_0.8_5.C	23	0.400	11.700	0.025
BPP_50_120_0.1_0.8_5.C	23	0.400	11.700	0.026
BPP_50_120_0.1_0.8_5.C	23	0.400	11.700	0.025
BPP_50_120_0.1_0.8_5.C	23	0.400	11.700	0.025
BPP_50_120_0.1_0.8_5.C	23	0.400	11.700	0.025
BPP_50_120_0.1_0.8_5.C	23	0.400	11.700	0.026
BPP_50_120_0.1_0.8_5.C	23	0.400	11.700	0.026
BPP_50_120_0.1_0.8_6.C	22	2.600	12.300	0.026
BPP_50_120_0.1_0.8_6.C	22	2.600	12.300	0.025
BPP_50_120_0.1_0.8_6.C	22	2.600	12.300	0.025
BPP_50_120_0.1_0.8_6.C	22	2.600	12.300	0.026
BPP_50_120_0.1_0.8_6.C	22	2.600	12.300	0.025
BPP_50_120_0.1_0.8_6.C	22	2.600	12.300	0.025
BPP_50_120_0.1_0.8_6.C	22	2.600	12.300	0.026
BPP_50_120_0.1_0.8_6.C	22	2.600	12.300	0.026
BPP_50_120_0.1_0.8_6.C	22	2.600	12.300	0.025
BPP_50_120_0.1_0.8_6.C	22	2.600	12.300	0.025
BPP_50_120_0.1_0.8_7.C	22	5.400	13.700	0.026
BPP_50_120_0.1_0.8_7.C	23	4.800	13.900	0.026
BPP_50_120_0.1_0.8_7.C	22	5.400	13.700	0.025
BPP_50_120_0.1_0.8_7.C	23	4.800	13.900	0.025
BPP_50_120_0.1_0.8_7.C	22	5.400	13.700	0.026
BPP_50_120_0.1_0.8_7.C	23	4.800	13.900	0.025
BPP_50_120_0.1_0.8_7.C	23	4.600	13.800	0.026
BPP_50_120_0.1_0.8_7.C	23	4.800	13.900	0.025
BPP_50_120_0.1_0.8_7.C	22	5.400	13.700	0.028
BPP_50_120_0.1_0.8_7.C	22	5.400	13.700	0.026
BPP_50_120_0.1_0.8_8.C	23	2.400	12.700	0.025
BPP_50_120_0.1_0.8_8.C	23	2.400	12.700	0.025
BPP_50_120_0.1_0.8_8.C	23	2.400	12.700	0.025
BPP_50_120_0.1_0.8_8.C	23	2.400	12.700	0.025
BPP_50_120_0.1_0.8_8.C	23	2.600	12.800	0.025
BPP_50_120_0.1_0.8_8.C	23	2.400	12.700	0.026
BPP_50_120_0.1_0.8_8.C	23	2.400	12.700	0.026
BPP_50_120_0.1_0.8_8.C	23	2.600	12.800	0.026
BPP_50_120_0.1_0.8_8.C	23	2.600	12.800	0.026
BPP_50_120_0.1_0.8_8.C	23	2.400	12.700	0.024
BPP_50_120_0.1_0.8_9.C	22	4.400	13.200	0.024
BPP_50_120_0.1_0.8_9.C	22	4.800	13.400	0.025
BPP_50_120_0.1_0.8_9.C	22	4.400	13.200	0.025
BPP_50_120_0.1_0.8_9.C	22	4.400	13.200	0.025
BPP_50_120_0.1_0.8_9.C	22	4.400	13.200	0.024
BPP_50_120_0.1_0.8_9.C	22	4.400	13.200	0.025
BPP_50_120_0.1_0.8_9.C	22	4.400	13.200	0.025
BPP_50_120_0.1_0.8_9.C	22	4.400	13.200	0.025
BPP_50_120_0.1_0.8_9.C	22	4.400	13.200	0.025
BPP_50_120_0.1_0.8_9.C	22	4.400	13.200	0.026
BPP_50_125_0.1_0.8_0.C	27	1.000	14.000	0.031
BPP_50_125_0.1_0.8_0.C	27	1.000	14.000	0.031
BPP_50_125_0.1_0.8_0.C	27	1.000	14.000	0.033
BPP_50_125_0.1_0.8_0.C	27	1.200	14.100	0.033
BPP_50_125_0.1_0.8_0.C	27	1.000	14.000	0.031
BPP_50_125_0.1_0.8_0.C	27	1.200	14.100	0.032
BPP_50_125_0.1_0.8_0.C	27	1.400	14.200	0.033
BPP_50_125_0.1_0.8_0.C	27	1.400	14.200	0.031
BPP_50_125_0.1_0.8_0.C	27	1.200	14.100	0.031
BPP_50_125_0.1_0.8_0.C	27	1.200	14.100	0.031
BPP_50_125_0.1_0.8_1.C	24	0.800	12.400	0.027
BPP_50_125_0.1_0.8_1.C	24	0.800	12.400	0.027
BPP_50_125_0.1_0.8_1.C	24	0.800	12.400	0.028
BPP_50_125_0.1_0.8_1.C	24	0.800	12.400	0.028
BPP_50_125_0.1_0.8_1.C	24	0.800	12.400	0.027
BPP_50_125_0.1_0.8_1.C	24	0.800	12.400	0.026
BPP_50_125_0.1_0.8_1.C	24	0.800	12.400	0.027
BPP_50_125_0.1_0.8_1.C	24	0.800	12.400	0.027
BPP_50_125_0.1_0.8_1.C	24	0.800	12.400	0.027
BPP_50_125_0.1_0.8_1.C	24	0.800	12.400	0.026
BPP_50_125_0.1_0.8_2.C	21	1.600	11.300	0.027
BPP_50_125_0.1_0.8_2.C	21	1.600	11.300	0.028
BPP_50_125_0.1_0.8_2.C	21	1.200	11.100	0.026
BPP_50_125_0.1_0.8_2.C	22	0.800	11.400	0.027
BPP_50_125_0.1_0.8_2.C	21	1.200	11.100	0.026
BPP_50_125_0.1_0.8_2.C	21	1.400	11.200	0.026
BPP_50_125_0.1_0.8_2.C	21	1.200	11.100	0.027
BPP_50_125_0.1_0.8_2.C	22	0.800	11.400	0.026
BPP_50_125_0.1_0.8_2.C	21	1.200	11.100	0.027
BPP_50_125_0.1_0.8_2.C	22	0.800	11.400	0.026
BPP_50_125_0.1_0.8_3.C	29	3.800	16.400	0.032
BPP_50_125_0.1_0.8_3.C	29	3.800	16.400	0.033
BPP_50_125_0.1_0.8_3.C	29	3.800	16.400	0.033
BPP_50_125_0.1_0.8_3.C	29	3.800	16.400	0.034
BPP_50_125_0.1_0.8_3.C	29	3.800	16.400	0.033
BPP_50_125_0.1_0.8_3.C	29	3.800	16.400	0.031
BPP_50_125_0.1_0.8_3.C	29	3.800	16.400	0.034
BPP_50_125_0.1_0.8_3.C	29	3.800	16.400	0.034
BPP_50_125_0.1_0.8_3.C	29	3.800	16.400	0.032
BPP_50_125_0.1_0.8_3.C	29	3.800	16.400	0.031
BPP_50_125_0.1_0.8_4.C	25	1.600	13.300	0.030
BPP_50_125_0.1_0.8_4.C	25	1.600	13.300	0.029
BPP_50_125_0.1_0.8_4.C	25	1.600	13.300	0.029
BPP_50_125_0.1_0.8_4.C	25	1.600	13.300	0.030
BPP_50_125_0.1_0.8_4.C	25	1.600	13.300	0.029
BPP_50_125_0.1_0.8_4.C	25	1.600	13.300	0.029
BPP_50_125_0.1_0.8_4.C	25	1.600	13.300	0.028
BPP_50_125_0.1_0.8_4.C	25	1.600	13.300	0.029
BPP_50_125_0.1_0.8_4.C	25	1.600	13.300	0.029
BPP_50_125_0.1_0.8_4.C	25	1.600	13.300	0.030
BPP_50_125_0.1_0.8_5.C	31	2.600	16.800	0.036
BPP_50_125_0.1_0.8_5.C	31	2.600	16.800	0.033
BPP_50_125_0.1_0.8_5.C	31	2.600	16.800	0.032
BPP_50_125_0.1_0.8_5.C	31	2.600	16.800	0.034
BPP_50_125_0.1_0.8_5.C	31	2.600	16.800	0.033
BPP_50_125_0.1_0.8_5.C	31	2.600	16.800	0.034
BPP_50_125_0.1_0.8_5.C	31	2.600	16.800	0.033
BPP_50_125_0.1_0.8_5.C	31	2.600	16.800	0.032
BPP_50_125_0.1_0.8_5.C	31	2.600	16.800	0.033
BPP_50_125_0.1_0.8_5.C	31	2.600	16.800	0.033
BPP_50_125_0.1_0.8_6.C	26	3.000	14.500	0.031
BPP_50_125_0.1_0.8_6.C	26	2.800	14.400	0.031
BPP_50_125_0.1_0.8_6.C	26	2.800	14.400	0.030
BPP_50_125_0.1_0.8_6.C	26	2.800	14.400	0.031
BPP_50_125_0.1_0.8_6.C	26	2.800	14.400	0.030
BPP_50_125_0.1_0.8_6.C	26	2.800	14.400	0.030
BPP_50_125_0.1_0.8_6.C	26	2.800	14.400	0.030
BPP_50_125_0.1_0.8_6.C	26	3.000	14.500	0.031
BPP_50_125_0.1_0.8_6.C	26	2.800	14.400	0.030
BPP_50_125_0.1_0.8_6.C	26	2.800	14.400	0.030
BPP_50_125_0.1_0.8_7.C	27	2.800	14.900	0.030
BPP_50_125_0.1_0.8_7.C	27	2.400	14.700	0.031
BPP_50_125_0.1_0.8_7.C	27	2.400	14.700	0.030
BPP_50_125_0.1_0.8_7.C	27	2.600	14.800	0.030
BPP_50_125_0.1_0.8_7.C	27	2.600	14.800	0.031
BPP_50_125_0.1_0.8_7.C	27	2.400	14.700	0.031
BPP_50_125_0.1_0.8_7.C	27	2.400	14.700	0.031
BPP_50_125_0.1_0.8_7.C	27	2.800	14.900	0.031
BPP_50_125_0.1_0.8_7.C	27	2.800	14.900	0.031
BPP_50_125_0.1_0.8_7.C	27	2.800	14.900	0.031
BPP_50_125_0.1_0.8_8.C	22	2.400	12.200	0.026
BPP_50_125_0.1_0.8_8.C	22	2.400	12.200	0.025
BPP_50_125_0.1_0.8_8.C	22	2.600	12.300	0.025
BPP_50_125_0.1_0.8_8.C	22	2.600	12.300	0.025
BPP_50_125_0.1_0.8_8.C	22	2.400	12.200	0.025
BPP_50_125_0.1_0.8_8.C	22	2.600	12.300	0.026
BPP_50_125_0.1_0.8_8.C	22	2.600	12.300	0.025
BPP_50_125_0.1_0.8_8.C	22	2.400	12.200	0.025
BPP_50_125_0.1_0.8_8.C	22	2.600	12.300	0.025
BPP_50_125_0.1_0.8_8.C	22	2.400	12.200	0.025
BPP_50_125_0.1_0.8_9.C	25	3.600	14.300	0.036
BPP_50_125_0.1_0.8_9.C	25	3.600	14.300	0.028
BPP_50_125_0.1_0.8_9.C	25	3.400	14.200	0.029
BPP_50_125_0.1_0.8_9.C	25	3.600	14.300	0.029
BPP_50_125_0.1_0.8_9.C	25	3.400	14.200	0.030
BPP_50_125_0.1_0.8_9.C	25	3.600	14.300	0.029
BPP_50_125_0.1_0.8_9.C	25	3.400	14.200	0.028
BPP_50_125_0.1_0.8_9.C	25	3.600	14.300	0.028
BPP_50_125_0.1_0.8_9.C	25	3.400	14.200	0.028
BPP_50_125_0.1_0.8_9.C	25	3.400	14.200	0.029
BPP_50_150_0.1_0.8_0.C	23	0.400	11.700	0.034
BPP_50_150_0.1_0.8_0.C	23	0.400	11.700	0.034
BPP_50_150_0.1_0.8_0.C	23	0.400	11.700	0.037
BPP_50_150_0.1_0.8_0.C	23	0.400	11.700	0.035
BPP_50_150_0.1_0.8_0.C	23	0.400	11.700	0.034
BPP_50_150_0.1_0.8_0.C	23	0.400	11.700	0.034
BPP_50_150_0.1_0.8_0.C	23	0.400	11.700	0.034
BPP_50_150_0.1_0.8_0.C	23	0.400	11.700	0.034
BPP_50_150_0.1_0.8_0.C	23	0.400	11.700	0.034
BPP_50_150_0.1_0.8_0.C	23	0.400	11.700	0.034
BPP_50_150_0.1_0.8_1.C	28	1.400	14.700	0.040
BPP_50_150_0.1_0.8_1.C	28	1.400	14.700	0.040
BPP_50_150_0.1_0.8_1.C	28	1.400	14.700	0.039
BPP_50_150_0.1_0.8_1.C	28	1.400	14.700	0.039
BPP_50_150_0.1_0.8_1.C	28	1.400	14.700	0.039
BPP_50_150_0.1_0.8_1.C	28	1.400	14.700	0.038
BPP_50_150_0.1_0.8_1.C	28	1.400	14.700	0.038
BPP_50_150_0.1_0.8_1.C	28	1.400	14.700	0.040
BPP_50_150_0.1_0.8_1.C	28	1.400	14.700	0.040
BPP_50_150_0.1_0.8_1.C	28	1.400	14.700	0.041
BPP_50_150_0.1_0.8_2.C	25	3.000	14.000	0.036
BPP_50_150_0.1_0.8_2.C	25	3.000	14.000	0.037
BPP_50_150_0.1_0.8_2.C	25	3.000	14.000	0.035
BPP_50_150_0.1_0.8_2.C	25	3.000	14.000	0.037
BPP_50_150_0.1_0.8_2.C	25	3.000	14.000	0.035
BPP_50_150_0.1_0.8_2.C	25	3.000	14.000	0.035
BPP_50_150_0.1_0.8_2.C	25	3.000	14.000	0.036
BPP_50_150_0.1_0.8_2.C	25	3.000	14.000	0.035
BPP_50_150_0.1_0.8_2.C	25	3.000	14.000	0.035
BPP_50_150_0.1_0.8_2.C	25	3.000	14.000	0.035
BPP_50_150_0.1_0.8_3.C	25	3.400	14.200	0.035
BPP_50_150_0.1_0.8_3.C	25	4.000	14.500	0.035
BPP_50_150_0.1_0.8_3.C	25	3.800	14.400	0.036
BPP_50_150_0.1_0.8_3.C	25	3.600	14.300	0.035
BPP_50_150_0.1_0.8_3.C	25	3.600	14.300	0.036
BPP_50_150_0.1_0.8_3.C	25	3.600	14.300	0.035
BPP_50_150_0.1_0.8_3.C	25	3.800	14.400	0.036
BPP_50_150_0.1_0.8_3.C	25	3.600	14.300	0.036
BPP_50_150_0.1_0.8_3.C	25	3.600	14.300	0.036
BPP_50_150_0.1_0.8_3.C	25	3.600	14.300	0.037
BPP_50_150_0.1_0.8_4.C	21	0.800	10.900	0.032
BPP_50_150_0.1_0.8_4.C	21	0.800	10.900	0.030
BPP_50_150_0.1_0.8_4.C	21	0.800	10.900	0.030
BPP_50_150_0.1_0.8_4.C	21	0.800	10.900	0.031
BPP_50_150_0.1_0.8_4.C	21	0.800	10.900	0.030
BPP_50_150_0.1_0.8_4.C	21	0.800	10.900	0.030
BPP_50_150_0.1_0.8_4.C	21	0.800	10.900	0.031
BPP_50_150_0.1_0.8_4.C	21	0.800	10.900	0.030
BPP_50_150_0.1_0.8_4.C	21	0.800	10.900	0.030
BPP_50_150_0.1_0.8_4.C	21	0.800	10.900	0.030
BPP_50_150_0.1_0.8_5.C	25	1.400	13.200	0.035
BPP_50_150_0.1_0.8_5.C	25	1.400	13.200	0.036
BPP_50_150_0.1_0.8_5.C	25	1.400	13.200	0.036
BPP_50_150_0.1_0.8_5.C	25	1.400	13.200	0.035
BPP_50_150_0.1_0.8_5.C	25	1.400	13.200	0.036
BPP_50_150_0.1_0.8_5.C	25	1.400	13.200	0.036
BPP_50_150_0.1_0.8_5.C	25	1.400	13.200	0.035
BPP_50_150_0.1_0.8_5.C	25	1.400	13.200	0.035
BPP_50_150_0.1_0.8_5.C	25	1.400	13.200	0.035
BPP_50_150_0.1_0.8_5.C	25	1.400	13.200	0.035
BPP_50_150_0.1_0.8_6.C	22	1.400	11.700	0.032
BPP_50_150_0.1_0.8_6.C	22	1.400	11.700	0.032
BPP_50_150_0.1_0.8_6.C	22	1.400	11.700	0.032
BPP_50_150_0.1_0.8_6.C	22	1.400	11.700	0.034
BPP_50_150_0.1_0.8_6.C	22	1.400	11.700	0.032
BPP_50_150_0.1_0.8_6.C	22	1.400	11.700	0.033
BPP_50_150_0.1_0.8_6.C	22	1.400	11.700	0.033
BPP_50_150_0.1_0.8_6.C	22	1.400	11.700	0.032
BPP_50_150_0.1_0.8_6.C	22	1.600	11.800	0.032
BPP_50_150_0.1_0.8_6.C	22	1.400	11.700	0.034
BPP_50_150_0.1_0.8_7.C	23	1.400	12.200	0.035
BPP_50_150_0.1_0.8_7.C	23	1.400	12.200	0.040
BPP_50_150_0.1_0.8_7.C	23	1.400	12.200	0.035
BPP_50_150_0.1_0.8_7.C	23	1.400	12.200	0.034
BPP_50_150_0.1_0.8_7.C	23	1.400	12.200	0.034
BPP_50_150_0.1_0.8_7.C	23	1.400	12.200	0.035
BPP_50_150_0.1_0.8_7.C	23	1.400	12.200	0.034
BPP_50_150_0.1_0.8_7.C	23	1.400	12.200	0.058
BPP_50_150_0.1_0.8_7.C	23	1.400	12.200	0.034
BPP_50_150_0.1_0.8_7.C	23	1.400	12.200	0.035
BPP_50_150_0.1_0.8_8.C	23	0.800	11.900	0.032
BPP_50_150_0.1_0.8_8.C	23	0.800	11.900	0.032
BPP_50_150_0.1_0.8_8.C	23	0.800	11.900	0.032
BPP_50_150_0.1_0.8_8.C	23	0.800	11.900	0.033
BPP_50_150_0.1_0.8_8.C	23	0.800	11.900	0.032
BPP_50_150_0.1_0.8_8.C	23	0.800	11.900	0.032
BPP_50_150_0.1_0.8_8.C	23	0.800	11.900	0.032
BPP_50_150_0.1_0.8_8.C	23	0.600	11.800	0.032
BPP_50_150_0.1_0.8_8.C	23	0.800	11.900	0.033
BPP_50_150_0.1_0.8_8.C	23	0.800	11.900	0.032
BPP_50_150_0.1_0.8_9.C	23	1.400	12.200	0.034
BPP_50_150_0.1_0.8_9.C	23	1.400	12.200	0.033
BPP_50_150_0.1_0.8_9.C	23	1.400	12.200	0.033
BPP_50_150_0.1_0.8_9.C	23	1.400	12.200	0.033
BPP_50_150_0.1_0.8_9.C	23	1.400	12.200	0.033
BPP_50_150_0.1_0.8_9.C	23	1.400	12.200	0.033
BPP_50_150_0.1_0.8_9.C	23	1.400	12.200	0.033
BPP_50_150_0.1_0.8_9.C	23	1.400	12.200	0.033
BPP_50_150_0.1_0.8_9.C	23	1.400	12.200	0.034
BPP_50_150_0.1_0.8_9.C	23	1.400	12.200	0.034
BPP_50_200_0.1_0.8_0.C	24	2.800	13.400	0.045
BPP_50_200_0.1_0.8_0.C	24	2.800	13.400	0.045
BPP_50_200_0.1_0.8_0.C	24	2.800	13.400	0.046
BPP_50_200_0.1_0.8_0.C	24	2.800	13.400	0.046
BPP_50_200_0.1_0.8_0.C	24	2.800	13.400	0.046
BPP_50_200_0.1_0.8_0.C	24	2.800	13.400	0.047
BPP_50_200_0.1_0.8_0.C	24	2.800	13.400	0.045
BPP_50_200_0.1_0.8_0.C	24	2.800	13.400	0.046
BPP_50_200_0.1_0.8_0.C	24	2.800	13.400	0.045
BPP_50_200_0.1_0.8_0.C	24	2.800	13.400	0.045
BPP_50_200_0.1_0.8_1.C	25	0.200	12.600	0.045
BPP_50_200_0.1_0.8_1.C	24	1.200	12.600	0.045
BPP_50_200_0.1_0.8_1.C	25	0.200	12.600	0.044
BPP_50_200_0.1_0.8_1.C	25	0.200	12.600	0.045
BPP_50_200_0.1_0.8_1.C	25	0.200	12.600	0.045
BPP_50_200_0.1_0.8_1.C	25	0.200	12.600	0.045
BPP_50_200_0.1_0.8_1.C	24	1.200	12.600	0.045
BPP_50_200_0.1_0.8_1.C	25	0.200	12.600	0.045
BPP_50_200_0.1_0.8_1.C	25	0.200	12.600	0.045
BPP_50_200_0.1_0.8_1.C	25	0.200	12.600	0.045
BPP_50_200_0.1_0.8_2.C	21	0.200	10.600	0.043
BPP_50_200_0.1_0.8_2.C	21	0.200	10.600	0.042
BPP_50_200_0.1_0.8_2.C	21	0.200	10.600	0.042
BPP_50_200_0.1_0.8_2.C	21	0.200	10.600	0.042
BPP_50_200_0.1_0.8_2.C	21	0.200	10.600	0.042
BPP_50_200_0.1_0.8_2.C	21	0.200	10.600	0.041
BPP_50_200_0.1_0.8_2.C	21	0.200	10.600	0.042
BPP_50_200_0.1_0.8_2.C	21	0.200	10.600	0.042
BPP_50_200_0.1_0.8_2.C	21	0.200	10.600	0.043
BPP_50_200_0.1_0.8_2.C	21	0.200	10.600	0.043
BPP_50_200_0.1_0.8_3.C	23	0.200	11.600	0.042
BPP_50_200_0.1_0.8_3.C	23	0.200	11.600	0.042
BPP_50_200_0.1_0.8_3.C	23	0.200	11.600	0.043
BPP_50_200_0.1_0.8_3.C	23	0.200	11.600	0.043
BPP_50_200_0.1_0.8_3.C	23	0.200	11.600	0.042
BPP_50_200_0.1_0.8_3.C	23	0.200	11.600	0.042
BPP_50_200_0.1_0.8_3.C	23	0.200	11.600	0.043
BPP_50_200_0.1_0.8_3.C	23	0.200	11.600	0.043
BPP_50_200_0.1_0.8_3.C	23	0.200	11.600	0.042
BPP_50_200_0.1_0.8_3.C	23	0.200	11.600	0.044
BPP_50_200_0.1_0.8_4.C	26	1.000	13.500	0.048
BPP_50_200_0.1_0.8_4.C	26	1.000	13.500	0.047
BPP_50_200_0.1_0.8_4.C	26	1.000	13.500	0.048
BPP_50_200_0.1_0.8_4.C	26	1.000	13.500	0.048
BPP_50_200_0.1_0.8_4.C	26	1.000	13.500	0.048
BPP_50_200_0.1_0.8_4.C	26	1.000	13.500	0.048
BPP_50_200_0.1_0.8_4.C	26	1.000	13.500	0.048
BPP_50_200_0.1_0.8_4.C	26	1.000	13.500	0.049
BPP_50_200_0.1_0.8_4.C	26	1.000	13.500	0.049
BPP_50_200_0.1_0.8_4.C	26	1.000	13.500	0.053
BPP_50_200_0.1_0.8_5.C	30	1.800	15.900	0.060
BPP_50_200_0.1_0.8_5.C	31	1.400	16.200	0.056
BPP_50_200_0.1_0.8_5.C	30	2.000	16.000	0.055
BPP_50_200_0.1_0.8_5.C	30	2.000	16.000	0.055
BPP_50_200_0.1_0.8_5.C	30	2.000	16.000	0.055
BPP_50_200_0.1_0.8_5.C	30	2.000	16.000	0.056
BPP_50_200_0.1_0.8_5.C	30	2.000	16.000	0.055
BPP_50_200_0.1_0.8_5.C	30	2.000	16.000	0.056
BPP_50_200_0.1_0.8_5.C	30	2.000	16.000	0.055
BPP_50_200_0.1_0.8_5.C	30	2.000	16.000	0.056
BPP_50_200_0.1_0.8_6.C	23	0.600	11.800	0.044
BPP_50_200_0.1_0.8_6.C	23	0.600	11.800	0.043
BPP_50_200_0.1_0.8_6.C	23	0.600	11.800	0.043
BPP_50_200_0.1_0.8_6.C	23	0.600	11.800	0.044
BPP_50_200_0.1_0.8_6.C	23	0.600	11.800	0.044
BPP_50_200_0.1_0.8_6.C	23	0.600	11.800	0.043
BPP_50_200_0.1_0.8_6.C	23	0.600	11.800	0.044
BPP_50_200_0.1_0.8_6.C	23	0.600	11.800	0.043
BPP_50_200_0.1_0.8_6.C	23	0.600	11.800	0.044
BPP_50_200_0.1_0.8_6.C	23	0.600	11.800	0.044
BPP_50_200_0.1_0.8_7.C	22	5.800	13.900	0.046
BPP_50_200_0.1_0.8_7.C	22	6.000	14.000	0.046
BPP_50_200_0.1_0.8_7.C	23	4.800	13.900	0.046
BPP_50_200_0.1_0.8_7.C	23	5.000	14.000	0.046
BPP_50_200_0.1_0.8_7.C	23	4.800	13.900	0.047
BPP_50_200_0.1_0.8_7.C	23	5.000	14.000	0.046
BPP_50_200_0.1_0.8_7.C	22	6.000	14.000	0.046
BPP_50_200_0.1_0.8_7.C	23	4.800	13.900	0.046
BPP_50_200_0.1_0.8_7.C	23	4.800	13.900	0.047
BPP_50_200_0.1_0.8_7.C	23	5.000	14.000	0.045
BPP_50_200_0.1_0.8_8.C	25	0.400	12.700	0.043
BPP_50_200_0.1_0.8_8.C	25	0.400	12.700	0.044
BPP_50_200_0.1_0.8_8.C	24	0.400	12.200	0.043
BPP_50_200_0.1_0.8_8.C	25	0.400	12.700	0.044
BPP_50_200_0.1_0.8_8.C	25	0.400	12.700	0.043
BPP_50_200_0.1_0.8_8.C	25	0.400	12.700	0.045
BPP_50_200_0.1_0.8_8.C	25	0.400	12.700	0.044
BPP_50_200_0.1_0.8_8.C	25	0.400	12.700	0.045
BPP_50_200_0.1_0.8_8.C	25	0.400	12.700	0.044
BPP_50_200_0.1_0.8_8.C	25	0.400	12.700	0.044
BPP_50_200_0.1_0.8_9.C	24	4.800	14.400	0.046
BPP_50_200_0.1_0.8_9.C	23	5.200	14.100	0.048
BPP_50_200_0.1_0.8_9.C	24	4.800	14.400	0.046
BPP_50_200_0.1_0.8_9.C	23	5.600	14.300	0.046
BPP_50_200_0.1_0.8_9.C	23	5.400	14.200	0.048
BPP_50_200_0.1_0.8_9.C	24	4.800	14.400	0.048
BPP_50_200_0.1_0.8_9.C	23	5.400	14.200	0.047
BPP_50_200_0.1_0.8_9.C	23	5.400	14.200	0.047
BPP_50_200_0.1_0.8_9.C	23	5.600	14.300	0.047
BPP_50_200_0.1_0.8_9.C	23	5.600	14.300	0.046
BPP_50_300_0.1_0.8_0.C	25	2.800	13.900	0.073
BPP_50_300_0.1_0.8_0.C	25	2.800	13.900	0.073
BPP_50_300_0.1_0.8_0.C	25	2.800	13.900	0.076
BPP_50_300_0.1_0.8_0.C	25	2.800	13.900	0.074
BPP_50_300_0.1_0.8_0.C	25	2.800	13.900	0.073
BPP_50_300_0.1_0.8_0.C	25	2.800	13.900	0.073
BPP_50_300_0.1_0.8_0.C	25	2.800	13.900	0.073
BPP_50_300_0.1_0.8_0.C	25	2.800	13.900	0.076
BPP_50_300_0.1_0.8_0.C	25	2.800	13.900	0.072
BPP_50_300_0.1_0.8_0.C	25	2.800	13.900	0.072
BPP_50_300_0.1_0.8_1.C	24	2.600	13.300	0.070
BPP_50_300_0.1_0.8_1.C	24	2.600	13.300	0.070
BPP_50_300_0.1_0.8_1.C	24	2.600	13.300	0.071
BPP_50_300_0.1_0.8_1.C	24	2.600	13.300	0.071
BPP_50_300_0.1_0.8_1.C	24	2.400	13.200	0.070
BPP_50_300_0.1_0.8_1.C	24	2.400	13.200	0.070
BPP_50_300_0.1_0.8_1.C	24	2.400	13.200	0.069
BPP_50_300_0.1_0.8_1.C	24	2.600	13.300	0.070
BPP_50_300_0.1_0.8_1.C	24	2.400	13.200	0.070
BPP_50_300_0.1_0.8_1.C	24	2.400	13.200	0.072
BPP_50_300_0.1_0.8_2.C	26	4.000	15.000	0.076
BPP_50_300_0.1_0.8_2.C	26	4.000	15.000	0.077
BPP_50_300_0.1_0.8_2.C	26	4.000	15.000	0.077
BPP_50_300_0.1_0.8_2.C	26	4.000	15.000	0.075
BPP_50_300_0.1_0.8_2.C	26	4.000	15.000	0.076
BPP_50_300_0.1_0.8_2.C	26	4.000	15.000	0.076
BPP_50_300_0.1_0.8_2.C	26	4.000	15.000	0.076
BPP_50_300_0.1_0.8_2.C	26	3.800	14.900	0.077
BPP_50_300_0.1_0.8_2.C	26	4.000	15.000	0.076
BPP_50_300_0.1_0.8_2.C	26	4.000	15.000	0.077
BPP_50_300_0.1_0.8_3.C	26	3.000	14.500	0.074
BPP_50_300_0.1_0.8_3.C	25	3.000	14.000	0.075
BPP_50_300_0.1_0.8_3.C	26	3.000	14.500	0.074
BPP_50_300_0.1_0.8_3.C	26	3.000	14.500	0.075
BPP_50_300_0.1_0.8_3.C	26	3.000	14.500	0.075
BPP_50_300_0.1_0.8_3.C	26	3.000	14.500	0.075
BPP_50_300_0.1_0.8_3.C	26	3.000	14.500	0.077
BPP_50_300_0.1_0.8_3.C	26	3.000	14.500	0.074
BPP_50_300_0.1_0.8_3.C	26	3.000	14.500	0.074
BPP_50_300_0.1_0.8_3.C	26	3.000	14.500	0.074
BPP_50_300_0.1_0.8_4.C	28	3.800	15.900	0.078
BPP_50_300_0.1_0.8_4.C	28	3.800	15.900	0.078
BPP_50_300_0.1_0.8_4.C	28	3.800	15.900	0.079
BPP_50_300_0.1_0.8_4.C	28	3.800	15.900	0.078
BPP_50_300_0.1_0.8_4.C	28	3.800	15.900	0.078
BPP_50_300_0.1_0.8_4.C	28	3.800	15.900	0.078
BPP_50_300_0.1_0.8_4.C	28	3.800	15.900	0.078
BPP_50_300_0.1_0.8_4.C	28	3.800	15.900	0.086
BPP_50_300_0.1_0.8_4.C	28	3.800	15.900	0.078
BPP_50_300_0.1_0.8_4.C	28	3.800	15.900	0.078
BPP_50_300_0.1_0.8_5.C	22	4.200	13.100	0.068
BPP_50_300_0.1_0.8_5.C	23	4.000	13.500	0.067
BPP_50_300_0.1_0.8_5.C	23	4.000	13.500	0.066
BPP_50_300_0.1_0.8_5.C	23	4.000	13.500	0.067
BPP_50_300_0.1_0.8_5.C	23	4.000	13.500	0.068
BPP_50_300_0.1_0.8_5.C	23	4.000	13.500	0.066
BPP_50_300_0.1_0.8_5.C	22	4.200	13.100	0.066
BPP_50_300_0.1_0.8_5.C	23	4.000	13.500	0.066
BPP_50_300_0.1_0.8_5.C	23	4.000	13.500	0.066
BPP_50_300_0.1_0.8_5.C	23	4.000	13.500	0.067
BPP_50_300_0.1_0.8_6.C	21	3.800	12.400	0.064
BPP_50_300_0.1_0.8_6.C	21	3.800	12.400	0.062
BPP_50_300_0.1_0.8_6.C	21	3.800	12.400	0.064
BPP_50_300_0.1_0.8_6.C	21	4.000	12.500	0.063
BPP_50_300_0.1_0.8_6.C	21	3.800	12.400	0.064
BPP_50_300_0.1_0.8_6.C	22	3.800	12.900	0.064
BPP_50_300_0.1_0.8_6.C	21	3.800	12.400	0.063
BPP_50_300_0.1_0.8_6.C	21	3.800	12.400	0.064
BPP_50_300_0.1_0.8_6.C	21	3.800	12.400	0.063
BPP_50_300_0.1_0.8_6.C	21	3.800	12.400	0.062
BPP_50_300_0.1_0.8_7.C	28	2.600	15.300	0.079
BPP_50_300_0.1_0.8_7.C	28	3.200	15.600	0.080
BPP_50_300_0.1_0.8_7.C	28	3.000	15.500	0.081
BPP_50_300_0.1_0.8_7.C	28	3.200	15.600	0.078
BPP_50_300_0.1_0.8_7.C	28	3.200	15.600	0.079
BPP_50_300_0.1_0.8_7.C	28	3.000	15.500	0.078
BPP_50_300_0.1_0.8_7.C	28	3.200	15.600	0.077
BPP_50_300_0.1_0.8_7.C	28	3.200	15.600	0.078
BPP_50_300_0.1_0.8_7.C	28	3.200	15.600	0.080
BPP_50_300_0.1_0.8_7.C	28	3.200	15.600	0.079
BPP_50_300_0.1_0.8_8.C	29	3.000	16.000	0.081
BPP_50_300_0.1_0.8_8.C	29	3.000	16.000	0.083
BPP_50_300_0.1_0.8_8.C	29	3.000	16.000	0.080
BPP_50_300_0.1_0.8_8.C	29	3.000	16.000	0.080
BPP_50_300_0.1_0.8_8.C	29	3.000	16.000	0.080
BPP_50_300_0.1_0.8_8.C	29	3.000	16.000	0.081
BPP_50_300_0.1_0.8_8.C	29	3.000	16.000	0.082
BPP_50_300_0.1_0.8_8.C	29	3.000	16.000	0.082
BPP_50_300_0.1_0.8_8.C	29	3.000	16.000	0.087
BPP_50_300_0.1_0.8_8.C	29	3.000	16.000	0.080
BPP_50_300_0.1_0.8_9.C	28	1.800	14.900	0.078
BPP_50_300_0.1_0.8_9.C	28	1.800	14.900	0.080
BPP_50_300_0.1_0.8_9.C	28	1.800	14.900	0.077
BPP_50_300_0.1_0.8_9.C	28	1.800	14.900	0.081
BPP_50_300_0.1_0.8_9.C	28	1.800	14.900	0.081
BPP_50_300_0.1_0.8_9.C	28	1.800	14.900	0.080
BPP_50_300_0.1_0.8_9.C	28	1.800	14.900	0.079
BPP_50_300_0.1_0.8_9.C	28	1.800	14.900	0.078
BPP_50_300_0.1_0.8_9.C	28	1.800	14.900	0.078
BPP_50_300_0.1_0.8_9.C	28	1.800	14.900	0.081
BPP_50_400_0.1_0.8_0.C	21	0.400	10.700	0.095
BPP_50_400_0.1_0.8_0.C	22	0.200	11.100	0.094
BPP_50_400_0.1_0.8_0.C	22	0.200	11.100	0.094
BPP_50_400_0.1_0.8_0.C	22	0.200	11.100	0.095
BPP_50_400_0.1_0.8_0.C	22	0.200	11.100	0.096
BPP_50_400_0.1_0.8_0.C	22	0.200	11.100	0.094
BPP_50_400_0.1_0.8_0.C	21	0.800	10.900	0.095
BPP_50_400_0.1_0.8_0.C	22	0.200	11.100	0.094
BPP_50_400_0.1_0.8_0.C	22	0.200	11.100	0.094
BPP_50_400_0.1_0.8_0.C	22	0.200	11.100	0.093
BPP_50_400_0.1_0.8_1.C	29	0.200	14.600	0.113
BPP_50_400_0.1_0.8_1.C	29	0.200	14.600	0.115
BPP_50_400_0.1_0.8_1.C	29	0.200	14.600	0.115
BPP_50_400_0.1_0.8_1.C	29	0.200	14.600	0.114
BPP_50_400_0.1_0.8_1.C	29	0.200	14.600	0.115
BPP_50_400_0.1_0.8_1.C	29	0.200	14.600	0.114
BPP_50_400_0.1_0.8_1.C	29	0.200	14.600	0.116
BPP_50_400_0.1_0.8_1.C	29	0.200	14.600	0.114
BPP_50_400_0.1_0.8_1.C	29	0.200	14.600	0.116
BPP_50_400_0.1_0.8_1.C	29	0.200	14.600	0.114
BPP_50_400_0.1_0.8_2.C	23	1.200	12.100	0.107
BPP_50_400_0.1_0.8_2.C	23	1.200	12.100	0.098
BPP_50_400_0.1_0.8_2.C	23	1.400	12.200	0.101
BPP_50_400_0.1_0.8_2.C	23	1.400	12.200	0.099
BPP_50_400_0.1_0.8_2.C	23	1.200	12.100	0.098
BPP_50_400_0.1_0.8_2.C	23	1.200	12.100	0.099
BPP_50_400_0.1_0.8_2.C	23	1.200	12.100	0.099
BPP_50_400_0.1_0.8_2.C	23	1.200	12.100	0.099
BPP_50_400_0.1_0.8_2.C	23	1.400	12.200	0.099
BPP_50_400_0.1_0.8_2.C	23	1.200	12.100	0.099
BPP_50_400_0.1_0.8_3.C	24	2.400	13.200	0.101
BPP_50_400_0.1_0.8_3.C	24	2.200	13.100	0.101
BPP_50_400_0.1_0.8_3.C	24	2.400	13.200	0.101
BPP_50_400_0.1_0.8_3.C	24	2.200	13.100	0.102
BPP_50_400_0.1_0.8_3.C	24	2.600	13.300	0.100
BPP_50_400_0.1_0.8_3.C	24	2.400	13.200	0.114
BPP_50_400_0.1_0.8_3.C	24	2.400	13.200	0.101
BPP_50_400_0.1_0.8_3.C	24	2.400	13.200	0.102
BPP_50_400_0.1_0.8_3.C	24	2.400	13.200	0.102
BPP_50_400_0.1_0.8_3.C	24	2.400	13.200	0.103
BPP_50_400_0.1_0.8_4.C	21	1.200	11.100	0.091
BPP_50_400_0.1_0.8_4.C	21	1.200	11.100	0.091
BPP_50_400_0.1_0.8_4.C	21	1.200	11.100	0.086
BPP_50_400_0.1_0.8_4.C	21	1.200	11.100	0.082
BPP_50_400_0.1_0.8_4.C	21	1.200	11.100	0.083
BPP_50_400_0.1_0.8_4.C	21	1.200	11.100	0.082
BPP_50_400_0.1_0.8_4.C	21	1.200	11.100	0.084
BPP_50_400_0.1_0.8_4.C	21	1.200	11.100	0.083
BPP_50_400_0.1_0.8_4.C	21	1.200	11.100	0.083
BPP_50_400_0.1_0.8_4.C	21	1.200	11.100	0.085
BPP_50_400_0.1_0.8_5.C	26	4.600	15.300	0.115
BPP_50_400_0.1_0.8_5.C	27	4.000	15.500	0.115
BPP_50_400_0.1_0.8_5.C	27	4.400	15.700	0.114
BPP_50_400_0.1_0.8_5.C	27	4.200	15.600	0.115
BPP_50_400_0.1_0.8_5.C	27	4.200	15.600	0.116
BPP_50_400_0.1_0.8_5.C	27	4.200	15.600	0.113
BPP_50_400_0.1_0.8_5.C	27	4.000	15.500	0.115
BPP_50_400_0.1_0.8_5.C	26	4.600	15.300	0.114
BPP_50_400_0.1_0.8_5.C	26	4.400	15.200	0.117
BPP_50_400_0.1_0.8_5.C	26	4.600	15.300	0.116
BPP_50_400_0.1_0.8_6.C	26	7.400	16.700	0.111
BPP_50_400_0.1_0.8_6.C	26	7.400	16.700	0.109
BPP_50_400_0.1_0.8_6.C	25	8.000	16.500	0.107
BPP_50_400_0.1_0.8_6.C	26	7.400	16.700	0.109
BPP_50_400_0.1_0.8_6.C	26	7.400	16.700	0.113
BPP_50_400_0.1_0.8_6.C	25	8.000	16.500	0.110
BPP_50_400_0.1_0.8_6.C	25	8.000	16.500	0.110
BPP_50_400_0.1_0.8_6.C	26	7.400	16.700	0.109
BPP_50_400_0.1_0.8_6.C	26	7.400	16.700	0.111
BPP_50_400_0.1_0.8_6.C	26	7.400	16.700	0.110
BPP_50_400_0.1_0.8_7.C	24	1.200	12.600	0.098
BPP_50_400_0.1_0.8_7.C	24	1.200	12.600	0.100
BPP_50_400_0.1_0.8_7.C	24	1.200	12.600	0.110
BPP_50_400_0.1_0.8_7.C	24	1.200	12.600	0.100
BPP_50_400_0.1_0.8_7.C	24	1.200	12.600	0.098
BPP_50_400_0.1_0.8_7.C	24	1.400	12.700	0.100
BPP_50_400_0.1_0.8_7.C	24	1.200	12.600	0.098
BPP_50_400_0.1_0.8_7.C	24	1.200	12.600	0.101
BPP_50_400_0.1_0.8_7.C	24	1.200	12.600	0.099
BPP_50_400_0.1_0.8_7.C	24	1.400	12.700	0.098
BPP_50_400_0.1_0.8_8.C	30	6.000	18.000	0.118
BPP_50_400_0.1_0.8_8.C	30	6.000	18.000	0.119
BPP_50_400_0.1_0.8_8.C	30	6.000	18.000	0.119
BPP_50_400_0.1_0.8_8.C	30	6.000	18.000	0.119
BPP_50_400_0.1_0.8_8.C	30	6.000	18.000	0.119
BPP_50_400_0.1_0.8_8.C	30	6.000	18.000	0.127
BPP_50_400_0.1_0.8_8.C	30	6.000	18.000	0.118
BPP_50_400_0.1_0.8_8.C	30	6.000	18.000	0.119
BPP_50_400_0.1_0.8_8.C	30	6.000	18.000	0.119
BPP_50_400_0.1_0.8_8.C	29	6.400	17.700	0.117
BPP_50_400_0.1_0.8_9.C	25	5.800	15.400	0.104
BPP_50_400_0.1_0.8_9.C	25	5.800	15.400	0.104
BPP_50_400_0.1_0.8_9.C	25	6.200	15.600	0.102
BPP_50_400_0.1_0.8_9.C	25	5.800	15.400	0.101
BPP_50_400_0.1_0.8_9.C	25	6.000	15.500	0.103
BPP_50_400_0.1_0.8_9.C	25	6.000	15.500	0.102
BPP_50_400_0.1_0.8_9.C	25	5.800	15.400	0.105
BPP_50_400_0.1_0.8_9.C	25	5.800	15.400	0.102
BPP_50_400_0.1_0.8_9.C	25	6.000	15.500	0.101
BPP_50_400_0.1_0.8_9.C	25	5.800	15.400	0.102
BPP_50_500_0.1_0.8_0.C	25	3.000	14.000	0.120
BPP_50_500_0.1_0.8_0.C	25	2.800	13.900	0.118
BPP_50_500_0.1_0.8_0.C	25	3.000	14.000	0.118
BPP_50_500_0.1_0.8_0.C	25	3.200	14.100	0.121
BPP_50_500_0.1_0.8_0.C	26	2.600	14.300	0.123
BPP_50_500_0.1_0.8_0.C	25	3.000	14.000	0.120
BPP_50_500_0.1_0.8_0.C	25	2.800	13.900	0.120
BPP_50_500_0.1_0.8_0.C	25	2.800	13.900	0.119
BPP_50_500_0.1_0.8_0.C	25	3.200	14.100	0.120
BPP_50_500_0.1_0.8_0.C	25	3.200	14.100	0.120
BPP_50_500_0.1_0.8_1.C	24	0.400	12.200	0.151
BPP_50_500_0.1_0.8_1.C	25	0.000	12.500	0.169
BPP_50_500_0.1_0.8_1.C	25	0.000	12.500	0.111
BPP_50_500_0.1_0.8_1.C	25	0.000	12.500	0.110
BPP_50_500_0.1_0.8_1.C	25	0.000	12.500	0.113
BPP_50_500_0.1_0.8_1.C	25	0.000	12.500	0.113
BPP_50_500_0.1_0.8_1.C	24	0.400	12.200	0.112
BPP_50_500_0.1_0.8_1.C	25	0.000	12.500	0.112
BPP_50_500_0.1_0.8_1.C	25	0.000	12.500	0.113
BPP_50_500_0.1_0.8_1.C	25	0.000	12.500	0.114
BPP_50_500_0.1_0.8_2.C	26	1.400	13.700	0.120
BPP_50_500_0.1_0.8_2.C	26	1.400	13.700	0.119
BPP_50_500_0.1_0.8_2.C	26	1.400	13.700	0.120
BPP_50_500_0.1_0.8_2.C	26	1.400	13.700	0.117
BPP_50_500_0.1_0.8_2.C	26	1.400	13.700	0.117
BPP_50_500_0.1_0.8_2.C	26	1.400	13.700	0.118
BPP_50_500_0.1_0.8_2.C	26	1.400	13.700	0.118
BPP_50_500_0.1_0.8_2.C	26	1.400	13.700	0.116
BPP_50_500_0.1_0.8_2.C	26	1.400	13.700	0.116
BPP_50_500_0.1_0.8_2.C	26	1.400	13.700	0.119
BPP_50_500_0.1_0.8_3.C	22	3.200	12.600	0.105
BPP_50_500_0.1_0.8_3.C	22	3.200	12.600	0.107
BPP_50_500_0.1_0.8_3.C	22	3.000	12.500	0.103
BPP_50_500_0.1_0.8_3.C	22	3.200	12.600	0.106
BPP_50_500_0.1_0.8_3.C	22	3.200	12.600	0.108
BPP_50_500_0.1_0.8_3.C	22	3.200	12.600	0.105
BPP_50_500_0.1_0.8_3.C	22	3.000	12.500	0.105
BPP_50_500_0.1_0.8_3.C	22	3.000	12.500	0.107
BPP_50_500_0.1_0.8_3.C	22	3.200	12.600	0.106
BPP_50_500_0.1_0.8_3.C	22	3.200	12.600	0.103
BPP_50_500_0.1_0.8_4.C	22	1.400	11.700	0.100
BPP_50_500_0.1_0.8_4.C	22	1.400	11.700	0.099
BPP_50_500_0.1_0.8_4.C	22	1.400	11.700	0.099
BPP_50_500_0.1_0.8_4.C	22	1.400	11.700	0.100
BPP_50_500_0.1_0.8_4.C	22	1.400	11.700	0.103
BPP_50_500_0.1_0.8_4.C	22	1.400	11.700	0.099
BPP_50_500_0.1_0.8_4.C	22	1.400	11.700	0.099
BPP_50_500_0.1_0.8_4.C	22	1.400	11.700	0.111
BPP_50_500_0.1_0.8_4.C	22	1.400	11.700	0.102
BPP_50_500_0.1_0.8_4.C	22	1.400	11.700	0.099
BPP_50_500_0.1_0.8_5.C	26	2.600	14.300	0.120
BPP_50_500_0.1_0.8_5.C	26	2.600	14.300	0.120
BPP_50_500_0.1_0.8_5.C	26	2.600	14.300	0.124
BPP_50_500_0.1_0.8_5.C	26	2.600	14.300	0.119
BPP_50_500_0.1_0.8_5.C	26	2.600	14.300	0.119
BPP_50_500_0.1_0.8_5.C	26	2.600	14.300	0.140
BPP_50_500_0.1_0.8_5.C	26	2.600	14.300	0.119
BPP_50_500_0.1_0.8_5.C	26	2.600	14.300	0.119
BPP_50_500_0.1_0.8_5.C	26	2.600	14.300	0.119
BPP_50_500_0.1_0.8_5.C	26	2.600	14.300	0.123
BPP_50_500_0.1_0.8_6.C	23	0.800	11.900	0.110
BPP_50_500_0.1_0.8_6.C	23	0.800	11.900	0.110
BPP_50_500_0.1_0.8_6.C	23	0.800	11.900	0.112
BPP_50_500_0.1_0.8_6.C	23	0.800	11.900	0.109
BPP_50_500_0.1_0.8_6.C	22	1.800	11.900	0.109
BPP_50_500_0.1_0.8_6.C	23	0.800	11.900	0.110
BPP_50_500_0.1_0.8_6.C	23	0.800	11.900	0.111
BPP_50_500_0.1_0.8_6.C	23	0.800	11.900	0.111
BPP_50_500_0.1_0.8_6.C	23	0.800	11.900	0.108
BPP_50_500_0.1_0.8_6.C	23	0.800	11.900	0.110
BPP_50_500_0.1_0.8_7.C	27	1.200	14.100	0.121
BPP_50_500_0.1_0.8_7.C	27	1.200	14.100	0.119
BPP_50_500_0.1_0.8_7.C	27	1.200	14.100	0.120
BPP_50_500_0.1_0.8_7.C	27	1.200	14.100	0.118
BPP_50_500_0.1_0.8_7.C	26	2.200	14.100	0.129
BPP_50_500_0.1_0.8_7.C	27	1.200	14.100	0.120
BPP_50_500_0.1_0.8_7.C	27	1.200	14.100	0.117
BPP_50_500_0.1_0.8_7.C	27	1.200	14.100	0.119
BPP_50_500_0.1_0.8_7.C	27	1.200	14.100	0.119
BPP_50_500_0.1_0.8_7.C	27	1.200	14.100	0.129
BPP_50_500_0.1_0.8_8.C	27	1.800	14.400	0.126
BPP_50_500_0.1_0.8_8.C	27	1.800	14.400	0.124
BPP_50_500_0.1_0.8_8.C	27	1.800	14.400	0.123
BPP_50_500_0.1_0.8_8.C	27	1.800	14.400	0.124
BPP_50_500_0.1_0.8_8.C	27	1.800	14.400	0.124
BPP_50_500_0.1_0.8_8.C	27	1.800	14.400	0.123
BPP_50_500_0.1_0.8_8.C	27	1.800	14.400	0.123
BPP_50_500_0.1_0.8_8.C	27	1.800	14.400	0.124
BPP_50_500_0.1_0.8_8.C	27	1.800	14.400	0.123
BPP_50_500_0.1_0.8_8.C	27	1.800	14.400	0.124
BPP_50_500_0.1_0.8_9.C	25	0.800	12.900	0.118
BPP_50_500_0.1_0.8_9.C	25	0.800	12.900	0.120
BPP_50_500_0.1_0.8_9.C	25	0.800	12.900	0.120
BPP_50_500_0.1_0.8_9.C	25	0.800	12.900	0.120
BPP_50_500_0.1_0.8_9.C	25	0.800	12.900	0.125
BPP_50_500_0.1_0.8_9.C	25	0.800	12.900	0.119
BPP_50_500_0.1_0.8_9.C	25	0.800	12.900	0.119
BPP_50_500_0.1_0.8_9.C	25	0.800	12.900	0.127
BPP_50_500_0.1_0.8_9.C	25	0.800	12.900	0.119
BPP_50_500_0.1_0.8_9.C	25	0.800	12.900	0.118
BPP_50_50_0.1_0.8_0.C	24	3.200	13.600	0.013
BPP_50_50_0.1_0.8_0.C	24	3.200	13.600	0.014
BPP_50_50_0.1_0.8_0.C	24	3.400	13.700	0.013
BPP_50_50_0.1_0.8_0.C	24	3.200	13.600	0.013
BPP_50_50_0.1_0.8_0.C	24	3.200	13.600	0.014
BPP_50_50_0.1_0.8_0.C	24	3.200	13.600	0.013
BPP_50_50_0.1_0.8_0.C	24	3.400	13.700	0.014
BPP_50_50_0.1_0.8_0.C	24	3.400	13.700	0.013
BPP_50_50_0.1_0.8_0.C	24	3.200	13.600	0.014
BPP_50_50_0.1_0.8_0.C	24	3.400	13.700	0.013
BPP_50_50_0.1_0.8_1.C	29	1.000	15.000	0.014
BPP_50_50_0.1_0.8_1.C	29	1.000	15.000	0.015
BPP_50_50_0.1_0.8_1.C	29	1.000	15.000	0.015
BPP_50_50_0.1_0.8_1.C	29	1.000	15.000	0.014
BPP_50_50_0.1_0.8_1.C	29	1.000	15.000	0.014
BPP_50_50_0.1_0.8_1.C	29	1.000	15.000	0.015
BPP_50_50_0.1_0.8_1.C	29	1.000	15.000	0.014
BPP_50_50_0.1_0.8_1.C	29	1.000	15.000	0.015
BPP_50_50_0.1_0.8_1.C	29	1.000	15.000	0.014
BPP_50_50_0.1_0.8_1.C	29	1.000	15.000	0.014
BPP_50_50_0.1_0.8_2.C	26	2.400	14.200	0.014
BPP_50_50_0.1_0.8_2.C	26	2.400	14.200	0.014
BPP_50_50_0.1_0.8_2.C	26	2.400	14.200	0.014
BPP_50_50_0.1_0.8_2.C	26	2.400	14.200	0.013
BPP_50_50_0.1_0.8_2.C	26	2.400	14.200	0.013
BPP_50_50_0.1_0.8_2.C	26	2.400	14.200	0.013
BPP_50_50_0.1_0.8_2.C	26	2.400	14.200	0.014
BPP_50_50_0.1_0.8_2.C	26	2.400	14.200	0.013
BPP_50_50_0.1_0.8_2.C	26	2.400	14.200	0.014
BPP_50_50_0.1_0.8_2.C	26	2.400	14.200	0.013
BPP_50_50_0.1_0.8_3.C	21	1.600	11.300	0.011
BPP_50_50_0.1_0.8_3.C	21	1.600	11.300	0.011
BPP_50_50_0.1_0.8_3.C	21	1.600	11.300	0.011
BPP_50_50_0.1_0.8_3.C	21	1.600	11.300	0.012
BPP_50_50_0.1_0.8_3.C	21	1.600	11.300	0.012
BPP_50_50_0.1_0.8_3.C	21	1.600	11.300	0.012
BPP_50_50_0.1_0.8_3.C	21	1.600	11.300	0.012
BPP_50_50_0.1_0.8_3.C	21	1.600	11.300	0.011
BPP_50_50_0.1_0.8_3.C	21	1.600	11.300	0.012
BPP_50_50_0.1_0.8_3.C	21	1.600	11.300	0.011
BPP_50_50_0.1_0.8_4.C	25	3.800	14.400	0.014
BPP_50_50_0.1_0.8_4.C	24	4.600	14.300	0.014
BPP_50_50_0.1_0.8_4.C	25	3.800	14.400	0.014
BPP_50_50_0.1_0.8_4.C	25	3.800	14.400	0.013
BPP_50_50_0.1_0.8_4.C	25	3.800	14.400	0.014
BPP_50_50_0.1_0.8_4.C	25	3.800	14.400	0.014
BPP_50_50_0.1_0.8_4.C	24	4.600	14.300	0.013
BPP_50_50_0.1_0.8_4.C	24	4.800	14.400	0.014
BPP_50_50_0.1_0.8_4.C	25	3.800	14.400	0.014
BPP_50_50_0.1_0.8_4.C	24	4.600	14.300	0.013
BPP_50_50_0.1_0.8_5.C	25	2.600	13.800	0.014
BPP_50_50_0.1_0.8_5.C	25	3.000	14.000	0.014
BPP_50_50_0.1_0.8_5.C	25	3.000	14.000	0.013
BPP_50_50_0.1_0.8_5.C	25	2.800	13.900	0.013
BPP_50_50_0.1_0.8_5.C	25	3.200	14.100	0.013
BPP_50_50_0.1_0.8_5.C	25	2.800	13.900	0.013
BPP_50_50_0.1_0.8_5.C	25	3.000	14.000	0.014
BPP_50_50_0.1_0.8_5.C	25	2.600	13.800	0.013
BPP_50_50_0.1_0.8_5.C	25	3.000	14.000	0.013
BPP_50_50_0.1_0.8_5.C	25	2.800	13.900	0.014
BPP_50_50_0.1_0.8_6.C	24	4.600	14.300	0.013
BPP_50_50_0.1_0.8_6.C	24	4.600	14.300	0.013
BPP_50_50_0.1_0.8_6.C	24	4.200	14.100	0.013
BPP_50_50_0.1_0.8_6.C	24	4.600	14.300	0.014
BPP_50_50_0.1_0.8_6.C	24	4.400	14.200	0.014
BPP_50_50_0.1_0.8_6.C	24	4.400	14.200	0.014
BPP_50_50_0.1_0.8_6.C	24	4.200	14.100	0.015
BPP_50_50_0.1_0.8_6.C	24	4.000	14.000	0.015
BPP_50_50_0.1_0.8_6.C	25	3.800	14.400	0.015
BPP_50_50_0.1_0.8_6.C	25	3.800	14.400	0.014
BPP_50_50_0.1_0.8_7.C	26	4.200	15.100	0.014
BPP_50_50_0.1_0.8_7.C	25	4.800	14.900	0.014
BPP_50_50_0.1_0.8_7.C	25	4.600	14.800	0.014
BPP_50_50_0.1_0.8_7.C	26	4.200	15.100	0.015
BPP_50_50_0.1_0.8_7.C	25	4.800	14.900	0.014
BPP_50_50_0.1_0.8_7.C	25	4.800	14.900	0.014
BPP_50_50_0.1_0.8_7.C	25	4.600	14.800	0.014
BPP_50_50_0.1_0.8_7.C	26	4.200	15.100	0.013
BPP_50_50_0.1_0.8_7.C	25	5.000	15.000	0.013
BPP_50_50_0.1_0.8_7.C	25	5.000	15.000	0.013
BPP_50_50_0.1_0.8_8.C	24	2.800	13.400	0.013
BPP_50_50_0.1_0.8_8.C	23	3.400	13.200	0.013
BPP_50_50_0.1_0.8_8.C	23	3.400	13.200	0.013
BPP_50_50_0.1_0.8_8.C	24	2.800	13.400	0.013
BPP_50_50_0.1_0.8_8.C	23	3.400	13.200	0.013
BPP_50_50_0.1_0.8_8.C	24	2.800	13.400	0.012
BPP_50_50_0.1_0.8_8.C	24	2.800	13.400	0.013
BPP_50_50_0.1_0.8_8.C	24	2.800	13.400	0.013
BPP_50_50_0.1_0.8_8.C	24	2.800	13.400	0.013
BPP_50_50_0.1_0.8_8.C	24	2.800	13.400	0.013
BPP_50_50_0.1_0.8_9.C	25	4.000	14.500	0.013
BPP_50_50_0.1_0.8_9.C	25	4.000	14.500	0.013
BPP_50_50_0.1_0.8_9.C	25	4.000	14.500	0.014
BPP_50_50_0.1_0.8_9.C	25	4.000	14.500	0.014
BPP_50_50_0.1_0.8_9.C	25	4.200	14.600	0.014
BPP_50_50_0.1_0.8_9.C	25	4.000	14.500	0.014
BPP_50_50_0.1_0.8_9.C	25	4.000	14.500	0.013
BPP_50_50_0.1_0.8_9.C	25	4.200	14.600	0.013
BPP_50_50_0.1_0.8_9.C	25	4.200	14.600	0.013
BPP_50_50_0.1_0.8_9.C	25	4.000	14.500	0.014
BPP_50_750_0.1_0.8_0.C	31	4.800	17.900	0.199
BPP_50_750_0.1_0.8_0.C	31	5.000	18.000	0.199
BPP_50_750_0.1_0.8_0.C	31	5.000	18.000	0.199
BPP_50_750_0.1_0.8_0.C	31	5.000	18.000	0.217
BPP_50_750_0.1_0.8_0.C	31	5.000	18.000	0.198
BPP_50_750_0.1_0.8_0.C	31	5.000	18.000	0.200
BPP_50_750_0.1_0.8_0.C	31	5.000	18.000	0.200
BPP_50_750_0.1_0.8_0.C	31	5.000	18.000	0.199
BPP_50_750_0.1_0.8_0.C	31	4.800	17.900	0.197
BPP_50_750_0.1_0.8_0.C	31	4.800	17.900	0.199
BPP_50_750_0.1_0.8_1.C	23	3.600	13.300	0.155
BPP_50_750_0.1_0.8_1.C	23	4.200	13.600	0.156
BPP_50_750_0.1_0.8_1.C	23	4.400	13.700	0.155
BPP_50_750_0.1_0.8_1.C	23	4.200	13.600	0.154
BPP_50_750_0.1_0.8_1.C	23	3.600	13.300	0.156
BPP_50_750_0.1_0.8_1.C	23	3.600	13.300	0.159
BPP_50_750_0.1_0.8_1.C	23	3.600	13.300	0.155
BPP_50_750_0.1_0.8_1.C	23	4.200	13.600	0.157
BPP_50_750_0.1_0.8_1.C	23	4.400	13.700	0.157
BPP_50_750_0.1_0.8_1.C	23	4.200	13.600	0.171
BPP_50_750_0.1_0.8_2.C	27	0.000	13.500	0.169
BPP_50_750_0.1_0.8_2.C	27	0.000	13.500	0.168
BPP_50_750_0.1_0.8_2.C	27	0.000	13.500	0.169
BPP_50_750_0.1_0.8_2.C	27	0.000	13.500	0.171
BPP_50_750_0.1_0.8_2.C	27	0.000	13.500	0.168
BPP_50_750_0.1_0.8_2.C	27	0.000	13.500	0.171
BPP_50_750_0.1_0.8_2.C	27	0.000	13.500	0.169
BPP_50_750_0.1_0.8_2.C	27	0.000	13.500	0.168
BPP_50_750_0.1_0.8_2.C	27	0.000	13.500	0.174
BPP_50_750_0.1_0.8_2.C	27	0.000	13.500	0.181
BPP_50_750_0.1_0.8_3.C	26	0.000	13.000	0.168
BPP_50_750_0.1_0.8_3.C	26	0.000	13.000	0.166
BPP_50_750_0.1_0.8_3.C	26	0.000	13.000	0.166
BPP_50_750_0.1_0.8_3.C	26	0.000	13.000	0.167
BPP_50_750_0.1_0.8_3.C	26	0.000	13.000	0.167
BPP_50_750_0.1_0.8_3.C	26	0.000	13.000	0.167
BPP_50_750_0.1_0.8_3.C	26	0.000	13.000	0.167
BPP_50_750_0.1_0.8_3.C	26	0.000	13.000	0.167
BPP_50_750_0.1_0.8_3.C	26	0.000	13.000	0.168
BPP_50_750_0.1_0.8_3.C	26	0.000	13.000	0.167
BPP_50_750_0.1_0.8_4.C	24	0.000	12.000	0.161
BPP_50_750_0.1_0.8_4.C	24	0.000	12.000	0.163
BPP_50_750_0.1_0.8_4.C	24	0.000	12.000	0.160
BPP_50_750_0.1_0.8_4.C	24	0.000	12.000	0.160
BPP_50_750_0.1_0.8_4.C	24	0.000	12.000	0.164
BPP_50_750_0.1_0.8_4.C	24	0.000	12.000	0.159
BPP_50_750_0.1_0.8_4.C	24	0.000	12.000	0.158
BPP_50_750_0.1_0.8_4.C	24	0.000	12.000	0.162
BPP_50_750_0.1_0.8_4.C	24	0.000	12.000	0.160
BPP_50_750_0.1_0.8_4.C	24	0.000	12.000	0.182
BPP_50_750_0.1_0.8_5.C	25	0.000	12.500	0.170
BPP_50_750_0.1_0.8_5.C	25	0.000	12.500	0.166
BPP_50_750_0.1_0.8_5.C	25	0.000	12.500	0.170
BPP_50_750_0.1_0.8_5.C	25	0.000	12.500	0.167
BPP_50_750_0.1_0.8_5.C	25	0.000	12.500	0.165
BPP_50_750_0.1_0.8_5.C	25	0.000	12.500	0.165
BPP_50_750_0.1_0.8_5.C	25	0.000	12.500	0.165
BPP_50_750_0.1_0.8_5.C	25	0.000	12.500	0.167
BPP_50_750_0.1_0.8_5.C	25	0.000	12.500	0.170
BPP_50_750_0.1_0.8_5.C	25	0.000	12.500	0.167
BPP_50_750_0.1_0.8_6.C	25	0.000	12.500	0.165
BPP_50_750_0.1_0.8_6.C	25	0.000	12.500	0.166
BPP_50_750_0.1_0.8_6.C	25	0.000	12.500	0.164
BPP_50_750_0.1_0.8_6.C	25	0.000	12.500	0.166
BPP_50_750_0.1_0.8_6.C	25	0.000	12.500	0.165
BPP_50_750_0.1_0.8_6.C	25	0.000	12.500	0.169
BPP_50_750_0.1_0.8_6.C	25	0.000	12.500	0.168
BPP_50_750_0.1_0.8_6.C	25	0.000	12.500	0.165
BPP_50_750_0.1_0.8_6.C	25	0.000	12.500	0.164
BPP_50_750_0.1_0.8_6.C	25	0.000	12.500	0.164
BPP_50_750_0.1_0.8_7.C	27	3.000	15.000	0.186
BPP_50_750_0.1_0.8_7.C	27	3.000	15.000	0.185
BPP_50_750_0.1_0.8_7.C	27	3.000	15.000	0.185
BPP_50_750_0.1_0.8_7.C	27	3.000	15.000	0.186
BPP_50_750_0.1_0.8_7.C	27	2.800	14.900	0.186
BPP_50_750_0.1_0.8_7.C	27	3.000	15.000	0.187
BPP_50_750_0.1_0.8_7.C	27	2.800	14.900	0.185
BPP_50_750_0.1_0.8_7.C	27	3.000	15.000	0.186
BPP_50_750_0.1_0.8_7.C	27	2.800	14.900	0.185
BPP_50_750_0.1_0.8_7.C	27	3.000	15.000	0.184
BPP_50_750_0.1_0.8_8.C	25	0.400	12.700	0.164
BPP_50_750_0.1_0.8_8.C	25	0.400	12.700	0.164
BPP_50_750_0.1_0.8_8.C	25	0.400	12.700	0.166
BPP_50_750_0.1_0.8_8.C	25	0.600	12.800	0.164
BPP_50_750_0.1_0.8_8.C	25	0.600	12.800	0.164
BPP_50_750_0.1_0.8_8.C	25	0.400	12.700	0.166
BPP_50_750_0.1_0.8_8.C	25	0.600	12.800	0.163
BPP_50_750_0.1_0.8_8.C	25	0.400	12.700	0.164
BPP_50_750_0.1_0.8_8.C	25	0.400	12.700	0.166
BPP_50_750_0.1_0.8_8.C	25	0.400	12.700	0.191
BPP_50_750_0.1_0.8_9.C	21	0.200	10.600	0.152
BPP_50_750_0.1_0.8_9.C	21	0.200	10.600	0.154
BPP_50_750_0.1_0.8_9.C	21	0.200	10.600	0.152
BPP_50_750_0.1_0.8_9.C	21	0.200	10.600	0.151
BPP_50_750_0.1_0.8_9.C	21	0.200	10.600	0.169
BPP_50_750_0.1_0.8_9.C	21	0.200	10.600	0.153
BPP_50_750_0.1_0.8_9.C	21	0.200	10.600	0.158
BPP_50_750_0.1_0.8_9.C	21	0.200	10.600	0.154
BPP_50_750_0.1_0.8_9.C	21	0.200	10.600	0.151
BPP_50_750_0.1_0.8_9.C	21	0.200	10.600	0.152
BPP_50_75_0.1_0.8_0.C	26	0.800	13.400	0.016
BPP_50_75_0.1_0.8_0.C	27	0.200	13.600	0.016
BPP_50_75_0.1_0.8_0.C	26	0.800	13.400	0.015
BPP_50_75_0.1_0.8_0.C	26	0.600	13.300	0.015
BPP_50_75_0.1_0.8_0.C	27	0.200	13.600	0.015
BPP_50_75_0.1_0.8_0.C	27	0.200	13.600	0.015
BPP_50_75_0.1_0.8_0.C	26	0.600	13.300	0.015
BPP_50_75_0.1_0.8_0.C	26	0.800	13.400	0.015
BPP_50_75_0.1_0.8_0.C	26	0.800	13.400	0.015
BPP_50_75_0.1_0.8_0.C	26	0.600	13.300	0.015
BPP_50_75_0.1_0.8_1.C	29	1.600	15.300	0.016
BPP_50_75_0.1_0.8_1.C	29	1.600	15.300	0.016
BPP_50_75_0.1_0.8_1.C	29	1.600	15.300	0.016
BPP_50_75_0.1_0.8_1.C	29	1.600	15.300	0.017
BPP_50_75_0.1_0.8_1.C	29	1.800	15.400	0.017
BPP_50_75_0.1_0.8_1.C	29	1.600	15.300	0.016
BPP_50_75_0.1_0.8_1.C	29	1.600	15.300	0.017
BPP_50_75_0.1_0.8_1.C	29	1.800	15.400	0.017
BPP_50_75_0.1_0.8_1.C	29	1.600	15.300	0.016
BPP_50_75_0.1_0.8_1.C	29	1.600	15.300	0.016
BPP_50_75_0.1_0.8_2.C	23	1.800	12.400	0.015
BPP_50_75_0.1_0.8_2.C	23	1.800	12.400	0.015
BPP_50_75_0.1_0.8_2.C	23	1.600	12.300	0.015
BPP_50_75_0.1_0.8_2.C	23	1.800	12.400	0.014
BPP_50_75_0.1_0.8_2.C	23	1.800	12.400	0.015
BPP_50_75_0.1_0.8_2.C	23	1.800	12.400	0.014
BPP_50_75_0.1_0.8_2.C	23	1.800	12.400	0.014
BPP_50_75_0.1_0.8_2.C	23	1.800	12.400	0.014
BPP_50_75_0.1_0.8_2.C	23	1.800	12.400	0.014
BPP_50_75_0.1_0.8_2.C	23	1.800	12.400	0.014
BPP_50_75_0.1_0.8_3.C	23	7.000	15.000	0.015
BPP_50_75_0.1_0.8_3.C	23	7.000	15.000	0.016
BPP_50_75_0.1_0.8_3.C	23	7.200	15.100	0.015
BPP_50_75_0.1_0.8_3.C	23	7.200	15.100	0.016
BPP_50_75_0.1_0.8_3.C	23	7.000	15.000	0.015
BPP_50_75_0.1_0.8_3.C	23	7.200	15.100	0.015
BPP_50_75_0.1_0.8_3.C	23	7.000	15.000	0.015
BPP_50_75_0.1_0.8_3.C	23	7.200	15.100	0.016
BPP_50_75_0.1_0.8_3.C	23	7.000	15.000	0.016
BPP_50_75_0.1_0.8_3.C	23	7.000	15.000	0.016
BPP_50_75_0.1_0.8_4.C	29	5.600	17.300	0.017
BPP_50_75_0.1_0.8_4.C	29	5.600	17.300	0.018
BPP_50_75_0.1_0.8_4.C	29	5.600	17.300	0.017
BPP_50_75_0.1_0.8_4.C	29	5.600	17.300	0.017
BPP_50_75_0.1_0.8_4.C	29	5.600	17.300	0.017
BPP_50_75_0.1_0.8_4.C	29	5.600	17.300	0.017
BPP_50_75_0.1_0.8_4.C	29	5.600	17.300	0.017
BPP_50_75_0.1_0.8_4.C	29	5.600	17.300	0.017
BPP_50_75_0.1_0.8_4.C	29	5.600	17.300	0.017
BPP_50_75_0.1_0.8_4.C	29	5.600	17.300	0.017
BPP_50_75_0.1_0.8_5.C	26	1.800	13.900	0.016
BPP_50_75_0.1_0.8_5.C	26	1.800	13.900	0.015
BPP_50_75_0.1_0.8_5.C	26	1.800	13.900	0.015
BPP_50_75_0.1_0.8_5.C	26	1.800	13.900	0.016
BPP_50_75_0.1_0.8_5.C	26	1.800	13.900	0.016
BPP_50_75_0.1_0.8_5.C	26	1.800	13.900	0.015
BPP_50_75_0.1_0.8_5.C	26	1.800	13.900	0.016
BPP_50_75_0.1_0.8_5.C	26	1.800	13.900	0.015
BPP_50_75_0.1_0.8_5.C	26	1.800	13.900	0.015
BPP_50_75_0.1_0.8_5.C	26	1.800	13.900	0.016
BPP_50_75_0.1_0.8_6.C	22	1.000	11.500	0.014
BPP_50_75_0.1_0.8_6.C	22	1.000	11.500	0.014
BPP_50_75_0.1_0.8_6.C	22	1.000	11.500	0.014
BPP_50_75_0.1_0.8_6.C	22	1.000	11.500	0.013
BPP_50_75_0.1_0.8_6.C	22	1.000	11.500	0.013
BPP_50_75_0.1_0.8_6.C	22	1.000	11.500	0.014
BPP_50_75_0.1_0.8_6.C	22	1.000	11.500	0.014
BPP_50_75_0.1_0.8_6.C	22	1.000	11.500	0.014
BPP_50_75_0.1_0.8_6.C	22	1.000	11.500	0.014
BPP_50_75_0.1_0.8_6.C	22	1.000	11.500	0.014
BPP_50_75_0.1_0.8_7.C	22	0.600	11.300	0.014
BPP_50_75_0.1_0.8_7.C	23	0.400	11.700	0.013
BPP_50_75_0.1_0.8_7.C	23	0.400	11.700	0.014
BPP_50_75_0.1_0.8_7.C	23	0.400	11.700	0.014
BPP_50_75_0.1_0.8_7.C	23	0.400	11.700	0.014
BPP_50_75_0.1_0.8_7.C	23	0.400	11.700	0.014
BPP_50_75_0.1_0.8_7.C	23	0.400	11.700	0.013
BPP_50_75_0.1_0.8_7.C	23	0.400	11.700	0.014
BPP_50_75_0.1_0.8_7.C	23	0.400	11.700	0.013
BPP_50_75_0.1_0.8_7.C	23	0.400	11.700	0.014
BPP_50_75_0.1_0.8_8.C	21	0.600	10.800	0.013
BPP_50_75_0.1_0.8_8.C	21	0.600	10.800	0.013
BPP_50_75_0.1_0.8_8.C	21	0.600	10.800	0.013
BPP_50_75_0.1_0.8_8.C	21	0.600	10.800	0.014
BPP_50_75_0.1_0.8_8.C	21	0.600	10.800	0.013
BPP_50_75_0.1_0.8_8.C	21	0.600	10.800	0.013
BPP_50_75_0.1_0.8_8.C	21	0.600	10.800	0.014
BPP_50_75_0.1_0.8_8.C	21	0.600	10.800	0.013
BPP_50_75_0.1_0.8_8.C	21	0.600	10.800	0.013
BPP_50_75_0.1_0.8_8.C	21	0.600	10.800	0.013
BPP_50_75_0.1_0.8_9.C	27	2.000	14.500	0.016
BPP_50_75_0.1_0.8_9.C	27	1.600	14.300	0.016
BPP_50_75_0.1_0.8_9.C	27	1.400	14.200	0.016
BPP_50_75_0.1_0.8_9.C	27	1.600	14.300	0.017
BPP_50_75_0.1_0.8_9.C	27	1.600	14.300	0.016
BPP_50_75_0.1_0.8_9.C	27	1.600	14.300	0.016
BPP_50_75_0.1_0.8_9.C	27	1.400	14.200	0.016
BPP_50_75_0.1_0.8_9.C	27	1.400	14.200	0.015
BPP_50_75_0.1_0.8_9.C	27	1.400	14.200	0.016
BPP_50_75_0.1_0.8_9.C	27	1.600	14.300	0.016
