***************************************** BIN PACKING SOLUTION *****************************************
Parameters: alpha_1=0.2 alpha_2=0.8 t=0.2 s=1
-------------------------------------------------------------------------------------------------------------------------------------------------
INSTANCE 	 # OF BINS 	 SCHEDULING OBJECTIVE 	 BEST OBJECTIVE 	 RUNNING TIME
-------------------------------------------------------------------------------------------------------------------------------------------------
BPP_new_20_1000_1.C	13	4.000	5.800	0.011
BPP_new_20_1000_1.C	13	4.000	5.800	0.010
BPP_new_20_1000_1.C	13	4.000	5.800	0.011
BPP_new_20_1000_1.C	13	4.000	5.800	0.010
BPP_new_20_1000_1.C	13	4.000	5.800	0.010
BPP_new_20_1000_1.C	13	4.000	5.800	0.010
BPP_new_20_1000_1.C	13	4.000	5.800	0.011
BPP_new_20_1000_1.C	13	4.000	5.800	0.011
BPP_new_20_1000_1.C	13	4.000	5.800	0.011
BPP_new_20_1000_1.C	13	4.000	5.800	0.011
BPP_new_20_1000_10.C	9	1.000	2.600	0.009
BPP_new_20_1000_10.C	9	1.000	2.600	0.009
BPP_new_20_1000_10.C	9	1.000	2.600	0.009
BPP_new_20_1000_10.C	9	1.000	2.600	0.009
BPP_new_20_1000_10.C	9	1.000	2.600	0.010
BPP_new_20_1000_10.C	9	1.000	2.600	0.009
BPP_new_20_1000_10.C	9	1.000	2.600	0.009
BPP_new_20_1000_10.C	9	1.000	2.600	0.009
BPP_new_20_1000_10.C	9	1.000	2.600	0.009
BPP_new_20_1000_10.C	9	1.000	2.600	0.009
BPP_new_20_1000_2.C	11	2.800	4.440	0.011
BPP_new_20_1000_2.C	11	2.800	4.440	0.011
BPP_new_20_1000_2.C	11	2.800	4.440	0.011
BPP_new_20_1000_2.C	11	2.800	4.440	0.011
BPP_new_20_1000_2.C	11	3.200	4.760	0.011
BPP_new_20_1000_2.C	11	2.800	4.440	0.011
BPP_new_20_1000_2.C	11	3.200	4.760	0.011
BPP_new_20_1000_2.C	11	2.600	4.280	0.011
BPP_new_20_1000_2.C	11	2.800	4.440	0.011
BPP_new_20_1000_2.C	11	2.800	4.440	0.011
BPP_new_20_1000_3.C	13	5.000	6.600	0.011
BPP_new_20_1000_3.C	13	5.000	6.600	0.011
BPP_new_20_1000_3.C	13	5.000	6.600	0.011
BPP_new_20_1000_3.C	13	5.000	6.600	0.011
BPP_new_20_1000_3.C	13	5.000	6.600	0.011
BPP_new_20_1000_3.C	13	5.000	6.600	0.011
BPP_new_20_1000_3.C	13	5.000	6.600	0.011
BPP_new_20_1000_3.C	13	5.000	6.600	0.011
BPP_new_20_1000_3.C	13	5.000	6.600	0.011
BPP_new_20_1000_3.C	13	5.000	6.600	0.011
BPP_new_20_1000_4.C	8	2.400	3.520	0.009
BPP_new_20_1000_4.C	8	2.400	3.520	0.009
BPP_new_20_1000_4.C	8	2.400	3.520	0.009
BPP_new_20_1000_4.C	8	2.400	3.520	0.009
BPP_new_20_1000_4.C	8	2.400	3.520	0.009
BPP_new_20_1000_4.C	8	2.400	3.520	0.009
BPP_new_20_1000_4.C	8	2.400	3.520	0.009
BPP_new_20_1000_4.C	8	2.400	3.520	0.010
BPP_new_20_1000_4.C	8	2.400	3.520	0.009
BPP_new_20_1000_4.C	8	2.400	3.520	0.009
BPP_new_20_1000_5.C	10	1.400	3.120	0.010
BPP_new_20_1000_5.C	10	1.400	3.120	0.011
BPP_new_20_1000_5.C	11	1.200	3.160	0.010
BPP_new_20_1000_5.C	10	1.800	3.440	0.011
BPP_new_20_1000_5.C	11	1.200	3.160	0.011
BPP_new_20_1000_5.C	10	1.800	3.440	0.011
BPP_new_20_1000_5.C	10	1.400	3.120	0.011
BPP_new_20_1000_5.C	10	1.400	3.120	0.010
BPP_new_20_1000_5.C	10	1.400	3.120	0.011
BPP_new_20_1000_5.C	10	1.400	3.120	0.010
BPP_new_20_1000_6.C	11	1.800	3.640	0.010
BPP_new_20_1000_6.C	11	1.800	3.640	0.010
BPP_new_20_1000_6.C	10	1.800	3.440	0.010
BPP_new_20_1000_6.C	10	1.400	3.120	0.010
BPP_new_20_1000_6.C	10	1.400	3.120	0.010
BPP_new_20_1000_6.C	10	1.400	3.120	0.010
BPP_new_20_1000_6.C	11	1.200	3.160	0.010
BPP_new_20_1000_6.C	10	1.400	3.120	0.010
BPP_new_20_1000_6.C	10	1.400	3.120	0.010
BPP_new_20_1000_6.C	10	1.400	3.120	0.010
BPP_new_20_1000_7.C	10	1.000	2.800	0.009
BPP_new_20_1000_7.C	10	1.000	2.800	0.009
BPP_new_20_1000_7.C	10	1.000	2.800	0.009
BPP_new_20_1000_7.C	10	1.000	2.800	0.010
BPP_new_20_1000_7.C	10	1.000	2.800	0.010
BPP_new_20_1000_7.C	10	1.000	2.800	0.010
BPP_new_20_1000_7.C	10	1.000	2.800	0.009
BPP_new_20_1000_7.C	10	1.000	2.800	0.010
BPP_new_20_1000_7.C	10	1.000	2.800	0.009
BPP_new_20_1000_7.C	10	1.000	2.800	0.010
BPP_new_20_1000_8.C	9	4.200	5.160	0.010
BPP_new_20_1000_8.C	9	3.800	4.840	0.010
BPP_new_20_1000_8.C	10	4.000	5.200	0.010
BPP_new_20_1000_8.C	10	4.000	5.200	0.010
BPP_new_20_1000_8.C	10	4.000	5.200	0.010
BPP_new_20_1000_8.C	10	4.000	5.200	0.010
BPP_new_20_1000_8.C	10	4.000	5.200	0.010
BPP_new_20_1000_8.C	9	3.800	4.840	0.010
BPP_new_20_1000_8.C	9	4.000	5.000	0.010
BPP_new_20_1000_8.C	9	4.000	5.000	0.010
BPP_new_20_1000_9.C	13	3.000	5.000	0.012
BPP_new_20_1000_9.C	13	3.000	5.000	0.012
BPP_new_20_1000_9.C	13	3.000	5.000	0.012
BPP_new_20_1000_9.C	13	3.000	5.000	0.012
BPP_new_20_1000_9.C	13	3.000	5.000	0.012
BPP_new_20_1000_9.C	13	3.000	5.000	0.012
BPP_new_20_1000_9.C	13	3.000	5.000	0.012
BPP_new_20_1000_9.C	13	3.000	5.000	0.012
BPP_new_20_1000_9.C	13	3.000	5.000	0.011
BPP_new_20_1000_9.C	13	3.000	5.000	0.012
BPP_new_20_100_1.C	11	3.600	5.080	0.012
BPP_new_20_100_1.C	11	3.600	5.080	0.012
BPP_new_20_100_1.C	11	4.200	5.560	0.012
BPP_new_20_100_1.C	11	3.600	5.080	0.011
BPP_new_20_100_1.C	11	3.600	5.080	0.012
BPP_new_20_100_1.C	11	3.800	5.240	0.011
BPP_new_20_100_1.C	11	3.600	5.080	0.011
BPP_new_20_100_1.C	11	3.600	5.080	0.012
BPP_new_20_100_1.C	11	3.600	5.080	0.011
BPP_new_20_100_1.C	11	3.600	5.080	0.011
BPP_new_20_100_10.C	9	2.400	3.720	0.009
BPP_new_20_100_10.C	9	2.400	3.720	0.010
BPP_new_20_100_10.C	9	2.400	3.720	0.010
BPP_new_20_100_10.C	9	2.400	3.720	0.010
BPP_new_20_100_10.C	9	2.400	3.720	0.010
BPP_new_20_100_10.C	9	2.400	3.720	0.010
BPP_new_20_100_10.C	9	2.400	3.720	0.010
BPP_new_20_100_10.C	9	2.400	3.720	0.010
BPP_new_20_100_10.C	9	2.400	3.720	0.010
BPP_new_20_100_10.C	9	2.400	3.720	0.010
BPP_new_20_100_2.C	13	3.000	5.000	0.012
BPP_new_20_100_2.C	13	3.000	5.000	0.011
BPP_new_20_100_2.C	13	3.000	5.000	0.012
BPP_new_20_100_2.C	13	3.000	5.000	0.012
BPP_new_20_100_2.C	13	3.000	5.000	0.011
BPP_new_20_100_2.C	13	3.000	5.000	0.011
BPP_new_20_100_2.C	13	3.000	5.000	0.012
BPP_new_20_100_2.C	13	3.000	5.000	0.011
BPP_new_20_100_2.C	13	3.000	5.000	0.011
BPP_new_20_100_2.C	13	3.000	5.000	0.012
BPP_new_20_100_3.C	8	0.200	1.760	0.008
BPP_new_20_100_3.C	8	0.200	1.760	0.008
BPP_new_20_100_3.C	8	0.200	1.760	0.008
BPP_new_20_100_3.C	8	0.200	1.760	0.008
BPP_new_20_100_3.C	8	0.200	1.760	0.008
BPP_new_20_100_3.C	8	0.200	1.760	0.008
BPP_new_20_100_3.C	8	0.200	1.760	0.008
BPP_new_20_100_3.C	8	0.200	1.760	0.008
BPP_new_20_100_3.C	8	0.200	1.760	0.009
BPP_new_20_100_3.C	8	0.200	1.760	0.008
BPP_new_20_100_4.C	10	2.200	3.760	0.010
BPP_new_20_100_4.C	10	2.200	3.760	0.011
BPP_new_20_100_4.C	10	2.200	3.760	0.010
BPP_new_20_100_4.C	10	2.200	3.760	0.010
BPP_new_20_100_4.C	10	2.200	3.760	0.010
BPP_new_20_100_4.C	10	2.200	3.760	0.010
BPP_new_20_100_4.C	10	2.200	3.760	0.011
BPP_new_20_100_4.C	10	2.200	3.760	0.011
BPP_new_20_100_4.C	10	2.200	3.760	0.010
BPP_new_20_100_4.C	10	2.200	3.760	0.010
BPP_new_20_100_5.C	11	2.400	4.120	0.012
BPP_new_20_100_5.C	11	2.400	4.120	0.012
BPP_new_20_100_5.C	11	2.400	4.120	0.012
BPP_new_20_100_5.C	11	2.400	4.120	0.012
BPP_new_20_100_5.C	11	2.400	4.120	0.012
BPP_new_20_100_5.C	11	2.400	4.120	0.012
BPP_new_20_100_5.C	11	2.400	4.120	0.012
BPP_new_20_100_5.C	11	2.400	4.120	0.012
BPP_new_20_100_5.C	11	2.400	4.120	0.012
BPP_new_20_100_5.C	11	2.400	4.120	0.012
BPP_new_20_100_6.C	8	1.600	2.880	0.009
BPP_new_20_100_6.C	8	1.600	2.880	0.009
BPP_new_20_100_6.C	8	1.600	2.880	0.009
BPP_new_20_100_6.C	8	1.600	2.880	0.009
BPP_new_20_100_6.C	8	1.600	2.880	0.009
BPP_new_20_100_6.C	8	1.600	2.880	0.009
BPP_new_20_100_6.C	8	1.600	2.880	0.009
BPP_new_20_100_6.C	8	1.600	2.880	0.009
BPP_new_20_100_6.C	8	1.600	2.880	0.009
BPP_new_20_100_6.C	8	1.600	2.880	0.009
BPP_new_20_100_7.C	8	0.800	2.240	0.009
BPP_new_20_100_7.C	8	0.800	2.240	0.009
BPP_new_20_100_7.C	8	1.000	2.400	0.009
BPP_new_20_100_7.C	8	0.800	2.240	0.010
BPP_new_20_100_7.C	8	0.800	2.240	0.009
BPP_new_20_100_7.C	8	0.800	2.240	0.009
BPP_new_20_100_7.C	8	0.800	2.240	0.009
BPP_new_20_100_7.C	8	0.800	2.240	0.009
BPP_new_20_100_7.C	8	0.800	2.240	0.009
BPP_new_20_100_7.C	8	0.800	2.240	0.009
BPP_new_20_100_8.C	11	3.200	4.760	0.011
BPP_new_20_100_8.C	11	3.200	4.760	0.012
BPP_new_20_100_8.C	11	3.200	4.760	0.011
BPP_new_20_100_8.C	11	3.200	4.760	0.011
BPP_new_20_100_8.C	11	3.200	4.760	0.012
BPP_new_20_100_8.C	11	3.200	4.760	0.011
BPP_new_20_100_8.C	11	3.200	4.760	0.011
BPP_new_20_100_8.C	11	3.200	4.760	0.011
BPP_new_20_100_8.C	11	3.200	4.760	0.011
BPP_new_20_100_8.C	11	3.200	4.760	0.011
BPP_new_20_100_9.C	14	3.000	5.200	0.013
BPP_new_20_100_9.C	14	3.000	5.200	0.013
BPP_new_20_100_9.C	14	3.000	5.200	0.012
BPP_new_20_100_9.C	14	3.000	5.200	0.012
BPP_new_20_100_9.C	14	3.000	5.200	0.013
BPP_new_20_100_9.C	14	3.000	5.200	0.012
BPP_new_20_100_9.C	14	3.000	5.200	0.012
BPP_new_20_100_9.C	14	3.000	5.200	0.013
BPP_new_20_100_9.C	14	3.000	5.200	0.013
BPP_new_20_100_9.C	14	3.000	5.200	0.012
BPP_new_20_120_1.C	10	1.800	3.440	0.010
BPP_new_20_120_1.C	10	1.800	3.440	0.010
BPP_new_20_120_1.C	11	1.600	3.480	0.010
BPP_new_20_120_1.C	10	1.800	3.440	0.010
BPP_new_20_120_1.C	11	1.400	3.320	0.010
BPP_new_20_120_1.C	11	1.600	3.480	0.010
BPP_new_20_120_1.C	11	1.400	3.320	0.010
BPP_new_20_120_1.C	10	1.800	3.440	0.010
BPP_new_20_120_1.C	11	1.400	3.320	0.010
BPP_new_20_120_1.C	10	1.800	3.440	0.011
BPP_new_20_120_10.C	15	4.200	6.360	0.012
BPP_new_20_120_10.C	15	4.200	6.360	0.013
BPP_new_20_120_10.C	15	4.200	6.360	0.013
BPP_new_20_120_10.C	15	4.200	6.360	0.013
BPP_new_20_120_10.C	15	4.200	6.360	0.012
BPP_new_20_120_10.C	15	4.200	6.360	0.013
BPP_new_20_120_10.C	15	4.200	6.360	0.013
BPP_new_20_120_10.C	15	4.200	6.360	0.012
BPP_new_20_120_10.C	15	4.200	6.360	0.012
BPP_new_20_120_10.C	15	4.200	6.360	0.012
BPP_new_20_120_2.C	10	3.000	4.400	0.010
BPP_new_20_120_2.C	10	3.000	4.400	0.010
BPP_new_20_120_2.C	10	2.800	4.240	0.011
BPP_new_20_120_2.C	10	2.800	4.240	0.010
BPP_new_20_120_2.C	10	3.000	4.400	0.011
BPP_new_20_120_2.C	10	3.000	4.400	0.010
BPP_new_20_120_2.C	10	3.000	4.400	0.010
BPP_new_20_120_2.C	10	3.000	4.400	0.010
BPP_new_20_120_2.C	10	3.000	4.400	0.010
BPP_new_20_120_2.C	10	2.800	4.240	0.011
BPP_new_20_120_3.C	11	3.600	5.080	0.011
BPP_new_20_120_3.C	11	3.000	4.600	0.012
BPP_new_20_120_3.C	11	3.000	4.600	0.011
BPP_new_20_120_3.C	12	3.000	4.800	0.011
BPP_new_20_120_3.C	11	3.800	5.240	0.011
BPP_new_20_120_3.C	11	3.800	5.240	0.011
BPP_new_20_120_3.C	11	3.600	5.080	0.011
BPP_new_20_120_3.C	11	2.800	4.440	0.011
BPP_new_20_120_3.C	11	3.600	5.080	0.011
BPP_new_20_120_3.C	11	3.800	5.240	0.011
BPP_new_20_120_4.C	11	2.600	4.280	0.011
BPP_new_20_120_4.C	11	2.600	4.280	0.011
BPP_new_20_120_4.C	11	2.600	4.280	0.011
BPP_new_20_120_4.C	11	2.600	4.280	0.011
BPP_new_20_120_4.C	11	2.600	4.280	0.011
BPP_new_20_120_4.C	11	2.600	4.280	0.011
BPP_new_20_120_4.C	11	2.600	4.280	0.011
BPP_new_20_120_4.C	11	2.600	4.280	0.011
BPP_new_20_120_4.C	11	2.600	4.280	0.011
BPP_new_20_120_4.C	11	2.600	4.280	0.012
BPP_new_20_120_5.C	11	2.000	3.800	0.011
BPP_new_20_120_5.C	11	2.000	3.800	0.012
BPP_new_20_120_5.C	11	2.000	3.800	0.011
BPP_new_20_120_5.C	11	2.000	3.800	0.011
BPP_new_20_120_5.C	11	2.000	3.800	0.011
BPP_new_20_120_5.C	11	2.000	3.800	0.011
BPP_new_20_120_5.C	11	2.000	3.800	0.011
BPP_new_20_120_5.C	11	2.000	3.800	0.011
BPP_new_20_120_5.C	11	2.000	3.800	0.011
BPP_new_20_120_5.C	11	2.000	3.800	0.011
BPP_new_20_120_6.C	9	0.800	2.440	0.009
BPP_new_20_120_6.C	9	0.800	2.440	0.009
BPP_new_20_120_6.C	9	0.800	2.440	0.009
BPP_new_20_120_6.C	9	0.800	2.440	0.009
BPP_new_20_120_6.C	9	0.800	2.440	0.009
BPP_new_20_120_6.C	9	0.800	2.440	0.008
BPP_new_20_120_6.C	9	0.800	2.440	0.008
BPP_new_20_120_6.C	9	0.800	2.440	0.009
BPP_new_20_120_6.C	9	0.800	2.440	0.009
BPP_new_20_120_6.C	9	0.800	2.440	0.009
BPP_new_20_120_7.C	11	1.000	3.000	0.010
BPP_new_20_120_7.C	11	1.000	3.000	0.010
BPP_new_20_120_7.C	11	1.000	3.000	0.010
BPP_new_20_120_7.C	10	0.600	2.480	0.010
BPP_new_20_120_7.C	10	0.800	2.640	0.010
BPP_new_20_120_7.C	11	1.000	3.000	0.010
BPP_new_20_120_7.C	10	0.800	2.640	0.010
BPP_new_20_120_7.C	11	1.000	3.000	0.010
BPP_new_20_120_7.C	10	0.800	2.640	0.010
BPP_new_20_120_7.C	11	1.000	3.000	0.010
BPP_new_20_120_8.C	11	5.000	6.200	0.011
BPP_new_20_120_8.C	11	5.000	6.200	0.011
BPP_new_20_120_8.C	11	5.000	6.200	0.011
BPP_new_20_120_8.C	11	5.000	6.200	0.011
BPP_new_20_120_8.C	11	5.000	6.200	0.011
BPP_new_20_120_8.C	11	5.000	6.200	0.011
BPP_new_20_120_8.C	11	5.000	6.200	0.011
BPP_new_20_120_8.C	11	5.000	6.200	0.011
BPP_new_20_120_8.C	11	5.000	6.200	0.011
BPP_new_20_120_8.C	11	5.000	6.200	0.011
BPP_new_20_120_9.C	13	2.400	4.520	0.012
BPP_new_20_120_9.C	13	2.400	4.520	0.012
BPP_new_20_120_9.C	13	2.600	4.680	0.012
BPP_new_20_120_9.C	13	2.400	4.520	0.012
BPP_new_20_120_9.C	13	2.400	4.520	0.012
BPP_new_20_120_9.C	13	2.400	4.520	0.012
BPP_new_20_120_9.C	13	2.400	4.520	0.012
BPP_new_20_120_9.C	13	2.400	4.520	0.013
BPP_new_20_120_9.C	13	2.400	4.520	0.012
BPP_new_20_120_9.C	13	2.400	4.520	0.012
BPP_new_20_125_1.C	12	4.800	6.240	0.012
BPP_new_20_125_1.C	12	4.800	6.240	0.012
BPP_new_20_125_1.C	12	4.800	6.240	0.012
BPP_new_20_125_1.C	12	4.800	6.240	0.012
BPP_new_20_125_1.C	12	4.800	6.240	0.012
BPP_new_20_125_1.C	12	4.800	6.240	0.012
BPP_new_20_125_1.C	12	4.800	6.240	0.012
BPP_new_20_125_1.C	12	4.800	6.240	0.012
BPP_new_20_125_1.C	12	4.800	6.240	0.011
BPP_new_20_125_1.C	12	4.800	6.240	0.012
BPP_new_20_125_10.C	9	1.000	2.600	0.010
BPP_new_20_125_10.C	9	1.000	2.600	0.010
BPP_new_20_125_10.C	10	1.000	2.800	0.010
BPP_new_20_125_10.C	9	1.000	2.600	0.010
BPP_new_20_125_10.C	9	1.000	2.600	0.010
BPP_new_20_125_10.C	10	1.000	2.800	0.010
BPP_new_20_125_10.C	10	1.000	2.800	0.010
BPP_new_20_125_10.C	10	1.000	2.800	0.010
BPP_new_20_125_10.C	9	1.000	2.600	0.010
BPP_new_20_125_10.C	9	1.000	2.600	0.010
BPP_new_20_125_2.C	8	2.600	3.680	0.009
BPP_new_20_125_2.C	8	2.400	3.520	0.008
BPP_new_20_125_2.C	8	2.400	3.520	0.009
BPP_new_20_125_2.C	8	2.200	3.360	0.009
BPP_new_20_125_2.C	8	2.400	3.520	0.008
BPP_new_20_125_2.C	8	2.200	3.360	0.009
BPP_new_20_125_2.C	8	2.400	3.520	0.009
BPP_new_20_125_2.C	8	2.400	3.520	0.009
BPP_new_20_125_2.C	8	2.400	3.520	0.009
BPP_new_20_125_2.C	8	2.400	3.520	0.009
BPP_new_20_125_3.C	10	1.000	2.800	0.010
BPP_new_20_125_3.C	10	1.000	2.800	0.009
BPP_new_20_125_3.C	10	1.000	2.800	0.010
BPP_new_20_125_3.C	10	1.000	2.800	0.010
BPP_new_20_125_3.C	10	1.000	2.800	0.010
BPP_new_20_125_3.C	10	1.000	2.800	0.010
BPP_new_20_125_3.C	10	1.000	2.800	0.010
BPP_new_20_125_3.C	10	1.000	2.800	0.010
BPP_new_20_125_3.C	10	1.000	2.800	0.010
BPP_new_20_125_3.C	10	1.000	2.800	0.010
BPP_new_20_125_4.C	11	2.000	3.800	0.011
BPP_new_20_125_4.C	11	2.000	3.800	0.011
BPP_new_20_125_4.C	11	2.000	3.800	0.011
BPP_new_20_125_4.C	11	2.600	4.280	0.011
BPP_new_20_125_4.C	11	2.400	4.120	0.011
BPP_new_20_125_4.C	11	2.000	3.800	0.011
BPP_new_20_125_4.C	11	2.400	4.120	0.011
BPP_new_20_125_4.C	11	2.200	3.960	0.011
BPP_new_20_125_4.C	11	2.200	3.960	0.011
BPP_new_20_125_4.C	11	2.600	4.280	0.011
BPP_new_20_125_5.C	13	4.000	5.800	0.012
BPP_new_20_125_5.C	13	4.000	5.800	0.012
BPP_new_20_125_5.C	13	4.000	5.800	0.011
BPP_new_20_125_5.C	13	4.000	5.800	0.012
BPP_new_20_125_5.C	13	4.000	5.800	0.012
BPP_new_20_125_5.C	13	4.000	5.800	0.011
BPP_new_20_125_5.C	13	4.000	5.800	0.012
BPP_new_20_125_5.C	13	4.000	5.800	0.012
BPP_new_20_125_5.C	13	4.000	5.800	0.012
BPP_new_20_125_5.C	13	4.000	5.800	0.012
BPP_new_20_125_6.C	11	4.600	5.880	0.011
BPP_new_20_125_6.C	11	4.600	5.880	0.011
BPP_new_20_125_6.C	11	4.600	5.880	0.011
BPP_new_20_125_6.C	11	4.600	5.880	0.011
BPP_new_20_125_6.C	11	4.600	5.880	0.011
BPP_new_20_125_6.C	11	4.600	5.880	0.011
BPP_new_20_125_6.C	11	4.600	5.880	0.011
BPP_new_20_125_6.C	11	4.600	5.880	0.011
BPP_new_20_125_6.C	11	4.600	5.880	0.011
BPP_new_20_125_6.C	11	4.600	5.880	0.011
BPP_new_20_125_7.C	11	4.000	5.400	0.011
BPP_new_20_125_7.C	11	4.000	5.400	0.011
BPP_new_20_125_7.C	11	4.000	5.400	0.012
BPP_new_20_125_7.C	11	4.000	5.400	0.012
BPP_new_20_125_7.C	11	4.000	5.400	0.011
BPP_new_20_125_7.C	11	4.000	5.400	0.011
BPP_new_20_125_7.C	11	4.000	5.400	0.012
BPP_new_20_125_7.C	11	4.000	5.400	0.011
BPP_new_20_125_7.C	11	4.000	5.400	0.011
BPP_new_20_125_7.C	11	4.000	5.400	0.011
BPP_new_20_125_8.C	10	3.400	4.720	0.010
BPP_new_20_125_8.C	10	3.800	5.040	0.010
BPP_new_20_125_8.C	10	3.400	4.720	0.010
BPP_new_20_125_8.C	10	3.800	5.040	0.010
BPP_new_20_125_8.C	10	3.600	4.880	0.010
BPP_new_20_125_8.C	10	3.800	5.040	0.010
BPP_new_20_125_8.C	10	3.800	5.040	0.010
BPP_new_20_125_8.C	10	3.800	5.040	0.011
BPP_new_20_125_8.C	11	3.800	5.240	0.010
BPP_new_20_125_8.C	10	3.800	5.040	0.010
BPP_new_20_125_9.C	10	1.200	2.960	0.010
BPP_new_20_125_9.C	10	1.200	2.960	0.010
BPP_new_20_125_9.C	10	1.200	2.960	0.011
BPP_new_20_125_9.C	10	1.200	2.960	0.011
BPP_new_20_125_9.C	10	1.200	2.960	0.011
BPP_new_20_125_9.C	10	1.200	2.960	0.010
BPP_new_20_125_9.C	10	1.200	2.960	0.010
BPP_new_20_125_9.C	10	1.200	2.960	0.011
BPP_new_20_125_9.C	10	1.200	2.960	0.010
BPP_new_20_125_9.C	10	1.200	2.960	0.011
BPP_new_20_150_1.C	9	0.200	1.960	0.009
BPP_new_20_150_1.C	9	0.200	1.960	0.009
BPP_new_20_150_1.C	9	0.200	1.960	0.009
BPP_new_20_150_1.C	9	0.200	1.960	0.009
BPP_new_20_150_1.C	9	0.200	1.960	0.009
BPP_new_20_150_1.C	9	0.200	1.960	0.009
BPP_new_20_150_1.C	9	0.400	2.120	0.009
BPP_new_20_150_1.C	9	0.200	1.960	0.009
BPP_new_20_150_1.C	9	0.400	2.120	0.009
BPP_new_20_150_1.C	9	0.200	1.960	0.009
BPP_new_20_150_10.C	10	1.800	3.440	0.010
BPP_new_20_150_10.C	10	1.800	3.440	0.010
BPP_new_20_150_10.C	10	1.800	3.440	0.010
BPP_new_20_150_10.C	10	1.800	3.440	0.010
BPP_new_20_150_10.C	10	1.800	3.440	0.010
BPP_new_20_150_10.C	10	1.800	3.440	0.010
BPP_new_20_150_10.C	10	1.800	3.440	0.010
BPP_new_20_150_10.C	10	1.800	3.440	0.010
BPP_new_20_150_10.C	10	1.800	3.440	0.010
BPP_new_20_150_10.C	10	1.800	3.440	0.010
BPP_new_20_150_2.C	10	1.600	3.280	0.010
BPP_new_20_150_2.C	10	1.600	3.280	0.010
BPP_new_20_150_2.C	10	1.400	3.120	0.010
BPP_new_20_150_2.C	10	1.400	3.120	0.010
BPP_new_20_150_2.C	10	1.400	3.120	0.010
BPP_new_20_150_2.C	10	1.400	3.120	0.010
BPP_new_20_150_2.C	10	1.400	3.120	0.010
BPP_new_20_150_2.C	10	1.400	3.120	0.010
BPP_new_20_150_2.C	10	1.400	3.120	0.010
BPP_new_20_150_2.C	10	1.600	3.280	0.010
BPP_new_20_150_3.C	10	3.000	4.400	0.010
BPP_new_20_150_3.C	9	3.200	4.360	0.010
BPP_new_20_150_3.C	9	3.200	4.360	0.010
BPP_new_20_150_3.C	9	3.200	4.360	0.010
BPP_new_20_150_3.C	9	3.200	4.360	0.010
BPP_new_20_150_3.C	9	3.200	4.360	0.010
BPP_new_20_150_3.C	9	3.200	4.360	0.010
BPP_new_20_150_3.C	9	3.200	4.360	0.010
BPP_new_20_150_3.C	9	3.200	4.360	0.010
BPP_new_20_150_3.C	9	3.200	4.360	0.010
BPP_new_20_150_4.C	9	2.200	3.560	0.010
BPP_new_20_150_4.C	9	2.200	3.560	0.010
BPP_new_20_150_4.C	9	2.200	3.560	0.010
BPP_new_20_150_4.C	9	2.200	3.560	0.010
BPP_new_20_150_4.C	9	2.200	3.560	0.010
BPP_new_20_150_4.C	9	2.200	3.560	0.010
BPP_new_20_150_4.C	9	2.400	3.720	0.010
BPP_new_20_150_4.C	9	2.200	3.560	0.010
BPP_new_20_150_4.C	9	2.200	3.560	0.010
BPP_new_20_150_4.C	9	2.400	3.720	0.010
BPP_new_20_150_5.C	11	1.000	3.000	0.011
BPP_new_20_150_5.C	11	1.000	3.000	0.011
BPP_new_20_150_5.C	11	1.000	3.000	0.011
BPP_new_20_150_5.C	11	1.000	3.000	0.011
BPP_new_20_150_5.C	11	1.000	3.000	0.011
BPP_new_20_150_5.C	11	1.000	3.000	0.011
BPP_new_20_150_5.C	11	1.000	3.000	0.011
BPP_new_20_150_5.C	11	1.000	3.000	0.011
BPP_new_20_150_5.C	11	1.000	3.000	0.011
BPP_new_20_150_5.C	11	1.000	3.000	0.011
BPP_new_20_150_6.C	10	4.000	5.200	0.011
BPP_new_20_150_6.C	10	4.000	5.200	0.010
BPP_new_20_150_6.C	10	4.000	5.200	0.010
BPP_new_20_150_6.C	10	4.000	5.200	0.010
BPP_new_20_150_6.C	10	4.000	5.200	0.010
BPP_new_20_150_6.C	10	4.000	5.200	0.010
BPP_new_20_150_6.C	10	4.000	5.200	0.010
BPP_new_20_150_6.C	10	4.000	5.200	0.011
BPP_new_20_150_6.C	10	4.000	5.200	0.011
BPP_new_20_150_6.C	10	4.000	5.200	0.010
BPP_new_20_150_7.C	12	2.000	4.000	0.012
BPP_new_20_150_7.C	12	2.000	4.000	0.011
BPP_new_20_150_7.C	12	2.000	4.000	0.011
BPP_new_20_150_7.C	12	2.000	4.000	0.011
BPP_new_20_150_7.C	12	2.000	4.000	0.012
BPP_new_20_150_7.C	12	2.000	4.000	0.012
BPP_new_20_150_7.C	12	2.000	4.000	0.012
BPP_new_20_150_7.C	12	2.000	4.000	0.011
BPP_new_20_150_7.C	12	2.000	4.000	0.011
BPP_new_20_150_7.C	12	2.000	4.000	0.012
BPP_new_20_150_8.C	9	3.600	4.680	0.010
BPP_new_20_150_8.C	8	3.200	4.160	0.010
BPP_new_20_150_8.C	8	3.200	4.160	0.010
BPP_new_20_150_8.C	9	3.400	4.520	0.010
BPP_new_20_150_8.C	9	3.600	4.680	0.010
BPP_new_20_150_8.C	8	3.200	4.160	0.010
BPP_new_20_150_8.C	9	3.200	4.360	0.009
BPP_new_20_150_8.C	8	3.600	4.480	0.010
BPP_new_20_150_8.C	8	3.400	4.320	0.010
BPP_new_20_150_8.C	9	3.400	4.520	0.010
BPP_new_20_150_9.C	14	3.000	5.200	0.012
BPP_new_20_150_9.C	14	3.000	5.200	0.012
BPP_new_20_150_9.C	14	3.000	5.200	0.012
BPP_new_20_150_9.C	14	3.000	5.200	0.012
BPP_new_20_150_9.C	14	3.000	5.200	0.012
BPP_new_20_150_9.C	14	3.000	5.200	0.012
BPP_new_20_150_9.C	14	3.000	5.200	0.012
BPP_new_20_150_9.C	14	3.000	5.200	0.012
BPP_new_20_150_9.C	14	3.000	5.200	0.012
BPP_new_20_150_9.C	14	3.000	5.200	0.012
BPP_new_20_200_1.C	8	2.800	3.840	0.009
BPP_new_20_200_1.C	8	2.800	3.840	0.008
BPP_new_20_200_1.C	8	2.800	3.840	0.009
BPP_new_20_200_1.C	8	2.800	3.840	0.008
BPP_new_20_200_1.C	8	2.800	3.840	0.009
BPP_new_20_200_1.C	8	2.800	3.840	0.009
BPP_new_20_200_1.C	8	2.800	3.840	0.009
BPP_new_20_200_1.C	8	2.800	3.840	0.009
BPP_new_20_200_1.C	8	2.800	3.840	0.008
BPP_new_20_200_1.C	8	2.800	3.840	0.008
BPP_new_20_200_10.C	12	5.000	6.400	0.012
BPP_new_20_200_10.C	12	5.000	6.400	0.012
BPP_new_20_200_10.C	12	5.000	6.400	0.012
BPP_new_20_200_10.C	12	5.000	6.400	0.012
BPP_new_20_200_10.C	12	5.000	6.400	0.012
BPP_new_20_200_10.C	12	5.000	6.400	0.012
BPP_new_20_200_10.C	12	5.000	6.400	0.012
BPP_new_20_200_10.C	12	5.000	6.400	0.012
BPP_new_20_200_10.C	12	5.000	6.400	0.012
BPP_new_20_200_10.C	12	5.000	6.400	0.012
BPP_new_20_200_2.C	12	4.800	6.240	0.012
BPP_new_20_200_2.C	12	4.800	6.240	0.012
BPP_new_20_200_2.C	12	4.800	6.240	0.012
BPP_new_20_200_2.C	12	4.800	6.240	0.012
BPP_new_20_200_2.C	12	4.800	6.240	0.012
BPP_new_20_200_2.C	12	4.800	6.240	0.012
BPP_new_20_200_2.C	12	4.800	6.240	0.012
BPP_new_20_200_2.C	12	4.800	6.240	0.012
BPP_new_20_200_2.C	12	4.800	6.240	0.012
BPP_new_20_200_2.C	12	4.800	6.240	0.012
BPP_new_20_200_3.C	13	2.000	4.200	0.012
BPP_new_20_200_3.C	13	2.000	4.200	0.012
BPP_new_20_200_3.C	13	2.000	4.200	0.012
BPP_new_20_200_3.C	13	2.000	4.200	0.012
BPP_new_20_200_3.C	13	2.000	4.200	0.012
BPP_new_20_200_3.C	13	2.000	4.200	0.012
BPP_new_20_200_3.C	13	2.000	4.200	0.012
BPP_new_20_200_3.C	13	2.000	4.200	0.012
BPP_new_20_200_3.C	13	2.000	4.200	0.012
BPP_new_20_200_3.C	13	2.000	4.200	0.012
BPP_new_20_200_4.C	9	4.000	5.000	0.010
BPP_new_20_200_4.C	9	4.000	5.000	0.010
BPP_new_20_200_4.C	9	4.000	5.000	0.010
BPP_new_20_200_4.C	9	4.000	5.000	0.010
BPP_new_20_200_4.C	9	4.200	5.160	0.010
BPP_new_20_200_4.C	9	4.000	5.000	0.010
BPP_new_20_200_4.C	9	4.000	5.000	0.010
BPP_new_20_200_4.C	9	4.000	5.000	0.010
BPP_new_20_200_4.C	9	4.200	5.160	0.010
BPP_new_20_200_4.C	9	4.000	5.000	0.010
BPP_new_20_200_5.C	11	4.000	5.400	0.010
BPP_new_20_200_5.C	11	4.000	5.400	0.011
BPP_new_20_200_5.C	11	4.000	5.400	0.011
BPP_new_20_200_5.C	11	4.000	5.400	0.011
BPP_new_20_200_5.C	11	4.000	5.400	0.011
BPP_new_20_200_5.C	11	4.000	5.400	0.010
BPP_new_20_200_5.C	11	4.000	5.400	0.011
BPP_new_20_200_5.C	11	4.000	5.400	0.011
BPP_new_20_200_5.C	11	4.000	5.400	0.011
BPP_new_20_200_5.C	11	4.000	5.400	0.011
BPP_new_20_200_6.C	8	3.400	4.320	0.010
BPP_new_20_200_6.C	8	3.400	4.320	0.009
BPP_new_20_200_6.C	8	3.400	4.320	0.009
BPP_new_20_200_6.C	8	3.400	4.320	0.010
BPP_new_20_200_6.C	8	3.400	4.320	0.010
BPP_new_20_200_6.C	8	3.400	4.320	0.010
BPP_new_20_200_6.C	8	3.400	4.320	0.009
BPP_new_20_200_6.C	8	3.400	4.320	0.009
BPP_new_20_200_6.C	8	3.400	4.320	0.009
BPP_new_20_200_6.C	8	3.400	4.320	0.009
BPP_new_20_200_7.C	12	3.400	5.120	0.011
BPP_new_20_200_7.C	12	3.400	5.120	0.011
BPP_new_20_200_7.C	12	3.400	5.120	0.012
BPP_new_20_200_7.C	12	3.400	5.120	0.011
BPP_new_20_200_7.C	12	3.400	5.120	0.011
BPP_new_20_200_7.C	12	3.400	5.120	0.011
BPP_new_20_200_7.C	12	3.400	5.120	0.011
BPP_new_20_200_7.C	12	3.400	5.120	0.011
BPP_new_20_200_7.C	12	3.400	5.120	0.011
BPP_new_20_200_7.C	12	3.400	5.120	0.011
BPP_new_20_200_8.C	11	2.600	4.280	0.010
BPP_new_20_200_8.C	11	2.600	4.280	0.010
BPP_new_20_200_8.C	11	2.600	4.280	0.010
BPP_new_20_200_8.C	11	2.600	4.280	0.010
BPP_new_20_200_8.C	11	2.600	4.280	0.010
BPP_new_20_200_8.C	11	2.600	4.280	0.011
BPP_new_20_200_8.C	11	2.600	4.280	0.010
BPP_new_20_200_8.C	11	2.600	4.280	0.011
BPP_new_20_200_8.C	11	2.600	4.280	0.011
BPP_new_20_200_8.C	11	2.600	4.280	0.010
BPP_new_20_200_9.C	9	1.200	2.760	0.009
BPP_new_20_200_9.C	9	1.200	2.760	0.010
BPP_new_20_200_9.C	9	1.200	2.760	0.009
BPP_new_20_200_9.C	9	1.200	2.760	0.010
BPP_new_20_200_9.C	9	1.200	2.760	0.009
BPP_new_20_200_9.C	9	1.200	2.760	0.010
BPP_new_20_200_9.C	9	1.400	2.920	0.009
BPP_new_20_200_9.C	9	1.200	2.760	0.009
BPP_new_20_200_9.C	9	1.200	2.760	0.009
BPP_new_20_200_9.C	9	1.200	2.760	0.010
BPP_new_20_300_1.C	8	2.200	3.360	0.009
BPP_new_20_300_1.C	8	2.200	3.360	0.009
BPP_new_20_300_1.C	8	2.000	3.200	0.009
BPP_new_20_300_1.C	8	2.200	3.360	0.009
BPP_new_20_300_1.C	8	2.200	3.360	0.009
BPP_new_20_300_1.C	8	2.000	3.200	0.009
BPP_new_20_300_1.C	8	2.200	3.360	0.009
BPP_new_20_300_1.C	8	2.200	3.360	0.009
BPP_new_20_300_1.C	8	2.000	3.200	0.009
BPP_new_20_300_1.C	8	2.200	3.360	0.009
BPP_new_20_300_10.C	11	2.800	4.440	0.010
BPP_new_20_300_10.C	11	2.800	4.440	0.010
BPP_new_20_300_10.C	11	2.800	4.440	0.010
BPP_new_20_300_10.C	11	2.800	4.440	0.010
BPP_new_20_300_10.C	11	2.800	4.440	0.010
BPP_new_20_300_10.C	11	2.800	4.440	0.010
BPP_new_20_300_10.C	11	2.800	4.440	0.010
BPP_new_20_300_10.C	11	2.800	4.440	0.010
BPP_new_20_300_10.C	11	2.800	4.440	0.010
BPP_new_20_300_10.C	11	2.800	4.440	0.010
BPP_new_20_300_2.C	10	2.200	3.760	0.010
BPP_new_20_300_2.C	10	2.200	3.760	0.010
BPP_new_20_300_2.C	10	2.200	3.760	0.010
BPP_new_20_300_2.C	10	2.200	3.760	0.010
BPP_new_20_300_2.C	10	2.200	3.760	0.010
BPP_new_20_300_2.C	10	2.200	3.760	0.010
BPP_new_20_300_2.C	10	2.200	3.760	0.010
BPP_new_20_300_2.C	10	2.200	3.760	0.011
BPP_new_20_300_2.C	10	2.200	3.760	0.010
BPP_new_20_300_2.C	10	2.200	3.760	0.010
BPP_new_20_300_3.C	12	3.800	5.440	0.012
BPP_new_20_300_3.C	12	3.800	5.440	0.012
BPP_new_20_300_3.C	12	3.800	5.440	0.012
BPP_new_20_300_3.C	12	3.800	5.440	0.012
BPP_new_20_300_3.C	12	3.800	5.440	0.012
BPP_new_20_300_3.C	12	3.800	5.440	0.012
BPP_new_20_300_3.C	12	3.800	5.440	0.012
BPP_new_20_300_3.C	12	3.800	5.440	0.012
BPP_new_20_300_3.C	12	3.800	5.440	0.012
BPP_new_20_300_3.C	12	3.800	5.440	0.012
BPP_new_20_300_4.C	10	1.400	3.120	0.010
BPP_new_20_300_4.C	10	1.400	3.120	0.010
BPP_new_20_300_4.C	10	1.400	3.120	0.010
BPP_new_20_300_4.C	10	1.200	2.960	0.010
BPP_new_20_300_4.C	10	1.400	3.120	0.010
BPP_new_20_300_4.C	10	1.200	2.960	0.010
BPP_new_20_300_4.C	10	1.400	3.120	0.010
BPP_new_20_300_4.C	10	1.400	3.120	0.010
BPP_new_20_300_4.C	10	1.200	2.960	0.010
BPP_new_20_300_4.C	10	1.200	2.960	0.010
BPP_new_20_300_5.C	9	2.400	3.720	0.009
BPP_new_20_300_5.C	9	2.400	3.720	0.010
BPP_new_20_300_5.C	9	2.400	3.720	0.009
BPP_new_20_300_5.C	9	2.400	3.720	0.009
BPP_new_20_300_5.C	9	2.400	3.720	0.009
BPP_new_20_300_5.C	9	2.400	3.720	0.009
BPP_new_20_300_5.C	9	3.000	4.200	0.009
BPP_new_20_300_5.C	9	3.000	4.200	0.009
BPP_new_20_300_5.C	9	2.400	3.720	0.009
BPP_new_20_300_5.C	9	2.200	3.560	0.009
BPP_new_20_300_6.C	10	3.000	4.400	0.010
BPP_new_20_300_6.C	10	3.000	4.400	0.010
BPP_new_20_300_6.C	10	3.000	4.400	0.010
BPP_new_20_300_6.C	10	3.000	4.400	0.010
BPP_new_20_300_6.C	10	3.000	4.400	0.010
BPP_new_20_300_6.C	10	3.000	4.400	0.010
BPP_new_20_300_6.C	10	3.000	4.400	0.010
BPP_new_20_300_6.C	10	3.000	4.400	0.010
BPP_new_20_300_6.C	10	3.000	4.400	0.010
BPP_new_20_300_6.C	10	3.000	4.400	0.010
BPP_new_20_300_7.C	12	2.000	4.000	0.011
BPP_new_20_300_7.C	12	2.000	4.000	0.011
BPP_new_20_300_7.C	12	2.000	4.000	0.011
BPP_new_20_300_7.C	12	2.000	4.000	0.011
BPP_new_20_300_7.C	12	2.000	4.000	0.012
BPP_new_20_300_7.C	12	2.000	4.000	0.011
BPP_new_20_300_7.C	12	2.000	4.000	0.011
BPP_new_20_300_7.C	12	2.000	4.000	0.011
BPP_new_20_300_7.C	12	2.000	4.000	0.011
BPP_new_20_300_7.C	12	2.000	4.000	0.011
BPP_new_20_300_8.C	9	2.000	3.400	0.010
BPP_new_20_300_8.C	9	2.000	3.400	0.010
BPP_new_20_300_8.C	9	2.000	3.400	0.010
BPP_new_20_300_8.C	9	2.000	3.400	0.010
BPP_new_20_300_8.C	9	2.000	3.400	0.010
BPP_new_20_300_8.C	9	1.800	3.240	0.010
BPP_new_20_300_8.C	9	2.000	3.400	0.010
BPP_new_20_300_8.C	9	1.800	3.240	0.010
BPP_new_20_300_8.C	9	2.000	3.400	0.010
BPP_new_20_300_8.C	9	2.000	3.400	0.010
BPP_new_20_300_9.C	9	2.600	3.880	0.010
BPP_new_20_300_9.C	9	2.600	3.880	0.010
BPP_new_20_300_9.C	9	2.800	4.040	0.010
BPP_new_20_300_9.C	9	2.600	3.880	0.010
BPP_new_20_300_9.C	9	2.600	3.880	0.010
BPP_new_20_300_9.C	9	2.800	4.040	0.010
BPP_new_20_300_9.C	9	2.600	3.880	0.010
BPP_new_20_300_9.C	9	2.600	3.880	0.010
BPP_new_20_300_9.C	9	2.600	3.880	0.010
BPP_new_20_300_9.C	9	2.600	3.880	0.010
BPP_new_20_400_1.C	11	2.600	4.280	0.011
BPP_new_20_400_1.C	11	2.600	4.280	0.011
BPP_new_20_400_1.C	11	3.000	4.600	0.011
BPP_new_20_400_1.C	11	3.000	4.600	0.011
BPP_new_20_400_1.C	11	2.600	4.280	0.011
BPP_new_20_400_1.C	11	2.600	4.280	0.011
BPP_new_20_400_1.C	11	2.600	4.280	0.011
BPP_new_20_400_1.C	11	3.000	4.600	0.011
BPP_new_20_400_1.C	11	2.600	4.280	0.011
BPP_new_20_400_1.C	11	2.600	4.280	0.011
BPP_new_20_400_10.C	11	2.200	3.960	0.011
BPP_new_20_400_10.C	11	2.200	3.960	0.011
BPP_new_20_400_10.C	11	2.200	3.960	0.011
BPP_new_20_400_10.C	11	2.200	3.960	0.011
BPP_new_20_400_10.C	11	2.200	3.960	0.011
BPP_new_20_400_10.C	11	2.200	3.960	0.011
BPP_new_20_400_10.C	11	2.200	3.960	0.011
BPP_new_20_400_10.C	11	2.200	3.960	0.011
BPP_new_20_400_10.C	11	2.200	3.960	0.011
BPP_new_20_400_10.C	11	2.200	3.960	0.011
BPP_new_20_400_2.C	11	2.200	3.960	0.011
BPP_new_20_400_2.C	11	2.200	3.960	0.011
BPP_new_20_400_2.C	11	2.200	3.960	0.011
BPP_new_20_400_2.C	11	2.200	3.960	0.011
BPP_new_20_400_2.C	11	2.200	3.960	0.011
BPP_new_20_400_2.C	11	2.200	3.960	0.011
BPP_new_20_400_2.C	11	2.200	3.960	0.011
BPP_new_20_400_2.C	11	2.200	3.960	0.011
BPP_new_20_400_2.C	11	2.200	3.960	0.011
BPP_new_20_400_2.C	11	2.200	3.960	0.011
BPP_new_20_400_3.C	9	1.800	3.240	0.011
BPP_new_20_400_3.C	8	2.000	3.200	0.010
BPP_new_20_400_3.C	9	1.800	3.240	0.010
BPP_new_20_400_3.C	9	1.800	3.240	0.010
BPP_new_20_400_3.C	9	1.800	3.240	0.010
BPP_new_20_400_3.C	9	1.800	3.240	0.010
BPP_new_20_400_3.C	9	1.800	3.240	0.010
BPP_new_20_400_3.C	9	1.800	3.240	0.010
BPP_new_20_400_3.C	9	1.800	3.240	0.010
BPP_new_20_400_3.C	8	2.000	3.200	0.010
BPP_new_20_400_4.C	9	2.000	3.400	0.010
BPP_new_20_400_4.C	9	2.000	3.400	0.010
BPP_new_20_400_4.C	9	2.000	3.400	0.010
BPP_new_20_400_4.C	9	2.000	3.400	0.010
BPP_new_20_400_4.C	9	2.000	3.400	0.010
BPP_new_20_400_4.C	9	2.000	3.400	0.010
BPP_new_20_400_4.C	9	2.000	3.400	0.009
BPP_new_20_400_4.C	9	2.000	3.400	0.009
BPP_new_20_400_4.C	9	2.000	3.400	0.010
BPP_new_20_400_4.C	9	2.000	3.400	0.010
BPP_new_20_400_5.C	11	3.600	5.080	0.011
BPP_new_20_400_5.C	11	3.600	5.080	0.011
BPP_new_20_400_5.C	11	3.600	5.080	0.011
BPP_new_20_400_5.C	11	3.600	5.080	0.011
BPP_new_20_400_5.C	11	3.600	5.080	0.012
BPP_new_20_400_5.C	11	3.600	5.080	0.011
BPP_new_20_400_5.C	11	3.600	5.080	0.011
BPP_new_20_400_5.C	11	3.600	5.080	0.011
BPP_new_20_400_5.C	11	3.600	5.080	0.011
BPP_new_20_400_5.C	11	3.600	5.080	0.011
BPP_new_20_400_6.C	10	3.200	4.560	0.010
BPP_new_20_400_6.C	10	2.800	4.240	0.010
BPP_new_20_400_6.C	10	3.000	4.400	0.010
BPP_new_20_400_6.C	10	3.000	4.400	0.010
BPP_new_20_400_6.C	10	2.800	4.240	0.010
BPP_new_20_400_6.C	10	3.600	4.880	0.010
BPP_new_20_400_6.C	10	3.200	4.560	0.010
BPP_new_20_400_6.C	10	2.800	4.240	0.010
BPP_new_20_400_6.C	9	3.400	4.520	0.010
BPP_new_20_400_6.C	10	3.600	4.880	0.010
BPP_new_20_400_7.C	9	1.000	2.600	0.009
BPP_new_20_400_7.C	9	1.000	2.600	0.009
BPP_new_20_400_7.C	9	1.000	2.600	0.009
BPP_new_20_400_7.C	9	1.000	2.600	0.010
BPP_new_20_400_7.C	9	1.000	2.600	0.009
BPP_new_20_400_7.C	9	1.000	2.600	0.009
BPP_new_20_400_7.C	9	1.000	2.600	0.009
BPP_new_20_400_7.C	9	1.000	2.600	0.010
BPP_new_20_400_7.C	9	1.000	2.600	0.009
BPP_new_20_400_7.C	9	1.000	2.600	0.009
BPP_new_20_400_8.C	11	3.800	5.240	0.012
BPP_new_20_400_8.C	11	3.600	5.080	0.012
BPP_new_20_400_8.C	11	3.800	5.240	0.012
BPP_new_20_400_8.C	11	3.600	5.080	0.011
BPP_new_20_400_8.C	11	3.600	5.080	0.011
BPP_new_20_400_8.C	11	3.600	5.080	0.012
BPP_new_20_400_8.C	11	3.600	5.080	0.012
BPP_new_20_400_8.C	11	3.600	5.080	0.011
BPP_new_20_400_8.C	11	3.600	5.080	0.012
BPP_new_20_400_8.C	11	3.600	5.080	0.012
BPP_new_20_400_9.C	10	4.600	5.680	0.010
BPP_new_20_400_9.C	10	4.600	5.680	0.010
BPP_new_20_400_9.C	10	4.600	5.680	0.010
BPP_new_20_400_9.C	10	4.600	5.680	0.010
BPP_new_20_400_9.C	10	4.600	5.680	0.010
BPP_new_20_400_9.C	10	4.600	5.680	0.010
BPP_new_20_400_9.C	10	4.600	5.680	0.010
BPP_new_20_400_9.C	10	4.600	5.680	0.010
BPP_new_20_400_9.C	10	4.600	5.680	0.011
BPP_new_20_400_9.C	10	4.600	5.680	0.010
BPP_new_20_500_1.C	9	1.000	2.600	0.008
BPP_new_20_500_1.C	9	1.000	2.600	0.008
BPP_new_20_500_1.C	9	1.000	2.600	0.008
BPP_new_20_500_1.C	9	1.000	2.600	0.008
BPP_new_20_500_1.C	9	1.000	2.600	0.009
BPP_new_20_500_1.C	9	1.000	2.600	0.009
BPP_new_20_500_1.C	9	1.000	2.600	0.009
BPP_new_20_500_1.C	9	1.000	2.600	0.009
BPP_new_20_500_1.C	9	1.000	2.600	0.009
BPP_new_20_500_1.C	9	1.000	2.600	0.009
BPP_new_20_500_10.C	8	1.800	3.040	0.009
BPP_new_20_500_10.C	8	1.800	3.040	0.009
BPP_new_20_500_10.C	7	1.800	2.840	0.009
BPP_new_20_500_10.C	8	1.400	2.720	0.008
BPP_new_20_500_10.C	7	1.800	2.840	0.009
BPP_new_20_500_10.C	8	1.800	3.040	0.009
BPP_new_20_500_10.C	8	1.600	2.880	0.009
BPP_new_20_500_10.C	8	1.800	3.040	0.009
BPP_new_20_500_10.C	7	1.600	2.680	0.009
BPP_new_20_500_10.C	7	1.600	2.680	0.008
BPP_new_20_500_2.C	9	1.800	3.240	0.010
BPP_new_20_500_2.C	9	1.800	3.240	0.010
BPP_new_20_500_2.C	9	1.800	3.240	0.009
BPP_new_20_500_2.C	9	1.800	3.240	0.010
BPP_new_20_500_2.C	9	1.800	3.240	0.010
BPP_new_20_500_2.C	9	1.800	3.240	0.010
BPP_new_20_500_2.C	9	1.800	3.240	0.010
BPP_new_20_500_2.C	9	1.800	3.240	0.010
BPP_new_20_500_2.C	9	1.800	3.240	0.009
BPP_new_20_500_2.C	9	1.800	3.240	0.010
BPP_new_20_500_3.C	10	4.200	5.360	0.011
BPP_new_20_500_3.C	10	4.200	5.360	0.011
BPP_new_20_500_3.C	10	4.000	5.200	0.012
BPP_new_20_500_3.C	10	4.000	5.200	0.011
BPP_new_20_500_3.C	10	4.000	5.200	0.011
BPP_new_20_500_3.C	10	4.000	5.200	0.011
BPP_new_20_500_3.C	10	4.200	5.360	0.011
BPP_new_20_500_3.C	10	4.200	5.360	0.011
BPP_new_20_500_3.C	10	4.200	5.360	0.011
BPP_new_20_500_3.C	10	4.200	5.360	0.012
BPP_new_20_500_4.C	11	2.400	4.120	0.011
BPP_new_20_500_4.C	11	2.400	4.120	0.011
BPP_new_20_500_4.C	11	2.600	4.280	0.011
BPP_new_20_500_4.C	11	2.400	4.120	0.011
BPP_new_20_500_4.C	11	2.400	4.120	0.011
BPP_new_20_500_4.C	11	2.400	4.120	0.011
BPP_new_20_500_4.C	11	2.600	4.280	0.011
BPP_new_20_500_4.C	11	2.400	4.120	0.011
BPP_new_20_500_4.C	11	2.400	4.120	0.011
BPP_new_20_500_4.C	11	2.400	4.120	0.011
BPP_new_20_500_5.C	8	0.200	1.760	0.009
BPP_new_20_500_5.C	8	0.200	1.760	0.009
BPP_new_20_500_5.C	8	0.000	1.600	0.009
BPP_new_20_500_5.C	8	0.000	1.600	0.009
BPP_new_20_500_5.C	8	0.400	1.920	0.009
BPP_new_20_500_5.C	8	0.000	1.600	0.009
BPP_new_20_500_5.C	8	0.200	1.760	0.009
BPP_new_20_500_5.C	8	0.200	1.760	0.009
BPP_new_20_500_5.C	8	0.200	1.760	0.009
BPP_new_20_500_5.C	8	0.200	1.760	0.009
BPP_new_20_500_6.C	10	2.000	3.600	0.010
BPP_new_20_500_6.C	10	2.000	3.600	0.010
BPP_new_20_500_6.C	10	2.200	3.760	0.010
BPP_new_20_500_6.C	11	2.000	3.800	0.010
BPP_new_20_500_6.C	10	2.000	3.600	0.010
BPP_new_20_500_6.C	10	2.000	3.600	0.010
BPP_new_20_500_6.C	10	2.000	3.600	0.010
BPP_new_20_500_6.C	11	2.000	3.800	0.010
BPP_new_20_500_6.C	10	2.000	3.600	0.010
BPP_new_20_500_6.C	10	2.200	3.760	0.010
BPP_new_20_500_7.C	13	2.800	4.840	0.012
BPP_new_20_500_7.C	13	2.800	4.840	0.012
BPP_new_20_500_7.C	13	2.800	4.840	0.012
BPP_new_20_500_7.C	13	2.800	4.840	0.012
BPP_new_20_500_7.C	13	2.800	4.840	0.012
BPP_new_20_500_7.C	13	2.800	4.840	0.012
BPP_new_20_500_7.C	13	2.800	4.840	0.012
BPP_new_20_500_7.C	13	2.800	4.840	0.012
BPP_new_20_500_7.C	13	2.800	4.840	0.012
BPP_new_20_500_7.C	13	2.800	4.840	0.012
BPP_new_20_500_8.C	11	2.400	4.120	0.012
BPP_new_20_500_8.C	12	2.200	4.160	0.012
BPP_new_20_500_8.C	11	2.400	4.120	0.012
BPP_new_20_500_8.C	12	2.200	4.160	0.012
BPP_new_20_500_8.C	12	2.200	4.160	0.012
BPP_new_20_500_8.C	11	2.400	4.120	0.012
BPP_new_20_500_8.C	11	2.400	4.120	0.012
BPP_new_20_500_8.C	11	2.400	4.120	0.012
BPP_new_20_500_8.C	11	2.400	4.120	0.012
BPP_new_20_500_8.C	11	2.400	4.120	0.012
BPP_new_20_500_9.C	11	2.400	4.120	0.011
BPP_new_20_500_9.C	11	2.400	4.120	0.011
BPP_new_20_500_9.C	11	2.400	4.120	0.011
BPP_new_20_500_9.C	11	2.400	4.120	0.011
BPP_new_20_500_9.C	11	2.400	4.120	0.011
BPP_new_20_500_9.C	11	2.400	4.120	0.011
BPP_new_20_500_9.C	11	2.400	4.120	0.011
BPP_new_20_500_9.C	11	2.400	4.120	0.011
BPP_new_20_500_9.C	11	2.400	4.120	0.011
BPP_new_20_500_9.C	11	2.400	4.120	0.011
BPP_new_20_50_1.C	13	2.600	4.680	0.011
BPP_new_20_50_1.C	13	2.600	4.680	0.012
BPP_new_20_50_1.C	13	2.600	4.680	0.011
BPP_new_20_50_1.C	13	2.600	4.680	0.012
BPP_new_20_50_1.C	13	2.600	4.680	0.011
BPP_new_20_50_1.C	13	2.600	4.680	0.011
BPP_new_20_50_1.C	13	2.600	4.680	0.011
BPP_new_20_50_1.C	13	2.600	4.680	0.011
BPP_new_20_50_1.C	13	2.600	4.680	0.011
BPP_new_20_50_1.C	13	2.600	4.680	0.011
BPP_new_20_50_10.C	13	3.000	5.000	0.012
BPP_new_20_50_10.C	13	3.000	5.000	0.012
BPP_new_20_50_10.C	13	3.000	5.000	0.012
BPP_new_20_50_10.C	13	3.000	5.000	0.012
BPP_new_20_50_10.C	13	3.000	5.000	0.012
BPP_new_20_50_10.C	13	3.000	5.000	0.012
BPP_new_20_50_10.C	13	3.000	5.000	0.012
BPP_new_20_50_10.C	13	3.000	5.000	0.012
BPP_new_20_50_10.C	13	3.000	5.000	0.012
BPP_new_20_50_10.C	13	3.000	5.000	0.012
BPP_new_20_50_2.C	10	2.200	3.760	0.010
BPP_new_20_50_2.C	10	2.200	3.760	0.010
BPP_new_20_50_2.C	10	2.200	3.760	0.010
BPP_new_20_50_2.C	10	2.200	3.760	0.010
BPP_new_20_50_2.C	10	2.200	3.760	0.010
BPP_new_20_50_2.C	10	2.200	3.760	0.010
BPP_new_20_50_2.C	10	2.200	3.760	0.009
BPP_new_20_50_2.C	10	2.200	3.760	0.009
BPP_new_20_50_2.C	10	2.200	3.760	0.010
BPP_new_20_50_2.C	10	2.200	3.760	0.010
BPP_new_20_50_3.C	9	3.600	4.680	0.010
BPP_new_20_50_3.C	9	3.600	4.680	0.010
BPP_new_20_50_3.C	9	3.600	4.680	0.010
BPP_new_20_50_3.C	9	3.600	4.680	0.010
BPP_new_20_50_3.C	9	3.600	4.680	0.009
BPP_new_20_50_3.C	9	3.600	4.680	0.010
BPP_new_20_50_3.C	9	3.600	4.680	0.009
BPP_new_20_50_3.C	9	3.600	4.680	0.010
BPP_new_20_50_3.C	9	3.600	4.680	0.010
BPP_new_20_50_3.C	9	3.600	4.680	0.010
BPP_new_20_50_4.C	14	3.400	5.520	0.012
BPP_new_20_50_4.C	14	3.400	5.520	0.012
BPP_new_20_50_4.C	14	3.400	5.520	0.012
BPP_new_20_50_4.C	14	3.400	5.520	0.012
BPP_new_20_50_4.C	14	3.400	5.520	0.012
BPP_new_20_50_4.C	14	3.400	5.520	0.012
BPP_new_20_50_4.C	14	3.400	5.520	0.012
BPP_new_20_50_4.C	14	3.400	5.520	0.012
BPP_new_20_50_4.C	14	3.400	5.520	0.012
BPP_new_20_50_4.C	14	3.400	5.520	0.012
BPP_new_20_50_5.C	9	1.800	3.240	0.009
BPP_new_20_50_5.C	9	1.800	3.240	0.009
BPP_new_20_50_5.C	9	1.800	3.240	0.009
BPP_new_20_50_5.C	9	1.800	3.240	0.009
BPP_new_20_50_5.C	9	1.800	3.240	0.009
BPP_new_20_50_5.C	9	1.800	3.240	0.009
BPP_new_20_50_5.C	9	1.800	3.240	0.009
BPP_new_20_50_5.C	9	1.800	3.240	0.009
BPP_new_20_50_5.C	9	1.800	3.240	0.009
BPP_new_20_50_5.C	9	1.800	3.240	0.009
BPP_new_20_50_6.C	10	2.800	4.240	0.010
BPP_new_20_50_6.C	10	3.000	4.400	0.010
BPP_new_20_50_6.C	9	3.000	4.200	0.010
BPP_new_20_50_6.C	9	3.000	4.200	0.010
BPP_new_20_50_6.C	9	3.000	4.200	0.010
BPP_new_20_50_6.C	9	3.000	4.200	0.010
BPP_new_20_50_6.C	10	2.800	4.240	0.011
BPP_new_20_50_6.C	10	3.000	4.400	0.010
BPP_new_20_50_6.C	9	3.000	4.200	0.010
BPP_new_20_50_6.C	10	3.400	4.720	0.010
BPP_new_20_50_7.C	11	2.800	4.440	0.011
BPP_new_20_50_7.C	11	2.800	4.440	0.011
BPP_new_20_50_7.C	11	2.800	4.440	0.011
BPP_new_20_50_7.C	11	2.800	4.440	0.011
BPP_new_20_50_7.C	11	2.800	4.440	0.011
BPP_new_20_50_7.C	11	2.800	4.440	0.012
BPP_new_20_50_7.C	11	2.800	4.440	0.011
BPP_new_20_50_7.C	11	2.800	4.440	0.011
BPP_new_20_50_7.C	11	2.800	4.440	0.011
BPP_new_20_50_7.C	11	2.800	4.440	0.011
BPP_new_20_50_8.C	12	1.000	3.200	0.011
BPP_new_20_50_8.C	12	1.000	3.200	0.011
BPP_new_20_50_8.C	12	1.000	3.200	0.011
BPP_new_20_50_8.C	12	1.000	3.200	0.011
BPP_new_20_50_8.C	12	1.000	3.200	0.011
BPP_new_20_50_8.C	12	1.000	3.200	0.011
BPP_new_20_50_8.C	12	1.000	3.200	0.011
BPP_new_20_50_8.C	12	1.000	3.200	0.011
BPP_new_20_50_8.C	12	1.000	3.200	0.011
BPP_new_20_50_8.C	12	1.000	3.200	0.011
BPP_new_20_50_9.C	9	3.000	4.200	0.010
BPP_new_20_50_9.C	9	3.000	4.200	0.010
BPP_new_20_50_9.C	9	3.200	4.360	0.010
BPP_new_20_50_9.C	9	3.200	4.360	0.010
BPP_new_20_50_9.C	9	3.200	4.360	0.010
BPP_new_20_50_9.C	9	3.200	4.360	0.010
BPP_new_20_50_9.C	9	3.200	4.360	0.010
BPP_new_20_50_9.C	9	3.000	4.200	0.010
BPP_new_20_50_9.C	9	3.200	4.360	0.010
BPP_new_20_50_9.C	9	3.200	4.360	0.010
BPP_new_20_750_1.C	11	2.000	3.800	0.010
BPP_new_20_750_1.C	10	1.400	3.120	0.010
BPP_new_20_750_1.C	10	2.000	3.600	0.010
BPP_new_20_750_1.C	10	2.000	3.600	0.010
BPP_new_20_750_1.C	10	1.400	3.120	0.010
BPP_new_20_750_1.C	10	1.800	3.440	0.011
BPP_new_20_750_1.C	10	1.600	3.280	0.011
BPP_new_20_750_1.C	11	2.400	4.120	0.011
BPP_new_20_750_1.C	10	1.800	3.440	0.010
BPP_new_20_750_1.C	10	1.800	3.440	0.011
BPP_new_20_750_10.C	11	5.000	6.200	0.011
BPP_new_20_750_10.C	11	5.000	6.200	0.011
BPP_new_20_750_10.C	11	5.000	6.200	0.011
BPP_new_20_750_10.C	11	5.000	6.200	0.011
BPP_new_20_750_10.C	11	5.000	6.200	0.010
BPP_new_20_750_10.C	11	5.000	6.200	0.011
BPP_new_20_750_10.C	11	5.000	6.200	0.011
BPP_new_20_750_10.C	11	5.000	6.200	0.011
BPP_new_20_750_10.C	11	5.000	6.200	0.011
BPP_new_20_750_10.C	11	5.000	6.200	0.011
BPP_new_20_750_2.C	9	1.800	3.240	0.009
BPP_new_20_750_2.C	9	1.800	3.240	0.009
BPP_new_20_750_2.C	9	1.800	3.240	0.009
BPP_new_20_750_2.C	9	1.800	3.240	0.009
BPP_new_20_750_2.C	9	1.800	3.240	0.009
BPP_new_20_750_2.C	9	1.800	3.240	0.009
BPP_new_20_750_2.C	9	1.800	3.240	0.010
BPP_new_20_750_2.C	9	1.800	3.240	0.009
BPP_new_20_750_2.C	9	1.800	3.240	0.009
BPP_new_20_750_2.C	9	1.800	3.240	0.009
BPP_new_20_750_3.C	10	1.000	2.800	0.009
BPP_new_20_750_3.C	10	1.000	2.800	0.009
BPP_new_20_750_3.C	10	1.000	2.800	0.009
BPP_new_20_750_3.C	10	1.000	2.800	0.010
BPP_new_20_750_3.C	10	1.000	2.800	0.009
BPP_new_20_750_3.C	10	1.000	2.800	0.010
BPP_new_20_750_3.C	10	1.000	2.800	0.009
BPP_new_20_750_3.C	10	1.000	2.800	0.010
BPP_new_20_750_3.C	10	1.000	2.800	0.010
BPP_new_20_750_3.C	10	1.000	2.800	0.009
BPP_new_20_750_4.C	9	1.200	2.760	0.009
BPP_new_20_750_4.C	9	1.200	2.760	0.009
BPP_new_20_750_4.C	9	1.200	2.760	0.009
BPP_new_20_750_4.C	9	1.200	2.760	0.010
BPP_new_20_750_4.C	9	1.200	2.760	0.010
BPP_new_20_750_4.C	9	1.400	2.920	0.009
BPP_new_20_750_4.C	9	1.600	3.080	0.010
BPP_new_20_750_4.C	9	1.200	2.760	0.010
BPP_new_20_750_4.C	9	1.400	2.920	0.010
BPP_new_20_750_4.C	9	1.200	2.760	0.009
BPP_new_20_750_5.C	12	4.600	6.080	0.011
BPP_new_20_750_5.C	12	4.600	6.080	0.011
BPP_new_20_750_5.C	12	4.600	6.080	0.011
BPP_new_20_750_5.C	12	4.600	6.080	0.011
BPP_new_20_750_5.C	12	4.600	6.080	0.011
BPP_new_20_750_5.C	12	4.600	6.080	0.011
BPP_new_20_750_5.C	12	4.600	6.080	0.011
BPP_new_20_750_5.C	12	4.600	6.080	0.011
BPP_new_20_750_5.C	12	4.600	6.080	0.011
BPP_new_20_750_5.C	12	4.600	6.080	0.011
BPP_new_20_750_6.C	10	-0.000	2.000	0.010
BPP_new_20_750_6.C	10	-0.000	2.000	0.010
BPP_new_20_750_6.C	10	-0.000	2.000	0.010
BPP_new_20_750_6.C	10	-0.000	2.000	0.010
BPP_new_20_750_6.C	10	-0.000	2.000	0.011
BPP_new_20_750_6.C	10	-0.000	2.000	0.010
BPP_new_20_750_6.C	10	-0.000	2.000	0.010
BPP_new_20_750_6.C	10	-0.000	2.000	0.010
BPP_new_20_750_6.C	10	-0.000	2.000	0.010
BPP_new_20_750_6.C	10	-0.000	2.000	0.010
BPP_new_20_750_7.C	11	1.800	3.640	0.010
BPP_new_20_750_7.C	11	1.800	3.640	0.010
BPP_new_20_750_7.C	11	1.800	3.640	0.010
BPP_new_20_750_7.C	11	1.800	3.640	0.011
BPP_new_20_750_7.C	11	1.800	3.640	0.011
BPP_new_20_750_7.C	11	1.800	3.640	0.011
BPP_new_20_750_7.C	11	1.800	3.640	0.010
BPP_new_20_750_7.C	11	1.800	3.640	0.011
BPP_new_20_750_7.C	11	1.800	3.640	0.010
BPP_new_20_750_7.C	11	1.800	3.640	0.010
BPP_new_20_750_8.C	9	1.200	2.760	0.009
BPP_new_20_750_8.C	9	1.200	2.760	0.009
BPP_new_20_750_8.C	9	1.200	2.760	0.009
BPP_new_20_750_8.C	9	1.200	2.760	0.009
BPP_new_20_750_8.C	9	1.200	2.760	0.009
BPP_new_20_750_8.C	9	1.200	2.760	0.009
BPP_new_20_750_8.C	9	1.200	2.760	0.010
BPP_new_20_750_8.C	9	1.200	2.760	0.009
BPP_new_20_750_8.C	9	1.200	2.760	0.009
BPP_new_20_750_8.C	9	1.200	2.760	0.009
BPP_new_20_750_9.C	10	3.800	5.040	0.011
BPP_new_20_750_9.C	10	3.600	4.880	0.011
BPP_new_20_750_9.C	10	3.800	5.040	0.011
BPP_new_20_750_9.C	10	3.600	4.880	0.011
BPP_new_20_750_9.C	10	3.800	5.040	0.011
BPP_new_20_750_9.C	10	3.600	4.880	0.011
BPP_new_20_750_9.C	10	3.800	5.040	0.011
BPP_new_20_750_9.C	10	3.800	5.040	0.011
BPP_new_20_750_9.C	10	3.800	5.040	0.011
BPP_new_20_750_9.C	10	3.800	5.040	0.011
BPP_new_20_75_1.C	11	1.400	3.320	0.011
BPP_new_20_75_1.C	11	1.200	3.160	0.010
BPP_new_20_75_1.C	11	1.200	3.160	0.010
BPP_new_20_75_1.C	11	1.400	3.320	0.010
BPP_new_20_75_1.C	11	1.200	3.160	0.010
BPP_new_20_75_1.C	11	1.200	3.160	0.010
BPP_new_20_75_1.C	11	1.400	3.320	0.011
BPP_new_20_75_1.C	11	1.400	3.320	0.010
BPP_new_20_75_1.C	11	1.400	3.320	0.010
BPP_new_20_75_1.C	11	1.400	3.320	0.011
BPP_new_20_75_10.C	9	4.600	5.480	0.011
BPP_new_20_75_10.C	9	4.600	5.480	0.011
BPP_new_20_75_10.C	9	4.600	5.480	0.010
BPP_new_20_75_10.C	9	4.600	5.480	0.010
BPP_new_20_75_10.C	9	4.600	5.480	0.011
BPP_new_20_75_10.C	9	4.600	5.480	0.011
BPP_new_20_75_10.C	9	4.600	5.480	0.010
BPP_new_20_75_10.C	9	4.600	5.480	0.010
BPP_new_20_75_10.C	9	4.600	5.480	0.010
BPP_new_20_75_10.C	9	4.600	5.480	0.010
BPP_new_20_75_2.C	12	3.000	4.800	0.012
BPP_new_20_75_2.C	12	3.000	4.800	0.011
BPP_new_20_75_2.C	12	3.000	4.800	0.012
BPP_new_20_75_2.C	12	3.000	4.800	0.012
BPP_new_20_75_2.C	12	3.000	4.800	0.011
BPP_new_20_75_2.C	12	3.000	4.800	0.011
BPP_new_20_75_2.C	12	3.000	4.800	0.012
BPP_new_20_75_2.C	12	3.000	4.800	0.012
BPP_new_20_75_2.C	12	3.000	4.800	0.011
BPP_new_20_75_2.C	12	3.000	4.800	0.011
BPP_new_20_75_3.C	10	2.600	4.080	0.011
BPP_new_20_75_3.C	10	2.600	4.080	0.011
BPP_new_20_75_3.C	10	2.600	4.080	0.011
BPP_new_20_75_3.C	10	2.600	4.080	0.011
BPP_new_20_75_3.C	10	2.400	3.920	0.011
BPP_new_20_75_3.C	10	2.600	4.080	0.011
BPP_new_20_75_3.C	10	2.600	4.080	0.011
BPP_new_20_75_3.C	10	2.400	3.920	0.011
BPP_new_20_75_3.C	10	2.600	4.080	0.011
BPP_new_20_75_3.C	10	2.600	4.080	0.011
BPP_new_20_75_4.C	10	4.200	5.360	0.010
BPP_new_20_75_4.C	10	4.200	5.360	0.010
BPP_new_20_75_4.C	10	4.200	5.360	0.010
BPP_new_20_75_4.C	11	3.800	5.240	0.011
BPP_new_20_75_4.C	10	4.200	5.360	0.010
BPP_new_20_75_4.C	10	4.000	5.200	0.011
BPP_new_20_75_4.C	11	4.000	5.400	0.011
BPP_new_20_75_4.C	10	4.200	5.360	0.011
BPP_new_20_75_4.C	10	4.200	5.360	0.010
BPP_new_20_75_4.C	11	3.800	5.240	0.010
BPP_new_20_75_5.C	10	5.200	6.160	0.012
BPP_new_20_75_5.C	10	5.200	6.160	0.011
BPP_new_20_75_5.C	10	5.200	6.160	0.011
BPP_new_20_75_5.C	10	5.200	6.160	0.011
BPP_new_20_75_5.C	10	5.200	6.160	0.011
BPP_new_20_75_5.C	10	5.200	6.160	0.011
BPP_new_20_75_5.C	10	5.200	6.160	0.011
BPP_new_20_75_5.C	10	5.200	6.160	0.011
BPP_new_20_75_5.C	10	5.200	6.160	0.011
BPP_new_20_75_5.C	10	5.200	6.160	0.011
BPP_new_20_75_6.C	6	2.600	3.280	0.008
BPP_new_20_75_6.C	6	2.600	3.280	0.008
BPP_new_20_75_6.C	6	2.600	3.280	0.008
BPP_new_20_75_6.C	6	2.800	3.440	0.008
BPP_new_20_75_6.C	6	2.800	3.440	0.008
BPP_new_20_75_6.C	6	2.800	3.440	0.008
BPP_new_20_75_6.C	6	2.800	3.440	0.008
BPP_new_20_75_6.C	6	2.600	3.280	0.008
BPP_new_20_75_6.C	6	2.600	3.280	0.008
BPP_new_20_75_6.C	6	2.800	3.440	0.008
BPP_new_20_75_7.C	9	1.800	3.240	0.010
BPP_new_20_75_7.C	9	1.800	3.240	0.009
BPP_new_20_75_7.C	9	1.800	3.240	0.009
BPP_new_20_75_7.C	9	1.800	3.240	0.009
BPP_new_20_75_7.C	9	1.800	3.240	0.009
BPP_new_20_75_7.C	9	1.800	3.240	0.010
BPP_new_20_75_7.C	9	1.800	3.240	0.009
BPP_new_20_75_7.C	9	1.800	3.240	0.009
BPP_new_20_75_7.C	9	1.800	3.240	0.009
BPP_new_20_75_7.C	9	1.800	3.240	0.009
BPP_new_20_75_8.C	8	3.000	4.000	0.009
BPP_new_20_75_8.C	8	2.600	3.680	0.009
BPP_new_20_75_8.C	8	2.600	3.680	0.009
BPP_new_20_75_8.C	8	3.000	4.000	0.009
BPP_new_20_75_8.C	8	2.800	3.840	0.009
BPP_new_20_75_8.C	8	2.600	3.680	0.008
BPP_new_20_75_8.C	8	2.800	3.840	0.008
BPP_new_20_75_8.C	8	2.600	3.680	0.008
BPP_new_20_75_8.C	8	2.600	3.680	0.008
BPP_new_20_75_8.C	8	2.600	3.680	0.009
BPP_new_20_75_9.C	10	4.400	5.520	0.011
BPP_new_20_75_9.C	10	4.400	5.520	0.011
BPP_new_20_75_9.C	10	4.400	5.520	0.011
BPP_new_20_75_9.C	10	4.400	5.520	0.011
BPP_new_20_75_9.C	10	4.400	5.520	0.010
BPP_new_20_75_9.C	10	4.400	5.520	0.011
BPP_new_20_75_9.C	10	4.400	5.520	0.011
BPP_new_20_75_9.C	10	4.400	5.520	0.011
BPP_new_20_75_9.C	10	4.400	5.520	0.011
BPP_new_20_75_9.C	10	4.400	5.520	0.011
HBPP_02015007_09180.C	10	1.000	2.800	0.009
HBPP_02015007_09180.C	10	1.000	2.800	0.009
HBPP_02015007_09180.C	10	1.000	2.800	0.009
HBPP_02015007_09180.C	10	1.000	2.800	0.010
HBPP_02015007_09180.C	10	1.000	2.800	0.009
HBPP_02015007_09180.C	10	1.000	2.800	0.010
HBPP_02015007_09180.C	10	1.000	2.800	0.009
HBPP_02015007_09180.C	10	1.000	2.800	0.009
HBPP_02015007_09180.C	10	1.000	2.800	0.009
HBPP_02015007_09180.C	10	1.000	2.800	0.009
HBPP_04000107_06970.C	16	3.400	5.920	0.037
HBPP_04000107_06970.C	16	3.400	5.920	0.036
HBPP_04000107_06970.C	16	3.400	5.920	0.037
HBPP_04000107_06970.C	16	3.400	5.920	0.037
HBPP_04000107_06970.C	16	3.400	5.920	0.036
HBPP_04000107_06970.C	17	3.200	5.960	0.036
HBPP_04000107_06970.C	16	3.400	5.920	0.038
HBPP_04000107_06970.C	16	3.400	5.920	0.037
HBPP_04000107_06970.C	16	3.400	5.920	0.036
HBPP_04000107_06970.C	16	3.400	5.920	0.036
HBPP_04005007_06120.C	16	2.800	5.440	0.036
HBPP_04005007_06120.C	16	3.000	5.600	0.037
HBPP_04005007_06120.C	16	2.400	5.120	0.038
HBPP_04005007_06120.C	16	2.400	5.120	0.037
HBPP_04005007_06120.C	16	3.000	5.600	0.036
HBPP_04005007_06120.C	16	3.200	5.760	0.036
HBPP_04005007_06120.C	16	2.400	5.120	0.035
HBPP_04005007_06120.C	16	2.400	5.120	0.035
HBPP_04005007_06120.C	16	2.400	5.120	0.035
HBPP_04005007_06120.C	16	2.400	5.120	0.036
HBPP_04005009_03610.C	20	3.800	7.040	0.044
HBPP_04005009_03610.C	21	3.600	7.080	0.044
HBPP_04005009_03610.C	20	3.600	6.880	0.044
HBPP_04005009_03610.C	21	3.600	7.080	0.044
HBPP_04005009_03610.C	20	3.200	6.560	0.043
HBPP_04005009_03610.C	20	3.400	6.720	0.044
HBPP_04005009_03610.C	20	3.600	6.880	0.043
HBPP_04005009_03610.C	20	3.600	6.880	0.043
HBPP_04005009_03610.C	20	3.600	6.880	0.044
HBPP_04005009_03610.C	21	3.600	7.080	0.044
HBPP_06000106_07820.C	22	3.800	7.440	0.080
HBPP_06000106_07820.C	22	3.800	7.440	0.082
HBPP_06000106_07820.C	22	3.800	7.440	0.080
HBPP_06000106_07820.C	22	3.800	7.440	0.083
HBPP_06000106_07820.C	22	3.800	7.440	0.084
HBPP_06000106_07820.C	22	3.800	7.440	0.081
HBPP_06000106_07820.C	22	3.800	7.440	0.081
HBPP_06000106_07820.C	22	3.800	7.440	0.083
HBPP_06000106_07820.C	22	3.800	7.440	0.080
HBPP_06000106_07820.C	22	3.800	7.440	0.080
HBPP_06000110_01950.C	28	4.000	8.800	0.091
HBPP_06000110_01950.C	29	4.000	9.000	0.092
HBPP_06000110_01950.C	29	4.200	9.160	0.092
HBPP_06000110_01950.C	29	4.000	9.000	0.090
HBPP_06000110_01950.C	29	4.000	9.000	0.092
HBPP_06000110_01950.C	29	4.000	9.000	0.093
HBPP_06000110_01950.C	28	4.200	8.960	0.093
HBPP_06000110_01950.C	28	4.200	8.960	0.092
HBPP_06000110_01950.C	28	4.200	8.960	0.094
HBPP_06000110_01950.C	28	4.200	8.960	0.092
HBPP_06005007_00330.C	25	3.600	7.880	0.084
HBPP_06005007_00330.C	25	3.600	7.880	0.082
HBPP_06005007_00330.C	25	3.600	7.880	0.083
HBPP_06005007_00330.C	25	3.600	7.880	0.081
HBPP_06005007_00330.C	25	3.600	7.880	0.084
HBPP_06005007_00330.C	25	3.600	7.880	0.081
HBPP_06005007_00330.C	25	3.600	7.880	0.084
HBPP_06005007_00330.C	25	3.400	7.720	0.084
HBPP_06005007_00330.C	25	3.600	7.880	0.083
HBPP_06005007_00330.C	25	3.400	7.720	0.085
HBPP_06005007_03820.C	23	2.400	6.520	0.081
HBPP_06005007_03820.C	23	2.600	6.680	0.083
HBPP_06005007_03820.C	23	2.600	6.680	0.083
HBPP_06005007_03820.C	23	2.400	6.520	0.082
HBPP_06005007_03820.C	23	2.600	6.680	0.083
HBPP_06005007_03820.C	23	2.600	6.680	0.082
HBPP_06005007_03820.C	23	2.400	6.520	0.083
HBPP_06005007_03820.C	23	2.400	6.520	0.081
HBPP_06005007_03820.C	23	2.200	6.360	0.082
HBPP_06005007_03820.C	23	2.600	6.680	0.084
HBPP_06005008_07550.C	25	3.800	8.040	0.087
HBPP_06005008_07550.C	25	4.000	8.200	0.090
HBPP_06005008_07550.C	25	4.000	8.200	0.091
HBPP_06005008_07550.C	25	4.000	8.200	0.092
HBPP_06005008_07550.C	25	4.000	8.200	0.093
HBPP_06005008_07550.C	25	4.000	8.200	0.091
HBPP_06005008_07550.C	25	4.000	8.200	0.089
HBPP_06005008_07550.C	25	3.000	7.400	0.092
HBPP_06005008_07550.C	25	4.000	8.200	0.092
HBPP_06005008_07550.C	25	4.000	8.200	0.089
HBPP_06015006_00670.C	27	4.200	8.760	0.092
HBPP_06015006_00670.C	27	3.200	7.960	0.091
HBPP_06015006_00670.C	27	3.000	7.800	0.091
HBPP_06015006_00670.C	27	3.600	8.280	0.094
HBPP_06015006_00670.C	27	3.600	8.280	0.094
HBPP_06015006_00670.C	27	3.000	7.800	0.091
HBPP_06015006_00670.C	27	3.400	8.120	0.093
HBPP_06015006_00670.C	27	4.000	8.600	0.093
HBPP_06015006_00670.C	27	3.000	7.800	0.091
HBPP_06015006_00670.C	27	3.400	8.120	0.093
HBPP_06015009_04030.C	32	5.800	11.040	0.102
HBPP_06015009_04030.C	33	5.200	10.760	0.102
HBPP_06015009_04030.C	33	5.200	10.760	0.106
HBPP_06015009_04030.C	32	5.800	11.040	0.103
HBPP_06015009_04030.C	33	5.200	10.760	0.104
HBPP_06015009_04030.C	33	5.000	10.600	0.101
HBPP_06015009_04030.C	32	5.800	11.040	0.102
HBPP_06015009_04030.C	33	5.400	10.920	0.105
HBPP_06015009_04030.C	32	5.800	11.040	0.104
HBPP_06015009_04030.C	32	5.400	10.720	0.101
HBPP_06015010_07710.C	36	4.000	10.400	0.107
HBPP_06015010_07710.C	36	4.000	10.400	0.108
HBPP_06015010_07710.C	36	4.000	10.400	0.106
HBPP_06015010_07710.C	35	3.600	9.880	0.107
HBPP_06015010_07710.C	36	4.000	10.400	0.107
HBPP_06015010_07710.C	36	4.000	10.400	0.107
HBPP_06015010_07710.C	36	4.000	10.400	0.108
HBPP_06015010_07710.C	35	3.200	9.560	0.104
HBPP_06015010_07710.C	35	4.200	10.360	0.108
HBPP_06015010_07710.C	35	3.200	9.560	0.108
HBPP_06025005_06390.C	26	6.400	10.320	0.083
HBPP_06025005_06390.C	26	6.400	10.320	0.082
HBPP_06025005_06390.C	26	6.200	10.160	0.082
HBPP_06025005_06390.C	26	6.400	10.320	0.081
HBPP_06025005_06390.C	26	6.400	10.320	0.083
HBPP_06025005_06390.C	26	6.400	10.320	0.083
HBPP_06025005_06390.C	26	6.400	10.320	0.082
HBPP_06025005_06390.C	26	6.400	10.320	0.082
HBPP_06025005_06390.C	26	6.400	10.320	0.081
HBPP_06025005_06390.C	25	6.600	10.280	0.082
HBPP_08000107_06240.C	30	6.800	11.440	0.168
HBPP_08000107_06240.C	30	6.800	11.440	0.170
HBPP_08000107_06240.C	30	6.800	11.440	0.170
HBPP_08000107_06240.C	30	6.800	11.440	0.170
HBPP_08000107_06240.C	30	6.800	11.440	0.171
HBPP_08000107_06240.C	30	6.800	11.440	0.162
HBPP_08000107_06240.C	30	6.800	11.440	0.167
HBPP_08000107_06240.C	30	6.800	11.440	0.170
HBPP_08000107_06240.C	30	6.000	10.800	0.167
HBPP_08000107_06240.C	30	6.800	11.440	0.164
HBPP_08005006_08620.C	28	6.600	10.880	0.150
HBPP_08005006_08620.C	28	6.600	10.880	0.151
HBPP_08005006_08620.C	28	6.200	10.560	0.148
HBPP_08005006_08620.C	29	6.000	10.600	0.150
HBPP_08005006_08620.C	28	6.200	10.560	0.150
HBPP_08005006_08620.C	28	6.000	10.400	0.149
HBPP_08005006_08620.C	28	6.600	10.880	0.148
HBPP_08005006_08620.C	28	6.200	10.560	0.149
HBPP_08005006_08620.C	28	6.200	10.560	0.147
HBPP_08005006_08620.C	29	6.400	10.920	0.150
HBPP_08005007_03940.C	32	6.200	11.360	0.159
HBPP_08005007_03940.C	32	6.200	11.360	0.154
HBPP_08005007_03940.C	32	6.200	11.360	0.157
HBPP_08005007_03940.C	32	6.000	11.200	0.161
HBPP_08005007_03940.C	32	6.200	11.360	0.157
HBPP_08005007_03940.C	31	6.200	11.160	0.162
HBPP_08005007_03940.C	32	6.200	11.360	0.161
HBPP_08005007_03940.C	32	6.200	11.360	0.159
HBPP_08005007_03940.C	31	6.200	11.160	0.156
HBPP_08005007_03940.C	32	6.200	11.360	0.155
HBPP_10000107_05080.C	40	7.200	13.760	0.286
HBPP_10000107_05080.C	41	6.800	13.640	0.290
HBPP_10000107_05080.C	41	6.600	13.480	0.289
HBPP_10000107_05080.C	40	7.000	13.600	0.293
HBPP_10000107_05080.C	40	6.800	13.440	0.288
HBPP_10000107_05080.C	40	7.200	13.760	0.285
HBPP_10000107_05080.C	40	7.200	13.760	0.292
HBPP_10000107_05080.C	40	7.200	13.760	0.290
HBPP_10000107_05080.C	40	7.200	13.760	0.296
HBPP_10000107_05080.C	40	7.200	13.760	0.290
HBPP_10000107_07330.C	38	4.800	11.440	0.263
HBPP_10000107_07330.C	38	4.800	11.440	0.273
HBPP_10000107_07330.C	38	4.800	11.440	0.272
HBPP_10000107_07330.C	38	4.800	11.440	0.271
HBPP_10000107_07330.C	38	4.800	11.440	0.270
HBPP_10000107_07330.C	38	4.800	11.440	0.275
HBPP_10000107_07330.C	38	4.800	11.440	0.271
HBPP_10000107_07330.C	38	4.800	11.440	0.273
HBPP_10000107_07330.C	38	4.800	11.440	0.270
HBPP_10000107_07330.C	38	4.800	11.440	0.275
HBPP_10000108_02570.C	43	6.800	14.040	0.296
HBPP_10000108_02570.C	43	7.200	14.360	0.295
HBPP_10000108_02570.C	42	7.400	14.320	0.297
HBPP_10000108_02570.C	42	5.800	13.040	0.295
HBPP_10000108_02570.C	42	7.000	14.000	0.295
HBPP_10000108_02570.C	43	6.800	14.040	0.293
HBPP_10000108_02570.C	42	6.800	13.840	0.298
HBPP_10000108_02570.C	43	7.000	14.200	0.296
HBPP_10000108_02570.C	42	7.400	14.320	0.294
HBPP_10000108_02570.C	42	6.600	13.680	0.295
HBPP_10015007_04640.C	48	5.600	14.080	0.313
HBPP_10015007_04640.C	49	6.600	15.080	0.311
HBPP_10015007_04640.C	49	6.600	15.080	0.311
HBPP_10015007_04640.C	49	6.600	15.080	0.314
HBPP_10015007_04640.C	48	5.600	14.080	0.315
HBPP_10015007_04640.C	49	6.600	15.080	0.307
HBPP_10015007_04640.C	48	5.600	14.080	0.315
HBPP_10015007_04640.C	48	6.800	15.040	0.310
HBPP_10015007_04640.C	49	6.600	15.080	0.315
HBPP_10015007_04640.C	48	5.600	14.080	0.315
HBPP_12000107_08940.C	49	7.600	15.880	0.453
HBPP_12000107_08940.C	49	7.600	15.880	0.456
HBPP_12000107_08940.C	49	7.600	15.880	0.463
HBPP_12000107_08940.C	49	7.600	15.880	0.457
HBPP_12000107_08940.C	49	7.600	15.880	0.451
HBPP_12000107_08940.C	49	7.600	15.880	0.456
HBPP_12000107_08940.C	49	7.600	15.880	0.456
HBPP_12000107_08940.C	49	7.600	15.880	0.456
HBPP_12000107_08940.C	49	7.600	15.880	0.464
HBPP_12000107_08940.C	49	7.600	15.880	0.457
HBPP_12000108_00350.C	48	4.200	12.960	0.449
HBPP_12000108_00350.C	48	4.200	12.960	0.450
HBPP_12000108_00350.C	48	4.200	12.960	0.457
HBPP_12000108_00350.C	48	4.200	12.960	0.444
HBPP_12000108_00350.C	48	4.200	12.960	0.456
HBPP_12000108_00350.C	48	4.200	12.960	0.454
HBPP_12000108_00350.C	48	4.200	12.960	0.444
HBPP_12000108_00350.C	48	4.200	12.960	0.449
HBPP_12000108_00350.C	48	4.200	12.960	0.435
HBPP_12000108_00350.C	48	4.200	12.960	0.450
HBPP_12000109_09170.C	62	6.200	17.360	0.531
HBPP_12000109_09170.C	61	6.400	17.320	0.531
HBPP_12000109_09170.C	62	6.200	17.360	0.532
HBPP_12000109_09170.C	62	6.200	17.360	0.531
HBPP_12000109_09170.C	62	6.000	17.200	0.530
HBPP_12000109_09170.C	61	5.200	16.360	0.526
HBPP_12000109_09170.C	62	6.000	17.200	0.530
HBPP_12000109_09170.C	62	6.200	17.360	0.530
HBPP_12000109_09170.C	62	6.200	17.360	0.533
HBPP_12000109_09170.C	61	6.400	17.320	0.534
HBPP_12000110_06550.C	65	6.800	18.440	0.561
HBPP_12000110_06550.C	66	7.800	19.440	0.565
HBPP_12000110_06550.C	66	7.800	19.440	0.566
HBPP_12000110_06550.C	66	7.800	19.440	0.561
HBPP_12000110_06550.C	65	7.000	18.600	0.567
HBPP_12000110_06550.C	66	7.800	19.440	0.573
HBPP_12000110_06550.C	66	7.800	19.440	0.561
HBPP_12000110_06550.C	66	7.800	19.440	0.571
HBPP_12000110_06550.C	66	7.800	19.440	0.563
HBPP_12000110_06550.C	66	7.800	19.440	0.566
HBPP_12005007_01380.C	56	6.000	16.000	0.500
HBPP_12005007_01380.C	57	7.200	17.160	0.495
HBPP_12005007_01380.C	58	8.000	18.000	0.507
HBPP_12005007_01380.C	57	7.200	17.160	0.501
HBPP_12005007_01380.C	57	7.400	17.320	0.496
HBPP_12005007_01380.C	58	8.000	18.000	0.500
HBPP_12005007_01380.C	57	7.600	17.480	0.502
HBPP_12005007_01380.C	57	7.600	17.480	0.510
HBPP_12005007_01380.C	56	7.600	17.280	0.496
HBPP_12005007_01380.C	56	6.200	16.160	0.504
HBPP_12005007_01800.C	48	6.800	15.040	0.450
HBPP_12005007_01800.C	48	6.800	15.040	0.443
HBPP_12005007_01800.C	48	6.800	15.040	0.442
HBPP_12005007_01800.C	48	6.800	15.040	0.447
HBPP_12005007_01800.C	48	6.800	15.040	0.442
HBPP_12005007_01800.C	48	6.800	15.040	0.447
HBPP_12005007_01800.C	48	6.800	15.040	0.439
HBPP_12005007_01800.C	48	6.800	15.040	0.444
HBPP_12005007_01800.C	48	6.800	15.040	0.442
HBPP_12005007_01800.C	48	6.800	15.040	0.440
HBPP_12005007_03240.C	47	5.200	13.560	0.425
HBPP_12005007_03240.C	47	5.200	13.560	0.428
HBPP_12005007_03240.C	47	5.200	13.560	0.434
HBPP_12005007_03240.C	47	5.200	13.560	0.436
HBPP_12005007_03240.C	47	5.200	13.560	0.424
HBPP_12005007_03240.C	47	5.200	13.560	0.427
HBPP_12005007_03240.C	47	5.200	13.560	0.415
HBPP_12005007_03240.C	47	5.200	13.560	0.439
HBPP_12005007_03240.C	47	5.200	13.560	0.427
HBPP_12005007_03240.C	47	5.200	13.560	0.425
HBPP_12005008_04500.C	61	9.200	19.560	0.537
HBPP_12005008_04500.C	61	9.200	19.560	0.529
HBPP_12005008_04500.C	61	9.200	19.560	0.531
HBPP_12005008_04500.C	61	9.200	19.560	0.529
HBPP_12005008_04500.C	60	8.200	18.560	0.524
HBPP_12005008_04500.C	61	9.200	19.560	0.526
HBPP_12005008_04500.C	61	9.200	19.560	0.530
HBPP_12005008_04500.C	61	9.200	19.560	0.533
HBPP_12005008_04500.C	61	9.200	19.560	0.536
HBPP_12005008_04500.C	60	8.800	19.040	0.532
HBPP_12015007_01650.C	57	6.800	16.840	0.491
HBPP_12015007_01650.C	58	7.600	17.680	0.494
HBPP_12015007_01650.C	58	7.800	17.840	0.488
HBPP_12015007_01650.C	58	7.800	17.840	0.491
HBPP_12015007_01650.C	58	7.800	17.840	0.492
HBPP_12015007_01650.C	58	7.800	17.840	0.483
HBPP_12015007_01650.C	58	7.800	17.840	0.487
HBPP_12015007_01650.C	58	7.800	17.840	0.489
HBPP_12015007_01650.C	58	7.800	17.840	0.491
HBPP_12015007_01650.C	58	7.800	17.840	0.490
HBPP_12015009_07400.C	66	10.000	21.200	0.538
HBPP_12015009_07400.C	66	10.000	21.200	0.545
HBPP_12015009_07400.C	66	10.000	21.200	0.542
HBPP_12015009_07400.C	66	10.000	21.200	0.541
HBPP_12015009_07400.C	66	10.000	21.200	0.537
HBPP_12015009_07400.C	66	10.000	21.200	0.547
HBPP_12015009_07400.C	66	10.000	21.200	0.541
HBPP_12015009_07400.C	66	10.000	21.200	0.539
HBPP_12015009_07400.C	66	10.000	21.200	0.538
HBPP_12015009_07400.C	66	10.000	21.200	0.547
HBPP_14005010_04470.C	86	12.400	27.120	0.887
HBPP_14005010_04470.C	85	12.600	27.080	0.880
HBPP_14005010_04470.C	86	12.400	27.120	0.882
HBPP_14005010_04470.C	85	12.400	26.920	0.887
HBPP_14005010_04470.C	86	12.400	27.120	0.887
HBPP_14005010_04470.C	86	12.600	27.280	0.886
HBPP_14005010_04470.C	85	12.200	26.760	0.886
HBPP_14005010_04470.C	85	12.000	26.600	0.885
HBPP_14005010_04470.C	85	12.600	27.080	0.879
HBPP_14005010_04470.C	86	12.400	27.120	0.881
HBPP_14015007_01210.C	69	8.800	20.840	0.732
HBPP_14015007_01210.C	69	8.800	20.840	0.724
HBPP_14015007_01210.C	69	8.200	20.360	0.740
HBPP_14015007_01210.C	69	8.800	20.840	0.731
HBPP_14015007_01210.C	69	8.800	20.840	0.740
HBPP_14015007_01210.C	69	8.800	20.840	0.735
HBPP_14015007_01210.C	69	8.800	20.840	0.733
HBPP_14015007_01210.C	69	8.800	20.840	0.727
HBPP_14015007_01210.C	69	8.800	20.840	0.729
HBPP_14015007_01210.C	69	8.800	20.840	0.736
HBPP_14015008_03730.C	71	8.800	21.240	0.761
HBPP_14015008_03730.C	71	8.800	21.240	0.759
HBPP_14015008_03730.C	71	8.800	21.240	0.769
HBPP_14015008_03730.C	71	8.800	21.240	0.762
HBPP_14015008_03730.C	71	8.800	21.240	0.762
HBPP_14015008_03730.C	71	8.800	21.240	0.762
HBPP_14015008_03730.C	71	8.800	21.240	0.763
HBPP_14015008_03730.C	71	8.800	21.240	0.753
HBPP_14015008_03730.C	71	8.800	21.240	0.766
HBPP_14015008_03730.C	71	8.800	21.240	0.767
HBPP_16000107_00140.C	67	15.800	26.040	1.072
HBPP_16000107_00140.C	68	16.800	27.040	1.066
HBPP_16000107_00140.C	67	15.800	26.040	1.085
HBPP_16000107_00140.C	70	16.000	26.800	1.058
HBPP_16000107_00140.C	67	15.800	26.040	1.061
HBPP_16000107_00140.C	69	16.000	26.600	1.070
HBPP_16000107_00140.C	68	16.800	27.040	1.073
HBPP_16000107_00140.C	67	15.800	26.040	1.067
HBPP_16000107_00140.C	67	15.800	26.040	1.058
HBPP_16000107_00140.C	67	15.800	26.040	1.057
HBPP_16000108_01490.C	74	14.400	26.320	1.091
HBPP_16000108_01490.C	74	14.400	26.320	1.093
HBPP_16000108_01490.C	74	14.400	26.320	1.098
HBPP_16000108_01490.C	74	14.400	26.320	1.105
HBPP_16000108_01490.C	74	14.400	26.320	1.106
HBPP_16000108_01490.C	74	14.400	26.320	1.107
HBPP_16000108_01490.C	74	14.400	26.320	1.105
HBPP_16000108_01490.C	74	14.400	26.320	1.094
HBPP_16000108_01490.C	74	14.400	26.320	1.108
HBPP_16000108_01490.C	74	14.400	26.320	1.118
HBPP_16000110_02790.C	91	18.200	32.760	1.217
HBPP_16000110_02790.C	91	18.200	32.760	1.221
HBPP_16000110_02790.C	91	18.200	32.760	1.216
HBPP_16000110_02790.C	91	18.200	32.760	1.231
HBPP_16000110_02790.C	90	17.200	31.760	1.224
HBPP_16000110_02790.C	90	17.400	31.920	1.223
HBPP_16000110_02790.C	90	18.200	32.560	1.201
HBPP_16000110_02790.C	90	17.200	31.760	1.221
HBPP_16000110_02790.C	91	18.200	32.760	1.242
HBPP_16000110_02790.C	91	18.200	32.760	1.219
HBPP_16005009_00010.C	85	16.200	29.960	1.111
HBPP_16005009_00010.C	85	16.200	29.960	1.112
HBPP_16005009_00010.C	85	16.000	29.800	1.110
HBPP_16005009_00010.C	84	15.200	28.960	1.110
HBPP_16005009_00010.C	85	16.200	29.960	1.110
HBPP_16005009_00010.C	86	15.600	29.680	1.106
HBPP_16005009_00010.C	85	16.000	29.800	1.109
HBPP_16005009_00010.C	85	16.200	29.960	1.110
HBPP_16005009_00010.C	84	16.200	29.760	1.117
HBPP_16005009_00010.C	85	16.000	29.800	1.117
HBPP_16005009_01610.C	87	13.800	28.440	1.132
HBPP_16005009_01610.C	87	13.800	28.440	1.144
HBPP_16005009_01610.C	87	13.800	28.440	1.138
HBPP_16005009_01610.C	87	13.800	28.440	1.143
HBPP_16005009_01610.C	87	13.800	28.440	1.157
HBPP_16005009_01610.C	87	13.800	28.440	1.146
HBPP_16005009_01610.C	87	13.800	28.440	1.150
HBPP_16005009_01610.C	87	13.800	28.440	1.146
HBPP_16005009_01610.C	87	13.800	28.440	1.162
HBPP_16005009_01610.C	87	13.800	28.440	1.145
HBPP_16015007_02060.C	81	12.400	26.120	1.095
HBPP_16015007_02060.C	81	12.400	26.120	1.103
HBPP_16015007_02060.C	80	11.400	25.120	1.076
HBPP_16015007_02060.C	81	12.400	26.120	1.075
HBPP_16015007_02060.C	81	12.400	26.120	1.098
HBPP_16015007_02060.C	81	12.400	26.120	1.106
HBPP_16015007_02060.C	81	12.400	26.120	1.072
HBPP_16015007_02060.C	81	12.400	26.120	1.094
HBPP_16015007_02060.C	81	12.400	26.120	1.111
HBPP_16015007_02060.C	81	12.400	26.120	1.102
HBPP_16015009_09810.C	92	15.400	30.720	1.218
HBPP_16015009_09810.C	92	15.400	30.720	1.197
HBPP_16015009_09810.C	92	15.400	30.720	1.168
HBPP_16015009_09810.C	92	14.200	29.760	1.195
HBPP_16015009_09810.C	92	15.400	30.720	1.184
HBPP_16015009_09810.C	92	15.400	30.720	1.209
HBPP_16015009_09810.C	92	15.400	30.720	1.180
HBPP_16015009_09810.C	92	15.400	30.720	1.153
HBPP_16015009_09810.C	92	14.200	29.760	1.168
HBPP_16015009_09810.C	92	15.400	30.720	1.161
HBPP_18000108_03590.C	86	11.200	26.160	1.436
HBPP_18000108_03590.C	85	10.800	25.640	1.443
HBPP_18000108_03590.C	86	11.200	26.160	1.445
HBPP_18000108_03590.C	85	11.400	26.120	1.465
HBPP_18000108_03590.C	85	10.600	25.480	1.425
HBPP_18000108_03590.C	86	11.200	26.160	1.444
HBPP_18000108_03590.C	85	10.600	25.480	1.490
HBPP_18000108_03590.C	85	11.200	25.960	1.447
HBPP_18000108_03590.C	86	11.200	26.160	1.472
HBPP_18000108_03590.C	86	11.200	26.160	1.463
HBPP_18000108_07160.C	84	11.800	26.240	1.471
HBPP_18000108_07160.C	84	11.800	26.240	1.465
HBPP_18000108_07160.C	83	10.800	25.240	1.461
HBPP_18000108_07160.C	84	11.800	26.240	1.471
HBPP_18000108_07160.C	83	10.800	25.240	1.437
HBPP_18000108_07160.C	83	10.800	25.240	1.452
HBPP_18000108_07160.C	83	10.800	25.240	1.464
HBPP_18000108_07160.C	84	11.800	26.240	1.463
HBPP_18000108_07160.C	84	11.800	26.240	1.472
HBPP_18000108_07160.C	83	10.800	25.240	1.433
HBPP_18000110_04390.C	94	9.800	26.640	1.568
HBPP_18000110_04390.C	94	9.800	26.640	1.606
HBPP_18000110_04390.C	94	9.800	26.640	1.592
HBPP_18000110_04390.C	94	9.800	26.640	1.578
HBPP_18000110_04390.C	94	9.800	26.640	1.574
HBPP_18000110_04390.C	94	9.800	26.640	1.568
HBPP_18000110_04390.C	94	9.800	26.640	1.545
HBPP_18000110_04390.C	94	9.800	26.640	1.560
HBPP_18000110_04390.C	94	9.800	26.640	1.574
HBPP_18000110_04390.C	94	9.800	26.640	1.549
HBPP_18015008_08210.C	99	17.000	33.400	1.539
HBPP_18015008_08210.C	98	17.200	33.360	1.548
HBPP_18015008_08210.C	96	18.200	33.760	1.546
HBPP_18015008_08210.C	99	17.800	34.040	1.553
HBPP_18015008_08210.C	99	17.800	34.040	1.534
HBPP_18015008_08210.C	98	17.800	33.840	1.535
HBPP_18015008_08210.C	99	17.400	33.720	1.581
HBPP_18015008_08210.C	97	17.800	33.640	1.569
HBPP_18015008_08210.C	98	18.000	34.000	1.546
HBPP_18015008_08210.C	97	16.400	32.520	1.587
HBPP_18015010_06050.C	113	13.000	33.000	1.782
HBPP_18015010_06050.C	114	13.000	33.200	1.797
HBPP_18015010_06050.C	114	13.000	33.200	1.836
HBPP_18015010_06050.C	114	13.400	33.520	1.816
HBPP_18015010_06050.C	114	13.000	33.200	1.795
HBPP_18015010_06050.C	114	13.000	33.200	1.795
HBPP_18015010_06050.C	113	13.000	33.000	1.784
HBPP_18015010_06050.C	114	13.400	33.520	1.773
HBPP_18015010_06050.C	113	13.000	33.000	1.755
HBPP_18015010_06050.C	114	13.000	33.200	1.758
HBPP_20000107_01190.C	84	8.000	23.200	1.718
HBPP_20000107_01190.C	84	8.000	23.200	1.816
HBPP_20000107_01190.C	83	7.600	22.680	1.758
HBPP_20000107_01190.C	84	8.000	23.200	1.732
HBPP_20000107_01190.C	84	8.000	23.200	1.740
HBPP_20000107_01190.C	83	8.200	23.160	1.747
HBPP_20000107_01190.C	84	8.000	23.200	1.713
HBPP_20000107_01190.C	84	8.000	23.200	1.767
HBPP_20000107_01190.C	84	8.000	23.200	1.768
HBPP_20000107_01190.C	84	8.000	23.200	1.717
HBPP_20000108_00250.C	85	15.800	29.640	1.842
HBPP_20000108_00250.C	85	15.800	29.640	1.814
HBPP_20000108_00250.C	86	14.600	28.880	1.847
HBPP_20000108_00250.C	86	15.400	29.520	1.851
HBPP_20000108_00250.C	85	15.800	29.640	1.822
HBPP_20000108_00250.C	85	15.800	29.640	1.821
HBPP_20000108_00250.C	85	14.800	28.840	1.834
HBPP_20000108_00250.C	85	15.800	29.640	1.843
HBPP_20000108_00250.C	85	15.800	29.640	1.809
HBPP_20000108_00250.C	85	15.400	29.320	1.807
HBPP_20000108_01750.C	96	17.000	32.800	1.987
HBPP_20000108_01750.C	96	17.000	32.800	1.983
HBPP_20000108_01750.C	95	17.000	32.600	2.020
HBPP_20000108_01750.C	96	17.000	32.800	1.991
HBPP_20000108_01750.C	96	17.000	32.800	1.980
HBPP_20000108_01750.C	96	17.000	32.800	1.996
HBPP_20000108_01750.C	96	17.000	32.800	1.970
HBPP_20000108_01750.C	95	17.200	32.760	1.997
HBPP_20000108_01750.C	95	17.000	32.600	1.982
HBPP_20000108_01750.C	95	17.200	32.760	2.011
HBPP_20005008_01240.C	94	13.600	29.680	1.919
HBPP_20005008_01240.C	94	13.600	29.680	1.916
HBPP_20005008_01240.C	94	13.600	29.680	1.904
HBPP_20005008_01240.C	94	13.600	29.680	1.927
HBPP_20005008_01240.C	94	13.600	29.680	1.913
HBPP_20005008_01240.C	94	13.600	29.680	1.927
HBPP_20005008_01240.C	94	13.600	29.680	1.906
HBPP_20005008_01240.C	95	13.200	29.560	1.927
HBPP_20005008_01240.C	93	12.600	28.680	1.887
HBPP_20005008_01240.C	94	13.600	29.680	1.892
HBPP_20005009_02000.C	104	14.200	32.160	2.005
HBPP_20005009_02000.C	104	15.400	33.120	2.029
HBPP_20005009_02000.C	105	15.200	33.160	1.980
HBPP_20005009_02000.C	105	15.000	33.000	1.988
HBPP_20005009_02000.C	104	14.400	32.320	1.986
HBPP_20005009_02000.C	104	14.200	32.160	2.038
HBPP_20005009_02000.C	103	14.600	32.280	1.967
HBPP_20005009_02000.C	104	14.400	32.320	1.966
HBPP_20005009_02000.C	104	14.400	32.320	1.979
HBPP_20005009_02000.C	105	15.200	33.160	2.025
HBPP_20005010_09530.C	111	11.200	31.160	2.177
HBPP_20005010_09530.C	112	12.200	32.160	2.136
HBPP_20005010_09530.C	111	11.200	31.160	2.169
HBPP_20005010_09530.C	111	11.200	31.160	2.146
HBPP_20005010_09530.C	111	11.200	31.160	2.144
HBPP_20005010_09530.C	111	11.200	31.160	2.103
HBPP_20005010_09530.C	111	11.200	31.160	2.149
HBPP_20005010_09530.C	111	12.400	32.120	2.167
HBPP_20005010_09530.C	112	12.200	32.160	2.130
HBPP_20005010_09530.C	112	12.200	32.160	2.133
HBPP_20015007_06370.C	91	11.400	27.320	1.741
HBPP_20015007_06370.C	91	11.400	27.320	1.711
HBPP_20015007_06370.C	91	11.400	27.320	1.705
HBPP_20015007_06370.C	91	11.400	27.320	1.711
HBPP_20015007_06370.C	91	11.400	27.320	1.730
HBPP_20015007_06370.C	91	11.400	27.320	1.723
HBPP_20015007_06370.C	91	11.400	27.320	1.699
HBPP_20015007_06370.C	91	11.400	27.320	1.710
HBPP_20015007_06370.C	91	11.400	27.320	1.699
HBPP_20015007_06370.C	91	11.400	27.320	1.717
HBPP_20015009_02720.C	121	20.600	40.680	2.286
HBPP_20015009_02720.C	121	20.600	40.680	2.312
HBPP_20015009_02720.C	121	20.600	40.680	2.276
HBPP_20015009_02720.C	121	20.600	40.680	2.268
HBPP_20015009_02720.C	121	20.600	40.680	2.281
HBPP_20015009_02720.C	121	20.600	40.680	2.261
HBPP_20015009_02720.C	121	20.600	40.680	2.277
HBPP_20015009_02720.C	121	20.600	40.680	2.291
HBPP_20015009_02720.C	121	20.600	40.680	2.280
HBPP_20015009_02720.C	121	20.600	40.680	2.278
BPP_100_1000_0.1_0.8_0.C	50	0.400	10.320	0.331
BPP_100_1000_0.1_0.8_0.C	51	0.400	10.520	0.324
BPP_100_1000_0.1_0.8_0.C	51	0.200	10.360	0.325
BPP_100_1000_0.1_0.8_0.C	49	0.600	10.280	0.345
BPP_100_1000_0.1_0.8_0.C	50	0.400	10.320	0.337
BPP_100_1000_0.1_0.8_0.C	50	0.200	10.160	0.326
BPP_100_1000_0.1_0.8_0.C	50	0.400	10.320	0.323
BPP_100_1000_0.1_0.8_0.C	50	0.400	10.320	0.327
BPP_100_1000_0.1_0.8_0.C	50	0.400	10.320	0.327
BPP_100_1000_0.1_0.8_0.C	50	0.600	10.480	0.326
BPP_100_1000_0.1_0.8_1.C	50	1.800	11.440	0.324
BPP_100_1000_0.1_0.8_1.C	50	1.400	11.120	0.328
BPP_100_1000_0.1_0.8_1.C	50	1.800	11.440	0.317
BPP_100_1000_0.1_0.8_1.C	50	1.800	11.440	0.328
BPP_100_1000_0.1_0.8_1.C	50	1.400	11.120	0.326
BPP_100_1000_0.1_0.8_1.C	48	1.800	11.040	0.325
BPP_100_1000_0.1_0.8_1.C	49	1.600	11.080	0.335
BPP_100_1000_0.1_0.8_1.C	50	1.800	11.440	0.331
BPP_100_1000_0.1_0.8_1.C	50	1.800	11.440	0.328
BPP_100_1000_0.1_0.8_1.C	50	1.800	11.440	0.323
BPP_100_1000_0.1_0.8_2.C	48	3.200	12.160	0.325
BPP_100_1000_0.1_0.8_2.C	48	3.200	12.160	0.322
BPP_100_1000_0.1_0.8_2.C	48	3.200	12.160	0.328
BPP_100_1000_0.1_0.8_2.C	48	3.200	12.160	0.328
BPP_100_1000_0.1_0.8_2.C	48	3.200	12.160	0.325
BPP_100_1000_0.1_0.8_2.C	48	3.200	12.160	0.332
BPP_100_1000_0.1_0.8_2.C	48	3.200	12.160	0.326
BPP_100_1000_0.1_0.8_2.C	48	3.200	12.160	0.323
BPP_100_1000_0.1_0.8_2.C	48	3.200	12.160	0.322
BPP_100_1000_0.1_0.8_2.C	48	3.200	12.160	0.328
BPP_100_1000_0.1_0.8_3.C	48	1.600	10.880	0.321
BPP_100_1000_0.1_0.8_3.C	47	1.200	10.360	0.323
BPP_100_1000_0.1_0.8_3.C	48	1.600	10.880	0.320
BPP_100_1000_0.1_0.8_3.C	48	1.600	10.880	0.324
BPP_100_1000_0.1_0.8_3.C	48	1.600	10.880	0.320
BPP_100_1000_0.1_0.8_3.C	48	1.400	10.720	0.324
BPP_100_1000_0.1_0.8_3.C	48	1.200	10.560	0.319
BPP_100_1000_0.1_0.8_3.C	48	1.400	10.720	0.317
BPP_100_1000_0.1_0.8_3.C	48	1.600	10.880	0.317
BPP_100_1000_0.1_0.8_3.C	49	1.200	10.760	0.323
BPP_100_1000_0.1_0.8_4.C	49	1.200	10.760	0.335
BPP_100_1000_0.1_0.8_4.C	49	1.200	10.760	0.329
BPP_100_1000_0.1_0.8_4.C	48	1.400	10.720	0.323
BPP_100_1000_0.1_0.8_4.C	49	1.200	10.760	0.334
BPP_100_1000_0.1_0.8_4.C	49	1.200	10.760	0.327
BPP_100_1000_0.1_0.8_4.C	47	1.400	10.520	0.335
BPP_100_1000_0.1_0.8_4.C	49	1.200	10.760	0.338
BPP_100_1000_0.1_0.8_4.C	49	1.200	10.760	0.329
BPP_100_1000_0.1_0.8_4.C	49	1.200	10.760	0.340
BPP_100_1000_0.1_0.8_4.C	49	1.200	10.760	0.337
BPP_100_1000_0.1_0.8_5.C	50	5.800	14.640	0.324
BPP_100_1000_0.1_0.8_5.C	51	5.200	14.360	0.324
BPP_100_1000_0.1_0.8_5.C	50	5.600	14.480	0.318
BPP_100_1000_0.1_0.8_5.C	50	5.000	14.000	0.325
BPP_100_1000_0.1_0.8_5.C	51	4.800	14.040	0.323
BPP_100_1000_0.1_0.8_5.C	50	5.800	14.640	0.327
BPP_100_1000_0.1_0.8_5.C	50	5.400	14.320	0.330
BPP_100_1000_0.1_0.8_5.C	50	5.600	14.480	0.327
BPP_100_1000_0.1_0.8_5.C	49	5.800	14.440	0.321
BPP_100_1000_0.1_0.8_5.C	51	5.400	14.520	0.330
BPP_100_1000_0.1_0.8_6.C	48	3.400	12.320	0.313
BPP_100_1000_0.1_0.8_6.C	49	3.200	12.360	0.315
BPP_100_1000_0.1_0.8_6.C	49	3.200	12.360	0.315
BPP_100_1000_0.1_0.8_6.C	49	3.000	12.200	0.310
BPP_100_1000_0.1_0.8_6.C	48	3.400	12.320	0.316
BPP_100_1000_0.1_0.8_6.C	49	3.200	12.360	0.313
BPP_100_1000_0.1_0.8_6.C	49	3.200	12.360	0.313
BPP_100_1000_0.1_0.8_6.C	49	3.200	12.360	0.313
BPP_100_1000_0.1_0.8_6.C	49	3.200	12.360	0.321
BPP_100_1000_0.1_0.8_6.C	49	3.200	12.360	0.310
BPP_100_1000_0.1_0.8_7.C	49	2.600	11.880	0.335
BPP_100_1000_0.1_0.8_7.C	50	2.200	11.760	0.342
BPP_100_1000_0.1_0.8_7.C	50	2.400	11.920	0.341
BPP_100_1000_0.1_0.8_7.C	50	2.200	11.760	0.335
BPP_100_1000_0.1_0.8_7.C	49	2.200	11.560	0.335
BPP_100_1000_0.1_0.8_7.C	49	2.600	11.880	0.338
BPP_100_1000_0.1_0.8_7.C	49	2.400	11.720	0.334
BPP_100_1000_0.1_0.8_7.C	49	2.400	11.720	0.330
BPP_100_1000_0.1_0.8_7.C	48	2.600	11.680	0.337
BPP_100_1000_0.1_0.8_7.C	50	2.000	11.600	0.336
BPP_100_1000_0.1_0.8_8.C	54	1.400	11.920	0.352
BPP_100_1000_0.1_0.8_8.C	56	1.800	12.640	0.359
BPP_100_1000_0.1_0.8_8.C	55	1.600	12.280	0.355
BPP_100_1000_0.1_0.8_8.C	55	2.000	12.600	0.348
BPP_100_1000_0.1_0.8_8.C	55	1.800	12.440	0.355
BPP_100_1000_0.1_0.8_8.C	55	2.200	12.760	0.355
BPP_100_1000_0.1_0.8_8.C	56	2.000	12.800	0.356
BPP_100_1000_0.1_0.8_8.C	55	2.400	12.920	0.354
BPP_100_1000_0.1_0.8_8.C	54	2.200	12.560	0.361
BPP_100_1000_0.1_0.8_8.C	54	1.600	12.080	0.356
BPP_100_1000_0.1_0.8_9.C	47	2.600	11.480	0.316
BPP_100_1000_0.1_0.8_9.C	47	2.600	11.480	0.316
BPP_100_1000_0.1_0.8_9.C	47	2.600	11.480	0.328
BPP_100_1000_0.1_0.8_9.C	47	2.600	11.480	0.320
BPP_100_1000_0.1_0.8_9.C	47	2.600	11.480	0.316
BPP_100_1000_0.1_0.8_9.C	47	2.600	11.480	0.322
BPP_100_1000_0.1_0.8_9.C	47	2.600	11.480	0.321
BPP_100_1000_0.1_0.8_9.C	47	2.600	11.480	0.317
BPP_100_1000_0.1_0.8_9.C	47	2.600	11.480	0.318
BPP_100_1000_0.1_0.8_9.C	47	2.600	11.480	0.319
BPP_100_100_0.1_0.8_0.C	51	4.200	13.560	0.337
BPP_100_100_0.1_0.8_0.C	51	4.200	13.560	0.348
BPP_100_100_0.1_0.8_0.C	51	4.200	13.560	0.351
BPP_100_100_0.1_0.8_0.C	51	4.200	13.560	0.352
BPP_100_100_0.1_0.8_0.C	51	4.200	13.560	0.348
BPP_100_100_0.1_0.8_0.C	51	4.200	13.560	0.350
BPP_100_100_0.1_0.8_0.C	51	4.200	13.560	0.348
BPP_100_100_0.1_0.8_0.C	51	4.200	13.560	0.347
BPP_100_100_0.1_0.8_0.C	51	4.200	13.560	0.353
BPP_100_100_0.1_0.8_0.C	51	4.000	13.400	0.347
BPP_100_100_0.1_0.8_1.C	51	2.800	12.440	0.344
BPP_100_100_0.1_0.8_1.C	51	2.800	12.440	0.354
BPP_100_100_0.1_0.8_1.C	51	2.800	12.440	0.339
BPP_100_100_0.1_0.8_1.C	52	2.000	12.000	0.354
BPP_100_100_0.1_0.8_1.C	53	2.000	12.200	0.350
BPP_100_100_0.1_0.8_1.C	51	2.800	12.440	0.351
BPP_100_100_0.1_0.8_1.C	51	1.600	11.480	0.353
BPP_100_100_0.1_0.8_1.C	51	2.400	12.120	0.356
BPP_100_100_0.1_0.8_1.C	51	2.600	12.280	0.351
BPP_100_100_0.1_0.8_1.C	50	2.800	12.240	0.352
BPP_100_100_0.1_0.8_2.C	45	2.600	11.080	0.318
BPP_100_100_0.1_0.8_2.C	45	2.600	11.080	0.315
BPP_100_100_0.1_0.8_2.C	45	2.600	11.080	0.320
BPP_100_100_0.1_0.8_2.C	45	2.600	11.080	0.322
BPP_100_100_0.1_0.8_2.C	45	2.600	11.080	0.313
BPP_100_100_0.1_0.8_2.C	45	2.600	11.080	0.319
BPP_100_100_0.1_0.8_2.C	45	2.600	11.080	0.313
BPP_100_100_0.1_0.8_2.C	45	2.600	11.080	0.318
BPP_100_100_0.1_0.8_2.C	45	2.600	11.080	0.315
BPP_100_100_0.1_0.8_2.C	45	2.600	11.080	0.319
BPP_100_100_0.1_0.8_3.C	54	3.600	13.680	0.359
BPP_100_100_0.1_0.8_3.C	53	3.600	13.480	0.358
BPP_100_100_0.1_0.8_3.C	53	4.600	14.280	0.355
BPP_100_100_0.1_0.8_3.C	52	4.600	14.080	0.352
BPP_100_100_0.1_0.8_3.C	52	4.000	13.600	0.351
BPP_100_100_0.1_0.8_3.C	53	4.600	14.280	0.359
BPP_100_100_0.1_0.8_3.C	52	4.800	14.240	0.350
BPP_100_100_0.1_0.8_3.C	52	4.600	14.080	0.349
BPP_100_100_0.1_0.8_3.C	53	4.600	14.280	0.354
BPP_100_100_0.1_0.8_3.C	52	3.800	13.440	0.353
BPP_100_100_0.1_0.8_4.C	59	0.600	12.280	0.388
BPP_100_100_0.1_0.8_4.C	59	0.600	12.280	0.397
BPP_100_100_0.1_0.8_4.C	59	0.800	12.440	0.393
BPP_100_100_0.1_0.8_4.C	59	0.600	12.280	0.408
BPP_100_100_0.1_0.8_4.C	59	0.800	12.440	0.393
BPP_100_100_0.1_0.8_4.C	59	0.600	12.280	0.391
BPP_100_100_0.1_0.8_4.C	59	0.800	12.440	0.395
BPP_100_100_0.1_0.8_4.C	59	0.800	12.440	0.396
BPP_100_100_0.1_0.8_4.C	59	0.800	12.440	0.392
BPP_100_100_0.1_0.8_4.C	59	0.800	12.440	0.400
BPP_100_100_0.1_0.8_5.C	54	1.800	12.240	0.364
BPP_100_100_0.1_0.8_5.C	54	1.800	12.240	0.364
BPP_100_100_0.1_0.8_5.C	54	1.800	12.240	0.350
BPP_100_100_0.1_0.8_5.C	54	1.600	12.080	0.364
BPP_100_100_0.1_0.8_5.C	53	2.000	12.200	0.364
BPP_100_100_0.1_0.8_5.C	54	1.800	12.240	0.366
BPP_100_100_0.1_0.8_5.C	54	1.800	12.240	0.362
BPP_100_100_0.1_0.8_5.C	54	1.800	12.240	0.364
BPP_100_100_0.1_0.8_5.C	54	1.800	12.240	0.362
BPP_100_100_0.1_0.8_5.C	54	1.600	12.080	0.369
BPP_100_100_0.1_0.8_6.C	49	1.200	10.760	0.341
BPP_100_100_0.1_0.8_6.C	49	1.200	10.760	0.339
BPP_100_100_0.1_0.8_6.C	49	1.200	10.760	0.339
BPP_100_100_0.1_0.8_6.C	49	1.200	10.760	0.337
BPP_100_100_0.1_0.8_6.C	49	1.200	10.760	0.336
BPP_100_100_0.1_0.8_6.C	49	1.200	10.760	0.338
BPP_100_100_0.1_0.8_6.C	49	1.200	10.760	0.337
BPP_100_100_0.1_0.8_6.C	49	1.200	10.760	0.351
BPP_100_100_0.1_0.8_6.C	49	1.200	10.760	0.343
BPP_100_100_0.1_0.8_6.C	49	1.200	10.760	0.335
BPP_100_100_0.1_0.8_7.C	52	1.000	11.200	0.332
BPP_100_100_0.1_0.8_7.C	52	0.200	10.560	0.327
BPP_100_100_0.1_0.8_7.C	52	0.800	11.040	0.325
BPP_100_100_0.1_0.8_7.C	53	0.400	10.920	0.326
BPP_100_100_0.1_0.8_7.C	52	0.800	11.040	0.336
BPP_100_100_0.1_0.8_7.C	52	0.800	11.040	0.324
BPP_100_100_0.1_0.8_7.C	52	0.800	11.040	0.331
BPP_100_100_0.1_0.8_7.C	52	0.800	11.040	0.326
BPP_100_100_0.1_0.8_7.C	52	0.800	11.040	0.329
BPP_100_100_0.1_0.8_7.C	51	1.000	11.000	0.331
BPP_100_100_0.1_0.8_8.C	48	0.800	10.240	0.331
BPP_100_100_0.1_0.8_8.C	48	0.800	10.240	0.327
BPP_100_100_0.1_0.8_8.C	48	0.800	10.240	0.332
BPP_100_100_0.1_0.8_8.C	48	0.800	10.240	0.335
BPP_100_100_0.1_0.8_8.C	48	0.800	10.240	0.335
BPP_100_100_0.1_0.8_8.C	48	0.800	10.240	0.330
BPP_100_100_0.1_0.8_8.C	48	0.800	10.240	0.329
BPP_100_100_0.1_0.8_8.C	48	0.800	10.240	0.336
BPP_100_100_0.1_0.8_8.C	48	0.800	10.240	0.324
BPP_100_100_0.1_0.8_8.C	48	0.800	10.240	0.334
BPP_100_100_0.1_0.8_9.C	51	0.800	10.840	0.336
BPP_100_100_0.1_0.8_9.C	51	1.000	11.000	0.333
BPP_100_100_0.1_0.8_9.C	51	1.000	11.000	0.339
BPP_100_100_0.1_0.8_9.C	51	1.000	11.000	0.340
BPP_100_100_0.1_0.8_9.C	53	0.400	10.920	0.338
BPP_100_100_0.1_0.8_9.C	51	1.000	11.000	0.336
BPP_100_100_0.1_0.8_9.C	51	1.000	11.000	0.342
BPP_100_100_0.1_0.8_9.C	51	1.000	11.000	0.340
BPP_100_100_0.1_0.8_9.C	51	0.800	10.840	0.334
BPP_100_100_0.1_0.8_9.C	51	0.800	10.840	0.338
BPP_100_120_0.1_0.8_0.C	47	5.600	13.880	0.315
BPP_100_120_0.1_0.8_0.C	48	5.200	13.760	0.325
BPP_100_120_0.1_0.8_0.C	48	5.400	13.920	0.322
BPP_100_120_0.1_0.8_0.C	47	5.800	14.040	0.317
BPP_100_120_0.1_0.8_0.C	48	5.400	13.920	0.322
BPP_100_120_0.1_0.8_0.C	48	5.000	13.600	0.324
BPP_100_120_0.1_0.8_0.C	48	5.800	14.240	0.317
BPP_100_120_0.1_0.8_0.C	47	5.600	13.880	0.317
BPP_100_120_0.1_0.8_0.C	47	6.200	14.360	0.321
BPP_100_120_0.1_0.8_0.C	48	5.600	14.080	0.317
BPP_100_120_0.1_0.8_1.C	50	7.000	15.600	0.326
BPP_100_120_0.1_0.8_1.C	49	7.200	15.560	0.326
BPP_100_120_0.1_0.8_1.C	50	7.000	15.600	0.332
BPP_100_120_0.1_0.8_1.C	49	7.200	15.560	0.316
BPP_100_120_0.1_0.8_1.C	50	7.000	15.600	0.323
BPP_100_120_0.1_0.8_1.C	50	7.000	15.600	0.326
BPP_100_120_0.1_0.8_1.C	50	7.000	15.600	0.330
BPP_100_120_0.1_0.8_1.C	50	7.000	15.600	0.326
BPP_100_120_0.1_0.8_1.C	50	7.000	15.600	0.327
BPP_100_120_0.1_0.8_1.C	50	7.000	15.600	0.327
BPP_100_120_0.1_0.8_2.C	50	1.800	11.440	0.321
BPP_100_120_0.1_0.8_2.C	50	1.800	11.440	0.325
BPP_100_120_0.1_0.8_2.C	50	1.800	11.440	0.327
BPP_100_120_0.1_0.8_2.C	50	1.800	11.440	0.314
BPP_100_120_0.1_0.8_2.C	50	1.600	11.280	0.318
BPP_100_120_0.1_0.8_2.C	50	1.800	11.440	0.321
BPP_100_120_0.1_0.8_2.C	50	1.800	11.440	0.318
BPP_100_120_0.1_0.8_2.C	50	1.800	11.440	0.318
BPP_100_120_0.1_0.8_2.C	49	2.000	11.400	0.315
BPP_100_120_0.1_0.8_2.C	50	1.800	11.440	0.317
BPP_100_120_0.1_0.8_3.C	56	0.600	11.680	0.364
BPP_100_120_0.1_0.8_3.C	55	0.400	11.320	0.357
BPP_100_120_0.1_0.8_3.C	55	0.800	11.640	0.357
BPP_100_120_0.1_0.8_3.C	56	0.600	11.680	0.358
BPP_100_120_0.1_0.8_3.C	56	0.600	11.680	0.358
BPP_100_120_0.1_0.8_3.C	56	0.600	11.680	0.361
BPP_100_120_0.1_0.8_3.C	56	0.600	11.680	0.365
BPP_100_120_0.1_0.8_3.C	56	0.600	11.680	0.359
BPP_100_120_0.1_0.8_3.C	55	0.200	11.160	0.364
BPP_100_120_0.1_0.8_3.C	55	0.000	11.000	0.364
BPP_100_120_0.1_0.8_4.C	53	1.000	11.400	0.343
BPP_100_120_0.1_0.8_4.C	51	1.400	11.320	0.337
BPP_100_120_0.1_0.8_4.C	51	1.000	11.000	0.339
BPP_100_120_0.1_0.8_4.C	52	0.800	11.040	0.343
BPP_100_120_0.1_0.8_4.C	53	1.000	11.400	0.334
BPP_100_120_0.1_0.8_4.C	52	1.000	11.200	0.339
BPP_100_120_0.1_0.8_4.C	53	1.000	11.400	0.338
BPP_100_120_0.1_0.8_4.C	53	1.000	11.400	0.326
BPP_100_120_0.1_0.8_4.C	51	1.000	11.000	0.341
BPP_100_120_0.1_0.8_4.C	53	1.000	11.400	0.346
BPP_100_120_0.1_0.8_5.C	48	4.600	13.280	0.314
BPP_100_120_0.1_0.8_5.C	47	4.800	13.240	0.307
BPP_100_120_0.1_0.8_5.C	48	5.200	13.760	0.308
BPP_100_120_0.1_0.8_5.C	47	4.000	12.600	0.311
BPP_100_120_0.1_0.8_5.C	48	4.800	13.440	0.311
BPP_100_120_0.1_0.8_5.C	48	5.800	14.240	0.313
BPP_100_120_0.1_0.8_5.C	48	4.800	13.440	0.312
BPP_100_120_0.1_0.8_5.C	47	4.800	13.240	0.309
BPP_100_120_0.1_0.8_5.C	48	4.600	13.280	0.315
BPP_100_120_0.1_0.8_5.C	49	4.000	13.000	0.312
BPP_100_120_0.1_0.8_6.C	49	5.800	14.440	0.330
BPP_100_120_0.1_0.8_6.C	49	5.800	14.440	0.332
BPP_100_120_0.1_0.8_6.C	49	5.800	14.440	0.324
BPP_100_120_0.1_0.8_6.C	49	5.800	14.440	0.325
BPP_100_120_0.1_0.8_6.C	49	5.800	14.440	0.328
BPP_100_120_0.1_0.8_6.C	49	5.800	14.440	0.321
BPP_100_120_0.1_0.8_6.C	49	5.800	14.440	0.325
BPP_100_120_0.1_0.8_6.C	49	5.800	14.440	0.328
BPP_100_120_0.1_0.8_6.C	49	5.800	14.440	0.325
BPP_100_120_0.1_0.8_6.C	49	5.800	14.440	0.331
BPP_100_120_0.1_0.8_7.C	58	2.400	13.520	0.361
BPP_100_120_0.1_0.8_7.C	58	2.600	13.680	0.368
BPP_100_120_0.1_0.8_7.C	57	2.600	13.480	0.371
BPP_100_120_0.1_0.8_7.C	58	2.600	13.680	0.362
BPP_100_120_0.1_0.8_7.C	58	2.600	13.680	0.361
BPP_100_120_0.1_0.8_7.C	58	2.400	13.520	0.366
BPP_100_120_0.1_0.8_7.C	58	2.600	13.680	0.365
BPP_100_120_0.1_0.8_7.C	58	2.600	13.680	0.357
BPP_100_120_0.1_0.8_7.C	57	2.600	13.480	0.371
BPP_100_120_0.1_0.8_7.C	58	2.600	13.680	0.364
BPP_100_120_0.1_0.8_8.C	48	3.000	12.000	0.311
BPP_100_120_0.1_0.8_8.C	47	3.400	12.120	0.311
BPP_100_120_0.1_0.8_8.C	48	3.000	12.000	0.312
BPP_100_120_0.1_0.8_8.C	49	2.600	11.880	0.315
BPP_100_120_0.1_0.8_8.C	47	3.400	12.120	0.311
BPP_100_120_0.1_0.8_8.C	49	2.600	11.880	0.311
BPP_100_120_0.1_0.8_8.C	48	3.000	12.000	0.313
BPP_100_120_0.1_0.8_8.C	48	3.000	12.000	0.311
BPP_100_120_0.1_0.8_8.C	49	2.800	12.040	0.312
BPP_100_120_0.1_0.8_8.C	47	3.400	12.120	0.306
BPP_100_120_0.1_0.8_9.C	48	1.400	10.720	0.321
BPP_100_120_0.1_0.8_9.C	49	1.600	11.080	0.322
BPP_100_120_0.1_0.8_9.C	49	1.600	11.080	0.326
BPP_100_120_0.1_0.8_9.C	49	1.600	11.080	0.317
BPP_100_120_0.1_0.8_9.C	49	1.600	11.080	0.322
BPP_100_120_0.1_0.8_9.C	49	1.400	10.920	0.326
BPP_100_120_0.1_0.8_9.C	49	1.400	10.920	0.323
BPP_100_120_0.1_0.8_9.C	49	1.400	10.920	0.321
BPP_100_120_0.1_0.8_9.C	49	1.600	11.080	0.325
BPP_100_120_0.1_0.8_9.C	49	1.400	10.920	0.327
BPP_100_125_0.1_0.8_0.C	53	8.600	17.480	0.331
BPP_100_125_0.1_0.8_0.C	54	8.400	17.520	0.339
BPP_100_125_0.1_0.8_0.C	52	8.400	17.120	0.338
BPP_100_125_0.1_0.8_0.C	53	8.800	17.640	0.337
BPP_100_125_0.1_0.8_0.C	52	8.400	17.120	0.335
BPP_100_125_0.1_0.8_0.C	52	8.400	17.120	0.337
BPP_100_125_0.1_0.8_0.C	53	8.600	17.480	0.336
BPP_100_125_0.1_0.8_0.C	52	8.400	17.120	0.335
BPP_100_125_0.1_0.8_0.C	52	8.400	17.120	0.332
BPP_100_125_0.1_0.8_0.C	52	8.400	17.120	0.333
BPP_100_125_0.1_0.8_1.C	53	10.400	18.920	0.324
BPP_100_125_0.1_0.8_1.C	51	11.000	19.000	0.326
BPP_100_125_0.1_0.8_1.C	51	11.000	19.000	0.325
BPP_100_125_0.1_0.8_1.C	51	11.000	19.000	0.333
BPP_100_125_0.1_0.8_1.C	51	11.000	19.000	0.327
BPP_100_125_0.1_0.8_1.C	51	11.000	19.000	0.328
BPP_100_125_0.1_0.8_1.C	52	10.600	18.880	0.318
BPP_100_125_0.1_0.8_1.C	51	11.000	19.000	0.323
BPP_100_125_0.1_0.8_1.C	51	11.000	19.000	0.324
BPP_100_125_0.1_0.8_1.C	51	11.000	19.000	0.324
BPP_100_125_0.1_0.8_2.C	51	1.400	11.320	0.334
BPP_100_125_0.1_0.8_2.C	51	1.400	11.320	0.332
BPP_100_125_0.1_0.8_2.C	52	1.400	11.520	0.337
BPP_100_125_0.1_0.8_2.C	51	1.600	11.480	0.336
BPP_100_125_0.1_0.8_2.C	52	1.400	11.520	0.335
BPP_100_125_0.1_0.8_2.C	51	1.600	11.480	0.335
BPP_100_125_0.1_0.8_2.C	52	1.400	11.520	0.338
BPP_100_125_0.1_0.8_2.C	51	1.600	11.480	0.338
BPP_100_125_0.1_0.8_2.C	52	1.200	11.360	0.335
BPP_100_125_0.1_0.8_2.C	50	1.800	11.440	0.339
BPP_100_125_0.1_0.8_3.C	48	0.600	10.080	0.334
BPP_100_125_0.1_0.8_3.C	48	0.600	10.080	0.329
BPP_100_125_0.1_0.8_3.C	48	0.600	10.080	0.325
BPP_100_125_0.1_0.8_3.C	48	0.600	10.080	0.327
BPP_100_125_0.1_0.8_3.C	47	0.600	9.880	0.327
BPP_100_125_0.1_0.8_3.C	48	0.600	10.080	0.328
BPP_100_125_0.1_0.8_3.C	47	1.000	10.200	0.327
BPP_100_125_0.1_0.8_3.C	48	0.600	10.080	0.329
BPP_100_125_0.1_0.8_3.C	48	0.600	10.080	0.326
BPP_100_125_0.1_0.8_3.C	48	0.800	10.240	0.323
BPP_100_125_0.1_0.8_4.C	51	4.400	13.720	0.333
BPP_100_125_0.1_0.8_4.C	52	4.400	13.920	0.324
BPP_100_125_0.1_0.8_4.C	53	4.000	13.800	0.329
BPP_100_125_0.1_0.8_4.C	53	4.000	13.800	0.333
BPP_100_125_0.1_0.8_4.C	53	4.000	13.800	0.333
BPP_100_125_0.1_0.8_4.C	52	4.400	13.920	0.334
BPP_100_125_0.1_0.8_4.C	52	4.200	13.760	0.325
BPP_100_125_0.1_0.8_4.C	52	4.000	13.600	0.331
BPP_100_125_0.1_0.8_4.C	53	4.200	13.960	0.327
BPP_100_125_0.1_0.8_4.C	52	4.400	13.920	0.331
BPP_100_125_0.1_0.8_5.C	49	4.200	13.160	0.320
BPP_100_125_0.1_0.8_5.C	49	3.800	12.840	0.319
BPP_100_125_0.1_0.8_5.C	49	3.800	12.840	0.321
BPP_100_125_0.1_0.8_5.C	48	4.000	12.800	0.316
BPP_100_125_0.1_0.8_5.C	49	3.800	12.840	0.314
BPP_100_125_0.1_0.8_5.C	49	3.800	12.840	0.328
BPP_100_125_0.1_0.8_5.C	49	4.000	13.000	0.319
BPP_100_125_0.1_0.8_5.C	48	3.800	12.640	0.323
BPP_100_125_0.1_0.8_5.C	48	4.000	12.800	0.318
BPP_100_125_0.1_0.8_5.C	49	3.800	12.840	0.319
BPP_100_125_0.1_0.8_6.C	55	3.400	13.720	0.361
BPP_100_125_0.1_0.8_6.C	54	3.200	13.360	0.364
BPP_100_125_0.1_0.8_6.C	55	3.200	13.560	0.361
BPP_100_125_0.1_0.8_6.C	54	3.400	13.520	0.363
BPP_100_125_0.1_0.8_6.C	56	3.000	13.600	0.366
BPP_100_125_0.1_0.8_6.C	56	3.200	13.760	0.363
BPP_100_125_0.1_0.8_6.C	55	3.400	13.720	0.365
BPP_100_125_0.1_0.8_6.C	55	3.200	13.560	0.360
BPP_100_125_0.1_0.8_6.C	55	2.800	13.240	0.362
BPP_100_125_0.1_0.8_6.C	55	3.000	13.400	0.366
BPP_100_125_0.1_0.8_7.C	57	6.000	16.200	0.358
BPP_100_125_0.1_0.8_7.C	56	6.400	16.320	0.361
BPP_100_125_0.1_0.8_7.C	57	5.800	16.040	0.363
BPP_100_125_0.1_0.8_7.C	55	6.400	16.120	0.362
BPP_100_125_0.1_0.8_7.C	57	6.000	16.200	0.357
BPP_100_125_0.1_0.8_7.C	57	5.800	16.040	0.363
BPP_100_125_0.1_0.8_7.C	56	5.800	15.840	0.361
BPP_100_125_0.1_0.8_7.C	56	6.200	16.160	0.357
BPP_100_125_0.1_0.8_7.C	56	6.400	16.320	0.359
BPP_100_125_0.1_0.8_7.C	57	5.800	16.040	0.359
BPP_100_125_0.1_0.8_8.C	46	3.200	11.760	0.318
BPP_100_125_0.1_0.8_8.C	47	3.200	11.960	0.320
BPP_100_125_0.1_0.8_8.C	47	3.200	11.960	0.321
BPP_100_125_0.1_0.8_8.C	46	3.000	11.600	0.318
BPP_100_125_0.1_0.8_8.C	47	3.200	11.960	0.315
BPP_100_125_0.1_0.8_8.C	47	3.200	11.960	0.314
BPP_100_125_0.1_0.8_8.C	46	3.400	11.920	0.322
BPP_100_125_0.1_0.8_8.C	47	3.200	11.960	0.315
BPP_100_125_0.1_0.8_8.C	47	3.200	11.960	0.321
BPP_100_125_0.1_0.8_8.C	46	3.200	11.760	0.319
BPP_100_125_0.1_0.8_9.C	50	2.400	11.920	0.342
BPP_100_125_0.1_0.8_9.C	50	2.400	11.920	0.335
BPP_100_125_0.1_0.8_9.C	50	2.400	11.920	0.343
BPP_100_125_0.1_0.8_9.C	50	2.400	11.920	0.338
BPP_100_125_0.1_0.8_9.C	50	2.400	11.920	0.339
BPP_100_125_0.1_0.8_9.C	50	2.400	11.920	0.330
BPP_100_125_0.1_0.8_9.C	50	2.400	11.920	0.341
BPP_100_125_0.1_0.8_9.C	49	2.600	11.880	0.342
BPP_100_125_0.1_0.8_9.C	50	2.400	11.920	0.339
BPP_100_125_0.1_0.8_9.C	50	2.400	11.920	0.336
BPP_100_150_0.1_0.8_0.C	57	3.200	13.960	0.366
BPP_100_150_0.1_0.8_0.C	58	3.000	14.000	0.368
BPP_100_150_0.1_0.8_0.C	58	3.000	14.000	0.364
BPP_100_150_0.1_0.8_0.C	57	3.000	13.800	0.365
BPP_100_150_0.1_0.8_0.C	58	3.000	14.000	0.372
BPP_100_150_0.1_0.8_0.C	59	3.000	14.200	0.362
BPP_100_150_0.1_0.8_0.C	57	3.000	13.800	0.369
BPP_100_150_0.1_0.8_0.C	58	3.000	14.000	0.368
BPP_100_150_0.1_0.8_0.C	58	3.000	14.000	0.367
BPP_100_150_0.1_0.8_0.C	58	3.000	14.000	0.371
BPP_100_150_0.1_0.8_1.C	51	4.000	13.400	0.329
BPP_100_150_0.1_0.8_1.C	52	3.800	13.440	0.335
BPP_100_150_0.1_0.8_1.C	51	3.800	13.240	0.329
BPP_100_150_0.1_0.8_1.C	52	3.800	13.440	0.329
BPP_100_150_0.1_0.8_1.C	52	3.800	13.440	0.330
BPP_100_150_0.1_0.8_1.C	51	4.000	13.400	0.332
BPP_100_150_0.1_0.8_1.C	52	3.800	13.440	0.333
BPP_100_150_0.1_0.8_1.C	52	3.800	13.440	0.330
BPP_100_150_0.1_0.8_1.C	51	3.800	13.240	0.331
BPP_100_150_0.1_0.8_1.C	52	3.800	13.440	0.329
BPP_100_150_0.1_0.8_2.C	47	5.400	13.720	0.311
BPP_100_150_0.1_0.8_2.C	47	4.800	13.240	0.304
BPP_100_150_0.1_0.8_2.C	47	5.200	13.560	0.308
BPP_100_150_0.1_0.8_2.C	48	5.000	13.600	0.313
BPP_100_150_0.1_0.8_2.C	47	5.200	13.560	0.306
BPP_100_150_0.1_0.8_2.C	47	5.400	13.720	0.313
BPP_100_150_0.1_0.8_2.C	48	4.600	13.280	0.310
BPP_100_150_0.1_0.8_2.C	47	5.200	13.560	0.310
BPP_100_150_0.1_0.8_2.C	48	5.000	13.600	0.313
BPP_100_150_0.1_0.8_2.C	47	5.400	13.720	0.311
BPP_100_150_0.1_0.8_3.C	47	2.800	11.640	0.320
BPP_100_150_0.1_0.8_3.C	47	2.800	11.640	0.319
BPP_100_150_0.1_0.8_3.C	47	2.800	11.640	0.309
BPP_100_150_0.1_0.8_3.C	47	2.800	11.640	0.316
BPP_100_150_0.1_0.8_3.C	47	2.800	11.640	0.314
BPP_100_150_0.1_0.8_3.C	47	2.800	11.640	0.312
BPP_100_150_0.1_0.8_3.C	47	2.800	11.640	0.313
BPP_100_150_0.1_0.8_3.C	47	2.800	11.640	0.316
BPP_100_150_0.1_0.8_3.C	47	2.800	11.640	0.314
BPP_100_150_0.1_0.8_3.C	47	2.800	11.640	0.309
BPP_100_150_0.1_0.8_4.C	54	2.400	12.720	0.358
BPP_100_150_0.1_0.8_4.C	53	2.400	12.520	0.360
BPP_100_150_0.1_0.8_4.C	55	2.400	12.920	0.366
BPP_100_150_0.1_0.8_4.C	55	2.400	12.920	0.358
BPP_100_150_0.1_0.8_4.C	55	2.400	12.920	0.363
BPP_100_150_0.1_0.8_4.C	54	2.200	12.560	0.358
BPP_100_150_0.1_0.8_4.C	54	2.600	12.880	0.360
BPP_100_150_0.1_0.8_4.C	55	2.400	12.920	0.367
BPP_100_150_0.1_0.8_4.C	55	2.400	12.920	0.363
BPP_100_150_0.1_0.8_4.C	55	2.400	12.920	0.368
BPP_100_150_0.1_0.8_5.C	51	3.200	12.760	0.338
BPP_100_150_0.1_0.8_5.C	52	2.600	12.480	0.338
BPP_100_150_0.1_0.8_5.C	52	2.200	12.160	0.341
BPP_100_150_0.1_0.8_5.C	51	3.200	12.760	0.341
BPP_100_150_0.1_0.8_5.C	54	2.200	12.560	0.343
BPP_100_150_0.1_0.8_5.C	51	3.200	12.760	0.340
BPP_100_150_0.1_0.8_5.C	51	3.200	12.760	0.337
BPP_100_150_0.1_0.8_5.C	52	2.800	12.640	0.335
BPP_100_150_0.1_0.8_5.C	51	3.200	12.760	0.334
BPP_100_150_0.1_0.8_5.C	54	2.000	12.400	0.337
BPP_100_150_0.1_0.8_6.C	50	1.400	11.120	0.315
BPP_100_150_0.1_0.8_6.C	50	1.400	11.120	0.318
BPP_100_150_0.1_0.8_6.C	50	1.400	11.120	0.324
BPP_100_150_0.1_0.8_6.C	50	1.400	11.120	0.316
BPP_100_150_0.1_0.8_6.C	50	1.400	11.120	0.320
BPP_100_150_0.1_0.8_6.C	50	1.400	11.120	0.316
BPP_100_150_0.1_0.8_6.C	50	1.400	11.120	0.319
BPP_100_150_0.1_0.8_6.C	49	1.600	11.080	0.319
BPP_100_150_0.1_0.8_6.C	50	1.400	11.120	0.322
BPP_100_150_0.1_0.8_6.C	50	1.400	11.120	0.315
BPP_100_150_0.1_0.8_7.C	51	1.200	11.160	0.336
BPP_100_150_0.1_0.8_7.C	51	1.200	11.160	0.337
BPP_100_150_0.1_0.8_7.C	51	1.200	11.160	0.334
BPP_100_150_0.1_0.8_7.C	50	1.200	10.960	0.336
BPP_100_150_0.1_0.8_7.C	51	1.200	11.160	0.347
BPP_100_150_0.1_0.8_7.C	51	1.200	11.160	0.338
BPP_100_150_0.1_0.8_7.C	50	1.400	11.120	0.332
BPP_100_150_0.1_0.8_7.C	51	1.200	11.160	0.335
BPP_100_150_0.1_0.8_7.C	51	1.200	11.160	0.334
BPP_100_150_0.1_0.8_7.C	51	1.200	11.160	0.332
BPP_100_150_0.1_0.8_8.C	51	1.600	11.480	0.336
BPP_100_150_0.1_0.8_8.C	52	1.400	11.520	0.341
BPP_100_150_0.1_0.8_8.C	52	1.400	11.520	0.336
BPP_100_150_0.1_0.8_8.C	51	1.800	11.640	0.343
BPP_100_150_0.1_0.8_8.C	52	2.000	12.000	0.335
BPP_100_150_0.1_0.8_8.C	51	1.800	11.640	0.342
BPP_100_150_0.1_0.8_8.C	51	1.400	11.320	0.343
BPP_100_150_0.1_0.8_8.C	51	1.800	11.640	0.335
BPP_100_150_0.1_0.8_8.C	51	1.600	11.480	0.337
BPP_100_150_0.1_0.8_8.C	51	1.600	11.480	0.342
BPP_100_150_0.1_0.8_9.C	49	2.400	11.720	0.321
BPP_100_150_0.1_0.8_9.C	49	2.600	11.880	0.330
BPP_100_150_0.1_0.8_9.C	50	2.400	11.920	0.322
BPP_100_150_0.1_0.8_9.C	50	2.400	11.920	0.325
BPP_100_150_0.1_0.8_9.C	50	2.000	11.600	0.326
BPP_100_150_0.1_0.8_9.C	49	1.800	11.240	0.329
BPP_100_150_0.1_0.8_9.C	51	1.800	11.640	0.322
BPP_100_150_0.1_0.8_9.C	49	2.200	11.560	0.326
BPP_100_150_0.1_0.8_9.C	50	2.200	11.760	0.323
BPP_100_150_0.1_0.8_9.C	49	2.200	11.560	0.321
BPP_100_200_0.1_0.8_0.C	50	4.800	13.840	0.328
BPP_100_200_0.1_0.8_0.C	51	4.800	14.040	0.330
BPP_100_200_0.1_0.8_0.C	50	4.000	13.200	0.328
BPP_100_200_0.1_0.8_0.C	51	4.800	14.040	0.324
BPP_100_200_0.1_0.8_0.C	51	4.600	13.880	0.324
BPP_100_200_0.1_0.8_0.C	51	4.800	14.040	0.325
BPP_100_200_0.1_0.8_0.C	51	4.800	14.040	0.326
BPP_100_200_0.1_0.8_0.C	51	4.800	14.040	0.324
BPP_100_200_0.1_0.8_0.C	51	4.800	14.040	0.326
BPP_100_200_0.1_0.8_0.C	51	4.600	13.880	0.325
BPP_100_200_0.1_0.8_1.C	53	5.400	14.920	0.348
BPP_100_200_0.1_0.8_1.C	54	5.600	15.280	0.352
BPP_100_200_0.1_0.8_1.C	54	5.000	14.800	0.346
BPP_100_200_0.1_0.8_1.C	55	6.200	15.960	0.342
BPP_100_200_0.1_0.8_1.C	54	5.200	14.960	0.346
BPP_100_200_0.1_0.8_1.C	54	6.000	15.600	0.350
BPP_100_200_0.1_0.8_1.C	55	5.200	15.160	0.352
BPP_100_200_0.1_0.8_1.C	54	5.600	15.280	0.352
BPP_100_200_0.1_0.8_1.C	54	5.400	15.120	0.356
BPP_100_200_0.1_0.8_1.C	54	5.000	14.800	0.352
BPP_100_200_0.1_0.8_2.C	50	2.200	11.760	0.330
BPP_100_200_0.1_0.8_2.C	50	2.600	12.080	0.331
BPP_100_200_0.1_0.8_2.C	51	2.200	11.960	0.333
BPP_100_200_0.1_0.8_2.C	50	2.400	11.920	0.344
BPP_100_200_0.1_0.8_2.C	51	2.400	12.120	0.334
BPP_100_200_0.1_0.8_2.C	50	2.400	11.920	0.329
BPP_100_200_0.1_0.8_2.C	50	2.200	11.760	0.330
BPP_100_200_0.1_0.8_2.C	52	2.400	12.320	0.332
BPP_100_200_0.1_0.8_2.C	50	2.200	11.760	0.323
BPP_100_200_0.1_0.8_2.C	50	2.200	11.760	0.324
BPP_100_200_0.1_0.8_3.C	48	3.200	12.160	0.317
BPP_100_200_0.1_0.8_3.C	49	3.000	12.200	0.323
BPP_100_200_0.1_0.8_3.C	50	2.800	12.240	0.328
BPP_100_200_0.1_0.8_3.C	49	3.000	12.200	0.319
BPP_100_200_0.1_0.8_3.C	49	2.800	12.040	0.321
BPP_100_200_0.1_0.8_3.C	49	3.000	12.200	0.333
BPP_100_200_0.1_0.8_3.C	50	2.800	12.240	0.321
BPP_100_200_0.1_0.8_3.C	49	3.200	12.360	0.315
BPP_100_200_0.1_0.8_3.C	49	3.000	12.200	0.323
BPP_100_200_0.1_0.8_3.C	49	2.800	12.040	0.326
BPP_100_200_0.1_0.8_4.C	51	2.200	11.960	0.342
BPP_100_200_0.1_0.8_4.C	51	2.200	11.960	0.340
BPP_100_200_0.1_0.8_4.C	51	2.200	11.960	0.335
BPP_100_200_0.1_0.8_4.C	52	2.000	12.000	0.347
BPP_100_200_0.1_0.8_4.C	52	2.000	12.000	0.346
BPP_100_200_0.1_0.8_4.C	52	1.800	11.840	0.336
BPP_100_200_0.1_0.8_4.C	52	2.000	12.000	0.338
BPP_100_200_0.1_0.8_4.C	52	2.000	12.000	0.336
BPP_100_200_0.1_0.8_4.C	52	2.000	12.000	0.342
BPP_100_200_0.1_0.8_4.C	51	2.200	11.960	0.343
BPP_100_200_0.1_0.8_5.C	56	6.000	16.000	0.371
BPP_100_200_0.1_0.8_5.C	56	6.000	16.000	0.372
BPP_100_200_0.1_0.8_5.C	56	6.000	16.000	0.369
BPP_100_200_0.1_0.8_5.C	56	6.000	16.000	0.370
BPP_100_200_0.1_0.8_5.C	56	6.000	16.000	0.369
BPP_100_200_0.1_0.8_5.C	57	5.600	15.880	0.370
BPP_100_200_0.1_0.8_5.C	56	6.000	16.000	0.370
BPP_100_200_0.1_0.8_5.C	56	6.000	16.000	0.368
BPP_100_200_0.1_0.8_5.C	56	6.000	16.000	0.367
BPP_100_200_0.1_0.8_5.C	56	6.000	16.000	0.369
BPP_100_200_0.1_0.8_6.C	55	4.600	14.680	0.369
BPP_100_200_0.1_0.8_6.C	56	4.600	14.880	0.367
BPP_100_200_0.1_0.8_6.C	56	4.600	14.880	0.364
BPP_100_200_0.1_0.8_6.C	55	4.600	14.680	0.363
BPP_100_200_0.1_0.8_6.C	56	4.600	14.880	0.358
BPP_100_200_0.1_0.8_6.C	56	4.600	14.880	0.366
BPP_100_200_0.1_0.8_6.C	56	4.600	14.880	0.360
BPP_100_200_0.1_0.8_6.C	55	3.600	13.880	0.365
BPP_100_200_0.1_0.8_6.C	55	4.600	14.680	0.362
BPP_100_200_0.1_0.8_6.C	56	3.600	14.080	0.356
BPP_100_200_0.1_0.8_7.C	49	5.000	13.800	0.325
BPP_100_200_0.1_0.8_7.C	50	5.000	14.000	0.326
BPP_100_200_0.1_0.8_7.C	50	5.000	14.000	0.318
BPP_100_200_0.1_0.8_7.C	50	5.000	14.000	0.324
BPP_100_200_0.1_0.8_7.C	50	5.000	14.000	0.325
BPP_100_200_0.1_0.8_7.C	50	5.000	14.000	0.318
BPP_100_200_0.1_0.8_7.C	50	5.000	14.000	0.317
BPP_100_200_0.1_0.8_7.C	50	5.000	14.000	0.322
BPP_100_200_0.1_0.8_7.C	50	5.000	14.000	0.319
BPP_100_200_0.1_0.8_7.C	50	5.000	14.000	0.320
BPP_100_200_0.1_0.8_8.C	56	2.800	13.440	0.383
BPP_100_200_0.1_0.8_8.C	56	2.800	13.440	0.380
BPP_100_200_0.1_0.8_8.C	56	2.800	13.440	0.385
BPP_100_200_0.1_0.8_8.C	56	2.800	13.440	0.378
BPP_100_200_0.1_0.8_8.C	56	2.800	13.440	0.381
BPP_100_200_0.1_0.8_8.C	56	2.800	13.440	0.380
BPP_100_200_0.1_0.8_8.C	56	2.800	13.440	0.380
BPP_100_200_0.1_0.8_8.C	56	2.800	13.440	0.381
BPP_100_200_0.1_0.8_8.C	56	2.800	13.440	0.380
BPP_100_200_0.1_0.8_8.C	56	2.800	13.440	0.382
BPP_100_200_0.1_0.8_9.C	63	3.600	15.480	0.377
BPP_100_200_0.1_0.8_9.C	61	3.400	14.920	0.380
BPP_100_200_0.1_0.8_9.C	62	3.200	14.960	0.376
BPP_100_200_0.1_0.8_9.C	61	3.600	15.080	0.376
BPP_100_200_0.1_0.8_9.C	62	3.400	15.120	0.368
BPP_100_200_0.1_0.8_9.C	61	3.600	15.080	0.371
BPP_100_200_0.1_0.8_9.C	62	3.600	15.280	0.377
BPP_100_200_0.1_0.8_9.C	61	3.600	15.080	0.375
BPP_100_200_0.1_0.8_9.C	61	3.800	15.240	0.374
BPP_100_200_0.1_0.8_9.C	62	3.800	15.440	0.377
BPP_100_300_0.1_0.8_0.C	49	2.800	12.040	0.331
BPP_100_300_0.1_0.8_0.C	50	3.000	12.400	0.333
BPP_100_300_0.1_0.8_0.C	50	2.600	12.080	0.332
BPP_100_300_0.1_0.8_0.C	50	3.000	12.400	0.336
BPP_100_300_0.1_0.8_0.C	50	2.600	12.080	0.334
BPP_100_300_0.1_0.8_0.C	50	2.400	11.920	0.331
BPP_100_300_0.1_0.8_0.C	51	2.400	12.120	0.339
BPP_100_300_0.1_0.8_0.C	50	2.800	12.240	0.330
BPP_100_300_0.1_0.8_0.C	49	2.400	11.720	0.332
BPP_100_300_0.1_0.8_0.C	48	3.400	12.320	0.337
BPP_100_300_0.1_0.8_1.C	47	4.400	12.920	0.299
BPP_100_300_0.1_0.8_1.C	48	3.600	12.480	0.304
BPP_100_300_0.1_0.8_1.C	48	4.200	12.960	0.301
BPP_100_300_0.1_0.8_1.C	47	3.800	12.440	0.310
BPP_100_300_0.1_0.8_1.C	46	3.600	12.080	0.303
BPP_100_300_0.1_0.8_1.C	48	3.600	12.480	0.299
BPP_100_300_0.1_0.8_1.C	48	3.600	12.480	0.302
BPP_100_300_0.1_0.8_1.C	47	4.600	13.080	0.301
BPP_100_300_0.1_0.8_1.C	48	3.600	12.480	0.300
BPP_100_300_0.1_0.8_1.C	47	4.200	12.760	0.309
BPP_100_300_0.1_0.8_2.C	52	7.200	16.160	0.322
BPP_100_300_0.1_0.8_2.C	53	6.400	15.720	0.319
BPP_100_300_0.1_0.8_2.C	50	6.800	15.440	0.318
BPP_100_300_0.1_0.8_2.C	51	6.800	15.640	0.316
BPP_100_300_0.1_0.8_2.C	54	6.200	15.760	0.319
BPP_100_300_0.1_0.8_2.C	51	6.600	15.480	0.313
BPP_100_300_0.1_0.8_2.C	51	6.400	15.320	0.316
BPP_100_300_0.1_0.8_2.C	51	6.800	15.640	0.317
BPP_100_300_0.1_0.8_2.C	50	7.000	15.600	0.318
BPP_100_300_0.1_0.8_2.C	50	7.200	15.760	0.314
BPP_100_300_0.1_0.8_3.C	52	7.600	16.480	0.355
BPP_100_300_0.1_0.8_3.C	52	8.000	16.800	0.351
BPP_100_300_0.1_0.8_3.C	52	8.000	16.800	0.352
BPP_100_300_0.1_0.8_3.C	53	7.400	16.520	0.359
BPP_100_300_0.1_0.8_3.C	52	8.000	16.800	0.356
BPP_100_300_0.1_0.8_3.C	53	7.600	16.680	0.354
BPP_100_300_0.1_0.8_3.C	54	7.400	16.720	0.362
BPP_100_300_0.1_0.8_3.C	53	7.600	16.680	0.351
BPP_100_300_0.1_0.8_3.C	54	7.400	16.720	0.356
BPP_100_300_0.1_0.8_3.C	53	7.600	16.680	0.355
BPP_100_300_0.1_0.8_4.C	48	4.000	12.800	0.313
BPP_100_300_0.1_0.8_4.C	49	3.600	12.680	0.311
BPP_100_300_0.1_0.8_4.C	48	4.000	12.800	0.314
BPP_100_300_0.1_0.8_4.C	48	4.200	12.960	0.307
BPP_100_300_0.1_0.8_4.C	48	3.800	12.640	0.311
BPP_100_300_0.1_0.8_4.C	49	3.800	12.840	0.307
BPP_100_300_0.1_0.8_4.C	49	3.800	12.840	0.307
BPP_100_300_0.1_0.8_4.C	48	4.000	12.800	0.315
BPP_100_300_0.1_0.8_4.C	48	4.000	12.800	0.311
BPP_100_300_0.1_0.8_4.C	48	4.000	12.800	0.310
BPP_100_300_0.1_0.8_5.C	56	3.000	13.600	0.358
BPP_100_300_0.1_0.8_5.C	56	3.000	13.600	0.363
BPP_100_300_0.1_0.8_5.C	56	3.000	13.600	0.353
BPP_100_300_0.1_0.8_5.C	56	3.000	13.600	0.357
BPP_100_300_0.1_0.8_5.C	55	3.200	13.560	0.357
BPP_100_300_0.1_0.8_5.C	56	3.000	13.600	0.354
BPP_100_300_0.1_0.8_5.C	56	3.000	13.600	0.356
BPP_100_300_0.1_0.8_5.C	55	3.200	13.560	0.352
BPP_100_300_0.1_0.8_5.C	56	3.000	13.600	0.362
BPP_100_300_0.1_0.8_5.C	56	3.000	13.600	0.355
BPP_100_300_0.1_0.8_6.C	47	1.600	10.680	0.327
BPP_100_300_0.1_0.8_6.C	47	1.600	10.680	0.329
BPP_100_300_0.1_0.8_6.C	47	1.600	10.680	0.326
BPP_100_300_0.1_0.8_6.C	47	1.600	10.680	0.327
BPP_100_300_0.1_0.8_6.C	47	1.600	10.680	0.330
BPP_100_300_0.1_0.8_6.C	47	1.600	10.680	0.332
BPP_100_300_0.1_0.8_6.C	47	1.600	10.680	0.328
BPP_100_300_0.1_0.8_6.C	47	1.600	10.680	0.336
BPP_100_300_0.1_0.8_6.C	47	1.600	10.680	0.326
BPP_100_300_0.1_0.8_6.C	47	1.600	10.680	0.327
BPP_100_300_0.1_0.8_7.C	55	4.200	14.360	0.354
BPP_100_300_0.1_0.8_7.C	56	3.400	13.920	0.352
BPP_100_300_0.1_0.8_7.C	55	3.800	14.040	0.358
BPP_100_300_0.1_0.8_7.C	56	3.600	14.080	0.350
BPP_100_300_0.1_0.8_7.C	56	3.800	14.240	0.360
BPP_100_300_0.1_0.8_7.C	55	4.000	14.200	0.356
BPP_100_300_0.1_0.8_7.C	54	4.000	14.000	0.353
BPP_100_300_0.1_0.8_7.C	55	4.000	14.200	0.351
BPP_100_300_0.1_0.8_7.C	56	3.600	14.080	0.348
BPP_100_300_0.1_0.8_7.C	53	4.400	14.120	0.351
BPP_100_300_0.1_0.8_8.C	52	0.800	11.040	0.329
BPP_100_300_0.1_0.8_8.C	51	1.600	11.480	0.320
BPP_100_300_0.1_0.8_8.C	51	1.600	11.480	0.327
BPP_100_300_0.1_0.8_8.C	51	1.600	11.480	0.337
BPP_100_300_0.1_0.8_8.C	51	1.600	11.480	0.331
BPP_100_300_0.1_0.8_8.C	51	1.600	11.480	0.329
BPP_100_300_0.1_0.8_8.C	50	1.400	11.120	0.340
BPP_100_300_0.1_0.8_8.C	51	1.600	11.480	0.328
BPP_100_300_0.1_0.8_8.C	51	1.600	11.480	0.332
BPP_100_300_0.1_0.8_8.C	51	1.600	11.480	0.327
BPP_100_300_0.1_0.8_9.C	52	0.600	10.880	0.339
BPP_100_300_0.1_0.8_9.C	50	0.600	10.480	0.342
BPP_100_300_0.1_0.8_9.C	49	0.800	10.440	0.334
BPP_100_300_0.1_0.8_9.C	50	0.800	10.640	0.339
BPP_100_300_0.1_0.8_9.C	51	0.600	10.680	0.343
BPP_100_300_0.1_0.8_9.C	50	0.600	10.480	0.338
BPP_100_300_0.1_0.8_9.C	50	1.000	10.800	0.340
BPP_100_300_0.1_0.8_9.C	51	0.600	10.680	0.340
BPP_100_300_0.1_0.8_9.C	50	0.600	10.480	0.337
BPP_100_300_0.1_0.8_9.C	51	0.600	10.680	0.344
BPP_100_400_0.1_0.8_0.C	49	2.800	12.040	0.318
BPP_100_400_0.1_0.8_0.C	49	3.000	12.200	0.323
BPP_100_400_0.1_0.8_0.C	50	2.800	12.240	0.328
BPP_100_400_0.1_0.8_0.C	49	3.200	12.360	0.321
BPP_100_400_0.1_0.8_0.C	49	3.000	12.200	0.323
BPP_100_400_0.1_0.8_0.C	50	2.800	12.240	0.320
BPP_100_400_0.1_0.8_0.C	49	3.000	12.200	0.317
BPP_100_400_0.1_0.8_0.C	50	2.800	12.240	0.328
BPP_100_400_0.1_0.8_0.C	48	3.000	12.000	0.319
BPP_100_400_0.1_0.8_0.C	50	2.800	12.240	0.321
BPP_100_400_0.1_0.8_1.C	49	3.200	12.360	0.311
BPP_100_400_0.1_0.8_1.C	49	3.200	12.360	0.319
BPP_100_400_0.1_0.8_1.C	49	3.000	12.200	0.315
BPP_100_400_0.1_0.8_1.C	49	3.200	12.360	0.315
BPP_100_400_0.1_0.8_1.C	48	3.200	12.160	0.323
BPP_100_400_0.1_0.8_1.C	49	3.000	12.200	0.313
BPP_100_400_0.1_0.8_1.C	49	3.200	12.360	0.314
BPP_100_400_0.1_0.8_1.C	48	3.200	12.160	0.321
BPP_100_400_0.1_0.8_1.C	48	3.400	12.320	0.315
BPP_100_400_0.1_0.8_1.C	49	3.200	12.360	0.319
BPP_100_400_0.1_0.8_2.C	51	2.800	12.440	0.332
BPP_100_400_0.1_0.8_2.C	51	2.800	12.440	0.326
BPP_100_400_0.1_0.8_2.C	51	2.600	12.280	0.325
BPP_100_400_0.1_0.8_2.C	51	2.800	12.440	0.332
BPP_100_400_0.1_0.8_2.C	51	3.000	12.600	0.340
BPP_100_400_0.1_0.8_2.C	51	2.800	12.440	0.325
BPP_100_400_0.1_0.8_2.C	51	3.000	12.600	0.322
BPP_100_400_0.1_0.8_2.C	50	3.200	12.560	0.322
BPP_100_400_0.1_0.8_2.C	52	2.600	12.480	0.324
BPP_100_400_0.1_0.8_2.C	51	2.800	12.440	0.324
BPP_100_400_0.1_0.8_3.C	52	2.600	12.480	0.336
BPP_100_400_0.1_0.8_3.C	52	2.600	12.480	0.343
BPP_100_400_0.1_0.8_3.C	52	2.600	12.480	0.346
BPP_100_400_0.1_0.8_3.C	51	2.800	12.440	0.335
BPP_100_400_0.1_0.8_3.C	52	2.600	12.480	0.338
BPP_100_400_0.1_0.8_3.C	52	2.600	12.480	0.336
BPP_100_400_0.1_0.8_3.C	51	2.600	12.280	0.336
BPP_100_400_0.1_0.8_3.C	52	2.600	12.480	0.337
BPP_100_400_0.1_0.8_3.C	52	2.600	12.480	0.340
BPP_100_400_0.1_0.8_3.C	52	2.600	12.480	0.338
BPP_100_400_0.1_0.8_4.C	52	1.600	11.680	0.342
BPP_100_400_0.1_0.8_4.C	52	1.600	11.680	0.333
BPP_100_400_0.1_0.8_4.C	52	1.600	11.680	0.336
BPP_100_400_0.1_0.8_4.C	53	1.400	11.720	0.333
BPP_100_400_0.1_0.8_4.C	53	1.400	11.720	0.335
BPP_100_400_0.1_0.8_4.C	52	1.600	11.680	0.333
BPP_100_400_0.1_0.8_4.C	53	1.600	11.880	0.331
BPP_100_400_0.1_0.8_4.C	51	1.600	11.480	0.332
BPP_100_400_0.1_0.8_4.C	52	1.400	11.520	0.332
BPP_100_400_0.1_0.8_4.C	53	1.400	11.720	0.337
BPP_100_400_0.1_0.8_5.C	48	1.600	10.880	0.325
BPP_100_400_0.1_0.8_5.C	48	1.600	10.880	0.328
BPP_100_400_0.1_0.8_5.C	49	1.600	11.080	0.336
BPP_100_400_0.1_0.8_5.C	48	1.800	11.040	0.329
BPP_100_400_0.1_0.8_5.C	48	1.800	11.040	0.329
BPP_100_400_0.1_0.8_5.C	49	1.600	11.080	0.324
BPP_100_400_0.1_0.8_5.C	48	1.800	11.040	0.330
BPP_100_400_0.1_0.8_5.C	48	1.800	11.040	0.327
BPP_100_400_0.1_0.8_5.C	49	1.400	10.920	0.324
BPP_100_400_0.1_0.8_5.C	50	1.400	11.120	0.326
BPP_100_400_0.1_0.8_6.C	54	0.400	11.120	0.372
BPP_100_400_0.1_0.8_6.C	54	0.400	11.120	0.373
BPP_100_400_0.1_0.8_6.C	54	0.400	11.120	0.368
BPP_100_400_0.1_0.8_6.C	54	0.400	11.120	0.375
BPP_100_400_0.1_0.8_6.C	54	0.400	11.120	0.371
BPP_100_400_0.1_0.8_6.C	54	0.400	11.120	0.372
BPP_100_400_0.1_0.8_6.C	54	0.400	11.120	0.373
BPP_100_400_0.1_0.8_6.C	54	0.400	11.120	0.370
BPP_100_400_0.1_0.8_6.C	54	0.400	11.120	0.365
BPP_100_400_0.1_0.8_6.C	54	0.400	11.120	0.377
BPP_100_400_0.1_0.8_7.C	51	1.600	11.480	0.333
BPP_100_400_0.1_0.8_7.C	51	1.600	11.480	0.331
BPP_100_400_0.1_0.8_7.C	50	1.800	11.440	0.330
BPP_100_400_0.1_0.8_7.C	51	1.600	11.480	0.335
BPP_100_400_0.1_0.8_7.C	51	1.600	11.480	0.342
BPP_100_400_0.1_0.8_7.C	51	1.600	11.480	0.329
BPP_100_400_0.1_0.8_7.C	51	1.600	11.480	0.337
BPP_100_400_0.1_0.8_7.C	51	1.600	11.480	0.332
BPP_100_400_0.1_0.8_7.C	49	1.800	11.240	0.335
BPP_100_400_0.1_0.8_7.C	51	1.600	11.480	0.331
BPP_100_400_0.1_0.8_8.C	54	5.200	14.960	0.342
BPP_100_400_0.1_0.8_8.C	54	5.400	15.120	0.340
BPP_100_400_0.1_0.8_8.C	53	5.600	15.080	0.356
BPP_100_400_0.1_0.8_8.C	53	5.400	14.920	0.339
BPP_100_400_0.1_0.8_8.C	53	5.400	14.920	0.343
BPP_100_400_0.1_0.8_8.C	54	5.200	14.960	0.345
BPP_100_400_0.1_0.8_8.C	55	5.000	15.000	0.350
BPP_100_400_0.1_0.8_8.C	54	5.000	14.800	0.370
BPP_100_400_0.1_0.8_8.C	53	4.400	14.120	0.340
BPP_100_400_0.1_0.8_8.C	53	5.200	14.760	0.334
BPP_100_400_0.1_0.8_9.C	53	3.400	13.320	0.346
BPP_100_400_0.1_0.8_9.C	53	3.400	13.320	0.332
BPP_100_400_0.1_0.8_9.C	53	3.400	13.320	0.342
BPP_100_400_0.1_0.8_9.C	53	3.400	13.320	0.337
BPP_100_400_0.1_0.8_9.C	53	3.400	13.320	0.336
BPP_100_400_0.1_0.8_9.C	53	3.400	13.320	0.340
BPP_100_400_0.1_0.8_9.C	53	3.400	13.320	0.351
BPP_100_400_0.1_0.8_9.C	54	3.000	13.200	0.337
BPP_100_400_0.1_0.8_9.C	53	3.400	13.320	0.334
BPP_100_400_0.1_0.8_9.C	52	3.600	13.280	0.342
BPP_100_500_0.1_0.8_0.C	47	5.000	13.400	0.312
BPP_100_500_0.1_0.8_0.C	47	5.000	13.400	0.308
BPP_100_500_0.1_0.8_0.C	46	4.400	12.720	0.309
BPP_100_500_0.1_0.8_0.C	48	4.000	12.800	0.309
BPP_100_500_0.1_0.8_0.C	48	4.200	12.960	0.312
BPP_100_500_0.1_0.8_0.C	47	5.200	13.560	0.311
BPP_100_500_0.1_0.8_0.C	47	4.400	12.920	0.311
BPP_100_500_0.1_0.8_0.C	47	4.800	13.240	0.304
BPP_100_500_0.1_0.8_0.C	48	5.000	13.600	0.308
BPP_100_500_0.1_0.8_0.C	47	4.200	12.760	0.305
BPP_100_500_0.1_0.8_1.C	54	2.000	12.400	0.347
BPP_100_500_0.1_0.8_1.C	54	1.600	12.080	0.349
BPP_100_500_0.1_0.8_1.C	56	2.200	12.960	0.350
BPP_100_500_0.1_0.8_1.C	56	2.000	12.800	0.350
BPP_100_500_0.1_0.8_1.C	54	2.200	12.560	0.344
BPP_100_500_0.1_0.8_1.C	54	2.200	12.560	0.349
BPP_100_500_0.1_0.8_1.C	55	2.000	12.600	0.348
BPP_100_500_0.1_0.8_1.C	54	2.200	12.560	0.347
BPP_100_500_0.1_0.8_1.C	56	1.600	12.480	0.349
BPP_100_500_0.1_0.8_1.C	54	2.200	12.560	0.346
BPP_100_500_0.1_0.8_2.C	51	1.600	11.480	0.333
BPP_100_500_0.1_0.8_2.C	51	1.200	11.160	0.341
BPP_100_500_0.1_0.8_2.C	51	1.800	11.640	0.329
BPP_100_500_0.1_0.8_2.C	51	1.800	11.640	0.332
BPP_100_500_0.1_0.8_2.C	51	1.800	11.640	0.331
BPP_100_500_0.1_0.8_2.C	51	1.800	11.640	0.340
BPP_100_500_0.1_0.8_2.C	52	0.800	11.040	0.333
BPP_100_500_0.1_0.8_2.C	51	1.000	11.000	0.329
BPP_100_500_0.1_0.8_2.C	51	1.200	11.160	0.330
BPP_100_500_0.1_0.8_2.C	51	1.800	11.640	0.324
BPP_100_500_0.1_0.8_3.C	54	12.000	20.400	0.352
BPP_100_500_0.1_0.8_3.C	54	11.600	20.080	0.354
BPP_100_500_0.1_0.8_3.C	54	11.400	19.920	0.355
BPP_100_500_0.1_0.8_3.C	54	11.800	20.240	0.355
BPP_100_500_0.1_0.8_3.C	54	12.000	20.400	0.353
BPP_100_500_0.1_0.8_3.C	52	12.600	20.480	0.354
BPP_100_500_0.1_0.8_3.C	52	12.600	20.480	0.355
BPP_100_500_0.1_0.8_3.C	54	11.600	20.080	0.354
BPP_100_500_0.1_0.8_3.C	52	12.600	20.480	0.351
BPP_100_500_0.1_0.8_3.C	53	12.000	20.200	0.365
BPP_100_500_0.1_0.8_4.C	51	8.000	16.600	0.330
BPP_100_500_0.1_0.8_4.C	52	7.800	16.640	0.335
BPP_100_500_0.1_0.8_4.C	52	7.800	16.640	0.333
BPP_100_500_0.1_0.8_4.C	52	7.800	16.640	0.332
BPP_100_500_0.1_0.8_4.C	52	7.800	16.640	0.339
BPP_100_500_0.1_0.8_4.C	51	7.600	16.280	0.335
BPP_100_500_0.1_0.8_4.C	52	7.800	16.640	0.333
BPP_100_500_0.1_0.8_4.C	52	7.800	16.640	0.333
BPP_100_500_0.1_0.8_4.C	52	7.800	16.640	0.333
BPP_100_500_0.1_0.8_4.C	52	7.800	16.640	0.337
BPP_100_500_0.1_0.8_5.C	58	1.200	12.560	0.364
BPP_100_500_0.1_0.8_5.C	57	1.400	12.520	0.365
BPP_100_500_0.1_0.8_5.C	57	1.200	12.360	0.364
BPP_100_500_0.1_0.8_5.C	57	1.200	12.360	0.366
BPP_100_500_0.1_0.8_5.C	57	1.200	12.360	0.365
BPP_100_500_0.1_0.8_5.C	57	1.200	12.360	0.368
BPP_100_500_0.1_0.8_5.C	56	1.600	12.480	0.371
BPP_100_500_0.1_0.8_5.C	57	1.600	12.680	0.382
BPP_100_500_0.1_0.8_5.C	56	1.200	12.160	0.370
BPP_100_500_0.1_0.8_5.C	56	1.600	12.480	0.395
BPP_100_500_0.1_0.8_6.C	55	2.200	12.760	0.342
BPP_100_500_0.1_0.8_6.C	54	3.200	13.360	0.337
BPP_100_500_0.1_0.8_6.C	53	2.600	12.680	0.343
BPP_100_500_0.1_0.8_6.C	53	2.600	12.680	0.344
BPP_100_500_0.1_0.8_6.C	52	3.600	13.280	0.338
BPP_100_500_0.1_0.8_6.C	52	3.600	13.280	0.346
BPP_100_500_0.1_0.8_6.C	54	3.400	13.520	0.337
BPP_100_500_0.1_0.8_6.C	53	3.400	13.320	0.334
BPP_100_500_0.1_0.8_6.C	54	2.400	12.720	0.339
BPP_100_500_0.1_0.8_6.C	52	2.400	12.320	0.334
BPP_100_500_0.1_0.8_7.C	53	3.400	13.320	0.354
BPP_100_500_0.1_0.8_7.C	53	3.400	13.320	0.354
BPP_100_500_0.1_0.8_7.C	53	3.200	13.160	0.356
BPP_100_500_0.1_0.8_7.C	53	3.400	13.320	0.352
BPP_100_500_0.1_0.8_7.C	54	3.200	13.360	0.356
BPP_100_500_0.1_0.8_7.C	53	3.200	13.160	0.356
BPP_100_500_0.1_0.8_7.C	53	3.400	13.320	0.356
BPP_100_500_0.1_0.8_7.C	54	3.000	13.200	0.358
BPP_100_500_0.1_0.8_7.C	53	3.400	13.320	0.355
BPP_100_500_0.1_0.8_7.C	53	3.200	13.160	0.356
BPP_100_500_0.1_0.8_8.C	51	4.000	13.400	0.331
BPP_100_500_0.1_0.8_8.C	51	4.000	13.400	0.333
BPP_100_500_0.1_0.8_8.C	51	4.000	13.400	0.334
BPP_100_500_0.1_0.8_8.C	51	4.000	13.400	0.334
BPP_100_500_0.1_0.8_8.C	51	3.800	13.240	0.334
BPP_100_500_0.1_0.8_8.C	52	3.600	13.280	0.332
BPP_100_500_0.1_0.8_8.C	50	4.000	13.200	0.343
BPP_100_500_0.1_0.8_8.C	51	3.600	13.080	0.335
BPP_100_500_0.1_0.8_8.C	50	4.000	13.200	0.332
BPP_100_500_0.1_0.8_8.C	50	4.200	13.360	0.338
BPP_100_500_0.1_0.8_9.C	49	4.000	13.000	0.333
BPP_100_500_0.1_0.8_9.C	50	3.800	13.040	0.348
BPP_100_500_0.1_0.8_9.C	49	4.000	13.000	0.346
BPP_100_500_0.1_0.8_9.C	49	3.800	12.840	0.332
BPP_100_500_0.1_0.8_9.C	50	3.800	13.040	0.324
BPP_100_500_0.1_0.8_9.C	50	3.800	13.040	0.327
BPP_100_500_0.1_0.8_9.C	50	3.800	13.040	0.325
BPP_100_500_0.1_0.8_9.C	49	3.800	12.840	0.333
BPP_100_500_0.1_0.8_9.C	49	3.800	12.840	0.330
BPP_100_500_0.1_0.8_9.C	49	3.800	12.840	0.332
BPP_100_50_0.1_0.8_0.C	48	2.000	11.200	0.314
BPP_100_50_0.1_0.8_0.C	48	1.800	11.040	0.335
BPP_100_50_0.1_0.8_0.C	48	2.000	11.200	0.326
BPP_100_50_0.1_0.8_0.C	48	2.000	11.200	0.326
BPP_100_50_0.1_0.8_0.C	47	2.200	11.160	0.330
BPP_100_50_0.1_0.8_0.C	48	2.000	11.200	0.329
BPP_100_50_0.1_0.8_0.C	47	2.000	11.000	0.323
BPP_100_50_0.1_0.8_0.C	47	2.200	11.160	0.321
BPP_100_50_0.1_0.8_0.C	48	2.000	11.200	0.331
BPP_100_50_0.1_0.8_0.C	48	2.000	11.200	0.329
BPP_100_50_0.1_0.8_1.C	47	5.400	13.720	0.319
BPP_100_50_0.1_0.8_1.C	49	5.400	14.120	0.314
BPP_100_50_0.1_0.8_1.C	49	4.600	13.480	0.318
BPP_100_50_0.1_0.8_1.C	48	4.800	13.440	0.323
BPP_100_50_0.1_0.8_1.C	49	5.400	14.120	0.317
BPP_100_50_0.1_0.8_1.C	48	4.800	13.440	0.321
BPP_100_50_0.1_0.8_1.C	47	6.000	14.200	0.317
BPP_100_50_0.1_0.8_1.C	49	4.800	13.640	0.326
BPP_100_50_0.1_0.8_1.C	49	4.800	13.640	0.315
BPP_100_50_0.1_0.8_1.C	48	4.600	13.280	0.319
BPP_100_50_0.1_0.8_2.C	54	5.000	14.800	0.365
BPP_100_50_0.1_0.8_2.C	54	5.000	14.800	0.371
BPP_100_50_0.1_0.8_2.C	54	5.000	14.800	0.365
BPP_100_50_0.1_0.8_2.C	54	5.000	14.800	0.361
BPP_100_50_0.1_0.8_2.C	54	5.000	14.800	0.370
BPP_100_50_0.1_0.8_2.C	54	5.000	14.800	0.366
BPP_100_50_0.1_0.8_2.C	54	5.000	14.800	0.359
BPP_100_50_0.1_0.8_2.C	54	5.000	14.800	0.362
BPP_100_50_0.1_0.8_2.C	54	5.000	14.800	0.361
BPP_100_50_0.1_0.8_2.C	54	5.000	14.800	0.365
BPP_100_50_0.1_0.8_3.C	50	4.600	13.680	0.342
BPP_100_50_0.1_0.8_3.C	50	4.600	13.680	0.350
BPP_100_50_0.1_0.8_3.C	50	4.600	13.680	0.343
BPP_100_50_0.1_0.8_3.C	50	4.600	13.680	0.336
BPP_100_50_0.1_0.8_3.C	50	4.600	13.680	0.344
BPP_100_50_0.1_0.8_3.C	50	4.600	13.680	0.347
BPP_100_50_0.1_0.8_3.C	50	4.600	13.680	0.336
BPP_100_50_0.1_0.8_3.C	50	4.600	13.680	0.347
BPP_100_50_0.1_0.8_3.C	50	4.600	13.680	0.336
BPP_100_50_0.1_0.8_3.C	50	4.600	13.680	0.339
BPP_100_50_0.1_0.8_4.C	46	1.400	10.320	0.304
BPP_100_50_0.1_0.8_4.C	46	1.400	10.320	0.299
BPP_100_50_0.1_0.8_4.C	46	1.400	10.320	0.303
BPP_100_50_0.1_0.8_4.C	46	1.600	10.480	0.304
BPP_100_50_0.1_0.8_4.C	46	1.400	10.320	0.303
BPP_100_50_0.1_0.8_4.C	46	1.600	10.480	0.309
BPP_100_50_0.1_0.8_4.C	46	1.400	10.320	0.299
BPP_100_50_0.1_0.8_4.C	46	1.600	10.480	0.301
BPP_100_50_0.1_0.8_4.C	45	1.600	10.280	0.302
BPP_100_50_0.1_0.8_4.C	46	1.600	10.480	0.305
BPP_100_50_0.1_0.8_5.C	46	1.600	10.480	0.314
BPP_100_50_0.1_0.8_5.C	47	1.400	10.520	0.312
BPP_100_50_0.1_0.8_5.C	46	1.600	10.480	0.309
BPP_100_50_0.1_0.8_5.C	46	1.400	10.320	0.309
BPP_100_50_0.1_0.8_5.C	46	1.800	10.640	0.313
BPP_100_50_0.1_0.8_5.C	46	1.400	10.320	0.316
BPP_100_50_0.1_0.8_5.C	46	1.600	10.480	0.313
BPP_100_50_0.1_0.8_5.C	46	1.600	10.480	0.310
BPP_100_50_0.1_0.8_5.C	46	1.400	10.320	0.311
BPP_100_50_0.1_0.8_5.C	47	1.400	10.520	0.307
BPP_100_50_0.1_0.8_6.C	48	1.600	10.880	0.317
BPP_100_50_0.1_0.8_6.C	47	1.400	10.520	0.319
BPP_100_50_0.1_0.8_6.C	47	1.600	10.680	0.319
BPP_100_50_0.1_0.8_6.C	47	1.400	10.520	0.317
BPP_100_50_0.1_0.8_6.C	48	1.400	10.720	0.315
BPP_100_50_0.1_0.8_6.C	48	1.400	10.720	0.318
BPP_100_50_0.1_0.8_6.C	47	1.600	10.680	0.317
BPP_100_50_0.1_0.8_6.C	48	1.400	10.720	0.319
BPP_100_50_0.1_0.8_6.C	48	1.400	10.720	0.320
BPP_100_50_0.1_0.8_6.C	48	1.400	10.720	0.319
BPP_100_50_0.1_0.8_7.C	50	1.400	11.120	0.346
BPP_100_50_0.1_0.8_7.C	49	1.600	11.080	0.345
BPP_100_50_0.1_0.8_7.C	50	1.400	11.120	0.351
BPP_100_50_0.1_0.8_7.C	50	1.400	11.120	0.341
BPP_100_50_0.1_0.8_7.C	50	1.400	11.120	0.347
BPP_100_50_0.1_0.8_7.C	50	1.400	11.120	0.340
BPP_100_50_0.1_0.8_7.C	50	1.400	11.120	0.342
BPP_100_50_0.1_0.8_7.C	50	1.400	11.120	0.344
BPP_100_50_0.1_0.8_7.C	50	1.400	11.120	0.344
BPP_100_50_0.1_0.8_7.C	50	1.400	11.120	0.344
BPP_100_50_0.1_0.8_8.C	51	4.400	13.720	0.356
BPP_100_50_0.1_0.8_8.C	51	4.400	13.720	0.356
BPP_100_50_0.1_0.8_8.C	51	4.400	13.720	0.357
BPP_100_50_0.1_0.8_8.C	51	4.400	13.720	0.355
BPP_100_50_0.1_0.8_8.C	51	4.400	13.720	0.353
BPP_100_50_0.1_0.8_8.C	51	4.400	13.720	0.359
BPP_100_50_0.1_0.8_8.C	51	4.400	13.720	0.356
BPP_100_50_0.1_0.8_8.C	51	4.400	13.720	0.354
BPP_100_50_0.1_0.8_8.C	51	4.400	13.720	0.353
BPP_100_50_0.1_0.8_8.C	51	4.400	13.720	0.353
BPP_100_50_0.1_0.8_9.C	50	4.600	13.680	0.343
BPP_100_50_0.1_0.8_9.C	51	4.200	13.560	0.344
BPP_100_50_0.1_0.8_9.C	50	4.600	13.680	0.347
BPP_100_50_0.1_0.8_9.C	51	4.200	13.560	0.343
BPP_100_50_0.1_0.8_9.C	50	4.600	13.680	0.341
BPP_100_50_0.1_0.8_9.C	50	4.600	13.680	0.341
BPP_100_50_0.1_0.8_9.C	50	4.600	13.680	0.351
BPP_100_50_0.1_0.8_9.C	50	4.600	13.680	0.344
BPP_100_50_0.1_0.8_9.C	50	4.600	13.680	0.347
BPP_100_50_0.1_0.8_9.C	52	4.000	13.600	0.342
BPP_100_750_0.1_0.8_0.C	50	2.000	11.600	0.326
BPP_100_750_0.1_0.8_0.C	50	2.000	11.600	0.329
BPP_100_750_0.1_0.8_0.C	50	2.000	11.600	0.327
BPP_100_750_0.1_0.8_0.C	50	2.000	11.600	0.332
BPP_100_750_0.1_0.8_0.C	50	2.000	11.600	0.328
BPP_100_750_0.1_0.8_0.C	50	2.000	11.600	0.329
BPP_100_750_0.1_0.8_0.C	50	2.000	11.600	0.328
BPP_100_750_0.1_0.8_0.C	50	2.000	11.600	0.323
BPP_100_750_0.1_0.8_0.C	50	2.000	11.600	0.326
BPP_100_750_0.1_0.8_0.C	50	2.000	11.600	0.329
BPP_100_750_0.1_0.8_1.C	49	2.000	11.400	0.324
BPP_100_750_0.1_0.8_1.C	49	2.000	11.400	0.324
BPP_100_750_0.1_0.8_1.C	48	2.000	11.200	0.320
BPP_100_750_0.1_0.8_1.C	48	2.200	11.360	0.331
BPP_100_750_0.1_0.8_1.C	49	2.000	11.400	0.323
BPP_100_750_0.1_0.8_1.C	49	2.000	11.400	0.321
BPP_100_750_0.1_0.8_1.C	49	2.000	11.400	0.322
BPP_100_750_0.1_0.8_1.C	49	2.000	11.400	0.320
BPP_100_750_0.1_0.8_1.C	49	2.000	11.400	0.327
BPP_100_750_0.1_0.8_1.C	49	2.000	11.400	0.325
BPP_100_750_0.1_0.8_2.C	49	2.000	11.400	0.322
BPP_100_750_0.1_0.8_2.C	49	2.000	11.400	0.320
BPP_100_750_0.1_0.8_2.C	49	2.000	11.400	0.319
BPP_100_750_0.1_0.8_2.C	49	2.000	11.400	0.330
BPP_100_750_0.1_0.8_2.C	49	2.000	11.400	0.326
BPP_100_750_0.1_0.8_2.C	49	2.000	11.400	0.326
BPP_100_750_0.1_0.8_2.C	49	2.000	11.400	0.322
BPP_100_750_0.1_0.8_2.C	49	2.000	11.400	0.320
BPP_100_750_0.1_0.8_2.C	49	2.000	11.400	0.330
BPP_100_750_0.1_0.8_2.C	49	2.000	11.400	0.326
BPP_100_750_0.1_0.8_3.C	51	3.000	12.600	0.345
BPP_100_750_0.1_0.8_3.C	53	2.800	12.840	0.353
BPP_100_750_0.1_0.8_3.C	51	3.200	12.760	0.338
BPP_100_750_0.1_0.8_3.C	53	2.800	12.840	0.341
BPP_100_750_0.1_0.8_3.C	53	2.800	12.840	0.342
BPP_100_750_0.1_0.8_3.C	53	2.800	12.840	0.339
BPP_100_750_0.1_0.8_3.C	52	2.800	12.640	0.346
BPP_100_750_0.1_0.8_3.C	52	2.800	12.640	0.338
BPP_100_750_0.1_0.8_3.C	52	2.800	12.640	0.342
BPP_100_750_0.1_0.8_3.C	52	3.000	12.800	0.347
BPP_100_750_0.1_0.8_4.C	56	3.600	14.080	0.356
BPP_100_750_0.1_0.8_4.C	56	3.600	14.080	0.361
BPP_100_750_0.1_0.8_4.C	56	3.600	14.080	0.363
BPP_100_750_0.1_0.8_4.C	55	3.800	14.040	0.358
BPP_100_750_0.1_0.8_4.C	55	4.000	14.200	0.360
BPP_100_750_0.1_0.8_4.C	55	4.000	14.200	0.360
BPP_100_750_0.1_0.8_4.C	56	3.600	14.080	0.361
BPP_100_750_0.1_0.8_4.C	55	3.800	14.040	0.364
BPP_100_750_0.1_0.8_4.C	56	3.800	14.240	0.371
BPP_100_750_0.1_0.8_4.C	55	4.000	14.200	0.361
BPP_100_750_0.1_0.8_5.C	53	0.400	10.920	0.340
BPP_100_750_0.1_0.8_5.C	53	0.400	10.920	0.336
BPP_100_750_0.1_0.8_5.C	53	0.400	10.920	0.342
BPP_100_750_0.1_0.8_5.C	52	0.400	10.720	0.341
BPP_100_750_0.1_0.8_5.C	53	0.400	10.920	0.336
BPP_100_750_0.1_0.8_5.C	53	0.400	10.920	0.338
BPP_100_750_0.1_0.8_5.C	53	0.400	10.920	0.343
BPP_100_750_0.1_0.8_5.C	53	0.400	10.920	0.338
BPP_100_750_0.1_0.8_5.C	53	0.400	10.920	0.334
BPP_100_750_0.1_0.8_5.C	54	0.000	10.800	0.335
BPP_100_750_0.1_0.8_6.C	50	0.200	10.160	0.324
BPP_100_750_0.1_0.8_6.C	50	0.200	10.160	0.323
BPP_100_750_0.1_0.8_6.C	50	0.200	10.160	0.327
BPP_100_750_0.1_0.8_6.C	50	0.200	10.160	0.318
BPP_100_750_0.1_0.8_6.C	50	0.000	10.000	0.323
BPP_100_750_0.1_0.8_6.C	50	0.200	10.160	0.325
BPP_100_750_0.1_0.8_6.C	50	0.200	10.160	0.329
BPP_100_750_0.1_0.8_6.C	50	0.200	10.160	0.330
BPP_100_750_0.1_0.8_6.C	50	0.200	10.160	0.323
BPP_100_750_0.1_0.8_6.C	50	0.200	10.160	0.316
BPP_100_750_0.1_0.8_7.C	53	0.000	10.600	0.354
BPP_100_750_0.1_0.8_7.C	53	0.200	10.760	0.351
BPP_100_750_0.1_0.8_7.C	53	0.000	10.600	0.359
BPP_100_750_0.1_0.8_7.C	53	0.000	10.600	0.359
BPP_100_750_0.1_0.8_7.C	54	0.000	10.800	0.357
BPP_100_750_0.1_0.8_7.C	53	0.000	10.600	0.360
BPP_100_750_0.1_0.8_7.C	54	0.000	10.800	0.356
BPP_100_750_0.1_0.8_7.C	53	0.000	10.600	0.361
BPP_100_750_0.1_0.8_7.C	53	0.000	10.600	0.354
BPP_100_750_0.1_0.8_7.C	53	0.000	10.600	0.358
BPP_100_750_0.1_0.8_8.C	48	1.000	10.400	0.314
BPP_100_750_0.1_0.8_8.C	48	0.800	10.240	0.317
BPP_100_750_0.1_0.8_8.C	49	0.800	10.440	0.314
BPP_100_750_0.1_0.8_8.C	48	1.200	10.560	0.310
BPP_100_750_0.1_0.8_8.C	49	0.800	10.440	0.313
BPP_100_750_0.1_0.8_8.C	49	1.000	10.600	0.311
BPP_100_750_0.1_0.8_8.C	49	1.000	10.600	0.314
BPP_100_750_0.1_0.8_8.C	49	0.800	10.440	0.309
BPP_100_750_0.1_0.8_8.C	49	1.000	10.600	0.315
BPP_100_750_0.1_0.8_8.C	48	1.000	10.400	0.309
BPP_100_750_0.1_0.8_9.C	48	0.800	10.240	0.322
BPP_100_750_0.1_0.8_9.C	48	0.800	10.240	0.319
BPP_100_750_0.1_0.8_9.C	48	0.800	10.240	0.320
BPP_100_750_0.1_0.8_9.C	48	0.800	10.240	0.324
BPP_100_750_0.1_0.8_9.C	48	0.800	10.240	0.326
BPP_100_750_0.1_0.8_9.C	48	0.800	10.240	0.325
BPP_100_750_0.1_0.8_9.C	48	0.800	10.240	0.321
BPP_100_750_0.1_0.8_9.C	48	0.800	10.240	0.326
BPP_100_750_0.1_0.8_9.C	48	0.800	10.240	0.327
BPP_100_750_0.1_0.8_9.C	48	0.800	10.240	0.322
BPP_100_75_0.1_0.8_0.C	54	0.000	10.800	0.357
BPP_100_75_0.1_0.8_0.C	54	0.000	10.800	0.352
BPP_100_75_0.1_0.8_0.C	54	0.000	10.800	0.357
BPP_100_75_0.1_0.8_0.C	54	0.000	10.800	0.360
BPP_100_75_0.1_0.8_0.C	54	0.000	10.800	0.358
BPP_100_75_0.1_0.8_0.C	54	0.000	10.800	0.351
BPP_100_75_0.1_0.8_0.C	54	0.000	10.800	0.358
BPP_100_75_0.1_0.8_0.C	54	0.000	10.800	0.354
BPP_100_75_0.1_0.8_0.C	54	0.000	10.800	0.359
BPP_100_75_0.1_0.8_0.C	54	0.000	10.800	0.361
BPP_100_75_0.1_0.8_1.C	50	3.800	13.040	0.359
BPP_100_75_0.1_0.8_1.C	50	3.800	13.040	0.360
BPP_100_75_0.1_0.8_1.C	50	4.000	13.200	0.356
BPP_100_75_0.1_0.8_1.C	50	4.000	13.200	0.354
BPP_100_75_0.1_0.8_1.C	50	4.000	13.200	0.358
BPP_100_75_0.1_0.8_1.C	50	4.000	13.200	0.358
BPP_100_75_0.1_0.8_1.C	50	4.000	13.200	0.359
BPP_100_75_0.1_0.8_1.C	50	4.000	13.200	0.351
BPP_100_75_0.1_0.8_1.C	50	4.000	13.200	0.354
BPP_100_75_0.1_0.8_1.C	50	4.000	13.200	0.354
BPP_100_75_0.1_0.8_2.C	51	7.400	16.120	0.327
BPP_100_75_0.1_0.8_2.C	51	6.400	15.320	0.331
BPP_100_75_0.1_0.8_2.C	52	6.800	15.840	0.322
BPP_100_75_0.1_0.8_2.C	51	7.400	16.120	0.328
BPP_100_75_0.1_0.8_2.C	51	7.200	15.960	0.325
BPP_100_75_0.1_0.8_2.C	51	7.000	15.800	0.329
BPP_100_75_0.1_0.8_2.C	52	6.800	15.840	0.331
BPP_100_75_0.1_0.8_2.C	51	7.000	15.800	0.327
BPP_100_75_0.1_0.8_2.C	51	7.200	15.960	0.328
BPP_100_75_0.1_0.8_2.C	52	7.400	16.320	0.332
BPP_100_75_0.1_0.8_3.C	55	2.400	12.920	0.379
BPP_100_75_0.1_0.8_3.C	55	2.400	12.920	0.376
BPP_100_75_0.1_0.8_3.C	55	2.400	12.920	0.376
BPP_100_75_0.1_0.8_3.C	55	2.400	12.920	0.376
BPP_100_75_0.1_0.8_3.C	55	2.400	12.920	0.375
BPP_100_75_0.1_0.8_3.C	55	2.400	12.920	0.374
BPP_100_75_0.1_0.8_3.C	55	2.400	12.920	0.376
BPP_100_75_0.1_0.8_3.C	55	2.400	12.920	0.365
BPP_100_75_0.1_0.8_3.C	55	2.400	12.920	0.378
BPP_100_75_0.1_0.8_3.C	55	2.400	12.920	0.372
BPP_100_75_0.1_0.8_4.C	50	0.200	10.160	0.346
BPP_100_75_0.1_0.8_4.C	50	0.200	10.160	0.339
BPP_100_75_0.1_0.8_4.C	50	0.200	10.160	0.340
BPP_100_75_0.1_0.8_4.C	50	0.200	10.160	0.342
BPP_100_75_0.1_0.8_4.C	50	0.200	10.160	0.338
BPP_100_75_0.1_0.8_4.C	50	0.200	10.160	0.339
BPP_100_75_0.1_0.8_4.C	50	0.200	10.160	0.346
BPP_100_75_0.1_0.8_4.C	50	0.200	10.160	0.344
BPP_100_75_0.1_0.8_4.C	50	0.200	10.160	0.343
BPP_100_75_0.1_0.8_4.C	50	0.200	10.160	0.347
BPP_100_75_0.1_0.8_5.C	53	0.400	10.920	0.329
BPP_100_75_0.1_0.8_5.C	52	0.800	11.040	0.329
BPP_100_75_0.1_0.8_5.C	52	0.800	11.040	0.332
BPP_100_75_0.1_0.8_5.C	53	0.400	10.920	0.333
BPP_100_75_0.1_0.8_5.C	52	0.400	10.720	0.330
BPP_100_75_0.1_0.8_5.C	54	0.200	10.960	0.329
BPP_100_75_0.1_0.8_5.C	52	0.800	11.040	0.331
BPP_100_75_0.1_0.8_5.C	53	0.400	10.920	0.331
BPP_100_75_0.1_0.8_5.C	53	0.200	10.760	0.330
BPP_100_75_0.1_0.8_5.C	51	1.200	11.160	0.329
BPP_100_75_0.1_0.8_6.C	48	0.600	10.080	0.326
BPP_100_75_0.1_0.8_6.C	49	0.600	10.280	0.327
BPP_100_75_0.1_0.8_6.C	49	0.600	10.280	0.330
BPP_100_75_0.1_0.8_6.C	48	0.600	10.080	0.326
BPP_100_75_0.1_0.8_6.C	48	0.800	10.240	0.324
BPP_100_75_0.1_0.8_6.C	48	0.800	10.240	0.326
BPP_100_75_0.1_0.8_6.C	48	0.800	10.240	0.331
BPP_100_75_0.1_0.8_6.C	48	0.600	10.080	0.323
BPP_100_75_0.1_0.8_6.C	48	0.600	10.080	0.329
BPP_100_75_0.1_0.8_6.C	48	0.600	10.080	0.325
BPP_100_75_0.1_0.8_7.C	52	0.200	10.560	0.351
BPP_100_75_0.1_0.8_7.C	51	0.200	10.360	0.347
BPP_100_75_0.1_0.8_7.C	51	0.600	10.680	0.348
BPP_100_75_0.1_0.8_7.C	53	0.200	10.760	0.349
BPP_100_75_0.1_0.8_7.C	51	0.600	10.680	0.349
BPP_100_75_0.1_0.8_7.C	52	0.400	10.720	0.347
BPP_100_75_0.1_0.8_7.C	52	0.400	10.720	0.354
BPP_100_75_0.1_0.8_7.C	53	0.200	10.760	0.349
BPP_100_75_0.1_0.8_7.C	53	0.200	10.760	0.340
BPP_100_75_0.1_0.8_7.C	53	0.200	10.760	0.354
BPP_100_75_0.1_0.8_8.C	51	0.200	10.360	0.345
BPP_100_75_0.1_0.8_8.C	52	0.200	10.560	0.350
BPP_100_75_0.1_0.8_8.C	52	0.200	10.560	0.352
BPP_100_75_0.1_0.8_8.C	51	0.200	10.360	0.348
BPP_100_75_0.1_0.8_8.C	51	0.200	10.360	0.346
BPP_100_75_0.1_0.8_8.C	51	0.200	10.360	0.349
BPP_100_75_0.1_0.8_8.C	51	0.400	10.520	0.344
BPP_100_75_0.1_0.8_8.C	51	0.200	10.360	0.350
BPP_100_75_0.1_0.8_8.C	51	0.200	10.360	0.343
BPP_100_75_0.1_0.8_8.C	50	0.200	10.160	0.348
BPP_100_75_0.1_0.8_9.C	53	0.400	10.920	0.370
BPP_100_75_0.1_0.8_9.C	53	0.200	10.760	0.367
BPP_100_75_0.1_0.8_9.C	54	0.200	10.960	0.370
BPP_100_75_0.1_0.8_9.C	54	0.200	10.960	0.363
BPP_100_75_0.1_0.8_9.C	54	0.200	10.960	0.366
BPP_100_75_0.1_0.8_9.C	53	0.400	10.920	0.371
BPP_100_75_0.1_0.8_9.C	54	0.200	10.960	0.360
BPP_100_75_0.1_0.8_9.C	54	0.200	10.960	0.375
BPP_100_75_0.1_0.8_9.C	54	0.200	10.960	0.369
BPP_100_75_0.1_0.8_9.C	54	0.200	10.960	0.368
BPP_200_1000_0.1_0.8_0.C	105	1.600	22.280	2.008
BPP_200_1000_0.1_0.8_0.C	105	1.600	22.280	2.012
BPP_200_1000_0.1_0.8_0.C	105	1.600	22.280	2.027
BPP_200_1000_0.1_0.8_0.C	105	1.600	22.280	2.037
BPP_200_1000_0.1_0.8_0.C	103	1.200	21.560	2.023
BPP_200_1000_0.1_0.8_0.C	105	1.600	22.280	2.024
BPP_200_1000_0.1_0.8_0.C	104	1.400	21.920	2.061
BPP_200_1000_0.1_0.8_0.C	105	1.600	22.280	2.019
BPP_200_1000_0.1_0.8_0.C	105	1.600	22.280	2.009
BPP_200_1000_0.1_0.8_0.C	105	1.600	22.280	2.044
BPP_200_1000_0.1_0.8_1.C	104	2.200	22.560	2.189
BPP_200_1000_0.1_0.8_1.C	104	2.200	22.560	2.156
BPP_200_1000_0.1_0.8_1.C	104	2.200	22.560	2.182
BPP_200_1000_0.1_0.8_1.C	104	2.200	22.560	2.173
BPP_200_1000_0.1_0.8_1.C	104	2.200	22.560	2.192
BPP_200_1000_0.1_0.8_1.C	104	2.200	22.560	2.169
BPP_200_1000_0.1_0.8_1.C	104	2.200	22.560	2.198
BPP_200_1000_0.1_0.8_1.C	104	2.200	22.560	2.193
BPP_200_1000_0.1_0.8_1.C	104	2.200	22.560	2.179
BPP_200_1000_0.1_0.8_1.C	104	2.200	22.560	2.185
BPP_200_1000_0.1_0.8_2.C	106	1.200	22.160	2.051
BPP_200_1000_0.1_0.8_2.C	104	1.600	22.080	2.074
BPP_200_1000_0.1_0.8_2.C	104	1.200	21.760	2.049
BPP_200_1000_0.1_0.8_2.C	105	1.600	22.280	2.071
BPP_200_1000_0.1_0.8_2.C	106	1.200	22.160	2.093
BPP_200_1000_0.1_0.8_2.C	104	1.600	22.080	2.076
BPP_200_1000_0.1_0.8_2.C	105	1.400	22.120	2.084
BPP_200_1000_0.1_0.8_2.C	105	1.400	22.120	2.073
BPP_200_1000_0.1_0.8_2.C	105	1.600	22.280	2.061
BPP_200_1000_0.1_0.8_2.C	106	1.200	22.160	2.056
BPP_200_1000_0.1_0.8_3.C	102	4.000	23.600	2.062
BPP_200_1000_0.1_0.8_3.C	99	3.800	22.840	2.038
BPP_200_1000_0.1_0.8_3.C	99	3.800	22.840	2.027
BPP_200_1000_0.1_0.8_3.C	99	4.200	23.160	2.038
BPP_200_1000_0.1_0.8_3.C	103	3.800	23.640	2.045
BPP_200_1000_0.1_0.8_3.C	102	3.600	23.280	2.050
BPP_200_1000_0.1_0.8_3.C	99	4.000	23.000	2.059
BPP_200_1000_0.1_0.8_3.C	104	3.400	23.520	2.013
BPP_200_1000_0.1_0.8_3.C	99	3.800	22.840	2.041
BPP_200_1000_0.1_0.8_3.C	99	4.000	23.000	2.032
BPP_200_1000_0.1_0.8_4.C	102	3.800	23.440	1.948
BPP_200_1000_0.1_0.8_4.C	100	4.400	23.520	1.965
BPP_200_1000_0.1_0.8_4.C	100	4.400	23.520	1.973
BPP_200_1000_0.1_0.8_4.C	102	4.000	23.600	1.948
BPP_200_1000_0.1_0.8_4.C	100	4.400	23.520	1.923
BPP_200_1000_0.1_0.8_4.C	100	3.800	23.040	1.945
BPP_200_1000_0.1_0.8_4.C	103	3.800	23.640	1.955
BPP_200_1000_0.1_0.8_4.C	103	3.800	23.640	1.958
BPP_200_1000_0.1_0.8_4.C	100	4.200	23.360	1.953
BPP_200_1000_0.1_0.8_4.C	101	4.200	23.560	1.941
BPP_200_1000_0.1_0.8_5.C	102	0.600	20.880	1.955
BPP_200_1000_0.1_0.8_5.C	104	0.600	21.280	1.972
BPP_200_1000_0.1_0.8_5.C	105	0.200	21.160	1.955
BPP_200_1000_0.1_0.8_5.C	104	0.600	21.280	1.925
BPP_200_1000_0.1_0.8_5.C	104	0.400	21.120	1.929
BPP_200_1000_0.1_0.8_5.C	104	0.600	21.280	1.954
BPP_200_1000_0.1_0.8_5.C	104	0.400	21.120	1.956
BPP_200_1000_0.1_0.8_5.C	104	0.600	21.280	1.979
BPP_200_1000_0.1_0.8_5.C	104	0.600	21.280	1.967
BPP_200_1000_0.1_0.8_5.C	104	0.600	21.280	1.927
BPP_200_1000_0.1_0.8_6.C	98	1.000	20.400	1.976
BPP_200_1000_0.1_0.8_6.C	98	1.000	20.400	1.985
BPP_200_1000_0.1_0.8_6.C	98	1.000	20.400	1.994
BPP_200_1000_0.1_0.8_6.C	98	1.000	20.400	1.978
BPP_200_1000_0.1_0.8_6.C	98	1.000	20.400	1.984
BPP_200_1000_0.1_0.8_6.C	98	1.000	20.400	1.968
BPP_200_1000_0.1_0.8_6.C	98	1.000	20.400	1.992
BPP_200_1000_0.1_0.8_6.C	98	1.000	20.400	1.977
BPP_200_1000_0.1_0.8_6.C	98	1.000	20.400	1.951
BPP_200_1000_0.1_0.8_6.C	98	1.000	20.400	1.997
BPP_200_1000_0.1_0.8_7.C	108	0.400	21.920	2.326
BPP_200_1000_0.1_0.8_7.C	109	0.200	21.960	2.325
BPP_200_1000_0.1_0.8_7.C	109	0.200	21.960	2.367
BPP_200_1000_0.1_0.8_7.C	109	0.200	21.960	2.303
BPP_200_1000_0.1_0.8_7.C	109	0.200	21.960	2.307
BPP_200_1000_0.1_0.8_7.C	109	0.200	21.960	2.331
BPP_200_1000_0.1_0.8_7.C	108	0.400	21.920	2.328
BPP_200_1000_0.1_0.8_7.C	109	0.200	21.960	2.330
BPP_200_1000_0.1_0.8_7.C	109	0.200	21.960	2.333
BPP_200_1000_0.1_0.8_7.C	108	0.000	21.600	2.344
BPP_200_1000_0.1_0.8_8.C	101	1.000	21.000	1.943
BPP_200_1000_0.1_0.8_8.C	101	0.800	20.840	1.954
BPP_200_1000_0.1_0.8_8.C	102	0.800	21.040	1.950
BPP_200_1000_0.1_0.8_8.C	98	1.800	21.040	1.943
BPP_200_1000_0.1_0.8_8.C	100	1.000	20.800	1.959
BPP_200_1000_0.1_0.8_8.C	102	0.800	21.040	1.932
BPP_200_1000_0.1_0.8_8.C	101	1.200	21.160	1.954
BPP_200_1000_0.1_0.8_8.C	101	0.800	20.840	1.941
BPP_200_1000_0.1_0.8_8.C	98	1.400	20.720	1.943
BPP_200_1000_0.1_0.8_8.C	101	0.800	20.840	1.938
BPP_200_1000_0.1_0.8_9.C	98	1.400	20.720	1.949
BPP_200_1000_0.1_0.8_9.C	98	1.800	21.040	1.945
BPP_200_1000_0.1_0.8_9.C	98	1.800	21.040	1.935
BPP_200_1000_0.1_0.8_9.C	97	1.800	20.840	1.946
BPP_200_1000_0.1_0.8_9.C	97	2.000	21.000	1.942
BPP_200_1000_0.1_0.8_9.C	99	1.400	20.920	1.939
BPP_200_1000_0.1_0.8_9.C	98	1.800	21.040	1.955
BPP_200_1000_0.1_0.8_9.C	99	1.400	20.920	1.937
BPP_200_1000_0.1_0.8_9.C	97	2.000	21.000	1.940
BPP_200_1000_0.1_0.8_9.C	97	2.000	21.000	1.925
BPP_200_100_0.1_0.8_0.C	104	0.800	21.440	2.017
BPP_200_100_0.1_0.8_0.C	104	1.000	21.600	2.004
BPP_200_100_0.1_0.8_0.C	104	0.400	21.120	2.031
BPP_200_100_0.1_0.8_0.C	104	0.200	20.960	2.037
BPP_200_100_0.1_0.8_0.C	105	1.000	21.800	2.022
BPP_200_100_0.1_0.8_0.C	105	1.000	21.800	2.007
BPP_200_100_0.1_0.8_0.C	103	1.000	21.400	2.037
BPP_200_100_0.1_0.8_0.C	105	0.600	21.480	2.004
BPP_200_100_0.1_0.8_0.C	103	0.800	21.240	2.007
BPP_200_100_0.1_0.8_0.C	105	0.200	21.160	2.047
BPP_200_100_0.1_0.8_1.C	103	4.400	24.120	2.097
BPP_200_100_0.1_0.8_1.C	104	5.600	25.280	2.090
BPP_200_100_0.1_0.8_1.C	104	5.600	25.280	2.063
BPP_200_100_0.1_0.8_1.C	106	4.400	24.720	2.082
BPP_200_100_0.1_0.8_1.C	104	5.600	25.280	2.094
BPP_200_100_0.1_0.8_1.C	104	5.000	24.800	2.093
BPP_200_100_0.1_0.8_1.C	103	4.400	24.120	2.100
BPP_200_100_0.1_0.8_1.C	106	5.000	25.200	2.080
BPP_200_100_0.1_0.8_1.C	103	5.200	24.760	2.085
BPP_200_100_0.1_0.8_1.C	105	4.800	24.840	2.108
BPP_200_100_0.1_0.8_2.C	96	0.800	19.840	2.319
BPP_200_100_0.1_0.8_2.C	96	0.800	19.840	2.331
BPP_200_100_0.1_0.8_2.C	96	0.800	19.840	2.332
BPP_200_100_0.1_0.8_2.C	96	0.800	19.840	2.318
BPP_200_100_0.1_0.8_2.C	96	0.800	19.840	2.313
BPP_200_100_0.1_0.8_2.C	96	0.800	19.840	2.328
BPP_200_100_0.1_0.8_2.C	96	0.800	19.840	2.307
BPP_200_100_0.1_0.8_2.C	96	0.800	19.840	2.346
BPP_200_100_0.1_0.8_2.C	96	0.800	19.840	2.347
BPP_200_100_0.1_0.8_2.C	96	0.800	19.840	2.326
BPP_200_100_0.1_0.8_3.C	99	1.800	21.240	2.203
BPP_200_100_0.1_0.8_3.C	99	2.000	21.400	2.196
BPP_200_100_0.1_0.8_3.C	99	2.000	21.400	2.205
BPP_200_100_0.1_0.8_3.C	99	2.000	21.400	2.198
BPP_200_100_0.1_0.8_3.C	99	2.000	21.400	2.170
BPP_200_100_0.1_0.8_3.C	99	2.000	21.400	2.202
BPP_200_100_0.1_0.8_3.C	99	2.000	21.400	2.192
BPP_200_100_0.1_0.8_3.C	99	2.000	21.400	2.209
BPP_200_100_0.1_0.8_3.C	99	1.800	21.240	2.197
BPP_200_100_0.1_0.8_3.C	102	1.200	21.360	2.197
BPP_200_100_0.1_0.8_4.C	104	3.400	23.520	2.256
BPP_200_100_0.1_0.8_4.C	104	3.400	23.520	2.269
BPP_200_100_0.1_0.8_4.C	104	3.400	23.520	2.246
BPP_200_100_0.1_0.8_4.C	103	3.600	23.480	2.257
BPP_200_100_0.1_0.8_4.C	104	3.400	23.520	2.247
BPP_200_100_0.1_0.8_4.C	104	3.400	23.520	2.246
BPP_200_100_0.1_0.8_4.C	103	3.400	23.320	2.269
BPP_200_100_0.1_0.8_4.C	104	3.400	23.520	2.227
BPP_200_100_0.1_0.8_4.C	104	3.400	23.520	2.240
BPP_200_100_0.1_0.8_4.C	104	3.400	23.520	2.256
BPP_200_100_0.1_0.8_5.C	98	2.000	21.200	1.944
BPP_200_100_0.1_0.8_5.C	98	2.000	21.200	1.971
BPP_200_100_0.1_0.8_5.C	98	2.000	21.200	1.946
BPP_200_100_0.1_0.8_5.C	98	2.000	21.200	1.960
BPP_200_100_0.1_0.8_5.C	98	2.000	21.200	1.954
BPP_200_100_0.1_0.8_5.C	98	2.000	21.200	1.943
BPP_200_100_0.1_0.8_5.C	98	2.000	21.200	1.970
BPP_200_100_0.1_0.8_5.C	98	2.000	21.200	1.951
BPP_200_100_0.1_0.8_5.C	98	2.000	21.200	1.959
BPP_200_100_0.1_0.8_5.C	98	2.000	21.200	1.952
BPP_200_100_0.1_0.8_6.C	97	1.000	20.200	1.973
BPP_200_100_0.1_0.8_6.C	97	1.000	20.200	1.956
BPP_200_100_0.1_0.8_6.C	97	1.000	20.200	1.967
BPP_200_100_0.1_0.8_6.C	97	1.000	20.200	1.939
BPP_200_100_0.1_0.8_6.C	97	1.000	20.200	1.945
BPP_200_100_0.1_0.8_6.C	97	1.000	20.200	1.945
BPP_200_100_0.1_0.8_6.C	97	1.000	20.200	1.957
BPP_200_100_0.1_0.8_6.C	97	1.000	20.200	1.955
BPP_200_100_0.1_0.8_6.C	97	1.000	20.200	1.969
BPP_200_100_0.1_0.8_6.C	97	1.000	20.200	1.949
BPP_200_100_0.1_0.8_7.C	98	5.600	24.080	1.969
BPP_200_100_0.1_0.8_7.C	98	5.600	24.080	1.997
BPP_200_100_0.1_0.8_7.C	98	5.600	24.080	1.999
BPP_200_100_0.1_0.8_7.C	98	5.600	24.080	1.979
BPP_200_100_0.1_0.8_7.C	98	5.600	24.080	1.997
BPP_200_100_0.1_0.8_7.C	98	5.600	24.080	1.978
BPP_200_100_0.1_0.8_7.C	98	5.600	24.080	2.001
BPP_200_100_0.1_0.8_7.C	98	5.600	24.080	1.964
BPP_200_100_0.1_0.8_7.C	98	5.600	24.080	1.959
BPP_200_100_0.1_0.8_7.C	98	5.600	24.080	1.974
BPP_200_100_0.1_0.8_8.C	104	10.000	28.800	2.092
BPP_200_100_0.1_0.8_8.C	105	9.000	28.200	2.073
BPP_200_100_0.1_0.8_8.C	104	10.000	28.800	2.069
BPP_200_100_0.1_0.8_8.C	104	10.000	28.800	2.059
BPP_200_100_0.1_0.8_8.C	104	10.000	28.800	2.078
BPP_200_100_0.1_0.8_8.C	104	10.000	28.800	2.070
BPP_200_100_0.1_0.8_8.C	104	10.000	28.800	2.066
BPP_200_100_0.1_0.8_8.C	104	10.000	28.800	2.062
BPP_200_100_0.1_0.8_8.C	106	8.200	27.760	2.096
BPP_200_100_0.1_0.8_8.C	104	10.000	28.800	2.064
BPP_200_100_0.1_0.8_9.C	107	2.400	23.320	2.049
BPP_200_100_0.1_0.8_9.C	104	2.200	22.560	2.034
BPP_200_100_0.1_0.8_9.C	105	2.800	23.240	2.044
BPP_200_100_0.1_0.8_9.C	105	2.600	23.080	2.098
BPP_200_100_0.1_0.8_9.C	104	3.200	23.360	2.046
BPP_200_100_0.1_0.8_9.C	106	2.600	23.280	2.121
BPP_200_100_0.1_0.8_9.C	105	2.200	22.760	2.059
BPP_200_100_0.1_0.8_9.C	104	3.200	23.360	2.076
BPP_200_100_0.1_0.8_9.C	105	2.400	22.920	2.116
BPP_200_100_0.1_0.8_9.C	107	2.400	23.320	2.062
BPP_200_120_0.1_0.8_0.C	100	7.400	25.920	2.009
BPP_200_120_0.1_0.8_0.C	100	7.400	25.920	1.995
BPP_200_120_0.1_0.8_0.C	101	7.000	25.800	2.004
BPP_200_120_0.1_0.8_0.C	100	7.400	25.920	1.991
BPP_200_120_0.1_0.8_0.C	100	7.400	25.920	2.035
BPP_200_120_0.1_0.8_0.C	100	7.400	25.920	2.042
BPP_200_120_0.1_0.8_0.C	100	7.400	25.920	2.008
BPP_200_120_0.1_0.8_0.C	102	6.400	25.520	1.996
BPP_200_120_0.1_0.8_0.C	100	7.400	25.920	2.005
BPP_200_120_0.1_0.8_0.C	100	7.400	25.920	1.973
BPP_200_120_0.1_0.8_1.C	92	0.400	18.720	1.897
BPP_200_120_0.1_0.8_1.C	90	0.800	18.640	1.895
BPP_200_120_0.1_0.8_1.C	92	0.200	18.560	1.897
BPP_200_120_0.1_0.8_1.C	92	0.400	18.720	1.913
BPP_200_120_0.1_0.8_1.C	92	0.400	18.720	1.901
BPP_200_120_0.1_0.8_1.C	92	0.400	18.720	1.927
BPP_200_120_0.1_0.8_1.C	92	0.400	18.720	1.893
BPP_200_120_0.1_0.8_1.C	92	0.400	18.720	1.887
BPP_200_120_0.1_0.8_1.C	92	0.400	18.720	1.917
BPP_200_120_0.1_0.8_1.C	93	0.000	18.600	1.890
BPP_200_120_0.1_0.8_2.C	113	0.200	22.760	2.175
BPP_200_120_0.1_0.8_2.C	113	0.200	22.760	2.190
BPP_200_120_0.1_0.8_2.C	113	0.200	22.760	2.178
BPP_200_120_0.1_0.8_2.C	113	0.200	22.760	2.224
BPP_200_120_0.1_0.8_2.C	113	0.200	22.760	2.207
BPP_200_120_0.1_0.8_2.C	113	0.200	22.760	2.198
BPP_200_120_0.1_0.8_2.C	113	0.200	22.760	2.189
BPP_200_120_0.1_0.8_2.C	113	0.200	22.760	2.200
BPP_200_120_0.1_0.8_2.C	113	0.200	22.760	2.196
BPP_200_120_0.1_0.8_2.C	113	0.200	22.760	2.136
BPP_200_120_0.1_0.8_3.C	98	6.200	24.560	1.859
BPP_200_120_0.1_0.8_3.C	98	6.200	24.560	1.892
BPP_200_120_0.1_0.8_3.C	97	5.200	23.560	1.893
BPP_200_120_0.1_0.8_3.C	98	6.000	24.400	1.889
BPP_200_120_0.1_0.8_3.C	98	5.400	23.920	1.894
BPP_200_120_0.1_0.8_3.C	100	4.400	23.520	1.844
BPP_200_120_0.1_0.8_3.C	98	6.200	24.560	1.887
BPP_200_120_0.1_0.8_3.C	98	6.000	24.400	1.867
BPP_200_120_0.1_0.8_3.C	98	6.200	24.560	1.891
BPP_200_120_0.1_0.8_3.C	99	5.800	24.440	1.909
BPP_200_120_0.1_0.8_4.C	107	2.000	23.000	2.073
BPP_200_120_0.1_0.8_4.C	106	2.400	23.120	2.054
BPP_200_120_0.1_0.8_4.C	106	2.400	23.120	2.056
BPP_200_120_0.1_0.8_4.C	108	2.000	23.200	2.048
BPP_200_120_0.1_0.8_4.C	107	2.400	23.320	2.042
BPP_200_120_0.1_0.8_4.C	108	2.400	23.520	2.055
BPP_200_120_0.1_0.8_4.C	107	2.400	23.320	2.054
BPP_200_120_0.1_0.8_4.C	108	2.200	23.360	2.039
BPP_200_120_0.1_0.8_4.C	106	2.200	22.960	2.045
BPP_200_120_0.1_0.8_4.C	106	2.400	23.120	2.041
BPP_200_120_0.1_0.8_5.C	103	2.400	22.520	2.066
BPP_200_120_0.1_0.8_5.C	103	2.200	22.360	2.060
BPP_200_120_0.1_0.8_5.C	103	2.400	22.520	2.035
BPP_200_120_0.1_0.8_5.C	104	2.400	22.720	2.050
BPP_200_120_0.1_0.8_5.C	103	2.600	22.680	2.044
BPP_200_120_0.1_0.8_5.C	103	2.600	22.680	2.066
BPP_200_120_0.1_0.8_5.C	101	2.600	22.280	2.087
BPP_200_120_0.1_0.8_5.C	102	2.400	22.320	2.059
BPP_200_120_0.1_0.8_5.C	105	2.000	22.600	2.050
BPP_200_120_0.1_0.8_5.C	101	2.400	22.120	2.056
BPP_200_120_0.1_0.8_6.C	102	2.400	22.320	1.898
BPP_200_120_0.1_0.8_6.C	101	2.400	22.120	1.889
BPP_200_120_0.1_0.8_6.C	102	2.400	22.320	1.905
BPP_200_120_0.1_0.8_6.C	102	2.400	22.320	1.896
BPP_200_120_0.1_0.8_6.C	100	2.200	21.760	1.861
BPP_200_120_0.1_0.8_6.C	102	2.400	22.320	1.880
BPP_200_120_0.1_0.8_6.C	102	2.400	22.320	1.888
BPP_200_120_0.1_0.8_6.C	101	2.400	22.120	1.878
BPP_200_120_0.1_0.8_6.C	102	2.400	22.320	1.850
BPP_200_120_0.1_0.8_6.C	102	2.400	22.320	1.860
BPP_200_120_0.1_0.8_7.C	102	5.600	24.880	2.027
BPP_200_120_0.1_0.8_7.C	102	5.600	24.880	2.052
BPP_200_120_0.1_0.8_7.C	105	4.600	24.680	2.036
BPP_200_120_0.1_0.8_7.C	102	5.600	24.880	2.045
BPP_200_120_0.1_0.8_7.C	106	4.600	24.880	2.043
BPP_200_120_0.1_0.8_7.C	105	4.800	24.840	2.042
BPP_200_120_0.1_0.8_7.C	102	5.600	24.880	2.034
BPP_200_120_0.1_0.8_7.C	102	5.600	24.880	2.027
BPP_200_120_0.1_0.8_7.C	104	4.800	24.640	2.027
BPP_200_120_0.1_0.8_7.C	102	5.600	24.880	2.031
BPP_200_120_0.1_0.8_8.C	96	9.200	26.560	2.044
BPP_200_120_0.1_0.8_8.C	96	9.200	26.560	1.998
BPP_200_120_0.1_0.8_8.C	96	9.200	26.560	2.029
BPP_200_120_0.1_0.8_8.C	96	9.200	26.560	2.023
BPP_200_120_0.1_0.8_8.C	96	9.200	26.560	2.026
BPP_200_120_0.1_0.8_8.C	96	9.200	26.560	1.988
BPP_200_120_0.1_0.8_8.C	96	9.200	26.560	2.020
BPP_200_120_0.1_0.8_8.C	96	9.200	26.560	2.015
BPP_200_120_0.1_0.8_8.C	96	9.200	26.560	2.010
BPP_200_120_0.1_0.8_8.C	96	9.200	26.560	2.033
BPP_200_120_0.1_0.8_9.C	108	6.800	27.040	2.263
BPP_200_120_0.1_0.8_9.C	108	6.800	27.040	2.241
BPP_200_120_0.1_0.8_9.C	108	6.800	27.040	2.293
BPP_200_120_0.1_0.8_9.C	107	7.000	27.000	2.262
BPP_200_120_0.1_0.8_9.C	108	6.800	27.040	2.219
BPP_200_120_0.1_0.8_9.C	108	6.800	27.040	2.304
BPP_200_120_0.1_0.8_9.C	108	6.800	27.040	2.285
BPP_200_120_0.1_0.8_9.C	108	6.800	27.040	2.246
BPP_200_120_0.1_0.8_9.C	108	6.800	27.040	2.216
BPP_200_120_0.1_0.8_9.C	108	6.800	27.040	2.167
BPP_200_125_0.1_0.8_0.C	104	5.800	25.440	1.952
BPP_200_125_0.1_0.8_0.C	105	5.400	25.320	1.943
BPP_200_125_0.1_0.8_0.C	105	5.800	25.640	1.942
BPP_200_125_0.1_0.8_0.C	105	5.000	25.000	1.955
BPP_200_125_0.1_0.8_0.C	106	5.400	25.520	1.959
BPP_200_125_0.1_0.8_0.C	105	6.200	25.960	1.950
BPP_200_125_0.1_0.8_0.C	103	6.800	26.040	1.953
BPP_200_125_0.1_0.8_0.C	104	6.600	26.080	1.941
BPP_200_125_0.1_0.8_0.C	103	6.600	25.880	1.947
BPP_200_125_0.1_0.8_0.C	102	5.600	24.880	1.958
BPP_200_125_0.1_0.8_1.C	111	5.400	26.520	2.116
BPP_200_125_0.1_0.8_1.C	112	4.800	26.240	2.106
BPP_200_125_0.1_0.8_1.C	110	3.800	25.040	2.114
BPP_200_125_0.1_0.8_1.C	111	3.800	25.240	2.093
BPP_200_125_0.1_0.8_1.C	111	4.000	25.400	2.108
BPP_200_125_0.1_0.8_1.C	111	4.800	26.040	2.117
BPP_200_125_0.1_0.8_1.C	110	4.800	25.840	2.099
BPP_200_125_0.1_0.8_1.C	114	4.000	26.000	2.149
BPP_200_125_0.1_0.8_1.C	111	4.800	26.040	2.101
BPP_200_125_0.1_0.8_1.C	114	5.200	26.960	2.095
BPP_200_125_0.1_0.8_2.C	100	5.400	24.320	2.087
BPP_200_125_0.1_0.8_2.C	99	5.000	23.800	2.092
BPP_200_125_0.1_0.8_2.C	99	5.400	24.120	2.112
BPP_200_125_0.1_0.8_2.C	99	5.200	23.960	2.086
BPP_200_125_0.1_0.8_2.C	98	5.400	23.920	2.168
BPP_200_125_0.1_0.8_2.C	100	5.200	24.160	2.099
BPP_200_125_0.1_0.8_2.C	100	4.600	23.680	2.088
BPP_200_125_0.1_0.8_2.C	100	5.400	24.320	2.093
BPP_200_125_0.1_0.8_2.C	100	5.400	24.320	2.080
BPP_200_125_0.1_0.8_2.C	100	4.800	23.840	2.094
BPP_200_125_0.1_0.8_3.C	100	10.200	28.160	2.136
BPP_200_125_0.1_0.8_3.C	100	10.200	28.160	2.179
BPP_200_125_0.1_0.8_3.C	100	10.200	28.160	2.142
BPP_200_125_0.1_0.8_3.C	100	10.200	28.160	2.138
BPP_200_125_0.1_0.8_3.C	100	10.200	28.160	2.141
BPP_200_125_0.1_0.8_3.C	100	10.000	28.000	2.120
BPP_200_125_0.1_0.8_3.C	100	10.200	28.160	2.122
BPP_200_125_0.1_0.8_3.C	100	10.200	28.160	2.134
BPP_200_125_0.1_0.8_3.C	100	10.200	28.160	2.139
BPP_200_125_0.1_0.8_3.C	100	10.200	28.160	2.129
BPP_200_125_0.1_0.8_4.C	99	7.800	26.040	2.054
BPP_200_125_0.1_0.8_4.C	101	7.800	26.440	2.022
BPP_200_125_0.1_0.8_4.C	100	7.600	26.080	2.046
BPP_200_125_0.1_0.8_4.C	101	7.800	26.440	2.093
BPP_200_125_0.1_0.8_4.C	101	7.600	26.280	2.066
BPP_200_125_0.1_0.8_4.C	101	7.800	26.440	2.079
BPP_200_125_0.1_0.8_4.C	101	7.800	26.440	2.084
BPP_200_125_0.1_0.8_4.C	100	7.800	26.240	2.080
BPP_200_125_0.1_0.8_4.C	100	8.000	26.400	2.044
BPP_200_125_0.1_0.8_4.C	101	7.800	26.440	2.028
BPP_200_125_0.1_0.8_5.C	107	6.000	26.200	2.187
BPP_200_125_0.1_0.8_5.C	107	4.800	25.240	2.235
BPP_200_125_0.1_0.8_5.C	105	5.400	25.320	2.194
BPP_200_125_0.1_0.8_5.C	107	5.000	25.400	2.207
BPP_200_125_0.1_0.8_5.C	107	5.000	25.400	2.144
BPP_200_125_0.1_0.8_5.C	106	4.800	25.040	2.154
BPP_200_125_0.1_0.8_5.C	107	6.000	26.200	2.204
BPP_200_125_0.1_0.8_5.C	107	5.400	25.720	2.228
BPP_200_125_0.1_0.8_5.C	107	6.000	26.200	2.187
BPP_200_125_0.1_0.8_5.C	107	5.600	25.880	2.172
BPP_200_125_0.1_0.8_6.C	101	2.600	22.280	2.219
BPP_200_125_0.1_0.8_6.C	101	2.600	22.280	2.217
BPP_200_125_0.1_0.8_6.C	101	2.600	22.280	2.241
BPP_200_125_0.1_0.8_6.C	101	2.600	22.280	2.233
BPP_200_125_0.1_0.8_6.C	101	2.600	22.280	2.174
BPP_200_125_0.1_0.8_6.C	101	2.600	22.280	2.217
BPP_200_125_0.1_0.8_6.C	101	2.600	22.280	2.242
BPP_200_125_0.1_0.8_6.C	101	2.600	22.280	2.302
BPP_200_125_0.1_0.8_6.C	101	2.600	22.280	2.272
BPP_200_125_0.1_0.8_6.C	101	2.600	22.280	2.220
BPP_200_125_0.1_0.8_7.C	94	4.600	22.480	1.969
BPP_200_125_0.1_0.8_7.C	94	4.600	22.480	2.007
BPP_200_125_0.1_0.8_7.C	94	4.600	22.480	1.968
BPP_200_125_0.1_0.8_7.C	94	4.600	22.480	2.011
BPP_200_125_0.1_0.8_7.C	94	4.600	22.480	1.979
BPP_200_125_0.1_0.8_7.C	94	4.600	22.480	1.989
BPP_200_125_0.1_0.8_7.C	94	4.600	22.480	1.997
BPP_200_125_0.1_0.8_7.C	94	4.600	22.480	1.987
BPP_200_125_0.1_0.8_7.C	94	4.600	22.480	1.989
BPP_200_125_0.1_0.8_7.C	94	4.600	22.480	1.952
BPP_200_125_0.1_0.8_8.C	101	3.800	23.240	2.126
BPP_200_125_0.1_0.8_8.C	102	4.800	24.240	2.159
BPP_200_125_0.1_0.8_8.C	104	2.800	23.040	2.147
BPP_200_125_0.1_0.8_8.C	102	4.800	24.240	2.152
BPP_200_125_0.1_0.8_8.C	103	4.000	23.800	2.161
BPP_200_125_0.1_0.8_8.C	104	3.400	23.520	2.123
BPP_200_125_0.1_0.8_8.C	104	3.600	23.680	2.136
BPP_200_125_0.1_0.8_8.C	102	4.800	24.240	2.133
BPP_200_125_0.1_0.8_8.C	104	3.000	23.200	2.135
BPP_200_125_0.1_0.8_8.C	101	3.800	23.240	2.092
BPP_200_125_0.1_0.8_9.C	102	1.800	21.840	2.055
BPP_200_125_0.1_0.8_9.C	105	0.600	21.480	2.076
BPP_200_125_0.1_0.8_9.C	102	1.800	21.840	2.044
BPP_200_125_0.1_0.8_9.C	102	1.800	21.840	2.086
BPP_200_125_0.1_0.8_9.C	102	1.800	21.840	2.065
BPP_200_125_0.1_0.8_9.C	105	0.400	21.320	2.074
BPP_200_125_0.1_0.8_9.C	102	1.800	21.840	2.039
BPP_200_125_0.1_0.8_9.C	102	1.800	21.840	2.072
BPP_200_125_0.1_0.8_9.C	102	1.800	21.840	2.048
BPP_200_125_0.1_0.8_9.C	102	1.800	21.840	2.051
BPP_200_150_0.1_0.8_0.C	102	1.800	21.840	1.999
BPP_200_150_0.1_0.8_0.C	101	1.800	21.640	1.975
BPP_200_150_0.1_0.8_0.C	102	1.800	21.840	1.975
BPP_200_150_0.1_0.8_0.C	102	1.800	21.840	1.992
BPP_200_150_0.1_0.8_0.C	100	2.400	21.920	2.001
BPP_200_150_0.1_0.8_0.C	100	2.000	21.600	1.975
BPP_200_150_0.1_0.8_0.C	102	1.600	21.680	1.981
BPP_200_150_0.1_0.8_0.C	101	2.200	21.960	1.987
BPP_200_150_0.1_0.8_0.C	102	1.600	21.680	1.968
BPP_200_150_0.1_0.8_0.C	102	1.800	21.840	1.973
BPP_200_150_0.1_0.8_1.C	103	3.800	23.640	2.080
BPP_200_150_0.1_0.8_1.C	103	3.800	23.640	2.051
BPP_200_150_0.1_0.8_1.C	103	3.800	23.640	2.053
BPP_200_150_0.1_0.8_1.C	103	3.800	23.640	2.125
BPP_200_150_0.1_0.8_1.C	103	3.800	23.640	2.058
BPP_200_150_0.1_0.8_1.C	103	3.800	23.640	2.078
BPP_200_150_0.1_0.8_1.C	103	3.800	23.640	2.057
BPP_200_150_0.1_0.8_1.C	103	3.800	23.640	2.051
BPP_200_150_0.1_0.8_1.C	103	3.800	23.640	2.086
BPP_200_150_0.1_0.8_1.C	102	4.000	23.600	2.066
BPP_200_150_0.1_0.8_2.C	100	5.000	24.000	1.992
BPP_200_150_0.1_0.8_2.C	100	5.000	24.000	1.959
BPP_200_150_0.1_0.8_2.C	100	5.000	24.000	1.917
BPP_200_150_0.1_0.8_2.C	100	4.800	23.840	1.957
BPP_200_150_0.1_0.8_2.C	100	5.000	24.000	1.956
BPP_200_150_0.1_0.8_2.C	102	3.800	23.440	1.955
BPP_200_150_0.1_0.8_2.C	100	5.000	24.000	1.955
BPP_200_150_0.1_0.8_2.C	102	4.200	23.760	1.982
BPP_200_150_0.1_0.8_2.C	100	5.000	24.000	1.973
BPP_200_150_0.1_0.8_2.C	100	5.000	24.000	1.941
BPP_200_150_0.1_0.8_3.C	102	6.400	25.520	2.012
BPP_200_150_0.1_0.8_3.C	103	6.600	25.880	1.986
BPP_200_150_0.1_0.8_3.C	103	7.000	26.200	1.991
BPP_200_150_0.1_0.8_3.C	104	6.200	25.760	1.990
BPP_200_150_0.1_0.8_3.C	103	6.200	25.560	2.029
BPP_200_150_0.1_0.8_3.C	105	6.600	26.280	2.017
BPP_200_150_0.1_0.8_3.C	103	6.200	25.560	2.016
BPP_200_150_0.1_0.8_3.C	103	7.200	26.360	1.999
BPP_200_150_0.1_0.8_3.C	103	7.200	26.360	2.013
BPP_200_150_0.1_0.8_3.C	103	7.200	26.360	2.041
BPP_200_150_0.1_0.8_4.C	110	7.000	27.600	2.136
BPP_200_150_0.1_0.8_4.C	112	6.800	27.840	2.120
BPP_200_150_0.1_0.8_4.C	110	8.000	28.400	2.141
BPP_200_150_0.1_0.8_4.C	110	7.000	27.600	2.113
BPP_200_150_0.1_0.8_4.C	110	8.000	28.400	2.060
BPP_200_150_0.1_0.8_4.C	110	7.800	28.240	2.131
BPP_200_150_0.1_0.8_4.C	110	6.200	26.960	2.096
BPP_200_150_0.1_0.8_4.C	110	8.000	28.400	2.090
BPP_200_150_0.1_0.8_4.C	110	8.000	28.400	2.103
BPP_200_150_0.1_0.8_4.C	110	7.200	27.760	2.164
BPP_200_150_0.1_0.8_5.C	103	5.800	25.240	2.120
BPP_200_150_0.1_0.8_5.C	103	5.800	25.240	2.141
BPP_200_150_0.1_0.8_5.C	103	5.800	25.240	2.120
BPP_200_150_0.1_0.8_5.C	102	6.000	25.200	2.101
BPP_200_150_0.1_0.8_5.C	103	5.800	25.240	2.117
BPP_200_150_0.1_0.8_5.C	103	5.800	25.240	2.130
BPP_200_150_0.1_0.8_5.C	103	5.800	25.240	2.128
BPP_200_150_0.1_0.8_5.C	103	5.800	25.240	2.134
BPP_200_150_0.1_0.8_5.C	103	5.800	25.240	2.195
BPP_200_150_0.1_0.8_5.C	103	5.800	25.240	2.129
BPP_200_150_0.1_0.8_6.C	107	3.000	23.800	2.304
BPP_200_150_0.1_0.8_6.C	107	3.000	23.800	2.290
BPP_200_150_0.1_0.8_6.C	107	3.000	23.800	2.298
BPP_200_150_0.1_0.8_6.C	107	3.000	23.800	2.300
BPP_200_150_0.1_0.8_6.C	107	3.000	23.800	2.280
BPP_200_150_0.1_0.8_6.C	107	3.000	23.800	2.306
BPP_200_150_0.1_0.8_6.C	106	3.200	23.760	2.271
BPP_200_150_0.1_0.8_6.C	107	3.000	23.800	2.281
BPP_200_150_0.1_0.8_6.C	107	3.000	23.800	2.280
BPP_200_150_0.1_0.8_6.C	105	3.400	23.720	2.296
BPP_200_150_0.1_0.8_7.C	108	10.200	29.760	2.117
BPP_200_150_0.1_0.8_7.C	110	10.200	30.160	2.117
BPP_200_150_0.1_0.8_7.C	110	9.000	29.200	2.104
BPP_200_150_0.1_0.8_7.C	109	10.400	30.120	2.114
BPP_200_150_0.1_0.8_7.C	111	10.600	30.680	2.114
BPP_200_150_0.1_0.8_7.C	107	10.600	29.880	2.102
BPP_200_150_0.1_0.8_7.C	110	10.200	30.160	2.118
BPP_200_150_0.1_0.8_7.C	107	10.000	29.400	2.119
BPP_200_150_0.1_0.8_7.C	109	9.600	29.480	2.148
BPP_200_150_0.1_0.8_7.C	109	10.200	29.960	2.119
BPP_200_150_0.1_0.8_8.C	101	3.400	22.920	2.066
BPP_200_150_0.1_0.8_8.C	104	2.400	22.720	2.068
BPP_200_150_0.1_0.8_8.C	105	2.200	22.760	2.054
BPP_200_150_0.1_0.8_8.C	104	2.600	22.880	2.150
BPP_200_150_0.1_0.8_8.C	103	3.200	23.160	2.096
BPP_200_150_0.1_0.8_8.C	103	2.400	22.520	2.152
BPP_200_150_0.1_0.8_8.C	104	2.400	22.720	2.070
BPP_200_150_0.1_0.8_8.C	104	2.200	22.560	2.116
BPP_200_150_0.1_0.8_8.C	102	3.400	23.120	2.069
BPP_200_150_0.1_0.8_8.C	104	3.000	23.200	2.049
BPP_200_150_0.1_0.8_9.C	99	2.400	21.720	2.008
BPP_200_150_0.1_0.8_9.C	102	2.200	22.160	2.003
BPP_200_150_0.1_0.8_9.C	100	2.200	21.760	2.005
BPP_200_150_0.1_0.8_9.C	101	2.200	21.960	2.020
BPP_200_150_0.1_0.8_9.C	101	2.200	21.960	1.997
BPP_200_150_0.1_0.8_9.C	102	2.000	22.000	2.016
BPP_200_150_0.1_0.8_9.C	100	2.400	21.920	2.031
BPP_200_150_0.1_0.8_9.C	101	2.200	21.960	2.031
BPP_200_150_0.1_0.8_9.C	99	2.400	21.720	2.009
BPP_200_150_0.1_0.8_9.C	101	2.200	21.960	2.045
BPP_200_200_0.1_0.8_0.C	102	0.400	20.720	2.173
BPP_200_200_0.1_0.8_0.C	103	0.200	20.760	2.146
BPP_200_200_0.1_0.8_0.C	103	0.200	20.760	2.154
BPP_200_200_0.1_0.8_0.C	102	0.200	20.560	2.179
BPP_200_200_0.1_0.8_0.C	103	0.200	20.760	2.111
BPP_200_200_0.1_0.8_0.C	102	0.400	20.720	2.182
BPP_200_200_0.1_0.8_0.C	103	0.200	20.760	2.158
BPP_200_200_0.1_0.8_0.C	102	0.200	20.560	2.207
BPP_200_200_0.1_0.8_0.C	103	0.200	20.760	2.172
BPP_200_200_0.1_0.8_0.C	101	0.400	20.520	2.160
BPP_200_200_0.1_0.8_1.C	104	9.600	28.480	1.997
BPP_200_200_0.1_0.8_1.C	104	9.600	28.480	2.040
BPP_200_200_0.1_0.8_1.C	103	10.000	28.600	2.021
BPP_200_200_0.1_0.8_1.C	104	9.400	28.320	1.995
BPP_200_200_0.1_0.8_1.C	103	9.600	28.280	2.087
BPP_200_200_0.1_0.8_1.C	103	9.600	28.280	2.066
BPP_200_200_0.1_0.8_1.C	103	9.600	28.280	1.992
BPP_200_200_0.1_0.8_1.C	104	9.400	28.320	2.015
BPP_200_200_0.1_0.8_1.C	103	9.800	28.440	1.984
BPP_200_200_0.1_0.8_1.C	107	8.400	28.120	2.009
BPP_200_200_0.1_0.8_2.C	94	8.000	25.200	1.773
BPP_200_200_0.1_0.8_2.C	96	7.200	24.960	1.782
BPP_200_200_0.1_0.8_2.C	94	8.600	25.680	1.817
BPP_200_200_0.1_0.8_2.C	93	8.000	25.000	1.779
BPP_200_200_0.1_0.8_2.C	94	7.000	24.400	1.786
BPP_200_200_0.1_0.8_2.C	94	8.000	25.200	1.800
BPP_200_200_0.1_0.8_2.C	94	8.200	25.360	1.796
BPP_200_200_0.1_0.8_2.C	92	8.600	25.280	1.764
BPP_200_200_0.1_0.8_2.C	93	8.600	25.480	1.771
BPP_200_200_0.1_0.8_2.C	93	8.800	25.640	1.764
BPP_200_200_0.1_0.8_3.C	99	3.600	22.680	1.992
BPP_200_200_0.1_0.8_3.C	99	3.600	22.680	1.997
BPP_200_200_0.1_0.8_3.C	99	3.600	22.680	2.018
BPP_200_200_0.1_0.8_3.C	99	3.600	22.680	1.992
BPP_200_200_0.1_0.8_3.C	99	3.600	22.680	1.998
BPP_200_200_0.1_0.8_3.C	99	3.600	22.680	1.988
BPP_200_200_0.1_0.8_3.C	99	3.600	22.680	2.002
BPP_200_200_0.1_0.8_3.C	99	3.600	22.680	2.033
BPP_200_200_0.1_0.8_3.C	99	3.600	22.680	2.009
BPP_200_200_0.1_0.8_3.C	99	3.600	22.680	1.966
BPP_200_200_0.1_0.8_4.C	104	6.400	25.920	1.958
BPP_200_200_0.1_0.8_4.C	102	6.800	25.840	1.949
BPP_200_200_0.1_0.8_4.C	103	6.400	25.720	1.977
BPP_200_200_0.1_0.8_4.C	104	6.400	25.920	1.970
BPP_200_200_0.1_0.8_4.C	104	6.200	25.760	1.952
BPP_200_200_0.1_0.8_4.C	102	6.200	25.360	1.951
BPP_200_200_0.1_0.8_4.C	102	7.400	26.320	1.967
BPP_200_200_0.1_0.8_4.C	102	7.400	26.320	1.973
BPP_200_200_0.1_0.8_4.C	102	7.400	26.320	1.955
BPP_200_200_0.1_0.8_4.C	104	6.000	25.600	1.959
BPP_200_200_0.1_0.8_5.C	100	0.600	20.480	2.040
BPP_200_200_0.1_0.8_5.C	100	0.600	20.480	2.042
BPP_200_200_0.1_0.8_5.C	100	0.600	20.480	2.054
BPP_200_200_0.1_0.8_5.C	100	0.600	20.480	2.056
BPP_200_200_0.1_0.8_5.C	100	0.600	20.480	2.067
BPP_200_200_0.1_0.8_5.C	100	0.600	20.480	2.062
BPP_200_200_0.1_0.8_5.C	100	0.600	20.480	2.059
BPP_200_200_0.1_0.8_5.C	100	0.600	20.480	2.091
BPP_200_200_0.1_0.8_5.C	100	0.600	20.480	2.075
BPP_200_200_0.1_0.8_5.C	100	0.600	20.480	2.057
BPP_200_200_0.1_0.8_6.C	107	0.200	21.560	2.130
BPP_200_200_0.1_0.8_6.C	106	0.600	21.680	2.113
BPP_200_200_0.1_0.8_6.C	109	0.200	21.960	2.089
BPP_200_200_0.1_0.8_6.C	105	0.600	21.480	2.127
BPP_200_200_0.1_0.8_6.C	106	1.200	22.160	2.089
BPP_200_200_0.1_0.8_6.C	106	1.600	22.480	2.095
BPP_200_200_0.1_0.8_6.C	107	0.600	21.880	2.094
BPP_200_200_0.1_0.8_6.C	107	0.200	21.560	2.136
BPP_200_200_0.1_0.8_6.C	107	0.400	21.720	2.106
BPP_200_200_0.1_0.8_6.C	108	0.600	22.080	2.129
BPP_200_200_0.1_0.8_7.C	101	1.200	21.160	1.954
BPP_200_200_0.1_0.8_7.C	101	1.200	21.160	2.032
BPP_200_200_0.1_0.8_7.C	101	1.400	21.320	1.974
BPP_200_200_0.1_0.8_7.C	102	1.600	21.680	1.984
BPP_200_200_0.1_0.8_7.C	102	0.800	21.040	1.983
BPP_200_200_0.1_0.8_7.C	101	1.400	21.320	2.002
BPP_200_200_0.1_0.8_7.C	103	1.000	21.400	1.997
BPP_200_200_0.1_0.8_7.C	101	2.400	22.120	1.973
BPP_200_200_0.1_0.8_7.C	103	1.200	21.560	1.983
BPP_200_200_0.1_0.8_7.C	102	0.800	21.040	2.017
BPP_200_200_0.1_0.8_8.C	105	4.200	24.360	2.235
BPP_200_200_0.1_0.8_8.C	105	4.200	24.360	2.223
BPP_200_200_0.1_0.8_8.C	105	4.200	24.360	2.248
BPP_200_200_0.1_0.8_8.C	105	4.200	24.360	2.218
BPP_200_200_0.1_0.8_8.C	105	4.200	24.360	2.237
BPP_200_200_0.1_0.8_8.C	105	4.200	24.360	2.228
BPP_200_200_0.1_0.8_8.C	105	4.200	24.360	2.212
BPP_200_200_0.1_0.8_8.C	105	4.200	24.360	2.206
BPP_200_200_0.1_0.8_8.C	105	4.200	24.360	2.219
BPP_200_200_0.1_0.8_8.C	105	4.200	24.360	2.213
BPP_200_200_0.1_0.8_9.C	103	4.600	24.280	2.050
BPP_200_200_0.1_0.8_9.C	103	4.600	24.280	2.050
BPP_200_200_0.1_0.8_9.C	102	3.600	23.280	2.063
BPP_200_200_0.1_0.8_9.C	103	4.600	24.280	2.053
BPP_200_200_0.1_0.8_9.C	101	3.800	23.240	2.056
BPP_200_200_0.1_0.8_9.C	102	3.600	23.280	2.061
BPP_200_200_0.1_0.8_9.C	102	3.600	23.280	2.057
BPP_200_200_0.1_0.8_9.C	103	4.400	24.120	2.059
BPP_200_200_0.1_0.8_9.C	102	3.600	23.280	2.044
BPP_200_200_0.1_0.8_9.C	103	4.400	24.120	2.065
BPP_200_300_0.1_0.8_0.C	100	-0.000	20.000	2.051
BPP_200_300_0.1_0.8_0.C	100	-0.000	20.000	2.017
BPP_200_300_0.1_0.8_0.C	100	-0.000	20.000	2.041
BPP_200_300_0.1_0.8_0.C	99	0.200	19.960	2.036
BPP_200_300_0.1_0.8_0.C	99	0.200	19.960	2.066
BPP_200_300_0.1_0.8_0.C	100	-0.000	20.000	2.063
BPP_200_300_0.1_0.8_0.C	100	-0.000	20.000	2.070
BPP_200_300_0.1_0.8_0.C	100	-0.000	20.000	2.091
BPP_200_300_0.1_0.8_0.C	100	-0.000	20.000	2.090
BPP_200_300_0.1_0.8_0.C	100	-0.000	20.000	2.074
BPP_200_300_0.1_0.8_1.C	106	3.400	23.920	2.190
BPP_200_300_0.1_0.8_1.C	106	3.200	23.760	2.148
BPP_200_300_0.1_0.8_1.C	106	3.400	23.920	2.168
BPP_200_300_0.1_0.8_1.C	106	3.400	23.920	2.163
BPP_200_300_0.1_0.8_1.C	104	3.200	23.360	2.155
BPP_200_300_0.1_0.8_1.C	105	3.400	23.720	2.145
BPP_200_300_0.1_0.8_1.C	105	3.600	23.880	2.168
BPP_200_300_0.1_0.8_1.C	106	3.200	23.760	2.234
BPP_200_300_0.1_0.8_1.C	104	3.400	23.520	2.154
BPP_200_300_0.1_0.8_1.C	106	3.600	24.080	2.157
BPP_200_300_0.1_0.8_2.C	104	0.600	21.280	2.217
BPP_200_300_0.1_0.8_2.C	104	0.600	21.280	2.200
BPP_200_300_0.1_0.8_2.C	104	0.600	21.280	2.184
BPP_200_300_0.1_0.8_2.C	104	0.600	21.280	2.179
BPP_200_300_0.1_0.8_2.C	104	0.600	21.280	2.195
BPP_200_300_0.1_0.8_2.C	104	0.600	21.280	2.173
BPP_200_300_0.1_0.8_2.C	104	0.600	21.280	2.210
BPP_200_300_0.1_0.8_2.C	104	0.600	21.280	2.189
BPP_200_300_0.1_0.8_2.C	104	0.600	21.280	2.182
BPP_200_300_0.1_0.8_2.C	104	0.600	21.280	2.202
BPP_200_300_0.1_0.8_3.C	108	9.600	29.280	2.229
BPP_200_300_0.1_0.8_3.C	108	9.600	29.280	2.209
BPP_200_300_0.1_0.8_3.C	108	9.600	29.280	2.195
BPP_200_300_0.1_0.8_3.C	108	9.600	29.280	2.199
BPP_200_300_0.1_0.8_3.C	108	9.600	29.280	2.194
BPP_200_300_0.1_0.8_3.C	108	9.600	29.280	2.201
BPP_200_300_0.1_0.8_3.C	108	9.600	29.280	2.210
BPP_200_300_0.1_0.8_3.C	108	9.600	29.280	2.280
BPP_200_300_0.1_0.8_3.C	108	9.600	29.280	2.273
BPP_200_300_0.1_0.8_3.C	108	9.600	29.280	2.286
BPP_200_300_0.1_0.8_4.C	104	9.400	28.320	1.954
BPP_200_300_0.1_0.8_4.C	102	9.400	27.920	1.969
BPP_200_300_0.1_0.8_4.C	104	9.400	28.320	1.971
BPP_200_300_0.1_0.8_4.C	102	9.400	27.920	1.932
BPP_200_300_0.1_0.8_4.C	104	9.400	28.320	1.934
BPP_200_300_0.1_0.8_4.C	103	9.600	28.280	1.961
BPP_200_300_0.1_0.8_4.C	104	9.400	28.320	1.975
BPP_200_300_0.1_0.8_4.C	103	8.800	27.640	1.950
BPP_200_300_0.1_0.8_4.C	104	9.200	28.160	1.905
BPP_200_300_0.1_0.8_4.C	102	9.400	27.920	1.946
BPP_200_300_0.1_0.8_5.C	96	1.800	20.640	2.033
BPP_200_300_0.1_0.8_5.C	96	1.800	20.640	2.056
BPP_200_300_0.1_0.8_5.C	96	1.800	20.640	2.026
BPP_200_300_0.1_0.8_5.C	96	1.800	20.640	2.017
BPP_200_300_0.1_0.8_5.C	96	1.800	20.640	2.006
BPP_200_300_0.1_0.8_5.C	96	1.800	20.640	2.050
BPP_200_300_0.1_0.8_5.C	96	1.800	20.640	2.021
BPP_200_300_0.1_0.8_5.C	96	1.800	20.640	2.041
BPP_200_300_0.1_0.8_5.C	96	1.800	20.640	2.029
BPP_200_300_0.1_0.8_5.C	96	1.800	20.640	2.034
BPP_200_300_0.1_0.8_6.C	105	3.200	23.560	2.033
BPP_200_300_0.1_0.8_6.C	104	3.400	23.520	2.060
BPP_200_300_0.1_0.8_6.C	105	3.400	23.720	2.070
BPP_200_300_0.1_0.8_6.C	104	3.400	23.520	2.072
BPP_200_300_0.1_0.8_6.C	106	3.600	24.080	2.065
BPP_200_300_0.1_0.8_6.C	107	3.400	24.120	2.084
BPP_200_300_0.1_0.8_6.C	108	3.400	24.320	2.052
BPP_200_300_0.1_0.8_6.C	105	3.400	23.720	2.060
BPP_200_300_0.1_0.8_6.C	105	3.400	23.720	2.090
BPP_200_300_0.1_0.8_6.C	105	3.200	23.560	2.053
BPP_200_300_0.1_0.8_7.C	101	1.400	21.320	1.927
BPP_200_300_0.1_0.8_7.C	101	1.600	21.480	1.963
BPP_200_300_0.1_0.8_7.C	101	1.600	21.480	1.954
BPP_200_300_0.1_0.8_7.C	103	1.600	21.880	1.957
BPP_200_300_0.1_0.8_7.C	101	1.600	21.480	1.946
BPP_200_300_0.1_0.8_7.C	102	1.800	21.840	1.921
BPP_200_300_0.1_0.8_7.C	103	1.200	21.560	1.952
BPP_200_300_0.1_0.8_7.C	103	1.000	21.400	1.939
BPP_200_300_0.1_0.8_7.C	101	1.800	21.640	1.939
BPP_200_300_0.1_0.8_7.C	102	1.600	21.680	1.940
BPP_200_300_0.1_0.8_8.C	100	5.400	24.320	2.046
BPP_200_300_0.1_0.8_8.C	102	4.600	24.080	2.036
BPP_200_300_0.1_0.8_8.C	100	5.400	24.320	2.057
BPP_200_300_0.1_0.8_8.C	100	5.400	24.320	2.042
BPP_200_300_0.1_0.8_8.C	101	4.800	24.040	2.032
BPP_200_300_0.1_0.8_8.C	104	4.000	24.000	2.042
BPP_200_300_0.1_0.8_8.C	102	4.400	23.920	2.033
BPP_200_300_0.1_0.8_8.C	103	4.200	23.960	2.015
BPP_200_300_0.1_0.8_8.C	100	5.400	24.320	2.021
BPP_200_300_0.1_0.8_8.C	100	5.400	24.320	2.027
BPP_200_300_0.1_0.8_9.C	109	2.600	23.880	2.154
BPP_200_300_0.1_0.8_9.C	106	3.400	23.920	2.138
BPP_200_300_0.1_0.8_9.C	106	3.400	23.920	2.147
BPP_200_300_0.1_0.8_9.C	106	3.400	23.920	2.136
BPP_200_300_0.1_0.8_9.C	106	3.400	23.920	2.183
BPP_200_300_0.1_0.8_9.C	106	3.400	23.920	2.179
BPP_200_300_0.1_0.8_9.C	108	2.800	23.840	2.180
BPP_200_300_0.1_0.8_9.C	106	3.400	23.920	2.164
BPP_200_300_0.1_0.8_9.C	106	3.400	23.920	2.152
BPP_200_300_0.1_0.8_9.C	106	3.400	23.920	2.157
BPP_200_400_0.1_0.8_0.C	107	10.000	29.400	2.083
BPP_200_400_0.1_0.8_0.C	109	11.000	30.600	2.140
BPP_200_400_0.1_0.8_0.C	111	10.800	30.840	2.155
BPP_200_400_0.1_0.8_0.C	109	11.000	30.600	2.115
BPP_200_400_0.1_0.8_0.C	109	10.200	29.960	2.165
BPP_200_400_0.1_0.8_0.C	109	11.400	30.920	2.174
BPP_200_400_0.1_0.8_0.C	110	10.800	30.640	2.143
BPP_200_400_0.1_0.8_0.C	111	11.000	31.000	2.163
BPP_200_400_0.1_0.8_0.C	111	10.800	30.840	2.149
BPP_200_400_0.1_0.8_0.C	109	9.800	29.640	2.178
BPP_200_400_0.1_0.8_1.C	103	0.400	20.920	1.985
BPP_200_400_0.1_0.8_1.C	104	0.400	21.120	1.984
BPP_200_400_0.1_0.8_1.C	103	0.600	21.080	1.964
BPP_200_400_0.1_0.8_1.C	102	0.400	20.720	2.021
BPP_200_400_0.1_0.8_1.C	103	0.400	20.920	1.988
BPP_200_400_0.1_0.8_1.C	104	0.400	21.120	1.993
BPP_200_400_0.1_0.8_1.C	103	0.600	21.080	1.954
BPP_200_400_0.1_0.8_1.C	101	0.800	20.840	1.939
BPP_200_400_0.1_0.8_1.C	103	0.600	21.080	1.979
BPP_200_400_0.1_0.8_1.C	104	0.400	21.120	1.936
BPP_200_400_0.1_0.8_2.C	109	2.000	23.400	2.102
BPP_200_400_0.1_0.8_2.C	110	1.800	23.440	2.133
BPP_200_400_0.1_0.8_2.C	109	2.200	23.560	2.086
BPP_200_400_0.1_0.8_2.C	109	2.000	23.400	2.108
BPP_200_400_0.1_0.8_2.C	110	2.000	23.600	2.100
BPP_200_400_0.1_0.8_2.C	108	2.000	23.200	2.158
BPP_200_400_0.1_0.8_2.C	110	2.000	23.600	2.174
BPP_200_400_0.1_0.8_2.C	109	2.000	23.400	2.140
BPP_200_400_0.1_0.8_2.C	109	2.000	23.400	2.136
BPP_200_400_0.1_0.8_2.C	110	2.000	23.600	2.153
BPP_200_400_0.1_0.8_3.C	104	4.800	24.640	2.265
BPP_200_400_0.1_0.8_3.C	104	4.800	24.640	2.219
BPP_200_400_0.1_0.8_3.C	104	4.800	24.640	2.264
BPP_200_400_0.1_0.8_3.C	104	4.800	24.640	2.250
BPP_200_400_0.1_0.8_3.C	104	4.800	24.640	2.264
BPP_200_400_0.1_0.8_3.C	104	4.800	24.640	2.250
BPP_200_400_0.1_0.8_3.C	104	4.800	24.640	2.289
BPP_200_400_0.1_0.8_3.C	104	4.800	24.640	2.245
BPP_200_400_0.1_0.8_3.C	105	4.400	24.520	2.271
BPP_200_400_0.1_0.8_3.C	104	4.800	24.640	2.221
BPP_200_400_0.1_0.8_4.C	101	10.000	28.200	2.000
BPP_200_400_0.1_0.8_4.C	105	8.200	27.560	2.007
BPP_200_400_0.1_0.8_4.C	100	9.000	27.200	2.020
BPP_200_400_0.1_0.8_4.C	104	8.400	27.520	2.004
BPP_200_400_0.1_0.8_4.C	103	9.000	27.800	1.981
BPP_200_400_0.1_0.8_4.C	103	8.200	27.160	2.051
BPP_200_400_0.1_0.8_4.C	103	8.800	27.640	2.015
BPP_200_400_0.1_0.8_4.C	103	8.400	27.320	2.047
BPP_200_400_0.1_0.8_4.C	103	8.200	27.160	2.028
BPP_200_400_0.1_0.8_4.C	101	9.000	27.400	2.061
BPP_200_400_0.1_0.8_5.C	95	4.600	22.680	1.917
BPP_200_400_0.1_0.8_5.C	95	4.400	22.520	1.881
BPP_200_400_0.1_0.8_5.C	95	4.600	22.680	1.902
BPP_200_400_0.1_0.8_5.C	96	3.800	22.240	1.883
BPP_200_400_0.1_0.8_5.C	95	4.600	22.680	1.840
BPP_200_400_0.1_0.8_5.C	95	4.600	22.680	1.893
BPP_200_400_0.1_0.8_5.C	95	4.600	22.680	1.882
BPP_200_400_0.1_0.8_5.C	95	4.600	22.680	1.886
BPP_200_400_0.1_0.8_5.C	95	4.600	22.680	1.870
BPP_200_400_0.1_0.8_5.C	95	4.600	22.680	1.895
BPP_200_400_0.1_0.8_6.C	97	2.000	21.000	1.987
BPP_200_400_0.1_0.8_6.C	97	2.000	21.000	1.974
BPP_200_400_0.1_0.8_6.C	97	2.000	21.000	1.992
BPP_200_400_0.1_0.8_6.C	97	2.000	21.000	1.988
BPP_200_400_0.1_0.8_6.C	97	2.000	21.000	2.049
BPP_200_400_0.1_0.8_6.C	97	2.000	21.000	2.022
BPP_200_400_0.1_0.8_6.C	97	2.000	21.000	1.995
BPP_200_400_0.1_0.8_6.C	97	2.000	21.000	1.996
BPP_200_400_0.1_0.8_6.C	97	2.000	21.000	1.994
BPP_200_400_0.1_0.8_6.C	97	2.000	21.000	2.001
BPP_200_400_0.1_0.8_7.C	104	2.200	22.560	1.998
BPP_200_400_0.1_0.8_7.C	105	2.800	23.240	2.014
BPP_200_400_0.1_0.8_7.C	105	2.800	23.240	2.007
BPP_200_400_0.1_0.8_7.C	106	1.600	22.480	2.006
BPP_200_400_0.1_0.8_7.C	103	1.600	21.880	1.999
BPP_200_400_0.1_0.8_7.C	105	2.800	23.240	2.048
BPP_200_400_0.1_0.8_7.C	105	2.800	23.240	1.984
BPP_200_400_0.1_0.8_7.C	106	1.800	22.640	1.987
BPP_200_400_0.1_0.8_7.C	104	2.400	22.720	1.996
BPP_200_400_0.1_0.8_7.C	104	2.200	22.560	2.003
BPP_200_400_0.1_0.8_8.C	102	0.800	21.040	2.035
BPP_200_400_0.1_0.8_8.C	102	0.800	21.040	2.000
BPP_200_400_0.1_0.8_8.C	102	0.800	21.040	2.019
BPP_200_400_0.1_0.8_8.C	102	0.800	21.040	2.022
BPP_200_400_0.1_0.8_8.C	102	0.800	21.040	2.057
BPP_200_400_0.1_0.8_8.C	102	0.800	21.040	2.056
BPP_200_400_0.1_0.8_8.C	102	0.800	21.040	2.030
BPP_200_400_0.1_0.8_8.C	102	0.800	21.040	2.022
BPP_200_400_0.1_0.8_8.C	102	0.800	21.040	2.054
BPP_200_400_0.1_0.8_8.C	102	0.800	21.040	2.063
BPP_200_400_0.1_0.8_9.C	104	2.400	22.720	2.147
BPP_200_400_0.1_0.8_9.C	104	2.400	22.720	2.125
BPP_200_400_0.1_0.8_9.C	104	2.400	22.720	2.126
BPP_200_400_0.1_0.8_9.C	104	2.400	22.720	2.128
BPP_200_400_0.1_0.8_9.C	104	2.400	22.720	2.162
BPP_200_400_0.1_0.8_9.C	104	2.400	22.720	2.155
BPP_200_400_0.1_0.8_9.C	104	2.400	22.720	2.109
BPP_200_400_0.1_0.8_9.C	104	2.400	22.720	2.140
BPP_200_400_0.1_0.8_9.C	104	2.400	22.720	2.144
BPP_200_400_0.1_0.8_9.C	104	2.400	22.720	2.131
BPP_200_500_0.1_0.8_0.C	109	3.200	24.360	2.105
BPP_200_500_0.1_0.8_0.C	109	3.200	24.360	2.134
BPP_200_500_0.1_0.8_0.C	109	3.200	24.360	2.109
BPP_200_500_0.1_0.8_0.C	109	3.200	24.360	2.105
BPP_200_500_0.1_0.8_0.C	108	3.400	24.320	2.084
BPP_200_500_0.1_0.8_0.C	109	3.200	24.360	2.121
BPP_200_500_0.1_0.8_0.C	109	3.200	24.360	2.125
BPP_200_500_0.1_0.8_0.C	109	3.200	24.360	2.109
BPP_200_500_0.1_0.8_0.C	109	3.200	24.360	2.092
BPP_200_500_0.1_0.8_0.C	109	3.000	24.200	2.117
BPP_200_500_0.1_0.8_1.C	101	8.200	26.760	2.088
BPP_200_500_0.1_0.8_1.C	101	8.200	26.760	2.070
BPP_200_500_0.1_0.8_1.C	101	8.200	26.760	2.070
BPP_200_500_0.1_0.8_1.C	101	8.200	26.760	2.056
BPP_200_500_0.1_0.8_1.C	101	8.200	26.760	2.065
BPP_200_500_0.1_0.8_1.C	101	8.200	26.760	2.055
BPP_200_500_0.1_0.8_1.C	101	8.200	26.760	2.074
BPP_200_500_0.1_0.8_1.C	102	6.800	25.840	2.114
BPP_200_500_0.1_0.8_1.C	101	8.200	26.760	2.056
BPP_200_500_0.1_0.8_1.C	101	8.200	26.760	2.055
BPP_200_500_0.1_0.8_2.C	92	10.000	26.400	1.901
BPP_200_500_0.1_0.8_2.C	91	10.000	26.200	1.936
BPP_200_500_0.1_0.8_2.C	91	8.600	25.080	1.976
BPP_200_500_0.1_0.8_2.C	92	10.000	26.400	1.906
BPP_200_500_0.1_0.8_2.C	92	10.000	26.400	1.921
BPP_200_500_0.1_0.8_2.C	92	9.800	26.240	1.894
BPP_200_500_0.1_0.8_2.C	91	10.200	26.360	1.873
BPP_200_500_0.1_0.8_2.C	92	10.000	26.400	1.874
BPP_200_500_0.1_0.8_2.C	92	10.000	26.400	1.937
BPP_200_500_0.1_0.8_2.C	91	9.600	25.880	1.927
BPP_200_500_0.1_0.8_3.C	104	12.200	30.560	2.092
BPP_200_500_0.1_0.8_3.C	102	11.800	29.840	2.080
BPP_200_500_0.1_0.8_3.C	105	12.000	30.600	2.061
BPP_200_500_0.1_0.8_3.C	103	12.800	30.840	2.094
BPP_200_500_0.1_0.8_3.C	102	11.600	29.680	2.046
BPP_200_500_0.1_0.8_3.C	102	11.800	29.840	2.072
BPP_200_500_0.1_0.8_3.C	103	12.800	30.840	2.059
BPP_200_500_0.1_0.8_3.C	103	12.800	30.840	2.096
BPP_200_500_0.1_0.8_3.C	103	12.800	30.840	2.075
BPP_200_500_0.1_0.8_3.C	102	12.600	30.480	2.087
BPP_200_500_0.1_0.8_4.C	102	3.600	23.280	2.055
BPP_200_500_0.1_0.8_4.C	100	4.000	23.200	2.046
BPP_200_500_0.1_0.8_4.C	103	3.400	23.320	2.050
BPP_200_500_0.1_0.8_4.C	102	3.600	23.280	2.023
BPP_200_500_0.1_0.8_4.C	99	4.000	23.000	2.046
BPP_200_500_0.1_0.8_4.C	101	3.800	23.240	2.131
BPP_200_500_0.1_0.8_4.C	100	4.000	23.200	2.055
BPP_200_500_0.1_0.8_4.C	100	4.000	23.200	2.036
BPP_200_500_0.1_0.8_4.C	101	3.400	22.920	2.023
BPP_200_500_0.1_0.8_4.C	103	3.400	23.320	2.021
BPP_200_500_0.1_0.8_5.C	106	2.000	22.800	2.120
BPP_200_500_0.1_0.8_5.C	105	1.800	22.440	2.110
BPP_200_500_0.1_0.8_5.C	105	2.200	22.760	2.100
BPP_200_500_0.1_0.8_5.C	105	2.000	22.600	2.200
BPP_200_500_0.1_0.8_5.C	105	2.400	22.920	2.110
BPP_200_500_0.1_0.8_5.C	105	2.000	22.600	2.119
BPP_200_500_0.1_0.8_5.C	107	2.000	23.000	2.139
BPP_200_500_0.1_0.8_5.C	106	2.000	22.800	2.136
BPP_200_500_0.1_0.8_5.C	107	2.000	23.000	2.115
BPP_200_500_0.1_0.8_5.C	105	2.200	22.760	2.109
BPP_200_500_0.1_0.8_6.C	106	1.800	22.640	2.262
BPP_200_500_0.1_0.8_6.C	105	2.200	22.760	2.284
BPP_200_500_0.1_0.8_6.C	105	2.200	22.760	2.298
BPP_200_500_0.1_0.8_6.C	105	2.200	22.760	2.295
BPP_200_500_0.1_0.8_6.C	105	2.200	22.760	2.283
BPP_200_500_0.1_0.8_6.C	103	3.000	23.000	2.286
BPP_200_500_0.1_0.8_6.C	106	2.200	22.960	2.348
BPP_200_500_0.1_0.8_6.C	105	2.000	22.600	2.286
BPP_200_500_0.1_0.8_6.C	106	1.800	22.640	2.264
BPP_200_500_0.1_0.8_6.C	104	2.600	22.880	2.275
BPP_200_500_0.1_0.8_7.C	99	8.800	26.840	2.017
BPP_200_500_0.1_0.8_7.C	99	8.800	26.840	2.017
BPP_200_500_0.1_0.8_7.C	99	8.800	26.840	2.036
BPP_200_500_0.1_0.8_7.C	99	8.800	26.840	2.009
BPP_200_500_0.1_0.8_7.C	99	8.800	26.840	2.015
BPP_200_500_0.1_0.8_7.C	99	8.800	26.840	2.050
BPP_200_500_0.1_0.8_7.C	99	8.800	26.840	2.078
BPP_200_500_0.1_0.8_7.C	99	8.800	26.840	2.061
BPP_200_500_0.1_0.8_7.C	99	8.800	26.840	2.051
BPP_200_500_0.1_0.8_7.C	99	8.800	26.840	2.034
BPP_200_500_0.1_0.8_8.C	116	6.400	28.320	2.301
BPP_200_500_0.1_0.8_8.C	116	6.400	28.320	2.309
BPP_200_500_0.1_0.8_8.C	116	6.400	28.320	2.331
BPP_200_500_0.1_0.8_8.C	116	6.400	28.320	2.297
BPP_200_500_0.1_0.8_8.C	115	6.400	28.120	2.338
BPP_200_500_0.1_0.8_8.C	116	6.400	28.320	2.336
BPP_200_500_0.1_0.8_8.C	116	6.400	28.320	2.326
BPP_200_500_0.1_0.8_8.C	116	6.400	28.320	2.321
BPP_200_500_0.1_0.8_8.C	116	6.400	28.320	2.345
BPP_200_500_0.1_0.8_8.C	116	6.400	28.320	2.354
BPP_200_500_0.1_0.8_9.C	105	7.000	26.600	2.068
BPP_200_500_0.1_0.8_9.C	103	7.200	26.360	2.141
BPP_200_500_0.1_0.8_9.C	104	7.400	26.720	2.052
BPP_200_500_0.1_0.8_9.C	104	7.400	26.720	2.044
BPP_200_500_0.1_0.8_9.C	104	6.600	26.080	2.076
BPP_200_500_0.1_0.8_9.C	105	6.200	25.960	2.083
BPP_200_500_0.1_0.8_9.C	104	7.400	26.720	2.022
BPP_200_500_0.1_0.8_9.C	105	6.600	26.280	2.054
BPP_200_500_0.1_0.8_9.C	104	7.400	26.720	2.081
BPP_200_500_0.1_0.8_9.C	106	6.400	26.320	2.066
BPP_200_50_0.1_0.8_0.C	89	3.600	20.680	1.863
BPP_200_50_0.1_0.8_0.C	90	3.400	20.720	1.853
BPP_200_50_0.1_0.8_0.C	89	3.600	20.680	1.830
BPP_200_50_0.1_0.8_0.C	89	3.000	20.200	1.825
BPP_200_50_0.1_0.8_0.C	89	3.800	20.840	1.861
BPP_200_50_0.1_0.8_0.C	89	3.800	20.840	1.844
BPP_200_50_0.1_0.8_0.C	89	3.600	20.680	1.821
BPP_200_50_0.1_0.8_0.C	89	3.600	20.680	1.821
BPP_200_50_0.1_0.8_0.C	89	3.800	20.840	1.841
BPP_200_50_0.1_0.8_0.C	89	3.600	20.680	1.837
BPP_200_50_0.1_0.8_1.C	101	3.000	22.600	2.001
BPP_200_50_0.1_0.8_1.C	101	3.400	22.920	2.062
BPP_200_50_0.1_0.8_1.C	100	3.200	22.560	2.006
BPP_200_50_0.1_0.8_1.C	103	2.800	22.840	2.004
BPP_200_50_0.1_0.8_1.C	102	2.800	22.640	1.997
BPP_200_50_0.1_0.8_1.C	104	2.600	22.880	2.012
BPP_200_50_0.1_0.8_1.C	100	3.200	22.560	2.013
BPP_200_50_0.1_0.8_1.C	100	3.200	22.560	2.013
BPP_200_50_0.1_0.8_1.C	101	3.200	22.760	1.990
BPP_200_50_0.1_0.8_1.C	101	3.400	22.920	2.029
BPP_200_50_0.1_0.8_2.C	93	6.800	24.040	1.883
BPP_200_50_0.1_0.8_2.C	93	6.400	23.720	1.914
BPP_200_50_0.1_0.8_2.C	93	6.600	23.880	1.851
BPP_200_50_0.1_0.8_2.C	93	6.600	23.880	1.845
BPP_200_50_0.1_0.8_2.C	95	5.600	23.480	1.894
BPP_200_50_0.1_0.8_2.C	93	6.600	23.880	1.845
BPP_200_50_0.1_0.8_2.C	95	5.800	23.640	1.851
BPP_200_50_0.1_0.8_2.C	93	6.800	24.040	1.850
BPP_200_50_0.1_0.8_2.C	95	5.400	23.320	1.823
BPP_200_50_0.1_0.8_2.C	92	7.000	24.000	1.849
BPP_200_50_0.1_0.8_3.C	101	2.800	22.440	2.014
BPP_200_50_0.1_0.8_3.C	104	3.000	23.200	2.031
BPP_200_50_0.1_0.8_3.C	103	2.800	22.840	1.975
BPP_200_50_0.1_0.8_3.C	101	3.000	22.600	1.960
BPP_200_50_0.1_0.8_3.C	101	3.200	22.760	1.991
BPP_200_50_0.1_0.8_3.C	102	2.800	22.640	1.993
BPP_200_50_0.1_0.8_3.C	103	2.800	22.840	2.002
BPP_200_50_0.1_0.8_3.C	103	3.000	23.000	2.008
BPP_200_50_0.1_0.8_3.C	102	3.200	22.960	1.975
BPP_200_50_0.1_0.8_3.C	101	3.400	22.920	1.998
BPP_200_50_0.1_0.8_4.C	102	0.200	20.560	1.999
BPP_200_50_0.1_0.8_4.C	102	0.200	20.560	2.020
BPP_200_50_0.1_0.8_4.C	102	0.200	20.560	2.030
BPP_200_50_0.1_0.8_4.C	102	0.200	20.560	2.023
BPP_200_50_0.1_0.8_4.C	102	0.200	20.560	2.031
BPP_200_50_0.1_0.8_4.C	100	0.200	20.160	2.031
BPP_200_50_0.1_0.8_4.C	102	0.200	20.560	2.020
BPP_200_50_0.1_0.8_4.C	101	0.200	20.360	2.009
BPP_200_50_0.1_0.8_4.C	102	0.200	20.560	2.033
BPP_200_50_0.1_0.8_4.C	101	0.400	20.520	2.028
BPP_200_50_0.1_0.8_5.C	104	0.600	21.280	2.114
BPP_200_50_0.1_0.8_5.C	105	0.400	21.320	2.123
BPP_200_50_0.1_0.8_5.C	105	0.400	21.320	2.138
BPP_200_50_0.1_0.8_5.C	105	0.400	21.320	2.152
BPP_200_50_0.1_0.8_5.C	105	0.400	21.320	2.148
BPP_200_50_0.1_0.8_5.C	105	0.400	21.320	2.141
BPP_200_50_0.1_0.8_5.C	104	0.600	21.280	2.121
BPP_200_50_0.1_0.8_5.C	105	0.400	21.320	2.138
BPP_200_50_0.1_0.8_5.C	105	0.400	21.320	2.114
BPP_200_50_0.1_0.8_5.C	105	0.400	21.320	2.130
BPP_200_50_0.1_0.8_6.C	107	0.600	21.880	2.074
BPP_200_50_0.1_0.8_6.C	106	0.800	21.840	2.071
BPP_200_50_0.1_0.8_6.C	106	0.800	21.840	2.074
BPP_200_50_0.1_0.8_6.C	106	0.600	21.680	2.107
BPP_200_50_0.1_0.8_6.C	107	0.400	21.720	2.105
BPP_200_50_0.1_0.8_6.C	106	0.800	21.840	2.102
BPP_200_50_0.1_0.8_6.C	107	0.200	21.560	2.120
BPP_200_50_0.1_0.8_6.C	106	0.600	21.680	2.073
BPP_200_50_0.1_0.8_6.C	107	0.600	21.880	2.081
BPP_200_50_0.1_0.8_6.C	107	0.200	21.560	2.069
BPP_200_50_0.1_0.8_7.C	97	2.800	21.640	1.977
BPP_200_50_0.1_0.8_7.C	97	2.800	21.640	1.961
BPP_200_50_0.1_0.8_7.C	96	3.000	21.600	1.946
BPP_200_50_0.1_0.8_7.C	97	2.800	21.640	1.962
BPP_200_50_0.1_0.8_7.C	97	2.800	21.640	1.929
BPP_200_50_0.1_0.8_7.C	97	2.800	21.640	1.933
BPP_200_50_0.1_0.8_7.C	97	2.800	21.640	1.958
BPP_200_50_0.1_0.8_7.C	97	2.800	21.640	1.941
BPP_200_50_0.1_0.8_7.C	97	2.800	21.640	1.954
BPP_200_50_0.1_0.8_7.C	97	2.800	21.640	1.945
BPP_200_50_0.1_0.8_8.C	95	3.400	21.720	1.937
BPP_200_50_0.1_0.8_8.C	95	3.400	21.720	1.919
BPP_200_50_0.1_0.8_8.C	95	3.400	21.720	1.910
BPP_200_50_0.1_0.8_8.C	95	3.400	21.720	1.945
BPP_200_50_0.1_0.8_8.C	95	3.400	21.720	1.962
BPP_200_50_0.1_0.8_8.C	95	3.200	21.560	1.954
BPP_200_50_0.1_0.8_8.C	93	3.800	21.640	1.945
BPP_200_50_0.1_0.8_8.C	95	3.400	21.720	1.934
BPP_200_50_0.1_0.8_8.C	95	3.400	21.720	1.924
BPP_200_50_0.1_0.8_8.C	95	3.400	21.720	1.949
BPP_200_50_0.1_0.8_9.C	100	4.200	23.360	2.117
BPP_200_50_0.1_0.8_9.C	99	4.400	23.320	2.056
BPP_200_50_0.1_0.8_9.C	101	4.200	23.560	2.066
BPP_200_50_0.1_0.8_9.C	100	4.200	23.360	2.046
BPP_200_50_0.1_0.8_9.C	99	4.400	23.320	2.054
BPP_200_50_0.1_0.8_9.C	99	4.400	23.320	2.083
BPP_200_50_0.1_0.8_9.C	100	4.200	23.360	2.061
BPP_200_50_0.1_0.8_9.C	99	4.200	23.160	2.063
BPP_200_50_0.1_0.8_9.C	99	4.600	23.480	2.061
BPP_200_50_0.1_0.8_9.C	99	4.400	23.320	2.075
BPP_200_750_0.1_0.8_0.C	102	12.400	30.320	2.020
BPP_200_750_0.1_0.8_0.C	104	12.200	30.560	2.084
BPP_200_750_0.1_0.8_0.C	104	12.200	30.560	2.022
BPP_200_750_0.1_0.8_0.C	104	11.800	30.240	2.031
BPP_200_750_0.1_0.8_0.C	104	12.200	30.560	2.039
BPP_200_750_0.1_0.8_0.C	104	12.200	30.560	2.029
BPP_200_750_0.1_0.8_0.C	104	12.200	30.560	2.020
BPP_200_750_0.1_0.8_0.C	104	12.200	30.560	2.016
BPP_200_750_0.1_0.8_0.C	103	12.400	30.520	2.016
BPP_200_750_0.1_0.8_0.C	105	11.800	30.440	2.027
BPP_200_750_0.1_0.8_1.C	101	9.400	27.720	2.001
BPP_200_750_0.1_0.8_1.C	101	9.400	27.720	2.021
BPP_200_750_0.1_0.8_1.C	101	9.200	27.560	2.000
BPP_200_750_0.1_0.8_1.C	101	9.400	27.720	1.994
BPP_200_750_0.1_0.8_1.C	101	9.400	27.720	2.039
BPP_200_750_0.1_0.8_1.C	100	8.400	26.720	2.016
BPP_200_750_0.1_0.8_1.C	101	9.200	27.560	2.000
BPP_200_750_0.1_0.8_1.C	101	9.400	27.720	1.998
BPP_200_750_0.1_0.8_1.C	101	9.400	27.720	2.024
BPP_200_750_0.1_0.8_1.C	102	8.600	27.280	2.017
BPP_200_750_0.1_0.8_2.C	101	7.400	26.120	2.113
BPP_200_750_0.1_0.8_2.C	101	7.400	26.120	2.048
BPP_200_750_0.1_0.8_2.C	101	7.400	26.120	2.107
BPP_200_750_0.1_0.8_2.C	101	7.400	26.120	2.088
BPP_200_750_0.1_0.8_2.C	101	7.400	26.120	2.109
BPP_200_750_0.1_0.8_2.C	101	7.400	26.120	2.102
BPP_200_750_0.1_0.8_2.C	101	7.400	26.120	2.099
BPP_200_750_0.1_0.8_2.C	101	7.400	26.120	2.078
BPP_200_750_0.1_0.8_2.C	101	7.400	26.120	2.073
BPP_200_750_0.1_0.8_2.C	101	7.400	26.120	2.139
BPP_200_750_0.1_0.8_3.C	103	11.600	29.880	2.007
BPP_200_750_0.1_0.8_3.C	103	11.600	29.880	1.995
BPP_200_750_0.1_0.8_3.C	103	11.600	29.880	1.991
BPP_200_750_0.1_0.8_3.C	102	11.400	29.520	2.015
BPP_200_750_0.1_0.8_3.C	103	11.600	29.880	1.992
BPP_200_750_0.1_0.8_3.C	102	11.800	29.840	2.012
BPP_200_750_0.1_0.8_3.C	102	10.600	28.880	1.992
BPP_200_750_0.1_0.8_3.C	103	11.400	29.720	1.999
BPP_200_750_0.1_0.8_3.C	103	11.600	29.880	1.997
BPP_200_750_0.1_0.8_3.C	100	11.800	29.440	2.023
BPP_200_750_0.1_0.8_4.C	103	1.800	22.040	2.015
BPP_200_750_0.1_0.8_4.C	101	2.200	21.960	2.039
BPP_200_750_0.1_0.8_4.C	100	2.000	21.600	2.046
BPP_200_750_0.1_0.8_4.C	103	1.800	22.040	2.031
BPP_200_750_0.1_0.8_4.C	102	2.000	22.000	2.043
BPP_200_750_0.1_0.8_4.C	102	1.800	21.840	2.049
BPP_200_750_0.1_0.8_4.C	102	2.000	22.000	2.044
BPP_200_750_0.1_0.8_4.C	102	1.800	21.840	2.041
BPP_200_750_0.1_0.8_4.C	100	2.200	21.760	2.039
BPP_200_750_0.1_0.8_4.C	103	1.800	22.040	2.061
BPP_200_750_0.1_0.8_5.C	100	6.200	24.960	1.910
BPP_200_750_0.1_0.8_5.C	99	6.200	24.760	1.905
BPP_200_750_0.1_0.8_5.C	98	6.800	25.040	1.882
BPP_200_750_0.1_0.8_5.C	98	6.800	25.040	1.915
BPP_200_750_0.1_0.8_5.C	98	6.800	25.040	1.897
BPP_200_750_0.1_0.8_5.C	99	6.200	24.760	1.894
BPP_200_750_0.1_0.8_5.C	97	7.000	25.000	1.906
BPP_200_750_0.1_0.8_5.C	98	6.800	25.040	1.886
BPP_200_750_0.1_0.8_5.C	98	6.800	25.040	1.893
BPP_200_750_0.1_0.8_5.C	97	6.400	24.520	1.898
BPP_200_750_0.1_0.8_6.C	102	4.600	24.080	1.999
BPP_200_750_0.1_0.8_6.C	102	4.600	24.080	2.014
BPP_200_750_0.1_0.8_6.C	104	3.800	23.840	1.937
BPP_200_750_0.1_0.8_6.C	104	4.000	24.000	1.957
BPP_200_750_0.1_0.8_6.C	105	4.200	24.360	1.991
BPP_200_750_0.1_0.8_6.C	105	4.200	24.360	2.018
BPP_200_750_0.1_0.8_6.C	102	4.800	24.240	1.971
BPP_200_750_0.1_0.8_6.C	104	4.400	24.320	1.975
BPP_200_750_0.1_0.8_6.C	103	4.600	24.280	1.961
BPP_200_750_0.1_0.8_6.C	102	4.600	24.080	1.999
BPP_200_750_0.1_0.8_7.C	106	3.800	24.240	2.012
BPP_200_750_0.1_0.8_7.C	104	4.400	24.320	1.992
BPP_200_750_0.1_0.8_7.C	107	3.800	24.440	1.996
BPP_200_750_0.1_0.8_7.C	104	4.600	24.480	2.017
BPP_200_750_0.1_0.8_7.C	104	4.600	24.480	2.004
BPP_200_750_0.1_0.8_7.C	104	4.400	24.320	2.033
BPP_200_750_0.1_0.8_7.C	103	4.800	24.440	2.067
BPP_200_750_0.1_0.8_7.C	104	4.600	24.480	2.062
BPP_200_750_0.1_0.8_7.C	105	4.000	24.200	1.983
BPP_200_750_0.1_0.8_7.C	104	4.000	24.000	2.003
BPP_200_750_0.1_0.8_8.C	100	2.800	22.240	2.062
BPP_200_750_0.1_0.8_8.C	99	3.800	22.840	2.047
BPP_200_750_0.1_0.8_8.C	99	3.400	22.520	2.056
BPP_200_750_0.1_0.8_8.C	100	3.200	22.560	2.038
BPP_200_750_0.1_0.8_8.C	103	2.800	22.840	2.068
BPP_200_750_0.1_0.8_8.C	99	3.800	22.840	2.060
BPP_200_750_0.1_0.8_8.C	100	3.600	22.880	2.053
BPP_200_750_0.1_0.8_8.C	98	3.800	22.640	2.068
BPP_200_750_0.1_0.8_8.C	100	3.600	22.880	2.062
BPP_200_750_0.1_0.8_8.C	100	3.600	22.880	2.020
BPP_200_750_0.1_0.8_9.C	107	3.800	24.440	2.237
BPP_200_750_0.1_0.8_9.C	107	3.800	24.440	2.207
BPP_200_750_0.1_0.8_9.C	107	3.800	24.440	2.179
BPP_200_750_0.1_0.8_9.C	107	3.800	24.440	2.211
BPP_200_750_0.1_0.8_9.C	107	3.800	24.440	2.238
BPP_200_750_0.1_0.8_9.C	107	3.800	24.440	2.211
BPP_200_750_0.1_0.8_9.C	107	3.800	24.440	2.207
BPP_200_750_0.1_0.8_9.C	107	3.800	24.440	2.196
BPP_200_750_0.1_0.8_9.C	107	3.800	24.440	2.201
BPP_200_750_0.1_0.8_9.C	107	3.800	24.440	2.286
BPP_200_75_0.1_0.8_0.C	98	3.400	22.320	1.957
BPP_200_75_0.1_0.8_0.C	100	3.000	22.400	2.019
BPP_200_75_0.1_0.8_0.C	98	3.400	22.320	1.979
BPP_200_75_0.1_0.8_0.C	99	2.800	22.040	1.989
BPP_200_75_0.1_0.8_0.C	99	3.200	22.360	1.973
BPP_200_75_0.1_0.8_0.C	99	3.000	22.200	1.983
BPP_200_75_0.1_0.8_0.C	99	2.800	22.040	1.984
BPP_200_75_0.1_0.8_0.C	98	3.200	22.160	1.981
BPP_200_75_0.1_0.8_0.C	98	2.600	21.680	1.999
BPP_200_75_0.1_0.8_0.C	99	3.600	22.680	1.971
BPP_200_75_0.1_0.8_1.C	102	2.600	22.480	2.118
BPP_200_75_0.1_0.8_1.C	102	2.600	22.480	2.137
BPP_200_75_0.1_0.8_1.C	102	2.600	22.480	2.251
BPP_200_75_0.1_0.8_1.C	102	2.600	22.480	2.133
BPP_200_75_0.1_0.8_1.C	102	2.600	22.480	2.100
BPP_200_75_0.1_0.8_1.C	102	2.600	22.480	2.138
BPP_200_75_0.1_0.8_1.C	102	2.600	22.480	2.158
BPP_200_75_0.1_0.8_1.C	102	2.600	22.480	2.177
BPP_200_75_0.1_0.8_1.C	102	2.600	22.480	2.134
BPP_200_75_0.1_0.8_1.C	102	2.600	22.480	2.170
BPP_200_75_0.1_0.8_2.C	95	0.200	19.160	2.091
BPP_200_75_0.1_0.8_2.C	95	0.200	19.160	2.115
BPP_200_75_0.1_0.8_2.C	95	0.200	19.160	2.069
BPP_200_75_0.1_0.8_2.C	95	0.200	19.160	2.122
BPP_200_75_0.1_0.8_2.C	95	0.200	19.160	2.097
BPP_200_75_0.1_0.8_2.C	95	0.200	19.160	2.125
BPP_200_75_0.1_0.8_2.C	95	0.200	19.160	2.114
BPP_200_75_0.1_0.8_2.C	95	0.200	19.160	2.143
BPP_200_75_0.1_0.8_2.C	95	0.200	19.160	2.162
BPP_200_75_0.1_0.8_2.C	95	0.200	19.160	2.171
BPP_200_75_0.1_0.8_3.C	110	4.200	25.360	2.279
BPP_200_75_0.1_0.8_3.C	110	4.200	25.360	2.281
BPP_200_75_0.1_0.8_3.C	110	4.200	25.360	2.266
BPP_200_75_0.1_0.8_3.C	110	4.200	25.360	2.297
BPP_200_75_0.1_0.8_3.C	110	4.200	25.360	2.432
BPP_200_75_0.1_0.8_3.C	110	4.200	25.360	2.305
BPP_200_75_0.1_0.8_3.C	110	4.200	25.360	2.325
BPP_200_75_0.1_0.8_3.C	110	4.200	25.360	2.370
BPP_200_75_0.1_0.8_3.C	110	4.200	25.360	2.314
BPP_200_75_0.1_0.8_3.C	110	4.200	25.360	2.323
BPP_200_75_0.1_0.8_4.C	104	1.600	22.080	2.086
BPP_200_75_0.1_0.8_4.C	104	1.600	22.080	2.117
BPP_200_75_0.1_0.8_4.C	104	1.600	22.080	2.126
BPP_200_75_0.1_0.8_4.C	104	1.600	22.080	2.127
BPP_200_75_0.1_0.8_4.C	104	1.600	22.080	2.132
BPP_200_75_0.1_0.8_4.C	103	1.000	21.400	1.991
BPP_200_75_0.1_0.8_4.C	104	1.600	22.080	2.080
BPP_200_75_0.1_0.8_4.C	104	1.600	22.080	2.088
BPP_200_75_0.1_0.8_4.C	104	1.600	22.080	2.132
BPP_200_75_0.1_0.8_4.C	104	1.600	22.080	2.120
BPP_200_75_0.1_0.8_5.C	99	4.800	23.640	2.084
BPP_200_75_0.1_0.8_5.C	99	4.800	23.640	2.061
BPP_200_75_0.1_0.8_5.C	99	4.800	23.640	1.997
BPP_200_75_0.1_0.8_5.C	99	4.800	23.640	2.039
BPP_200_75_0.1_0.8_5.C	99	4.800	23.640	2.048
BPP_200_75_0.1_0.8_5.C	99	4.800	23.640	2.024
BPP_200_75_0.1_0.8_5.C	99	4.800	23.640	2.023
BPP_200_75_0.1_0.8_5.C	99	4.800	23.640	2.020
BPP_200_75_0.1_0.8_5.C	99	4.800	23.640	2.055
BPP_200_75_0.1_0.8_5.C	99	4.800	23.640	1.999
BPP_200_75_0.1_0.8_6.C	94	6.800	24.240	1.963
BPP_200_75_0.1_0.8_6.C	93	7.000	24.200	1.948
BPP_200_75_0.1_0.8_6.C	93	6.800	24.040	1.956
BPP_200_75_0.1_0.8_6.C	93	7.000	24.200	1.948
BPP_200_75_0.1_0.8_6.C	94	7.000	24.400	1.981
BPP_200_75_0.1_0.8_6.C	94	6.600	24.080	1.956
BPP_200_75_0.1_0.8_6.C	93	6.800	24.040	1.935
BPP_200_75_0.1_0.8_6.C	93	7.000	24.200	1.946
BPP_200_75_0.1_0.8_6.C	92	7.000	24.000	1.981
BPP_200_75_0.1_0.8_6.C	94	7.000	24.400	1.946
BPP_200_75_0.1_0.8_7.C	104	4.400	24.320	2.160
BPP_200_75_0.1_0.8_7.C	104	4.200	24.160	2.147
BPP_200_75_0.1_0.8_7.C	104	4.200	24.160	2.177
BPP_200_75_0.1_0.8_7.C	103	4.600	24.280	2.162
BPP_200_75_0.1_0.8_7.C	103	4.600	24.280	2.124
BPP_200_75_0.1_0.8_7.C	103	4.400	24.120	2.122
BPP_200_75_0.1_0.8_7.C	104	4.400	24.320	2.128
BPP_200_75_0.1_0.8_7.C	102	4.400	23.920	2.186
BPP_200_75_0.1_0.8_7.C	101	4.800	24.040	2.164
BPP_200_75_0.1_0.8_7.C	103	4.400	24.120	2.139
BPP_200_75_0.1_0.8_8.C	96	6.600	24.480	2.064
BPP_200_75_0.1_0.8_8.C	96	5.600	23.680	2.107
BPP_200_75_0.1_0.8_8.C	96	6.600	24.480	2.034
BPP_200_75_0.1_0.8_8.C	96	6.600	24.480	2.051
BPP_200_75_0.1_0.8_8.C	96	6.600	24.480	2.016
BPP_200_75_0.1_0.8_8.C	96	6.600	24.480	2.026
BPP_200_75_0.1_0.8_8.C	98	5.600	24.080	2.054
BPP_200_75_0.1_0.8_8.C	97	5.600	23.880	2.009
BPP_200_75_0.1_0.8_8.C	96	6.600	24.480	2.040
BPP_200_75_0.1_0.8_8.C	96	6.600	24.480	2.019
BPP_200_75_0.1_0.8_9.C	102	10.400	28.720	2.093
BPP_200_75_0.1_0.8_9.C	104	10.000	28.800	2.098
BPP_200_75_0.1_0.8_9.C	103	10.600	29.080	2.106
BPP_200_75_0.1_0.8_9.C	102	10.600	28.880	2.110
BPP_200_75_0.1_0.8_9.C	105	9.800	28.840	2.111
BPP_200_75_0.1_0.8_9.C	104	9.800	28.640	2.127
BPP_200_75_0.1_0.8_9.C	103	10.600	29.080	2.116
BPP_200_75_0.1_0.8_9.C	105	9.600	28.680	2.104
BPP_200_75_0.1_0.8_9.C	104	9.800	28.640	2.115
BPP_200_75_0.1_0.8_9.C	105	9.800	28.840	2.099
BPP_50_1000_0.1_0.8_0.C	24	8.400	11.520	0.065
BPP_50_1000_0.1_0.8_0.C	24	7.800	11.040	0.065
BPP_50_1000_0.1_0.8_0.C	25	8.600	11.880	0.066
BPP_50_1000_0.1_0.8_0.C	24	9.200	12.160	0.067
BPP_50_1000_0.1_0.8_0.C	25	9.000	12.200	0.068
BPP_50_1000_0.1_0.8_0.C	25	8.200	11.560	0.066
BPP_50_1000_0.1_0.8_0.C	24	8.400	11.520	0.066
BPP_50_1000_0.1_0.8_0.C	25	8.200	11.560	0.066
BPP_50_1000_0.1_0.8_0.C	25	8.800	12.040	0.066
BPP_50_1000_0.1_0.8_0.C	25	9.000	12.200	0.067
BPP_50_1000_0.1_0.8_1.C	24	8.000	11.200	0.066
BPP_50_1000_0.1_0.8_1.C	25	8.000	11.400	0.065
BPP_50_1000_0.1_0.8_1.C	24	8.400	11.520	0.067
BPP_50_1000_0.1_0.8_1.C	25	8.000	11.400	0.067
BPP_50_1000_0.1_0.8_1.C	25	7.800	11.240	0.066
BPP_50_1000_0.1_0.8_1.C	24	8.200	11.360	0.067
BPP_50_1000_0.1_0.8_1.C	25	8.000	11.400	0.067
BPP_50_1000_0.1_0.8_1.C	25	8.000	11.400	0.067
BPP_50_1000_0.1_0.8_1.C	24	8.400	11.520	0.067
BPP_50_1000_0.1_0.8_1.C	24	8.400	11.520	0.065
BPP_50_1000_0.1_0.8_2.C	24	8.000	11.200	0.068
BPP_50_1000_0.1_0.8_2.C	24	7.800	11.040	0.066
BPP_50_1000_0.1_0.8_2.C	24	8.000	11.200	0.064
BPP_50_1000_0.1_0.8_2.C	23	8.400	11.320	0.077
BPP_50_1000_0.1_0.8_2.C	24	8.000	11.200	0.065
BPP_50_1000_0.1_0.8_2.C	24	8.000	11.200	0.067
BPP_50_1000_0.1_0.8_2.C	24	8.000	11.200	0.066
BPP_50_1000_0.1_0.8_2.C	23	8.400	11.320	0.065
BPP_50_1000_0.1_0.8_2.C	23	8.400	11.320	0.065
BPP_50_1000_0.1_0.8_2.C	24	8.000	11.200	0.067
BPP_50_1000_0.1_0.8_3.C	26	7.000	10.800	0.069
BPP_50_1000_0.1_0.8_3.C	26	7.000	10.800	0.068
BPP_50_1000_0.1_0.8_3.C	26	7.000	10.800	0.069
BPP_50_1000_0.1_0.8_3.C	26	7.200	10.960	0.073
BPP_50_1000_0.1_0.8_3.C	25	7.200	10.760	0.069
BPP_50_1000_0.1_0.8_3.C	26	7.000	10.800	0.070
BPP_50_1000_0.1_0.8_3.C	25	7.200	10.760	0.070
BPP_50_1000_0.1_0.8_3.C	25	7.400	10.920	0.070
BPP_50_1000_0.1_0.8_3.C	26	7.200	10.960	0.072
BPP_50_1000_0.1_0.8_3.C	26	7.200	10.960	0.068
BPP_50_1000_0.1_0.8_4.C	26	2.800	7.440	0.067
BPP_50_1000_0.1_0.8_4.C	26	3.000	7.600	0.068
BPP_50_1000_0.1_0.8_4.C	26	3.000	7.600	0.068
BPP_50_1000_0.1_0.8_4.C	26	3.000	7.600	0.069
BPP_50_1000_0.1_0.8_4.C	25	3.000	7.400	0.067
BPP_50_1000_0.1_0.8_4.C	26	3.000	7.600	0.067
BPP_50_1000_0.1_0.8_4.C	26	2.200	6.960	0.066
BPP_50_1000_0.1_0.8_4.C	26	3.000	7.600	0.064
BPP_50_1000_0.1_0.8_4.C	26	3.000	7.600	0.067
BPP_50_1000_0.1_0.8_4.C	26	2.800	7.440	0.068
BPP_50_1000_0.1_0.8_5.C	29	2.200	7.560	0.074
BPP_50_1000_0.1_0.8_5.C	29	1.800	7.240	0.073
BPP_50_1000_0.1_0.8_5.C	29	2.200	7.560	0.077
BPP_50_1000_0.1_0.8_5.C	29	2.000	7.400	0.074
BPP_50_1000_0.1_0.8_5.C	29	2.000	7.400	0.078
BPP_50_1000_0.1_0.8_5.C	29	2.000	7.400	0.075
BPP_50_1000_0.1_0.8_5.C	29	2.200	7.560	0.076
BPP_50_1000_0.1_0.8_5.C	29	1.800	7.240	0.074
BPP_50_1000_0.1_0.8_5.C	29	1.800	7.240	0.075
BPP_50_1000_0.1_0.8_5.C	29	2.000	7.400	0.076
BPP_50_1000_0.1_0.8_6.C	24	2.800	7.040	0.067
BPP_50_1000_0.1_0.8_6.C	24	3.000	7.200	0.065
BPP_50_1000_0.1_0.8_6.C	24	3.000	7.200	0.067
BPP_50_1000_0.1_0.8_6.C	24	3.000	7.200	0.067
BPP_50_1000_0.1_0.8_6.C	24	3.000	7.200	0.067
BPP_50_1000_0.1_0.8_6.C	24	2.600	6.880	0.066
BPP_50_1000_0.1_0.8_6.C	24	3.200	7.360	0.068
BPP_50_1000_0.1_0.8_6.C	24	2.600	6.880	0.068
BPP_50_1000_0.1_0.8_6.C	24	2.800	7.040	0.067
BPP_50_1000_0.1_0.8_6.C	24	2.800	7.040	0.068
BPP_50_1000_0.1_0.8_7.C	26	2.000	6.800	0.067
BPP_50_1000_0.1_0.8_7.C	26	1.400	6.320	0.065
BPP_50_1000_0.1_0.8_7.C	26	1.600	6.480	0.067
BPP_50_1000_0.1_0.8_7.C	26	2.200	6.960	0.069
BPP_50_1000_0.1_0.8_7.C	25	2.000	6.600	0.068
BPP_50_1000_0.1_0.8_7.C	24	2.200	6.560	0.067
BPP_50_1000_0.1_0.8_7.C	26	1.000	6.000	0.066
BPP_50_1000_0.1_0.8_7.C	25	2.200	6.760	0.066
BPP_50_1000_0.1_0.8_7.C	25	2.200	6.760	0.067
BPP_50_1000_0.1_0.8_7.C	25	1.800	6.440	0.070
BPP_50_1000_0.1_0.8_8.C	22	2.000	6.000	0.060
BPP_50_1000_0.1_0.8_8.C	21	2.200	5.960	0.058
BPP_50_1000_0.1_0.8_8.C	21	2.400	6.120	0.060
BPP_50_1000_0.1_0.8_8.C	21	2.200	5.960	0.061
BPP_50_1000_0.1_0.8_8.C	21	2.200	5.960	0.059
BPP_50_1000_0.1_0.8_8.C	21	2.400	6.120	0.059
BPP_50_1000_0.1_0.8_8.C	21	2.000	5.800	0.059
BPP_50_1000_0.1_0.8_8.C	22	2.000	6.000	0.059
BPP_50_1000_0.1_0.8_8.C	21	2.400	6.120	0.059
BPP_50_1000_0.1_0.8_8.C	21	2.200	5.960	0.059
BPP_50_1000_0.1_0.8_9.C	24	2.200	6.560	0.066
BPP_50_1000_0.1_0.8_9.C	24	2.000	6.400	0.064
BPP_50_1000_0.1_0.8_9.C	24	2.200	6.560	0.065
BPP_50_1000_0.1_0.8_9.C	24	2.200	6.560	0.065
BPP_50_1000_0.1_0.8_9.C	24	2.200	6.560	0.063
BPP_50_1000_0.1_0.8_9.C	24	2.200	6.560	0.067
BPP_50_1000_0.1_0.8_9.C	24	2.400	6.720	0.064
BPP_50_1000_0.1_0.8_9.C	24	2.000	6.400	0.066
BPP_50_1000_0.1_0.8_9.C	24	2.200	6.560	0.064
BPP_50_1000_0.1_0.8_9.C	24	2.200	6.560	0.064
BPP_50_100_0.1_0.8_0.C	31	0.200	6.360	0.080
BPP_50_100_0.1_0.8_0.C	30	0.200	6.160	0.079
BPP_50_100_0.1_0.8_0.C	31	0.200	6.360	0.078
BPP_50_100_0.1_0.8_0.C	30	0.200	6.160	0.078
BPP_50_100_0.1_0.8_0.C	30	0.200	6.160	0.077
BPP_50_100_0.1_0.8_0.C	30	0.200	6.160	0.079
BPP_50_100_0.1_0.8_0.C	30	0.200	6.160	0.079
BPP_50_100_0.1_0.8_0.C	31	0.200	6.360	0.078
BPP_50_100_0.1_0.8_0.C	30	0.200	6.160	0.078
BPP_50_100_0.1_0.8_0.C	30	0.200	6.160	0.079
BPP_50_100_0.1_0.8_1.C	28	0.600	6.080	0.072
BPP_50_100_0.1_0.8_1.C	28	0.600	6.080	0.070
BPP_50_100_0.1_0.8_1.C	28	0.600	6.080	0.071
BPP_50_100_0.1_0.8_1.C	28	0.600	6.080	0.070
BPP_50_100_0.1_0.8_1.C	28	0.600	6.080	0.071
BPP_50_100_0.1_0.8_1.C	28	0.600	6.080	0.070
BPP_50_100_0.1_0.8_1.C	28	0.600	6.080	0.070
BPP_50_100_0.1_0.8_1.C	28	0.600	6.080	0.069
BPP_50_100_0.1_0.8_1.C	28	0.600	6.080	0.070
BPP_50_100_0.1_0.8_1.C	28	0.600	6.080	0.072
BPP_50_100_0.1_0.8_2.C	26	0.600	5.680	0.066
BPP_50_100_0.1_0.8_2.C	25	0.800	5.640	0.066
BPP_50_100_0.1_0.8_2.C	26	0.600	5.680	0.067
BPP_50_100_0.1_0.8_2.C	26	0.600	5.680	0.066
BPP_50_100_0.1_0.8_2.C	26	0.600	5.680	0.066
BPP_50_100_0.1_0.8_2.C	25	0.800	5.640	0.065
BPP_50_100_0.1_0.8_2.C	26	0.600	5.680	0.066
BPP_50_100_0.1_0.8_2.C	26	0.600	5.680	0.067
BPP_50_100_0.1_0.8_2.C	26	0.600	5.680	0.068
BPP_50_100_0.1_0.8_2.C	25	0.800	5.640	0.065
BPP_50_100_0.1_0.8_3.C	22	0.600	4.880	0.061
BPP_50_100_0.1_0.8_3.C	22	0.800	5.040	0.060
BPP_50_100_0.1_0.8_3.C	21	0.600	4.680	0.059
BPP_50_100_0.1_0.8_3.C	22	1.000	5.200	0.062
BPP_50_100_0.1_0.8_3.C	21	1.000	5.000	0.062
BPP_50_100_0.1_0.8_3.C	22	0.800	5.040	0.060
BPP_50_100_0.1_0.8_3.C	23	0.600	5.080	0.060
BPP_50_100_0.1_0.8_3.C	22	0.800	5.040	0.059
BPP_50_100_0.1_0.8_3.C	22	0.600	4.880	0.061
BPP_50_100_0.1_0.8_3.C	22	0.800	5.040	0.061
BPP_50_100_0.1_0.8_4.C	27	0.000	5.400	0.069
BPP_50_100_0.1_0.8_4.C	27	0.000	5.400	0.070
BPP_50_100_0.1_0.8_4.C	27	0.200	5.560	0.072
BPP_50_100_0.1_0.8_4.C	27	0.000	5.400	0.070
BPP_50_100_0.1_0.8_4.C	27	0.200	5.560	0.073
BPP_50_100_0.1_0.8_4.C	27	0.200	5.560	0.070
BPP_50_100_0.1_0.8_4.C	27	0.000	5.400	0.071
BPP_50_100_0.1_0.8_4.C	27	0.200	5.560	0.072
BPP_50_100_0.1_0.8_4.C	27	0.000	5.400	0.073
BPP_50_100_0.1_0.8_4.C	27	0.200	5.560	0.072
BPP_50_100_0.1_0.8_5.C	25	1.200	5.960	0.068
BPP_50_100_0.1_0.8_5.C	24	1.200	5.760	0.069
BPP_50_100_0.1_0.8_5.C	25	1.200	5.960	0.071
BPP_50_100_0.1_0.8_5.C	25	1.000	5.800	0.072
BPP_50_100_0.1_0.8_5.C	24	1.200	5.760	0.070
BPP_50_100_0.1_0.8_5.C	25	1.000	5.800	0.069
BPP_50_100_0.1_0.8_5.C	25	1.000	5.800	0.069
BPP_50_100_0.1_0.8_5.C	25	1.200	5.960	0.070
BPP_50_100_0.1_0.8_5.C	24	1.200	5.760	0.070
BPP_50_100_0.1_0.8_5.C	24	1.200	5.760	0.072
BPP_50_100_0.1_0.8_6.C	26	0.800	5.840	0.072
BPP_50_100_0.1_0.8_6.C	26	1.000	6.000	0.072
BPP_50_100_0.1_0.8_6.C	26	0.800	5.840	0.073
BPP_50_100_0.1_0.8_6.C	25	1.200	5.960	0.072
BPP_50_100_0.1_0.8_6.C	26	1.000	6.000	0.073
BPP_50_100_0.1_0.8_6.C	26	1.000	6.000	0.074
BPP_50_100_0.1_0.8_6.C	26	1.000	6.000	0.074
BPP_50_100_0.1_0.8_6.C	26	1.000	6.000	0.076
BPP_50_100_0.1_0.8_6.C	25	1.000	5.800	0.071
BPP_50_100_0.1_0.8_6.C	26	0.800	5.840	0.071
BPP_50_100_0.1_0.8_7.C	26	3.000	7.600	0.075
BPP_50_100_0.1_0.8_7.C	26	3.000	7.600	0.070
BPP_50_100_0.1_0.8_7.C	26	3.000	7.600	0.069
BPP_50_100_0.1_0.8_7.C	27	2.200	7.160	0.069
BPP_50_100_0.1_0.8_7.C	26	3.000	7.600	0.068
BPP_50_100_0.1_0.8_7.C	26	3.000	7.600	0.071
BPP_50_100_0.1_0.8_7.C	27	2.200	7.160	0.068
BPP_50_100_0.1_0.8_7.C	26	3.200	7.760	0.068
BPP_50_100_0.1_0.8_7.C	27	2.800	7.640	0.070
BPP_50_100_0.1_0.8_7.C	26	2.200	6.960	0.069
BPP_50_100_0.1_0.8_8.C	23	0.600	5.080	0.063
BPP_50_100_0.1_0.8_8.C	22	0.600	4.880	0.062
BPP_50_100_0.1_0.8_8.C	22	1.000	5.200	0.062
BPP_50_100_0.1_0.8_8.C	22	0.800	5.040	0.070
BPP_50_100_0.1_0.8_8.C	22	0.800	5.040	0.064
BPP_50_100_0.1_0.8_8.C	23	0.600	5.080	0.063
BPP_50_100_0.1_0.8_8.C	23	0.600	5.080	0.062
BPP_50_100_0.1_0.8_8.C	21	0.600	4.680	0.064
BPP_50_100_0.1_0.8_8.C	23	0.600	5.080	0.064
BPP_50_100_0.1_0.8_8.C	22	0.400	4.720	0.063
BPP_50_100_0.1_0.8_9.C	24	1.600	6.080	0.066
BPP_50_100_0.1_0.8_9.C	24	1.600	6.080	0.063
BPP_50_100_0.1_0.8_9.C	24	1.400	5.920	0.065
BPP_50_100_0.1_0.8_9.C	24	1.600	6.080	0.064
BPP_50_100_0.1_0.8_9.C	24	1.600	6.080	0.064
BPP_50_100_0.1_0.8_9.C	24	1.600	6.080	0.063
BPP_50_100_0.1_0.8_9.C	24	1.600	6.080	0.063
BPP_50_100_0.1_0.8_9.C	24	1.400	5.920	0.065
BPP_50_100_0.1_0.8_9.C	24	1.600	6.080	0.066
BPP_50_100_0.1_0.8_9.C	24	1.400	5.920	0.063
BPP_50_120_0.1_0.8_0.C	27	1.000	6.200	0.070
BPP_50_120_0.1_0.8_0.C	27	1.000	6.200	0.072
BPP_50_120_0.1_0.8_0.C	27	1.000	6.200	0.074
BPP_50_120_0.1_0.8_0.C	26	1.200	6.160	0.071
BPP_50_120_0.1_0.8_0.C	27	1.000	6.200	0.072
BPP_50_120_0.1_0.8_0.C	27	1.000	6.200	0.071
BPP_50_120_0.1_0.8_0.C	27	1.000	6.200	0.072
BPP_50_120_0.1_0.8_0.C	27	1.000	6.200	0.071
BPP_50_120_0.1_0.8_0.C	26	1.200	6.160	0.070
BPP_50_120_0.1_0.8_0.C	27	1.000	6.200	0.075
BPP_50_120_0.1_0.8_1.C	22	0.400	4.720	0.061
BPP_50_120_0.1_0.8_1.C	22	0.400	4.720	0.062
BPP_50_120_0.1_0.8_1.C	22	0.400	4.720	0.061
BPP_50_120_0.1_0.8_1.C	22	0.400	4.720	0.063
BPP_50_120_0.1_0.8_1.C	22	0.400	4.720	0.062
BPP_50_120_0.1_0.8_1.C	22	0.400	4.720	0.061
BPP_50_120_0.1_0.8_1.C	22	0.400	4.720	0.060
BPP_50_120_0.1_0.8_1.C	22	0.400	4.720	0.059
BPP_50_120_0.1_0.8_1.C	23	0.000	4.600	0.063
BPP_50_120_0.1_0.8_1.C	22	0.400	4.720	0.063
BPP_50_120_0.1_0.8_2.C	27	3.000	7.800	0.069
BPP_50_120_0.1_0.8_2.C	27	3.000	7.800	0.070
BPP_50_120_0.1_0.8_2.C	27	3.000	7.800	0.069
BPP_50_120_0.1_0.8_2.C	27	3.000	7.800	0.069
BPP_50_120_0.1_0.8_2.C	27	3.000	7.800	0.071
BPP_50_120_0.1_0.8_2.C	27	3.000	7.800	0.072
BPP_50_120_0.1_0.8_2.C	27	3.000	7.800	0.071
BPP_50_120_0.1_0.8_2.C	27	3.000	7.800	0.069
BPP_50_120_0.1_0.8_2.C	27	3.000	7.800	0.068
BPP_50_120_0.1_0.8_2.C	27	3.000	7.800	0.071
BPP_50_120_0.1_0.8_3.C	23	1.400	5.720	0.065
BPP_50_120_0.1_0.8_3.C	23	1.400	5.720	0.064
BPP_50_120_0.1_0.8_3.C	23	1.400	5.720	0.065
BPP_50_120_0.1_0.8_3.C	23	1.400	5.720	0.064
BPP_50_120_0.1_0.8_3.C	23	1.400	5.720	0.062
BPP_50_120_0.1_0.8_3.C	23	1.400	5.720	0.064
BPP_50_120_0.1_0.8_3.C	23	1.400	5.720	0.065
BPP_50_120_0.1_0.8_3.C	23	1.400	5.720	0.064
BPP_50_120_0.1_0.8_3.C	23	1.400	5.720	0.065
BPP_50_120_0.1_0.8_3.C	23	1.200	5.560	0.063
BPP_50_120_0.1_0.8_4.C	27	5.000	9.400	0.072
BPP_50_120_0.1_0.8_4.C	27	5.200	9.560	0.070
BPP_50_120_0.1_0.8_4.C	27	5.200	9.560	0.070
BPP_50_120_0.1_0.8_4.C	27	5.200	9.560	0.071
BPP_50_120_0.1_0.8_4.C	27	5.200	9.560	0.071
BPP_50_120_0.1_0.8_4.C	27	5.200	9.560	0.071
BPP_50_120_0.1_0.8_4.C	27	5.200	9.560	0.070
BPP_50_120_0.1_0.8_4.C	27	5.200	9.560	0.072
BPP_50_120_0.1_0.8_4.C	26	5.000	9.200	0.071
BPP_50_120_0.1_0.8_4.C	26	5.000	9.200	0.072
BPP_50_120_0.1_0.8_5.C	24	0.600	5.280	0.064
BPP_50_120_0.1_0.8_5.C	23	0.600	5.080	0.065
BPP_50_120_0.1_0.8_5.C	24	0.600	5.280	0.065
BPP_50_120_0.1_0.8_5.C	25	0.400	5.320	0.071
BPP_50_120_0.1_0.8_5.C	24	0.600	5.280	0.063
BPP_50_120_0.1_0.8_5.C	23	0.800	5.240	0.065
BPP_50_120_0.1_0.8_5.C	24	0.400	5.120	0.063
BPP_50_120_0.1_0.8_5.C	24	0.600	5.280	0.063
BPP_50_120_0.1_0.8_5.C	24	0.600	5.280	0.065
BPP_50_120_0.1_0.8_5.C	24	0.600	5.280	0.061
BPP_50_120_0.1_0.8_6.C	26	2.600	7.280	0.063
BPP_50_120_0.1_0.8_6.C	23	3.800	7.640	0.063
BPP_50_120_0.1_0.8_6.C	24	3.000	7.200	0.062
BPP_50_120_0.1_0.8_6.C	23	3.800	7.640	0.064
BPP_50_120_0.1_0.8_6.C	23	2.800	6.840	0.064
BPP_50_120_0.1_0.8_6.C	24	3.200	7.360	0.064
BPP_50_120_0.1_0.8_6.C	24	2.800	7.040	0.063
BPP_50_120_0.1_0.8_6.C	23	3.800	7.640	0.064
BPP_50_120_0.1_0.8_6.C	23	3.800	7.640	0.064
BPP_50_120_0.1_0.8_6.C	25	2.800	7.240	0.061
BPP_50_120_0.1_0.8_7.C	24	5.800	9.440	0.065
BPP_50_120_0.1_0.8_7.C	24	5.000	8.800	0.065
BPP_50_120_0.1_0.8_7.C	24	4.800	8.640	0.064
BPP_50_120_0.1_0.8_7.C	24	5.000	8.800	0.064
BPP_50_120_0.1_0.8_7.C	24	5.200	8.960	0.063
BPP_50_120_0.1_0.8_7.C	25	5.600	9.480	0.064
BPP_50_120_0.1_0.8_7.C	23	5.200	8.760	0.064
BPP_50_120_0.1_0.8_7.C	24	5.200	8.960	0.063
BPP_50_120_0.1_0.8_7.C	24	5.200	8.960	0.064
BPP_50_120_0.1_0.8_7.C	24	5.200	8.960	0.063
BPP_50_120_0.1_0.8_8.C	25	2.800	7.240	0.068
BPP_50_120_0.1_0.8_8.C	25	2.600	7.080	0.067
BPP_50_120_0.1_0.8_8.C	24	2.800	7.040	0.065
BPP_50_120_0.1_0.8_8.C	25	2.800	7.240	0.070
BPP_50_120_0.1_0.8_8.C	25	3.000	7.400	0.065
BPP_50_120_0.1_0.8_8.C	25	2.800	7.240	0.064
BPP_50_120_0.1_0.8_8.C	25	2.600	7.080	0.064
BPP_50_120_0.1_0.8_8.C	25	2.800	7.240	0.064
BPP_50_120_0.1_0.8_8.C	25	2.800	7.240	0.068
BPP_50_120_0.1_0.8_8.C	25	2.600	7.080	0.066
BPP_50_120_0.1_0.8_9.C	24	4.600	8.480	0.062
BPP_50_120_0.1_0.8_9.C	24	4.600	8.480	0.062
BPP_50_120_0.1_0.8_9.C	23	4.800	8.440	0.064
BPP_50_120_0.1_0.8_9.C	24	4.800	8.640	0.061
BPP_50_120_0.1_0.8_9.C	23	5.200	8.760	0.062
BPP_50_120_0.1_0.8_9.C	23	5.000	8.600	0.063
BPP_50_120_0.1_0.8_9.C	24	4.800	8.640	0.063
BPP_50_120_0.1_0.8_9.C	23	5.000	8.600	0.062
BPP_50_120_0.1_0.8_9.C	24	4.600	8.480	0.062
BPP_50_120_0.1_0.8_9.C	23	4.600	8.280	0.062
BPP_50_125_0.1_0.8_0.C	28	1.200	6.560	0.074
BPP_50_125_0.1_0.8_0.C	28	1.200	6.560	0.073
BPP_50_125_0.1_0.8_0.C	27	1.400	6.520	0.073
BPP_50_125_0.1_0.8_0.C	28	1.200	6.560	0.075
BPP_50_125_0.1_0.8_0.C	28	1.200	6.560	0.073
BPP_50_125_0.1_0.8_0.C	28	1.200	6.560	0.072
BPP_50_125_0.1_0.8_0.C	28	1.200	6.560	0.075
BPP_50_125_0.1_0.8_0.C	28	1.200	6.560	0.076
BPP_50_125_0.1_0.8_0.C	27	1.400	6.520	0.074
BPP_50_125_0.1_0.8_0.C	28	1.200	6.560	0.072
BPP_50_125_0.1_0.8_1.C	25	0.800	5.640	0.070
BPP_50_125_0.1_0.8_1.C	25	0.800	5.640	0.068
BPP_50_125_0.1_0.8_1.C	25	1.000	5.800	0.068
BPP_50_125_0.1_0.8_1.C	25	1.000	5.800	0.069
BPP_50_125_0.1_0.8_1.C	25	0.800	5.640	0.069
BPP_50_125_0.1_0.8_1.C	25	1.000	5.800	0.069
BPP_50_125_0.1_0.8_1.C	26	0.800	5.840	0.070
BPP_50_125_0.1_0.8_1.C	25	1.000	5.800	0.068
BPP_50_125_0.1_0.8_1.C	25	1.000	5.800	0.069
BPP_50_125_0.1_0.8_1.C	25	1.000	5.800	0.071
BPP_50_125_0.1_0.8_2.C	22	1.000	5.200	0.060
BPP_50_125_0.1_0.8_2.C	22	1.200	5.360	0.060
BPP_50_125_0.1_0.8_2.C	22	1.000	5.200	0.060
BPP_50_125_0.1_0.8_2.C	23	1.000	5.400	0.059
BPP_50_125_0.1_0.8_2.C	23	1.000	5.400	0.059
BPP_50_125_0.1_0.8_2.C	23	1.000	5.400	0.061
BPP_50_125_0.1_0.8_2.C	23	1.000	5.400	0.060
BPP_50_125_0.1_0.8_2.C	22	1.200	5.360	0.060
BPP_50_125_0.1_0.8_2.C	22	1.000	5.200	0.060
BPP_50_125_0.1_0.8_2.C	23	1.000	5.400	0.060
BPP_50_125_0.1_0.8_3.C	30	3.400	8.720	0.075
BPP_50_125_0.1_0.8_3.C	30	3.400	8.720	0.075
BPP_50_125_0.1_0.8_3.C	30	3.400	8.720	0.075
BPP_50_125_0.1_0.8_3.C	30	3.400	8.720	0.074
BPP_50_125_0.1_0.8_3.C	30	3.400	8.720	0.075
BPP_50_125_0.1_0.8_3.C	30	3.400	8.720	0.078
BPP_50_125_0.1_0.8_3.C	30	3.400	8.720	0.075
BPP_50_125_0.1_0.8_3.C	30	3.400	8.720	0.076
BPP_50_125_0.1_0.8_3.C	30	3.400	8.720	0.075
BPP_50_125_0.1_0.8_3.C	30	3.400	8.720	0.077
BPP_50_125_0.1_0.8_4.C	27	2.800	7.640	0.070
BPP_50_125_0.1_0.8_4.C	27	2.000	7.000	0.076
BPP_50_125_0.1_0.8_4.C	27	2.200	7.160	0.070
BPP_50_125_0.1_0.8_4.C	27	2.200	7.160	0.072
BPP_50_125_0.1_0.8_4.C	27	2.000	7.000	0.071
BPP_50_125_0.1_0.8_4.C	28	2.200	7.360	0.069
BPP_50_125_0.1_0.8_4.C	27	2.000	7.000	0.071
BPP_50_125_0.1_0.8_4.C	27	2.200	7.160	0.070
BPP_50_125_0.1_0.8_4.C	27	2.000	7.000	0.069
BPP_50_125_0.1_0.8_4.C	27	2.000	7.000	0.069
BPP_50_125_0.1_0.8_5.C	31	3.000	8.600	0.079
BPP_50_125_0.1_0.8_5.C	31	2.800	8.440	0.079
BPP_50_125_0.1_0.8_5.C	32	3.400	9.120	0.078
BPP_50_125_0.1_0.8_5.C	31	3.200	8.760	0.081
BPP_50_125_0.1_0.8_5.C	31	2.600	8.280	0.081
BPP_50_125_0.1_0.8_5.C	31	2.600	8.280	0.079
BPP_50_125_0.1_0.8_5.C	31	3.800	9.240	0.078
BPP_50_125_0.1_0.8_5.C	31	2.600	8.280	0.078
BPP_50_125_0.1_0.8_5.C	31	2.600	8.280	0.077
BPP_50_125_0.1_0.8_5.C	31	2.800	8.440	0.078
BPP_50_125_0.1_0.8_6.C	27	2.400	7.320	0.071
BPP_50_125_0.1_0.8_6.C	27	2.400	7.320	0.072
BPP_50_125_0.1_0.8_6.C	27	2.400	7.320	0.070
BPP_50_125_0.1_0.8_6.C	27	2.400	7.320	0.070
BPP_50_125_0.1_0.8_6.C	27	2.400	7.320	0.072
BPP_50_125_0.1_0.8_6.C	27	2.400	7.320	0.072
BPP_50_125_0.1_0.8_6.C	27	2.400	7.320	0.072
BPP_50_125_0.1_0.8_6.C	27	2.400	7.320	0.071
BPP_50_125_0.1_0.8_6.C	27	2.400	7.320	0.070
BPP_50_125_0.1_0.8_6.C	27	2.400	7.320	0.071
BPP_50_125_0.1_0.8_7.C	28	3.600	8.480	0.077
BPP_50_125_0.1_0.8_7.C	28	3.600	8.480	0.077
BPP_50_125_0.1_0.8_7.C	28	4.000	8.800	0.075
BPP_50_125_0.1_0.8_7.C	28	4.400	9.120	0.075
BPP_50_125_0.1_0.8_7.C	28	4.000	8.800	0.075
BPP_50_125_0.1_0.8_7.C	28	3.800	8.640	0.076
BPP_50_125_0.1_0.8_7.C	28	3.800	8.640	0.075
BPP_50_125_0.1_0.8_7.C	28	4.000	8.800	0.077
BPP_50_125_0.1_0.8_7.C	28	3.800	8.640	0.075
BPP_50_125_0.1_0.8_7.C	28	4.400	9.120	0.075
BPP_50_125_0.1_0.8_8.C	23	3.800	7.640	0.061
BPP_50_125_0.1_0.8_8.C	23	3.800	7.640	0.062
BPP_50_125_0.1_0.8_8.C	23	3.600	7.480	0.063
BPP_50_125_0.1_0.8_8.C	23	3.600	7.480	0.061
BPP_50_125_0.1_0.8_8.C	23	3.800	7.640	0.065
BPP_50_125_0.1_0.8_8.C	23	3.800	7.640	0.063
BPP_50_125_0.1_0.8_8.C	23	3.600	7.480	0.061
BPP_50_125_0.1_0.8_8.C	23	3.400	7.320	0.062
BPP_50_125_0.1_0.8_8.C	23	3.800	7.640	0.063
BPP_50_125_0.1_0.8_8.C	23	3.600	7.480	0.063
BPP_50_125_0.1_0.8_9.C	26	4.400	8.720	0.067
BPP_50_125_0.1_0.8_9.C	26	4.600	8.880	0.070
BPP_50_125_0.1_0.8_9.C	26	4.600	8.880	0.068
BPP_50_125_0.1_0.8_9.C	26	4.600	8.880	0.068
BPP_50_125_0.1_0.8_9.C	26	4.400	8.720	0.067
BPP_50_125_0.1_0.8_9.C	26	4.400	8.720	0.069
BPP_50_125_0.1_0.8_9.C	26	4.600	8.880	0.068
BPP_50_125_0.1_0.8_9.C	26	4.600	8.880	0.069
BPP_50_125_0.1_0.8_9.C	27	4.000	8.600	0.068
BPP_50_125_0.1_0.8_9.C	26	4.600	8.880	0.071
BPP_50_150_0.1_0.8_0.C	24	0.400	5.120	0.064
BPP_50_150_0.1_0.8_0.C	24	0.400	5.120	0.065
BPP_50_150_0.1_0.8_0.C	24	0.400	5.120	0.066
BPP_50_150_0.1_0.8_0.C	24	0.400	5.120	0.065
BPP_50_150_0.1_0.8_0.C	24	0.400	5.120	0.064
BPP_50_150_0.1_0.8_0.C	24	0.400	5.120	0.065
BPP_50_150_0.1_0.8_0.C	24	0.400	5.120	0.066
BPP_50_150_0.1_0.8_0.C	24	0.400	5.120	0.064
BPP_50_150_0.1_0.8_0.C	24	0.400	5.120	0.064
BPP_50_150_0.1_0.8_0.C	24	0.400	5.120	0.063
BPP_50_150_0.1_0.8_1.C	28	1.400	6.720	0.077
BPP_50_150_0.1_0.8_1.C	28	1.600	6.880	0.077
BPP_50_150_0.1_0.8_1.C	28	1.400	6.720	0.079
BPP_50_150_0.1_0.8_1.C	28	1.400	6.720	0.079
BPP_50_150_0.1_0.8_1.C	28	1.400	6.720	0.077
BPP_50_150_0.1_0.8_1.C	28	1.400	6.720	0.078
BPP_50_150_0.1_0.8_1.C	28	1.400	6.720	0.077
BPP_50_150_0.1_0.8_1.C	28	1.600	6.880	0.078
BPP_50_150_0.1_0.8_1.C	28	1.400	6.720	0.077
BPP_50_150_0.1_0.8_1.C	28	1.400	6.720	0.076
BPP_50_150_0.1_0.8_2.C	26	3.600	8.080	0.073
BPP_50_150_0.1_0.8_2.C	27	3.200	7.960	0.070
BPP_50_150_0.1_0.8_2.C	26	3.600	8.080	0.069
BPP_50_150_0.1_0.8_2.C	27	3.200	7.960	0.070
BPP_50_150_0.1_0.8_2.C	27	3.200	7.960	0.070
BPP_50_150_0.1_0.8_2.C	27	3.200	7.960	0.071
BPP_50_150_0.1_0.8_2.C	27	3.400	8.120	0.069
BPP_50_150_0.1_0.8_2.C	26	3.600	8.080	0.071
BPP_50_150_0.1_0.8_2.C	27	3.400	8.120	0.072
BPP_50_150_0.1_0.8_2.C	26	3.400	7.920	0.075
BPP_50_150_0.1_0.8_3.C	26	3.400	7.920	0.069
BPP_50_150_0.1_0.8_3.C	26	3.600	8.080	0.070
BPP_50_150_0.1_0.8_3.C	27	3.200	7.960	0.071
BPP_50_150_0.1_0.8_3.C	26	3.400	7.920	0.071
BPP_50_150_0.1_0.8_3.C	27	3.400	8.120	0.071
BPP_50_150_0.1_0.8_3.C	26	3.200	7.760	0.070
BPP_50_150_0.1_0.8_3.C	27	3.200	7.960	0.071
BPP_50_150_0.1_0.8_3.C	26	3.400	7.920	0.070
BPP_50_150_0.1_0.8_3.C	26	3.400	7.920	0.070
BPP_50_150_0.1_0.8_3.C	26	3.600	8.080	0.073
BPP_50_150_0.1_0.8_4.C	21	1.800	5.640	0.058
BPP_50_150_0.1_0.8_4.C	22	0.800	5.040	0.058
BPP_50_150_0.1_0.8_4.C	22	1.800	5.840	0.059
BPP_50_150_0.1_0.8_4.C	22	0.800	5.040	0.059
BPP_50_150_0.1_0.8_4.C	22	0.800	5.040	0.057
BPP_50_150_0.1_0.8_4.C	23	1.200	5.560	0.059
BPP_50_150_0.1_0.8_4.C	21	1.000	5.000	0.058
BPP_50_150_0.1_0.8_4.C	21	0.800	4.840	0.059
BPP_50_150_0.1_0.8_4.C	22	0.800	5.040	0.058
BPP_50_150_0.1_0.8_4.C	22	0.800	5.040	0.059
BPP_50_150_0.1_0.8_5.C	25	2.000	6.600	0.068
BPP_50_150_0.1_0.8_5.C	26	1.800	6.640	0.067
BPP_50_150_0.1_0.8_5.C	26	1.600	6.480	0.067
BPP_50_150_0.1_0.8_5.C	25	2.000	6.600	0.069
BPP_50_150_0.1_0.8_5.C	25	2.000	6.600	0.068
BPP_50_150_0.1_0.8_5.C	25	2.000	6.600	0.066
BPP_50_150_0.1_0.8_5.C	26	1.800	6.640	0.066
BPP_50_150_0.1_0.8_5.C	26	1.800	6.640	0.068
BPP_50_150_0.1_0.8_5.C	25	2.000	6.600	0.067
BPP_50_150_0.1_0.8_5.C	26	1.800	6.640	0.067
BPP_50_150_0.1_0.8_6.C	24	2.000	6.400	0.063
BPP_50_150_0.1_0.8_6.C	24	1.800	6.240	0.063
BPP_50_150_0.1_0.8_6.C	24	1.800	6.240	0.062
BPP_50_150_0.1_0.8_6.C	24	1.800	6.240	0.063
BPP_50_150_0.1_0.8_6.C	24	1.800	6.240	0.063
BPP_50_150_0.1_0.8_6.C	24	2.000	6.400	0.063
BPP_50_150_0.1_0.8_6.C	24	2.000	6.400	0.065
BPP_50_150_0.1_0.8_6.C	24	1.800	6.240	0.066
BPP_50_150_0.1_0.8_6.C	24	2.000	6.400	0.063
BPP_50_150_0.1_0.8_6.C	24	2.000	6.400	0.063
BPP_50_150_0.1_0.8_7.C	24	1.600	6.080	0.064
BPP_50_150_0.1_0.8_7.C	24	1.600	6.080	0.065
BPP_50_150_0.1_0.8_7.C	24	1.600	6.080	0.065
BPP_50_150_0.1_0.8_7.C	24	1.600	6.080	0.065
BPP_50_150_0.1_0.8_7.C	24	1.400	5.920	0.062
BPP_50_150_0.1_0.8_7.C	24	1.600	6.080	0.062
BPP_50_150_0.1_0.8_7.C	24	1.400	5.920	0.064
BPP_50_150_0.1_0.8_7.C	24	1.600	6.080	0.064
BPP_50_150_0.1_0.8_7.C	24	1.600	6.080	0.063
BPP_50_150_0.1_0.8_7.C	24	1.600	6.080	0.064
BPP_50_150_0.1_0.8_8.C	24	1.000	5.600	0.063
BPP_50_150_0.1_0.8_8.C	26	0.800	5.840	0.064
BPP_50_150_0.1_0.8_8.C	25	1.000	5.800	0.062
BPP_50_150_0.1_0.8_8.C	26	0.800	5.840	0.062
BPP_50_150_0.1_0.8_8.C	24	1.000	5.600	0.063
BPP_50_150_0.1_0.8_8.C	24	1.000	5.600	0.064
BPP_50_150_0.1_0.8_8.C	24	1.000	5.600	0.063
BPP_50_150_0.1_0.8_8.C	24	1.000	5.600	0.063
BPP_50_150_0.1_0.8_8.C	26	0.800	5.840	0.063
BPP_50_150_0.1_0.8_8.C	25	0.800	5.640	0.064
BPP_50_150_0.1_0.8_9.C	24	1.600	6.080	0.065
BPP_50_150_0.1_0.8_9.C	23	1.600	5.880	0.064
BPP_50_150_0.1_0.8_9.C	23	1.800	6.040	0.061
BPP_50_150_0.1_0.8_9.C	24	1.600	6.080	0.062
BPP_50_150_0.1_0.8_9.C	24	1.400	5.920	0.062
BPP_50_150_0.1_0.8_9.C	24	1.400	5.920	0.063
BPP_50_150_0.1_0.8_9.C	24	1.400	5.920	0.063
BPP_50_150_0.1_0.8_9.C	23	1.600	5.880	0.064
BPP_50_150_0.1_0.8_9.C	24	1.600	6.080	0.065
BPP_50_150_0.1_0.8_9.C	24	1.600	6.080	0.064
BPP_50_200_0.1_0.8_0.C	27	3.400	8.120	0.068
BPP_50_200_0.1_0.8_0.C	26	2.800	7.440	0.069
BPP_50_200_0.1_0.8_0.C	26	3.200	7.760	0.071
BPP_50_200_0.1_0.8_0.C	27	2.800	7.640	0.072
BPP_50_200_0.1_0.8_0.C	26	3.400	7.920	0.068
BPP_50_200_0.1_0.8_0.C	26	3.200	7.760	0.069
BPP_50_200_0.1_0.8_0.C	25	3.800	8.040	0.070
BPP_50_200_0.1_0.8_0.C	26	3.600	8.080	0.070
BPP_50_200_0.1_0.8_0.C	26	2.800	7.440	0.069
BPP_50_200_0.1_0.8_0.C	26	3.200	7.760	0.073
BPP_50_200_0.1_0.8_1.C	26	1.000	6.000	0.068
BPP_50_200_0.1_0.8_1.C	26	1.000	6.000	0.069
BPP_50_200_0.1_0.8_1.C	26	1.000	6.000	0.070
BPP_50_200_0.1_0.8_1.C	25	1.000	5.800	0.066
BPP_50_200_0.1_0.8_1.C	26	1.000	6.000	0.070
BPP_50_200_0.1_0.8_1.C	26	1.000	6.000	0.066
BPP_50_200_0.1_0.8_1.C	26	1.000	6.000	0.070
BPP_50_200_0.1_0.8_1.C	26	1.000	6.000	0.070
BPP_50_200_0.1_0.8_1.C	26	1.000	6.000	0.071
BPP_50_200_0.1_0.8_1.C	26	1.000	6.000	0.067
BPP_50_200_0.1_0.8_2.C	22	0.200	4.560	0.061
BPP_50_200_0.1_0.8_2.C	22	0.200	4.560	0.063
BPP_50_200_0.1_0.8_2.C	22	0.400	4.720	0.064
BPP_50_200_0.1_0.8_2.C	22	0.600	4.880	0.062
BPP_50_200_0.1_0.8_2.C	22	0.400	4.720	0.062
BPP_50_200_0.1_0.8_2.C	24	0.200	4.960	0.063
BPP_50_200_0.1_0.8_2.C	23	0.400	4.920	0.061
BPP_50_200_0.1_0.8_2.C	23	0.400	4.920	0.062
BPP_50_200_0.1_0.8_2.C	23	0.400	4.920	0.062
BPP_50_200_0.1_0.8_2.C	23	0.200	4.760	0.063
BPP_50_200_0.1_0.8_3.C	25	1.200	5.960	0.064
BPP_50_200_0.1_0.8_3.C	25	1.200	5.960	0.064
BPP_50_200_0.1_0.8_3.C	25	1.200	5.960	0.063
BPP_50_200_0.1_0.8_3.C	24	0.800	5.440	0.063
BPP_50_200_0.1_0.8_3.C	24	1.000	5.600	0.065
BPP_50_200_0.1_0.8_3.C	25	1.200	5.960	0.062
BPP_50_200_0.1_0.8_3.C	25	1.200	5.960	0.063
BPP_50_200_0.1_0.8_3.C	24	0.800	5.440	0.068
BPP_50_200_0.1_0.8_3.C	25	1.200	5.960	0.065
BPP_50_200_0.1_0.8_3.C	25	1.200	5.960	0.064
BPP_50_200_0.1_0.8_4.C	27	1.000	6.200	0.071
BPP_50_200_0.1_0.8_4.C	27	1.000	6.200	0.070
BPP_50_200_0.1_0.8_4.C	27	1.000	6.200	0.071
BPP_50_200_0.1_0.8_4.C	27	1.000	6.200	0.069
BPP_50_200_0.1_0.8_4.C	27	1.000	6.200	0.072
BPP_50_200_0.1_0.8_4.C	27	1.000	6.200	0.070
BPP_50_200_0.1_0.8_4.C	27	1.000	6.200	0.070
BPP_50_200_0.1_0.8_4.C	27	1.000	6.200	0.070
BPP_50_200_0.1_0.8_4.C	27	1.000	6.200	0.068
BPP_50_200_0.1_0.8_4.C	27	1.000	6.200	0.069
BPP_50_200_0.1_0.8_5.C	31	1.600	7.480	0.082
BPP_50_200_0.1_0.8_5.C	32	1.600	7.680	0.081
BPP_50_200_0.1_0.8_5.C	31	1.600	7.480	0.082
BPP_50_200_0.1_0.8_5.C	31	1.600	7.480	0.079
BPP_50_200_0.1_0.8_5.C	31	1.400	7.320	0.077
BPP_50_200_0.1_0.8_5.C	31	1.600	7.480	0.079
BPP_50_200_0.1_0.8_5.C	31	1.600	7.480	0.078
BPP_50_200_0.1_0.8_5.C	31	1.400	7.320	0.079
BPP_50_200_0.1_0.8_5.C	32	1.600	7.680	0.081
BPP_50_200_0.1_0.8_5.C	31	1.800	7.640	0.080
BPP_50_200_0.1_0.8_6.C	25	1.000	5.800	0.065
BPP_50_200_0.1_0.8_6.C	25	1.000	5.800	0.066
BPP_50_200_0.1_0.8_6.C	25	1.000	5.800	0.070
BPP_50_200_0.1_0.8_6.C	25	1.000	5.800	0.066
BPP_50_200_0.1_0.8_6.C	25	1.000	5.800	0.065
BPP_50_200_0.1_0.8_6.C	25	1.000	5.800	0.067
BPP_50_200_0.1_0.8_6.C	25	1.000	5.800	0.065
BPP_50_200_0.1_0.8_6.C	25	1.000	5.800	0.065
BPP_50_200_0.1_0.8_6.C	25	1.000	5.800	0.066
BPP_50_200_0.1_0.8_6.C	25	1.000	5.800	0.066
BPP_50_200_0.1_0.8_7.C	25	4.200	8.360	0.062
BPP_50_200_0.1_0.8_7.C	25	4.200	8.360	0.063
BPP_50_200_0.1_0.8_7.C	24	4.200	8.160	0.063
BPP_50_200_0.1_0.8_7.C	25	4.200	8.360	0.063
BPP_50_200_0.1_0.8_7.C	24	4.400	8.320	0.063
BPP_50_200_0.1_0.8_7.C	24	4.400	8.320	0.062
BPP_50_200_0.1_0.8_7.C	24	4.400	8.320	0.064
BPP_50_200_0.1_0.8_7.C	25	4.200	8.360	0.062
BPP_50_200_0.1_0.8_7.C	24	4.400	8.320	0.063
BPP_50_200_0.1_0.8_7.C	24	4.400	8.320	0.064
BPP_50_200_0.1_0.8_8.C	26	0.400	5.520	0.068
BPP_50_200_0.1_0.8_8.C	25	0.400	5.320	0.072
BPP_50_200_0.1_0.8_8.C	25	0.600	5.480	0.071
BPP_50_200_0.1_0.8_8.C	26	0.400	5.520	0.069
BPP_50_200_0.1_0.8_8.C	26	0.400	5.520	0.069
BPP_50_200_0.1_0.8_8.C	26	0.400	5.520	0.068
BPP_50_200_0.1_0.8_8.C	26	0.400	5.520	0.071
BPP_50_200_0.1_0.8_8.C	25	0.600	5.480	0.068
BPP_50_200_0.1_0.8_8.C	26	0.400	5.520	0.069
BPP_50_200_0.1_0.8_8.C	26	0.400	5.520	0.067
BPP_50_200_0.1_0.8_9.C	26	4.200	8.560	0.064
BPP_50_200_0.1_0.8_9.C	25	4.400	8.520	0.063
BPP_50_200_0.1_0.8_9.C	25	4.400	8.520	0.063
BPP_50_200_0.1_0.8_9.C	25	4.400	8.520	0.062
BPP_50_200_0.1_0.8_9.C	25	4.400	8.520	0.063
BPP_50_200_0.1_0.8_9.C	25	4.400	8.520	0.064
BPP_50_200_0.1_0.8_9.C	25	4.400	8.520	0.063
BPP_50_200_0.1_0.8_9.C	24	4.600	8.480	0.062
BPP_50_200_0.1_0.8_9.C	25	4.400	8.520	0.063
BPP_50_200_0.1_0.8_9.C	25	4.400	8.520	0.064
BPP_50_300_0.1_0.8_0.C	26	2.800	7.440	0.070
BPP_50_300_0.1_0.8_0.C	26	2.600	7.280	0.069
BPP_50_300_0.1_0.8_0.C	26	2.800	7.440	0.070
BPP_50_300_0.1_0.8_0.C	26	2.600	7.280	0.070
BPP_50_300_0.1_0.8_0.C	26	2.600	7.280	0.069
BPP_50_300_0.1_0.8_0.C	26	2.800	7.440	0.067
BPP_50_300_0.1_0.8_0.C	26	2.800	7.440	0.068
BPP_50_300_0.1_0.8_0.C	26	2.600	7.280	0.070
BPP_50_300_0.1_0.8_0.C	26	2.600	7.280	0.069
BPP_50_300_0.1_0.8_0.C	26	2.600	7.280	0.071
BPP_50_300_0.1_0.8_1.C	26	3.000	7.600	0.069
BPP_50_300_0.1_0.8_1.C	26	3.000	7.600	0.070
BPP_50_300_0.1_0.8_1.C	26	2.800	7.440	0.069
BPP_50_300_0.1_0.8_1.C	26	3.000	7.600	0.069
BPP_50_300_0.1_0.8_1.C	26	3.000	7.600	0.070
BPP_50_300_0.1_0.8_1.C	26	2.800	7.440	0.068
BPP_50_300_0.1_0.8_1.C	26	3.000	7.600	0.069
BPP_50_300_0.1_0.8_1.C	26	3.000	7.600	0.070
BPP_50_300_0.1_0.8_1.C	26	3.000	7.600	0.070
BPP_50_300_0.1_0.8_1.C	26	2.800	7.440	0.069
BPP_50_300_0.1_0.8_2.C	27	4.000	8.600	0.075
BPP_50_300_0.1_0.8_2.C	28	3.800	8.640	0.073
BPP_50_300_0.1_0.8_2.C	27	4.000	8.600	0.073
BPP_50_300_0.1_0.8_2.C	27	4.200	8.760	0.072
BPP_50_300_0.1_0.8_2.C	28	3.400	8.320	0.075
BPP_50_300_0.1_0.8_2.C	27	4.800	9.240	0.073
BPP_50_300_0.1_0.8_2.C	28	4.400	9.120	0.074
BPP_50_300_0.1_0.8_2.C	27	3.800	8.440	0.075
BPP_50_300_0.1_0.8_2.C	28	4.800	9.440	0.072
BPP_50_300_0.1_0.8_2.C	27	4.000	8.600	0.075
BPP_50_300_0.1_0.8_3.C	27	3.600	8.280	0.071
BPP_50_300_0.1_0.8_3.C	27	3.800	8.440	0.071
BPP_50_300_0.1_0.8_3.C	27	3.600	8.280	0.072
BPP_50_300_0.1_0.8_3.C	27	3.800	8.440	0.071
BPP_50_300_0.1_0.8_3.C	27	3.600	8.280	0.069
BPP_50_300_0.1_0.8_3.C	28	3.400	8.320	0.073
BPP_50_300_0.1_0.8_3.C	28	3.400	8.320	0.073
BPP_50_300_0.1_0.8_3.C	27	3.600	8.280	0.075
BPP_50_300_0.1_0.8_3.C	27	3.800	8.440	0.072
BPP_50_300_0.1_0.8_3.C	27	3.600	8.280	0.072
BPP_50_300_0.1_0.8_4.C	30	4.800	9.840	0.076
BPP_50_300_0.1_0.8_4.C	29	5.000	9.800	0.076
BPP_50_300_0.1_0.8_4.C	30	4.000	9.200	0.076
BPP_50_300_0.1_0.8_4.C	29	4.800	9.640	0.077
BPP_50_300_0.1_0.8_4.C	30	4.800	9.840	0.075
BPP_50_300_0.1_0.8_4.C	29	5.000	9.800	0.075
BPP_50_300_0.1_0.8_4.C	30	4.000	9.200	0.076
BPP_50_300_0.1_0.8_4.C	29	5.000	9.800	0.076
BPP_50_300_0.1_0.8_4.C	30	4.000	9.200	0.078
BPP_50_300_0.1_0.8_4.C	31	4.200	9.560	0.078
BPP_50_300_0.1_0.8_5.C	24	4.200	8.160	0.065
BPP_50_300_0.1_0.8_5.C	24	4.600	8.480	0.067
BPP_50_300_0.1_0.8_5.C	24	4.200	8.160	0.066
BPP_50_300_0.1_0.8_5.C	24	4.200	8.160	0.070
BPP_50_300_0.1_0.8_5.C	24	4.400	8.320	0.065
BPP_50_300_0.1_0.8_5.C	25	4.000	8.200	0.067
BPP_50_300_0.1_0.8_5.C	25	4.400	8.520	0.066
BPP_50_300_0.1_0.8_5.C	24	4.200	8.160	0.064
BPP_50_300_0.1_0.8_5.C	24	4.200	8.160	0.065
BPP_50_300_0.1_0.8_5.C	24	4.600	8.480	0.065
BPP_50_300_0.1_0.8_6.C	22	4.000	7.600	0.063
BPP_50_300_0.1_0.8_6.C	22	4.000	7.600	0.062
BPP_50_300_0.1_0.8_6.C	22	4.000	7.600	0.063
BPP_50_300_0.1_0.8_6.C	22	4.000	7.600	0.064
BPP_50_300_0.1_0.8_6.C	22	4.000	7.600	0.062
BPP_50_300_0.1_0.8_6.C	22	4.000	7.600	0.062
BPP_50_300_0.1_0.8_6.C	22	4.000	7.600	0.063
BPP_50_300_0.1_0.8_6.C	22	4.000	7.600	0.062
BPP_50_300_0.1_0.8_6.C	22	4.000	7.600	0.065
BPP_50_300_0.1_0.8_6.C	22	4.000	7.600	0.062
BPP_50_300_0.1_0.8_7.C	29	3.800	8.840	0.076
BPP_50_300_0.1_0.8_7.C	29	3.400	8.520	0.077
BPP_50_300_0.1_0.8_7.C	30	3.600	8.880	0.074
BPP_50_300_0.1_0.8_7.C	29	3.800	8.840	0.075
BPP_50_300_0.1_0.8_7.C	29	3.000	8.200	0.074
BPP_50_300_0.1_0.8_7.C	29	3.800	8.840	0.074
BPP_50_300_0.1_0.8_7.C	29	3.600	8.680	0.075
BPP_50_300_0.1_0.8_7.C	30	3.600	8.880	0.077
BPP_50_300_0.1_0.8_7.C	29	3.600	8.680	0.077
BPP_50_300_0.1_0.8_7.C	30	3.600	8.880	0.077
BPP_50_300_0.1_0.8_8.C	29	3.200	8.360	0.076
BPP_50_300_0.1_0.8_8.C	29	3.200	8.360	0.079
BPP_50_300_0.1_0.8_8.C	29	3.400	8.520	0.079
BPP_50_300_0.1_0.8_8.C	29	3.200	8.360	0.077
BPP_50_300_0.1_0.8_8.C	29	3.000	8.200	0.081
BPP_50_300_0.1_0.8_8.C	29	3.200	8.360	0.077
BPP_50_300_0.1_0.8_8.C	29	3.200	8.360	0.076
BPP_50_300_0.1_0.8_8.C	29	3.400	8.520	0.077
BPP_50_300_0.1_0.8_8.C	30	3.200	8.560	0.077
BPP_50_300_0.1_0.8_8.C	30	3.200	8.560	0.076
BPP_50_300_0.1_0.8_9.C	29	2.600	7.880	0.076
BPP_50_300_0.1_0.8_9.C	29	2.600	7.880	0.077
BPP_50_300_0.1_0.8_9.C	28	2.000	7.200	0.078
BPP_50_300_0.1_0.8_9.C	29	2.400	7.720	0.076
BPP_50_300_0.1_0.8_9.C	29	2.400	7.720	0.077
BPP_50_300_0.1_0.8_9.C	29	2.400	7.720	0.078
BPP_50_300_0.1_0.8_9.C	29	2.400	7.720	0.077
BPP_50_300_0.1_0.8_9.C	29	2.400	7.720	0.077
BPP_50_300_0.1_0.8_9.C	29	2.000	7.400	0.077
BPP_50_300_0.1_0.8_9.C	29	2.400	7.720	0.077
BPP_50_400_0.1_0.8_0.C	22	0.400	4.720	0.062
BPP_50_400_0.1_0.8_0.C	22	0.800	5.040	0.064
BPP_50_400_0.1_0.8_0.C	23	0.800	5.240	0.062
BPP_50_400_0.1_0.8_0.C	23	0.400	4.920	0.060
BPP_50_400_0.1_0.8_0.C	23	0.400	4.920	0.061
BPP_50_400_0.1_0.8_0.C	22	0.600	4.880	0.061
BPP_50_400_0.1_0.8_0.C	23	0.800	5.240	0.061
BPP_50_400_0.1_0.8_0.C	23	0.800	5.240	0.061
BPP_50_400_0.1_0.8_0.C	23	0.600	5.080	0.060
BPP_50_400_0.1_0.8_0.C	23	0.400	4.920	0.063
BPP_50_400_0.1_0.8_1.C	29	0.400	6.120	0.078
BPP_50_400_0.1_0.8_1.C	30	0.200	6.160	0.077
BPP_50_400_0.1_0.8_1.C	30	0.200	6.160	0.077
BPP_50_400_0.1_0.8_1.C	29	0.200	5.960	0.078
BPP_50_400_0.1_0.8_1.C	30	0.200	6.160	0.078
BPP_50_400_0.1_0.8_1.C	30	0.200	6.160	0.077
BPP_50_400_0.1_0.8_1.C	30	0.200	6.160	0.077
BPP_50_400_0.1_0.8_1.C	29	0.400	6.120	0.078
BPP_50_400_0.1_0.8_1.C	30	0.200	6.160	0.077
BPP_50_400_0.1_0.8_1.C	30	0.200	6.160	0.076
BPP_50_400_0.1_0.8_2.C	24	1.600	6.080	0.068
BPP_50_400_0.1_0.8_2.C	24	1.600	6.080	0.068
BPP_50_400_0.1_0.8_2.C	25	1.200	5.960	0.068
BPP_50_400_0.1_0.8_2.C	24	1.600	6.080	0.069
BPP_50_400_0.1_0.8_2.C	24	1.400	5.920	0.072
BPP_50_400_0.1_0.8_2.C	24	1.600	6.080	0.070
BPP_50_400_0.1_0.8_2.C	24	1.600	6.080	0.072
BPP_50_400_0.1_0.8_2.C	24	1.600	6.080	0.068
BPP_50_400_0.1_0.8_2.C	24	1.600	6.080	0.070
BPP_50_400_0.1_0.8_2.C	24	1.600	6.080	0.072
BPP_50_400_0.1_0.8_3.C	26	3.200	7.760	0.064
BPP_50_400_0.1_0.8_3.C	25	3.400	7.720	0.065
BPP_50_400_0.1_0.8_3.C	25	3.200	7.560	0.064
BPP_50_400_0.1_0.8_3.C	25	3.400	7.720	0.065
BPP_50_400_0.1_0.8_3.C	25	3.400	7.720	0.065
BPP_50_400_0.1_0.8_3.C	25	3.400	7.720	0.064
BPP_50_400_0.1_0.8_3.C	25	3.400	7.720	0.066
BPP_50_400_0.1_0.8_3.C	25	3.200	7.560	0.065
BPP_50_400_0.1_0.8_3.C	25	3.400	7.720	0.066
BPP_50_400_0.1_0.8_3.C	25	3.200	7.560	0.066
BPP_50_400_0.1_0.8_4.C	23	1.200	5.560	0.060
BPP_50_400_0.1_0.8_4.C	23	1.200	5.560	0.060
BPP_50_400_0.1_0.8_4.C	23	1.200	5.560	0.061
BPP_50_400_0.1_0.8_4.C	22	1.400	5.520	0.062
BPP_50_400_0.1_0.8_4.C	22	1.200	5.360	0.062
BPP_50_400_0.1_0.8_4.C	23	1.200	5.560	0.065
BPP_50_400_0.1_0.8_4.C	23	1.200	5.560	0.062
BPP_50_400_0.1_0.8_4.C	22	1.400	5.520	0.060
BPP_50_400_0.1_0.8_4.C	22	1.400	5.520	0.062
BPP_50_400_0.1_0.8_4.C	22	1.400	5.520	0.062
BPP_50_400_0.1_0.8_5.C	29	3.600	8.680	0.069
BPP_50_400_0.1_0.8_5.C	29	3.600	8.680	0.074
BPP_50_400_0.1_0.8_5.C	29	3.600	8.680	0.071
BPP_50_400_0.1_0.8_5.C	28	3.800	8.640	0.073
BPP_50_400_0.1_0.8_5.C	29	3.600	8.680	0.070
BPP_50_400_0.1_0.8_5.C	28	3.800	8.640	0.070
BPP_50_400_0.1_0.8_5.C	29	3.600	8.680	0.070
BPP_50_400_0.1_0.8_5.C	28	3.800	8.640	0.070
BPP_50_400_0.1_0.8_5.C	29	3.600	8.680	0.070
BPP_50_400_0.1_0.8_5.C	29	3.600	8.680	0.072
BPP_50_400_0.1_0.8_6.C	28	7.800	11.840	0.074
BPP_50_400_0.1_0.8_6.C	28	7.800	11.840	0.073
BPP_50_400_0.1_0.8_6.C	27	8.400	12.120	0.071
BPP_50_400_0.1_0.8_6.C	29	7.600	11.880	0.072
BPP_50_400_0.1_0.8_6.C	27	8.400	12.120	0.074
BPP_50_400_0.1_0.8_6.C	27	8.400	12.120	0.075
BPP_50_400_0.1_0.8_6.C	28	8.000	12.000	0.073
BPP_50_400_0.1_0.8_6.C	27	8.400	12.120	0.073
BPP_50_400_0.1_0.8_6.C	28	7.800	11.840	0.072
BPP_50_400_0.1_0.8_6.C	28	8.000	12.000	0.073
BPP_50_400_0.1_0.8_7.C	25	1.400	6.120	0.069
BPP_50_400_0.1_0.8_7.C	25	1.400	6.120	0.068
BPP_50_400_0.1_0.8_7.C	25	1.400	6.120	0.072
BPP_50_400_0.1_0.8_7.C	25	1.400	6.120	0.071
BPP_50_400_0.1_0.8_7.C	25	1.400	6.120	0.071
BPP_50_400_0.1_0.8_7.C	25	1.400	6.120	0.069
BPP_50_400_0.1_0.8_7.C	25	1.400	6.120	0.070
BPP_50_400_0.1_0.8_7.C	25	1.400	6.120	0.068
BPP_50_400_0.1_0.8_7.C	25	1.400	6.120	0.069
BPP_50_400_0.1_0.8_7.C	25	1.400	6.120	0.070
BPP_50_400_0.1_0.8_8.C	30	6.400	11.120	0.081
BPP_50_400_0.1_0.8_8.C	30	6.000	10.800	0.083
BPP_50_400_0.1_0.8_8.C	30	6.200	10.960	0.082
BPP_50_400_0.1_0.8_8.C	31	6.000	11.000	0.080
BPP_50_400_0.1_0.8_8.C	31	6.200	11.160	0.080
BPP_50_400_0.1_0.8_8.C	31	6.400	11.320	0.080
BPP_50_400_0.1_0.8_8.C	30	6.600	11.280	0.081
BPP_50_400_0.1_0.8_8.C	30	6.600	11.280	0.080
BPP_50_400_0.1_0.8_8.C	30	6.200	10.960	0.080
BPP_50_400_0.1_0.8_8.C	30	6.400	11.120	0.081
BPP_50_400_0.1_0.8_9.C	27	5.800	10.040	0.072
BPP_50_400_0.1_0.8_9.C	26	7.000	10.800	0.072
BPP_50_400_0.1_0.8_9.C	27	6.000	10.200	0.071
BPP_50_400_0.1_0.8_9.C	27	6.000	10.200	0.073
BPP_50_400_0.1_0.8_9.C	27	6.200	10.360	0.071
BPP_50_400_0.1_0.8_9.C	27	6.800	10.840	0.071
BPP_50_400_0.1_0.8_9.C	26	6.000	10.000	0.071
BPP_50_400_0.1_0.8_9.C	26	6.200	10.160	0.072
BPP_50_400_0.1_0.8_9.C	27	6.800	10.840	0.070
BPP_50_400_0.1_0.8_9.C	26	6.800	10.640	0.072
BPP_50_500_0.1_0.8_0.C	26	2.800	7.440	0.070
BPP_50_500_0.1_0.8_0.C	26	2.800	7.440	0.070
BPP_50_500_0.1_0.8_0.C	27	2.600	7.480	0.067
BPP_50_500_0.1_0.8_0.C	27	2.800	7.640	0.070
BPP_50_500_0.1_0.8_0.C	27	2.600	7.480	0.068
BPP_50_500_0.1_0.8_0.C	27	2.600	7.480	0.068
BPP_50_500_0.1_0.8_0.C	26	2.600	7.280	0.070
BPP_50_500_0.1_0.8_0.C	26	2.800	7.440	0.068
BPP_50_500_0.1_0.8_0.C	27	2.600	7.480	0.068
BPP_50_500_0.1_0.8_0.C	26	2.600	7.280	0.068
BPP_50_500_0.1_0.8_1.C	25	0.600	5.480	0.072
BPP_50_500_0.1_0.8_1.C	26	0.200	5.360	0.072
BPP_50_500_0.1_0.8_1.C	26	0.400	5.520	0.072
BPP_50_500_0.1_0.8_1.C	25	0.600	5.480	0.073
BPP_50_500_0.1_0.8_1.C	26	0.400	5.520	0.071
BPP_50_500_0.1_0.8_1.C	26	0.200	5.360	0.073
BPP_50_500_0.1_0.8_1.C	26	0.200	5.360	0.071
BPP_50_500_0.1_0.8_1.C	25	0.400	5.320	0.086
BPP_50_500_0.1_0.8_1.C	26	0.200	5.360	0.072
BPP_50_500_0.1_0.8_1.C	26	-0.000	5.200	0.072
BPP_50_500_0.1_0.8_2.C	27	1.200	6.360	0.072
BPP_50_500_0.1_0.8_2.C	27	1.000	6.200	0.071
BPP_50_500_0.1_0.8_2.C	27	1.200	6.360	0.071
BPP_50_500_0.1_0.8_2.C	27	1.200	6.360	0.071
BPP_50_500_0.1_0.8_2.C	27	1.200	6.360	0.072
BPP_50_500_0.1_0.8_2.C	27	1.200	6.360	0.072
BPP_50_500_0.1_0.8_2.C	27	1.000	6.200	0.070
BPP_50_500_0.1_0.8_2.C	27	1.200	6.360	0.074
BPP_50_500_0.1_0.8_2.C	27	1.200	6.360	0.073
BPP_50_500_0.1_0.8_2.C	27	1.200	6.360	0.070
BPP_50_500_0.1_0.8_3.C	24	4.000	8.000	0.063
BPP_50_500_0.1_0.8_3.C	24	4.000	8.000	0.069
BPP_50_500_0.1_0.8_3.C	24	3.800	7.840	0.065
BPP_50_500_0.1_0.8_3.C	24	4.000	8.000	0.064
BPP_50_500_0.1_0.8_3.C	23	4.200	7.960	0.065
BPP_50_500_0.1_0.8_3.C	24	3.600	7.680	0.064
BPP_50_500_0.1_0.8_3.C	24	3.600	7.680	0.067
BPP_50_500_0.1_0.8_3.C	24	3.600	7.680	0.067
BPP_50_500_0.1_0.8_3.C	24	3.800	7.840	0.065
BPP_50_500_0.1_0.8_3.C	24	3.800	7.840	0.065
BPP_50_500_0.1_0.8_4.C	24	1.600	6.080	0.064
BPP_50_500_0.1_0.8_4.C	23	2.000	6.200	0.063
BPP_50_500_0.1_0.8_4.C	23	1.600	5.880	0.063
BPP_50_500_0.1_0.8_4.C	23	1.800	6.040	0.063
BPP_50_500_0.1_0.8_4.C	23	1.800	6.040	0.061
BPP_50_500_0.1_0.8_4.C	23	1.600	5.880	0.061
BPP_50_500_0.1_0.8_4.C	23	1.600	5.880	0.063
BPP_50_500_0.1_0.8_4.C	23	1.600	5.880	0.062
BPP_50_500_0.1_0.8_4.C	24	1.600	6.080	0.062
BPP_50_500_0.1_0.8_4.C	23	2.000	6.200	0.062
BPP_50_500_0.1_0.8_5.C	27	3.000	7.800	0.072
BPP_50_500_0.1_0.8_5.C	28	2.800	7.840	0.074
BPP_50_500_0.1_0.8_5.C	27	2.800	7.640	0.071
BPP_50_500_0.1_0.8_5.C	27	3.000	7.800	0.070
BPP_50_500_0.1_0.8_5.C	28	2.800	7.840	0.072
BPP_50_500_0.1_0.8_5.C	28	2.800	7.840	0.071
BPP_50_500_0.1_0.8_5.C	28	2.800	7.840	0.071
BPP_50_500_0.1_0.8_5.C	28	2.800	7.840	0.071
BPP_50_500_0.1_0.8_5.C	27	2.600	7.480	0.071
BPP_50_500_0.1_0.8_5.C	27	3.000	7.800	0.072
BPP_50_500_0.1_0.8_6.C	23	1.000	5.400	0.063
BPP_50_500_0.1_0.8_6.C	24	0.800	5.440	0.065
BPP_50_500_0.1_0.8_6.C	24	0.800	5.440	0.063
BPP_50_500_0.1_0.8_6.C	24	0.800	5.440	0.063
BPP_50_500_0.1_0.8_6.C	23	1.000	5.400	0.062
BPP_50_500_0.1_0.8_6.C	24	0.800	5.440	0.064
BPP_50_500_0.1_0.8_6.C	23	1.000	5.400	0.062
BPP_50_500_0.1_0.8_6.C	24	0.800	5.440	0.063
BPP_50_500_0.1_0.8_6.C	23	0.800	5.240	0.063
BPP_50_500_0.1_0.8_6.C	23	0.800	5.240	0.062
BPP_50_500_0.1_0.8_7.C	28	1.800	7.040	0.071
BPP_50_500_0.1_0.8_7.C	28	1.800	7.040	0.072
BPP_50_500_0.1_0.8_7.C	28	1.800	7.040	0.069
BPP_50_500_0.1_0.8_7.C	28	2.400	7.520	0.072
BPP_50_500_0.1_0.8_7.C	28	1.800	7.040	0.072
BPP_50_500_0.1_0.8_7.C	28	2.400	7.520	0.071
BPP_50_500_0.1_0.8_7.C	28	1.800	7.040	0.071
BPP_50_500_0.1_0.8_7.C	28	1.800	7.040	0.072
BPP_50_500_0.1_0.8_7.C	28	1.800	7.040	0.071
BPP_50_500_0.1_0.8_7.C	28	1.800	7.040	0.072
BPP_50_500_0.1_0.8_8.C	27	2.200	7.160	0.074
BPP_50_500_0.1_0.8_8.C	28	1.800	7.040	0.074
BPP_50_500_0.1_0.8_8.C	28	1.800	7.040	0.079
BPP_50_500_0.1_0.8_8.C	28	1.800	7.040	0.074
BPP_50_500_0.1_0.8_8.C	28	2.000	7.200	0.072
BPP_50_500_0.1_0.8_8.C	27	2.000	7.000	0.072
BPP_50_500_0.1_0.8_8.C	28	1.800	7.040	0.073
BPP_50_500_0.1_0.8_8.C	28	1.800	7.040	0.074
BPP_50_500_0.1_0.8_8.C	28	1.800	7.040	0.074
BPP_50_500_0.1_0.8_8.C	28	1.800	7.040	0.078
BPP_50_500_0.1_0.8_9.C	26	0.800	5.840	0.069
BPP_50_500_0.1_0.8_9.C	26	0.800	5.840	0.070
BPP_50_500_0.1_0.8_9.C	26	0.800	5.840	0.069
BPP_50_500_0.1_0.8_9.C	27	0.800	6.040	0.069
BPP_50_500_0.1_0.8_9.C	26	0.800	5.840	0.070
BPP_50_500_0.1_0.8_9.C	26	0.800	5.840	0.068
BPP_50_500_0.1_0.8_9.C	27	0.800	6.040	0.068
BPP_50_500_0.1_0.8_9.C	27	0.800	6.040	0.069
BPP_50_500_0.1_0.8_9.C	26	1.000	6.000	0.069
BPP_50_500_0.1_0.8_9.C	26	0.800	5.840	0.072
BPP_50_50_0.1_0.8_0.C	26	3.000	7.600	0.071
BPP_50_50_0.1_0.8_0.C	25	3.000	7.400	0.071
BPP_50_50_0.1_0.8_0.C	25	2.800	7.240	0.071
BPP_50_50_0.1_0.8_0.C	25	3.400	7.720	0.070
BPP_50_50_0.1_0.8_0.C	26	3.000	7.600	0.070
BPP_50_50_0.1_0.8_0.C	26	2.800	7.440	0.070
BPP_50_50_0.1_0.8_0.C	26	3.000	7.600	0.070
BPP_50_50_0.1_0.8_0.C	26	3.000	7.600	0.071
BPP_50_50_0.1_0.8_0.C	26	3.000	7.600	0.071
BPP_50_50_0.1_0.8_0.C	26	3.000	7.600	0.070
BPP_50_50_0.1_0.8_1.C	29	1.200	6.760	0.078
BPP_50_50_0.1_0.8_1.C	30	1.000	6.800	0.079
BPP_50_50_0.1_0.8_1.C	30	1.000	6.800	0.080
BPP_50_50_0.1_0.8_1.C	29	1.200	6.760	0.077
BPP_50_50_0.1_0.8_1.C	30	1.000	6.800	0.077
BPP_50_50_0.1_0.8_1.C	30	1.000	6.800	0.077
BPP_50_50_0.1_0.8_1.C	29	1.200	6.760	0.076
BPP_50_50_0.1_0.8_1.C	30	1.000	6.800	0.077
BPP_50_50_0.1_0.8_1.C	30	1.000	6.800	0.078
BPP_50_50_0.1_0.8_1.C	30	1.000	6.800	0.077
BPP_50_50_0.1_0.8_2.C	27	2.800	7.640	0.072
BPP_50_50_0.1_0.8_2.C	28	2.400	7.520	0.073
BPP_50_50_0.1_0.8_2.C	27	2.400	7.320	0.073
BPP_50_50_0.1_0.8_2.C	27	2.800	7.640	0.073
BPP_50_50_0.1_0.8_2.C	27	2.600	7.480	0.071
BPP_50_50_0.1_0.8_2.C	28	2.400	7.520	0.069
BPP_50_50_0.1_0.8_2.C	27	2.600	7.480	0.072
BPP_50_50_0.1_0.8_2.C	28	2.400	7.520	0.070
BPP_50_50_0.1_0.8_2.C	27	2.600	7.480	0.071
BPP_50_50_0.1_0.8_2.C	27	2.600	7.480	0.072
BPP_50_50_0.1_0.8_3.C	22	1.600	5.680	0.061
BPP_50_50_0.1_0.8_3.C	22	1.600	5.680	0.063
BPP_50_50_0.1_0.8_3.C	22	1.600	5.680	0.062
BPP_50_50_0.1_0.8_3.C	22	1.600	5.680	0.061
BPP_50_50_0.1_0.8_3.C	22	1.600	5.680	0.062
BPP_50_50_0.1_0.8_3.C	22	1.600	5.680	0.062
BPP_50_50_0.1_0.8_3.C	22	1.600	5.680	0.061
BPP_50_50_0.1_0.8_3.C	22	1.600	5.680	0.062
BPP_50_50_0.1_0.8_3.C	22	1.600	5.680	0.063
BPP_50_50_0.1_0.8_3.C	22	1.600	5.680	0.062
BPP_50_50_0.1_0.8_4.C	25	4.200	8.360	0.067
BPP_50_50_0.1_0.8_4.C	25	4.200	8.360	0.067
BPP_50_50_0.1_0.8_4.C	26	3.800	8.240	0.068
BPP_50_50_0.1_0.8_4.C	26	3.800	8.240	0.068
BPP_50_50_0.1_0.8_4.C	26	3.800	8.240	0.067
BPP_50_50_0.1_0.8_4.C	26	3.800	8.240	0.067
BPP_50_50_0.1_0.8_4.C	26	3.800	8.240	0.071
BPP_50_50_0.1_0.8_4.C	26	3.800	8.240	0.068
BPP_50_50_0.1_0.8_4.C	26	4.000	8.400	0.068
BPP_50_50_0.1_0.8_4.C	26	4.000	8.400	0.069
BPP_50_50_0.1_0.8_5.C	26	2.800	7.440	0.073
BPP_50_50_0.1_0.8_5.C	26	2.600	7.280	0.075
BPP_50_50_0.1_0.8_5.C	26	2.800	7.440	0.073
BPP_50_50_0.1_0.8_5.C	26	2.800	7.440	0.074
BPP_50_50_0.1_0.8_5.C	26	2.800	7.440	0.072
BPP_50_50_0.1_0.8_5.C	26	2.800	7.440	0.075
BPP_50_50_0.1_0.8_5.C	26	2.800	7.440	0.076
BPP_50_50_0.1_0.8_5.C	26	2.600	7.280	0.073
BPP_50_50_0.1_0.8_5.C	26	2.800	7.440	0.075
BPP_50_50_0.1_0.8_5.C	26	2.800	7.440	0.076
BPP_50_50_0.1_0.8_6.C	26	3.800	8.240	0.066
BPP_50_50_0.1_0.8_6.C	25	4.000	8.200	0.069
BPP_50_50_0.1_0.8_6.C	26	3.800	8.240	0.067
BPP_50_50_0.1_0.8_6.C	25	4.000	8.200	0.067
BPP_50_50_0.1_0.8_6.C	26	3.800	8.240	0.069
BPP_50_50_0.1_0.8_6.C	25	4.000	8.200	0.066
BPP_50_50_0.1_0.8_6.C	26	3.800	8.240	0.066
BPP_50_50_0.1_0.8_6.C	26	3.800	8.240	0.066
BPP_50_50_0.1_0.8_6.C	25	4.000	8.200	0.068
BPP_50_50_0.1_0.8_6.C	25	4.000	8.200	0.066
BPP_50_50_0.1_0.8_7.C	26	5.400	9.520	0.073
BPP_50_50_0.1_0.8_7.C	26	5.000	9.200	0.069
BPP_50_50_0.1_0.8_7.C	27	4.400	8.920	0.069
BPP_50_50_0.1_0.8_7.C	27	5.200	9.560	0.070
BPP_50_50_0.1_0.8_7.C	27	4.400	8.920	0.070
BPP_50_50_0.1_0.8_7.C	26	4.400	8.720	0.070
BPP_50_50_0.1_0.8_7.C	26	4.400	8.720	0.069
BPP_50_50_0.1_0.8_7.C	27	4.800	9.240	0.070
BPP_50_50_0.1_0.8_7.C	26	4.600	8.880	0.069
BPP_50_50_0.1_0.8_7.C	26	4.600	8.880	0.072
BPP_50_50_0.1_0.8_8.C	25	4.000	8.200	0.068
BPP_50_50_0.1_0.8_8.C	25	4.000	8.200	0.065
BPP_50_50_0.1_0.8_8.C	25	4.000	8.200	0.067
BPP_50_50_0.1_0.8_8.C	25	4.000	8.200	0.066
BPP_50_50_0.1_0.8_8.C	25	4.000	8.200	0.066
BPP_50_50_0.1_0.8_8.C	25	4.000	8.200	0.064
BPP_50_50_0.1_0.8_8.C	25	4.000	8.200	0.075
BPP_50_50_0.1_0.8_8.C	25	4.000	8.200	0.067
BPP_50_50_0.1_0.8_8.C	25	4.000	8.200	0.066
BPP_50_50_0.1_0.8_8.C	25	4.000	8.200	0.066
BPP_50_50_0.1_0.8_9.C	26	5.000	9.200	0.069
BPP_50_50_0.1_0.8_9.C	26	5.000	9.200	0.069
BPP_50_50_0.1_0.8_9.C	26	5.200	9.360	0.069
BPP_50_50_0.1_0.8_9.C	26	5.200	9.360	0.069
BPP_50_50_0.1_0.8_9.C	26	5.000	9.200	0.070
BPP_50_50_0.1_0.8_9.C	26	5.000	9.200	0.067
BPP_50_50_0.1_0.8_9.C	26	5.000	9.200	0.068
BPP_50_50_0.1_0.8_9.C	26	5.000	9.200	0.069
BPP_50_50_0.1_0.8_9.C	25	4.000	8.200	0.071
BPP_50_50_0.1_0.8_9.C	26	5.000	9.200	0.070
BPP_50_750_0.1_0.8_0.C	32	4.600	10.080	0.081
BPP_50_750_0.1_0.8_0.C	31	5.000	10.200	0.080
BPP_50_750_0.1_0.8_0.C	31	5.000	10.200	0.082
BPP_50_750_0.1_0.8_0.C	31	4.800	10.040	0.080
BPP_50_750_0.1_0.8_0.C	31	5.000	10.200	0.085
BPP_50_750_0.1_0.8_0.C	31	5.000	10.200	0.080
BPP_50_750_0.1_0.8_0.C	32	4.800	10.240	0.081
BPP_50_750_0.1_0.8_0.C	31	4.800	10.040	0.080
BPP_50_750_0.1_0.8_0.C	31	4.800	10.040	0.081
BPP_50_750_0.1_0.8_0.C	31	5.000	10.200	0.079
BPP_50_750_0.1_0.8_1.C	24	6.200	9.760	0.066
BPP_50_750_0.1_0.8_1.C	24	6.200	9.760	0.064
BPP_50_750_0.1_0.8_1.C	24	6.200	9.760	0.065
BPP_50_750_0.1_0.8_1.C	24	6.000	9.600	0.066
BPP_50_750_0.1_0.8_1.C	25	5.600	9.480	0.066
BPP_50_750_0.1_0.8_1.C	25	5.600	9.480	0.066
BPP_50_750_0.1_0.8_1.C	24	6.000	9.600	0.066
BPP_50_750_0.1_0.8_1.C	25	5.800	9.640	0.064
BPP_50_750_0.1_0.8_1.C	24	6.200	9.760	0.065
BPP_50_750_0.1_0.8_1.C	25	5.800	9.640	0.070
BPP_50_750_0.1_0.8_2.C	27	0.000	5.400	0.073
BPP_50_750_0.1_0.8_2.C	27	0.000	5.400	0.072
BPP_50_750_0.1_0.8_2.C	27	0.000	5.400	0.072
BPP_50_750_0.1_0.8_2.C	27	0.000	5.400	0.073
BPP_50_750_0.1_0.8_2.C	27	0.000	5.400	0.073
BPP_50_750_0.1_0.8_2.C	27	0.000	5.400	0.074
BPP_50_750_0.1_0.8_2.C	27	0.000	5.400	0.073
BPP_50_750_0.1_0.8_2.C	27	0.000	5.400	0.071
BPP_50_750_0.1_0.8_2.C	27	0.000	5.400	0.073
BPP_50_750_0.1_0.8_2.C	27	0.000	5.400	0.071
BPP_50_750_0.1_0.8_3.C	26	-0.000	5.200	0.072
BPP_50_750_0.1_0.8_3.C	26	-0.000	5.200	0.073
BPP_50_750_0.1_0.8_3.C	26	-0.000	5.200	0.072
BPP_50_750_0.1_0.8_3.C	26	-0.000	5.200	0.071
BPP_50_750_0.1_0.8_3.C	26	-0.000	5.200	0.070
BPP_50_750_0.1_0.8_3.C	26	-0.000	5.200	0.070
BPP_50_750_0.1_0.8_3.C	26	-0.000	5.200	0.070
BPP_50_750_0.1_0.8_3.C	26	-0.000	5.200	0.069
BPP_50_750_0.1_0.8_3.C	26	-0.000	5.200	0.070
BPP_50_750_0.1_0.8_3.C	26	-0.000	5.200	0.072
BPP_50_750_0.1_0.8_4.C	25	-0.000	5.000	0.066
BPP_50_750_0.1_0.8_4.C	26	-0.000	5.200	0.067
BPP_50_750_0.1_0.8_4.C	26	-0.000	5.200	0.071
BPP_50_750_0.1_0.8_4.C	25	0.200	5.160	0.066
BPP_50_750_0.1_0.8_4.C	25	-0.000	5.000	0.067
BPP_50_750_0.1_0.8_4.C	25	-0.000	5.000	0.068
BPP_50_750_0.1_0.8_4.C	25	-0.000	5.000	0.069
BPP_50_750_0.1_0.8_4.C	25	0.200	5.160	0.066
BPP_50_750_0.1_0.8_4.C	25	-0.000	5.000	0.068
BPP_50_750_0.1_0.8_4.C	25	-0.000	5.000	0.067
BPP_50_750_0.1_0.8_5.C	27	0.000	5.400	0.074
BPP_50_750_0.1_0.8_5.C	27	0.000	5.400	0.072
BPP_50_750_0.1_0.8_5.C	27	0.000	5.400	0.072
BPP_50_750_0.1_0.8_5.C	26	0.200	5.360	0.073
BPP_50_750_0.1_0.8_5.C	27	0.000	5.400	0.072
BPP_50_750_0.1_0.8_5.C	27	0.000	5.400	0.073
BPP_50_750_0.1_0.8_5.C	27	0.000	5.400	0.072
BPP_50_750_0.1_0.8_5.C	27	0.000	5.400	0.073
BPP_50_750_0.1_0.8_5.C	27	0.000	5.400	0.072
BPP_50_750_0.1_0.8_5.C	27	0.000	5.400	0.070
BPP_50_750_0.1_0.8_6.C	26	-0.000	5.200	0.069
BPP_50_750_0.1_0.8_6.C	26	0.000	5.200	0.073
BPP_50_750_0.1_0.8_6.C	26	0.000	5.200	0.072
BPP_50_750_0.1_0.8_6.C	26	0.200	5.360	0.071
BPP_50_750_0.1_0.8_6.C	26	0.200	5.360	0.071
BPP_50_750_0.1_0.8_6.C	27	0.000	5.400	0.070
BPP_50_750_0.1_0.8_6.C	26	-0.000	5.200	0.071
BPP_50_750_0.1_0.8_6.C	26	0.000	5.200	0.070
BPP_50_750_0.1_0.8_6.C	26	-0.000	5.200	0.070
BPP_50_750_0.1_0.8_6.C	26	0.000	5.200	0.069
BPP_50_750_0.1_0.8_7.C	29	2.400	7.720	0.070
BPP_50_750_0.1_0.8_7.C	28	2.600	7.680	0.073
BPP_50_750_0.1_0.8_7.C	29	2.400	7.720	0.071
BPP_50_750_0.1_0.8_7.C	29	2.400	7.720	0.072
BPP_50_750_0.1_0.8_7.C	29	2.400	7.720	0.072
BPP_50_750_0.1_0.8_7.C	29	2.600	7.880	0.073
BPP_50_750_0.1_0.8_7.C	29	2.400	7.720	0.071
BPP_50_750_0.1_0.8_7.C	28	2.600	7.680	0.071
BPP_50_750_0.1_0.8_7.C	29	2.200	7.560	0.071
BPP_50_750_0.1_0.8_7.C	29	2.400	7.720	0.072
BPP_50_750_0.1_0.8_8.C	26	0.400	5.520	0.065
BPP_50_750_0.1_0.8_8.C	26	0.400	5.520	0.065
BPP_50_750_0.1_0.8_8.C	26	0.400	5.520	0.066
BPP_50_750_0.1_0.8_8.C	26	0.600	5.680	0.065
BPP_50_750_0.1_0.8_8.C	26	0.400	5.520	0.065
BPP_50_750_0.1_0.8_8.C	26	0.400	5.520	0.065
BPP_50_750_0.1_0.8_8.C	26	0.400	5.520	0.065
BPP_50_750_0.1_0.8_8.C	26	0.400	5.520	0.065
BPP_50_750_0.1_0.8_8.C	26	0.600	5.680	0.066
BPP_50_750_0.1_0.8_8.C	27	0.400	5.720	0.066
BPP_50_750_0.1_0.8_9.C	22	0.200	4.560	0.059
BPP_50_750_0.1_0.8_9.C	22	0.200	4.560	0.058
BPP_50_750_0.1_0.8_9.C	22	0.200	4.560	0.059
BPP_50_750_0.1_0.8_9.C	22	0.200	4.560	0.059
BPP_50_750_0.1_0.8_9.C	22	0.200	4.560	0.059
BPP_50_750_0.1_0.8_9.C	22	0.200	4.560	0.058
BPP_50_750_0.1_0.8_9.C	22	0.200	4.560	0.058
BPP_50_750_0.1_0.8_9.C	22	0.200	4.560	0.059
BPP_50_750_0.1_0.8_9.C	22	0.200	4.560	0.058
BPP_50_750_0.1_0.8_9.C	22	0.200	4.560	0.059
BPP_50_75_0.1_0.8_0.C	28	0.200	5.760	0.075
BPP_50_75_0.1_0.8_0.C	28	0.200	5.760	0.072
BPP_50_75_0.1_0.8_0.C	27	0.400	5.720	0.073
BPP_50_75_0.1_0.8_0.C	28	0.200	5.760	0.074
BPP_50_75_0.1_0.8_0.C	27	0.200	5.560	0.073
BPP_50_75_0.1_0.8_0.C	28	0.200	5.760	0.072
BPP_50_75_0.1_0.8_0.C	27	0.400	5.720	0.073
BPP_50_75_0.1_0.8_0.C	27	0.400	5.720	0.074
BPP_50_75_0.1_0.8_0.C	27	0.200	5.560	0.073
BPP_50_75_0.1_0.8_0.C	27	0.400	5.720	0.074
BPP_50_75_0.1_0.8_1.C	30	1.800	7.440	0.077
BPP_50_75_0.1_0.8_1.C	30	1.600	7.280	0.077
BPP_50_75_0.1_0.8_1.C	30	1.600	7.280	0.076
BPP_50_75_0.1_0.8_1.C	30	1.800	7.440	0.077
BPP_50_75_0.1_0.8_1.C	30	1.800	7.440	0.076
BPP_50_75_0.1_0.8_1.C	30	1.800	7.440	0.077
BPP_50_75_0.1_0.8_1.C	29	2.000	7.400	0.076
BPP_50_75_0.1_0.8_1.C	30	1.600	7.280	0.076
BPP_50_75_0.1_0.8_1.C	30	1.600	7.280	0.076
BPP_50_75_0.1_0.8_1.C	30	1.800	7.440	0.077
BPP_50_75_0.1_0.8_2.C	24	2.000	6.400	0.063
BPP_50_75_0.1_0.8_2.C	25	1.800	6.440	0.062
BPP_50_75_0.1_0.8_2.C	24	2.000	6.400	0.063
BPP_50_75_0.1_0.8_2.C	24	1.800	6.240	0.062
BPP_50_75_0.1_0.8_2.C	24	1.800	6.240	0.064
BPP_50_75_0.1_0.8_2.C	25	1.600	6.280	0.064
BPP_50_75_0.1_0.8_2.C	24	1.800	6.240	0.063
BPP_50_75_0.1_0.8_2.C	24	1.600	6.080	0.064
BPP_50_75_0.1_0.8_2.C	25	2.200	6.760	0.064
BPP_50_75_0.1_0.8_2.C	24	1.800	6.240	0.064
BPP_50_75_0.1_0.8_3.C	24	6.600	10.080	0.067
BPP_50_75_0.1_0.8_3.C	24	6.600	10.080	0.065
BPP_50_75_0.1_0.8_3.C	24	6.600	10.080	0.068
BPP_50_75_0.1_0.8_3.C	24	6.400	9.920	0.066
BPP_50_75_0.1_0.8_3.C	23	6.800	10.040	0.066
BPP_50_75_0.1_0.8_3.C	24	6.600	10.080	0.066
BPP_50_75_0.1_0.8_3.C	24	6.600	10.080	0.064
BPP_50_75_0.1_0.8_3.C	24	6.600	10.080	0.065
BPP_50_75_0.1_0.8_3.C	24	6.600	10.080	0.064
BPP_50_75_0.1_0.8_3.C	24	6.600	10.080	0.066
BPP_50_75_0.1_0.8_4.C	30	5.800	10.640	0.077
BPP_50_75_0.1_0.8_4.C	30	5.600	10.480	0.073
BPP_50_75_0.1_0.8_4.C	30	5.600	10.480	0.075
BPP_50_75_0.1_0.8_4.C	30	5.600	10.480	0.075
BPP_50_75_0.1_0.8_4.C	29	5.600	10.280	0.075
BPP_50_75_0.1_0.8_4.C	30	5.600	10.480	0.074
BPP_50_75_0.1_0.8_4.C	30	5.600	10.480	0.076
BPP_50_75_0.1_0.8_4.C	30	5.600	10.480	0.074
BPP_50_75_0.1_0.8_4.C	30	5.600	10.480	0.076
BPP_50_75_0.1_0.8_4.C	30	5.600	10.480	0.074
BPP_50_75_0.1_0.8_5.C	28	1.400	6.720	0.077
BPP_50_75_0.1_0.8_5.C	28	1.400	6.720	0.073
BPP_50_75_0.1_0.8_5.C	28	1.400	6.720	0.075
BPP_50_75_0.1_0.8_5.C	29	1.200	6.760	0.074
BPP_50_75_0.1_0.8_5.C	28	1.600	6.880	0.076
BPP_50_75_0.1_0.8_5.C	28	1.600	6.880	0.074
BPP_50_75_0.1_0.8_5.C	28	1.600	6.880	0.075
BPP_50_75_0.1_0.8_5.C	28	1.600	6.880	0.074
BPP_50_75_0.1_0.8_5.C	28	1.800	7.040	0.072
BPP_50_75_0.1_0.8_5.C	28	1.600	6.880	0.075
BPP_50_75_0.1_0.8_6.C	23	1.600	5.880	0.066
BPP_50_75_0.1_0.8_6.C	23	1.200	5.560	0.064
BPP_50_75_0.1_0.8_6.C	23	1.200	5.560	0.063
BPP_50_75_0.1_0.8_6.C	23	1.600	5.880	0.063
BPP_50_75_0.1_0.8_6.C	24	1.400	5.920	0.063
BPP_50_75_0.1_0.8_6.C	23	1.600	5.880	0.064
BPP_50_75_0.1_0.8_6.C	23	1.200	5.560	0.065
BPP_50_75_0.1_0.8_6.C	23	1.200	5.560	0.062
BPP_50_75_0.1_0.8_6.C	23	1.600	5.880	0.065
BPP_50_75_0.1_0.8_6.C	23	1.400	5.720	0.066
BPP_50_75_0.1_0.8_7.C	23	1.800	6.040	0.064
BPP_50_75_0.1_0.8_7.C	24	1.600	6.080	0.066
BPP_50_75_0.1_0.8_7.C	24	1.600	6.080	0.065
BPP_50_75_0.1_0.8_7.C	24	1.600	6.080	0.065
BPP_50_75_0.1_0.8_7.C	24	1.600	6.080	0.065
BPP_50_75_0.1_0.8_7.C	24	1.600	6.080	0.068
BPP_50_75_0.1_0.8_7.C	23	1.800	6.040	0.064
BPP_50_75_0.1_0.8_7.C	24	1.600	6.080	0.064
BPP_50_75_0.1_0.8_7.C	24	1.400	5.920	0.064
BPP_50_75_0.1_0.8_7.C	24	1.600	6.080	0.065
BPP_50_75_0.1_0.8_8.C	21	0.600	4.680	0.059
BPP_50_75_0.1_0.8_8.C	22	0.600	4.880	0.057
BPP_50_75_0.1_0.8_8.C	22	0.600	4.880	0.057
BPP_50_75_0.1_0.8_8.C	22	0.600	4.880	0.059
BPP_50_75_0.1_0.8_8.C	22	0.600	4.880	0.058
BPP_50_75_0.1_0.8_8.C	22	0.600	4.880	0.059
BPP_50_75_0.1_0.8_8.C	22	0.600	4.880	0.059
BPP_50_75_0.1_0.8_8.C	21	0.800	4.840	0.058
BPP_50_75_0.1_0.8_8.C	22	0.600	4.880	0.058
BPP_50_75_0.1_0.8_8.C	22	0.600	4.880	0.061
BPP_50_75_0.1_0.8_9.C	28	1.200	6.560	0.077
BPP_50_75_0.1_0.8_9.C	28	1.200	6.560	0.077
BPP_50_75_0.1_0.8_9.C	28	1.200	6.560	0.075
BPP_50_75_0.1_0.8_9.C	29	1.000	6.600	0.078
BPP_50_75_0.1_0.8_9.C	28	1.200	6.560	0.075
BPP_50_75_0.1_0.8_9.C	28	1.200	6.560	0.078
BPP_50_75_0.1_0.8_9.C	28	1.200	6.560	0.077
BPP_50_75_0.1_0.8_9.C	28	1.200	6.560	0.074
BPP_50_75_0.1_0.8_9.C	28	1.400	6.720	0.075
BPP_50_75_0.1_0.8_9.C	28	1.000	6.400	0.075
