***************************************** BIN PACKING SOLUTION *****************************************
Parameters: alpha_1=0.2 alpha_2=0.8 t=0.2 s=1
-------------------------------------------------------------------------------------------------------------------------------------------------
INSTANCE 	 # OF BINS 	 SCHEDULING OBJECTIVE 	 BEST OBJECTIVE 	 RUNNING TIME
-------------------------------------------------------------------------------------------------------------------------------------------------
BPP_new_20_1000_1.C	13	4.000	5.800	0.055
BPP_new_20_1000_1.C	13	4.000	5.800	0.050
BPP_new_20_1000_1.C	13	4.000	5.800	0.051
BPP_new_20_1000_1.C	13	4.000	5.800	0.051
BPP_new_20_1000_1.C	13	4.000	5.800	0.055
BPP_new_20_1000_1.C	13	4.000	5.800	0.073
BPP_new_20_1000_1.C	13	4.000	5.800	0.051
BPP_new_20_1000_1.C	13	4.000	5.800	0.050
BPP_new_20_1000_1.C	13	4.000	5.800	0.051
BPP_new_20_1000_1.C	13	4.000	5.800	0.051
BPP_new_20_1000_10.C	9	1.000	2.600	0.034
BPP_new_20_1000_10.C	9	1.000	2.600	0.034
BPP_new_20_1000_10.C	9	1.000	2.600	0.034
BPP_new_20_1000_10.C	9	1.000	2.600	0.034
BPP_new_20_1000_10.C	9	1.000	2.600	0.034
BPP_new_20_1000_10.C	9	1.000	2.600	0.034
BPP_new_20_1000_10.C	9	1.000	2.600	0.034
BPP_new_20_1000_10.C	9	1.000	2.600	0.034
BPP_new_20_1000_10.C	9	1.000	2.600	0.034
BPP_new_20_1000_10.C	9	1.000	2.600	0.034
BPP_new_20_1000_2.C	11	2.600	4.280	0.040
BPP_new_20_1000_2.C	11	2.600	4.280	0.040
BPP_new_20_1000_2.C	11	2.600	4.280	0.040
BPP_new_20_1000_2.C	11	2.600	4.280	0.040
BPP_new_20_1000_2.C	11	2.600	4.280	0.040
BPP_new_20_1000_2.C	11	2.600	4.280	0.040
BPP_new_20_1000_2.C	11	2.600	4.280	0.040
BPP_new_20_1000_2.C	11	2.600	4.280	0.040
BPP_new_20_1000_2.C	11	2.600	4.280	0.040
BPP_new_20_1000_2.C	11	2.600	4.280	0.040
BPP_new_20_1000_3.C	13	5.000	6.600	0.048
BPP_new_20_1000_3.C	13	5.000	6.600	0.047
BPP_new_20_1000_3.C	13	5.000	6.600	0.048
BPP_new_20_1000_3.C	13	5.000	6.600	0.047
BPP_new_20_1000_3.C	13	5.000	6.600	0.048
BPP_new_20_1000_3.C	13	5.000	6.600	0.048
BPP_new_20_1000_3.C	13	5.000	6.600	0.048
BPP_new_20_1000_3.C	13	5.000	6.600	0.047
BPP_new_20_1000_3.C	13	5.000	6.600	0.049
BPP_new_20_1000_3.C	13	5.000	6.600	0.049
BPP_new_20_1000_4.C	8	2.400	3.520	0.036
BPP_new_20_1000_4.C	8	2.400	3.520	0.036
BPP_new_20_1000_4.C	8	2.400	3.520	0.036
BPP_new_20_1000_4.C	8	2.400	3.520	0.036
BPP_new_20_1000_4.C	8	2.600	3.680	0.036
BPP_new_20_1000_4.C	8	2.600	3.680	0.036
BPP_new_20_1000_4.C	8	2.400	3.520	0.036
BPP_new_20_1000_4.C	8	2.400	3.520	0.036
BPP_new_20_1000_4.C	8	2.400	3.520	0.035
BPP_new_20_1000_4.C	8	2.400	3.520	0.035
BPP_new_20_1000_5.C	10	1.400	3.120	0.041
BPP_new_20_1000_5.C	10	1.400	3.120	0.040
BPP_new_20_1000_5.C	10	1.400	3.120	0.040
BPP_new_20_1000_5.C	10	1.400	3.120	0.041
BPP_new_20_1000_5.C	10	1.400	3.120	0.040
BPP_new_20_1000_5.C	10	1.400	3.120	0.040
BPP_new_20_1000_5.C	10	1.400	3.120	0.040
BPP_new_20_1000_5.C	10	1.400	3.120	0.040
BPP_new_20_1000_5.C	10	1.400	3.120	0.040
BPP_new_20_1000_5.C	10	1.400	3.120	0.040
BPP_new_20_1000_6.C	10	1.400	3.120	0.041
BPP_new_20_1000_6.C	10	1.400	3.120	0.041
BPP_new_20_1000_6.C	10	1.400	3.120	0.041
BPP_new_20_1000_6.C	10	1.400	3.120	0.041
BPP_new_20_1000_6.C	10	1.400	3.120	0.040
BPP_new_20_1000_6.C	10	1.400	3.120	0.041
BPP_new_20_1000_6.C	10	1.400	3.120	0.041
BPP_new_20_1000_6.C	10	1.400	3.120	0.041
BPP_new_20_1000_6.C	10	1.400	3.120	0.041
BPP_new_20_1000_6.C	10	1.400	3.120	0.041
BPP_new_20_1000_7.C	10	1.000	2.800	0.040
BPP_new_20_1000_7.C	10	1.000	2.800	0.038
BPP_new_20_1000_7.C	10	1.000	2.800	0.039
BPP_new_20_1000_7.C	10	1.000	2.800	0.039
BPP_new_20_1000_7.C	10	1.000	2.800	0.039
BPP_new_20_1000_7.C	10	1.000	2.800	0.039
BPP_new_20_1000_7.C	10	1.000	2.800	0.039
BPP_new_20_1000_7.C	10	1.000	2.800	0.039
BPP_new_20_1000_7.C	10	1.000	2.800	0.040
BPP_new_20_1000_7.C	10	1.000	2.800	0.039
BPP_new_20_1000_8.C	9	3.000	4.200	0.037
BPP_new_20_1000_8.C	9	3.000	4.200	0.037
BPP_new_20_1000_8.C	9	3.000	4.200	0.037
BPP_new_20_1000_8.C	9	3.000	4.200	0.038
BPP_new_20_1000_8.C	9	3.000	4.200	0.038
BPP_new_20_1000_8.C	9	3.000	4.200	0.039
BPP_new_20_1000_8.C	9	3.000	4.200	0.037
BPP_new_20_1000_8.C	9	3.000	4.200	0.037
BPP_new_20_1000_8.C	9	3.200	4.360	0.038
BPP_new_20_1000_8.C	9	3.000	4.200	0.037
BPP_new_20_1000_9.C	13	3.000	5.000	0.051
BPP_new_20_1000_9.C	13	3.000	5.000	0.050
BPP_new_20_1000_9.C	13	3.000	5.000	0.050
BPP_new_20_1000_9.C	13	3.000	5.000	0.060
BPP_new_20_1000_9.C	13	3.000	5.000	0.049
BPP_new_20_1000_9.C	13	3.000	5.000	0.049
BPP_new_20_1000_9.C	13	3.000	5.000	0.049
BPP_new_20_1000_9.C	13	3.000	5.000	0.050
BPP_new_20_1000_9.C	13	3.000	5.000	0.049
BPP_new_20_1000_9.C	13	3.000	5.000	0.049
BPP_new_20_100_1.C	11	3.600	5.080	0.004
BPP_new_20_100_1.C	11	3.600	5.080	0.004
BPP_new_20_100_1.C	11	3.800	5.240	0.004
BPP_new_20_100_1.C	11	3.600	5.080	0.004
BPP_new_20_100_1.C	11	3.600	5.080	0.004
BPP_new_20_100_1.C	11	3.600	5.080	0.004
BPP_new_20_100_1.C	11	3.600	5.080	0.004
BPP_new_20_100_1.C	11	3.600	5.080	0.004
BPP_new_20_100_1.C	11	3.600	5.080	0.004
BPP_new_20_100_1.C	11	3.600	5.080	0.004
BPP_new_20_100_10.C	9	2.400	3.720	0.003
BPP_new_20_100_10.C	9	2.400	3.720	0.003
BPP_new_20_100_10.C	9	2.400	3.720	0.003
BPP_new_20_100_10.C	9	2.400	3.720	0.004
BPP_new_20_100_10.C	9	2.400	3.720	0.003
BPP_new_20_100_10.C	9	2.400	3.720	0.003
BPP_new_20_100_10.C	9	2.400	3.720	0.003
BPP_new_20_100_10.C	9	2.400	3.720	0.003
BPP_new_20_100_10.C	9	2.400	3.720	0.003
BPP_new_20_100_10.C	9	2.400	3.720	0.003
BPP_new_20_100_2.C	13	3.000	5.000	0.004
BPP_new_20_100_2.C	13	3.000	5.000	0.004
BPP_new_20_100_2.C	13	3.000	5.000	0.004
BPP_new_20_100_2.C	13	3.000	5.000	0.004
BPP_new_20_100_2.C	13	3.000	5.000	0.004
BPP_new_20_100_2.C	13	3.000	5.000	0.004
BPP_new_20_100_2.C	13	3.000	5.000	0.004
BPP_new_20_100_2.C	13	3.000	5.000	0.004
BPP_new_20_100_2.C	13	3.000	5.000	0.004
BPP_new_20_100_2.C	13	3.000	5.000	0.004
BPP_new_20_100_3.C	8	0.200	1.760	0.003
BPP_new_20_100_3.C	8	0.200	1.760	0.003
BPP_new_20_100_3.C	8	0.200	1.760	0.003
BPP_new_20_100_3.C	8	0.200	1.760	0.003
BPP_new_20_100_3.C	8	0.200	1.760	0.003
BPP_new_20_100_3.C	8	0.200	1.760	0.003
BPP_new_20_100_3.C	8	0.200	1.760	0.003
BPP_new_20_100_3.C	8	0.200	1.760	0.003
BPP_new_20_100_3.C	8	0.200	1.760	0.003
BPP_new_20_100_3.C	8	0.200	1.760	0.003
BPP_new_20_100_4.C	10	2.200	3.760	0.003
BPP_new_20_100_4.C	10	2.200	3.760	0.004
BPP_new_20_100_4.C	10	2.200	3.760	0.004
BPP_new_20_100_4.C	10	2.200	3.760	0.004
BPP_new_20_100_4.C	10	2.200	3.760	0.003
BPP_new_20_100_4.C	10	2.200	3.760	0.003
BPP_new_20_100_4.C	10	2.200	3.760	0.004
BPP_new_20_100_4.C	10	2.200	3.760	0.004
BPP_new_20_100_4.C	10	2.200	3.760	0.004
BPP_new_20_100_4.C	10	2.200	3.760	0.004
BPP_new_20_100_5.C	11	2.400	4.120	0.004
BPP_new_20_100_5.C	12	2.200	4.160	0.004
BPP_new_20_100_5.C	11	2.400	4.120	0.004
BPP_new_20_100_5.C	11	2.400	4.120	0.004
BPP_new_20_100_5.C	12	2.200	4.160	0.004
BPP_new_20_100_5.C	12	2.200	4.160	0.004
BPP_new_20_100_5.C	12	2.200	4.160	0.004
BPP_new_20_100_5.C	12	2.200	4.160	0.004
BPP_new_20_100_5.C	12	2.200	4.160	0.004
BPP_new_20_100_5.C	12	2.200	4.160	0.004
BPP_new_20_100_6.C	8	1.600	2.880	0.003
BPP_new_20_100_6.C	8	1.600	2.880	0.003
BPP_new_20_100_6.C	8	1.600	2.880	0.003
BPP_new_20_100_6.C	8	1.600	2.880	0.003
BPP_new_20_100_6.C	8	1.600	2.880	0.003
BPP_new_20_100_6.C	8	1.600	2.880	0.003
BPP_new_20_100_6.C	8	1.600	2.880	0.003
BPP_new_20_100_6.C	8	1.600	2.880	0.003
BPP_new_20_100_6.C	8	1.600	2.880	0.003
BPP_new_20_100_6.C	8	1.600	2.880	0.003
BPP_new_20_100_7.C	8	0.800	2.240	0.003
BPP_new_20_100_7.C	8	0.800	2.240	0.003
BPP_new_20_100_7.C	8	0.800	2.240	0.003
BPP_new_20_100_7.C	8	0.800	2.240	0.003
BPP_new_20_100_7.C	8	0.800	2.240	0.003
BPP_new_20_100_7.C	8	0.800	2.240	0.003
BPP_new_20_100_7.C	8	0.800	2.240	0.003
BPP_new_20_100_7.C	8	0.800	2.240	0.003
BPP_new_20_100_7.C	8	0.800	2.240	0.003
BPP_new_20_100_7.C	8	0.800	2.240	0.003
BPP_new_20_100_8.C	11	3.200	4.760	0.003
BPP_new_20_100_8.C	11	3.200	4.760	0.004
BPP_new_20_100_8.C	11	3.200	4.760	0.004
BPP_new_20_100_8.C	11	3.200	4.760	0.004
BPP_new_20_100_8.C	11	3.200	4.760	0.004
BPP_new_20_100_8.C	11	3.200	4.760	0.004
BPP_new_20_100_8.C	11	3.200	4.760	0.004
BPP_new_20_100_8.C	11	3.200	4.760	0.004
BPP_new_20_100_8.C	11	3.200	4.760	0.004
BPP_new_20_100_8.C	11	3.200	4.760	0.004
BPP_new_20_100_9.C	14	3.000	5.200	0.004
BPP_new_20_100_9.C	14	3.000	5.200	0.004
BPP_new_20_100_9.C	14	3.000	5.200	0.004
BPP_new_20_100_9.C	14	3.000	5.200	0.004
BPP_new_20_100_9.C	14	3.000	5.200	0.004
BPP_new_20_100_9.C	14	3.000	5.200	0.004
BPP_new_20_100_9.C	14	3.000	5.200	0.004
BPP_new_20_100_9.C	14	3.000	5.200	0.004
BPP_new_20_100_9.C	14	3.000	5.200	0.005
BPP_new_20_100_9.C	14	3.000	5.200	0.004
BPP_new_20_120_1.C	11	1.400	3.320	0.004
BPP_new_20_120_1.C	11	1.400	3.320	0.004
BPP_new_20_120_1.C	11	1.400	3.320	0.004
BPP_new_20_120_1.C	11	1.400	3.320	0.004
BPP_new_20_120_1.C	11	1.400	3.320	0.004
BPP_new_20_120_1.C	11	1.400	3.320	0.004
BPP_new_20_120_1.C	11	1.400	3.320	0.004
BPP_new_20_120_1.C	11	1.400	3.320	0.004
BPP_new_20_120_1.C	11	1.400	3.320	0.004
BPP_new_20_120_1.C	11	1.400	3.320	0.004
BPP_new_20_120_10.C	15	4.200	6.360	0.005
BPP_new_20_120_10.C	15	4.200	6.360	0.005
BPP_new_20_120_10.C	15	4.200	6.360	0.005
BPP_new_20_120_10.C	15	4.200	6.360	0.005
BPP_new_20_120_10.C	15	4.200	6.360	0.005
BPP_new_20_120_10.C	15	4.200	6.360	0.005
BPP_new_20_120_10.C	15	4.200	6.360	0.005
BPP_new_20_120_10.C	15	4.200	6.360	0.005
BPP_new_20_120_10.C	15	4.200	6.360	0.005
BPP_new_20_120_10.C	15	4.200	6.360	0.005
BPP_new_20_120_2.C	10	2.800	4.240	0.004
BPP_new_20_120_2.C	10	2.800	4.240	0.004
BPP_new_20_120_2.C	10	2.800	4.240	0.004
BPP_new_20_120_2.C	10	2.800	4.240	0.004
BPP_new_20_120_2.C	10	2.800	4.240	0.004
BPP_new_20_120_2.C	10	2.800	4.240	0.004
BPP_new_20_120_2.C	10	2.800	4.240	0.004
BPP_new_20_120_2.C	10	2.800	4.240	0.004
BPP_new_20_120_2.C	10	2.800	4.240	0.004
BPP_new_20_120_2.C	10	2.800	4.240	0.004
BPP_new_20_120_3.C	11	2.800	4.440	0.004
BPP_new_20_120_3.C	11	2.800	4.440	0.004
BPP_new_20_120_3.C	11	2.800	4.440	0.005
BPP_new_20_120_3.C	11	2.800	4.440	0.004
BPP_new_20_120_3.C	11	2.800	4.440	0.004
BPP_new_20_120_3.C	11	2.800	4.440	0.004
BPP_new_20_120_3.C	11	2.800	4.440	0.004
BPP_new_20_120_3.C	11	2.800	4.440	0.004
BPP_new_20_120_3.C	11	2.800	4.440	0.004
BPP_new_20_120_3.C	11	2.800	4.440	0.004
BPP_new_20_120_4.C	11	2.600	4.280	0.004
BPP_new_20_120_4.C	11	2.600	4.280	0.004
BPP_new_20_120_4.C	11	2.600	4.280	0.004
BPP_new_20_120_4.C	11	2.600	4.280	0.004
BPP_new_20_120_4.C	11	2.600	4.280	0.004
BPP_new_20_120_4.C	11	2.600	4.280	0.004
BPP_new_20_120_4.C	11	2.600	4.280	0.004
BPP_new_20_120_4.C	11	2.600	4.280	0.004
BPP_new_20_120_4.C	11	2.600	4.280	0.004
BPP_new_20_120_4.C	11	2.600	4.280	0.004
BPP_new_20_120_5.C	11	2.000	3.800	0.004
BPP_new_20_120_5.C	11	2.000	3.800	0.004
BPP_new_20_120_5.C	11	2.000	3.800	0.004
BPP_new_20_120_5.C	11	2.000	3.800	0.004
BPP_new_20_120_5.C	11	2.000	3.800	0.004
BPP_new_20_120_5.C	11	2.000	3.800	0.004
BPP_new_20_120_5.C	11	2.000	3.800	0.004
BPP_new_20_120_5.C	11	2.000	3.800	0.004
BPP_new_20_120_5.C	11	2.000	3.800	0.004
BPP_new_20_120_5.C	11	2.000	3.800	0.004
BPP_new_20_120_6.C	9	0.800	2.440	0.003
BPP_new_20_120_6.C	9	0.800	2.440	0.003
BPP_new_20_120_6.C	9	0.800	2.440	0.003
BPP_new_20_120_6.C	9	0.800	2.440	0.003
BPP_new_20_120_6.C	9	0.800	2.440	0.003
BPP_new_20_120_6.C	9	0.800	2.440	0.003
BPP_new_20_120_6.C	9	0.800	2.440	0.003
BPP_new_20_120_6.C	9	0.800	2.440	0.003
BPP_new_20_120_6.C	9	0.800	2.440	0.003
BPP_new_20_120_6.C	9	0.800	2.440	0.003
BPP_new_20_120_7.C	10	1.000	2.800	0.004
BPP_new_20_120_7.C	10	0.600	2.480	0.004
BPP_new_20_120_7.C	10	0.600	2.480	0.004
BPP_new_20_120_7.C	10	0.600	2.480	0.004
BPP_new_20_120_7.C	10	0.600	2.480	0.004
BPP_new_20_120_7.C	10	1.000	2.800	0.004
BPP_new_20_120_7.C	10	0.600	2.480	0.004
BPP_new_20_120_7.C	10	0.600	2.480	0.004
BPP_new_20_120_7.C	10	0.600	2.480	0.004
BPP_new_20_120_7.C	10	0.600	2.480	0.004
BPP_new_20_120_8.C	11	5.000	6.200	0.004
BPP_new_20_120_8.C	11	5.000	6.200	0.004
BPP_new_20_120_8.C	11	5.000	6.200	0.004
BPP_new_20_120_8.C	11	5.000	6.200	0.004
BPP_new_20_120_8.C	11	5.000	6.200	0.004
BPP_new_20_120_8.C	11	5.000	6.200	0.004
BPP_new_20_120_8.C	11	5.000	6.200	0.004
BPP_new_20_120_8.C	11	5.000	6.200	0.004
BPP_new_20_120_8.C	11	5.000	6.200	0.004
BPP_new_20_120_8.C	11	5.000	6.200	0.004
BPP_new_20_120_9.C	13	2.400	4.520	0.005
BPP_new_20_120_9.C	13	2.400	4.520	0.005
BPP_new_20_120_9.C	13	2.400	4.520	0.005
BPP_new_20_120_9.C	13	2.400	4.520	0.005
BPP_new_20_120_9.C	13	2.400	4.520	0.005
BPP_new_20_120_9.C	13	2.400	4.520	0.005
BPP_new_20_120_9.C	13	2.400	4.520	0.005
BPP_new_20_120_9.C	13	2.400	4.520	0.005
BPP_new_20_120_9.C	13	2.400	4.520	0.005
BPP_new_20_120_9.C	13	2.400	4.520	0.005
BPP_new_20_125_1.C	12	4.800	6.240	0.005
BPP_new_20_125_1.C	12	4.800	6.240	0.005
BPP_new_20_125_1.C	12	4.800	6.240	0.005
BPP_new_20_125_1.C	12	4.800	6.240	0.005
BPP_new_20_125_1.C	12	4.800	6.240	0.005
BPP_new_20_125_1.C	12	4.800	6.240	0.005
BPP_new_20_125_1.C	12	4.800	6.240	0.005
BPP_new_20_125_1.C	12	4.800	6.240	0.005
BPP_new_20_125_1.C	12	4.800	6.240	0.005
BPP_new_20_125_1.C	12	4.800	6.240	0.005
BPP_new_20_125_10.C	9	1.000	2.600	0.004
BPP_new_20_125_10.C	9	1.000	2.600	0.004
BPP_new_20_125_10.C	9	1.000	2.600	0.004
BPP_new_20_125_10.C	9	1.000	2.600	0.004
BPP_new_20_125_10.C	9	1.000	2.600	0.004
BPP_new_20_125_10.C	9	1.000	2.600	0.004
BPP_new_20_125_10.C	9	1.000	2.600	0.004
BPP_new_20_125_10.C	9	1.000	2.600	0.004
BPP_new_20_125_10.C	9	1.000	2.600	0.004
BPP_new_20_125_10.C	9	1.000	2.600	0.004
BPP_new_20_125_2.C	8	2.200	3.360	0.003
BPP_new_20_125_2.C	8	2.200	3.360	0.003
BPP_new_20_125_2.C	8	2.200	3.360	0.003
BPP_new_20_125_2.C	8	2.200	3.360	0.003
BPP_new_20_125_2.C	8	2.200	3.360	0.003
BPP_new_20_125_2.C	8	2.200	3.360	0.003
BPP_new_20_125_2.C	8	2.200	3.360	0.003
BPP_new_20_125_2.C	8	2.200	3.360	0.003
BPP_new_20_125_2.C	8	2.200	3.360	0.003
BPP_new_20_125_2.C	8	2.200	3.360	0.003
BPP_new_20_125_3.C	10	1.000	2.800	0.004
BPP_new_20_125_3.C	10	1.000	2.800	0.004
BPP_new_20_125_3.C	10	1.000	2.800	0.004
BPP_new_20_125_3.C	10	1.000	2.800	0.004
BPP_new_20_125_3.C	10	1.000	2.800	0.004
BPP_new_20_125_3.C	10	1.000	2.800	0.004
BPP_new_20_125_3.C	10	1.000	2.800	0.004
BPP_new_20_125_3.C	10	1.000	2.800	0.004
BPP_new_20_125_3.C	10	1.000	2.800	0.004
BPP_new_20_125_3.C	10	1.000	2.800	0.004
BPP_new_20_125_4.C	11	2.000	3.800	0.004
BPP_new_20_125_4.C	11	2.000	3.800	0.004
BPP_new_20_125_4.C	11	2.000	3.800	0.004
BPP_new_20_125_4.C	11	2.000	3.800	0.004
BPP_new_20_125_4.C	11	2.000	3.800	0.004
BPP_new_20_125_4.C	11	2.000	3.800	0.004
BPP_new_20_125_4.C	11	2.000	3.800	0.004
BPP_new_20_125_4.C	11	2.000	3.800	0.005
BPP_new_20_125_4.C	11	2.000	3.800	0.004
BPP_new_20_125_4.C	11	2.000	3.800	0.004
BPP_new_20_125_5.C	13	4.000	5.800	0.005
BPP_new_20_125_5.C	13	4.000	5.800	0.005
BPP_new_20_125_5.C	13	4.000	5.800	0.005
BPP_new_20_125_5.C	13	4.000	5.800	0.005
BPP_new_20_125_5.C	13	4.000	5.800	0.005
BPP_new_20_125_5.C	13	4.000	5.800	0.005
BPP_new_20_125_5.C	13	4.000	5.800	0.005
BPP_new_20_125_5.C	13	4.000	5.800	0.005
BPP_new_20_125_5.C	13	4.000	5.800	0.005
BPP_new_20_125_5.C	13	4.000	5.800	0.004
BPP_new_20_125_6.C	12	4.400	5.920	0.004
BPP_new_20_125_6.C	12	4.400	5.920	0.004
BPP_new_20_125_6.C	12	4.400	5.920	0.004
BPP_new_20_125_6.C	12	4.400	5.920	0.004
BPP_new_20_125_6.C	12	4.400	5.920	0.004
BPP_new_20_125_6.C	12	4.400	5.920	0.004
BPP_new_20_125_6.C	12	4.400	5.920	0.004
BPP_new_20_125_6.C	12	4.400	5.920	0.005
BPP_new_20_125_6.C	12	4.400	5.920	0.004
BPP_new_20_125_6.C	12	4.400	5.920	0.004
BPP_new_20_125_7.C	11	4.000	5.400	0.004
BPP_new_20_125_7.C	11	4.000	5.400	0.004
BPP_new_20_125_7.C	11	4.000	5.400	0.004
BPP_new_20_125_7.C	11	4.000	5.400	0.004
BPP_new_20_125_7.C	11	4.000	5.400	0.004
BPP_new_20_125_7.C	11	4.000	5.400	0.004
BPP_new_20_125_7.C	11	4.000	5.400	0.004
BPP_new_20_125_7.C	11	4.000	5.400	0.004
BPP_new_20_125_7.C	11	4.000	5.400	0.004
BPP_new_20_125_7.C	11	4.000	5.400	0.004
BPP_new_20_125_8.C	10	3.400	4.720	0.004
BPP_new_20_125_8.C	10	3.400	4.720	0.004
BPP_new_20_125_8.C	10	3.400	4.720	0.004
BPP_new_20_125_8.C	10	3.400	4.720	0.004
BPP_new_20_125_8.C	10	3.400	4.720	0.004
BPP_new_20_125_8.C	10	3.400	4.720	0.004
BPP_new_20_125_8.C	10	3.400	4.720	0.004
BPP_new_20_125_8.C	10	3.400	4.720	0.004
BPP_new_20_125_8.C	10	3.400	4.720	0.004
BPP_new_20_125_8.C	10	3.400	4.720	0.004
BPP_new_20_125_9.C	10	1.200	2.960	0.004
BPP_new_20_125_9.C	10	1.200	2.960	0.004
BPP_new_20_125_9.C	10	1.200	2.960	0.004
BPP_new_20_125_9.C	10	1.200	2.960	0.004
BPP_new_20_125_9.C	10	1.200	2.960	0.004
BPP_new_20_125_9.C	10	1.200	2.960	0.004
BPP_new_20_125_9.C	10	1.200	2.960	0.004
BPP_new_20_125_9.C	10	1.200	2.960	0.004
BPP_new_20_125_9.C	10	1.200	2.960	0.004
BPP_new_20_125_9.C	10	1.200	2.960	0.004
BPP_new_20_150_1.C	9	0.200	1.960	0.004
BPP_new_20_150_1.C	9	0.200	1.960	0.004
BPP_new_20_150_1.C	9	0.200	1.960	0.004
BPP_new_20_150_1.C	9	0.200	1.960	0.004
BPP_new_20_150_1.C	9	0.200	1.960	0.004
BPP_new_20_150_1.C	9	0.200	1.960	0.004
BPP_new_20_150_1.C	9	0.200	1.960	0.004
BPP_new_20_150_1.C	9	0.200	1.960	0.004
BPP_new_20_150_1.C	9	0.200	1.960	0.004
BPP_new_20_150_1.C	9	0.200	1.960	0.004
BPP_new_20_150_10.C	10	1.800	3.440	0.005
BPP_new_20_150_10.C	10	1.800	3.440	0.004
BPP_new_20_150_10.C	10	1.800	3.440	0.004
BPP_new_20_150_10.C	10	1.800	3.440	0.004
BPP_new_20_150_10.C	10	1.800	3.440	0.004
BPP_new_20_150_10.C	10	1.800	3.440	0.004
BPP_new_20_150_10.C	10	1.800	3.440	0.005
BPP_new_20_150_10.C	10	1.800	3.440	0.004
BPP_new_20_150_10.C	10	1.800	3.440	0.004
BPP_new_20_150_10.C	10	1.800	3.440	0.004
BPP_new_20_150_2.C	10	1.400	3.120	0.004
BPP_new_20_150_2.C	10	1.400	3.120	0.004
BPP_new_20_150_2.C	10	1.400	3.120	0.004
BPP_new_20_150_2.C	10	1.400	3.120	0.004
BPP_new_20_150_2.C	10	1.400	3.120	0.004
BPP_new_20_150_2.C	10	1.400	3.120	0.004
BPP_new_20_150_2.C	10	1.400	3.120	0.004
BPP_new_20_150_2.C	10	1.400	3.120	0.004
BPP_new_20_150_2.C	10	1.400	3.120	0.004
BPP_new_20_150_2.C	10	1.400	3.120	0.004
BPP_new_20_150_3.C	10	3.000	4.400	0.004
BPP_new_20_150_3.C	10	3.000	4.400	0.004
BPP_new_20_150_3.C	10	3.000	4.400	0.004
BPP_new_20_150_3.C	10	3.000	4.400	0.004
BPP_new_20_150_3.C	10	3.000	4.400	0.004
BPP_new_20_150_3.C	10	3.000	4.400	0.004
BPP_new_20_150_3.C	10	3.000	4.400	0.004
BPP_new_20_150_3.C	10	3.000	4.400	0.004
BPP_new_20_150_3.C	10	3.000	4.400	0.004
BPP_new_20_150_3.C	10	3.000	4.400	0.004
BPP_new_20_150_4.C	9	2.200	3.560	0.004
BPP_new_20_150_4.C	9	2.200	3.560	0.004
BPP_new_20_150_4.C	9	2.200	3.560	0.004
BPP_new_20_150_4.C	9	2.200	3.560	0.004
BPP_new_20_150_4.C	9	2.200	3.560	0.004
BPP_new_20_150_4.C	9	2.200	3.560	0.004
BPP_new_20_150_4.C	9	2.200	3.560	0.004
BPP_new_20_150_4.C	9	2.200	3.560	0.004
BPP_new_20_150_4.C	9	2.200	3.560	0.004
BPP_new_20_150_4.C	9	2.200	3.560	0.004
BPP_new_20_150_5.C	11	1.000	3.000	0.005
BPP_new_20_150_5.C	11	1.000	3.000	0.005
BPP_new_20_150_5.C	11	1.000	3.000	0.005
BPP_new_20_150_5.C	11	1.000	3.000	0.005
BPP_new_20_150_5.C	11	1.000	3.000	0.005
BPP_new_20_150_5.C	11	1.000	3.000	0.005
BPP_new_20_150_5.C	11	1.000	3.000	0.005
BPP_new_20_150_5.C	11	1.000	3.000	0.005
BPP_new_20_150_5.C	11	1.000	3.000	0.005
BPP_new_20_150_5.C	11	1.000	3.000	0.005
BPP_new_20_150_6.C	10	4.000	5.200	0.004
BPP_new_20_150_6.C	11	3.800	5.240	0.004
BPP_new_20_150_6.C	11	3.800	5.240	0.005
BPP_new_20_150_6.C	10	4.000	5.200	0.005
BPP_new_20_150_6.C	11	3.800	5.240	0.005
BPP_new_20_150_6.C	11	3.800	5.240	0.005
BPP_new_20_150_6.C	11	3.800	5.240	0.004
BPP_new_20_150_6.C	10	4.000	5.200	0.004
BPP_new_20_150_6.C	10	4.000	5.200	0.005
BPP_new_20_150_6.C	11	3.800	5.240	0.004
BPP_new_20_150_7.C	12	2.000	4.000	0.005
BPP_new_20_150_7.C	12	2.000	4.000	0.005
BPP_new_20_150_7.C	12	2.000	4.000	0.005
BPP_new_20_150_7.C	12	2.000	4.000	0.005
BPP_new_20_150_7.C	12	2.000	4.000	0.005
BPP_new_20_150_7.C	12	2.000	4.000	0.005
BPP_new_20_150_7.C	12	2.000	4.000	0.005
BPP_new_20_150_7.C	12	2.000	4.000	0.005
BPP_new_20_150_7.C	12	2.000	4.000	0.005
BPP_new_20_150_7.C	12	2.000	4.000	0.005
BPP_new_20_150_8.C	8	3.200	4.160	0.004
BPP_new_20_150_8.C	8	3.200	4.160	0.004
BPP_new_20_150_8.C	8	3.200	4.160	0.004
BPP_new_20_150_8.C	8	3.200	4.160	0.004
BPP_new_20_150_8.C	8	3.200	4.160	0.004
BPP_new_20_150_8.C	8	3.200	4.160	0.004
BPP_new_20_150_8.C	8	3.200	4.160	0.004
BPP_new_20_150_8.C	8	3.200	4.160	0.004
BPP_new_20_150_8.C	8	3.200	4.160	0.004
BPP_new_20_150_8.C	8	3.200	4.160	0.004
BPP_new_20_150_9.C	14	3.000	5.200	0.005
BPP_new_20_150_9.C	14	3.000	5.200	0.005
BPP_new_20_150_9.C	14	3.000	5.200	0.005
BPP_new_20_150_9.C	14	3.000	5.200	0.005
BPP_new_20_150_9.C	14	3.000	5.200	0.005
BPP_new_20_150_9.C	14	3.000	5.200	0.005
BPP_new_20_150_9.C	14	3.000	5.200	0.005
BPP_new_20_150_9.C	14	3.000	5.200	0.005
BPP_new_20_150_9.C	14	3.000	5.200	0.005
BPP_new_20_150_9.C	14	3.000	5.200	0.005
BPP_new_20_200_1.C	8	2.800	3.840	0.004
BPP_new_20_200_1.C	8	2.800	3.840	0.005
BPP_new_20_200_1.C	8	2.800	3.840	0.004
BPP_new_20_200_1.C	8	2.800	3.840	0.004
BPP_new_20_200_1.C	8	2.800	3.840	0.005
BPP_new_20_200_1.C	8	2.800	3.840	0.005
BPP_new_20_200_1.C	8	2.800	3.840	0.005
BPP_new_20_200_1.C	8	2.800	3.840	0.005
BPP_new_20_200_1.C	8	2.800	3.840	0.005
BPP_new_20_200_1.C	8	2.800	3.840	0.005
BPP_new_20_200_10.C	12	5.000	6.400	0.006
BPP_new_20_200_10.C	12	5.000	6.400	0.006
BPP_new_20_200_10.C	12	5.000	6.400	0.006
BPP_new_20_200_10.C	12	5.000	6.400	0.006
BPP_new_20_200_10.C	12	5.000	6.400	0.006
BPP_new_20_200_10.C	12	5.000	6.400	0.006
BPP_new_20_200_10.C	12	5.000	6.400	0.006
BPP_new_20_200_10.C	12	5.000	6.400	0.006
BPP_new_20_200_10.C	12	5.000	6.400	0.006
BPP_new_20_200_10.C	12	5.000	6.400	0.006
BPP_new_20_200_2.C	12	4.800	6.240	0.006
BPP_new_20_200_2.C	12	4.800	6.240	0.006
BPP_new_20_200_2.C	12	4.800	6.240	0.006
BPP_new_20_200_2.C	12	4.800	6.240	0.006
BPP_new_20_200_2.C	12	4.800	6.240	0.006
BPP_new_20_200_2.C	12	4.800	6.240	0.006
BPP_new_20_200_2.C	12	4.800	6.240	0.006
BPP_new_20_200_2.C	12	4.800	6.240	0.006
BPP_new_20_200_2.C	12	4.800	6.240	0.006
BPP_new_20_200_2.C	12	4.800	6.240	0.006
BPP_new_20_200_3.C	13	2.000	4.200	0.006
BPP_new_20_200_3.C	13	2.000	4.200	0.006
BPP_new_20_200_3.C	13	2.000	4.200	0.007
BPP_new_20_200_3.C	13	2.000	4.200	0.006
BPP_new_20_200_3.C	13	2.000	4.200	0.006
BPP_new_20_200_3.C	13	2.000	4.200	0.006
BPP_new_20_200_3.C	13	2.000	4.200	0.006
BPP_new_20_200_3.C	13	2.000	4.200	0.006
BPP_new_20_200_3.C	13	2.000	4.200	0.006
BPP_new_20_200_3.C	13	2.000	4.200	0.007
BPP_new_20_200_4.C	9	4.000	5.000	0.005
BPP_new_20_200_4.C	9	4.000	5.000	0.005
BPP_new_20_200_4.C	9	4.000	5.000	0.005
BPP_new_20_200_4.C	9	4.000	5.000	0.005
BPP_new_20_200_4.C	9	4.000	5.000	0.005
BPP_new_20_200_4.C	9	4.000	5.000	0.005
BPP_new_20_200_4.C	9	4.000	5.000	0.005
BPP_new_20_200_4.C	9	4.000	5.000	0.005
BPP_new_20_200_4.C	9	4.000	5.000	0.005
BPP_new_20_200_4.C	9	4.000	5.000	0.005
BPP_new_20_200_5.C	12	4.000	5.600	0.006
BPP_new_20_200_5.C	11	4.000	5.400	0.006
BPP_new_20_200_5.C	11	4.000	5.400	0.006
BPP_new_20_200_5.C	11	4.200	5.560	0.006
BPP_new_20_200_5.C	11	4.000	5.400	0.006
BPP_new_20_200_5.C	11	4.200	5.560	0.006
BPP_new_20_200_5.C	11	4.000	5.400	0.006
BPP_new_20_200_5.C	11	4.000	5.400	0.006
BPP_new_20_200_5.C	11	4.000	5.400	0.006
BPP_new_20_200_5.C	12	4.000	5.600	0.006
BPP_new_20_200_6.C	8	3.400	4.320	0.005
BPP_new_20_200_6.C	8	3.400	4.320	0.005
BPP_new_20_200_6.C	8	3.400	4.320	0.005
BPP_new_20_200_6.C	8	3.400	4.320	0.004
BPP_new_20_200_6.C	8	3.400	4.320	0.005
BPP_new_20_200_6.C	8	3.400	4.320	0.005
BPP_new_20_200_6.C	8	3.400	4.320	0.005
BPP_new_20_200_6.C	8	3.400	4.320	0.005
BPP_new_20_200_6.C	8	3.400	4.320	0.005
BPP_new_20_200_6.C	8	3.400	4.320	0.004
BPP_new_20_200_7.C	12	3.400	5.120	0.006
BPP_new_20_200_7.C	12	3.400	5.120	0.006
BPP_new_20_200_7.C	12	3.400	5.120	0.006
BPP_new_20_200_7.C	12	3.400	5.120	0.006
BPP_new_20_200_7.C	12	3.400	5.120	0.006
BPP_new_20_200_7.C	12	3.400	5.120	0.006
BPP_new_20_200_7.C	12	3.400	5.120	0.006
BPP_new_20_200_7.C	12	3.400	5.120	0.006
BPP_new_20_200_7.C	12	3.400	5.120	0.006
BPP_new_20_200_7.C	12	3.400	5.120	0.006
BPP_new_20_200_8.C	11	2.600	4.280	0.005
BPP_new_20_200_8.C	11	2.600	4.280	0.005
BPP_new_20_200_8.C	11	2.600	4.280	0.005
BPP_new_20_200_8.C	11	2.600	4.280	0.005
BPP_new_20_200_8.C	11	2.600	4.280	0.005
BPP_new_20_200_8.C	11	2.600	4.280	0.005
BPP_new_20_200_8.C	11	2.600	4.280	0.005
BPP_new_20_200_8.C	11	2.600	4.280	0.005
BPP_new_20_200_8.C	11	2.600	4.280	0.005
BPP_new_20_200_8.C	11	2.600	4.280	0.005
BPP_new_20_200_9.C	9	1.200	2.760	0.005
BPP_new_20_200_9.C	9	1.200	2.760	0.005
BPP_new_20_200_9.C	9	1.200	2.760	0.005
BPP_new_20_200_9.C	9	1.200	2.760	0.005
BPP_new_20_200_9.C	9	1.200	2.760	0.005
BPP_new_20_200_9.C	9	1.200	2.760	0.005
BPP_new_20_200_9.C	9	1.200	2.760	0.005
BPP_new_20_200_9.C	9	1.200	2.760	0.005
BPP_new_20_200_9.C	9	1.200	2.760	0.005
BPP_new_20_200_9.C	9	1.200	2.760	0.005
BPP_new_20_300_1.C	8	2.000	3.200	0.009
BPP_new_20_300_1.C	8	2.000	3.200	0.009
BPP_new_20_300_1.C	8	2.000	3.200	0.009
BPP_new_20_300_1.C	8	2.000	3.200	0.009
BPP_new_20_300_1.C	8	2.000	3.200	0.009
BPP_new_20_300_1.C	8	2.000	3.200	0.009
BPP_new_20_300_1.C	8	2.000	3.200	0.009
BPP_new_20_300_1.C	8	2.000	3.200	0.009
BPP_new_20_300_1.C	8	2.000	3.200	0.009
BPP_new_20_300_1.C	8	2.000	3.200	0.009
BPP_new_20_300_10.C	11	2.800	4.440	0.012
BPP_new_20_300_10.C	11	2.800	4.440	0.012
BPP_new_20_300_10.C	11	2.800	4.440	0.012
BPP_new_20_300_10.C	11	2.800	4.440	0.012
BPP_new_20_300_10.C	11	2.800	4.440	0.012
BPP_new_20_300_10.C	11	2.800	4.440	0.011
BPP_new_20_300_10.C	11	2.800	4.440	0.012
BPP_new_20_300_10.C	11	2.800	4.440	0.011
BPP_new_20_300_10.C	11	2.800	4.440	0.012
BPP_new_20_300_10.C	11	2.800	4.440	0.012
BPP_new_20_300_2.C	10	2.200	3.760	0.010
BPP_new_20_300_2.C	10	2.200	3.760	0.011
BPP_new_20_300_2.C	10	2.200	3.760	0.011
BPP_new_20_300_2.C	10	2.200	3.760	0.010
BPP_new_20_300_2.C	10	2.200	3.760	0.011
BPP_new_20_300_2.C	10	2.200	3.760	0.011
BPP_new_20_300_2.C	10	2.200	3.760	0.011
BPP_new_20_300_2.C	10	2.200	3.760	0.011
BPP_new_20_300_2.C	10	2.200	3.760	0.011
BPP_new_20_300_2.C	10	2.200	3.760	0.011
BPP_new_20_300_3.C	12	3.800	5.440	0.012
BPP_new_20_300_3.C	12	3.800	5.440	0.012
BPP_new_20_300_3.C	12	4.000	5.600	0.012
BPP_new_20_300_3.C	12	3.800	5.440	0.012
BPP_new_20_300_3.C	12	3.800	5.440	0.012
BPP_new_20_300_3.C	12	3.800	5.440	0.013
BPP_new_20_300_3.C	12	3.800	5.440	0.011
BPP_new_20_300_3.C	12	4.000	5.600	0.012
BPP_new_20_300_3.C	12	3.800	5.440	0.012
BPP_new_20_300_3.C	12	4.000	5.600	0.012
BPP_new_20_300_4.C	9	1.400	2.920	0.011
BPP_new_20_300_4.C	9	1.400	2.920	0.010
BPP_new_20_300_4.C	9	1.400	2.920	0.010
BPP_new_20_300_4.C	9	1.400	2.920	0.011
BPP_new_20_300_4.C	9	1.400	2.920	0.010
BPP_new_20_300_4.C	10	1.200	2.960	0.010
BPP_new_20_300_4.C	10	1.200	2.960	0.010
BPP_new_20_300_4.C	10	1.200	2.960	0.010
BPP_new_20_300_4.C	10	1.200	2.960	0.010
BPP_new_20_300_4.C	9	1.400	2.920	0.010
BPP_new_20_300_5.C	9	1.800	3.240	0.009
BPP_new_20_300_5.C	9	1.800	3.240	0.009
BPP_new_20_300_5.C	9	1.800	3.240	0.009
BPP_new_20_300_5.C	9	1.800	3.240	0.009
BPP_new_20_300_5.C	9	1.800	3.240	0.010
BPP_new_20_300_5.C	9	1.800	3.240	0.009
BPP_new_20_300_5.C	9	1.800	3.240	0.009
BPP_new_20_300_5.C	9	1.800	3.240	0.009
BPP_new_20_300_5.C	9	1.800	3.240	0.009
BPP_new_20_300_5.C	9	1.800	3.240	0.009
BPP_new_20_300_6.C	10	3.000	4.400	0.011
BPP_new_20_300_6.C	10	3.000	4.400	0.010
BPP_new_20_300_6.C	10	3.000	4.400	0.010
BPP_new_20_300_6.C	10	3.000	4.400	0.010
BPP_new_20_300_6.C	10	3.000	4.400	0.010
BPP_new_20_300_6.C	10	3.000	4.400	0.010
BPP_new_20_300_6.C	10	3.000	4.400	0.011
BPP_new_20_300_6.C	10	3.000	4.400	0.011
BPP_new_20_300_6.C	10	3.000	4.400	0.010
BPP_new_20_300_6.C	10	3.000	4.400	0.010
BPP_new_20_300_7.C	12	2.000	4.000	0.012
BPP_new_20_300_7.C	12	2.000	4.000	0.011
BPP_new_20_300_7.C	12	2.000	4.000	0.012
BPP_new_20_300_7.C	12	2.000	4.000	0.012
BPP_new_20_300_7.C	12	2.000	4.000	0.011
BPP_new_20_300_7.C	12	2.000	4.000	0.011
BPP_new_20_300_7.C	12	2.000	4.000	0.012
BPP_new_20_300_7.C	12	2.000	4.000	0.011
BPP_new_20_300_7.C	12	2.000	4.000	0.012
BPP_new_20_300_7.C	12	2.000	4.000	0.011
BPP_new_20_300_8.C	9	2.000	3.400	0.010
BPP_new_20_300_8.C	9	2.000	3.400	0.010
BPP_new_20_300_8.C	9	2.000	3.400	0.010
BPP_new_20_300_8.C	9	2.000	3.400	0.010
BPP_new_20_300_8.C	9	2.000	3.400	0.010
BPP_new_20_300_8.C	9	2.000	3.400	0.010
BPP_new_20_300_8.C	9	2.000	3.400	0.011
BPP_new_20_300_8.C	9	1.800	3.240	0.010
BPP_new_20_300_8.C	9	2.000	3.400	0.010
BPP_new_20_300_8.C	9	2.000	3.400	0.010
BPP_new_20_300_9.C	9	2.600	3.880	0.010
BPP_new_20_300_9.C	9	2.600	3.880	0.010
BPP_new_20_300_9.C	9	2.800	4.040	0.010
BPP_new_20_300_9.C	9	2.600	3.880	0.010
BPP_new_20_300_9.C	9	2.600	3.880	0.010
BPP_new_20_300_9.C	9	2.800	4.040	0.010
BPP_new_20_300_9.C	9	2.600	3.880	0.009
BPP_new_20_300_9.C	9	2.600	3.880	0.010
BPP_new_20_300_9.C	9	2.800	4.040	0.010
BPP_new_20_300_9.C	9	2.800	4.040	0.010
BPP_new_20_400_1.C	11	2.600	4.280	0.018
BPP_new_20_400_1.C	11	2.600	4.280	0.018
BPP_new_20_400_1.C	11	2.600	4.280	0.018
BPP_new_20_400_1.C	11	2.600	4.280	0.018
BPP_new_20_400_1.C	11	2.600	4.280	0.018
BPP_new_20_400_1.C	11	2.600	4.280	0.018
BPP_new_20_400_1.C	11	2.600	4.280	0.018
BPP_new_20_400_1.C	11	2.600	4.280	0.018
BPP_new_20_400_1.C	11	2.600	4.280	0.018
BPP_new_20_400_1.C	11	2.600	4.280	0.018
BPP_new_20_400_10.C	11	2.200	3.960	0.019
BPP_new_20_400_10.C	11	2.200	3.960	0.019
BPP_new_20_400_10.C	11	2.200	3.960	0.019
BPP_new_20_400_10.C	11	2.200	3.960	0.019
BPP_new_20_400_10.C	11	2.200	3.960	0.019
BPP_new_20_400_10.C	11	2.200	3.960	0.019
BPP_new_20_400_10.C	11	2.200	3.960	0.019
BPP_new_20_400_10.C	11	2.200	3.960	0.019
BPP_new_20_400_10.C	11	2.200	3.960	0.019
BPP_new_20_400_10.C	11	2.200	3.960	0.019
BPP_new_20_400_2.C	11	2.200	3.960	0.018
BPP_new_20_400_2.C	11	2.200	3.960	0.019
BPP_new_20_400_2.C	11	2.200	3.960	0.018
BPP_new_20_400_2.C	11	2.200	3.960	0.019
BPP_new_20_400_2.C	11	2.200	3.960	0.018
BPP_new_20_400_2.C	11	2.200	3.960	0.018
BPP_new_20_400_2.C	11	2.200	3.960	0.018
BPP_new_20_400_2.C	11	2.200	3.960	0.018
BPP_new_20_400_2.C	11	2.200	3.960	0.018
BPP_new_20_400_2.C	11	2.200	3.960	0.018
BPP_new_20_400_3.C	8	1.600	2.880	0.015
BPP_new_20_400_3.C	8	1.600	2.880	0.015
BPP_new_20_400_3.C	8	1.600	2.880	0.015
BPP_new_20_400_3.C	8	1.600	2.880	0.015
BPP_new_20_400_3.C	8	1.600	2.880	0.015
BPP_new_20_400_3.C	8	1.600	2.880	0.016
BPP_new_20_400_3.C	8	1.600	2.880	0.015
BPP_new_20_400_3.C	8	1.600	2.880	0.015
BPP_new_20_400_3.C	8	1.600	2.880	0.015
BPP_new_20_400_3.C	8	1.600	2.880	0.015
BPP_new_20_400_4.C	9	2.000	3.400	0.015
BPP_new_20_400_4.C	9	2.000	3.400	0.016
BPP_new_20_400_4.C	9	2.000	3.400	0.016
BPP_new_20_400_4.C	9	2.000	3.400	0.015
BPP_new_20_400_4.C	9	2.000	3.400	0.016
BPP_new_20_400_4.C	9	2.000	3.400	0.016
BPP_new_20_400_4.C	9	2.000	3.400	0.016
BPP_new_20_400_4.C	9	2.000	3.400	0.016
BPP_new_20_400_4.C	9	2.000	3.400	0.016
BPP_new_20_400_4.C	9	2.000	3.400	0.015
BPP_new_20_400_5.C	11	3.600	5.080	0.020
BPP_new_20_400_5.C	11	3.600	5.080	0.019
BPP_new_20_400_5.C	11	3.600	5.080	0.020
BPP_new_20_400_5.C	11	3.600	5.080	0.020
BPP_new_20_400_5.C	11	3.600	5.080	0.019
BPP_new_20_400_5.C	11	3.600	5.080	0.019
BPP_new_20_400_5.C	11	3.600	5.080	0.019
BPP_new_20_400_5.C	11	3.600	5.080	0.019
BPP_new_20_400_5.C	11	3.600	5.080	0.020
BPP_new_20_400_5.C	11	3.600	5.080	0.019
BPP_new_20_400_6.C	9	3.000	4.200	0.016
BPP_new_20_400_6.C	9	2.800	4.040	0.017
BPP_new_20_400_6.C	9	2.800	4.040	0.017
BPP_new_20_400_6.C	9	2.800	4.040	0.017
BPP_new_20_400_6.C	9	2.800	4.040	0.017
BPP_new_20_400_6.C	9	2.800	4.040	0.017
BPP_new_20_400_6.C	9	2.800	4.040	0.017
BPP_new_20_400_6.C	9	2.800	4.040	0.017
BPP_new_20_400_6.C	9	2.800	4.040	0.017
BPP_new_20_400_6.C	9	3.000	4.200	0.017
BPP_new_20_400_7.C	9	1.000	2.600	0.015
BPP_new_20_400_7.C	9	1.000	2.600	0.015
BPP_new_20_400_7.C	9	1.000	2.600	0.015
BPP_new_20_400_7.C	9	1.000	2.600	0.015
BPP_new_20_400_7.C	9	1.000	2.600	0.015
BPP_new_20_400_7.C	9	1.000	2.600	0.015
BPP_new_20_400_7.C	9	1.000	2.600	0.015
BPP_new_20_400_7.C	9	1.000	2.600	0.015
BPP_new_20_400_7.C	9	1.000	2.600	0.015
BPP_new_20_400_7.C	9	1.000	2.600	0.015
BPP_new_20_400_8.C	12	3.600	5.280	0.019
BPP_new_20_400_8.C	11	3.800	5.240	0.020
BPP_new_20_400_8.C	12	3.600	5.280	0.019
BPP_new_20_400_8.C	12	3.600	5.280	0.020
BPP_new_20_400_8.C	11	3.800	5.240	0.020
BPP_new_20_400_8.C	12	3.600	5.280	0.020
BPP_new_20_400_8.C	12	3.600	5.280	0.020
BPP_new_20_400_8.C	11	3.800	5.240	0.020
BPP_new_20_400_8.C	12	3.600	5.280	0.020
BPP_new_20_400_8.C	12	3.600	5.280	0.020
BPP_new_20_400_9.C	10	4.800	5.840	0.019
BPP_new_20_400_9.C	11	4.600	5.880	0.019
BPP_new_20_400_9.C	10	4.800	5.840	0.019
BPP_new_20_400_9.C	11	4.600	5.880	0.019
BPP_new_20_400_9.C	11	4.600	5.880	0.019
BPP_new_20_400_9.C	11	4.600	5.880	0.019
BPP_new_20_400_9.C	11	4.600	5.880	0.019
BPP_new_20_400_9.C	11	4.600	5.880	0.020
BPP_new_20_400_9.C	10	4.800	5.840	0.019
BPP_new_20_400_9.C	11	4.600	5.880	0.019
BPP_new_20_500_1.C	9	1.000	2.600	0.018
BPP_new_20_500_1.C	9	1.000	2.600	0.018
BPP_new_20_500_1.C	9	1.000	2.600	0.018
BPP_new_20_500_1.C	9	1.000	2.600	0.018
BPP_new_20_500_1.C	9	1.000	2.600	0.018
BPP_new_20_500_1.C	9	1.000	2.600	0.018
BPP_new_20_500_1.C	9	1.000	2.600	0.017
BPP_new_20_500_1.C	9	1.000	2.600	0.017
BPP_new_20_500_1.C	9	1.000	2.600	0.017
BPP_new_20_500_1.C	9	1.000	2.600	0.017
BPP_new_20_500_10.C	7	1.400	2.520	0.016
BPP_new_20_500_10.C	7	1.400	2.520	0.016
BPP_new_20_500_10.C	7	1.400	2.520	0.016
BPP_new_20_500_10.C	7	1.400	2.520	0.016
BPP_new_20_500_10.C	7	1.400	2.520	0.015
BPP_new_20_500_10.C	7	1.400	2.520	0.016
BPP_new_20_500_10.C	7	1.400	2.520	0.016
BPP_new_20_500_10.C	7	1.400	2.520	0.016
BPP_new_20_500_10.C	7	1.400	2.520	0.016
BPP_new_20_500_10.C	7	1.400	2.520	0.022
BPP_new_20_500_2.C	9	1.800	3.240	0.020
BPP_new_20_500_2.C	9	1.800	3.240	0.019
BPP_new_20_500_2.C	9	1.800	3.240	0.019
BPP_new_20_500_2.C	9	1.800	3.240	0.019
BPP_new_20_500_2.C	9	1.800	3.240	0.019
BPP_new_20_500_2.C	9	1.800	3.240	0.019
BPP_new_20_500_2.C	9	1.800	3.240	0.019
BPP_new_20_500_2.C	9	1.800	3.240	0.019
BPP_new_20_500_2.C	9	1.800	3.240	0.019
BPP_new_20_500_2.C	9	1.800	3.240	0.019
BPP_new_20_500_3.C	10	4.000	5.200	0.023
BPP_new_20_500_3.C	10	4.000	5.200	0.023
BPP_new_20_500_3.C	10	4.000	5.200	0.023
BPP_new_20_500_3.C	10	4.000	5.200	0.022
BPP_new_20_500_3.C	10	4.000	5.200	0.023
BPP_new_20_500_3.C	10	4.000	5.200	0.022
BPP_new_20_500_3.C	10	4.000	5.200	0.023
BPP_new_20_500_3.C	10	4.000	5.200	0.023
BPP_new_20_500_3.C	10	4.000	5.200	0.023
BPP_new_20_500_3.C	10	4.000	5.200	0.022
BPP_new_20_500_4.C	11	2.400	4.120	0.023
BPP_new_20_500_4.C	11	2.400	4.120	0.023
BPP_new_20_500_4.C	11	2.400	4.120	0.022
BPP_new_20_500_4.C	11	2.400	4.120	0.022
BPP_new_20_500_4.C	11	2.400	4.120	0.022
BPP_new_20_500_4.C	11	2.400	4.120	0.022
BPP_new_20_500_4.C	11	2.400	4.120	0.022
BPP_new_20_500_4.C	11	2.400	4.120	0.022
BPP_new_20_500_4.C	11	2.400	4.120	0.022
BPP_new_20_500_4.C	11	2.400	4.120	0.022
BPP_new_20_500_5.C	8	0.000	1.600	0.015
BPP_new_20_500_5.C	8	0.000	1.600	0.015
BPP_new_20_500_5.C	8	0.000	1.600	0.015
BPP_new_20_500_5.C	8	0.000	1.600	0.015
BPP_new_20_500_5.C	8	0.000	1.600	0.015
BPP_new_20_500_5.C	8	0.000	1.600	0.015
BPP_new_20_500_5.C	8	0.000	1.600	0.015
BPP_new_20_500_5.C	8	0.000	1.600	0.016
BPP_new_20_500_5.C	8	0.000	1.600	0.016
BPP_new_20_500_5.C	8	0.000	1.600	0.016
BPP_new_20_500_6.C	10	2.000	3.600	0.021
BPP_new_20_500_6.C	10	2.000	3.600	0.021
BPP_new_20_500_6.C	10	2.000	3.600	0.021
BPP_new_20_500_6.C	10	2.000	3.600	0.021
BPP_new_20_500_6.C	10	2.000	3.600	0.020
BPP_new_20_500_6.C	10	2.000	3.600	0.021
BPP_new_20_500_6.C	10	2.000	3.600	0.020
BPP_new_20_500_6.C	10	2.000	3.600	0.020
BPP_new_20_500_6.C	10	2.000	3.600	0.021
BPP_new_20_500_6.C	10	2.000	3.600	0.020
BPP_new_20_500_7.C	13	2.800	4.840	0.024
BPP_new_20_500_7.C	13	2.800	4.840	0.025
BPP_new_20_500_7.C	13	2.800	4.840	0.025
BPP_new_20_500_7.C	13	2.800	4.840	0.025
BPP_new_20_500_7.C	13	2.800	4.840	0.024
BPP_new_20_500_7.C	13	2.800	4.840	0.025
BPP_new_20_500_7.C	13	2.800	4.840	0.025
BPP_new_20_500_7.C	13	2.800	4.840	0.024
BPP_new_20_500_7.C	13	2.800	4.840	0.025
BPP_new_20_500_7.C	13	2.800	4.840	0.025
BPP_new_20_500_8.C	12	2.200	4.160	0.024
BPP_new_20_500_8.C	12	2.200	4.160	0.024
BPP_new_20_500_8.C	12	2.200	4.160	0.024
BPP_new_20_500_8.C	12	2.200	4.160	0.024
BPP_new_20_500_8.C	11	2.400	4.120	0.023
BPP_new_20_500_8.C	11	2.400	4.120	0.024
BPP_new_20_500_8.C	11	2.400	4.120	0.023
BPP_new_20_500_8.C	11	2.400	4.120	0.024
BPP_new_20_500_8.C	12	2.200	4.160	0.023
BPP_new_20_500_8.C	12	2.200	4.160	0.024
BPP_new_20_500_9.C	11	2.400	4.120	0.023
BPP_new_20_500_9.C	11	2.400	4.120	0.023
BPP_new_20_500_9.C	11	2.400	4.120	0.022
BPP_new_20_500_9.C	11	2.400	4.120	0.022
BPP_new_20_500_9.C	11	2.400	4.120	0.023
BPP_new_20_500_9.C	11	2.400	4.120	0.022
BPP_new_20_500_9.C	11	2.400	4.120	0.022
BPP_new_20_500_9.C	11	2.400	4.120	0.022
BPP_new_20_500_9.C	11	2.400	4.120	0.023
BPP_new_20_500_9.C	11	2.400	4.120	0.023
BPP_new_20_50_1.C	13	2.600	4.680	0.003
BPP_new_20_50_1.C	13	2.600	4.680	0.004
BPP_new_20_50_1.C	13	2.600	4.680	0.004
BPP_new_20_50_1.C	13	2.600	4.680	0.004
BPP_new_20_50_1.C	13	2.600	4.680	0.003
BPP_new_20_50_1.C	13	2.600	4.680	0.004
BPP_new_20_50_1.C	13	2.600	4.680	0.004
BPP_new_20_50_1.C	13	2.600	4.680	0.003
BPP_new_20_50_1.C	13	2.600	4.680	0.004
BPP_new_20_50_1.C	13	2.600	4.680	0.003
BPP_new_20_50_10.C	13	3.000	5.000	0.003
BPP_new_20_50_10.C	13	3.000	5.000	0.003
BPP_new_20_50_10.C	13	3.000	5.000	0.003
BPP_new_20_50_10.C	13	3.000	5.000	0.003
BPP_new_20_50_10.C	13	3.000	5.000	0.003
BPP_new_20_50_10.C	13	3.000	5.000	0.003
BPP_new_20_50_10.C	13	3.000	5.000	0.003
BPP_new_20_50_10.C	13	3.000	5.000	0.003
BPP_new_20_50_10.C	13	3.000	5.000	0.003
BPP_new_20_50_10.C	13	3.000	5.000	0.003
BPP_new_20_50_2.C	10	2.200	3.760	0.003
BPP_new_20_50_2.C	10	2.200	3.760	0.003
BPP_new_20_50_2.C	10	2.200	3.760	0.003
BPP_new_20_50_2.C	10	2.200	3.760	0.003
BPP_new_20_50_2.C	10	2.200	3.760	0.003
BPP_new_20_50_2.C	10	2.200	3.760	0.003
BPP_new_20_50_2.C	10	2.200	3.760	0.003
BPP_new_20_50_2.C	10	2.200	3.760	0.003
BPP_new_20_50_2.C	10	2.200	3.760	0.003
BPP_new_20_50_2.C	10	2.200	3.760	0.003
BPP_new_20_50_3.C	9	3.600	4.680	0.003
BPP_new_20_50_3.C	9	3.600	4.680	0.003
BPP_new_20_50_3.C	9	3.600	4.680	0.003
BPP_new_20_50_3.C	9	3.600	4.680	0.003
BPP_new_20_50_3.C	9	3.600	4.680	0.003
BPP_new_20_50_3.C	9	3.600	4.680	0.003
BPP_new_20_50_3.C	9	3.600	4.680	0.003
BPP_new_20_50_3.C	9	3.600	4.680	0.003
BPP_new_20_50_3.C	9	3.600	4.680	0.003
BPP_new_20_50_3.C	9	3.600	4.680	0.003
BPP_new_20_50_4.C	15	3.200	5.560	0.004
BPP_new_20_50_4.C	14	3.400	5.520	0.004
BPP_new_20_50_4.C	15	3.200	5.560	0.004
BPP_new_20_50_4.C	15	3.200	5.560	0.004
BPP_new_20_50_4.C	15	3.200	5.560	0.004
BPP_new_20_50_4.C	14	3.400	5.520	0.004
BPP_new_20_50_4.C	14	3.400	5.520	0.004
BPP_new_20_50_4.C	15	3.200	5.560	0.004
BPP_new_20_50_4.C	14	3.400	5.520	0.004
BPP_new_20_50_4.C	14	3.400	5.520	0.004
BPP_new_20_50_5.C	9	1.800	3.240	0.003
BPP_new_20_50_5.C	9	1.800	3.240	0.003
BPP_new_20_50_5.C	9	1.800	3.240	0.003
BPP_new_20_50_5.C	9	1.800	3.240	0.003
BPP_new_20_50_5.C	9	1.800	3.240	0.003
BPP_new_20_50_5.C	9	1.800	3.240	0.003
BPP_new_20_50_5.C	9	1.800	3.240	0.003
BPP_new_20_50_5.C	9	1.800	3.240	0.003
BPP_new_20_50_5.C	9	1.800	3.240	0.003
BPP_new_20_50_5.C	9	1.800	3.240	0.003
BPP_new_20_50_6.C	9	3.000	4.200	0.003
BPP_new_20_50_6.C	9	3.000	4.200	0.003
BPP_new_20_50_6.C	9	3.000	4.200	0.003
BPP_new_20_50_6.C	9	3.000	4.200	0.003
BPP_new_20_50_6.C	9	3.000	4.200	0.003
BPP_new_20_50_6.C	9	3.000	4.200	0.003
BPP_new_20_50_6.C	9	3.000	4.200	0.003
BPP_new_20_50_6.C	9	3.000	4.200	0.003
BPP_new_20_50_6.C	9	3.000	4.200	0.003
BPP_new_20_50_6.C	9	3.000	4.200	0.003
BPP_new_20_50_7.C	11	2.800	4.440	0.003
BPP_new_20_50_7.C	11	2.800	4.440	0.003
BPP_new_20_50_7.C	11	2.800	4.440	0.003
BPP_new_20_50_7.C	11	2.800	4.440	0.003
BPP_new_20_50_7.C	11	2.800	4.440	0.003
BPP_new_20_50_7.C	11	2.800	4.440	0.003
BPP_new_20_50_7.C	11	2.800	4.440	0.003
BPP_new_20_50_7.C	11	2.800	4.440	0.003
BPP_new_20_50_7.C	11	2.800	4.440	0.003
BPP_new_20_50_7.C	11	2.800	4.440	0.003
BPP_new_20_50_8.C	12	1.000	3.200	0.003
BPP_new_20_50_8.C	12	1.000	3.200	0.003
BPP_new_20_50_8.C	12	1.000	3.200	0.003
BPP_new_20_50_8.C	12	1.000	3.200	0.003
BPP_new_20_50_8.C	12	1.000	3.200	0.003
BPP_new_20_50_8.C	12	1.000	3.200	0.003
BPP_new_20_50_8.C	12	1.000	3.200	0.003
BPP_new_20_50_8.C	12	1.000	3.200	0.003
BPP_new_20_50_8.C	12	1.000	3.200	0.003
BPP_new_20_50_8.C	12	1.000	3.200	0.003
BPP_new_20_50_9.C	9	3.000	4.200	0.003
BPP_new_20_50_9.C	9	3.000	4.200	0.003
BPP_new_20_50_9.C	9	3.200	4.360	0.003
BPP_new_20_50_9.C	9	3.200	4.360	0.003
BPP_new_20_50_9.C	9	3.200	4.360	0.003
BPP_new_20_50_9.C	9	3.000	4.200	0.003
BPP_new_20_50_9.C	9	3.000	4.200	0.003
BPP_new_20_50_9.C	9	3.000	4.200	0.003
BPP_new_20_50_9.C	9	3.000	4.200	0.003
BPP_new_20_50_9.C	9	3.200	4.360	0.003
BPP_new_20_750_1.C	10	1.400	3.120	0.030
BPP_new_20_750_1.C	10	1.400	3.120	0.030
BPP_new_20_750_1.C	10	1.400	3.120	0.030
BPP_new_20_750_1.C	10	1.400	3.120	0.031
BPP_new_20_750_1.C	10	1.400	3.120	0.029
BPP_new_20_750_1.C	10	1.400	3.120	0.029
BPP_new_20_750_1.C	10	1.400	3.120	0.030
BPP_new_20_750_1.C	10	1.400	3.120	0.029
BPP_new_20_750_1.C	10	1.400	3.120	0.029
BPP_new_20_750_1.C	10	1.400	3.120	0.029
BPP_new_20_750_10.C	11	5.000	6.200	0.034
BPP_new_20_750_10.C	11	5.000	6.200	0.034
BPP_new_20_750_10.C	11	5.000	6.200	0.033
BPP_new_20_750_10.C	11	5.000	6.200	0.033
BPP_new_20_750_10.C	11	5.000	6.200	0.033
BPP_new_20_750_10.C	11	5.000	6.200	0.033
BPP_new_20_750_10.C	11	5.000	6.200	0.033
BPP_new_20_750_10.C	11	5.000	6.200	0.034
BPP_new_20_750_10.C	11	5.000	6.200	0.034
BPP_new_20_750_10.C	11	5.000	6.200	0.033
BPP_new_20_750_2.C	9	1.800	3.240	0.026
BPP_new_20_750_2.C	9	1.800	3.240	0.026
BPP_new_20_750_2.C	9	1.800	3.240	0.027
BPP_new_20_750_2.C	9	1.800	3.240	0.026
BPP_new_20_750_2.C	9	1.800	3.240	0.026
BPP_new_20_750_2.C	9	1.800	3.240	0.027
BPP_new_20_750_2.C	9	1.800	3.240	0.026
BPP_new_20_750_2.C	9	1.800	3.240	0.026
BPP_new_20_750_2.C	9	1.800	3.240	0.026
BPP_new_20_750_2.C	9	1.800	3.240	0.027
BPP_new_20_750_3.C	10	1.000	2.800	0.029
BPP_new_20_750_3.C	10	1.000	2.800	0.028
BPP_new_20_750_3.C	10	1.000	2.800	0.029
BPP_new_20_750_3.C	10	1.000	2.800	0.028
BPP_new_20_750_3.C	10	1.000	2.800	0.028
BPP_new_20_750_3.C	10	1.000	2.800	0.028
BPP_new_20_750_3.C	10	1.000	2.800	0.028
BPP_new_20_750_3.C	10	1.000	2.800	0.028
BPP_new_20_750_3.C	10	1.000	2.800	0.029
BPP_new_20_750_3.C	10	1.000	2.800	0.029
BPP_new_20_750_4.C	9	1.200	2.760	0.026
BPP_new_20_750_4.C	9	1.200	2.760	0.026
BPP_new_20_750_4.C	9	1.200	2.760	0.026
BPP_new_20_750_4.C	9	1.200	2.760	0.027
BPP_new_20_750_4.C	9	1.200	2.760	0.027
BPP_new_20_750_4.C	9	1.200	2.760	0.026
BPP_new_20_750_4.C	9	1.200	2.760	0.027
BPP_new_20_750_4.C	9	1.200	2.760	0.027
BPP_new_20_750_4.C	9	1.200	2.760	0.026
BPP_new_20_750_4.C	9	1.200	2.760	0.027
BPP_new_20_750_5.C	12	4.600	6.080	0.038
BPP_new_20_750_5.C	12	4.600	6.080	0.037
BPP_new_20_750_5.C	12	4.600	6.080	0.036
BPP_new_20_750_5.C	12	4.600	6.080	0.036
BPP_new_20_750_5.C	12	4.600	6.080	0.037
BPP_new_20_750_5.C	12	4.600	6.080	0.037
BPP_new_20_750_5.C	12	4.600	6.080	0.037
BPP_new_20_750_5.C	12	4.600	6.080	0.037
BPP_new_20_750_5.C	12	4.600	6.080	0.037
BPP_new_20_750_5.C	12	4.600	6.080	0.037
BPP_new_20_750_6.C	10	-0.000	2.000	0.030
BPP_new_20_750_6.C	10	-0.000	2.000	0.029
BPP_new_20_750_6.C	10	-0.000	2.000	0.030
BPP_new_20_750_6.C	10	-0.000	2.000	0.029
BPP_new_20_750_6.C	10	-0.000	2.000	0.029
BPP_new_20_750_6.C	10	-0.000	2.000	0.029
BPP_new_20_750_6.C	10	-0.000	2.000	0.029
BPP_new_20_750_6.C	10	-0.000	2.000	0.029
BPP_new_20_750_6.C	10	-0.000	2.000	0.029
BPP_new_20_750_6.C	10	-0.000	2.000	0.029
BPP_new_20_750_7.C	11	1.800	3.640	0.033
BPP_new_20_750_7.C	11	1.800	3.640	0.033
BPP_new_20_750_7.C	11	1.800	3.640	0.034
BPP_new_20_750_7.C	11	1.800	3.640	0.034
BPP_new_20_750_7.C	11	1.800	3.640	0.033
BPP_new_20_750_7.C	11	1.800	3.640	0.033
BPP_new_20_750_7.C	11	1.800	3.640	0.033
BPP_new_20_750_7.C	11	1.800	3.640	0.034
BPP_new_20_750_7.C	11	1.800	3.640	0.033
BPP_new_20_750_7.C	11	1.800	3.640	0.033
BPP_new_20_750_8.C	9	1.200	2.760	0.026
BPP_new_20_750_8.C	9	1.200	2.760	0.026
BPP_new_20_750_8.C	9	1.200	2.760	0.026
BPP_new_20_750_8.C	9	1.200	2.760	0.027
BPP_new_20_750_8.C	9	1.200	2.760	0.026
BPP_new_20_750_8.C	9	1.200	2.760	0.027
BPP_new_20_750_8.C	9	1.200	2.760	0.026
BPP_new_20_750_8.C	9	1.200	2.760	0.026
BPP_new_20_750_8.C	9	1.200	2.760	0.026
BPP_new_20_750_8.C	9	1.200	2.760	0.026
BPP_new_20_750_9.C	10	3.600	4.880	0.035
BPP_new_20_750_9.C	10	3.600	4.880	0.034
BPP_new_20_750_9.C	10	3.600	4.880	0.033
BPP_new_20_750_9.C	10	3.600	4.880	0.033
BPP_new_20_750_9.C	10	3.600	4.880	0.034
BPP_new_20_750_9.C	10	3.600	4.880	0.033
BPP_new_20_750_9.C	10	3.600	4.880	0.034
BPP_new_20_750_9.C	10	3.600	4.880	0.033
BPP_new_20_750_9.C	10	3.600	4.880	0.032
BPP_new_20_750_9.C	10	3.600	4.880	0.033
BPP_new_20_75_1.C	11	1.200	3.160	0.004
BPP_new_20_75_1.C	11	1.200	3.160	0.003
BPP_new_20_75_1.C	11	1.200	3.160	0.004
BPP_new_20_75_1.C	11	1.200	3.160	0.004
BPP_new_20_75_1.C	11	1.200	3.160	0.004
BPP_new_20_75_1.C	11	1.200	3.160	0.004
BPP_new_20_75_1.C	11	1.200	3.160	0.004
BPP_new_20_75_1.C	11	1.200	3.160	0.004
BPP_new_20_75_1.C	11	1.200	3.160	0.004
BPP_new_20_75_1.C	11	1.200	3.160	0.004
BPP_new_20_75_10.C	9	4.600	5.480	0.003
BPP_new_20_75_10.C	9	4.600	5.480	0.003
BPP_new_20_75_10.C	9	4.600	5.480	0.003
BPP_new_20_75_10.C	9	4.600	5.480	0.003
BPP_new_20_75_10.C	9	4.600	5.480	0.003
BPP_new_20_75_10.C	9	4.600	5.480	0.003
BPP_new_20_75_10.C	9	4.600	5.480	0.003
BPP_new_20_75_10.C	9	4.600	5.480	0.003
BPP_new_20_75_10.C	9	4.600	5.480	0.003
BPP_new_20_75_10.C	9	4.600	5.480	0.003
BPP_new_20_75_2.C	12	3.000	4.800	0.004
BPP_new_20_75_2.C	12	3.000	4.800	0.004
BPP_new_20_75_2.C	12	3.000	4.800	0.004
BPP_new_20_75_2.C	12	3.000	4.800	0.003
BPP_new_20_75_2.C	12	3.000	4.800	0.004
BPP_new_20_75_2.C	12	3.000	4.800	0.004
BPP_new_20_75_2.C	12	3.000	4.800	0.004
BPP_new_20_75_2.C	12	3.000	4.800	0.004
BPP_new_20_75_2.C	12	3.000	4.800	0.004
BPP_new_20_75_2.C	12	3.000	4.800	0.004
BPP_new_20_75_3.C	10	2.200	3.760	0.003
BPP_new_20_75_3.C	10	2.200	3.760	0.003
BPP_new_20_75_3.C	10	2.200	3.760	0.003
BPP_new_20_75_3.C	10	2.200	3.760	0.003
BPP_new_20_75_3.C	10	2.200	3.760	0.004
BPP_new_20_75_3.C	10	2.200	3.760	0.003
BPP_new_20_75_3.C	10	2.200	3.760	0.003
BPP_new_20_75_3.C	10	2.200	3.760	0.003
BPP_new_20_75_3.C	10	2.200	3.760	0.003
BPP_new_20_75_3.C	10	2.400	3.920	0.003
BPP_new_20_75_4.C	11	3.800	5.240	0.004
BPP_new_20_75_4.C	11	3.800	5.240	0.003
BPP_new_20_75_4.C	11	3.800	5.240	0.004
BPP_new_20_75_4.C	11	3.800	5.240	0.003
BPP_new_20_75_4.C	11	3.800	5.240	0.004
BPP_new_20_75_4.C	11	3.800	5.240	0.003
BPP_new_20_75_4.C	11	3.800	5.240	0.003
BPP_new_20_75_4.C	11	3.800	5.240	0.003
BPP_new_20_75_4.C	11	3.800	5.240	0.004
BPP_new_20_75_4.C	11	3.800	5.240	0.004
BPP_new_20_75_5.C	11	5.000	6.200	0.003
BPP_new_20_75_5.C	10	5.200	6.160	0.003
BPP_new_20_75_5.C	11	5.000	6.200	0.003
BPP_new_20_75_5.C	11	5.000	6.200	0.003
BPP_new_20_75_5.C	11	5.000	6.200	0.004
BPP_new_20_75_5.C	11	5.000	6.200	0.003
BPP_new_20_75_5.C	11	5.000	6.200	0.003
BPP_new_20_75_5.C	11	5.000	6.200	0.003
BPP_new_20_75_5.C	11	5.000	6.200	0.003
BPP_new_20_75_5.C	11	5.000	6.200	0.003
BPP_new_20_75_6.C	6	2.600	3.280	0.003
BPP_new_20_75_6.C	6	2.600	3.280	0.003
BPP_new_20_75_6.C	6	2.600	3.280	0.003
BPP_new_20_75_6.C	6	2.600	3.280	0.003
BPP_new_20_75_6.C	6	2.600	3.280	0.003
BPP_new_20_75_6.C	6	2.600	3.280	0.003
BPP_new_20_75_6.C	6	2.600	3.280	0.003
BPP_new_20_75_6.C	6	2.600	3.280	0.003
BPP_new_20_75_6.C	6	2.600	3.280	0.003
BPP_new_20_75_6.C	6	2.600	3.280	0.003
BPP_new_20_75_7.C	9	1.800	3.240	0.003
BPP_new_20_75_7.C	9	1.800	3.240	0.003
BPP_new_20_75_7.C	9	1.800	3.240	0.003
BPP_new_20_75_7.C	9	1.800	3.240	0.003
BPP_new_20_75_7.C	9	1.800	3.240	0.003
BPP_new_20_75_7.C	9	1.800	3.240	0.003
BPP_new_20_75_7.C	9	1.800	3.240	0.003
BPP_new_20_75_7.C	9	1.800	3.240	0.003
BPP_new_20_75_7.C	9	1.800	3.240	0.003
BPP_new_20_75_7.C	9	1.800	3.240	0.003
BPP_new_20_75_8.C	8	2.600	3.680	0.003
BPP_new_20_75_8.C	8	2.600	3.680	0.003
BPP_new_20_75_8.C	8	2.600	3.680	0.003
BPP_new_20_75_8.C	8	2.600	3.680	0.003
BPP_new_20_75_8.C	8	2.600	3.680	0.003
BPP_new_20_75_8.C	8	2.600	3.680	0.003
BPP_new_20_75_8.C	8	2.600	3.680	0.003
BPP_new_20_75_8.C	8	2.600	3.680	0.003
BPP_new_20_75_8.C	8	2.600	3.680	0.003
BPP_new_20_75_8.C	8	2.600	3.680	0.003
BPP_new_20_75_9.C	10	4.400	5.520	0.004
BPP_new_20_75_9.C	10	4.400	5.520	0.003
BPP_new_20_75_9.C	10	4.400	5.520	0.003
BPP_new_20_75_9.C	10	4.400	5.520	0.003
BPP_new_20_75_9.C	10	4.400	5.520	0.004
BPP_new_20_75_9.C	10	4.400	5.520	0.003
BPP_new_20_75_9.C	10	4.400	5.520	0.003
BPP_new_20_75_9.C	10	4.400	5.520	0.003
BPP_new_20_75_9.C	10	4.400	5.520	0.003
BPP_new_20_75_9.C	10	4.400	5.520	0.004
HBPP_02015007_09180.C	10	1.000	2.800	0.038
HBPP_02015007_09180.C	10	1.000	2.800	0.040
HBPP_02015007_09180.C	10	1.000	2.800	0.039
HBPP_02015007_09180.C	10	1.000	2.800	0.038
HBPP_02015007_09180.C	10	1.000	2.800	0.039
HBPP_02015007_09180.C	10	1.000	2.800	0.040
HBPP_02015007_09180.C	10	1.000	2.800	0.039
HBPP_02015007_09180.C	10	1.000	2.800	0.038
HBPP_02015007_09180.C	10	1.000	2.800	0.039
HBPP_02015007_09180.C	10	1.000	2.800	0.039
HBPP_04000107_06970.C	16	3.200	5.760	0.119
HBPP_04000107_06970.C	16	2.600	5.280	0.113
HBPP_04000107_06970.C	16	3.200	5.760	0.113
HBPP_04000107_06970.C	16	3.200	5.760	0.113
HBPP_04000107_06970.C	16	3.200	5.760	0.114
HBPP_04000107_06970.C	16	2.800	5.440	0.130
HBPP_04000107_06970.C	16	2.800	5.440	0.116
HBPP_04000107_06970.C	16	3.000	5.600	0.188
HBPP_04000107_06970.C	16	2.800	5.440	0.116
HBPP_04000107_06970.C	16	2.200	4.960	0.112
HBPP_04005007_06120.C	16	2.200	4.960	0.114
HBPP_04005007_06120.C	16	2.200	4.960	0.115
HBPP_04005007_06120.C	16	2.200	4.960	0.115
HBPP_04005007_06120.C	16	2.200	4.960	0.131
HBPP_04005007_06120.C	16	2.200	4.960	0.115
HBPP_04005007_06120.C	16	2.200	4.960	0.129
HBPP_04005007_06120.C	16	2.200	4.960	0.129
HBPP_04005007_06120.C	16	2.200	4.960	0.112
HBPP_04005007_06120.C	16	2.200	4.960	0.113
HBPP_04005007_06120.C	16	2.200	4.960	0.113
HBPP_04005009_03610.C	20	2.800	6.240	0.140
HBPP_04005009_03610.C	20	2.800	6.240	0.141
HBPP_04005009_03610.C	20	2.800	6.240	0.139
HBPP_04005009_03610.C	20	2.800	6.240	0.140
HBPP_04005009_03610.C	20	2.800	6.240	0.141
HBPP_04005009_03610.C	20	2.800	6.240	0.141
HBPP_04005009_03610.C	20	2.800	6.240	0.140
HBPP_04005009_03610.C	20	2.800	6.240	0.141
HBPP_04005009_03610.C	20	2.800	6.240	0.145
HBPP_04005009_03610.C	20	2.800	6.240	0.142
HBPP_06000106_07820.C	21	2.800	6.440	0.257
HBPP_06000106_07820.C	21	2.600	6.280	0.287
HBPP_06000106_07820.C	21	2.600	6.280	0.264
HBPP_06000106_07820.C	21	2.800	6.440	0.270
HBPP_06000106_07820.C	21	2.800	6.440	0.283
HBPP_06000106_07820.C	21	2.800	6.440	0.264
HBPP_06000106_07820.C	21	2.200	5.960	0.235
HBPP_06000106_07820.C	21	2.800	6.440	0.227
HBPP_06000106_07820.C	21	2.200	5.960	0.252
HBPP_06000106_07820.C	21	2.400	6.120	0.260
HBPP_06000110_01950.C	27	3.000	7.800	0.286
HBPP_06000110_01950.C	27	3.000	7.800	0.282
HBPP_06000110_01950.C	27	3.000	7.800	0.280
HBPP_06000110_01950.C	27	3.000	7.800	0.277
HBPP_06000110_01950.C	27	3.000	7.800	0.281
HBPP_06000110_01950.C	27	3.000	7.800	0.281
HBPP_06000110_01950.C	27	3.000	7.800	0.280
HBPP_06000110_01950.C	27	3.000	7.800	0.281
HBPP_06000110_01950.C	27	3.000	7.800	0.282
HBPP_06000110_01950.C	27	3.000	7.800	0.280
HBPP_06005007_00330.C	23	4.000	7.800	0.246
HBPP_06005007_00330.C	23	3.800	7.640	0.246
HBPP_06005007_00330.C	23	4.200	7.960	0.245
HBPP_06005007_00330.C	23	4.200	7.960	0.244
HBPP_06005007_00330.C	23	4.000	7.800	0.246
HBPP_06005007_00330.C	23	4.000	7.800	0.246
HBPP_06005007_00330.C	23	4.200	7.960	0.244
HBPP_06005007_00330.C	23	4.000	7.800	0.248
HBPP_06005007_00330.C	23	3.800	7.640	0.244
HBPP_06005007_00330.C	23	4.200	7.960	0.244
HBPP_06005007_03820.C	22	1.400	5.520	0.232
HBPP_06005007_03820.C	22	1.400	5.520	0.231
HBPP_06005007_03820.C	22	1.400	5.520	0.230
HBPP_06005007_03820.C	22	1.400	5.520	0.231
HBPP_06005007_03820.C	22	1.400	5.520	0.231
HBPP_06005007_03820.C	22	1.400	5.520	0.230
HBPP_06005007_03820.C	22	1.400	5.520	0.232
HBPP_06005007_03820.C	22	1.400	5.520	0.232
HBPP_06005007_03820.C	22	1.400	5.520	0.232
HBPP_06005007_03820.C	22	1.400	5.520	0.231
HBPP_06005008_07550.C	24	3.400	7.520	0.288
HBPP_06005008_07550.C	24	3.200	7.360	0.285
HBPP_06005008_07550.C	24	3.400	7.520	0.264
HBPP_06005008_07550.C	24	3.400	7.520	0.293
HBPP_06005008_07550.C	24	3.400	7.520	0.313
HBPP_06005008_07550.C	24	3.400	7.520	0.303
HBPP_06005008_07550.C	24	3.400	7.520	0.300
HBPP_06005008_07550.C	24	3.400	7.520	0.317
HBPP_06005008_07550.C	24	3.400	7.520	0.298
HBPP_06005008_07550.C	24	3.400	7.520	0.283
HBPP_06015006_00670.C	25	2.000	6.600	0.332
HBPP_06015006_00670.C	26	2.000	6.800	0.311
HBPP_06015006_00670.C	26	2.000	6.800	0.324
HBPP_06015006_00670.C	25	2.000	6.600	0.357
HBPP_06015006_00670.C	26	2.000	6.800	0.353
HBPP_06015006_00670.C	26	2.000	6.800	0.308
HBPP_06015006_00670.C	25	2.200	6.760	0.329
HBPP_06015006_00670.C	25	2.000	6.600	0.324
HBPP_06015006_00670.C	26	2.000	6.800	0.341
HBPP_06015006_00670.C	25	1.800	6.440	0.330
HBPP_06015009_04030.C	32	4.600	10.080	0.412
HBPP_06015009_04030.C	32	4.600	10.080	0.355
HBPP_06015009_04030.C	32	4.600	10.080	0.414
HBPP_06015009_04030.C	32	4.600	10.080	0.500
HBPP_06015009_04030.C	32	4.800	10.240	0.437
HBPP_06015009_04030.C	32	4.600	10.080	0.527
HBPP_06015009_04030.C	32	4.800	10.240	0.651
HBPP_06015009_04030.C	32	4.600	10.080	0.465
HBPP_06015009_04030.C	32	4.600	10.080	0.479
HBPP_06015009_04030.C	32	4.600	10.080	0.332
HBPP_06015010_07710.C	34	2.800	9.040	0.359
HBPP_06015010_07710.C	34	2.400	8.720	0.360
HBPP_06015010_07710.C	34	2.800	9.040	0.357
HBPP_06015010_07710.C	34	2.800	9.040	0.357
HBPP_06015010_07710.C	34	3.000	9.200	0.356
HBPP_06015010_07710.C	34	2.800	9.040	0.355
HBPP_06015010_07710.C	34	2.600	8.880	0.359
HBPP_06015010_07710.C	34	2.600	8.880	0.359
HBPP_06015010_07710.C	34	2.600	8.880	0.357
HBPP_06015010_07710.C	34	2.800	9.040	0.358
HBPP_06025005_06390.C	24	5.000	8.800	0.267
HBPP_06025005_06390.C	25	5.000	9.000	0.268
HBPP_06025005_06390.C	25	5.000	9.000	0.332
HBPP_06025005_06390.C	24	5.000	8.800	0.298
HBPP_06025005_06390.C	25	5.000	9.000	0.337
HBPP_06025005_06390.C	24	5.400	9.120	0.387
HBPP_06025005_06390.C	24	5.400	9.120	0.271
HBPP_06025005_06390.C	24	5.200	8.960	0.265
HBPP_06025005_06390.C	24	5.400	9.120	0.272
HBPP_06025005_06390.C	24	5.400	9.120	0.269
HBPP_08000107_06240.C	29	5.400	10.120	0.549
HBPP_08000107_06240.C	29	5.400	10.120	0.561
HBPP_08000107_06240.C	29	5.400	10.120	0.561
HBPP_08000107_06240.C	29	5.400	10.120	0.592
HBPP_08000107_06240.C	28	5.600	10.080	0.560
HBPP_08000107_06240.C	28	5.600	10.080	0.523
HBPP_08000107_06240.C	29	5.600	10.280	0.554
HBPP_08000107_06240.C	28	5.600	10.080	0.550
HBPP_08000107_06240.C	29	5.400	10.120	0.557
HBPP_08000107_06240.C	28	5.800	10.240	0.550
HBPP_08005006_08620.C	28	5.200	9.760	0.401
HBPP_08005006_08620.C	28	5.200	9.760	0.400
HBPP_08005006_08620.C	28	5.200	9.760	0.399
HBPP_08005006_08620.C	28	5.400	9.920	0.399
HBPP_08005006_08620.C	28	5.200	9.760	0.400
HBPP_08005006_08620.C	28	5.200	9.760	0.394
HBPP_08005006_08620.C	28	5.200	9.760	0.400
HBPP_08005006_08620.C	28	5.400	9.920	0.396
HBPP_08005006_08620.C	28	5.400	9.920	0.399
HBPP_08005006_08620.C	28	5.200	9.760	0.403
HBPP_08005007_03940.C	29	5.200	9.960	0.502
HBPP_08005007_03940.C	29	5.400	10.120	0.402
HBPP_08005007_03940.C	29	5.400	10.120	0.581
HBPP_08005007_03940.C	29	5.400	10.120	0.400
HBPP_08005007_03940.C	29	5.400	10.120	0.401
HBPP_08005007_03940.C	29	5.400	10.120	0.400
HBPP_08005007_03940.C	29	5.400	10.120	0.396
HBPP_08005007_03940.C	29	5.200	9.960	0.397
HBPP_08005007_03940.C	29	5.400	10.120	0.402
HBPP_08005007_03940.C	29	5.400	10.120	0.551
HBPP_10000107_05080.C	38	5.200	11.760	0.649
HBPP_10000107_05080.C	38	5.400	11.920	0.648
HBPP_10000107_05080.C	38	5.200	11.760	0.650
HBPP_10000107_05080.C	38	5.400	11.920	0.646
HBPP_10000107_05080.C	38	5.400	11.920	0.651
HBPP_10000107_05080.C	38	5.400	11.920	0.648
HBPP_10000107_05080.C	38	5.000	11.600	0.648
HBPP_10000107_05080.C	38	5.600	12.080	0.651
HBPP_10000107_05080.C	38	5.400	11.920	0.649
HBPP_10000107_05080.C	38	5.400	11.920	0.650
HBPP_10000107_07330.C	36	3.800	10.240	0.962
HBPP_10000107_07330.C	36	4.000	10.400	0.617
HBPP_10000107_07330.C	36	4.000	10.400	0.971
HBPP_10000107_07330.C	36	4.000	10.400	0.934
HBPP_10000107_07330.C	36	3.800	10.240	0.625
HBPP_10000107_07330.C	36	4.000	10.400	0.616
HBPP_10000107_07330.C	36	3.800	10.240	0.759
HBPP_10000107_07330.C	36	4.000	10.400	0.833
HBPP_10000107_07330.C	36	4.000	10.400	0.620
HBPP_10000107_07330.C	36	4.000	10.400	0.619
HBPP_10000108_02570.C	39	4.600	11.480	0.655
HBPP_10000108_02570.C	39	4.600	11.480	0.656
HBPP_10000108_02570.C	39	4.600	11.480	0.662
HBPP_10000108_02570.C	39	4.600	11.480	0.663
HBPP_10000108_02570.C	39	4.600	11.480	0.656
HBPP_10000108_02570.C	39	4.600	11.480	0.665
HBPP_10000108_02570.C	39	4.600	11.480	0.658
HBPP_10000108_02570.C	39	4.600	11.480	0.659
HBPP_10000108_02570.C	39	4.600	11.480	0.662
HBPP_10000108_02570.C	39	4.600	11.480	0.657
HBPP_10015007_04640.C	46	3.800	12.240	0.805
HBPP_10015007_04640.C	46	3.800	12.240	0.806
HBPP_10015007_04640.C	46	3.800	12.240	0.806
HBPP_10015007_04640.C	46	3.800	12.240	0.798
HBPP_10015007_04640.C	46	4.200	12.560	0.796
HBPP_10015007_04640.C	46	3.800	12.240	0.802
HBPP_10015007_04640.C	46	3.800	12.240	0.800
HBPP_10015007_04640.C	46	3.400	11.920	0.837
HBPP_10015007_04640.C	46	3.800	12.240	0.903
HBPP_10015007_04640.C	46	3.800	12.240	0.982
HBPP_12000107_08940.C	47	6.000	14.200	0.927
HBPP_12000107_08940.C	46	6.400	14.320	0.939
HBPP_12000107_08940.C	47	6.000	14.200	0.943
HBPP_12000107_08940.C	47	6.000	14.200	0.929
HBPP_12000107_08940.C	47	6.000	14.200	0.931
HBPP_12000107_08940.C	47	6.000	14.200	0.934
HBPP_12000107_08940.C	47	6.000	14.200	0.932
HBPP_12000107_08940.C	46	6.400	14.320	0.937
HBPP_12000107_08940.C	47	6.000	14.200	1.520
HBPP_12000107_08940.C	47	6.000	14.200	1.374
HBPP_12000108_00350.C	45	2.200	10.760	0.920
HBPP_12000108_00350.C	45	2.600	11.080	0.929
HBPP_12000108_00350.C	45	2.400	10.920	0.919
HBPP_12000108_00350.C	45	2.200	10.760	0.936
HBPP_12000108_00350.C	45	2.000	10.600	1.063
HBPP_12000108_00350.C	45	2.400	10.920	1.230
HBPP_12000108_00350.C	45	2.000	10.600	1.529
HBPP_12000108_00350.C	45	2.200	10.760	0.928
HBPP_12000108_00350.C	45	2.000	10.600	0.961
HBPP_12000108_00350.C	45	1.600	10.280	1.015
HBPP_12000109_09170.C	59	3.000	14.200	1.859
HBPP_12000109_09170.C	59	3.200	14.360	1.149
HBPP_12000109_09170.C	59	3.200	14.360	1.170
HBPP_12000109_09170.C	59	3.200	14.360	1.202
HBPP_12000109_09170.C	58	3.400	14.320	1.220
HBPP_12000109_09170.C	59	3.200	14.360	1.191
HBPP_12000109_09170.C	59	3.200	14.360	1.151
HBPP_12000109_09170.C	58	3.400	14.320	1.143
HBPP_12000109_09170.C	59	3.200	14.360	1.181
HBPP_12000109_09170.C	58	3.400	14.320	1.334
HBPP_12000110_06550.C	62	4.000	15.600	1.474
HBPP_12000110_06550.C	62	4.000	15.600	1.569
HBPP_12000110_06550.C	62	4.000	15.600	1.690
HBPP_12000110_06550.C	62	4.000	15.600	1.237
HBPP_12000110_06550.C	62	4.000	15.600	1.234
HBPP_12000110_06550.C	62	4.000	15.600	1.235
HBPP_12000110_06550.C	62	3.800	15.440	1.230
HBPP_12000110_06550.C	62	4.000	15.600	1.235
HBPP_12000110_06550.C	62	4.000	15.600	1.232
HBPP_12000110_06550.C	61	4.200	15.560	1.230
HBPP_12005007_01380.C	53	3.200	13.160	1.858
HBPP_12005007_01380.C	53	3.200	13.160	1.896
HBPP_12005007_01380.C	53	3.200	13.160	1.091
HBPP_12005007_01380.C	53	3.200	13.160	1.093
HBPP_12005007_01380.C	53	3.200	13.160	1.093
HBPP_12005007_01380.C	53	3.400	13.320	1.084
HBPP_12005007_01380.C	53	3.200	13.160	1.919
HBPP_12005007_01380.C	53	3.200	13.160	1.101
HBPP_12005007_01380.C	53	3.600	13.480	1.117
HBPP_12005007_01380.C	53	3.200	13.160	1.142
HBPP_12005007_01800.C	45	5.000	13.000	0.939
HBPP_12005007_01800.C	45	5.000	13.000	1.637
HBPP_12005007_01800.C	45	4.600	12.680	1.717
HBPP_12005007_01800.C	45	5.000	13.000	1.431
HBPP_12005007_01800.C	46	5.000	13.200	1.557
HBPP_12005007_01800.C	45	5.200	13.160	1.646
HBPP_12005007_01800.C	45	5.200	13.160	1.608
HBPP_12005007_01800.C	45	5.200	13.160	1.298
HBPP_12005007_01800.C	45	5.000	13.000	1.455
HBPP_12005007_01800.C	45	4.800	12.840	1.485
HBPP_12005007_03240.C	44	4.000	12.000	1.512
HBPP_12005007_03240.C	44	4.000	12.000	1.542
HBPP_12005007_03240.C	44	4.200	12.160	0.921
HBPP_12005007_03240.C	44	4.000	12.000	1.532
HBPP_12005007_03240.C	44	4.000	12.000	1.567
HBPP_12005007_03240.C	44	4.000	12.000	1.543
HBPP_12005007_03240.C	44	4.000	12.000	0.917
HBPP_12005007_03240.C	44	4.200	12.160	0.911
HBPP_12005007_03240.C	44	3.800	11.840	0.907
HBPP_12005007_03240.C	44	4.200	12.160	0.914
HBPP_12005008_04500.C	55	5.800	15.640	1.475
HBPP_12005008_04500.C	55	5.800	15.640	1.627
HBPP_12005008_04500.C	55	5.600	15.480	1.816
HBPP_12005008_04500.C	56	5.600	15.680	1.265
HBPP_12005008_04500.C	56	5.600	15.680	1.422
HBPP_12005008_04500.C	55	5.800	15.640	1.211
HBPP_12005008_04500.C	55	5.800	15.640	1.189
HBPP_12005008_04500.C	56	5.400	15.520	1.143
HBPP_12005008_04500.C	56	5.600	15.680	1.134
HBPP_12005008_04500.C	55	5.800	15.640	1.142
HBPP_12015007_01650.C	55	5.200	15.160	1.241
HBPP_12015007_01650.C	55	5.200	15.160	1.215
HBPP_12015007_01650.C	55	5.400	15.320	1.120
HBPP_12015007_01650.C	55	5.400	15.320	1.117
HBPP_12015007_01650.C	55	5.000	15.000	1.113
HBPP_12015007_01650.C	55	5.400	15.320	1.126
HBPP_12015007_01650.C	55	5.400	15.320	1.107
HBPP_12015007_01650.C	55	5.400	15.320	1.113
HBPP_12015007_01650.C	55	5.400	15.320	1.124
HBPP_12015007_01650.C	54	5.600	15.280	1.118
HBPP_12015009_07400.C	63	8.000	19.000	1.305
HBPP_12015009_07400.C	63	7.400	18.520	1.301
HBPP_12015009_07400.C	63	7.600	18.680	1.289
HBPP_12015009_07400.C	63	8.000	19.000	1.306
HBPP_12015009_07400.C	63	7.400	18.520	1.299
HBPP_12015009_07400.C	63	7.600	18.680	1.298
HBPP_12015009_07400.C	63	7.600	18.680	1.297
HBPP_12015009_07400.C	63	7.800	18.840	1.306
HBPP_12015009_07400.C	63	7.800	18.840	1.299
HBPP_12015009_07400.C	63	7.600	18.680	1.294
HBPP_14005010_04470.C	82	10.400	24.720	1.905
HBPP_14005010_04470.C	82	10.600	24.880	1.903
HBPP_14005010_04470.C	82	10.400	24.720	1.902
HBPP_14005010_04470.C	82	10.800	25.040	1.893
HBPP_14005010_04470.C	82	10.600	24.880	1.882
HBPP_14005010_04470.C	82	10.200	24.560	1.896
HBPP_14005010_04470.C	82	10.600	24.880	1.899
HBPP_14005010_04470.C	82	10.400	24.720	1.894
HBPP_14005010_04470.C	82	11.000	25.200	1.887
HBPP_14005010_04470.C	82	10.600	24.880	1.895
HBPP_14015007_01210.C	64	5.800	17.440	1.563
HBPP_14015007_01210.C	64	6.000	17.600	1.566
HBPP_14015007_01210.C	65	5.800	17.640	2.798
HBPP_14015007_01210.C	65	5.800	17.640	1.571
HBPP_14015007_01210.C	65	5.600	17.480	1.563
HBPP_14015007_01210.C	64	6.200	17.760	1.578
HBPP_14015007_01210.C	65	5.800	17.640	1.561
HBPP_14015007_01210.C	65	5.800	17.640	1.570
HBPP_14015007_01210.C	65	5.800	17.640	1.574
HBPP_14015007_01210.C	65	5.800	17.640	1.567
HBPP_14015008_03730.C	68	5.600	18.080	1.599
HBPP_14015008_03730.C	68	5.800	18.240	1.603
HBPP_14015008_03730.C	67	5.600	17.880	1.605
HBPP_14015008_03730.C	68	5.600	18.080	1.600
HBPP_14015008_03730.C	68	5.600	18.080	1.608
HBPP_14015008_03730.C	67	5.800	18.040	1.603
HBPP_14015008_03730.C	68	5.200	17.760	1.595
HBPP_14015008_03730.C	67	5.600	17.880	1.619
HBPP_14015008_03730.C	67	5.200	17.560	1.611
HBPP_14015008_03730.C	68	5.000	17.600	1.599
HBPP_16000107_00140.C	63	14.200	23.960	2.847
HBPP_16000107_00140.C	63	14.200	23.960	1.774
HBPP_16000107_00140.C	63	14.200	23.960	1.825
HBPP_16000107_00140.C	63	14.200	23.960	3.072
HBPP_16000107_00140.C	63	14.200	23.960	3.099
HBPP_16000107_00140.C	63	14.200	23.960	1.776
HBPP_16000107_00140.C	63	14.200	23.960	1.763
HBPP_16000107_00140.C	63	14.200	23.960	1.765
HBPP_16000107_00140.C	63	14.200	23.960	1.768
HBPP_16000107_00140.C	63	14.200	23.960	1.748
HBPP_16000108_01490.C	67	12.800	23.640	3.148
HBPP_16000108_01490.C	67	13.000	23.800	1.863
HBPP_16000108_01490.C	67	13.000	23.800	1.897
HBPP_16000108_01490.C	67	13.200	23.960	3.258
HBPP_16000108_01490.C	67	13.000	23.800	1.912
HBPP_16000108_01490.C	67	13.000	23.800	1.916
HBPP_16000108_01490.C	67	12.800	23.640	2.008
HBPP_16000108_01490.C	67	12.800	23.640	1.860
HBPP_16000108_01490.C	67	13.000	23.800	2.734
HBPP_16000108_01490.C	67	12.800	23.640	1.886
HBPP_16000110_02790.C	86	16.600	30.480	2.327
HBPP_16000110_02790.C	86	16.800	30.640	2.379
HBPP_16000110_02790.C	86	17.000	30.800	2.344
HBPP_16000110_02790.C	86	16.400	30.320	2.326
HBPP_16000110_02790.C	85	16.400	30.120	2.334
HBPP_16000110_02790.C	86	16.800	30.640	2.708
HBPP_16000110_02790.C	86	16.800	30.640	2.320
HBPP_16000110_02790.C	86	16.400	30.320	2.338
HBPP_16000110_02790.C	85	17.200	30.760	2.343
HBPP_16000110_02790.C	86	16.400	30.320	2.320
HBPP_16005009_00010.C	80	14.400	27.520	2.254
HBPP_16005009_00010.C	80	13.800	27.040	2.242
HBPP_16005009_00010.C	80	14.000	27.200	2.262
HBPP_16005009_00010.C	80	13.600	26.880	2.228
HBPP_16005009_00010.C	81	13.600	27.080	2.241
HBPP_16005009_00010.C	81	14.000	27.400	2.211
HBPP_16005009_00010.C	80	13.800	27.040	2.222
HBPP_16005009_00010.C	80	13.800	27.040	2.257
HBPP_16005009_00010.C	80	13.400	26.720	2.269
HBPP_16005009_00010.C	81	14.000	27.400	2.226
HBPP_16005009_01610.C	80	11.600	25.280	3.941
HBPP_16005009_01610.C	80	12.400	25.920	3.977
HBPP_16005009_01610.C	80	12.400	25.920	2.785
HBPP_16005009_01610.C	80	11.800	25.440	2.245
HBPP_16005009_01610.C	80	12.400	25.920	2.237
HBPP_16005009_01610.C	80	11.800	25.440	2.233
HBPP_16005009_01610.C	80	12.400	25.920	2.259
HBPP_16005009_01610.C	80	12.200	25.760	2.265
HBPP_16005009_01610.C	80	11.600	25.280	3.934
HBPP_16005009_01610.C	81	11.400	25.320	2.257
HBPP_16015007_02060.C	76	9.000	22.400	2.130
HBPP_16015007_02060.C	75	9.200	22.360	2.115
HBPP_16015007_02060.C	75	8.600	21.880	2.117
HBPP_16015007_02060.C	75	9.200	22.360	2.115
HBPP_16015007_02060.C	75	9.200	22.360	2.151
HBPP_16015007_02060.C	75	9.200	22.360	2.123
HBPP_16015007_02060.C	75	9.600	22.680	2.114
HBPP_16015007_02060.C	75	9.400	22.520	2.136
HBPP_16015007_02060.C	75	9.200	22.360	2.120
HBPP_16015007_02060.C	75	8.800	22.040	2.096
HBPP_16015009_09810.C	86	12.400	27.120	2.462
HBPP_16015009_09810.C	87	12.000	27.000	4.599
HBPP_16015009_09810.C	87	11.600	26.680	4.174
HBPP_16015009_09810.C	87	12.200	27.160	4.389
HBPP_16015009_09810.C	87	11.800	26.840	2.495
HBPP_16015009_09810.C	87	11.600	26.680	2.488
HBPP_16015009_09810.C	87	12.200	27.160	2.463
HBPP_16015009_09810.C	87	12.000	27.000	2.701
HBPP_16015009_09810.C	87	12.000	27.000	2.613
HBPP_16015009_09810.C	87	12.000	27.000	2.491
HBPP_18000108_03590.C	77	9.600	23.080	2.837
HBPP_18000108_03590.C	77	9.800	23.240	2.815
HBPP_18000108_03590.C	77	10.200	23.560	2.784
HBPP_18000108_03590.C	78	9.600	23.280	2.825
HBPP_18000108_03590.C	77	9.400	22.920	2.819
HBPP_18000108_03590.C	78	10.000	23.600	2.830
HBPP_18000108_03590.C	78	10.200	23.760	2.851
HBPP_18000108_03590.C	77	9.800	23.240	2.827
HBPP_18000108_03590.C	77	10.200	23.560	2.807
HBPP_18000108_03590.C	78	9.400	23.120	2.834
HBPP_18000108_07160.C	79	11.600	25.080	2.823
HBPP_18000108_07160.C	79	11.200	24.760	2.769
HBPP_18000108_07160.C	79	11.200	24.760	2.800
HBPP_18000108_07160.C	79	11.000	24.600	4.291
HBPP_18000108_07160.C	79	10.800	24.440	4.056
HBPP_18000108_07160.C	79	11.600	25.080	2.830
HBPP_18000108_07160.C	79	10.600	24.280	2.845
HBPP_18000108_07160.C	79	10.800	24.440	2.811
HBPP_18000108_07160.C	79	11.400	24.920	4.375
HBPP_18000108_07160.C	79	11.200	24.760	2.762
HBPP_18000110_04390.C	90	9.800	25.840	3.237
HBPP_18000110_04390.C	90	10.200	26.160	3.223
HBPP_18000110_04390.C	90	10.200	26.160	3.248
HBPP_18000110_04390.C	90	9.200	25.360	3.246
HBPP_18000110_04390.C	90	10.200	26.160	3.216
HBPP_18000110_04390.C	90	10.000	26.000	3.277
HBPP_18000110_04390.C	90	9.800	25.840	4.796
HBPP_18000110_04390.C	90	9.800	25.840	4.895
HBPP_18000110_04390.C	90	10.000	26.000	4.913
HBPP_18000110_04390.C	90	10.000	26.000	4.877
HBPP_18015008_08210.C	89	15.400	30.120	4.136
HBPP_18015008_08210.C	89	15.400	30.120	4.179
HBPP_18015008_08210.C	89	15.400	30.120	4.358
HBPP_18015008_08210.C	89	15.400	30.120	3.301
HBPP_18015008_08210.C	89	15.400	30.120	3.238
HBPP_18015008_08210.C	89	15.400	30.120	3.290
HBPP_18015008_08210.C	89	15.200	29.960	3.301
HBPP_18015008_08210.C	89	15.400	30.120	3.731
HBPP_18015008_08210.C	89	15.400	30.120	4.006
HBPP_18015008_08210.C	89	15.400	30.120	3.375
HBPP_18015010_06050.C	109	11.000	30.600	3.955
HBPP_18015010_06050.C	109	10.000	29.800	3.915
HBPP_18015010_06050.C	109	11.000	30.600	3.938
HBPP_18015010_06050.C	109	10.800	30.440	3.901
HBPP_18015010_06050.C	109	10.600	30.280	4.001
HBPP_18015010_06050.C	109	10.800	30.440	4.178
HBPP_18015010_06050.C	108	11.200	30.560	4.474
HBPP_18015010_06050.C	109	10.400	30.120	4.503
HBPP_18015010_06050.C	109	10.800	30.440	5.128
HBPP_18015010_06050.C	109	11.200	30.760	5.899
HBPP_20000107_01190.C	78	4.400	19.120	4.276
HBPP_20000107_01190.C	78	4.400	19.120	4.784
HBPP_20000107_01190.C	78	4.600	19.280	5.173
HBPP_20000107_01190.C	78	4.600	19.280	4.974
HBPP_20000107_01190.C	78	4.800	19.440	4.861
HBPP_20000107_01190.C	78	5.000	19.600	3.408
HBPP_20000107_01190.C	78	4.800	19.440	3.533
HBPP_20000107_01190.C	78	4.400	19.120	3.650
HBPP_20000107_01190.C	78	5.200	19.760	4.008
HBPP_20000107_01190.C	79	4.400	19.320	4.412
HBPP_20000108_00250.C	79	12.400	25.720	3.429
HBPP_20000108_00250.C	79	13.400	26.520	3.336
HBPP_20000108_00250.C	79	12.800	26.040	3.368
HBPP_20000108_00250.C	79	13.400	26.520	3.426
HBPP_20000108_00250.C	79	12.600	25.880	3.435
HBPP_20000108_00250.C	79	12.800	26.040	3.450
HBPP_20000108_00250.C	79	13.200	26.360	3.423
HBPP_20000108_00250.C	79	13.600	26.680	3.410
HBPP_20000108_00250.C	78	13.000	26.000	3.357
HBPP_20000108_00250.C	79	13.000	26.200	3.430
HBPP_20000108_01750.C	88	15.400	29.920	3.747
HBPP_20000108_01750.C	88	15.200	29.760	3.756
HBPP_20000108_01750.C	88	14.600	29.280	3.747
HBPP_20000108_01750.C	88	15.000	29.600	3.760
HBPP_20000108_01750.C	88	15.600	30.080	4.352
HBPP_20000108_01750.C	88	15.400	29.920	9.503
HBPP_20000108_01750.C	87	15.400	29.720	6.839
HBPP_20000108_01750.C	87	15.000	29.400	4.381
HBPP_20000108_01750.C	88	16.200	30.560	3.769
HBPP_20000108_01750.C	87	16.000	30.200	3.758
HBPP_20005008_01240.C	88	9.400	25.120	5.571
HBPP_20005008_01240.C	88	9.800	25.440	5.795
HBPP_20005008_01240.C	88	10.000	25.600	5.748
HBPP_20005008_01240.C	88	10.400	25.920	5.631
HBPP_20005008_01240.C	88	10.600	26.080	5.749
HBPP_20005008_01240.C	88	10.400	25.920	5.488
HBPP_20005008_01240.C	88	10.400	25.920	5.593
HBPP_20005008_01240.C	88	8.800	24.640	5.805
HBPP_20005008_01240.C	88	9.800	25.440	3.861
HBPP_20005008_01240.C	88	9.800	25.440	5.810
HBPP_20005009_02000.C	97	11.800	28.840	6.094
HBPP_20005009_02000.C	96	12.000	28.800	5.990
HBPP_20005009_02000.C	96	11.600	28.480	6.044
HBPP_20005009_02000.C	96	12.000	28.800	6.004
HBPP_20005009_02000.C	96	12.000	28.800	5.959
HBPP_20005009_02000.C	96	11.600	28.480	5.916
HBPP_20005009_02000.C	97	11.600	28.680	6.171
HBPP_20005009_02000.C	96	11.800	28.640	6.076
HBPP_20005009_02000.C	96	11.800	28.640	6.165
HBPP_20005009_02000.C	96	11.800	28.640	5.963
HBPP_20005010_09530.C	106	10.400	29.520	6.853
HBPP_20005010_09530.C	106	10.600	29.680	4.811
HBPP_20005010_09530.C	106	10.600	29.680	5.183
HBPP_20005010_09530.C	106	10.600	29.680	6.215
HBPP_20005010_09530.C	106	10.600	29.680	4.610
HBPP_20005010_09530.C	106	10.400	29.520	4.719
HBPP_20005010_09530.C	105	9.600	28.680	4.718
HBPP_20005010_09530.C	106	10.000	29.200	4.683
HBPP_20005010_09530.C	106	10.400	29.520	4.730
HBPP_20005010_09530.C	105	10.600	29.480	4.676
HBPP_20015007_06370.C	86	9.800	25.040	3.833
HBPP_20015007_06370.C	86	9.600	24.880	3.886
HBPP_20015007_06370.C	86	10.000	25.200	3.836
HBPP_20015007_06370.C	86	10.000	25.200	3.932
HBPP_20015007_06370.C	86	9.600	24.880	3.859
HBPP_20015007_06370.C	87	9.600	25.080	4.016
HBPP_20015007_06370.C	87	9.800	25.240	4.037
HBPP_20015007_06370.C	86	10.200	25.360	4.456
HBPP_20015007_06370.C	86	9.600	24.880	4.601
HBPP_20015007_06370.C	86	10.000	25.200	5.012
HBPP_20015009_02720.C	115	17.200	36.760	7.343
HBPP_20015009_02720.C	115	18.000	37.400	7.363
HBPP_20015009_02720.C	114	18.200	37.360	7.525
HBPP_20015009_02720.C	114	17.200	36.560	7.413
HBPP_20015009_02720.C	115	17.200	36.760	7.143
HBPP_20015009_02720.C	115	16.600	36.280	7.328
HBPP_20015009_02720.C	115	16.800	36.440	7.423
HBPP_20015009_02720.C	115	16.800	36.440	7.210
HBPP_20015009_02720.C	115	18.000	37.400	7.342
HBPP_20015009_02720.C	115	17.000	36.600	7.398
BPP_100_1000_0.1_0.8_0.C	47	0.800	10.040	0.792
BPP_100_1000_0.1_0.8_0.C	47	0.800	10.040	0.797
BPP_100_1000_0.1_0.8_0.C	46	0.800	9.840	0.789
BPP_100_1000_0.1_0.8_0.C	46	0.800	9.840	0.797
BPP_100_1000_0.1_0.8_0.C	46	0.800	9.840	0.789
BPP_100_1000_0.1_0.8_0.C	46	0.800	9.840	0.785
BPP_100_1000_0.1_0.8_0.C	46	0.800	9.840	0.794
BPP_100_1000_0.1_0.8_0.C	47	0.800	10.040	0.799
BPP_100_1000_0.1_0.8_0.C	46	0.800	9.840	0.799
BPP_100_1000_0.1_0.8_0.C	46	0.800	9.840	0.798
BPP_100_1000_0.1_0.8_1.C	47	-0.000	9.400	1.155
BPP_100_1000_0.1_0.8_1.C	47	-0.000	9.400	1.601
BPP_100_1000_0.1_0.8_1.C	47	-0.000	9.400	0.797
BPP_100_1000_0.1_0.8_1.C	47	-0.000	9.400	0.792
BPP_100_1000_0.1_0.8_1.C	47	-0.000	9.400	0.798
BPP_100_1000_0.1_0.8_1.C	47	-0.000	9.400	0.795
BPP_100_1000_0.1_0.8_1.C	47	-0.000	9.400	0.802
BPP_100_1000_0.1_0.8_1.C	47	-0.000	9.400	0.788
BPP_100_1000_0.1_0.8_1.C	47	-0.000	9.400	0.798
BPP_100_1000_0.1_0.8_1.C	47	-0.000	9.400	0.796
BPP_100_1000_0.1_0.8_2.C	45	1.600	10.280	0.777
BPP_100_1000_0.1_0.8_2.C	45	1.600	10.280	0.775
BPP_100_1000_0.1_0.8_2.C	45	1.400	10.120	0.790
BPP_100_1000_0.1_0.8_2.C	45	1.400	10.120	0.891
BPP_100_1000_0.1_0.8_2.C	45	1.400	10.120	1.070
BPP_100_1000_0.1_0.8_2.C	45	1.400	10.120	0.775
BPP_100_1000_0.1_0.8_2.C	45	1.400	10.120	0.771
BPP_100_1000_0.1_0.8_2.C	45	1.600	10.280	0.775
BPP_100_1000_0.1_0.8_2.C	45	1.400	10.120	0.775
BPP_100_1000_0.1_0.8_2.C	45	1.400	10.120	0.776
BPP_100_1000_0.1_0.8_3.C	45	1.000	9.800	0.795
BPP_100_1000_0.1_0.8_3.C	45	1.000	9.800	0.795
BPP_100_1000_0.1_0.8_3.C	45	1.000	9.800	0.792
BPP_100_1000_0.1_0.8_3.C	45	1.000	9.800	0.792
BPP_100_1000_0.1_0.8_3.C	45	1.000	9.800	0.790
BPP_100_1000_0.1_0.8_3.C	45	1.200	9.960	0.796
BPP_100_1000_0.1_0.8_3.C	45	1.000	9.800	0.791
BPP_100_1000_0.1_0.8_3.C	45	1.000	9.800	0.790
BPP_100_1000_0.1_0.8_3.C	46	1.000	10.000	0.798
BPP_100_1000_0.1_0.8_3.C	45	1.200	9.960	0.792
BPP_100_1000_0.1_0.8_4.C	45	1.000	9.800	0.797
BPP_100_1000_0.1_0.8_4.C	45	1.000	9.800	0.792
BPP_100_1000_0.1_0.8_4.C	45	1.000	9.800	0.874
BPP_100_1000_0.1_0.8_4.C	45	1.000	9.800	0.789
BPP_100_1000_0.1_0.8_4.C	45	1.000	9.800	0.812
BPP_100_1000_0.1_0.8_4.C	45	1.000	9.800	0.897
BPP_100_1000_0.1_0.8_4.C	45	1.000	9.800	1.008
BPP_100_1000_0.1_0.8_4.C	45	1.000	9.800	1.058
BPP_100_1000_0.1_0.8_4.C	45	1.000	9.800	1.208
BPP_100_1000_0.1_0.8_4.C	45	1.000	9.800	1.412
BPP_100_1000_0.1_0.8_5.C	48	3.800	12.640	0.855
BPP_100_1000_0.1_0.8_5.C	48	3.800	12.640	0.829
BPP_100_1000_0.1_0.8_5.C	48	3.800	12.640	0.876
BPP_100_1000_0.1_0.8_5.C	48	3.800	12.640	0.871
BPP_100_1000_0.1_0.8_5.C	48	3.800	12.640	0.908
BPP_100_1000_0.1_0.8_5.C	48	3.800	12.640	0.854
BPP_100_1000_0.1_0.8_5.C	48	3.800	12.640	0.853
BPP_100_1000_0.1_0.8_5.C	48	4.000	12.800	0.843
BPP_100_1000_0.1_0.8_5.C	48	3.800	12.640	0.843
BPP_100_1000_0.1_0.8_5.C	48	3.800	12.640	0.849
BPP_100_1000_0.1_0.8_6.C	47	3.000	11.800	0.778
BPP_100_1000_0.1_0.8_6.C	45	3.600	11.880	0.786
BPP_100_1000_0.1_0.8_6.C	47	3.000	11.800	0.795
BPP_100_1000_0.1_0.8_6.C	47	3.000	11.800	0.788
BPP_100_1000_0.1_0.8_6.C	45	3.600	11.880	0.794
BPP_100_1000_0.1_0.8_6.C	47	3.000	11.800	0.794
BPP_100_1000_0.1_0.8_6.C	47	3.000	11.800	0.796
BPP_100_1000_0.1_0.8_6.C	45	3.400	11.720	0.795
BPP_100_1000_0.1_0.8_6.C	45	3.400	11.720	0.802
BPP_100_1000_0.1_0.8_6.C	45	3.400	11.720	0.786
BPP_100_1000_0.1_0.8_7.C	47	1.800	10.840	1.269
BPP_100_1000_0.1_0.8_7.C	46	2.000	10.800	1.116
BPP_100_1000_0.1_0.8_7.C	48	1.800	11.040	0.788
BPP_100_1000_0.1_0.8_7.C	48	1.800	11.040	0.792
BPP_100_1000_0.1_0.8_7.C	47	2.000	11.000	0.792
BPP_100_1000_0.1_0.8_7.C	48	1.600	10.880	0.791
BPP_100_1000_0.1_0.8_7.C	48	1.600	10.880	0.792
BPP_100_1000_0.1_0.8_7.C	48	1.800	11.040	0.795
BPP_100_1000_0.1_0.8_7.C	47	2.000	11.000	0.791
BPP_100_1000_0.1_0.8_7.C	48	1.600	10.880	0.804
BPP_100_1000_0.1_0.8_8.C	51	1.400	11.320	1.297
BPP_100_1000_0.1_0.8_8.C	51	1.400	11.320	1.286
BPP_100_1000_0.1_0.8_8.C	51	1.400	11.320	1.297
BPP_100_1000_0.1_0.8_8.C	51	1.400	11.320	1.251
BPP_100_1000_0.1_0.8_8.C	51	1.400	11.320	0.854
BPP_100_1000_0.1_0.8_8.C	51	1.400	11.320	0.856
BPP_100_1000_0.1_0.8_8.C	51	1.400	11.320	1.325
BPP_100_1000_0.1_0.8_8.C	51	1.400	11.320	1.359
BPP_100_1000_0.1_0.8_8.C	51	1.400	11.320	1.361
BPP_100_1000_0.1_0.8_8.C	51	1.400	11.320	1.280
BPP_100_1000_0.1_0.8_9.C	44	2.600	10.880	1.223
BPP_100_1000_0.1_0.8_9.C	44	2.800	11.040	1.202
BPP_100_1000_0.1_0.8_9.C	44	2.800	11.040	1.218
BPP_100_1000_0.1_0.8_9.C	45	2.600	11.080	1.215
BPP_100_1000_0.1_0.8_9.C	44	2.800	11.040	1.192
BPP_100_1000_0.1_0.8_9.C	44	2.600	10.880	1.157
BPP_100_1000_0.1_0.8_9.C	45	2.600	11.080	1.257
BPP_100_1000_0.1_0.8_9.C	45	2.600	11.080	1.162
BPP_100_1000_0.1_0.8_9.C	45	2.600	11.080	1.241
BPP_100_1000_0.1_0.8_9.C	44	2.600	10.880	1.181
BPP_100_100_0.1_0.8_0.C	48	4.600	13.280	0.096
BPP_100_100_0.1_0.8_0.C	48	4.200	12.960	0.094
BPP_100_100_0.1_0.8_0.C	48	4.000	12.800	0.095
BPP_100_100_0.1_0.8_0.C	48	4.000	12.800	0.095
BPP_100_100_0.1_0.8_0.C	48	4.800	13.440	0.095
BPP_100_100_0.1_0.8_0.C	48	4.800	13.440	0.093
BPP_100_100_0.1_0.8_0.C	48	4.800	13.440	0.094
BPP_100_100_0.1_0.8_0.C	48	4.800	13.440	0.095
BPP_100_100_0.1_0.8_0.C	48	4.600	13.280	0.094
BPP_100_100_0.1_0.8_0.C	48	5.000	13.600	0.094
BPP_100_100_0.1_0.8_1.C	49	1.800	11.240	0.097
BPP_100_100_0.1_0.8_1.C	49	2.000	11.400	0.100
BPP_100_100_0.1_0.8_1.C	49	1.800	11.240	0.100
BPP_100_100_0.1_0.8_1.C	49	2.000	11.400	0.098
BPP_100_100_0.1_0.8_1.C	49	2.000	11.400	0.101
BPP_100_100_0.1_0.8_1.C	49	2.000	11.400	0.099
BPP_100_100_0.1_0.8_1.C	49	1.800	11.240	0.103
BPP_100_100_0.1_0.8_1.C	49	2.000	11.400	0.102
BPP_100_100_0.1_0.8_1.C	49	2.000	11.400	0.097
BPP_100_100_0.1_0.8_1.C	49	2.000	11.400	0.099
BPP_100_100_0.1_0.8_2.C	44	2.400	10.720	0.088
BPP_100_100_0.1_0.8_2.C	43	2.600	10.680	0.088
BPP_100_100_0.1_0.8_2.C	43	2.600	10.680	0.088
BPP_100_100_0.1_0.8_2.C	43	2.800	10.840	0.090
BPP_100_100_0.1_0.8_2.C	43	2.600	10.680	0.088
BPP_100_100_0.1_0.8_2.C	43	2.800	10.840	0.090
BPP_100_100_0.1_0.8_2.C	43	2.800	10.840	0.088
BPP_100_100_0.1_0.8_2.C	44	2.400	10.720	0.089
BPP_100_100_0.1_0.8_2.C	43	2.600	10.680	0.090
BPP_100_100_0.1_0.8_2.C	43	2.800	10.840	0.087
BPP_100_100_0.1_0.8_3.C	49	3.000	12.200	0.097
BPP_100_100_0.1_0.8_3.C	49	2.800	12.040	0.095
BPP_100_100_0.1_0.8_3.C	49	3.000	12.200	0.097
BPP_100_100_0.1_0.8_3.C	49	3.200	12.360	0.097
BPP_100_100_0.1_0.8_3.C	49	2.800	12.040	0.097
BPP_100_100_0.1_0.8_3.C	49	2.800	12.040	0.100
BPP_100_100_0.1_0.8_3.C	49	3.000	12.200	0.098
BPP_100_100_0.1_0.8_3.C	49	2.800	12.040	0.097
BPP_100_100_0.1_0.8_3.C	49	3.000	12.200	0.096
BPP_100_100_0.1_0.8_3.C	49	2.800	12.040	0.097
BPP_100_100_0.1_0.8_4.C	58	1.000	12.400	0.114
BPP_100_100_0.1_0.8_4.C	58	1.000	12.400	0.108
BPP_100_100_0.1_0.8_4.C	58	0.800	12.240	0.109
BPP_100_100_0.1_0.8_4.C	58	0.800	12.240	0.109
BPP_100_100_0.1_0.8_4.C	58	1.000	12.400	0.111
BPP_100_100_0.1_0.8_4.C	58	0.800	12.240	0.109
BPP_100_100_0.1_0.8_4.C	58	0.800	12.240	0.108
BPP_100_100_0.1_0.8_4.C	58	0.800	12.240	0.109
BPP_100_100_0.1_0.8_4.C	58	0.800	12.240	0.109
BPP_100_100_0.1_0.8_4.C	58	1.000	12.400	0.111
BPP_100_100_0.1_0.8_5.C	52	1.800	11.840	0.099
BPP_100_100_0.1_0.8_5.C	52	1.800	11.840	0.100
BPP_100_100_0.1_0.8_5.C	52	1.800	11.840	0.101
BPP_100_100_0.1_0.8_5.C	52	1.800	11.840	0.100
BPP_100_100_0.1_0.8_5.C	51	1.800	11.640	0.101
BPP_100_100_0.1_0.8_5.C	52	1.800	11.840	0.102
BPP_100_100_0.1_0.8_5.C	51	1.800	11.640	0.099
BPP_100_100_0.1_0.8_5.C	52	1.800	11.840	0.099
BPP_100_100_0.1_0.8_5.C	52	1.800	11.840	0.100
BPP_100_100_0.1_0.8_5.C	52	1.800	11.840	0.100
BPP_100_100_0.1_0.8_6.C	47	0.400	9.720	0.093
BPP_100_100_0.1_0.8_6.C	47	0.200	9.560	0.093
BPP_100_100_0.1_0.8_6.C	47	0.200	9.560	0.092
BPP_100_100_0.1_0.8_6.C	47	0.200	9.560	0.092
BPP_100_100_0.1_0.8_6.C	47	0.400	9.720	0.092
BPP_100_100_0.1_0.8_6.C	47	0.400	9.720	0.093
BPP_100_100_0.1_0.8_6.C	47	0.200	9.560	0.093
BPP_100_100_0.1_0.8_6.C	47	0.200	9.560	0.092
BPP_100_100_0.1_0.8_6.C	47	0.400	9.720	0.092
BPP_100_100_0.1_0.8_6.C	47	0.200	9.560	0.092
BPP_100_100_0.1_0.8_7.C	48	0.200	9.760	0.096
BPP_100_100_0.1_0.8_7.C	48	0.200	9.760	0.095
BPP_100_100_0.1_0.8_7.C	48	0.000	9.600	0.094
BPP_100_100_0.1_0.8_7.C	49	0.000	9.800	0.093
BPP_100_100_0.1_0.8_7.C	48	0.000	9.600	0.096
BPP_100_100_0.1_0.8_7.C	49	0.200	9.960	0.097
BPP_100_100_0.1_0.8_7.C	49	0.000	9.800	0.095
BPP_100_100_0.1_0.8_7.C	48	0.200	9.760	0.097
BPP_100_100_0.1_0.8_7.C	48	0.200	9.760	0.095
BPP_100_100_0.1_0.8_7.C	48	0.200	9.760	0.094
BPP_100_100_0.1_0.8_8.C	46	0.000	9.200	0.096
BPP_100_100_0.1_0.8_8.C	46	0.000	9.200	0.092
BPP_100_100_0.1_0.8_8.C	46	0.000	9.200	0.094
BPP_100_100_0.1_0.8_8.C	46	0.000	9.200	0.094
BPP_100_100_0.1_0.8_8.C	46	0.000	9.200	0.094
BPP_100_100_0.1_0.8_8.C	46	0.000	9.200	0.092
BPP_100_100_0.1_0.8_8.C	46	0.000	9.200	0.089
BPP_100_100_0.1_0.8_8.C	46	0.000	9.200	0.095
BPP_100_100_0.1_0.8_8.C	46	0.000	9.200	0.095
BPP_100_100_0.1_0.8_8.C	46	0.000	9.200	0.095
BPP_100_100_0.1_0.8_9.C	48	0.000	9.600	0.095
BPP_100_100_0.1_0.8_9.C	48	0.000	9.600	0.095
BPP_100_100_0.1_0.8_9.C	48	0.000	9.600	0.095
BPP_100_100_0.1_0.8_9.C	48	0.000	9.600	0.094
BPP_100_100_0.1_0.8_9.C	48	0.000	9.600	0.097
BPP_100_100_0.1_0.8_9.C	48	0.000	9.600	0.094
BPP_100_100_0.1_0.8_9.C	48	0.000	9.600	0.094
BPP_100_100_0.1_0.8_9.C	48	0.000	9.600	0.096
BPP_100_100_0.1_0.8_9.C	48	0.000	9.600	0.094
BPP_100_100_0.1_0.8_9.C	48	0.000	9.600	0.096
BPP_100_120_0.1_0.8_0.C	44	4.800	12.640	0.105
BPP_100_120_0.1_0.8_0.C	44	4.800	12.640	0.108
BPP_100_120_0.1_0.8_0.C	44	4.600	12.480	0.105
BPP_100_120_0.1_0.8_0.C	44	4.800	12.640	0.105
BPP_100_120_0.1_0.8_0.C	44	4.800	12.640	0.105
BPP_100_120_0.1_0.8_0.C	44	4.600	12.480	0.105
BPP_100_120_0.1_0.8_0.C	44	4.600	12.480	0.104
BPP_100_120_0.1_0.8_0.C	44	4.800	12.640	0.102
BPP_100_120_0.1_0.8_0.C	44	4.800	12.640	0.104
BPP_100_120_0.1_0.8_0.C	44	4.600	12.480	0.104
BPP_100_120_0.1_0.8_1.C	47	5.400	13.720	0.111
BPP_100_120_0.1_0.8_1.C	47	5.600	13.880	0.112
BPP_100_120_0.1_0.8_1.C	46	5.600	13.680	0.107
BPP_100_120_0.1_0.8_1.C	46	5.600	13.680	0.112
BPP_100_120_0.1_0.8_1.C	47	5.200	13.560	0.110
BPP_100_120_0.1_0.8_1.C	47	5.600	13.880	0.112
BPP_100_120_0.1_0.8_1.C	47	5.200	13.560	0.109
BPP_100_120_0.1_0.8_1.C	47	5.200	13.560	0.109
BPP_100_120_0.1_0.8_1.C	46	5.600	13.680	0.107
BPP_100_120_0.1_0.8_1.C	46	5.600	13.680	0.110
BPP_100_120_0.1_0.8_2.C	47	0.600	9.880	0.109
BPP_100_120_0.1_0.8_2.C	47	0.600	9.880	0.111
BPP_100_120_0.1_0.8_2.C	47	0.600	9.880	0.108
BPP_100_120_0.1_0.8_2.C	47	0.400	9.720	0.110
BPP_100_120_0.1_0.8_2.C	47	0.600	9.880	0.110
BPP_100_120_0.1_0.8_2.C	47	0.600	9.880	0.111
BPP_100_120_0.1_0.8_2.C	46	0.800	9.840	0.109
BPP_100_120_0.1_0.8_2.C	46	0.800	9.840	0.109
BPP_100_120_0.1_0.8_2.C	47	0.600	9.880	0.109
BPP_100_120_0.1_0.8_2.C	47	0.800	10.040	0.111
BPP_100_120_0.1_0.8_3.C	52	-0.000	10.400	0.116
BPP_100_120_0.1_0.8_3.C	52	-0.000	10.400	0.117
BPP_100_120_0.1_0.8_3.C	51	0.000	10.200	0.118
BPP_100_120_0.1_0.8_3.C	52	-0.000	10.400	0.118
BPP_100_120_0.1_0.8_3.C	52	-0.000	10.400	0.116
BPP_100_120_0.1_0.8_3.C	52	-0.000	10.400	0.114
BPP_100_120_0.1_0.8_3.C	52	-0.000	10.400	0.116
BPP_100_120_0.1_0.8_3.C	52	-0.000	10.400	0.117
BPP_100_120_0.1_0.8_3.C	52	-0.000	10.400	0.116
BPP_100_120_0.1_0.8_3.C	52	-0.000	10.400	0.117
BPP_100_120_0.1_0.8_4.C	49	0.200	9.960	0.113
BPP_100_120_0.1_0.8_4.C	48	0.800	10.240	0.113
BPP_100_120_0.1_0.8_4.C	49	0.800	10.440	0.111
BPP_100_120_0.1_0.8_4.C	49	0.800	10.440	0.110
BPP_100_120_0.1_0.8_4.C	48	0.800	10.240	0.110
BPP_100_120_0.1_0.8_4.C	48	0.800	10.240	0.111
BPP_100_120_0.1_0.8_4.C	49	0.200	9.960	0.113
BPP_100_120_0.1_0.8_4.C	48	0.800	10.240	0.111
BPP_100_120_0.1_0.8_4.C	49	0.200	9.960	0.109
BPP_100_120_0.1_0.8_4.C	49	0.800	10.440	0.111
BPP_100_120_0.1_0.8_5.C	45	1.800	10.440	0.105
BPP_100_120_0.1_0.8_5.C	45	1.600	10.280	0.105
BPP_100_120_0.1_0.8_5.C	45	1.800	10.440	0.105
BPP_100_120_0.1_0.8_5.C	45	1.600	10.280	0.105
BPP_100_120_0.1_0.8_5.C	44	1.800	10.240	0.106
BPP_100_120_0.1_0.8_5.C	45	1.200	9.960	0.106
BPP_100_120_0.1_0.8_5.C	45	1.600	10.280	0.106
BPP_100_120_0.1_0.8_5.C	45	1.600	10.280	0.105
BPP_100_120_0.1_0.8_5.C	45	1.600	10.280	0.104
BPP_100_120_0.1_0.8_5.C	45	1.600	10.280	0.102
BPP_100_120_0.1_0.8_6.C	47	3.400	12.120	0.109
BPP_100_120_0.1_0.8_6.C	46	3.600	12.080	0.108
BPP_100_120_0.1_0.8_6.C	46	3.400	11.920	0.108
BPP_100_120_0.1_0.8_6.C	47	3.400	12.120	0.108
BPP_100_120_0.1_0.8_6.C	47	3.200	11.960	0.111
BPP_100_120_0.1_0.8_6.C	47	3.400	12.120	0.110
BPP_100_120_0.1_0.8_6.C	47	3.200	11.960	0.107
BPP_100_120_0.1_0.8_6.C	47	3.400	12.120	0.110
BPP_100_120_0.1_0.8_6.C	47	3.400	12.120	0.109
BPP_100_120_0.1_0.8_6.C	46	3.800	12.240	0.108
BPP_100_120_0.1_0.8_7.C	54	2.400	12.720	0.121
BPP_100_120_0.1_0.8_7.C	54	2.600	12.880	0.119
BPP_100_120_0.1_0.8_7.C	54	2.400	12.720	0.121
BPP_100_120_0.1_0.8_7.C	54	2.600	12.880	0.120
BPP_100_120_0.1_0.8_7.C	54	2.600	12.880	0.119
BPP_100_120_0.1_0.8_7.C	54	2.400	12.720	0.121
BPP_100_120_0.1_0.8_7.C	54	2.400	12.720	0.123
BPP_100_120_0.1_0.8_7.C	54	2.200	12.560	0.122
BPP_100_120_0.1_0.8_7.C	54	2.600	12.880	0.121
BPP_100_120_0.1_0.8_7.C	54	2.600	12.880	0.119
BPP_100_120_0.1_0.8_8.C	46	2.600	11.280	0.107
BPP_100_120_0.1_0.8_8.C	46	2.600	11.280	0.107
BPP_100_120_0.1_0.8_8.C	46	2.600	11.280	0.107
BPP_100_120_0.1_0.8_8.C	46	2.600	11.280	0.109
BPP_100_120_0.1_0.8_8.C	46	2.600	11.280	0.108
BPP_100_120_0.1_0.8_8.C	46	2.600	11.280	0.108
BPP_100_120_0.1_0.8_8.C	46	2.600	11.280	0.107
BPP_100_120_0.1_0.8_8.C	46	2.600	11.280	0.110
BPP_100_120_0.1_0.8_8.C	46	2.600	11.280	0.108
BPP_100_120_0.1_0.8_8.C	46	2.600	11.280	0.109
BPP_100_120_0.1_0.8_9.C	45	1.600	10.280	0.108
BPP_100_120_0.1_0.8_9.C	46	1.400	10.320	0.107
BPP_100_120_0.1_0.8_9.C	46	1.400	10.320	0.106
BPP_100_120_0.1_0.8_9.C	46	1.400	10.320	0.107
BPP_100_120_0.1_0.8_9.C	46	1.400	10.320	0.105
BPP_100_120_0.1_0.8_9.C	46	1.400	10.320	0.105
BPP_100_120_0.1_0.8_9.C	46	1.400	10.320	0.105
BPP_100_120_0.1_0.8_9.C	45	1.600	10.280	0.104
BPP_100_120_0.1_0.8_9.C	46	1.400	10.320	0.107
BPP_100_120_0.1_0.8_9.C	46	1.400	10.320	0.109
BPP_100_125_0.1_0.8_0.C	48	8.000	16.000	0.116
BPP_100_125_0.1_0.8_0.C	48	7.800	15.840	0.119
BPP_100_125_0.1_0.8_0.C	48	7.800	15.840	0.121
BPP_100_125_0.1_0.8_0.C	48	7.800	15.840	0.115
BPP_100_125_0.1_0.8_0.C	48	7.600	15.680	0.117
BPP_100_125_0.1_0.8_0.C	49	7.800	16.040	0.116
BPP_100_125_0.1_0.8_0.C	48	7.800	15.840	0.116
BPP_100_125_0.1_0.8_0.C	48	7.800	15.840	0.116
BPP_100_125_0.1_0.8_0.C	48	8.000	16.000	0.113
BPP_100_125_0.1_0.8_0.C	48	7.800	15.840	0.119
BPP_100_125_0.1_0.8_1.C	48	9.000	16.800	0.117
BPP_100_125_0.1_0.8_1.C	49	9.000	17.000	0.120
BPP_100_125_0.1_0.8_1.C	48	9.200	16.960	0.115
BPP_100_125_0.1_0.8_1.C	48	9.200	16.960	0.119
BPP_100_125_0.1_0.8_1.C	48	9.200	16.960	0.120
BPP_100_125_0.1_0.8_1.C	48	9.000	16.800	0.117
BPP_100_125_0.1_0.8_1.C	49	9.000	17.000	0.116
BPP_100_125_0.1_0.8_1.C	49	9.000	17.000	0.117
BPP_100_125_0.1_0.8_1.C	48	9.200	16.960	0.121
BPP_100_125_0.1_0.8_1.C	48	9.200	16.960	0.119
BPP_100_125_0.1_0.8_2.C	47	1.200	10.360	0.114
BPP_100_125_0.1_0.8_2.C	47	1.200	10.360	0.113
BPP_100_125_0.1_0.8_2.C	47	1.200	10.360	0.112
BPP_100_125_0.1_0.8_2.C	47	1.200	10.360	0.114
BPP_100_125_0.1_0.8_2.C	47	1.200	10.360	0.113
BPP_100_125_0.1_0.8_2.C	47	1.200	10.360	0.114
BPP_100_125_0.1_0.8_2.C	47	1.200	10.360	0.113
BPP_100_125_0.1_0.8_2.C	47	1.200	10.360	0.113
BPP_100_125_0.1_0.8_2.C	47	1.200	10.360	0.113
BPP_100_125_0.1_0.8_2.C	47	1.200	10.360	0.117
BPP_100_125_0.1_0.8_3.C	45	0.400	9.320	0.113
BPP_100_125_0.1_0.8_3.C	45	0.600	9.480	0.109
BPP_100_125_0.1_0.8_3.C	46	0.400	9.520	0.110
BPP_100_125_0.1_0.8_3.C	45	0.600	9.480	0.111
BPP_100_125_0.1_0.8_3.C	45	0.600	9.480	0.110
BPP_100_125_0.1_0.8_3.C	45	0.600	9.480	0.113
BPP_100_125_0.1_0.8_3.C	45	0.600	9.480	0.110
BPP_100_125_0.1_0.8_3.C	45	0.600	9.480	0.111
BPP_100_125_0.1_0.8_3.C	45	0.600	9.480	0.110
BPP_100_125_0.1_0.8_3.C	45	0.400	9.320	0.111
BPP_100_125_0.1_0.8_4.C	48	4.200	12.960	0.117
BPP_100_125_0.1_0.8_4.C	48	4.200	12.960	0.114
BPP_100_125_0.1_0.8_4.C	48	4.200	12.960	0.114
BPP_100_125_0.1_0.8_4.C	48	4.200	12.960	0.114
BPP_100_125_0.1_0.8_4.C	48	4.200	12.960	0.115
BPP_100_125_0.1_0.8_4.C	48	4.200	12.960	0.115
BPP_100_125_0.1_0.8_4.C	48	4.200	12.960	0.114
BPP_100_125_0.1_0.8_4.C	48	4.200	12.960	0.116
BPP_100_125_0.1_0.8_4.C	48	4.200	12.960	0.113
BPP_100_125_0.1_0.8_4.C	48	4.200	12.960	0.115
BPP_100_125_0.1_0.8_5.C	46	3.400	11.920	0.109
BPP_100_125_0.1_0.8_5.C	45	3.600	11.880	0.110
BPP_100_125_0.1_0.8_5.C	45	3.800	12.040	0.112
BPP_100_125_0.1_0.8_5.C	45	3.600	11.880	0.110
BPP_100_125_0.1_0.8_5.C	45	3.600	11.880	0.109
BPP_100_125_0.1_0.8_5.C	46	3.200	11.760	0.109
BPP_100_125_0.1_0.8_5.C	46	3.200	11.760	0.109
BPP_100_125_0.1_0.8_5.C	45	4.000	12.200	0.108
BPP_100_125_0.1_0.8_5.C	45	3.600	11.880	0.109
BPP_100_125_0.1_0.8_5.C	46	3.400	11.920	0.110
BPP_100_125_0.1_0.8_6.C	52	2.400	12.320	0.122
BPP_100_125_0.1_0.8_6.C	52	2.000	12.000	0.120
BPP_100_125_0.1_0.8_6.C	52	2.400	12.320	0.123
BPP_100_125_0.1_0.8_6.C	52	2.400	12.320	0.200
BPP_100_125_0.1_0.8_6.C	52	2.000	12.000	0.212
BPP_100_125_0.1_0.8_6.C	52	2.000	12.000	0.120
BPP_100_125_0.1_0.8_6.C	52	2.200	12.160	0.121
BPP_100_125_0.1_0.8_6.C	51	2.200	11.960	0.119
BPP_100_125_0.1_0.8_6.C	52	2.000	12.000	0.120
BPP_100_125_0.1_0.8_6.C	51	2.000	11.800	0.121
BPP_100_125_0.1_0.8_7.C	55	5.600	15.480	0.127
BPP_100_125_0.1_0.8_7.C	55	5.600	15.480	0.128
BPP_100_125_0.1_0.8_7.C	54	5.800	15.440	0.128
BPP_100_125_0.1_0.8_7.C	55	5.600	15.480	0.128
BPP_100_125_0.1_0.8_7.C	55	5.600	15.480	0.129
BPP_100_125_0.1_0.8_7.C	55	5.600	15.480	0.129
BPP_100_125_0.1_0.8_7.C	54	5.800	15.440	0.127
BPP_100_125_0.1_0.8_7.C	54	5.800	15.440	0.128
BPP_100_125_0.1_0.8_7.C	54	5.800	15.440	0.127
BPP_100_125_0.1_0.8_7.C	54	5.800	15.440	0.150
BPP_100_125_0.1_0.8_8.C	44	2.200	10.560	0.105
BPP_100_125_0.1_0.8_8.C	44	2.200	10.560	0.103
BPP_100_125_0.1_0.8_8.C	44	2.200	10.560	0.104
BPP_100_125_0.1_0.8_8.C	44	2.200	10.560	0.105
BPP_100_125_0.1_0.8_8.C	44	2.200	10.560	0.104
BPP_100_125_0.1_0.8_8.C	44	2.200	10.560	0.105
BPP_100_125_0.1_0.8_8.C	44	2.200	10.560	0.106
BPP_100_125_0.1_0.8_8.C	44	2.200	10.560	0.106
BPP_100_125_0.1_0.8_8.C	44	2.200	10.560	0.104
BPP_100_125_0.1_0.8_8.C	43	2.400	10.520	0.103
BPP_100_125_0.1_0.8_9.C	48	2.200	11.360	0.112
BPP_100_125_0.1_0.8_9.C	48	2.200	11.360	0.110
BPP_100_125_0.1_0.8_9.C	48	2.200	11.360	0.112
BPP_100_125_0.1_0.8_9.C	48	2.200	11.360	0.113
BPP_100_125_0.1_0.8_9.C	48	2.200	11.360	0.110
BPP_100_125_0.1_0.8_9.C	48	2.200	11.360	0.114
BPP_100_125_0.1_0.8_9.C	48	2.200	11.360	0.112
BPP_100_125_0.1_0.8_9.C	48	2.200	11.360	0.112
BPP_100_125_0.1_0.8_9.C	48	2.200	11.360	0.114
BPP_100_125_0.1_0.8_9.C	48	2.200	11.360	0.113
BPP_100_150_0.1_0.8_0.C	57	3.000	13.800	0.154
BPP_100_150_0.1_0.8_0.C	57	3.000	13.800	0.154
BPP_100_150_0.1_0.8_0.C	57	3.000	13.800	0.153
BPP_100_150_0.1_0.8_0.C	57	3.000	13.800	0.153
BPP_100_150_0.1_0.8_0.C	57	3.000	13.800	0.151
BPP_100_150_0.1_0.8_0.C	57	3.000	13.800	0.154
BPP_100_150_0.1_0.8_0.C	57	3.000	13.800	0.154
BPP_100_150_0.1_0.8_0.C	57	3.000	13.800	0.149
BPP_100_150_0.1_0.8_0.C	57	3.000	13.800	0.152
BPP_100_150_0.1_0.8_0.C	57	3.000	13.800	0.152
BPP_100_150_0.1_0.8_1.C	47	4.000	12.600	0.134
BPP_100_150_0.1_0.8_1.C	47	3.400	12.120	0.137
BPP_100_150_0.1_0.8_1.C	48	3.800	12.640	0.134
BPP_100_150_0.1_0.8_1.C	48	3.600	12.480	0.136
BPP_100_150_0.1_0.8_1.C	47	3.400	12.120	0.136
BPP_100_150_0.1_0.8_1.C	48	3.800	12.640	0.133
BPP_100_150_0.1_0.8_1.C	47	3.400	12.120	0.134
BPP_100_150_0.1_0.8_1.C	48	3.800	12.640	0.134
BPP_100_150_0.1_0.8_1.C	47	3.200	11.960	0.134
BPP_100_150_0.1_0.8_1.C	47	3.200	11.960	0.134
BPP_100_150_0.1_0.8_2.C	45	4.000	12.200	0.127
BPP_100_150_0.1_0.8_2.C	45	4.000	12.200	0.126
BPP_100_150_0.1_0.8_2.C	45	4.000	12.200	0.127
BPP_100_150_0.1_0.8_2.C	45	4.000	12.200	0.128
BPP_100_150_0.1_0.8_2.C	45	4.000	12.200	0.125
BPP_100_150_0.1_0.8_2.C	45	4.000	12.200	0.132
BPP_100_150_0.1_0.8_2.C	45	4.000	12.200	0.131
BPP_100_150_0.1_0.8_2.C	45	4.000	12.200	0.127
BPP_100_150_0.1_0.8_2.C	45	4.000	12.200	0.127
BPP_100_150_0.1_0.8_2.C	45	4.000	12.200	0.127
BPP_100_150_0.1_0.8_3.C	45	1.600	10.280	0.130
BPP_100_150_0.1_0.8_3.C	45	1.600	10.280	0.130
BPP_100_150_0.1_0.8_3.C	45	1.600	10.280	0.129
BPP_100_150_0.1_0.8_3.C	45	1.600	10.280	0.129
BPP_100_150_0.1_0.8_3.C	45	1.600	10.280	0.130
BPP_100_150_0.1_0.8_3.C	45	1.600	10.280	0.131
BPP_100_150_0.1_0.8_3.C	45	1.600	10.280	0.132
BPP_100_150_0.1_0.8_3.C	45	1.600	10.280	0.137
BPP_100_150_0.1_0.8_3.C	45	1.600	10.280	0.128
BPP_100_150_0.1_0.8_3.C	45	1.600	10.280	0.127
BPP_100_150_0.1_0.8_4.C	51	1.600	11.480	0.144
BPP_100_150_0.1_0.8_4.C	51	1.600	11.480	0.142
BPP_100_150_0.1_0.8_4.C	51	1.600	11.480	0.138
BPP_100_150_0.1_0.8_4.C	51	1.600	11.480	0.140
BPP_100_150_0.1_0.8_4.C	51	1.600	11.480	0.143
BPP_100_150_0.1_0.8_4.C	51	1.600	11.480	0.139
BPP_100_150_0.1_0.8_4.C	51	1.600	11.480	0.141
BPP_100_150_0.1_0.8_4.C	51	1.600	11.480	0.140
BPP_100_150_0.1_0.8_4.C	51	1.600	11.480	0.137
BPP_100_150_0.1_0.8_4.C	51	1.600	11.480	0.139
BPP_100_150_0.1_0.8_5.C	48	4.400	13.120	0.140
BPP_100_150_0.1_0.8_5.C	48	4.200	12.960	0.136
BPP_100_150_0.1_0.8_5.C	49	4.000	13.000	0.136
BPP_100_150_0.1_0.8_5.C	48	4.000	12.800	0.135
BPP_100_150_0.1_0.8_5.C	49	4.000	13.000	0.137
BPP_100_150_0.1_0.8_5.C	48	4.200	12.960	0.139
BPP_100_150_0.1_0.8_5.C	49	4.200	13.160	0.138
BPP_100_150_0.1_0.8_5.C	49	3.800	12.840	0.136
BPP_100_150_0.1_0.8_5.C	48	4.000	12.800	0.135
BPP_100_150_0.1_0.8_5.C	49	3.800	12.840	0.136
BPP_100_150_0.1_0.8_6.C	46	0.600	9.680	0.129
BPP_100_150_0.1_0.8_6.C	46	0.600	9.680	0.130
BPP_100_150_0.1_0.8_6.C	46	0.600	9.680	0.132
BPP_100_150_0.1_0.8_6.C	46	0.400	9.520	0.129
BPP_100_150_0.1_0.8_6.C	46	0.400	9.520	0.134
BPP_100_150_0.1_0.8_6.C	46	0.600	9.680	0.131
BPP_100_150_0.1_0.8_6.C	46	0.600	9.680	0.131
BPP_100_150_0.1_0.8_6.C	46	0.600	9.680	0.130
BPP_100_150_0.1_0.8_6.C	46	0.600	9.680	0.132
BPP_100_150_0.1_0.8_6.C	46	0.600	9.680	0.133
BPP_100_150_0.1_0.8_7.C	48	1.200	10.560	0.135
BPP_100_150_0.1_0.8_7.C	48	1.200	10.560	0.131
BPP_100_150_0.1_0.8_7.C	48	1.200	10.560	0.134
BPP_100_150_0.1_0.8_7.C	48	1.200	10.560	0.132
BPP_100_150_0.1_0.8_7.C	48	1.200	10.560	0.135
BPP_100_150_0.1_0.8_7.C	48	1.200	10.560	0.132
BPP_100_150_0.1_0.8_7.C	47	1.400	10.520	0.135
BPP_100_150_0.1_0.8_7.C	48	1.200	10.560	0.137
BPP_100_150_0.1_0.8_7.C	48	1.200	10.560	0.134
BPP_100_150_0.1_0.8_7.C	48	1.200	10.560	0.133
BPP_100_150_0.1_0.8_8.C	49	1.000	10.600	0.135
BPP_100_150_0.1_0.8_8.C	49	1.000	10.600	0.134
BPP_100_150_0.1_0.8_8.C	48	1.200	10.560	0.136
BPP_100_150_0.1_0.8_8.C	49	1.000	10.600	0.136
BPP_100_150_0.1_0.8_8.C	49	1.000	10.600	0.137
BPP_100_150_0.1_0.8_8.C	49	1.000	10.600	0.135
BPP_100_150_0.1_0.8_8.C	49	1.000	10.600	0.136
BPP_100_150_0.1_0.8_8.C	48	1.200	10.560	0.140
BPP_100_150_0.1_0.8_8.C	48	1.200	10.560	0.137
BPP_100_150_0.1_0.8_8.C	48	1.200	10.560	0.138
BPP_100_150_0.1_0.8_9.C	46	0.400	9.520	0.128
BPP_100_150_0.1_0.8_9.C	46	0.200	9.360	0.128
BPP_100_150_0.1_0.8_9.C	46	0.200	9.360	0.129
BPP_100_150_0.1_0.8_9.C	46	0.200	9.360	0.129
BPP_100_150_0.1_0.8_9.C	46	0.200	9.360	0.130
BPP_100_150_0.1_0.8_9.C	46	0.200	9.360	0.126
BPP_100_150_0.1_0.8_9.C	46	0.400	9.520	0.130
BPP_100_150_0.1_0.8_9.C	46	0.200	9.360	0.130
BPP_100_150_0.1_0.8_9.C	46	0.200	9.360	0.131
BPP_100_150_0.1_0.8_9.C	46	0.200	9.360	0.130
BPP_100_200_0.1_0.8_0.C	48	3.600	12.480	0.169
BPP_100_200_0.1_0.8_0.C	47	3.800	12.440	0.170
BPP_100_200_0.1_0.8_0.C	48	3.600	12.480	0.170
BPP_100_200_0.1_0.8_0.C	48	3.600	12.480	0.169
BPP_100_200_0.1_0.8_0.C	48	3.600	12.480	0.170
BPP_100_200_0.1_0.8_0.C	48	3.600	12.480	0.169
BPP_100_200_0.1_0.8_0.C	47	3.800	12.440	0.166
BPP_100_200_0.1_0.8_0.C	48	3.600	12.480	0.169
BPP_100_200_0.1_0.8_0.C	48	3.600	12.480	0.171
BPP_100_200_0.1_0.8_0.C	48	3.600	12.480	0.167
BPP_100_200_0.1_0.8_1.C	50	5.600	14.480	0.214
BPP_100_200_0.1_0.8_1.C	50	5.000	14.000	0.177
BPP_100_200_0.1_0.8_1.C	50	5.400	14.320	0.179
BPP_100_200_0.1_0.8_1.C	50	5.600	14.480	0.170
BPP_100_200_0.1_0.8_1.C	50	5.400	14.320	0.295
BPP_100_200_0.1_0.8_1.C	50	5.400	14.320	0.176
BPP_100_200_0.1_0.8_1.C	50	5.400	14.320	0.284
BPP_100_200_0.1_0.8_1.C	50	5.800	14.640	0.176
BPP_100_200_0.1_0.8_1.C	50	5.400	14.320	0.301
BPP_100_200_0.1_0.8_1.C	50	5.800	14.640	0.344
BPP_100_200_0.1_0.8_2.C	47	2.000	11.000	0.162
BPP_100_200_0.1_0.8_2.C	47	2.000	11.000	0.165
BPP_100_200_0.1_0.8_2.C	47	2.000	11.000	0.164
BPP_100_200_0.1_0.8_2.C	47	2.200	11.160	0.171
BPP_100_200_0.1_0.8_2.C	47	2.000	11.000	0.168
BPP_100_200_0.1_0.8_2.C	47	2.000	11.000	0.166
BPP_100_200_0.1_0.8_2.C	47	2.000	11.000	0.172
BPP_100_200_0.1_0.8_2.C	46	2.400	11.120	0.169
BPP_100_200_0.1_0.8_2.C	47	2.000	11.000	0.168
BPP_100_200_0.1_0.8_2.C	47	2.000	11.000	0.167
BPP_100_200_0.1_0.8_3.C	46	2.200	10.960	0.163
BPP_100_200_0.1_0.8_3.C	45	2.200	10.760	0.157
BPP_100_200_0.1_0.8_3.C	46	2.200	10.960	0.166
BPP_100_200_0.1_0.8_3.C	46	2.200	10.960	0.162
BPP_100_200_0.1_0.8_3.C	46	2.200	10.960	0.164
BPP_100_200_0.1_0.8_3.C	45	2.400	10.920	0.163
BPP_100_200_0.1_0.8_3.C	45	2.400	10.920	0.165
BPP_100_200_0.1_0.8_3.C	46	2.200	10.960	0.161
BPP_100_200_0.1_0.8_3.C	45	2.200	10.760	0.162
BPP_100_200_0.1_0.8_3.C	45	2.200	10.760	0.163
BPP_100_200_0.1_0.8_4.C	48	1.800	11.040	0.166
BPP_100_200_0.1_0.8_4.C	48	1.800	11.040	0.169
BPP_100_200_0.1_0.8_4.C	48	1.800	11.040	0.168
BPP_100_200_0.1_0.8_4.C	48	1.800	11.040	0.171
BPP_100_200_0.1_0.8_4.C	48	1.800	11.040	0.170
BPP_100_200_0.1_0.8_4.C	48	1.800	11.040	0.167
BPP_100_200_0.1_0.8_4.C	48	1.800	11.040	0.168
BPP_100_200_0.1_0.8_4.C	48	1.800	11.040	0.169
BPP_100_200_0.1_0.8_4.C	48	1.800	11.040	0.172
BPP_100_200_0.1_0.8_4.C	48	1.800	11.040	0.172
BPP_100_200_0.1_0.8_5.C	55	5.400	15.320	0.186
BPP_100_200_0.1_0.8_5.C	55	5.200	15.160	0.188
BPP_100_200_0.1_0.8_5.C	54	5.600	15.280	0.189
BPP_100_200_0.1_0.8_5.C	55	5.400	15.320	0.189
BPP_100_200_0.1_0.8_5.C	55	5.200	15.160	0.189
BPP_100_200_0.1_0.8_5.C	55	5.200	15.160	0.187
BPP_100_200_0.1_0.8_5.C	55	5.200	15.160	0.182
BPP_100_200_0.1_0.8_5.C	55	5.400	15.320	0.188
BPP_100_200_0.1_0.8_5.C	55	5.200	15.160	0.184
BPP_100_200_0.1_0.8_5.C	55	5.200	15.160	0.185
BPP_100_200_0.1_0.8_6.C	52	3.400	13.120	0.184
BPP_100_200_0.1_0.8_6.C	52	3.400	13.120	0.185
BPP_100_200_0.1_0.8_6.C	52	3.400	13.120	0.183
BPP_100_200_0.1_0.8_6.C	52	3.400	13.120	0.182
BPP_100_200_0.1_0.8_6.C	52	3.400	13.120	0.183
BPP_100_200_0.1_0.8_6.C	52	3.400	13.120	0.182
BPP_100_200_0.1_0.8_6.C	52	3.400	13.120	0.183
BPP_100_200_0.1_0.8_6.C	52	3.400	13.120	0.188
BPP_100_200_0.1_0.8_6.C	52	3.400	13.120	0.187
BPP_100_200_0.1_0.8_6.C	52	3.400	13.120	0.191
BPP_100_200_0.1_0.8_7.C	48	5.000	13.600	0.169
BPP_100_200_0.1_0.8_7.C	48	4.800	13.440	0.169
BPP_100_200_0.1_0.8_7.C	48	5.000	13.600	0.169
BPP_100_200_0.1_0.8_7.C	48	4.800	13.440	0.171
BPP_100_200_0.1_0.8_7.C	48	5.000	13.600	0.164
BPP_100_200_0.1_0.8_7.C	48	4.800	13.440	0.168
BPP_100_200_0.1_0.8_7.C	48	4.800	13.440	0.167
BPP_100_200_0.1_0.8_7.C	47	5.200	13.560	0.169
BPP_100_200_0.1_0.8_7.C	48	5.000	13.600	0.168
BPP_100_200_0.1_0.8_7.C	48	5.000	13.600	0.174
BPP_100_200_0.1_0.8_8.C	53	2.800	12.840	0.186
BPP_100_200_0.1_0.8_8.C	53	2.800	12.840	0.183
BPP_100_200_0.1_0.8_8.C	53	2.800	12.840	0.186
BPP_100_200_0.1_0.8_8.C	53	2.800	12.840	0.183
BPP_100_200_0.1_0.8_8.C	52	3.000	12.800	0.185
BPP_100_200_0.1_0.8_8.C	53	2.800	12.840	0.189
BPP_100_200_0.1_0.8_8.C	53	2.800	12.840	0.188
BPP_100_200_0.1_0.8_8.C	52	3.000	12.800	0.185
BPP_100_200_0.1_0.8_8.C	53	2.800	12.840	0.181
BPP_100_200_0.1_0.8_8.C	52	2.800	12.640	0.182
BPP_100_200_0.1_0.8_9.C	58	4.600	15.280	0.198
BPP_100_200_0.1_0.8_9.C	57	5.000	15.400	0.197
BPP_100_200_0.1_0.8_9.C	58	4.600	15.280	0.193
BPP_100_200_0.1_0.8_9.C	58	4.600	15.280	0.196
BPP_100_200_0.1_0.8_9.C	58	4.800	15.440	0.195
BPP_100_200_0.1_0.8_9.C	58	4.800	15.440	0.192
BPP_100_200_0.1_0.8_9.C	58	4.600	15.280	0.197
BPP_100_200_0.1_0.8_9.C	58	4.600	15.280	0.196
BPP_100_200_0.1_0.8_9.C	58	4.800	15.440	0.192
BPP_100_200_0.1_0.8_9.C	58	4.600	15.280	0.193
BPP_100_300_0.1_0.8_0.C	47	2.000	11.000	0.269
BPP_100_300_0.1_0.8_0.C	47	2.000	11.000	0.263
BPP_100_300_0.1_0.8_0.C	47	2.000	11.000	0.271
BPP_100_300_0.1_0.8_0.C	47	2.000	11.000	0.268
BPP_100_300_0.1_0.8_0.C	46	2.200	10.960	0.265
BPP_100_300_0.1_0.8_0.C	47	2.000	11.000	0.267
BPP_100_300_0.1_0.8_0.C	47	2.000	11.000	0.270
BPP_100_300_0.1_0.8_0.C	47	2.000	11.000	0.271
BPP_100_300_0.1_0.8_0.C	47	2.000	11.000	0.265
BPP_100_300_0.1_0.8_0.C	47	2.000	11.000	0.267
BPP_100_300_0.1_0.8_1.C	44	2.200	10.560	0.249
BPP_100_300_0.1_0.8_1.C	44	2.600	10.880	0.247
BPP_100_300_0.1_0.8_1.C	44	2.600	10.880	0.252
BPP_100_300_0.1_0.8_1.C	44	2.600	10.880	0.251
BPP_100_300_0.1_0.8_1.C	44	2.600	10.880	0.255
BPP_100_300_0.1_0.8_1.C	44	2.600	10.880	0.253
BPP_100_300_0.1_0.8_1.C	44	2.600	10.880	0.249
BPP_100_300_0.1_0.8_1.C	43	2.600	10.680	0.252
BPP_100_300_0.1_0.8_1.C	44	2.400	10.720	0.251
BPP_100_300_0.1_0.8_1.C	44	2.600	10.880	0.253
BPP_100_300_0.1_0.8_2.C	47	6.200	14.360	0.274
BPP_100_300_0.1_0.8_2.C	47	6.200	14.360	0.271
BPP_100_300_0.1_0.8_2.C	48	5.800	14.240	0.271
BPP_100_300_0.1_0.8_2.C	47	6.400	14.520	0.268
BPP_100_300_0.1_0.8_2.C	47	6.400	14.520	0.277
BPP_100_300_0.1_0.8_2.C	47	6.200	14.360	0.270
BPP_100_300_0.1_0.8_2.C	48	5.800	14.240	0.270
BPP_100_300_0.1_0.8_2.C	48	5.800	14.240	0.269
BPP_100_300_0.1_0.8_2.C	47	6.400	14.520	0.286
BPP_100_300_0.1_0.8_2.C	47	6.400	14.520	0.271
BPP_100_300_0.1_0.8_3.C	52	7.200	16.160	0.287
BPP_100_300_0.1_0.8_3.C	52	7.200	16.160	0.281
BPP_100_300_0.1_0.8_3.C	52	7.200	16.160	0.287
BPP_100_300_0.1_0.8_3.C	52	7.200	16.160	0.280
BPP_100_300_0.1_0.8_3.C	52	7.200	16.160	0.291
BPP_100_300_0.1_0.8_3.C	52	7.200	16.160	0.288
BPP_100_300_0.1_0.8_3.C	52	7.200	16.160	0.283
BPP_100_300_0.1_0.8_3.C	52	7.200	16.160	0.289
BPP_100_300_0.1_0.8_3.C	52	7.200	16.160	0.284
BPP_100_300_0.1_0.8_3.C	52	7.200	16.160	0.280
BPP_100_300_0.1_0.8_4.C	46	2.400	11.120	0.260
BPP_100_300_0.1_0.8_4.C	45	2.600	11.080	0.255
BPP_100_300_0.1_0.8_4.C	46	2.400	11.120	0.254
BPP_100_300_0.1_0.8_4.C	46	2.400	11.120	0.260
BPP_100_300_0.1_0.8_4.C	46	2.400	11.120	0.261
BPP_100_300_0.1_0.8_4.C	45	2.600	11.080	0.254
BPP_100_300_0.1_0.8_4.C	45	2.600	11.080	0.287
BPP_100_300_0.1_0.8_4.C	46	2.400	11.120	0.312
BPP_100_300_0.1_0.8_4.C	45	2.600	11.080	0.260
BPP_100_300_0.1_0.8_4.C	46	2.400	11.120	0.254
BPP_100_300_0.1_0.8_5.C	53	2.800	12.840	0.303
BPP_100_300_0.1_0.8_5.C	53	2.600	12.680	0.295
BPP_100_300_0.1_0.8_5.C	53	3.000	13.000	0.295
BPP_100_300_0.1_0.8_5.C	53	3.000	13.000	0.294
BPP_100_300_0.1_0.8_5.C	53	2.400	12.520	0.294
BPP_100_300_0.1_0.8_5.C	53	2.400	12.520	0.295
BPP_100_300_0.1_0.8_5.C	53	2.400	12.520	0.294
BPP_100_300_0.1_0.8_5.C	53	3.000	13.000	0.293
BPP_100_300_0.1_0.8_5.C	53	2.600	12.680	0.297
BPP_100_300_0.1_0.8_5.C	53	2.400	12.520	0.298
BPP_100_300_0.1_0.8_6.C	44	2.000	10.400	0.256
BPP_100_300_0.1_0.8_6.C	44	2.200	10.560	0.252
BPP_100_300_0.1_0.8_6.C	44	2.000	10.400	0.251
BPP_100_300_0.1_0.8_6.C	44	2.000	10.400	0.254
BPP_100_300_0.1_0.8_6.C	44	2.000	10.400	0.249
BPP_100_300_0.1_0.8_6.C	44	2.000	10.400	0.250
BPP_100_300_0.1_0.8_6.C	44	1.800	10.240	0.250
BPP_100_300_0.1_0.8_6.C	44	2.000	10.400	0.253
BPP_100_300_0.1_0.8_6.C	44	1.800	10.240	0.247
BPP_100_300_0.1_0.8_6.C	44	2.000	10.400	0.252
BPP_100_300_0.1_0.8_7.C	50	3.400	12.720	0.280
BPP_100_300_0.1_0.8_7.C	51	3.200	12.760	0.289
BPP_100_300_0.1_0.8_7.C	50	3.200	12.560	0.283
BPP_100_300_0.1_0.8_7.C	51	3.200	12.760	0.288
BPP_100_300_0.1_0.8_7.C	51	3.200	12.760	0.283
BPP_100_300_0.1_0.8_7.C	51	3.200	12.760	0.287
BPP_100_300_0.1_0.8_7.C	50	3.200	12.560	0.337
BPP_100_300_0.1_0.8_7.C	51	3.200	12.760	0.379
BPP_100_300_0.1_0.8_7.C	50	3.200	12.560	0.287
BPP_100_300_0.1_0.8_7.C	50	3.400	12.720	0.331
BPP_100_300_0.1_0.8_8.C	48	1.000	10.400	0.273
BPP_100_300_0.1_0.8_8.C	48	1.000	10.400	0.273
BPP_100_300_0.1_0.8_8.C	48	1.000	10.400	0.271
BPP_100_300_0.1_0.8_8.C	48	1.000	10.400	0.311
BPP_100_300_0.1_0.8_8.C	48	1.000	10.400	0.273
BPP_100_300_0.1_0.8_8.C	48	1.000	10.400	0.270
BPP_100_300_0.1_0.8_8.C	48	1.000	10.400	0.272
BPP_100_300_0.1_0.8_8.C	48	1.000	10.400	0.274
BPP_100_300_0.1_0.8_8.C	48	1.000	10.400	0.273
BPP_100_300_0.1_0.8_8.C	48	1.000	10.400	0.266
BPP_100_300_0.1_0.8_9.C	47	0.400	9.720	0.276
BPP_100_300_0.1_0.8_9.C	47	0.400	9.720	0.274
BPP_100_300_0.1_0.8_9.C	47	0.400	9.720	0.271
BPP_100_300_0.1_0.8_9.C	47	0.400	9.720	0.274
BPP_100_300_0.1_0.8_9.C	47	0.400	9.720	0.280
BPP_100_300_0.1_0.8_9.C	47	0.400	9.720	0.273
BPP_100_300_0.1_0.8_9.C	47	0.400	9.720	0.279
BPP_100_300_0.1_0.8_9.C	46	0.600	9.680	0.272
BPP_100_300_0.1_0.8_9.C	47	0.600	9.880	0.279
BPP_100_300_0.1_0.8_9.C	47	0.400	9.720	0.281
BPP_100_400_0.1_0.8_0.C	47	2.200	11.160	0.369
BPP_100_400_0.1_0.8_0.C	47	2.400	11.320	0.369
BPP_100_400_0.1_0.8_0.C	46	2.200	10.960	0.372
BPP_100_400_0.1_0.8_0.C	46	2.800	11.440	0.374
BPP_100_400_0.1_0.8_0.C	46	2.400	11.120	0.373
BPP_100_400_0.1_0.8_0.C	47	2.200	11.160	0.368
BPP_100_400_0.1_0.8_0.C	46	2.800	11.440	0.375
BPP_100_400_0.1_0.8_0.C	46	2.400	11.120	0.367
BPP_100_400_0.1_0.8_0.C	46	2.400	11.120	0.371
BPP_100_400_0.1_0.8_0.C	46	2.800	11.440	0.370
BPP_100_400_0.1_0.8_1.C	47	2.800	11.640	0.389
BPP_100_400_0.1_0.8_1.C	47	2.800	11.640	0.385
BPP_100_400_0.1_0.8_1.C	47	2.800	11.640	0.387
BPP_100_400_0.1_0.8_1.C	47	2.800	11.640	0.380
BPP_100_400_0.1_0.8_1.C	47	2.800	11.640	0.385
BPP_100_400_0.1_0.8_1.C	47	2.800	11.640	0.388
BPP_100_400_0.1_0.8_1.C	47	3.000	11.800	0.386
BPP_100_400_0.1_0.8_1.C	47	2.800	11.640	0.386
BPP_100_400_0.1_0.8_1.C	47	2.800	11.640	0.386
BPP_100_400_0.1_0.8_1.C	47	2.800	11.640	0.385
BPP_100_400_0.1_0.8_2.C	48	2.400	11.520	0.385
BPP_100_400_0.1_0.8_2.C	48	2.400	11.520	0.389
BPP_100_400_0.1_0.8_2.C	48	2.400	11.520	0.395
BPP_100_400_0.1_0.8_2.C	48	2.400	11.520	0.388
BPP_100_400_0.1_0.8_2.C	48	2.400	11.520	0.384
BPP_100_400_0.1_0.8_2.C	48	2.400	11.520	0.388
BPP_100_400_0.1_0.8_2.C	48	2.400	11.520	0.388
BPP_100_400_0.1_0.8_2.C	48	2.400	11.520	0.388
BPP_100_400_0.1_0.8_2.C	48	2.400	11.520	0.384
BPP_100_400_0.1_0.8_2.C	48	2.400	11.520	0.384
BPP_100_400_0.1_0.8_3.C	49	2.400	11.720	0.394
BPP_100_400_0.1_0.8_3.C	49	2.400	11.720	0.388
BPP_100_400_0.1_0.8_3.C	49	2.400	11.720	0.390
BPP_100_400_0.1_0.8_3.C	49	2.400	11.720	0.392
BPP_100_400_0.1_0.8_3.C	49	2.400	11.720	0.389
BPP_100_400_0.1_0.8_3.C	49	2.400	11.720	0.386
BPP_100_400_0.1_0.8_3.C	49	2.400	11.720	0.389
BPP_100_400_0.1_0.8_3.C	49	2.400	11.720	0.384
BPP_100_400_0.1_0.8_3.C	49	2.400	11.720	0.384
BPP_100_400_0.1_0.8_3.C	49	2.400	11.720	0.387
BPP_100_400_0.1_0.8_4.C	48	1.600	10.880	0.392
BPP_100_400_0.1_0.8_4.C	48	1.600	10.880	0.389
BPP_100_400_0.1_0.8_4.C	48	1.400	10.720	0.388
BPP_100_400_0.1_0.8_4.C	48	1.400	10.720	0.385
BPP_100_400_0.1_0.8_4.C	48	1.600	10.880	0.387
BPP_100_400_0.1_0.8_4.C	48	1.400	10.720	0.387
BPP_100_400_0.1_0.8_4.C	48	1.400	10.720	0.385
BPP_100_400_0.1_0.8_4.C	49	1.400	10.920	0.385
BPP_100_400_0.1_0.8_4.C	48	1.600	10.880	0.395
BPP_100_400_0.1_0.8_4.C	48	1.600	10.880	0.387
BPP_100_400_0.1_0.8_5.C	46	1.400	10.320	0.372
BPP_100_400_0.1_0.8_5.C	46	1.400	10.320	0.371
BPP_100_400_0.1_0.8_5.C	46	1.400	10.320	0.374
BPP_100_400_0.1_0.8_5.C	46	1.400	10.320	0.376
BPP_100_400_0.1_0.8_5.C	46	1.400	10.320	0.381
BPP_100_400_0.1_0.8_5.C	46	1.400	10.320	0.377
BPP_100_400_0.1_0.8_5.C	46	1.400	10.320	0.377
BPP_100_400_0.1_0.8_5.C	46	1.400	10.320	0.386
BPP_100_400_0.1_0.8_5.C	46	1.400	10.320	0.376
BPP_100_400_0.1_0.8_5.C	46	1.400	10.320	0.372
BPP_100_400_0.1_0.8_6.C	49	0.400	10.120	0.402
BPP_100_400_0.1_0.8_6.C	49	0.400	10.120	0.394
BPP_100_400_0.1_0.8_6.C	49	0.400	10.120	0.398
BPP_100_400_0.1_0.8_6.C	49	0.400	10.120	0.395
BPP_100_400_0.1_0.8_6.C	50	0.400	10.320	0.401
BPP_100_400_0.1_0.8_6.C	49	0.400	10.120	0.390
BPP_100_400_0.1_0.8_6.C	49	0.400	10.120	0.393
BPP_100_400_0.1_0.8_6.C	49	0.400	10.120	0.394
BPP_100_400_0.1_0.8_6.C	49	0.400	10.120	0.475
BPP_100_400_0.1_0.8_6.C	49	0.400	10.120	0.438
BPP_100_400_0.1_0.8_7.C	48	1.400	10.720	0.394
BPP_100_400_0.1_0.8_7.C	48	1.400	10.720	0.388
BPP_100_400_0.1_0.8_7.C	48	1.400	10.720	0.392
BPP_100_400_0.1_0.8_7.C	48	1.400	10.720	0.397
BPP_100_400_0.1_0.8_7.C	48	1.600	10.880	0.386
BPP_100_400_0.1_0.8_7.C	48	1.400	10.720	0.392
BPP_100_400_0.1_0.8_7.C	48	1.400	10.720	0.392
BPP_100_400_0.1_0.8_7.C	48	1.400	10.720	0.388
BPP_100_400_0.1_0.8_7.C	48	1.400	10.720	0.392
BPP_100_400_0.1_0.8_7.C	48	1.400	10.720	0.393
BPP_100_400_0.1_0.8_8.C	49	5.400	14.120	0.386
BPP_100_400_0.1_0.8_8.C	49	5.200	13.960	0.392
BPP_100_400_0.1_0.8_8.C	49	5.200	13.960	0.431
BPP_100_400_0.1_0.8_8.C	49	5.400	14.120	0.396
BPP_100_400_0.1_0.8_8.C	49	5.200	13.960	0.399
BPP_100_400_0.1_0.8_8.C	49	5.200	13.960	0.387
BPP_100_400_0.1_0.8_8.C	49	5.200	13.960	0.398
BPP_100_400_0.1_0.8_8.C	48	5.400	13.920	0.395
BPP_100_400_0.1_0.8_8.C	49	5.400	14.120	0.392
BPP_100_400_0.1_0.8_8.C	49	5.200	13.960	0.386
BPP_100_400_0.1_0.8_9.C	49	2.000	11.400	0.395
BPP_100_400_0.1_0.8_9.C	49	2.200	11.560	0.396
BPP_100_400_0.1_0.8_9.C	49	2.000	11.400	0.399
BPP_100_400_0.1_0.8_9.C	50	2.000	11.600	0.399
BPP_100_400_0.1_0.8_9.C	49	2.200	11.560	0.400
BPP_100_400_0.1_0.8_9.C	49	2.200	11.560	0.404
BPP_100_400_0.1_0.8_9.C	50	2.000	11.600	0.397
BPP_100_400_0.1_0.8_9.C	49	2.200	11.560	0.402
BPP_100_400_0.1_0.8_9.C	49	2.000	11.400	0.390
BPP_100_400_0.1_0.8_9.C	49	2.200	11.560	0.400
BPP_100_500_0.1_0.8_0.C	44	3.800	11.840	0.397
BPP_100_500_0.1_0.8_0.C	45	3.600	11.880	0.412
BPP_100_500_0.1_0.8_0.C	44	3.800	11.840	0.399
BPP_100_500_0.1_0.8_0.C	44	3.800	11.840	0.396
BPP_100_500_0.1_0.8_0.C	44	3.800	11.840	0.396
BPP_100_500_0.1_0.8_0.C	44	3.800	11.840	0.406
BPP_100_500_0.1_0.8_0.C	44	3.800	11.840	0.400
BPP_100_500_0.1_0.8_0.C	44	3.800	11.840	0.398
BPP_100_500_0.1_0.8_0.C	44	3.800	11.840	0.399
BPP_100_500_0.1_0.8_0.C	44	3.800	11.840	0.396
BPP_100_500_0.1_0.8_1.C	50	1.600	11.280	0.444
BPP_100_500_0.1_0.8_1.C	50	1.400	11.120	0.441
BPP_100_500_0.1_0.8_1.C	50	1.600	11.280	0.440
BPP_100_500_0.1_0.8_1.C	50	1.600	11.280	0.443
BPP_100_500_0.1_0.8_1.C	50	1.600	11.280	0.446
BPP_100_500_0.1_0.8_1.C	50	1.600	11.280	0.440
BPP_100_500_0.1_0.8_1.C	50	1.600	11.280	0.446
BPP_100_500_0.1_0.8_1.C	50	1.600	11.280	0.441
BPP_100_500_0.1_0.8_1.C	50	1.600	11.280	0.442
BPP_100_500_0.1_0.8_1.C	50	1.600	11.280	0.440
BPP_100_500_0.1_0.8_2.C	47	0.200	9.560	0.427
BPP_100_500_0.1_0.8_2.C	47	0.200	9.560	0.425
BPP_100_500_0.1_0.8_2.C	47	0.200	9.560	0.421
BPP_100_500_0.1_0.8_2.C	47	0.200	9.560	0.424
BPP_100_500_0.1_0.8_2.C	47	0.400	9.720	0.423
BPP_100_500_0.1_0.8_2.C	47	0.200	9.560	0.424
BPP_100_500_0.1_0.8_2.C	47	0.200	9.560	0.419
BPP_100_500_0.1_0.8_2.C	47	0.400	9.720	0.423
BPP_100_500_0.1_0.8_2.C	47	0.200	9.560	0.425
BPP_100_500_0.1_0.8_2.C	47	0.200	9.560	0.421
BPP_100_500_0.1_0.8_3.C	51	10.600	18.680	0.470
BPP_100_500_0.1_0.8_3.C	51	10.600	18.680	0.452
BPP_100_500_0.1_0.8_3.C	51	10.600	18.680	0.450
BPP_100_500_0.1_0.8_3.C	51	10.600	18.680	0.452
BPP_100_500_0.1_0.8_3.C	51	10.600	18.680	0.456
BPP_100_500_0.1_0.8_3.C	51	10.600	18.680	0.454
BPP_100_500_0.1_0.8_3.C	51	10.600	18.680	0.451
BPP_100_500_0.1_0.8_3.C	51	10.600	18.680	0.452
BPP_100_500_0.1_0.8_3.C	51	10.600	18.680	0.449
BPP_100_500_0.1_0.8_3.C	51	10.600	18.680	0.450
BPP_100_500_0.1_0.8_4.C	49	6.800	15.240	0.434
BPP_100_500_0.1_0.8_4.C	48	7.400	15.520	0.437
BPP_100_500_0.1_0.8_4.C	49	7.000	15.400	0.439
BPP_100_500_0.1_0.8_4.C	48	6.800	15.040	0.435
BPP_100_500_0.1_0.8_4.C	48	7.000	15.200	0.471
BPP_100_500_0.1_0.8_4.C	49	7.000	15.400	0.437
BPP_100_500_0.1_0.8_4.C	48	7.000	15.200	0.431
BPP_100_500_0.1_0.8_4.C	48	7.600	15.680	0.441
BPP_100_500_0.1_0.8_4.C	48	6.800	15.040	0.439
BPP_100_500_0.1_0.8_4.C	48	6.800	15.040	0.431
BPP_100_500_0.1_0.8_5.C	54	1.000	11.600	0.482
BPP_100_500_0.1_0.8_5.C	54	1.000	11.600	0.490
BPP_100_500_0.1_0.8_5.C	54	1.000	11.600	0.485
BPP_100_500_0.1_0.8_5.C	54	1.000	11.600	0.478
BPP_100_500_0.1_0.8_5.C	54	1.000	11.600	0.485
BPP_100_500_0.1_0.8_5.C	54	1.000	11.600	0.472
BPP_100_500_0.1_0.8_5.C	54	1.000	11.600	0.473
BPP_100_500_0.1_0.8_5.C	54	1.000	11.600	0.478
BPP_100_500_0.1_0.8_5.C	54	1.000	11.600	0.470
BPP_100_500_0.1_0.8_5.C	54	1.000	11.600	0.470
BPP_100_500_0.1_0.8_6.C	50	2.000	11.600	0.462
BPP_100_500_0.1_0.8_6.C	51	2.000	11.800	0.484
BPP_100_500_0.1_0.8_6.C	50	2.200	11.760	0.469
BPP_100_500_0.1_0.8_6.C	50	2.000	11.600	0.473
BPP_100_500_0.1_0.8_6.C	51	2.000	11.800	0.481
BPP_100_500_0.1_0.8_6.C	51	2.000	11.800	0.486
BPP_100_500_0.1_0.8_6.C	51	2.000	11.800	0.480
BPP_100_500_0.1_0.8_6.C	51	2.000	11.800	0.514
BPP_100_500_0.1_0.8_6.C	49	2.400	11.720	0.445
BPP_100_500_0.1_0.8_6.C	50	2.200	11.760	0.445
BPP_100_500_0.1_0.8_7.C	51	3.000	12.600	0.442
BPP_100_500_0.1_0.8_7.C	50	3.000	12.400	0.440
BPP_100_500_0.1_0.8_7.C	51	3.000	12.600	0.445
BPP_100_500_0.1_0.8_7.C	50	3.000	12.400	0.441
BPP_100_500_0.1_0.8_7.C	50	3.000	12.400	0.442
BPP_100_500_0.1_0.8_7.C	50	3.200	12.560	0.441
BPP_100_500_0.1_0.8_7.C	50	3.000	12.400	0.442
BPP_100_500_0.1_0.8_7.C	51	3.000	12.600	0.444
BPP_100_500_0.1_0.8_7.C	51	3.000	12.600	0.441
BPP_100_500_0.1_0.8_7.C	50	3.000	12.400	0.442
BPP_100_500_0.1_0.8_8.C	48	2.600	11.680	0.442
BPP_100_500_0.1_0.8_8.C	49	2.600	11.880	0.430
BPP_100_500_0.1_0.8_8.C	48	2.600	11.680	0.434
BPP_100_500_0.1_0.8_8.C	48	2.600	11.680	0.432
BPP_100_500_0.1_0.8_8.C	48	2.600	11.680	0.441
BPP_100_500_0.1_0.8_8.C	48	2.600	11.680	0.422
BPP_100_500_0.1_0.8_8.C	48	2.600	11.680	0.430
BPP_100_500_0.1_0.8_8.C	48	2.600	11.680	0.433
BPP_100_500_0.1_0.8_8.C	48	2.600	11.680	0.442
BPP_100_500_0.1_0.8_8.C	48	2.600	11.680	0.451
BPP_100_500_0.1_0.8_9.C	47	3.600	12.280	0.430
BPP_100_500_0.1_0.8_9.C	47	3.600	12.280	0.445
BPP_100_500_0.1_0.8_9.C	47	3.600	12.280	0.437
BPP_100_500_0.1_0.8_9.C	47	3.600	12.280	0.450
BPP_100_500_0.1_0.8_9.C	47	3.600	12.280	0.424
BPP_100_500_0.1_0.8_9.C	47	3.600	12.280	0.422
BPP_100_500_0.1_0.8_9.C	47	3.600	12.280	0.422
BPP_100_500_0.1_0.8_9.C	47	3.600	12.280	0.421
BPP_100_500_0.1_0.8_9.C	47	3.600	12.280	0.424
BPP_100_500_0.1_0.8_9.C	47	3.600	12.280	0.423
BPP_100_50_0.1_0.8_0.C	44	0.600	9.280	0.046
BPP_100_50_0.1_0.8_0.C	44	0.600	9.280	0.045
BPP_100_50_0.1_0.8_0.C	44	0.400	9.120	0.045
BPP_100_50_0.1_0.8_0.C	44	0.400	9.120	0.046
BPP_100_50_0.1_0.8_0.C	44	0.400	9.120	0.046
BPP_100_50_0.1_0.8_0.C	44	0.400	9.120	0.046
BPP_100_50_0.1_0.8_0.C	44	0.600	9.280	0.045
BPP_100_50_0.1_0.8_0.C	44	0.400	9.120	0.045
BPP_100_50_0.1_0.8_0.C	44	0.600	9.280	0.046
BPP_100_50_0.1_0.8_0.C	44	0.600	9.280	0.046
BPP_100_50_0.1_0.8_1.C	45	3.800	12.040	0.051
BPP_100_50_0.1_0.8_1.C	45	3.600	11.880	0.051
BPP_100_50_0.1_0.8_1.C	45	3.600	11.880	0.052
BPP_100_50_0.1_0.8_1.C	45	3.600	11.880	0.048
BPP_100_50_0.1_0.8_1.C	46	3.600	12.080	0.049
BPP_100_50_0.1_0.8_1.C	45	3.600	11.880	0.058
BPP_100_50_0.1_0.8_1.C	45	3.800	12.040	0.057
BPP_100_50_0.1_0.8_1.C	45	4.000	12.200	0.047
BPP_100_50_0.1_0.8_1.C	45	4.000	12.200	0.048
BPP_100_50_0.1_0.8_1.C	45	4.200	12.360	0.049
BPP_100_50_0.1_0.8_2.C	51	6.400	15.320	0.055
BPP_100_50_0.1_0.8_2.C	51	6.400	15.320	0.054
BPP_100_50_0.1_0.8_2.C	51	6.600	15.480	0.052
BPP_100_50_0.1_0.8_2.C	51	6.400	15.320	0.053
BPP_100_50_0.1_0.8_2.C	51	6.400	15.320	0.051
BPP_100_50_0.1_0.8_2.C	51	6.600	15.480	0.051
BPP_100_50_0.1_0.8_2.C	51	6.400	15.320	0.052
BPP_100_50_0.1_0.8_2.C	51	6.400	15.320	0.053
BPP_100_50_0.1_0.8_2.C	51	6.400	15.320	0.052
BPP_100_50_0.1_0.8_2.C	51	6.600	15.480	0.052
BPP_100_50_0.1_0.8_3.C	48	3.400	12.320	0.048
BPP_100_50_0.1_0.8_3.C	48	3.200	12.160	0.051
BPP_100_50_0.1_0.8_3.C	48	3.800	12.640	0.051
BPP_100_50_0.1_0.8_3.C	47	4.000	12.600	0.050
BPP_100_50_0.1_0.8_3.C	48	3.600	12.480	0.054
BPP_100_50_0.1_0.8_3.C	48	3.600	12.480	0.051
BPP_100_50_0.1_0.8_3.C	49	3.400	12.520	0.051
BPP_100_50_0.1_0.8_3.C	48	3.800	12.640	0.047
BPP_100_50_0.1_0.8_3.C	48	3.600	12.480	0.050
BPP_100_50_0.1_0.8_3.C	48	3.600	12.480	0.050
BPP_100_50_0.1_0.8_4.C	44	1.400	9.920	0.049
BPP_100_50_0.1_0.8_4.C	43	1.600	9.880	0.046
BPP_100_50_0.1_0.8_4.C	43	1.400	9.720	0.047
BPP_100_50_0.1_0.8_4.C	43	1.400	9.720	0.046
BPP_100_50_0.1_0.8_4.C	43	1.400	9.720	0.046
BPP_100_50_0.1_0.8_4.C	43	1.400	9.720	0.046
BPP_100_50_0.1_0.8_4.C	43	1.400	9.720	0.047
BPP_100_50_0.1_0.8_4.C	43	1.600	9.880	0.047
BPP_100_50_0.1_0.8_4.C	43	1.400	9.720	0.047
BPP_100_50_0.1_0.8_4.C	43	1.400	9.720	0.048
BPP_100_50_0.1_0.8_5.C	43	1.600	9.880	0.045
BPP_100_50_0.1_0.8_5.C	43	1.600	9.880	0.046
BPP_100_50_0.1_0.8_5.C	43	1.600	9.880	0.047
BPP_100_50_0.1_0.8_5.C	43	1.400	9.720	0.046
BPP_100_50_0.1_0.8_5.C	43	1.400	9.720	0.045
BPP_100_50_0.1_0.8_5.C	43	1.600	9.880	0.045
BPP_100_50_0.1_0.8_5.C	43	1.600	9.880	0.044
BPP_100_50_0.1_0.8_5.C	43	1.600	9.880	0.045
BPP_100_50_0.1_0.8_5.C	43	1.600	9.880	0.047
BPP_100_50_0.1_0.8_5.C	43	1.400	9.720	0.046
BPP_100_50_0.1_0.8_6.C	45	1.400	10.120	0.049
BPP_100_50_0.1_0.8_6.C	45	1.400	10.120	0.049
BPP_100_50_0.1_0.8_6.C	45	1.400	10.120	0.047
BPP_100_50_0.1_0.8_6.C	45	1.400	10.120	0.046
BPP_100_50_0.1_0.8_6.C	45	1.400	10.120	0.046
BPP_100_50_0.1_0.8_6.C	45	1.400	10.120	0.048
BPP_100_50_0.1_0.8_6.C	45	1.400	10.120	0.046
BPP_100_50_0.1_0.8_6.C	45	1.400	10.120	0.047
BPP_100_50_0.1_0.8_6.C	45	1.400	10.120	0.047
BPP_100_50_0.1_0.8_6.C	45	1.400	10.120	0.046
BPP_100_50_0.1_0.8_7.C	47	1.400	10.520	0.049
BPP_100_50_0.1_0.8_7.C	47	1.400	10.520	0.051
BPP_100_50_0.1_0.8_7.C	47	1.400	10.520	0.048
BPP_100_50_0.1_0.8_7.C	47	1.400	10.520	0.049
BPP_100_50_0.1_0.8_7.C	47	1.400	10.520	0.051
BPP_100_50_0.1_0.8_7.C	47	1.400	10.520	0.049
BPP_100_50_0.1_0.8_7.C	47	1.400	10.520	0.049
BPP_100_50_0.1_0.8_7.C	47	1.400	10.520	0.050
BPP_100_50_0.1_0.8_7.C	47	1.400	10.520	0.048
BPP_100_50_0.1_0.8_7.C	47	1.400	10.520	0.050
BPP_100_50_0.1_0.8_8.C	49	3.200	12.360	0.053
BPP_100_50_0.1_0.8_8.C	48	3.000	12.000	0.050
BPP_100_50_0.1_0.8_8.C	48	3.400	12.320	0.051
BPP_100_50_0.1_0.8_8.C	48	3.400	12.320	0.049
BPP_100_50_0.1_0.8_8.C	48	3.600	12.480	0.051
BPP_100_50_0.1_0.8_8.C	48	3.800	12.640	0.052
BPP_100_50_0.1_0.8_8.C	48	3.400	12.320	0.051
BPP_100_50_0.1_0.8_8.C	48	3.000	12.000	0.050
BPP_100_50_0.1_0.8_8.C	49	3.000	12.200	0.050
BPP_100_50_0.1_0.8_8.C	49	3.200	12.360	0.052
BPP_100_50_0.1_0.8_9.C	47	4.800	13.240	0.051
BPP_100_50_0.1_0.8_9.C	47	5.000	13.400	0.052
BPP_100_50_0.1_0.8_9.C	47	4.800	13.240	0.050
BPP_100_50_0.1_0.8_9.C	47	4.600	13.080	0.051
BPP_100_50_0.1_0.8_9.C	47	4.800	13.240	0.049
BPP_100_50_0.1_0.8_9.C	47	4.800	13.240	0.049
BPP_100_50_0.1_0.8_9.C	47	5.000	13.400	0.051
BPP_100_50_0.1_0.8_9.C	47	4.600	13.080	0.052
BPP_100_50_0.1_0.8_9.C	47	5.000	13.400	0.047
BPP_100_50_0.1_0.8_9.C	47	5.000	13.400	0.048
BPP_100_750_0.1_0.8_0.C	46	2.000	10.800	0.605
BPP_100_750_0.1_0.8_0.C	46	2.000	10.800	0.608
BPP_100_750_0.1_0.8_0.C	46	2.000	10.800	0.601
BPP_100_750_0.1_0.8_0.C	45	2.000	10.600	0.607
BPP_100_750_0.1_0.8_0.C	45	2.200	10.760	0.602
BPP_100_750_0.1_0.8_0.C	46	2.000	10.800	0.602
BPP_100_750_0.1_0.8_0.C	46	2.000	10.800	0.607
BPP_100_750_0.1_0.8_0.C	46	2.000	10.800	0.605
BPP_100_750_0.1_0.8_0.C	45	2.000	10.600	0.606
BPP_100_750_0.1_0.8_0.C	46	2.000	10.800	0.601
BPP_100_750_0.1_0.8_1.C	45	2.000	10.600	0.643
BPP_100_750_0.1_0.8_1.C	45	2.000	10.600	0.634
BPP_100_750_0.1_0.8_1.C	45	2.000	10.600	0.731
BPP_100_750_0.1_0.8_1.C	45	2.000	10.600	0.645
BPP_100_750_0.1_0.8_1.C	45	2.000	10.600	0.650
BPP_100_750_0.1_0.8_1.C	45	2.000	10.600	0.647
BPP_100_750_0.1_0.8_1.C	45	2.000	10.600	0.649
BPP_100_750_0.1_0.8_1.C	45	2.000	10.600	0.664
BPP_100_750_0.1_0.8_1.C	45	2.000	10.600	0.647
BPP_100_750_0.1_0.8_1.C	45	2.000	10.600	0.676
BPP_100_750_0.1_0.8_2.C	45	2.000	10.600	0.602
BPP_100_750_0.1_0.8_2.C	45	2.000	10.600	0.654
BPP_100_750_0.1_0.8_2.C	45	2.000	10.600	0.653
BPP_100_750_0.1_0.8_2.C	45	2.000	10.600	0.649
BPP_100_750_0.1_0.8_2.C	45	2.000	10.600	0.656
BPP_100_750_0.1_0.8_2.C	45	2.000	10.600	0.661
BPP_100_750_0.1_0.8_2.C	45	2.000	10.600	0.653
BPP_100_750_0.1_0.8_2.C	45	2.000	10.600	0.667
BPP_100_750_0.1_0.8_2.C	45	2.200	10.760	0.695
BPP_100_750_0.1_0.8_2.C	45	2.000	10.600	0.601
BPP_100_750_0.1_0.8_3.C	49	2.600	11.880	0.683
BPP_100_750_0.1_0.8_3.C	49	2.600	11.880	0.717
BPP_100_750_0.1_0.8_3.C	49	2.800	12.040	0.719
BPP_100_750_0.1_0.8_3.C	49	2.800	12.040	0.696
BPP_100_750_0.1_0.8_3.C	50	2.600	12.080	0.692
BPP_100_750_0.1_0.8_3.C	49	2.800	12.040	0.713
BPP_100_750_0.1_0.8_3.C	49	2.800	12.040	0.712
BPP_100_750_0.1_0.8_3.C	49	2.600	11.880	0.709
BPP_100_750_0.1_0.8_3.C	49	2.800	12.040	0.708
BPP_100_750_0.1_0.8_3.C	49	2.600	11.880	0.688
BPP_100_750_0.1_0.8_4.C	52	3.600	13.280	0.685
BPP_100_750_0.1_0.8_4.C	52	3.600	13.280	0.675
BPP_100_750_0.1_0.8_4.C	52	3.600	13.280	0.678
BPP_100_750_0.1_0.8_4.C	52	3.600	13.280	0.681
BPP_100_750_0.1_0.8_4.C	52	3.600	13.280	0.677
BPP_100_750_0.1_0.8_4.C	52	3.600	13.280	0.673
BPP_100_750_0.1_0.8_4.C	52	3.600	13.280	0.676
BPP_100_750_0.1_0.8_4.C	52	3.600	13.280	0.677
BPP_100_750_0.1_0.8_4.C	52	3.600	13.280	0.741
BPP_100_750_0.1_0.8_4.C	52	3.600	13.280	0.739
BPP_100_750_0.1_0.8_5.C	50	-0.000	10.000	0.790
BPP_100_750_0.1_0.8_5.C	50	-0.000	10.000	0.649
BPP_100_750_0.1_0.8_5.C	50	-0.000	10.000	0.653
BPP_100_750_0.1_0.8_5.C	50	-0.000	10.000	0.647
BPP_100_750_0.1_0.8_5.C	50	-0.000	10.000	0.643
BPP_100_750_0.1_0.8_5.C	50	-0.000	10.000	0.648
BPP_100_750_0.1_0.8_5.C	50	-0.000	10.000	0.643
BPP_100_750_0.1_0.8_5.C	50	-0.000	10.000	0.650
BPP_100_750_0.1_0.8_5.C	50	-0.000	10.000	0.651
BPP_100_750_0.1_0.8_5.C	50	-0.000	10.000	0.648
BPP_100_750_0.1_0.8_6.C	45	-0.000	9.000	0.595
BPP_100_750_0.1_0.8_6.C	46	0.000	9.200	0.599
BPP_100_750_0.1_0.8_6.C	46	0.000	9.200	0.599
BPP_100_750_0.1_0.8_6.C	45	0.200	9.160	0.600
BPP_100_750_0.1_0.8_6.C	46	0.000	9.200	0.599
BPP_100_750_0.1_0.8_6.C	46	0.000	9.200	0.598
BPP_100_750_0.1_0.8_6.C	46	0.000	9.200	0.597
BPP_100_750_0.1_0.8_6.C	46	0.000	9.200	0.597
BPP_100_750_0.1_0.8_6.C	46	0.000	9.200	0.596
BPP_100_750_0.1_0.8_6.C	45	-0.000	9.000	0.601
BPP_100_750_0.1_0.8_7.C	51	0.000	10.200	0.642
BPP_100_750_0.1_0.8_7.C	51	0.000	10.200	0.637
BPP_100_750_0.1_0.8_7.C	51	0.000	10.200	0.638
BPP_100_750_0.1_0.8_7.C	51	0.000	10.200	0.638
BPP_100_750_0.1_0.8_7.C	51	0.000	10.200	0.635
BPP_100_750_0.1_0.8_7.C	51	0.000	10.200	0.637
BPP_100_750_0.1_0.8_7.C	51	0.000	10.200	0.640
BPP_100_750_0.1_0.8_7.C	51	0.000	10.200	0.636
BPP_100_750_0.1_0.8_7.C	51	0.000	10.200	0.639
BPP_100_750_0.1_0.8_7.C	51	0.000	10.200	0.644
BPP_100_750_0.1_0.8_8.C	44	0.800	9.440	0.672
BPP_100_750_0.1_0.8_8.C	45	0.800	9.640	0.661
BPP_100_750_0.1_0.8_8.C	45	0.800	9.640	0.656
BPP_100_750_0.1_0.8_8.C	45	0.800	9.640	0.598
BPP_100_750_0.1_0.8_8.C	45	0.800	9.640	0.601
BPP_100_750_0.1_0.8_8.C	45	0.800	9.640	0.651
BPP_100_750_0.1_0.8_8.C	45	0.800	9.640	0.687
BPP_100_750_0.1_0.8_8.C	45	0.800	9.640	0.636
BPP_100_750_0.1_0.8_8.C	45	0.800	9.640	0.707
BPP_100_750_0.1_0.8_8.C	45	0.800	9.640	0.780
BPP_100_750_0.1_0.8_9.C	45	0.800	9.640	0.596
BPP_100_750_0.1_0.8_9.C	45	0.800	9.640	0.598
BPP_100_750_0.1_0.8_9.C	45	0.800	9.640	0.597
BPP_100_750_0.1_0.8_9.C	45	0.800	9.640	0.605
BPP_100_750_0.1_0.8_9.C	45	0.800	9.640	0.602
BPP_100_750_0.1_0.8_9.C	44	0.800	9.440	0.597
BPP_100_750_0.1_0.8_9.C	45	0.800	9.640	0.597
BPP_100_750_0.1_0.8_9.C	45	0.800	9.640	0.597
BPP_100_750_0.1_0.8_9.C	44	0.800	9.440	0.598
BPP_100_750_0.1_0.8_9.C	45	0.800	9.640	0.599
BPP_100_75_0.1_0.8_0.C	51	0.000	10.200	0.077
BPP_100_75_0.1_0.8_0.C	51	0.000	10.200	0.078
BPP_100_75_0.1_0.8_0.C	51	0.000	10.200	0.079
BPP_100_75_0.1_0.8_0.C	51	0.000	10.200	0.079
BPP_100_75_0.1_0.8_0.C	51	0.000	10.200	0.078
BPP_100_75_0.1_0.8_0.C	51	0.000	10.200	0.079
BPP_100_75_0.1_0.8_0.C	51	0.000	10.200	0.077
BPP_100_75_0.1_0.8_0.C	51	0.000	10.200	0.078
BPP_100_75_0.1_0.8_0.C	51	0.000	10.200	0.078
BPP_100_75_0.1_0.8_0.C	51	0.000	10.200	0.078
BPP_100_75_0.1_0.8_1.C	48	3.400	12.320	0.077
BPP_100_75_0.1_0.8_1.C	47	3.600	12.280	0.074
BPP_100_75_0.1_0.8_1.C	48	3.400	12.320	0.075
BPP_100_75_0.1_0.8_1.C	47	3.600	12.280	0.076
BPP_100_75_0.1_0.8_1.C	48	3.400	12.320	0.074
BPP_100_75_0.1_0.8_1.C	48	3.400	12.320	0.073
BPP_100_75_0.1_0.8_1.C	47	3.600	12.280	0.075
BPP_100_75_0.1_0.8_1.C	47	3.600	12.280	0.074
BPP_100_75_0.1_0.8_1.C	47	3.600	12.280	0.073
BPP_100_75_0.1_0.8_1.C	47	3.600	12.280	0.074
BPP_100_75_0.1_0.8_2.C	47	5.800	14.040	0.075
BPP_100_75_0.1_0.8_2.C	47	5.800	14.040	0.074
BPP_100_75_0.1_0.8_2.C	47	5.800	14.040	0.073
BPP_100_75_0.1_0.8_2.C	47	5.800	14.040	0.074
BPP_100_75_0.1_0.8_2.C	47	5.800	14.040	0.076
BPP_100_75_0.1_0.8_2.C	47	5.800	14.040	0.075
BPP_100_75_0.1_0.8_2.C	48	5.400	13.920	0.074
BPP_100_75_0.1_0.8_2.C	47	5.600	13.880	0.075
BPP_100_75_0.1_0.8_2.C	47	5.800	14.040	0.074
BPP_100_75_0.1_0.8_2.C	47	6.000	14.200	0.074
BPP_100_75_0.1_0.8_3.C	52	1.800	11.840	0.079
BPP_100_75_0.1_0.8_3.C	53	2.000	12.200	0.077
BPP_100_75_0.1_0.8_3.C	53	1.800	12.040	0.080
BPP_100_75_0.1_0.8_3.C	52	2.000	12.000	0.078
BPP_100_75_0.1_0.8_3.C	53	1.800	12.040	0.077
BPP_100_75_0.1_0.8_3.C	52	2.200	12.160	0.077
BPP_100_75_0.1_0.8_3.C	52	2.000	12.000	0.080
BPP_100_75_0.1_0.8_3.C	52	1.800	11.840	0.078
BPP_100_75_0.1_0.8_3.C	52	1.800	11.840	0.077
BPP_100_75_0.1_0.8_3.C	52	2.200	12.160	0.079
BPP_100_75_0.1_0.8_4.C	49	0.200	9.960	0.079
BPP_100_75_0.1_0.8_4.C	49	0.200	9.960	0.079
BPP_100_75_0.1_0.8_4.C	49	0.200	9.960	0.075
BPP_100_75_0.1_0.8_4.C	49	0.200	9.960	0.076
BPP_100_75_0.1_0.8_4.C	49	0.200	9.960	0.077
BPP_100_75_0.1_0.8_4.C	49	0.200	9.960	0.075
BPP_100_75_0.1_0.8_4.C	49	0.200	9.960	0.076
BPP_100_75_0.1_0.8_4.C	49	0.200	9.960	0.075
BPP_100_75_0.1_0.8_4.C	49	0.200	9.960	0.076
BPP_100_75_0.1_0.8_4.C	49	0.200	9.960	0.077
BPP_100_75_0.1_0.8_5.C	49	0.200	9.960	0.080
BPP_100_75_0.1_0.8_5.C	49	0.200	9.960	0.079
BPP_100_75_0.1_0.8_5.C	48	0.400	9.920	0.077
BPP_100_75_0.1_0.8_5.C	49	0.200	9.960	0.078
BPP_100_75_0.1_0.8_5.C	49	0.200	9.960	0.077
BPP_100_75_0.1_0.8_5.C	49	0.200	9.960	0.078
BPP_100_75_0.1_0.8_5.C	49	0.200	9.960	0.076
BPP_100_75_0.1_0.8_5.C	49	0.200	9.960	0.078
BPP_100_75_0.1_0.8_5.C	49	0.200	9.960	0.076
BPP_100_75_0.1_0.8_5.C	49	0.200	9.960	0.077
BPP_100_75_0.1_0.8_6.C	45	0.400	9.320	0.073
BPP_100_75_0.1_0.8_6.C	45	0.400	9.320	0.072
BPP_100_75_0.1_0.8_6.C	45	0.400	9.320	0.075
BPP_100_75_0.1_0.8_6.C	45	0.400	9.320	0.074
BPP_100_75_0.1_0.8_6.C	45	0.400	9.320	0.073
BPP_100_75_0.1_0.8_6.C	45	0.400	9.320	0.073
BPP_100_75_0.1_0.8_6.C	45	0.400	9.320	0.072
BPP_100_75_0.1_0.8_6.C	45	0.400	9.320	0.073
BPP_100_75_0.1_0.8_6.C	45	0.400	9.320	0.073
BPP_100_75_0.1_0.8_6.C	45	0.400	9.320	0.072
BPP_100_75_0.1_0.8_7.C	49	0.200	9.960	0.077
BPP_100_75_0.1_0.8_7.C	49	0.200	9.960	0.078
BPP_100_75_0.1_0.8_7.C	48	0.200	9.760	0.076
BPP_100_75_0.1_0.8_7.C	48	0.200	9.760	0.076
BPP_100_75_0.1_0.8_7.C	49	0.200	9.960	0.076
BPP_100_75_0.1_0.8_7.C	49	0.200	9.960	0.075
BPP_100_75_0.1_0.8_7.C	49	0.200	9.960	0.076
BPP_100_75_0.1_0.8_7.C	48	0.200	9.760	0.078
BPP_100_75_0.1_0.8_7.C	49	0.200	9.960	0.077
BPP_100_75_0.1_0.8_7.C	49	0.200	9.960	0.076
BPP_100_75_0.1_0.8_8.C	48	0.200	9.760	0.079
BPP_100_75_0.1_0.8_8.C	47	0.200	9.560	0.075
BPP_100_75_0.1_0.8_8.C	48	0.200	9.760	0.076
BPP_100_75_0.1_0.8_8.C	48	0.200	9.760	0.076
BPP_100_75_0.1_0.8_8.C	48	0.200	9.760	0.076
BPP_100_75_0.1_0.8_8.C	48	0.200	9.760	0.073
BPP_100_75_0.1_0.8_8.C	48	0.200	9.760	0.074
BPP_100_75_0.1_0.8_8.C	48	0.200	9.760	0.074
BPP_100_75_0.1_0.8_8.C	48	0.200	9.760	0.075
BPP_100_75_0.1_0.8_8.C	48	0.200	9.760	0.075
BPP_100_75_0.1_0.8_9.C	50	0.200	10.160	0.080
BPP_100_75_0.1_0.8_9.C	50	0.200	10.160	0.077
BPP_100_75_0.1_0.8_9.C	50	0.200	10.160	0.076
BPP_100_75_0.1_0.8_9.C	50	0.200	10.160	0.078
BPP_100_75_0.1_0.8_9.C	50	0.200	10.160	0.076
BPP_100_75_0.1_0.8_9.C	50	0.200	10.160	0.077
BPP_100_75_0.1_0.8_9.C	50	0.200	10.160	0.078
BPP_100_75_0.1_0.8_9.C	50	0.200	10.160	0.078
BPP_100_75_0.1_0.8_9.C	50	0.200	10.160	0.078
BPP_100_75_0.1_0.8_9.C	50	0.200	10.160	0.080
BPP_200_1000_0.1_0.8_0.C	95	-0.000	19.000	4.211
BPP_200_1000_0.1_0.8_0.C	95	-0.000	19.000	4.215
BPP_200_1000_0.1_0.8_0.C	95	-0.000	19.000	4.230
BPP_200_1000_0.1_0.8_0.C	95	0.000	19.000	4.232
BPP_200_1000_0.1_0.8_0.C	95	-0.000	19.000	4.218
BPP_200_1000_0.1_0.8_0.C	95	-0.000	19.000	4.206
BPP_200_1000_0.1_0.8_0.C	95	-0.000	19.000	4.220
BPP_200_1000_0.1_0.8_0.C	95	-0.000	19.000	4.230
BPP_200_1000_0.1_0.8_0.C	95	-0.000	19.000	4.192
BPP_200_1000_0.1_0.8_0.C	95	-0.000	19.000	4.184
BPP_200_1000_0.1_0.8_1.C	96	2.000	20.800	4.420
BPP_200_1000_0.1_0.8_1.C	95	1.800	20.440	4.690
BPP_200_1000_0.1_0.8_1.C	95	2.200	20.760	5.675
BPP_200_1000_0.1_0.8_1.C	95	2.200	20.760	4.187
BPP_200_1000_0.1_0.8_1.C	96	2.000	20.800	4.172
BPP_200_1000_0.1_0.8_1.C	95	1.800	20.440	4.167
BPP_200_1000_0.1_0.8_1.C	96	1.800	20.640	4.201
BPP_200_1000_0.1_0.8_1.C	95	2.000	20.600	4.182
BPP_200_1000_0.1_0.8_1.C	96	1.800	20.640	4.175
BPP_200_1000_0.1_0.8_1.C	95	1.800	20.440	4.213
BPP_200_1000_0.1_0.8_2.C	96	1.200	20.160	4.277
BPP_200_1000_0.1_0.8_2.C	96	1.000	20.000	4.285
BPP_200_1000_0.1_0.8_2.C	96	1.000	20.000	4.240
BPP_200_1000_0.1_0.8_2.C	97	1.000	20.200	4.241
BPP_200_1000_0.1_0.8_2.C	96	1.200	20.160	4.275
BPP_200_1000_0.1_0.8_2.C	96	1.200	20.160	6.146
BPP_200_1000_0.1_0.8_2.C	96	1.000	20.000	4.253
BPP_200_1000_0.1_0.8_2.C	96	1.000	20.000	4.295
BPP_200_1000_0.1_0.8_2.C	96	1.000	20.000	4.302
BPP_200_1000_0.1_0.8_2.C	96	1.000	20.000	6.148
BPP_200_1000_0.1_0.8_3.C	92	2.800	20.640	4.111
BPP_200_1000_0.1_0.8_3.C	92	2.800	20.640	4.110
BPP_200_1000_0.1_0.8_3.C	92	3.000	20.800	4.134
BPP_200_1000_0.1_0.8_3.C	92	3.000	20.800	4.141
BPP_200_1000_0.1_0.8_3.C	92	3.000	20.800	4.131
BPP_200_1000_0.1_0.8_3.C	93	2.600	20.680	4.107
BPP_200_1000_0.1_0.8_3.C	92	2.800	20.640	4.087
BPP_200_1000_0.1_0.8_3.C	92	3.000	20.800	4.118
BPP_200_1000_0.1_0.8_3.C	92	2.800	20.640	4.084
BPP_200_1000_0.1_0.8_3.C	92	3.000	20.800	4.116
BPP_200_1000_0.1_0.8_4.C	93	3.000	21.000	4.728
BPP_200_1000_0.1_0.8_4.C	93	3.000	21.000	4.163
BPP_200_1000_0.1_0.8_4.C	93	3.000	21.000	4.157
BPP_200_1000_0.1_0.8_4.C	93	2.800	20.840	4.147
BPP_200_1000_0.1_0.8_4.C	93	3.200	21.160	4.123
BPP_200_1000_0.1_0.8_4.C	93	2.800	20.840	4.126
BPP_200_1000_0.1_0.8_4.C	93	3.000	21.000	4.138
BPP_200_1000_0.1_0.8_4.C	93	3.000	21.000	5.949
BPP_200_1000_0.1_0.8_4.C	94	2.800	21.040	4.157
BPP_200_1000_0.1_0.8_4.C	93	3.200	21.160	4.154
BPP_200_1000_0.1_0.8_5.C	93	0.000	18.600	4.106
BPP_200_1000_0.1_0.8_5.C	93	0.000	18.600	4.106
BPP_200_1000_0.1_0.8_5.C	93	0.000	18.600	4.095
BPP_200_1000_0.1_0.8_5.C	93	0.000	18.600	4.089
BPP_200_1000_0.1_0.8_5.C	93	0.000	18.600	4.133
BPP_200_1000_0.1_0.8_5.C	93	0.000	18.600	5.772
BPP_200_1000_0.1_0.8_5.C	93	0.000	18.600	5.926
BPP_200_1000_0.1_0.8_5.C	93	0.000	18.600	4.069
BPP_200_1000_0.1_0.8_5.C	93	0.000	18.600	4.117
BPP_200_1000_0.1_0.8_5.C	93	0.000	18.600	4.117
BPP_200_1000_0.1_0.8_6.C	92	1.000	19.200	4.075
BPP_200_1000_0.1_0.8_6.C	92	1.000	19.200	4.103
BPP_200_1000_0.1_0.8_6.C	92	1.000	19.200	4.097
BPP_200_1000_0.1_0.8_6.C	92	0.800	19.040	5.821
BPP_200_1000_0.1_0.8_6.C	92	1.000	19.200	4.145
BPP_200_1000_0.1_0.8_6.C	92	1.000	19.200	4.102
BPP_200_1000_0.1_0.8_6.C	92	1.000	19.200	4.045
BPP_200_1000_0.1_0.8_6.C	92	1.000	19.200	4.083
BPP_200_1000_0.1_0.8_6.C	92	1.000	19.200	4.073
BPP_200_1000_0.1_0.8_6.C	92	1.000	19.200	4.091
BPP_200_1000_0.1_0.8_7.C	101	0.000	20.200	6.537
BPP_200_1000_0.1_0.8_7.C	102	0.000	20.400	6.367
BPP_200_1000_0.1_0.8_7.C	101	0.000	20.200	4.433
BPP_200_1000_0.1_0.8_7.C	101	0.000	20.200	4.404
BPP_200_1000_0.1_0.8_7.C	101	0.000	20.200	6.412
BPP_200_1000_0.1_0.8_7.C	101	0.000	20.200	6.359
BPP_200_1000_0.1_0.8_7.C	102	0.000	20.400	6.390
BPP_200_1000_0.1_0.8_7.C	101	0.000	20.200	6.317
BPP_200_1000_0.1_0.8_7.C	101	0.000	20.200	4.404
BPP_200_1000_0.1_0.8_7.C	101	0.000	20.200	6.067
BPP_200_1000_0.1_0.8_8.C	91	0.800	18.840	4.097
BPP_200_1000_0.1_0.8_8.C	91	0.800	18.840	4.082
BPP_200_1000_0.1_0.8_8.C	91	0.800	18.840	4.113
BPP_200_1000_0.1_0.8_8.C	91	0.800	18.840	4.129
BPP_200_1000_0.1_0.8_8.C	91	0.600	18.680	5.920
BPP_200_1000_0.1_0.8_8.C	92	0.600	18.880	4.111
BPP_200_1000_0.1_0.8_8.C	91	0.800	18.840	4.141
BPP_200_1000_0.1_0.8_8.C	92	0.600	18.880	4.115
BPP_200_1000_0.1_0.8_8.C	91	0.600	18.680	4.096
BPP_200_1000_0.1_0.8_8.C	91	0.800	18.840	4.137
BPP_200_1000_0.1_0.8_9.C	90	1.400	19.120	4.031
BPP_200_1000_0.1_0.8_9.C	90	1.400	19.120	5.400
BPP_200_1000_0.1_0.8_9.C	90	1.400	19.120	4.003
BPP_200_1000_0.1_0.8_9.C	90	1.400	19.120	3.986
BPP_200_1000_0.1_0.8_9.C	90	1.400	19.120	4.036
BPP_200_1000_0.1_0.8_9.C	90	1.400	19.120	3.997
BPP_200_1000_0.1_0.8_9.C	90	1.400	19.120	4.019
BPP_200_1000_0.1_0.8_9.C	89	1.600	19.080	4.036
BPP_200_1000_0.1_0.8_9.C	90	1.400	19.120	4.011
BPP_200_1000_0.1_0.8_9.C	90	1.400	19.120	4.017
BPP_200_100_0.1_0.8_0.C	95	0.200	19.160	0.370
BPP_200_100_0.1_0.8_0.C	95	0.200	19.160	0.369
BPP_200_100_0.1_0.8_0.C	95	0.200	19.160	0.555
BPP_200_100_0.1_0.8_0.C	95	0.200	19.160	0.357
BPP_200_100_0.1_0.8_0.C	96	0.200	19.360	0.366
BPP_200_100_0.1_0.8_0.C	96	0.200	19.360	0.364
BPP_200_100_0.1_0.8_0.C	96	0.200	19.360	0.358
BPP_200_100_0.1_0.8_0.C	96	0.200	19.360	0.355
BPP_200_100_0.1_0.8_0.C	95	0.200	19.160	0.354
BPP_200_100_0.1_0.8_0.C	95	0.200	19.160	0.378
BPP_200_100_0.1_0.8_1.C	95	3.200	21.560	0.367
BPP_200_100_0.1_0.8_1.C	95	3.000	21.400	0.372
BPP_200_100_0.1_0.8_1.C	96	2.200	20.960	0.372
BPP_200_100_0.1_0.8_1.C	95	2.600	21.080	0.366
BPP_200_100_0.1_0.8_1.C	95	2.600	21.080	0.370
BPP_200_100_0.1_0.8_1.C	95	2.400	20.920	0.359
BPP_200_100_0.1_0.8_1.C	95	2.800	21.240	0.368
BPP_200_100_0.1_0.8_1.C	96	2.400	21.120	0.368
BPP_200_100_0.1_0.8_1.C	95	2.400	20.920	0.366
BPP_200_100_0.1_0.8_1.C	96	2.800	21.440	0.364
BPP_200_100_0.1_0.8_2.C	89	0.400	18.120	0.344
BPP_200_100_0.1_0.8_2.C	89	1.000	18.600	0.336
BPP_200_100_0.1_0.8_2.C	89	1.000	18.600	0.352
BPP_200_100_0.1_0.8_2.C	89	0.800	18.440	0.344
BPP_200_100_0.1_0.8_2.C	89	1.000	18.600	0.338
BPP_200_100_0.1_0.8_2.C	89	0.800	18.440	0.339
BPP_200_100_0.1_0.8_2.C	89	1.000	18.600	0.347
BPP_200_100_0.1_0.8_2.C	89	1.000	18.600	0.348
BPP_200_100_0.1_0.8_2.C	89	0.800	18.440	0.343
BPP_200_100_0.1_0.8_2.C	89	0.800	18.440	0.335
BPP_200_100_0.1_0.8_3.C	91	1.400	19.320	0.361
BPP_200_100_0.1_0.8_3.C	92	1.200	19.360	0.359
BPP_200_100_0.1_0.8_3.C	91	1.600	19.480	0.347
BPP_200_100_0.1_0.8_3.C	91	1.400	19.320	0.349
BPP_200_100_0.1_0.8_3.C	91	1.400	19.320	0.357
BPP_200_100_0.1_0.8_3.C	92	1.400	19.520	0.352
BPP_200_100_0.1_0.8_3.C	92	1.400	19.520	0.348
BPP_200_100_0.1_0.8_3.C	92	1.400	19.520	0.349
BPP_200_100_0.1_0.8_3.C	92	1.400	19.520	0.344
BPP_200_100_0.1_0.8_3.C	91	1.600	19.480	0.351
BPP_200_100_0.1_0.8_4.C	96	2.600	21.280	0.370
BPP_200_100_0.1_0.8_4.C	96	2.600	21.280	0.374
BPP_200_100_0.1_0.8_4.C	96	2.600	21.280	0.363
BPP_200_100_0.1_0.8_4.C	96	2.800	21.440	0.370
BPP_200_100_0.1_0.8_4.C	95	2.800	21.240	0.370
BPP_200_100_0.1_0.8_4.C	96	2.600	21.280	0.371
BPP_200_100_0.1_0.8_4.C	96	2.600	21.280	0.365
BPP_200_100_0.1_0.8_4.C	96	2.600	21.280	0.356
BPP_200_100_0.1_0.8_4.C	96	2.600	21.280	0.363
BPP_200_100_0.1_0.8_4.C	96	2.600	21.280	0.365
BPP_200_100_0.1_0.8_5.C	93	1.600	19.880	0.354
BPP_200_100_0.1_0.8_5.C	93	1.600	19.880	0.356
BPP_200_100_0.1_0.8_5.C	93	1.600	19.880	0.368
BPP_200_100_0.1_0.8_5.C	93	1.600	19.880	0.351
BPP_200_100_0.1_0.8_5.C	93	1.600	19.880	0.378
BPP_200_100_0.1_0.8_5.C	93	1.600	19.880	0.358
BPP_200_100_0.1_0.8_5.C	93	1.600	19.880	0.368
BPP_200_100_0.1_0.8_5.C	93	1.600	19.880	0.359
BPP_200_100_0.1_0.8_5.C	93	1.600	19.880	0.364
BPP_200_100_0.1_0.8_5.C	93	1.600	19.880	0.376
BPP_200_100_0.1_0.8_6.C	91	0.600	18.680	0.354
BPP_200_100_0.1_0.8_6.C	91	0.600	18.680	0.363
BPP_200_100_0.1_0.8_6.C	91	0.600	18.680	0.353
BPP_200_100_0.1_0.8_6.C	91	0.600	18.680	0.350
BPP_200_100_0.1_0.8_6.C	91	0.600	18.680	0.348
BPP_200_100_0.1_0.8_6.C	91	0.600	18.680	0.355
BPP_200_100_0.1_0.8_6.C	91	0.600	18.680	0.354
BPP_200_100_0.1_0.8_6.C	91	0.600	18.680	0.349
BPP_200_100_0.1_0.8_6.C	91	0.600	18.680	0.338
BPP_200_100_0.1_0.8_6.C	91	0.600	18.680	0.358
BPP_200_100_0.1_0.8_7.C	90	4.600	21.680	0.351
BPP_200_100_0.1_0.8_7.C	90	4.400	21.520	0.356
BPP_200_100_0.1_0.8_7.C	90	3.800	21.040	0.363
BPP_200_100_0.1_0.8_7.C	90	4.400	21.520	0.364
BPP_200_100_0.1_0.8_7.C	90	4.400	21.520	0.354
BPP_200_100_0.1_0.8_7.C	90	4.200	21.360	0.354
BPP_200_100_0.1_0.8_7.C	90	4.800	21.840	0.344
BPP_200_100_0.1_0.8_7.C	90	4.000	21.200	0.342
BPP_200_100_0.1_0.8_7.C	90	4.400	21.520	0.349
BPP_200_100_0.1_0.8_7.C	90	4.600	21.680	0.359
BPP_200_100_0.1_0.8_8.C	97	8.200	25.960	0.364
BPP_200_100_0.1_0.8_8.C	97	8.400	26.120	0.378
BPP_200_100_0.1_0.8_8.C	97	8.200	25.960	0.372
BPP_200_100_0.1_0.8_8.C	97	8.200	25.960	0.364
BPP_200_100_0.1_0.8_8.C	97	8.000	25.800	0.372
BPP_200_100_0.1_0.8_8.C	97	8.200	25.960	0.375
BPP_200_100_0.1_0.8_8.C	97	7.800	25.640	0.368
BPP_200_100_0.1_0.8_8.C	97	8.600	26.280	0.368
BPP_200_100_0.1_0.8_8.C	98	8.200	26.160	0.377
BPP_200_100_0.1_0.8_8.C	97	8.000	25.800	0.361
BPP_200_100_0.1_0.8_9.C	97	1.400	20.520	0.371
BPP_200_100_0.1_0.8_9.C	97	1.400	20.520	0.373
BPP_200_100_0.1_0.8_9.C	97	1.400	20.520	0.382
BPP_200_100_0.1_0.8_9.C	97	1.600	20.680	0.365
BPP_200_100_0.1_0.8_9.C	97	1.200	20.360	0.372
BPP_200_100_0.1_0.8_9.C	97	1.400	20.520	0.379
BPP_200_100_0.1_0.8_9.C	97	1.400	20.520	0.388
BPP_200_100_0.1_0.8_9.C	96	1.800	20.640	0.373
BPP_200_100_0.1_0.8_9.C	97	1.400	20.520	0.368
BPP_200_100_0.1_0.8_9.C	96	1.600	20.480	0.362
BPP_200_120_0.1_0.8_0.C	92	8.000	24.800	0.417
BPP_200_120_0.1_0.8_0.C	92	7.800	24.640	0.418
BPP_200_120_0.1_0.8_0.C	92	7.800	24.640	0.422
BPP_200_120_0.1_0.8_0.C	92	7.800	24.640	0.410
BPP_200_120_0.1_0.8_0.C	92	7.800	24.640	0.404
BPP_200_120_0.1_0.8_0.C	92	7.800	24.640	0.417
BPP_200_120_0.1_0.8_0.C	92	7.800	24.640	0.418
BPP_200_120_0.1_0.8_0.C	92	7.800	24.640	0.408
BPP_200_120_0.1_0.8_0.C	92	7.800	24.640	0.417
BPP_200_120_0.1_0.8_0.C	92	7.800	24.640	0.422
BPP_200_120_0.1_0.8_1.C	86	-0.000	17.200	0.379
BPP_200_120_0.1_0.8_1.C	86	-0.000	17.200	0.390
BPP_200_120_0.1_0.8_1.C	86	-0.000	17.200	0.382
BPP_200_120_0.1_0.8_1.C	86	-0.000	17.200	0.380
BPP_200_120_0.1_0.8_1.C	86	-0.000	17.200	0.374
BPP_200_120_0.1_0.8_1.C	86	-0.000	17.200	0.384
BPP_200_120_0.1_0.8_1.C	85	-0.000	17.000	0.376
BPP_200_120_0.1_0.8_1.C	86	-0.000	17.200	0.385
BPP_200_120_0.1_0.8_1.C	86	-0.000	17.200	0.377
BPP_200_120_0.1_0.8_1.C	86	-0.000	17.200	0.384
BPP_200_120_0.1_0.8_2.C	102	0.800	21.040	0.436
BPP_200_120_0.1_0.8_2.C	103	0.600	21.080	0.445
BPP_200_120_0.1_0.8_2.C	103	0.600	21.080	0.439
BPP_200_120_0.1_0.8_2.C	102	0.800	21.040	0.450
BPP_200_120_0.1_0.8_2.C	102	1.000	21.200	0.446
BPP_200_120_0.1_0.8_2.C	102	0.800	21.040	0.450
BPP_200_120_0.1_0.8_2.C	102	0.800	21.040	0.439
BPP_200_120_0.1_0.8_2.C	102	0.800	21.040	0.450
BPP_200_120_0.1_0.8_2.C	102	0.800	21.040	0.442
BPP_200_120_0.1_0.8_2.C	103	0.600	21.080	0.452
BPP_200_120_0.1_0.8_3.C	91	4.200	21.560	0.417
BPP_200_120_0.1_0.8_3.C	92	4.000	21.600	0.417
BPP_200_120_0.1_0.8_3.C	91	4.200	21.560	0.408
BPP_200_120_0.1_0.8_3.C	91	4.000	21.400	0.399
BPP_200_120_0.1_0.8_3.C	91	4.400	21.720	0.407
BPP_200_120_0.1_0.8_3.C	91	4.400	21.720	0.407
BPP_200_120_0.1_0.8_3.C	91	4.200	21.560	0.416
BPP_200_120_0.1_0.8_3.C	91	4.400	21.720	0.408
BPP_200_120_0.1_0.8_3.C	91	4.200	21.560	0.408
BPP_200_120_0.1_0.8_3.C	91	4.200	21.560	0.419
BPP_200_120_0.1_0.8_4.C	98	2.000	21.200	0.428
BPP_200_120_0.1_0.8_4.C	98	2.000	21.200	0.422
BPP_200_120_0.1_0.8_4.C	99	2.000	21.400	0.440
BPP_200_120_0.1_0.8_4.C	98	2.000	21.200	0.422
BPP_200_120_0.1_0.8_4.C	99	2.000	21.400	0.440
BPP_200_120_0.1_0.8_4.C	98	2.000	21.200	0.436
BPP_200_120_0.1_0.8_4.C	98	2.000	21.200	0.431
BPP_200_120_0.1_0.8_4.C	99	2.000	21.400	0.444
BPP_200_120_0.1_0.8_4.C	98	2.000	21.200	0.437
BPP_200_120_0.1_0.8_4.C	98	2.000	21.200	0.439
BPP_200_120_0.1_0.8_5.C	94	2.200	20.560	0.428
BPP_200_120_0.1_0.8_5.C	95	2.000	20.600	0.425
BPP_200_120_0.1_0.8_5.C	95	2.000	20.600	0.411
BPP_200_120_0.1_0.8_5.C	95	2.000	20.600	0.427
BPP_200_120_0.1_0.8_5.C	95	2.000	20.600	0.424
BPP_200_120_0.1_0.8_5.C	95	2.000	20.600	0.426
BPP_200_120_0.1_0.8_5.C	94	2.000	20.400	0.415
BPP_200_120_0.1_0.8_5.C	95	2.000	20.600	0.430
BPP_200_120_0.1_0.8_5.C	95	2.000	20.600	0.422
BPP_200_120_0.1_0.8_5.C	94	2.200	20.560	0.418
BPP_200_120_0.1_0.8_6.C	92	1.000	19.200	0.423
BPP_200_120_0.1_0.8_6.C	92	1.000	19.200	0.401
BPP_200_120_0.1_0.8_6.C	92	1.400	19.520	0.413
BPP_200_120_0.1_0.8_6.C	92	0.800	19.040	0.416
BPP_200_120_0.1_0.8_6.C	92	1.000	19.200	0.414
BPP_200_120_0.1_0.8_6.C	92	1.400	19.520	0.410
BPP_200_120_0.1_0.8_6.C	92	0.800	19.040	0.409
BPP_200_120_0.1_0.8_6.C	92	1.200	19.360	0.407
BPP_200_120_0.1_0.8_6.C	92	1.400	19.520	0.420
BPP_200_120_0.1_0.8_6.C	92	1.200	19.360	0.405
BPP_200_120_0.1_0.8_7.C	95	3.600	21.880	0.437
BPP_200_120_0.1_0.8_7.C	95	3.600	21.880	0.409
BPP_200_120_0.1_0.8_7.C	95	3.400	21.720	0.427
BPP_200_120_0.1_0.8_7.C	95	3.600	21.880	0.410
BPP_200_120_0.1_0.8_7.C	95	3.600	21.880	0.421
BPP_200_120_0.1_0.8_7.C	95	3.600	21.880	0.411
BPP_200_120_0.1_0.8_7.C	95	3.400	21.720	0.427
BPP_200_120_0.1_0.8_7.C	95	3.600	21.880	0.419
BPP_200_120_0.1_0.8_7.C	95	3.600	21.880	0.427
BPP_200_120_0.1_0.8_7.C	94	3.600	21.680	0.429
BPP_200_120_0.1_0.8_8.C	91	8.200	24.760	0.413
BPP_200_120_0.1_0.8_8.C	91	8.000	24.600	0.422
BPP_200_120_0.1_0.8_8.C	91	8.000	24.600	0.408
BPP_200_120_0.1_0.8_8.C	91	8.000	24.600	0.413
BPP_200_120_0.1_0.8_8.C	91	8.000	24.600	0.400
BPP_200_120_0.1_0.8_8.C	91	7.800	24.440	0.398
BPP_200_120_0.1_0.8_8.C	91	7.800	24.440	0.416
BPP_200_120_0.1_0.8_8.C	91	8.000	24.600	0.414
BPP_200_120_0.1_0.8_8.C	91	7.800	24.440	0.406
BPP_200_120_0.1_0.8_8.C	91	8.000	24.600	0.414
BPP_200_120_0.1_0.8_9.C	100	7.400	25.920	0.426
BPP_200_120_0.1_0.8_9.C	100	7.400	25.920	0.435
BPP_200_120_0.1_0.8_9.C	100	7.400	25.920	0.461
BPP_200_120_0.1_0.8_9.C	100	7.400	25.920	0.455
BPP_200_120_0.1_0.8_9.C	99	7.600	25.880	0.447
BPP_200_120_0.1_0.8_9.C	99	7.400	25.720	0.433
BPP_200_120_0.1_0.8_9.C	100	7.400	25.920	0.430
BPP_200_120_0.1_0.8_9.C	100	7.400	25.920	0.442
BPP_200_120_0.1_0.8_9.C	100	7.400	25.920	0.449
BPP_200_120_0.1_0.8_9.C	100	7.400	25.920	0.456
BPP_200_125_0.1_0.8_0.C	95	4.600	22.680	0.426
BPP_200_125_0.1_0.8_0.C	95	4.600	22.680	0.436
BPP_200_125_0.1_0.8_0.C	96	4.400	22.720	0.424
BPP_200_125_0.1_0.8_0.C	95	4.200	22.360	0.438
BPP_200_125_0.1_0.8_0.C	95	4.400	22.520	0.418
BPP_200_125_0.1_0.8_0.C	95	4.200	22.360	0.436
BPP_200_125_0.1_0.8_0.C	95	4.600	22.680	0.438
BPP_200_125_0.1_0.8_0.C	96	4.400	22.720	0.438
BPP_200_125_0.1_0.8_0.C	95	4.400	22.520	0.437
BPP_200_125_0.1_0.8_0.C	96	4.600	22.880	0.429
BPP_200_125_0.1_0.8_1.C	101	3.600	23.080	0.477
BPP_200_125_0.1_0.8_1.C	102	3.000	22.800	0.455
BPP_200_125_0.1_0.8_1.C	102	3.000	22.800	0.451
BPP_200_125_0.1_0.8_1.C	101	3.600	23.080	0.456
BPP_200_125_0.1_0.8_1.C	101	3.400	22.920	0.465
BPP_200_125_0.1_0.8_1.C	101	4.000	23.400	0.461
BPP_200_125_0.1_0.8_1.C	101	3.400	22.920	0.461
BPP_200_125_0.1_0.8_1.C	101	3.400	22.920	0.464
BPP_200_125_0.1_0.8_1.C	101	3.200	22.760	0.462
BPP_200_125_0.1_0.8_1.C	101	3.400	22.920	0.461
BPP_200_125_0.1_0.8_2.C	91	5.000	22.200	0.424
BPP_200_125_0.1_0.8_2.C	91	5.000	22.200	0.425
BPP_200_125_0.1_0.8_2.C	91	5.000	22.200	0.422
BPP_200_125_0.1_0.8_2.C	92	4.800	22.240	0.424
BPP_200_125_0.1_0.8_2.C	91	4.800	22.040	0.428
BPP_200_125_0.1_0.8_2.C	91	5.200	22.360	0.411
BPP_200_125_0.1_0.8_2.C	91	5.200	22.360	0.424
BPP_200_125_0.1_0.8_2.C	91	5.000	22.200	0.408
BPP_200_125_0.1_0.8_2.C	92	4.800	22.240	0.411
BPP_200_125_0.1_0.8_2.C	91	4.800	22.040	0.408
BPP_200_125_0.1_0.8_3.C	89	10.600	26.280	0.420
BPP_200_125_0.1_0.8_3.C	89	10.800	26.440	0.424
BPP_200_125_0.1_0.8_3.C	90	10.600	26.480	0.415
BPP_200_125_0.1_0.8_3.C	90	10.400	26.320	0.400
BPP_200_125_0.1_0.8_3.C	89	10.600	26.280	0.408
BPP_200_125_0.1_0.8_3.C	90	10.400	26.320	0.413
BPP_200_125_0.1_0.8_3.C	90	10.600	26.480	0.408
BPP_200_125_0.1_0.8_3.C	90	10.400	26.320	0.418
BPP_200_125_0.1_0.8_3.C	90	10.600	26.480	0.421
BPP_200_125_0.1_0.8_3.C	90	10.800	26.640	0.420
BPP_200_125_0.1_0.8_4.C	91	6.200	23.160	0.421
BPP_200_125_0.1_0.8_4.C	91	6.000	23.000	0.409
BPP_200_125_0.1_0.8_4.C	91	5.800	22.840	0.425
BPP_200_125_0.1_0.8_4.C	91	6.000	23.000	0.428
BPP_200_125_0.1_0.8_4.C	91	6.000	23.000	0.427
BPP_200_125_0.1_0.8_4.C	91	6.000	23.000	0.426
BPP_200_125_0.1_0.8_4.C	91	6.000	23.000	0.423
BPP_200_125_0.1_0.8_4.C	91	6.200	23.160	0.429
BPP_200_125_0.1_0.8_4.C	91	6.000	23.000	0.430
BPP_200_125_0.1_0.8_4.C	91	6.000	23.000	0.408
BPP_200_125_0.1_0.8_5.C	98	5.200	23.760	0.455
BPP_200_125_0.1_0.8_5.C	98	5.200	23.760	0.442
BPP_200_125_0.1_0.8_5.C	98	5.200	23.760	0.441
BPP_200_125_0.1_0.8_5.C	98	5.200	23.760	0.440
BPP_200_125_0.1_0.8_5.C	98	5.200	23.760	0.449
BPP_200_125_0.1_0.8_5.C	98	5.200	23.760	0.442
BPP_200_125_0.1_0.8_5.C	98	5.200	23.760	0.432
BPP_200_125_0.1_0.8_5.C	98	5.200	23.760	0.452
BPP_200_125_0.1_0.8_5.C	98	5.200	23.760	0.441
BPP_200_125_0.1_0.8_5.C	98	5.200	23.760	0.454
BPP_200_125_0.1_0.8_6.C	92	2.400	20.320	0.427
BPP_200_125_0.1_0.8_6.C	92	2.400	20.320	0.439
BPP_200_125_0.1_0.8_6.C	93	2.400	20.520	0.436
BPP_200_125_0.1_0.8_6.C	93	2.400	20.520	0.435
BPP_200_125_0.1_0.8_6.C	92	2.400	20.320	0.434
BPP_200_125_0.1_0.8_6.C	92	2.600	20.480	0.434
BPP_200_125_0.1_0.8_6.C	93	2.400	20.520	0.434
BPP_200_125_0.1_0.8_6.C	92	2.600	20.480	0.463
BPP_200_125_0.1_0.8_6.C	92	2.600	20.480	0.438
BPP_200_125_0.1_0.8_6.C	93	2.400	20.520	0.436
BPP_200_125_0.1_0.8_7.C	89	2.800	20.040	0.414
BPP_200_125_0.1_0.8_7.C	89	3.200	20.360	0.419
BPP_200_125_0.1_0.8_7.C	88	3.600	20.480	0.419
BPP_200_125_0.1_0.8_7.C	89	3.600	20.680	0.567
BPP_200_125_0.1_0.8_7.C	88	3.600	20.480	0.406
BPP_200_125_0.1_0.8_7.C	89	3.600	20.680	0.424
BPP_200_125_0.1_0.8_7.C	89	3.200	20.360	0.414
BPP_200_125_0.1_0.8_7.C	89	3.400	20.520	0.410
BPP_200_125_0.1_0.8_7.C	89	3.200	20.360	0.407
BPP_200_125_0.1_0.8_7.C	89	3.200	20.360	0.408
BPP_200_125_0.1_0.8_8.C	95	2.800	21.240	0.428
BPP_200_125_0.1_0.8_8.C	95	2.600	21.080	0.429
BPP_200_125_0.1_0.8_8.C	95	2.600	21.080	0.429
BPP_200_125_0.1_0.8_8.C	95	2.800	21.240	0.437
BPP_200_125_0.1_0.8_8.C	95	2.800	21.240	0.439
BPP_200_125_0.1_0.8_8.C	95	2.800	21.240	0.420
BPP_200_125_0.1_0.8_8.C	95	2.800	21.240	0.431
BPP_200_125_0.1_0.8_8.C	95	2.800	21.240	0.428
BPP_200_125_0.1_0.8_8.C	95	2.600	21.080	0.421
BPP_200_125_0.1_0.8_8.C	95	2.800	21.240	0.439
BPP_200_125_0.1_0.8_9.C	95	1.000	19.800	0.420
BPP_200_125_0.1_0.8_9.C	95	1.400	20.120	0.427
BPP_200_125_0.1_0.8_9.C	95	1.200	19.960	0.437
BPP_200_125_0.1_0.8_9.C	95	1.200	19.960	0.435
BPP_200_125_0.1_0.8_9.C	94	1.600	20.080	0.429
BPP_200_125_0.1_0.8_9.C	95	1.400	20.120	0.443
BPP_200_125_0.1_0.8_9.C	94	1.600	20.080	0.419
BPP_200_125_0.1_0.8_9.C	94	1.200	19.760	0.438
BPP_200_125_0.1_0.8_9.C	95	1.200	19.960	0.429
BPP_200_125_0.1_0.8_9.C	94	1.400	19.920	0.423
BPP_200_150_0.1_0.8_0.C	93	1.000	19.400	0.505
BPP_200_150_0.1_0.8_0.C	93	1.200	19.560	0.511
BPP_200_150_0.1_0.8_0.C	93	1.200	19.560	0.493
BPP_200_150_0.1_0.8_0.C	93	1.200	19.560	0.533
BPP_200_150_0.1_0.8_0.C	93	1.200	19.560	0.507
BPP_200_150_0.1_0.8_0.C	94	1.000	19.600	0.502
BPP_200_150_0.1_0.8_0.C	94	1.000	19.600	0.526
BPP_200_150_0.1_0.8_0.C	94	1.000	19.600	0.507
BPP_200_150_0.1_0.8_0.C	94	1.000	19.600	0.512
BPP_200_150_0.1_0.8_0.C	93	1.000	19.400	0.516
BPP_200_150_0.1_0.8_1.C	94	3.400	21.520	0.507
BPP_200_150_0.1_0.8_1.C	94	3.400	21.520	0.519
BPP_200_150_0.1_0.8_1.C	94	3.400	21.520	0.520
BPP_200_150_0.1_0.8_1.C	94	3.400	21.520	0.525
BPP_200_150_0.1_0.8_1.C	94	3.400	21.520	0.525
BPP_200_150_0.1_0.8_1.C	94	3.400	21.520	0.521
BPP_200_150_0.1_0.8_1.C	94	3.400	21.520	0.533
BPP_200_150_0.1_0.8_1.C	94	3.400	21.520	0.518
BPP_200_150_0.1_0.8_1.C	94	3.400	21.520	0.512
BPP_200_150_0.1_0.8_1.C	94	3.400	21.520	0.521
BPP_200_150_0.1_0.8_2.C	93	1.800	20.040	0.545
BPP_200_150_0.1_0.8_2.C	93	2.400	20.520	0.540
BPP_200_150_0.1_0.8_2.C	94	2.400	20.720	0.516
BPP_200_150_0.1_0.8_2.C	93	2.600	20.680	0.515
BPP_200_150_0.1_0.8_2.C	93	2.600	20.680	0.519
BPP_200_150_0.1_0.8_2.C	93	2.400	20.520	0.509
BPP_200_150_0.1_0.8_2.C	93	2.800	20.840	0.507
BPP_200_150_0.1_0.8_2.C	93	2.800	20.840	0.501
BPP_200_150_0.1_0.8_2.C	93	2.200	20.360	0.500
BPP_200_150_0.1_0.8_2.C	93	2.200	20.360	0.499
BPP_200_150_0.1_0.8_3.C	95	5.400	23.320	0.524
BPP_200_150_0.1_0.8_3.C	96	5.000	23.200	0.528
BPP_200_150_0.1_0.8_3.C	95	5.200	23.160	0.515
BPP_200_150_0.1_0.8_3.C	96	5.000	23.200	0.534
BPP_200_150_0.1_0.8_3.C	96	5.200	23.360	0.504
BPP_200_150_0.1_0.8_3.C	95	5.200	23.160	0.520
BPP_200_150_0.1_0.8_3.C	96	5.000	23.200	0.506
BPP_200_150_0.1_0.8_3.C	96	5.000	23.200	0.552
BPP_200_150_0.1_0.8_3.C	95	5.400	23.320	0.544
BPP_200_150_0.1_0.8_3.C	96	5.000	23.200	0.528
BPP_200_150_0.1_0.8_4.C	103	6.200	25.560	0.542
BPP_200_150_0.1_0.8_4.C	105	6.000	25.800	0.579
BPP_200_150_0.1_0.8_4.C	104	5.800	25.440	0.560
BPP_200_150_0.1_0.8_4.C	104	5.800	25.440	0.547
BPP_200_150_0.1_0.8_4.C	105	6.000	25.800	0.529
BPP_200_150_0.1_0.8_4.C	104	6.200	25.760	0.541
BPP_200_150_0.1_0.8_4.C	104	6.000	25.600	0.532
BPP_200_150_0.1_0.8_4.C	104	6.600	26.080	0.547
BPP_200_150_0.1_0.8_4.C	103	6.000	25.400	0.535
BPP_200_150_0.1_0.8_4.C	104	5.800	25.440	0.552
BPP_200_150_0.1_0.8_5.C	95	5.600	23.480	0.516
BPP_200_150_0.1_0.8_5.C	96	5.600	23.680	0.507
BPP_200_150_0.1_0.8_5.C	95	5.800	23.640	0.518
BPP_200_150_0.1_0.8_5.C	95	5.600	23.480	0.517
BPP_200_150_0.1_0.8_5.C	95	5.600	23.480	0.515
BPP_200_150_0.1_0.8_5.C	96	5.600	23.680	0.521
BPP_200_150_0.1_0.8_5.C	96	5.600	23.680	0.554
BPP_200_150_0.1_0.8_5.C	95	5.800	23.640	0.511
BPP_200_150_0.1_0.8_5.C	95	5.800	23.640	0.506
BPP_200_150_0.1_0.8_5.C	96	5.600	23.680	0.509
BPP_200_150_0.1_0.8_6.C	97	3.000	21.800	0.523
BPP_200_150_0.1_0.8_6.C	97	3.000	21.800	0.519
BPP_200_150_0.1_0.8_6.C	97	3.000	21.800	0.523
BPP_200_150_0.1_0.8_6.C	97	3.000	21.800	0.518
BPP_200_150_0.1_0.8_6.C	97	3.000	21.800	0.514
BPP_200_150_0.1_0.8_6.C	97	3.000	21.800	0.514
BPP_200_150_0.1_0.8_6.C	97	3.000	21.800	0.515
BPP_200_150_0.1_0.8_6.C	97	3.000	21.800	0.517
BPP_200_150_0.1_0.8_6.C	97	3.000	21.800	0.514
BPP_200_150_0.1_0.8_6.C	97	3.000	21.800	0.512
BPP_200_150_0.1_0.8_7.C	101	12.200	29.960	0.521
BPP_200_150_0.1_0.8_7.C	101	11.800	29.640	0.573
BPP_200_150_0.1_0.8_7.C	101	12.200	29.960	0.532
BPP_200_150_0.1_0.8_7.C	101	11.200	29.160	0.522
BPP_200_150_0.1_0.8_7.C	101	11.200	29.160	0.532
BPP_200_150_0.1_0.8_7.C	101	11.800	29.640	0.542
BPP_200_150_0.1_0.8_7.C	101	11.800	29.640	0.528
BPP_200_150_0.1_0.8_7.C	101	10.800	28.840	0.531
BPP_200_150_0.1_0.8_7.C	101	12.000	29.800	0.529
BPP_200_150_0.1_0.8_7.C	101	12.400	30.120	0.543
BPP_200_150_0.1_0.8_8.C	94	2.200	20.560	0.500
BPP_200_150_0.1_0.8_8.C	94	2.000	20.400	0.526
BPP_200_150_0.1_0.8_8.C	94	2.200	20.560	0.501
BPP_200_150_0.1_0.8_8.C	95	2.200	20.760	0.504
BPP_200_150_0.1_0.8_8.C	95	2.200	20.760	0.501
BPP_200_150_0.1_0.8_8.C	95	2.000	20.600	0.500
BPP_200_150_0.1_0.8_8.C	94	2.400	20.720	0.504
BPP_200_150_0.1_0.8_8.C	94	2.200	20.560	0.499
BPP_200_150_0.1_0.8_8.C	94	2.400	20.720	0.498
BPP_200_150_0.1_0.8_8.C	94	2.400	20.720	0.505
BPP_200_150_0.1_0.8_9.C	93	1.800	20.040	0.498
BPP_200_150_0.1_0.8_9.C	93	1.800	20.040	0.515
BPP_200_150_0.1_0.8_9.C	93	2.000	20.200	0.491
BPP_200_150_0.1_0.8_9.C	93	1.800	20.040	0.499
BPP_200_150_0.1_0.8_9.C	92	2.400	20.320	0.511
BPP_200_150_0.1_0.8_9.C	93	1.800	20.040	0.515
BPP_200_150_0.1_0.8_9.C	94	1.800	20.240	0.515
BPP_200_150_0.1_0.8_9.C	93	2.000	20.200	0.503
BPP_200_150_0.1_0.8_9.C	92	2.200	20.160	0.493
BPP_200_150_0.1_0.8_9.C	92	2.600	20.480	0.510
BPP_200_200_0.1_0.8_0.C	95	-0.000	19.000	0.649
BPP_200_200_0.1_0.8_0.C	95	-0.000	19.000	0.665
BPP_200_200_0.1_0.8_0.C	95	0.200	19.160	0.639
BPP_200_200_0.1_0.8_0.C	95	-0.000	19.000	0.644
BPP_200_200_0.1_0.8_0.C	95	-0.000	19.000	0.667
BPP_200_200_0.1_0.8_0.C	95	-0.000	19.000	0.734
BPP_200_200_0.1_0.8_0.C	95	-0.000	19.000	0.650
BPP_200_200_0.1_0.8_0.C	95	-0.000	19.000	0.667
BPP_200_200_0.1_0.8_0.C	95	-0.000	19.000	0.655
BPP_200_200_0.1_0.8_0.C	94	-0.000	18.800	0.661
BPP_200_200_0.1_0.8_1.C	98	8.000	26.000	0.677
BPP_200_200_0.1_0.8_1.C	97	8.200	25.960	0.670
BPP_200_200_0.1_0.8_1.C	98	8.000	26.000	0.679
BPP_200_200_0.1_0.8_1.C	97	8.000	25.800	0.660
BPP_200_200_0.1_0.8_1.C	97	8.200	25.960	0.656
BPP_200_200_0.1_0.8_1.C	98	8.000	26.000	0.674
BPP_200_200_0.1_0.8_1.C	98	8.000	26.000	0.672
BPP_200_200_0.1_0.8_1.C	97	8.200	25.960	0.686
BPP_200_200_0.1_0.8_1.C	98	8.000	26.000	0.698
BPP_200_200_0.1_0.8_1.C	98	8.000	26.000	0.665
BPP_200_200_0.1_0.8_2.C	87	7.000	23.000	0.614
BPP_200_200_0.1_0.8_2.C	87	7.000	23.000	0.627
BPP_200_200_0.1_0.8_2.C	87	7.000	23.000	0.618
BPP_200_200_0.1_0.8_2.C	87	7.000	23.000	0.645
BPP_200_200_0.1_0.8_2.C	87	7.000	23.000	0.639
BPP_200_200_0.1_0.8_2.C	87	7.000	23.000	0.596
BPP_200_200_0.1_0.8_2.C	87	7.000	23.000	0.598
BPP_200_200_0.1_0.8_2.C	87	7.000	23.000	0.621
BPP_200_200_0.1_0.8_2.C	87	7.000	23.000	0.624
BPP_200_200_0.1_0.8_2.C	87	7.000	23.000	0.613
BPP_200_200_0.1_0.8_3.C	91	2.600	20.280	0.650
BPP_200_200_0.1_0.8_3.C	91	2.600	20.280	0.642
BPP_200_200_0.1_0.8_3.C	91	2.600	20.280	0.617
BPP_200_200_0.1_0.8_3.C	91	2.600	20.280	0.626
BPP_200_200_0.1_0.8_3.C	91	2.600	20.280	0.638
BPP_200_200_0.1_0.8_3.C	91	2.600	20.280	0.647
BPP_200_200_0.1_0.8_3.C	91	2.600	20.280	0.646
BPP_200_200_0.1_0.8_3.C	91	2.600	20.280	0.639
BPP_200_200_0.1_0.8_3.C	91	2.600	20.280	0.631
BPP_200_200_0.1_0.8_3.C	91	2.600	20.280	0.629
BPP_200_200_0.1_0.8_4.C	93	5.000	22.600	0.643
BPP_200_200_0.1_0.8_4.C	94	4.800	22.640	0.653
BPP_200_200_0.1_0.8_4.C	94	4.800	22.640	0.648
BPP_200_200_0.1_0.8_4.C	94	4.800	22.640	0.641
BPP_200_200_0.1_0.8_4.C	94	4.800	22.640	0.650
BPP_200_200_0.1_0.8_4.C	93	5.000	22.600	0.654
BPP_200_200_0.1_0.8_4.C	93	4.800	22.440	0.638
BPP_200_200_0.1_0.8_4.C	94	4.800	22.640	0.661
BPP_200_200_0.1_0.8_4.C	93	5.000	22.600	0.635
BPP_200_200_0.1_0.8_4.C	94	5.000	22.800	0.641
BPP_200_200_0.1_0.8_5.C	92	0.600	18.880	0.635
BPP_200_200_0.1_0.8_5.C	92	0.600	18.880	0.644
BPP_200_200_0.1_0.8_5.C	92	0.600	18.880	0.630
BPP_200_200_0.1_0.8_5.C	92	0.600	18.880	0.665
BPP_200_200_0.1_0.8_5.C	92	0.600	18.880	0.665
BPP_200_200_0.1_0.8_5.C	92	0.600	18.880	0.636
BPP_200_200_0.1_0.8_5.C	92	0.600	18.880	0.647
BPP_200_200_0.1_0.8_5.C	92	0.600	18.880	0.660
BPP_200_200_0.1_0.8_5.C	92	0.600	18.880	0.655
BPP_200_200_0.1_0.8_5.C	92	0.600	18.880	0.647
BPP_200_200_0.1_0.8_6.C	100	1.200	20.960	0.698
BPP_200_200_0.1_0.8_6.C	100	0.800	20.640	0.693
BPP_200_200_0.1_0.8_6.C	101	0.400	20.520	0.690
BPP_200_200_0.1_0.8_6.C	100	0.800	20.640	0.689
BPP_200_200_0.1_0.8_6.C	101	1.400	21.320	0.688
BPP_200_200_0.1_0.8_6.C	100	1.400	21.120	0.694
BPP_200_200_0.1_0.8_6.C	100	0.600	20.480	0.693
BPP_200_200_0.1_0.8_6.C	100	0.400	20.320	0.692
BPP_200_200_0.1_0.8_6.C	100	1.400	21.120	0.677
BPP_200_200_0.1_0.8_6.C	101	0.000	20.200	0.689
BPP_200_200_0.1_0.8_7.C	93	0.000	18.600	0.659
BPP_200_200_0.1_0.8_7.C	93	0.000	18.600	0.665
BPP_200_200_0.1_0.8_7.C	93	0.000	18.600	0.664
BPP_200_200_0.1_0.8_7.C	93	0.000	18.600	0.633
BPP_200_200_0.1_0.8_7.C	93	0.000	18.600	0.681
BPP_200_200_0.1_0.8_7.C	93	0.000	18.600	0.642
BPP_200_200_0.1_0.8_7.C	93	0.000	18.600	0.641
BPP_200_200_0.1_0.8_7.C	93	0.000	18.600	0.639
BPP_200_200_0.1_0.8_7.C	93	0.000	18.600	0.655
BPP_200_200_0.1_0.8_7.C	93	0.000	18.600	0.686
BPP_200_200_0.1_0.8_8.C	100	4.000	23.200	0.694
BPP_200_200_0.1_0.8_8.C	100	4.000	23.200	0.697
BPP_200_200_0.1_0.8_8.C	99	4.200	23.160	0.680
BPP_200_200_0.1_0.8_8.C	100	4.000	23.200	0.705
BPP_200_200_0.1_0.8_8.C	100	4.000	23.200	0.708
BPP_200_200_0.1_0.8_8.C	100	4.000	23.200	0.703
BPP_200_200_0.1_0.8_8.C	100	4.000	23.200	0.706
BPP_200_200_0.1_0.8_8.C	101	3.800	23.240	0.704
BPP_200_200_0.1_0.8_8.C	100	4.000	23.200	0.700
BPP_200_200_0.1_0.8_8.C	100	3.800	23.040	0.699
BPP_200_200_0.1_0.8_9.C	95	2.400	20.920	0.662
BPP_200_200_0.1_0.8_9.C	95	2.200	20.760	0.673
BPP_200_200_0.1_0.8_9.C	96	2.400	21.120	0.667
BPP_200_200_0.1_0.8_9.C	95	2.600	21.080	0.657
BPP_200_200_0.1_0.8_9.C	95	2.200	20.760	0.649
BPP_200_200_0.1_0.8_9.C	95	2.800	21.240	0.656
BPP_200_200_0.1_0.8_9.C	95	2.200	20.760	0.674
BPP_200_200_0.1_0.8_9.C	95	2.200	20.760	0.673
BPP_200_200_0.1_0.8_9.C	95	2.400	20.920	0.681
BPP_200_200_0.1_0.8_9.C	95	2.400	20.920	0.672
BPP_200_300_0.1_0.8_0.C	91	-0.000	18.200	1.079
BPP_200_300_0.1_0.8_0.C	91	-0.000	18.200	1.052
BPP_200_300_0.1_0.8_0.C	91	-0.000	18.200	1.064
BPP_200_300_0.1_0.8_0.C	90	-0.000	18.000	1.074
BPP_200_300_0.1_0.8_0.C	91	-0.000	18.200	1.074
BPP_200_300_0.1_0.8_0.C	90	-0.000	18.000	1.055
BPP_200_300_0.1_0.8_0.C	91	-0.000	18.200	1.052
BPP_200_300_0.1_0.8_0.C	91	-0.000	18.200	1.085
BPP_200_300_0.1_0.8_0.C	91	-0.000	18.200	1.078
BPP_200_300_0.1_0.8_0.C	91	-0.000	18.200	1.058
BPP_200_300_0.1_0.8_1.C	98	2.600	21.680	1.086
BPP_200_300_0.1_0.8_1.C	98	2.800	21.840	1.112
BPP_200_300_0.1_0.8_1.C	98	2.600	21.680	1.099
BPP_200_300_0.1_0.8_1.C	98	2.600	21.680	1.107
BPP_200_300_0.1_0.8_1.C	98	2.600	21.680	1.099
BPP_200_300_0.1_0.8_1.C	98	2.800	21.840	1.097
BPP_200_300_0.1_0.8_1.C	98	2.600	21.680	1.104
BPP_200_300_0.1_0.8_1.C	98	2.600	21.680	1.108
BPP_200_300_0.1_0.8_1.C	98	2.600	21.680	1.097
BPP_200_300_0.1_0.8_1.C	98	2.600	21.680	1.163
BPP_200_300_0.1_0.8_2.C	96	0.200	19.360	1.090
BPP_200_300_0.1_0.8_2.C	96	0.400	19.520	1.082
BPP_200_300_0.1_0.8_2.C	96	0.200	19.360	1.065
BPP_200_300_0.1_0.8_2.C	96	0.800	19.840	1.099
BPP_200_300_0.1_0.8_2.C	96	0.200	19.360	1.071
BPP_200_300_0.1_0.8_2.C	96	0.200	19.360	1.129
BPP_200_300_0.1_0.8_2.C	96	0.200	19.360	1.111
BPP_200_300_0.1_0.8_2.C	96	0.600	19.680	1.086
BPP_200_300_0.1_0.8_2.C	96	0.200	19.360	1.119
BPP_200_300_0.1_0.8_2.C	96	0.800	19.840	1.062
BPP_200_300_0.1_0.8_3.C	99	9.600	27.480	1.099
BPP_200_300_0.1_0.8_3.C	99	9.800	27.640	1.116
BPP_200_300_0.1_0.8_3.C	99	9.800	27.640	1.126
BPP_200_300_0.1_0.8_3.C	99	9.800	27.640	1.121
BPP_200_300_0.1_0.8_3.C	99	9.800	27.640	1.106
BPP_200_300_0.1_0.8_3.C	99	9.600	27.480	1.116
BPP_200_300_0.1_0.8_3.C	99	9.600	27.480	1.109
BPP_200_300_0.1_0.8_3.C	99	9.800	27.640	1.137
BPP_200_300_0.1_0.8_3.C	99	9.800	27.640	1.413
BPP_200_300_0.1_0.8_3.C	99	9.800	27.640	1.105
BPP_200_300_0.1_0.8_4.C	95	7.200	24.760	1.117
BPP_200_300_0.1_0.8_4.C	95	7.200	24.760	1.247
BPP_200_300_0.1_0.8_4.C	94	7.200	24.560	1.607
BPP_200_300_0.1_0.8_4.C	94	7.400	24.720	1.094
BPP_200_300_0.1_0.8_4.C	94	7.200	24.560	1.084
BPP_200_300_0.1_0.8_4.C	95	7.200	24.760	1.078
BPP_200_300_0.1_0.8_4.C	94	7.200	24.560	1.080
BPP_200_300_0.1_0.8_4.C	95	7.200	24.760	1.072
BPP_200_300_0.1_0.8_4.C	94	7.400	24.720	1.082
BPP_200_300_0.1_0.8_4.C	95	7.000	24.600	1.087
BPP_200_300_0.1_0.8_5.C	89	1.000	18.600	1.015
BPP_200_300_0.1_0.8_5.C	89	1.000	18.600	1.015
BPP_200_300_0.1_0.8_5.C	89	1.000	18.600	1.008
BPP_200_300_0.1_0.8_5.C	89	1.400	18.920	1.017
BPP_200_300_0.1_0.8_5.C	89	1.000	18.600	1.013
BPP_200_300_0.1_0.8_5.C	89	1.000	18.600	1.019
BPP_200_300_0.1_0.8_5.C	89	1.600	19.080	1.035
BPP_200_300_0.1_0.8_5.C	89	1.400	18.920	1.022
BPP_200_300_0.1_0.8_5.C	89	1.000	18.600	1.043
BPP_200_300_0.1_0.8_5.C	89	1.400	18.920	1.066
BPP_200_300_0.1_0.8_6.C	99	3.000	22.200	1.076
BPP_200_300_0.1_0.8_6.C	98	2.600	21.680	1.074
BPP_200_300_0.1_0.8_6.C	98	3.400	22.320	1.083
BPP_200_300_0.1_0.8_6.C	99	2.600	21.880	1.095
BPP_200_300_0.1_0.8_6.C	99	3.000	22.200	1.087
BPP_200_300_0.1_0.8_6.C	99	2.600	21.880	1.072
BPP_200_300_0.1_0.8_6.C	99	3.000	22.200	1.089
BPP_200_300_0.1_0.8_6.C	99	3.400	22.520	1.077
BPP_200_300_0.1_0.8_6.C	99	2.800	22.040	1.078
BPP_200_300_0.1_0.8_6.C	99	2.800	22.040	1.097
BPP_200_300_0.1_0.8_7.C	91	-0.000	18.200	1.032
BPP_200_300_0.1_0.8_7.C	92	0.000	18.400	1.037
BPP_200_300_0.1_0.8_7.C	91	-0.000	18.200	1.051
BPP_200_300_0.1_0.8_7.C	91	-0.000	18.200	1.044
BPP_200_300_0.1_0.8_7.C	91	0.400	18.520	1.028
BPP_200_300_0.1_0.8_7.C	91	0.400	18.520	1.025
BPP_200_300_0.1_0.8_7.C	91	-0.000	18.200	1.028
BPP_200_300_0.1_0.8_7.C	91	0.200	18.360	1.045
BPP_200_300_0.1_0.8_7.C	92	0.000	18.400	1.038
BPP_200_300_0.1_0.8_7.C	91	0.600	18.680	1.031
BPP_200_300_0.1_0.8_8.C	92	5.000	22.400	1.032
BPP_200_300_0.1_0.8_8.C	92	4.600	22.080	1.059
BPP_200_300_0.1_0.8_8.C	92	4.800	22.240	1.057
BPP_200_300_0.1_0.8_8.C	92	4.400	21.920	1.055
BPP_200_300_0.1_0.8_8.C	92	5.000	22.400	1.055
BPP_200_300_0.1_0.8_8.C	92	4.800	22.240	1.053
BPP_200_300_0.1_0.8_8.C	92	4.600	22.080	1.053
BPP_200_300_0.1_0.8_8.C	92	5.000	22.400	1.063
BPP_200_300_0.1_0.8_8.C	92	4.800	22.240	1.066
BPP_200_300_0.1_0.8_8.C	92	4.600	22.080	1.071
BPP_200_300_0.1_0.8_9.C	99	5.600	24.280	1.068
BPP_200_300_0.1_0.8_9.C	99	6.000	24.600	1.083
BPP_200_300_0.1_0.8_9.C	99	6.200	24.760	1.079
BPP_200_300_0.1_0.8_9.C	99	6.400	24.920	1.096
BPP_200_300_0.1_0.8_9.C	99	5.400	24.120	1.095
BPP_200_300_0.1_0.8_9.C	99	5.600	24.280	1.103
BPP_200_300_0.1_0.8_9.C	99	5.800	24.440	1.120
BPP_200_300_0.1_0.8_9.C	99	5.800	24.440	1.654
BPP_200_300_0.1_0.8_9.C	99	5.600	24.280	1.703
BPP_200_300_0.1_0.8_9.C	99	6.600	25.080	1.086
BPP_200_400_0.1_0.8_0.C	101	6.600	25.480	1.594
BPP_200_400_0.1_0.8_0.C	101	6.800	25.640	1.612
BPP_200_400_0.1_0.8_0.C	101	6.800	25.640	1.585
BPP_200_400_0.1_0.8_0.C	102	7.200	26.160	1.612
BPP_200_400_0.1_0.8_0.C	101	6.200	25.160	1.578
BPP_200_400_0.1_0.8_0.C	101	7.400	26.120	1.575
BPP_200_400_0.1_0.8_0.C	101	6.400	25.320	1.682
BPP_200_400_0.1_0.8_0.C	101	6.200	25.160	1.898
BPP_200_400_0.1_0.8_0.C	101	6.200	25.160	1.623
BPP_200_400_0.1_0.8_0.C	101	7.200	25.960	1.589
BPP_200_400_0.1_0.8_1.C	95	0.400	19.320	1.502
BPP_200_400_0.1_0.8_1.C	95	0.400	19.320	1.498
BPP_200_400_0.1_0.8_1.C	95	0.400	19.320	1.501
BPP_200_400_0.1_0.8_1.C	95	0.400	19.320	1.504
BPP_200_400_0.1_0.8_1.C	95	0.400	19.320	1.499
BPP_200_400_0.1_0.8_1.C	95	0.400	19.320	1.505
BPP_200_400_0.1_0.8_1.C	96	0.400	19.520	1.993
BPP_200_400_0.1_0.8_1.C	95	0.400	19.320	1.512
BPP_200_400_0.1_0.8_1.C	95	0.400	19.320	1.527
BPP_200_400_0.1_0.8_1.C	95	0.400	19.320	1.500
BPP_200_400_0.1_0.8_2.C	99	1.800	21.240	1.557
BPP_200_400_0.1_0.8_2.C	100	1.800	21.440	1.594
BPP_200_400_0.1_0.8_2.C	100	1.800	21.440	1.617
BPP_200_400_0.1_0.8_2.C	100	1.800	21.440	1.601
BPP_200_400_0.1_0.8_2.C	99	1.800	21.240	1.608
BPP_200_400_0.1_0.8_2.C	99	1.800	21.240	1.593
BPP_200_400_0.1_0.8_2.C	100	1.800	21.440	1.597
BPP_200_400_0.1_0.8_2.C	100	1.800	21.440	1.587
BPP_200_400_0.1_0.8_2.C	100	1.800	21.440	1.610
BPP_200_400_0.1_0.8_2.C	100	1.800	21.440	1.586
BPP_200_400_0.1_0.8_3.C	97	3.200	21.960	1.516
BPP_200_400_0.1_0.8_3.C	97	3.200	21.960	1.568
BPP_200_400_0.1_0.8_3.C	97	3.200	21.960	1.525
BPP_200_400_0.1_0.8_3.C	96	4.000	22.400	1.586
BPP_200_400_0.1_0.8_3.C	97	3.200	21.960	1.623
BPP_200_400_0.1_0.8_3.C	98	3.400	22.320	1.886
BPP_200_400_0.1_0.8_3.C	97	3.600	22.280	1.611
BPP_200_400_0.1_0.8_3.C	97	3.400	22.120	1.573
BPP_200_400_0.1_0.8_3.C	96	3.400	21.920	1.593
BPP_200_400_0.1_0.8_3.C	97	3.600	22.280	1.670
BPP_200_400_0.1_0.8_4.C	94	7.800	25.040	1.480
BPP_200_400_0.1_0.8_4.C	93	7.800	24.840	1.444
BPP_200_400_0.1_0.8_4.C	94	7.800	25.040	1.492
BPP_200_400_0.1_0.8_4.C	93	7.800	24.840	1.533
BPP_200_400_0.1_0.8_4.C	93	8.000	25.000	1.508
BPP_200_400_0.1_0.8_4.C	93	8.200	25.160	1.556
BPP_200_400_0.1_0.8_4.C	93	7.800	24.840	1.577
BPP_200_400_0.1_0.8_4.C	94	7.800	25.040	1.601
BPP_200_400_0.1_0.8_4.C	94	7.800	25.040	1.705
BPP_200_400_0.1_0.8_4.C	93	7.800	24.840	1.616
BPP_200_400_0.1_0.8_5.C	88	2.800	19.840	1.490
BPP_200_400_0.1_0.8_5.C	88	2.800	19.840	1.537
BPP_200_400_0.1_0.8_5.C	88	2.800	19.840	1.397
BPP_200_400_0.1_0.8_5.C	88	2.800	19.840	1.388
BPP_200_400_0.1_0.8_5.C	88	2.800	19.840	1.390
BPP_200_400_0.1_0.8_5.C	88	2.600	19.680	1.393
BPP_200_400_0.1_0.8_5.C	88	2.600	19.680	1.400
BPP_200_400_0.1_0.8_5.C	88	2.800	19.840	1.387
BPP_200_400_0.1_0.8_5.C	88	2.800	19.840	1.402
BPP_200_400_0.1_0.8_5.C	88	2.600	19.680	1.403
BPP_200_400_0.1_0.8_6.C	91	1.800	19.640	1.560
BPP_200_400_0.1_0.8_6.C	92	1.600	19.680	1.528
BPP_200_400_0.1_0.8_6.C	91	1.800	19.640	1.582
BPP_200_400_0.1_0.8_6.C	91	1.600	19.480	1.608
BPP_200_400_0.1_0.8_6.C	91	1.800	19.640	1.639
BPP_200_400_0.1_0.8_6.C	92	1.600	19.680	1.719
BPP_200_400_0.1_0.8_6.C	91	1.600	19.480	1.750
BPP_200_400_0.1_0.8_6.C	91	1.800	19.640	2.080
BPP_200_400_0.1_0.8_6.C	91	1.600	19.480	1.650
BPP_200_400_0.1_0.8_6.C	91	1.600	19.480	1.474
BPP_200_400_0.1_0.8_7.C	96	0.600	19.680	1.711
BPP_200_400_0.1_0.8_7.C	96	0.600	19.680	1.599
BPP_200_400_0.1_0.8_7.C	96	0.600	19.680	1.639
BPP_200_400_0.1_0.8_7.C	95	0.600	19.480	1.503
BPP_200_400_0.1_0.8_7.C	96	0.600	19.680	1.542
BPP_200_400_0.1_0.8_7.C	96	0.600	19.680	1.637
BPP_200_400_0.1_0.8_7.C	96	0.200	19.360	1.786
BPP_200_400_0.1_0.8_7.C	96	0.600	19.680	1.514
BPP_200_400_0.1_0.8_7.C	96	0.200	19.360	1.499
BPP_200_400_0.1_0.8_7.C	96	0.600	19.680	1.498
BPP_200_400_0.1_0.8_8.C	95	0.800	19.640	1.494
BPP_200_400_0.1_0.8_8.C	95	0.800	19.640	1.523
BPP_200_400_0.1_0.8_8.C	95	0.800	19.640	1.489
BPP_200_400_0.1_0.8_8.C	95	0.800	19.640	1.492
BPP_200_400_0.1_0.8_8.C	94	1.000	19.600	1.511
BPP_200_400_0.1_0.8_8.C	95	0.800	19.640	1.560
BPP_200_400_0.1_0.8_8.C	94	0.800	19.440	1.613
BPP_200_400_0.1_0.8_8.C	95	0.800	19.640	1.637
BPP_200_400_0.1_0.8_8.C	95	0.800	19.640	1.636
BPP_200_400_0.1_0.8_8.C	95	0.800	19.640	1.635
BPP_200_400_0.1_0.8_9.C	97	2.000	21.000	1.552
BPP_200_400_0.1_0.8_9.C	97	2.000	21.000	1.552
BPP_200_400_0.1_0.8_9.C	97	2.000	21.000	1.618
BPP_200_400_0.1_0.8_9.C	97	2.000	21.000	1.658
BPP_200_400_0.1_0.8_9.C	97	2.200	21.160	1.650
BPP_200_400_0.1_0.8_9.C	97	2.000	21.000	1.701
BPP_200_400_0.1_0.8_9.C	97	2.000	21.000	1.653
BPP_200_400_0.1_0.8_9.C	97	2.000	21.000	1.635
BPP_200_400_0.1_0.8_9.C	97	2.200	21.160	1.615
BPP_200_400_0.1_0.8_9.C	97	2.000	21.000	1.742
BPP_200_500_0.1_0.8_0.C	102	3.800	23.440	1.775
BPP_200_500_0.1_0.8_0.C	101	2.600	22.280	1.751
BPP_200_500_0.1_0.8_0.C	102	3.800	23.440	1.748
BPP_200_500_0.1_0.8_0.C	100	3.800	23.040	1.757
BPP_200_500_0.1_0.8_0.C	101	3.600	23.080	2.008
BPP_200_500_0.1_0.8_0.C	101	4.400	23.720	2.140
BPP_200_500_0.1_0.8_0.C	101	3.600	23.080	2.115
BPP_200_500_0.1_0.8_0.C	100	4.200	23.360	2.283
BPP_200_500_0.1_0.8_0.C	101	3.800	23.240	1.954
BPP_200_500_0.1_0.8_0.C	101	4.000	23.400	2.015
BPP_200_500_0.1_0.8_1.C	93	6.000	23.400	1.687
BPP_200_500_0.1_0.8_1.C	93	5.800	23.240	1.683
BPP_200_500_0.1_0.8_1.C	93	6.000	23.400	1.667
BPP_200_500_0.1_0.8_1.C	93	5.800	23.240	1.667
BPP_200_500_0.1_0.8_1.C	93	6.200	23.560	1.709
BPP_200_500_0.1_0.8_1.C	93	6.200	23.560	1.677
BPP_200_500_0.1_0.8_1.C	94	5.600	23.280	1.693
BPP_200_500_0.1_0.8_1.C	93	5.600	23.080	1.688
BPP_200_500_0.1_0.8_1.C	93	5.800	23.240	1.683
BPP_200_500_0.1_0.8_1.C	93	6.000	23.400	1.660
BPP_200_500_0.1_0.8_2.C	87	7.200	23.160	1.941
BPP_200_500_0.1_0.8_2.C	87	7.200	23.160	1.766
BPP_200_500_0.1_0.8_2.C	87	7.200	23.160	1.893
BPP_200_500_0.1_0.8_2.C	87	7.200	23.160	1.947
BPP_200_500_0.1_0.8_2.C	87	7.200	23.160	1.937
BPP_200_500_0.1_0.8_2.C	87	7.200	23.160	1.937
BPP_200_500_0.1_0.8_2.C	87	7.200	23.160	1.927
BPP_200_500_0.1_0.8_2.C	87	7.200	23.160	2.074
BPP_200_500_0.1_0.8_2.C	87	7.200	23.160	1.936
BPP_200_500_0.1_0.8_2.C	87	7.200	23.160	1.911
BPP_200_500_0.1_0.8_3.C	93	11.600	27.880	1.737
BPP_200_500_0.1_0.8_3.C	93	11.600	27.880	1.710
BPP_200_500_0.1_0.8_3.C	93	11.600	27.880	1.694
BPP_200_500_0.1_0.8_3.C	93	11.600	27.880	1.693
BPP_200_500_0.1_0.8_3.C	93	11.400	27.720	1.676
BPP_200_500_0.1_0.8_3.C	93	11.400	27.720	1.706
BPP_200_500_0.1_0.8_3.C	93	11.600	27.880	1.687
BPP_200_500_0.1_0.8_3.C	93	11.400	27.720	1.726
BPP_200_500_0.1_0.8_3.C	93	11.400	27.720	1.739
BPP_200_500_0.1_0.8_3.C	93	11.400	27.720	1.689
BPP_200_500_0.1_0.8_4.C	93	3.000	21.000	1.661
BPP_200_500_0.1_0.8_4.C	92	3.200	20.960	2.080
BPP_200_500_0.1_0.8_4.C	93	3.000	21.000	2.053
BPP_200_500_0.1_0.8_4.C	93	3.000	21.000	1.655
BPP_200_500_0.1_0.8_4.C	93	3.000	21.000	1.640
BPP_200_500_0.1_0.8_4.C	92	3.200	20.960	1.674
BPP_200_500_0.1_0.8_4.C	93	3.000	21.000	1.939
BPP_200_500_0.1_0.8_4.C	92	3.400	21.120	1.652
BPP_200_500_0.1_0.8_4.C	93	3.000	21.000	2.107
BPP_200_500_0.1_0.8_4.C	93	3.000	21.000	2.233
BPP_200_500_0.1_0.8_5.C	98	1.800	21.040	1.749
BPP_200_500_0.1_0.8_5.C	97	1.800	20.840	1.744
BPP_200_500_0.1_0.8_5.C	98	1.800	21.040	1.743
BPP_200_500_0.1_0.8_5.C	98	1.800	21.040	1.748
BPP_200_500_0.1_0.8_5.C	97	2.000	21.000	2.195
BPP_200_500_0.1_0.8_5.C	97	2.000	21.000	2.157
BPP_200_500_0.1_0.8_5.C	97	2.000	21.000	1.744
BPP_200_500_0.1_0.8_5.C	98	1.800	21.040	2.088
BPP_200_500_0.1_0.8_5.C	97	1.800	20.840	1.754
BPP_200_500_0.1_0.8_5.C	97	2.000	21.000	1.743
BPP_200_500_0.1_0.8_6.C	97	1.800	20.840	2.232
BPP_200_500_0.1_0.8_6.C	97	1.800	20.840	2.173
BPP_200_500_0.1_0.8_6.C	97	1.800	20.840	2.153
BPP_200_500_0.1_0.8_6.C	97	1.800	20.840	2.154
BPP_200_500_0.1_0.8_6.C	97	1.800	20.840	2.173
BPP_200_500_0.1_0.8_6.C	97	1.800	20.840	1.986
BPP_200_500_0.1_0.8_6.C	97	1.800	20.840	2.150
BPP_200_500_0.1_0.8_6.C	97	1.800	20.840	2.175
BPP_200_500_0.1_0.8_6.C	97	1.800	20.840	2.058
BPP_200_500_0.1_0.8_6.C	97	1.800	20.840	2.264
BPP_200_500_0.1_0.8_7.C	90	8.800	25.040	2.032
BPP_200_500_0.1_0.8_7.C	91	8.800	25.240	2.062
BPP_200_500_0.1_0.8_7.C	91	9.000	25.400	1.913
BPP_200_500_0.1_0.8_7.C	90	9.200	25.360	1.983
BPP_200_500_0.1_0.8_7.C	90	8.800	25.040	1.988
BPP_200_500_0.1_0.8_7.C	90	8.800	25.040	2.014
BPP_200_500_0.1_0.8_7.C	90	9.200	25.360	2.028
BPP_200_500_0.1_0.8_7.C	90	9.000	25.200	2.020
BPP_200_500_0.1_0.8_7.C	91	9.000	25.400	2.021
BPP_200_500_0.1_0.8_7.C	90	9.000	25.200	2.030
BPP_200_500_0.1_0.8_8.C	108	7.400	27.520	2.339
BPP_200_500_0.1_0.8_8.C	108	7.600	27.680	2.213
BPP_200_500_0.1_0.8_8.C	107	7.400	27.320	2.388
BPP_200_500_0.1_0.8_8.C	107	7.400	27.320	2.434
BPP_200_500_0.1_0.8_8.C	107	7.200	27.160	2.393
BPP_200_500_0.1_0.8_8.C	107	7.200	27.160	2.563
BPP_200_500_0.1_0.8_8.C	108	7.000	27.200	1.874
BPP_200_500_0.1_0.8_8.C	107	7.800	27.640	1.857
BPP_200_500_0.1_0.8_8.C	107	7.200	27.160	2.186
BPP_200_500_0.1_0.8_8.C	107	7.600	27.480	2.232
BPP_200_500_0.1_0.8_9.C	95	5.000	23.000	1.688
BPP_200_500_0.1_0.8_9.C	95	5.400	23.320	1.690
BPP_200_500_0.1_0.8_9.C	95	5.000	23.000	1.698
BPP_200_500_0.1_0.8_9.C	95	5.000	23.000	1.690
BPP_200_500_0.1_0.8_9.C	95	5.200	23.160	1.685
BPP_200_500_0.1_0.8_9.C	95	5.400	23.320	1.715
BPP_200_500_0.1_0.8_9.C	95	5.000	23.000	2.634
BPP_200_500_0.1_0.8_9.C	94	5.000	22.800	1.688
BPP_200_500_0.1_0.8_9.C	95	5.400	23.320	1.693
BPP_200_500_0.1_0.8_9.C	95	5.200	23.160	1.720
BPP_200_50_0.1_0.8_0.C	84	2.000	18.400	0.200
BPP_200_50_0.1_0.8_0.C	84	2.000	18.400	0.197
BPP_200_50_0.1_0.8_0.C	84	2.000	18.400	0.223
BPP_200_50_0.1_0.8_0.C	84	2.200	18.560	0.207
BPP_200_50_0.1_0.8_0.C	84	2.000	18.400	0.200
BPP_200_50_0.1_0.8_0.C	84	2.200	18.560	0.198
BPP_200_50_0.1_0.8_0.C	84	2.000	18.400	0.198
BPP_200_50_0.1_0.8_0.C	84	2.000	18.400	0.200
BPP_200_50_0.1_0.8_0.C	84	2.200	18.560	0.205
BPP_200_50_0.1_0.8_0.C	84	2.000	18.400	0.205
BPP_200_50_0.1_0.8_1.C	93	2.800	20.840	0.221
BPP_200_50_0.1_0.8_1.C	93	2.800	20.840	0.221
BPP_200_50_0.1_0.8_1.C	93	2.800	20.840	0.219
BPP_200_50_0.1_0.8_1.C	93	2.800	20.840	0.228
BPP_200_50_0.1_0.8_1.C	93	2.800	20.840	0.232
BPP_200_50_0.1_0.8_1.C	93	2.800	20.840	0.225
BPP_200_50_0.1_0.8_1.C	94	2.800	21.040	0.227
BPP_200_50_0.1_0.8_1.C	93	3.000	21.000	0.237
BPP_200_50_0.1_0.8_1.C	93	2.800	20.840	0.223
BPP_200_50_0.1_0.8_1.C	93	2.800	20.840	0.219
BPP_200_50_0.1_0.8_2.C	88	4.800	21.440	0.220
BPP_200_50_0.1_0.8_2.C	88	4.800	21.440	0.220
BPP_200_50_0.1_0.8_2.C	88	4.800	21.440	0.221
BPP_200_50_0.1_0.8_2.C	88	5.000	21.600	0.222
BPP_200_50_0.1_0.8_2.C	88	4.800	21.440	0.217
BPP_200_50_0.1_0.8_2.C	89	4.800	21.640	0.215
BPP_200_50_0.1_0.8_2.C	89	4.800	21.640	0.222
BPP_200_50_0.1_0.8_2.C	89	4.800	21.640	0.221
BPP_200_50_0.1_0.8_2.C	88	4.800	21.440	0.218
BPP_200_50_0.1_0.8_2.C	89	4.800	21.640	0.215
BPP_200_50_0.1_0.8_3.C	93	2.800	20.840	0.256
BPP_200_50_0.1_0.8_3.C	93	2.800	20.840	0.231
BPP_200_50_0.1_0.8_3.C	93	3.000	21.000	0.222
BPP_200_50_0.1_0.8_3.C	93	3.000	21.000	0.227
BPP_200_50_0.1_0.8_3.C	93	2.800	20.840	0.224
BPP_200_50_0.1_0.8_3.C	93	2.800	20.840	0.227
BPP_200_50_0.1_0.8_3.C	93	2.800	20.840	0.229
BPP_200_50_0.1_0.8_3.C	93	2.800	20.840	0.229
BPP_200_50_0.1_0.8_3.C	93	3.000	21.000	0.224
BPP_200_50_0.1_0.8_3.C	93	2.800	20.840	0.221
BPP_200_50_0.1_0.8_4.C	94	0.200	18.960	0.232
BPP_200_50_0.1_0.8_4.C	94	0.200	18.960	0.301
BPP_200_50_0.1_0.8_4.C	93	0.200	18.760	0.229
BPP_200_50_0.1_0.8_4.C	93	0.200	18.760	0.223
BPP_200_50_0.1_0.8_4.C	93	0.200	18.760	0.228
BPP_200_50_0.1_0.8_4.C	93	0.200	18.760	0.227
BPP_200_50_0.1_0.8_4.C	94	0.200	18.960	0.240
BPP_200_50_0.1_0.8_4.C	94	0.200	18.960	0.225
BPP_200_50_0.1_0.8_4.C	94	0.200	18.960	0.219
BPP_200_50_0.1_0.8_4.C	93	0.200	18.760	0.232
BPP_200_50_0.1_0.8_5.C	96	0.200	19.360	0.226
BPP_200_50_0.1_0.8_5.C	95	0.200	19.160	0.224
BPP_200_50_0.1_0.8_5.C	96	0.200	19.360	0.226
BPP_200_50_0.1_0.8_5.C	96	0.200	19.360	0.231
BPP_200_50_0.1_0.8_5.C	95	0.200	19.160	0.220
BPP_200_50_0.1_0.8_5.C	95	0.200	19.160	0.236
BPP_200_50_0.1_0.8_5.C	96	0.200	19.360	0.228
BPP_200_50_0.1_0.8_5.C	96	0.200	19.360	0.222
BPP_200_50_0.1_0.8_5.C	96	0.200	19.360	0.227
BPP_200_50_0.1_0.8_5.C	96	0.200	19.360	0.229
BPP_200_50_0.1_0.8_6.C	98	0.200	19.760	0.233
BPP_200_50_0.1_0.8_6.C	98	0.200	19.760	0.229
BPP_200_50_0.1_0.8_6.C	98	0.200	19.760	0.227
BPP_200_50_0.1_0.8_6.C	98	0.200	19.760	0.233
BPP_200_50_0.1_0.8_6.C	98	0.200	19.760	0.232
BPP_200_50_0.1_0.8_6.C	98	0.200	19.760	0.242
BPP_200_50_0.1_0.8_6.C	98	0.200	19.760	0.261
BPP_200_50_0.1_0.8_6.C	98	0.200	19.760	0.232
BPP_200_50_0.1_0.8_6.C	98	0.200	19.760	0.238
BPP_200_50_0.1_0.8_6.C	98	0.200	19.760	0.230
BPP_200_50_0.1_0.8_7.C	90	2.600	20.080	0.211
BPP_200_50_0.1_0.8_7.C	90	2.600	20.080	0.212
BPP_200_50_0.1_0.8_7.C	90	2.600	20.080	0.214
BPP_200_50_0.1_0.8_7.C	90	2.600	20.080	0.224
BPP_200_50_0.1_0.8_7.C	90	2.600	20.080	0.225
BPP_200_50_0.1_0.8_7.C	90	2.600	20.080	0.229
BPP_200_50_0.1_0.8_7.C	90	2.600	20.080	0.225
BPP_200_50_0.1_0.8_7.C	90	2.600	20.080	0.231
BPP_200_50_0.1_0.8_7.C	90	2.600	20.080	0.224
BPP_200_50_0.1_0.8_7.C	90	2.600	20.080	0.218
BPP_200_50_0.1_0.8_8.C	87	2.200	19.160	0.212
BPP_200_50_0.1_0.8_8.C	87	2.200	19.160	0.216
BPP_200_50_0.1_0.8_8.C	87	2.200	19.160	0.214
BPP_200_50_0.1_0.8_8.C	87	2.400	19.320	0.219
BPP_200_50_0.1_0.8_8.C	87	2.200	19.160	0.212
BPP_200_50_0.1_0.8_8.C	87	2.200	19.160	0.218
BPP_200_50_0.1_0.8_8.C	87	2.200	19.160	0.212
BPP_200_50_0.1_0.8_8.C	87	2.200	19.160	0.207
BPP_200_50_0.1_0.8_8.C	87	2.400	19.320	0.214
BPP_200_50_0.1_0.8_8.C	87	2.200	19.160	0.213
BPP_200_50_0.1_0.8_9.C	91	4.200	21.560	0.219
BPP_200_50_0.1_0.8_9.C	91	4.200	21.560	0.219
BPP_200_50_0.1_0.8_9.C	91	4.200	21.560	0.229
BPP_200_50_0.1_0.8_9.C	91	4.200	21.560	0.221
BPP_200_50_0.1_0.8_9.C	91	4.200	21.560	0.231
BPP_200_50_0.1_0.8_9.C	91	4.200	21.560	0.224
BPP_200_50_0.1_0.8_9.C	91	4.200	21.560	0.218
BPP_200_50_0.1_0.8_9.C	91	4.200	21.560	0.231
BPP_200_50_0.1_0.8_9.C	91	4.200	21.560	0.219
BPP_200_50_0.1_0.8_9.C	91	4.200	21.560	0.229
BPP_200_750_0.1_0.8_0.C	93	10.400	26.920	3.029
BPP_200_750_0.1_0.8_0.C	93	10.400	26.920	3.237
BPP_200_750_0.1_0.8_0.C	93	10.600	27.080	2.430
BPP_200_750_0.1_0.8_0.C	95	10.400	27.320	2.427
BPP_200_750_0.1_0.8_0.C	93	10.400	26.920	2.417
BPP_200_750_0.1_0.8_0.C	94	10.200	26.960	2.426
BPP_200_750_0.1_0.8_0.C	93	10.200	26.760	2.467
BPP_200_750_0.1_0.8_0.C	93	10.800	27.240	2.511
BPP_200_750_0.1_0.8_0.C	93	10.600	27.080	2.439
BPP_200_750_0.1_0.8_0.C	93	11.000	27.400	2.492
BPP_200_750_0.1_0.8_1.C	92	6.800	23.840	2.477
BPP_200_750_0.1_0.8_1.C	93	6.600	23.880	2.406
BPP_200_750_0.1_0.8_1.C	92	6.800	23.840	2.420
BPP_200_750_0.1_0.8_1.C	93	6.400	23.720	2.412
BPP_200_750_0.1_0.8_1.C	92	6.800	23.840	2.446
BPP_200_750_0.1_0.8_1.C	92	6.800	23.840	2.478
BPP_200_750_0.1_0.8_1.C	92	6.200	23.360	2.451
BPP_200_750_0.1_0.8_1.C	92	6.800	23.840	2.586
BPP_200_750_0.1_0.8_1.C	92	6.600	23.680	2.517
BPP_200_750_0.1_0.8_1.C	93	6.600	23.880	2.475
BPP_200_750_0.1_0.8_2.C	94	6.000	23.600	2.482
BPP_200_750_0.1_0.8_2.C	94	6.000	23.600	2.491
BPP_200_750_0.1_0.8_2.C	94	6.000	23.600	2.559
BPP_200_750_0.1_0.8_2.C	94	6.200	23.760	2.469
BPP_200_750_0.1_0.8_2.C	94	5.800	23.440	2.514
BPP_200_750_0.1_0.8_2.C	94	6.000	23.600	2.502
BPP_200_750_0.1_0.8_2.C	94	6.000	23.600	2.525
BPP_200_750_0.1_0.8_2.C	94	6.200	23.760	2.481
BPP_200_750_0.1_0.8_2.C	94	5.800	23.440	2.470
BPP_200_750_0.1_0.8_2.C	94	5.800	23.440	2.447
BPP_200_750_0.1_0.8_3.C	93	9.000	25.800	2.525
BPP_200_750_0.1_0.8_3.C	93	9.000	25.800	2.680
BPP_200_750_0.1_0.8_3.C	93	9.000	25.800	2.888
BPP_200_750_0.1_0.8_3.C	93	9.000	25.800	3.176
BPP_200_750_0.1_0.8_3.C	93	8.600	25.480	3.551
BPP_200_750_0.1_0.8_3.C	92	9.200	25.760	3.769
BPP_200_750_0.1_0.8_3.C	93	8.400	25.320	3.956
BPP_200_750_0.1_0.8_3.C	93	9.000	25.800	3.840
BPP_200_750_0.1_0.8_3.C	93	8.800	25.640	3.779
BPP_200_750_0.1_0.8_3.C	93	9.000	25.800	3.866
BPP_200_750_0.1_0.8_4.C	93	1.800	20.040	2.437
BPP_200_750_0.1_0.8_4.C	94	1.600	20.080	2.476
BPP_200_750_0.1_0.8_4.C	94	1.600	20.080	2.457
BPP_200_750_0.1_0.8_4.C	94	1.600	20.080	2.455
BPP_200_750_0.1_0.8_4.C	94	1.600	20.080	2.447
BPP_200_750_0.1_0.8_4.C	93	1.600	19.880	2.495
BPP_200_750_0.1_0.8_4.C	94	1.600	20.080	2.524
BPP_200_750_0.1_0.8_4.C	94	1.600	20.080	2.757
BPP_200_750_0.1_0.8_4.C	94	1.600	20.080	3.169
BPP_200_750_0.1_0.8_4.C	94	1.600	20.080	3.591
BPP_200_750_0.1_0.8_5.C	90	4.600	21.680	2.493
BPP_200_750_0.1_0.8_5.C	90	4.400	21.520	2.427
BPP_200_750_0.1_0.8_5.C	90	4.400	21.520	2.544
BPP_200_750_0.1_0.8_5.C	90	4.200	21.360	2.690
BPP_200_750_0.1_0.8_5.C	91	4.600	21.880	2.774
BPP_200_750_0.1_0.8_5.C	90	4.200	21.360	3.118
BPP_200_750_0.1_0.8_5.C	91	4.200	21.560	3.390
BPP_200_750_0.1_0.8_5.C	90	4.400	21.520	3.598
BPP_200_750_0.1_0.8_5.C	91	4.200	21.560	3.747
BPP_200_750_0.1_0.8_5.C	91	4.200	21.560	3.910
BPP_200_750_0.1_0.8_6.C	94	2.800	21.040	2.392
BPP_200_750_0.1_0.8_6.C	94	2.800	21.040	2.421
BPP_200_750_0.1_0.8_6.C	94	3.200	21.360	2.419
BPP_200_750_0.1_0.8_6.C	94	2.800	21.040	2.418
BPP_200_750_0.1_0.8_6.C	94	2.600	20.880	2.437
BPP_200_750_0.1_0.8_6.C	94	2.800	21.040	2.431
BPP_200_750_0.1_0.8_6.C	94	2.800	21.040	2.448
BPP_200_750_0.1_0.8_6.C	93	2.800	20.840	2.423
BPP_200_750_0.1_0.8_6.C	93	3.000	21.000	2.443
BPP_200_750_0.1_0.8_6.C	94	2.800	21.040	2.461
BPP_200_750_0.1_0.8_7.C	96	2.600	21.280	2.505
BPP_200_750_0.1_0.8_7.C	95	2.800	21.240	3.945
BPP_200_750_0.1_0.8_7.C	96	2.400	21.120	3.918
BPP_200_750_0.1_0.8_7.C	96	2.800	21.440	3.962
BPP_200_750_0.1_0.8_7.C	96	2.600	21.280	4.037
BPP_200_750_0.1_0.8_7.C	95	2.600	21.080	3.845
BPP_200_750_0.1_0.8_7.C	96	2.600	21.280	3.909
BPP_200_750_0.1_0.8_7.C	96	2.800	21.440	3.874
BPP_200_750_0.1_0.8_7.C	96	2.800	21.440	3.918
BPP_200_750_0.1_0.8_7.C	96	2.600	21.280	3.753
BPP_200_750_0.1_0.8_8.C	90	2.000	19.600	2.356
BPP_200_750_0.1_0.8_8.C	90	2.200	19.760	2.370
BPP_200_750_0.1_0.8_8.C	90	2.200	19.760	2.348
BPP_200_750_0.1_0.8_8.C	90	2.400	19.920	3.722
BPP_200_750_0.1_0.8_8.C	90	2.200	19.760	3.711
BPP_200_750_0.1_0.8_8.C	90	2.200	19.760	2.375
BPP_200_750_0.1_0.8_8.C	90	2.200	19.760	2.385
BPP_200_750_0.1_0.8_8.C	90	2.200	19.760	2.382
BPP_200_750_0.1_0.8_8.C	90	2.200	19.760	2.377
BPP_200_750_0.1_0.8_8.C	90	2.000	19.600	2.411
BPP_200_750_0.1_0.8_9.C	101	4.600	23.880	2.602
BPP_200_750_0.1_0.8_9.C	102	3.800	23.440	2.613
BPP_200_750_0.1_0.8_9.C	101	3.800	23.240	2.584
BPP_200_750_0.1_0.8_9.C	102	4.400	23.920	2.598
BPP_200_750_0.1_0.8_9.C	101	4.800	24.040	2.584
BPP_200_750_0.1_0.8_9.C	102	4.000	23.600	2.608
BPP_200_750_0.1_0.8_9.C	101	4.400	23.720	2.590
BPP_200_750_0.1_0.8_9.C	101	4.800	24.040	2.588
BPP_200_750_0.1_0.8_9.C	102	4.400	23.920	4.020
BPP_200_750_0.1_0.8_9.C	102	3.600	23.280	4.018
BPP_200_75_0.1_0.8_0.C	91	2.600	20.280	0.284
BPP_200_75_0.1_0.8_0.C	91	2.800	20.440	0.288
BPP_200_75_0.1_0.8_0.C	91	2.600	20.280	0.306
BPP_200_75_0.1_0.8_0.C	90	2.800	20.240	0.288
BPP_200_75_0.1_0.8_0.C	91	2.600	20.280	0.286
BPP_200_75_0.1_0.8_0.C	90	2.800	20.240	0.293
BPP_200_75_0.1_0.8_0.C	91	2.600	20.280	0.290
BPP_200_75_0.1_0.8_0.C	91	2.600	20.280	0.287
BPP_200_75_0.1_0.8_0.C	91	2.600	20.280	0.278
BPP_200_75_0.1_0.8_0.C	91	2.600	20.280	0.288
BPP_200_75_0.1_0.8_1.C	92	2.800	20.640	0.289
BPP_200_75_0.1_0.8_1.C	92	2.600	20.480	0.287
BPP_200_75_0.1_0.8_1.C	92	2.600	20.480	0.287
BPP_200_75_0.1_0.8_1.C	92	2.800	20.640	0.289
BPP_200_75_0.1_0.8_1.C	92	2.600	20.480	0.291
BPP_200_75_0.1_0.8_1.C	92	2.600	20.480	0.287
BPP_200_75_0.1_0.8_1.C	93	2.600	20.680	0.290
BPP_200_75_0.1_0.8_1.C	92	2.800	20.640	0.287
BPP_200_75_0.1_0.8_1.C	93	2.600	20.680	0.284
BPP_200_75_0.1_0.8_1.C	92	2.600	20.480	0.289
BPP_200_75_0.1_0.8_2.C	89	0.200	17.960	0.278
BPP_200_75_0.1_0.8_2.C	89	0.200	17.960	0.283
BPP_200_75_0.1_0.8_2.C	89	0.200	17.960	0.285
BPP_200_75_0.1_0.8_2.C	89	0.400	18.120	0.282
BPP_200_75_0.1_0.8_2.C	90	0.200	18.160	0.284
BPP_200_75_0.1_0.8_2.C	90	0.200	18.160	0.279
BPP_200_75_0.1_0.8_2.C	90	0.200	18.160	0.276
BPP_200_75_0.1_0.8_2.C	89	0.400	18.120	0.280
BPP_200_75_0.1_0.8_2.C	90	0.200	18.160	0.276
BPP_200_75_0.1_0.8_2.C	90	0.200	18.160	0.291
BPP_200_75_0.1_0.8_3.C	106	6.600	26.480	0.310
BPP_200_75_0.1_0.8_3.C	106	6.800	26.640	0.308
BPP_200_75_0.1_0.8_3.C	106	6.800	26.640	0.313
BPP_200_75_0.1_0.8_3.C	106	6.800	26.640	0.310
BPP_200_75_0.1_0.8_3.C	106	6.600	26.480	0.307
BPP_200_75_0.1_0.8_3.C	106	6.400	26.320	0.321
BPP_200_75_0.1_0.8_3.C	106	6.600	26.480	0.308
BPP_200_75_0.1_0.8_3.C	106	6.200	26.160	0.306
BPP_200_75_0.1_0.8_3.C	106	6.800	26.640	0.311
BPP_200_75_0.1_0.8_3.C	106	6.800	26.640	0.309
BPP_200_75_0.1_0.8_4.C	94	1.000	19.600	0.284
BPP_200_75_0.1_0.8_4.C	94	0.800	19.440	0.283
BPP_200_75_0.1_0.8_4.C	94	1.000	19.600	0.290
BPP_200_75_0.1_0.8_4.C	94	0.800	19.440	0.287
BPP_200_75_0.1_0.8_4.C	94	1.200	19.760	0.302
BPP_200_75_0.1_0.8_4.C	93	1.200	19.560	0.295
BPP_200_75_0.1_0.8_4.C	94	1.200	19.760	0.293
BPP_200_75_0.1_0.8_4.C	94	0.800	19.440	0.285
BPP_200_75_0.1_0.8_4.C	95	1.200	19.960	0.294
BPP_200_75_0.1_0.8_4.C	94	1.000	19.600	0.292
BPP_200_75_0.1_0.8_5.C	92	4.200	21.760	0.295
BPP_200_75_0.1_0.8_5.C	92	4.200	21.760	0.282
BPP_200_75_0.1_0.8_5.C	92	4.200	21.760	0.284
BPP_200_75_0.1_0.8_5.C	92	4.200	21.760	0.288
BPP_200_75_0.1_0.8_5.C	92	4.200	21.760	0.278
BPP_200_75_0.1_0.8_5.C	92	4.200	21.760	0.290
BPP_200_75_0.1_0.8_5.C	92	4.200	21.760	0.287
BPP_200_75_0.1_0.8_5.C	92	4.200	21.760	0.283
BPP_200_75_0.1_0.8_5.C	92	4.200	21.760	0.292
BPP_200_75_0.1_0.8_5.C	92	4.200	21.760	0.284
BPP_200_75_0.1_0.8_6.C	88	6.200	22.560	0.275
BPP_200_75_0.1_0.8_6.C	88	6.200	22.560	0.279
BPP_200_75_0.1_0.8_6.C	88	6.200	22.560	0.271
BPP_200_75_0.1_0.8_6.C	88	6.200	22.560	0.280
BPP_200_75_0.1_0.8_6.C	88	6.200	22.560	0.275
BPP_200_75_0.1_0.8_6.C	88	6.200	22.560	0.277
BPP_200_75_0.1_0.8_6.C	88	6.200	22.560	0.276
BPP_200_75_0.1_0.8_6.C	88	6.200	22.560	0.277
BPP_200_75_0.1_0.8_6.C	88	6.200	22.560	0.278
BPP_200_75_0.1_0.8_6.C	88	6.200	22.560	0.271
BPP_200_75_0.1_0.8_7.C	95	4.000	22.200	0.291
BPP_200_75_0.1_0.8_7.C	96	4.000	22.400	0.301
BPP_200_75_0.1_0.8_7.C	94	4.000	22.000	0.292
BPP_200_75_0.1_0.8_7.C	97	3.600	22.280	0.291
BPP_200_75_0.1_0.8_7.C	96	3.600	22.080	0.292
BPP_200_75_0.1_0.8_7.C	96	4.000	22.400	0.294
BPP_200_75_0.1_0.8_7.C	96	4.000	22.400	0.290
BPP_200_75_0.1_0.8_7.C	96	4.000	22.400	0.294
BPP_200_75_0.1_0.8_7.C	96	4.000	22.400	0.286
BPP_200_75_0.1_0.8_7.C	96	4.000	22.400	0.297
BPP_200_75_0.1_0.8_8.C	90	5.200	22.160	0.275
BPP_200_75_0.1_0.8_8.C	90	5.200	22.160	0.281
BPP_200_75_0.1_0.8_8.C	90	5.200	22.160	0.278
BPP_200_75_0.1_0.8_8.C	90	5.200	22.160	0.287
BPP_200_75_0.1_0.8_8.C	89	5.400	22.120	0.278
BPP_200_75_0.1_0.8_8.C	90	5.200	22.160	0.285
BPP_200_75_0.1_0.8_8.C	90	5.200	22.160	0.284
BPP_200_75_0.1_0.8_8.C	90	5.200	22.160	0.278
BPP_200_75_0.1_0.8_8.C	90	5.200	22.160	0.288
BPP_200_75_0.1_0.8_8.C	90	5.200	22.160	0.290
BPP_200_75_0.1_0.8_9.C	96	9.400	26.720	0.304
BPP_200_75_0.1_0.8_9.C	96	9.400	26.720	0.297
BPP_200_75_0.1_0.8_9.C	96	9.600	26.880	0.305
BPP_200_75_0.1_0.8_9.C	96	9.400	26.720	0.301
BPP_200_75_0.1_0.8_9.C	96	9.400	26.720	0.307
BPP_200_75_0.1_0.8_9.C	96	9.400	26.720	0.308
BPP_200_75_0.1_0.8_9.C	96	9.400	26.720	0.301
BPP_200_75_0.1_0.8_9.C	96	9.400	26.720	0.306
BPP_200_75_0.1_0.8_9.C	96	9.400	26.720	0.307
BPP_200_75_0.1_0.8_9.C	96	9.400	26.720	0.301
BPP_50_1000_0.1_0.8_0.C	24	7.600	10.880	0.238
BPP_50_1000_0.1_0.8_0.C	24	7.600	10.880	0.232
BPP_50_1000_0.1_0.8_0.C	24	7.600	10.880	0.233
BPP_50_1000_0.1_0.8_0.C	24	7.600	10.880	0.267
BPP_50_1000_0.1_0.8_0.C	24	7.600	10.880	0.254
BPP_50_1000_0.1_0.8_0.C	24	7.600	10.880	0.236
BPP_50_1000_0.1_0.8_0.C	24	7.600	10.880	0.245
BPP_50_1000_0.1_0.8_0.C	24	7.600	10.880	0.264
BPP_50_1000_0.1_0.8_0.C	24	7.600	10.880	0.253
BPP_50_1000_0.1_0.8_0.C	24	7.600	10.880	0.253
BPP_50_1000_0.1_0.8_1.C	24	7.600	10.880	0.216
BPP_50_1000_0.1_0.8_1.C	24	7.600	10.880	0.215
BPP_50_1000_0.1_0.8_1.C	24	7.600	10.880	0.215
BPP_50_1000_0.1_0.8_1.C	24	7.600	10.880	0.214
BPP_50_1000_0.1_0.8_1.C	24	7.600	10.880	0.219
BPP_50_1000_0.1_0.8_1.C	24	7.600	10.880	0.213
BPP_50_1000_0.1_0.8_1.C	24	7.600	10.880	0.214
BPP_50_1000_0.1_0.8_1.C	24	7.600	10.880	0.226
BPP_50_1000_0.1_0.8_1.C	24	7.600	10.880	0.222
BPP_50_1000_0.1_0.8_1.C	24	7.600	10.880	0.216
BPP_50_1000_0.1_0.8_2.C	23	6.600	9.880	0.210
BPP_50_1000_0.1_0.8_2.C	23	7.200	10.360	0.211
BPP_50_1000_0.1_0.8_2.C	23	6.800	10.040	0.208
BPP_50_1000_0.1_0.8_2.C	23	6.600	9.880	0.209
BPP_50_1000_0.1_0.8_2.C	23	6.600	9.880	0.211
BPP_50_1000_0.1_0.8_2.C	23	6.600	9.880	0.212
BPP_50_1000_0.1_0.8_2.C	23	7.200	10.360	0.211
BPP_50_1000_0.1_0.8_2.C	23	6.600	9.880	0.214
BPP_50_1000_0.1_0.8_2.C	23	6.600	9.880	0.210
BPP_50_1000_0.1_0.8_2.C	23	6.600	9.880	0.211
BPP_50_1000_0.1_0.8_3.C	25	6.800	10.440	0.222
BPP_50_1000_0.1_0.8_3.C	25	6.800	10.440	0.224
BPP_50_1000_0.1_0.8_3.C	25	6.800	10.440	0.223
BPP_50_1000_0.1_0.8_3.C	25	6.800	10.440	0.231
BPP_50_1000_0.1_0.8_3.C	25	6.800	10.440	0.223
BPP_50_1000_0.1_0.8_3.C	25	6.800	10.440	0.224
BPP_50_1000_0.1_0.8_3.C	25	6.800	10.440	0.259
BPP_50_1000_0.1_0.8_3.C	25	6.800	10.440	0.220
BPP_50_1000_0.1_0.8_3.C	25	6.800	10.440	0.224
BPP_50_1000_0.1_0.8_3.C	25	6.800	10.440	0.223
BPP_50_1000_0.1_0.8_4.C	25	2.000	6.600	0.213
BPP_50_1000_0.1_0.8_4.C	25	2.000	6.600	0.215
BPP_50_1000_0.1_0.8_4.C	25	2.000	6.600	0.216
BPP_50_1000_0.1_0.8_4.C	24	2.200	6.560	0.215
BPP_50_1000_0.1_0.8_4.C	25	2.000	6.600	0.218
BPP_50_1000_0.1_0.8_4.C	24	2.200	6.560	0.219
BPP_50_1000_0.1_0.8_4.C	25	2.000	6.600	0.215
BPP_50_1000_0.1_0.8_4.C	24	2.200	6.560	0.214
BPP_50_1000_0.1_0.8_4.C	25	2.000	6.600	0.214
BPP_50_1000_0.1_0.8_4.C	24	2.200	6.560	0.215
BPP_50_1000_0.1_0.8_5.C	28	1.400	6.720	0.239
BPP_50_1000_0.1_0.8_5.C	28	1.400	6.720	0.238
BPP_50_1000_0.1_0.8_5.C	28	1.600	6.880	0.237
BPP_50_1000_0.1_0.8_5.C	28	1.400	6.720	0.237
BPP_50_1000_0.1_0.8_5.C	28	1.600	6.880	0.242
BPP_50_1000_0.1_0.8_5.C	28	1.400	6.720	0.238
BPP_50_1000_0.1_0.8_5.C	28	1.400	6.720	0.236
BPP_50_1000_0.1_0.8_5.C	28	1.400	6.720	0.238
BPP_50_1000_0.1_0.8_5.C	28	1.400	6.720	0.237
BPP_50_1000_0.1_0.8_5.C	28	1.400	6.720	0.247
BPP_50_1000_0.1_0.8_6.C	23	1.800	6.040	0.199
BPP_50_1000_0.1_0.8_6.C	23	1.600	5.880	0.199
BPP_50_1000_0.1_0.8_6.C	23	1.600	5.880	0.199
BPP_50_1000_0.1_0.8_6.C	23	1.600	5.880	0.199
BPP_50_1000_0.1_0.8_6.C	23	1.600	5.880	0.211
BPP_50_1000_0.1_0.8_6.C	23	2.000	6.200	0.199
BPP_50_1000_0.1_0.8_6.C	23	1.600	5.880	0.199
BPP_50_1000_0.1_0.8_6.C	23	1.600	5.880	0.199
BPP_50_1000_0.1_0.8_6.C	23	1.800	6.040	0.198
BPP_50_1000_0.1_0.8_6.C	23	1.600	5.880	0.201
BPP_50_1000_0.1_0.8_7.C	24	1.000	5.600	0.214
BPP_50_1000_0.1_0.8_7.C	24	1.000	5.600	0.213
BPP_50_1000_0.1_0.8_7.C	24	1.000	5.600	0.216
BPP_50_1000_0.1_0.8_7.C	24	1.000	5.600	0.213
BPP_50_1000_0.1_0.8_7.C	24	1.000	5.600	0.215
BPP_50_1000_0.1_0.8_7.C	24	1.000	5.600	0.214
BPP_50_1000_0.1_0.8_7.C	24	1.000	5.600	0.213
BPP_50_1000_0.1_0.8_7.C	25	1.000	5.800	0.214
BPP_50_1000_0.1_0.8_7.C	25	1.000	5.800	0.213
BPP_50_1000_0.1_0.8_7.C	24	1.000	5.600	0.214
BPP_50_1000_0.1_0.8_8.C	21	2.000	5.800	0.198
BPP_50_1000_0.1_0.8_8.C	21	2.000	5.800	0.196
BPP_50_1000_0.1_0.8_8.C	21	2.000	5.800	0.199
BPP_50_1000_0.1_0.8_8.C	21	2.000	5.800	0.195
BPP_50_1000_0.1_0.8_8.C	21	2.000	5.800	0.194
BPP_50_1000_0.1_0.8_8.C	21	2.000	5.800	0.193
BPP_50_1000_0.1_0.8_8.C	21	2.000	5.800	0.193
BPP_50_1000_0.1_0.8_8.C	21	2.000	5.800	0.198
BPP_50_1000_0.1_0.8_8.C	21	2.000	5.800	0.197
BPP_50_1000_0.1_0.8_8.C	21	2.000	5.800	0.193
BPP_50_1000_0.1_0.8_9.C	24	2.000	6.400	0.214
BPP_50_1000_0.1_0.8_9.C	24	2.000	6.400	0.215
BPP_50_1000_0.1_0.8_9.C	24	2.000	6.400	0.210
BPP_50_1000_0.1_0.8_9.C	23	2.200	6.360	0.230
BPP_50_1000_0.1_0.8_9.C	24	2.000	6.400	0.211
BPP_50_1000_0.1_0.8_9.C	23	2.200	6.360	0.222
BPP_50_1000_0.1_0.8_9.C	24	2.000	6.400	0.212
BPP_50_1000_0.1_0.8_9.C	24	2.000	6.400	0.211
BPP_50_1000_0.1_0.8_9.C	23	2.200	6.360	0.216
BPP_50_1000_0.1_0.8_9.C	24	2.000	6.400	0.213
BPP_50_100_0.1_0.8_0.C	30	0.200	6.160	0.020
BPP_50_100_0.1_0.8_0.C	30	0.200	6.160	0.022
BPP_50_100_0.1_0.8_0.C	30	0.200	6.160	0.021
BPP_50_100_0.1_0.8_0.C	30	0.200	6.160	0.022
BPP_50_100_0.1_0.8_0.C	30	0.200	6.160	0.020
BPP_50_100_0.1_0.8_0.C	30	0.200	6.160	0.021
BPP_50_100_0.1_0.8_0.C	30	0.200	6.160	0.020
BPP_50_100_0.1_0.8_0.C	30	0.200	6.160	0.022
BPP_50_100_0.1_0.8_0.C	30	0.200	6.160	0.022
BPP_50_100_0.1_0.8_0.C	30	0.200	6.160	0.021
BPP_50_100_0.1_0.8_1.C	27	0.600	5.880	0.020
BPP_50_100_0.1_0.8_1.C	27	0.600	5.880	0.021
BPP_50_100_0.1_0.8_1.C	27	0.600	5.880	0.022
BPP_50_100_0.1_0.8_1.C	27	0.600	5.880	0.021
BPP_50_100_0.1_0.8_1.C	27	0.600	5.880	0.021
BPP_50_100_0.1_0.8_1.C	27	0.600	5.880	0.020
BPP_50_100_0.1_0.8_1.C	27	0.600	5.880	0.020
BPP_50_100_0.1_0.8_1.C	27	0.600	5.880	0.020
BPP_50_100_0.1_0.8_1.C	27	0.600	5.880	0.020
BPP_50_100_0.1_0.8_1.C	27	0.600	5.880	0.021
BPP_50_100_0.1_0.8_2.C	25	0.600	5.480	0.018
BPP_50_100_0.1_0.8_2.C	24	0.600	5.280	0.019
BPP_50_100_0.1_0.8_2.C	24	0.600	5.280	0.018
BPP_50_100_0.1_0.8_2.C	24	0.800	5.440	0.019
BPP_50_100_0.1_0.8_2.C	24	0.600	5.280	0.018
BPP_50_100_0.1_0.8_2.C	24	0.800	5.440	0.018
BPP_50_100_0.1_0.8_2.C	24	0.800	5.440	0.019
BPP_50_100_0.1_0.8_2.C	24	0.800	5.440	0.018
BPP_50_100_0.1_0.8_2.C	24	0.600	5.280	0.020
BPP_50_100_0.1_0.8_2.C	24	0.600	5.280	0.019
BPP_50_100_0.1_0.8_3.C	21	0.600	4.680	0.016
BPP_50_100_0.1_0.8_3.C	21	0.600	4.680	0.016
BPP_50_100_0.1_0.8_3.C	21	0.600	4.680	0.016
BPP_50_100_0.1_0.8_3.C	21	0.600	4.680	0.015
BPP_50_100_0.1_0.8_3.C	21	0.600	4.680	0.016
BPP_50_100_0.1_0.8_3.C	21	0.600	4.680	0.016
BPP_50_100_0.1_0.8_3.C	21	0.600	4.680	0.016
BPP_50_100_0.1_0.8_3.C	21	0.600	4.680	0.016
BPP_50_100_0.1_0.8_3.C	21	0.600	4.680	0.016
BPP_50_100_0.1_0.8_3.C	21	0.600	4.680	0.017
BPP_50_100_0.1_0.8_4.C	26	-0.000	5.200	0.019
BPP_50_100_0.1_0.8_4.C	26	-0.000	5.200	0.018
BPP_50_100_0.1_0.8_4.C	25	0.200	5.160	0.019
BPP_50_100_0.1_0.8_4.C	25	0.200	5.160	0.019
BPP_50_100_0.1_0.8_4.C	26	-0.000	5.200	0.021
BPP_50_100_0.1_0.8_4.C	26	-0.000	5.200	0.018
BPP_50_100_0.1_0.8_4.C	26	-0.000	5.200	0.018
BPP_50_100_0.1_0.8_4.C	26	-0.000	5.200	0.018
BPP_50_100_0.1_0.8_4.C	26	-0.000	5.200	0.019
BPP_50_100_0.1_0.8_4.C	26	-0.000	5.200	0.019
BPP_50_100_0.1_0.8_5.C	24	1.000	5.600	0.017
BPP_50_100_0.1_0.8_5.C	24	1.000	5.600	0.018
BPP_50_100_0.1_0.8_5.C	24	1.000	5.600	0.017
BPP_50_100_0.1_0.8_5.C	24	1.000	5.600	0.017
BPP_50_100_0.1_0.8_5.C	24	1.000	5.600	0.017
BPP_50_100_0.1_0.8_5.C	24	1.000	5.600	0.017
BPP_50_100_0.1_0.8_5.C	24	1.000	5.600	0.018
BPP_50_100_0.1_0.8_5.C	24	1.000	5.600	0.018
BPP_50_100_0.1_0.8_5.C	24	1.000	5.600	0.018
BPP_50_100_0.1_0.8_5.C	24	1.000	5.600	0.018
BPP_50_100_0.1_0.8_6.C	25	0.800	5.640	0.020
BPP_50_100_0.1_0.8_6.C	25	0.800	5.640	0.019
BPP_50_100_0.1_0.8_6.C	25	0.800	5.640	0.020
BPP_50_100_0.1_0.8_6.C	25	0.800	5.640	0.020
BPP_50_100_0.1_0.8_6.C	25	0.800	5.640	0.019
BPP_50_100_0.1_0.8_6.C	25	0.800	5.640	0.021
BPP_50_100_0.1_0.8_6.C	25	0.800	5.640	0.020
BPP_50_100_0.1_0.8_6.C	25	0.800	5.640	0.019
BPP_50_100_0.1_0.8_6.C	25	0.800	5.640	0.018
BPP_50_100_0.1_0.8_6.C	25	0.800	5.640	0.019
BPP_50_100_0.1_0.8_7.C	25	2.200	6.760	0.019
BPP_50_100_0.1_0.8_7.C	25	2.200	6.760	0.020
BPP_50_100_0.1_0.8_7.C	25	2.200	6.760	0.019
BPP_50_100_0.1_0.8_7.C	25	2.200	6.760	0.020
BPP_50_100_0.1_0.8_7.C	25	2.200	6.760	0.021
BPP_50_100_0.1_0.8_7.C	25	2.200	6.760	0.020
BPP_50_100_0.1_0.8_7.C	25	2.200	6.760	0.020
BPP_50_100_0.1_0.8_7.C	25	2.200	6.760	0.019
BPP_50_100_0.1_0.8_7.C	25	2.200	6.760	0.019
BPP_50_100_0.1_0.8_7.C	25	2.200	6.760	0.019
BPP_50_100_0.1_0.8_8.C	21	0.400	4.520	0.017
BPP_50_100_0.1_0.8_8.C	21	0.400	4.520	0.019
BPP_50_100_0.1_0.8_8.C	21	0.400	4.520	0.017
BPP_50_100_0.1_0.8_8.C	21	0.400	4.520	0.017
BPP_50_100_0.1_0.8_8.C	21	0.400	4.520	0.017
BPP_50_100_0.1_0.8_8.C	21	0.400	4.520	0.017
BPP_50_100_0.1_0.8_8.C	21	0.400	4.520	0.017
BPP_50_100_0.1_0.8_8.C	21	0.400	4.520	0.017
BPP_50_100_0.1_0.8_8.C	21	0.400	4.520	0.017
BPP_50_100_0.1_0.8_8.C	21	0.400	4.520	0.017
BPP_50_100_0.1_0.8_9.C	23	1.600	5.880	0.019
BPP_50_100_0.1_0.8_9.C	23	1.400	5.720	0.019
BPP_50_100_0.1_0.8_9.C	23	1.400	5.720	0.019
BPP_50_100_0.1_0.8_9.C	23	1.400	5.720	0.019
BPP_50_100_0.1_0.8_9.C	24	1.400	5.920	0.019
BPP_50_100_0.1_0.8_9.C	23	1.400	5.720	0.019
BPP_50_100_0.1_0.8_9.C	23	1.400	5.720	0.019
BPP_50_100_0.1_0.8_9.C	23	1.400	5.720	0.019
BPP_50_100_0.1_0.8_9.C	23	1.400	5.720	0.020
BPP_50_100_0.1_0.8_9.C	23	1.600	5.880	0.019
BPP_50_120_0.1_0.8_0.C	26	1.000	6.000	0.027
BPP_50_120_0.1_0.8_0.C	26	1.000	6.000	0.027
BPP_50_120_0.1_0.8_0.C	26	1.000	6.000	0.027
BPP_50_120_0.1_0.8_0.C	26	1.000	6.000	0.026
BPP_50_120_0.1_0.8_0.C	26	1.000	6.000	0.027
BPP_50_120_0.1_0.8_0.C	26	1.000	6.000	0.027
BPP_50_120_0.1_0.8_0.C	26	1.000	6.000	0.027
BPP_50_120_0.1_0.8_0.C	26	1.000	6.000	0.027
BPP_50_120_0.1_0.8_0.C	26	1.000	6.000	0.028
BPP_50_120_0.1_0.8_0.C	26	1.000	6.000	0.028
BPP_50_120_0.1_0.8_1.C	22	0.000	4.400	0.023
BPP_50_120_0.1_0.8_1.C	22	0.000	4.400	0.023
BPP_50_120_0.1_0.8_1.C	22	0.000	4.400	0.023
BPP_50_120_0.1_0.8_1.C	21	0.200	4.360	0.023
BPP_50_120_0.1_0.8_1.C	22	0.000	4.400	0.023
BPP_50_120_0.1_0.8_1.C	22	0.000	4.400	0.023
BPP_50_120_0.1_0.8_1.C	21	0.200	4.360	0.023
BPP_50_120_0.1_0.8_1.C	22	0.000	4.400	0.023
BPP_50_120_0.1_0.8_1.C	22	0.000	4.400	0.023
BPP_50_120_0.1_0.8_1.C	22	0.000	4.400	0.023
BPP_50_120_0.1_0.8_2.C	26	3.000	7.600	0.028
BPP_50_120_0.1_0.8_2.C	26	3.000	7.600	0.027
BPP_50_120_0.1_0.8_2.C	26	3.000	7.600	0.030
BPP_50_120_0.1_0.8_2.C	26	3.000	7.600	0.028
BPP_50_120_0.1_0.8_2.C	25	3.200	7.560	0.027
BPP_50_120_0.1_0.8_2.C	26	3.000	7.600	0.028
BPP_50_120_0.1_0.8_2.C	26	3.000	7.600	0.028
BPP_50_120_0.1_0.8_2.C	26	3.000	7.600	0.029
BPP_50_120_0.1_0.8_2.C	26	3.000	7.600	0.027
BPP_50_120_0.1_0.8_2.C	26	3.000	7.600	0.027
BPP_50_120_0.1_0.8_3.C	23	1.200	5.560	0.026
BPP_50_120_0.1_0.8_3.C	23	1.200	5.560	0.025
BPP_50_120_0.1_0.8_3.C	23	1.200	5.560	0.025
BPP_50_120_0.1_0.8_3.C	23	1.200	5.560	0.024
BPP_50_120_0.1_0.8_3.C	23	1.200	5.560	0.025
BPP_50_120_0.1_0.8_3.C	23	1.200	5.560	0.025
BPP_50_120_0.1_0.8_3.C	23	1.200	5.560	0.026
BPP_50_120_0.1_0.8_3.C	23	1.200	5.560	0.025
BPP_50_120_0.1_0.8_3.C	23	1.200	5.560	0.025
BPP_50_120_0.1_0.8_3.C	23	1.200	5.560	0.025
BPP_50_120_0.1_0.8_4.C	26	4.200	8.560	0.027
BPP_50_120_0.1_0.8_4.C	25	4.800	8.840	0.027
BPP_50_120_0.1_0.8_4.C	26	4.400	8.720	0.027
BPP_50_120_0.1_0.8_4.C	26	4.200	8.560	0.027
BPP_50_120_0.1_0.8_4.C	26	4.200	8.560	0.028
BPP_50_120_0.1_0.8_4.C	26	4.200	8.560	0.028
BPP_50_120_0.1_0.8_4.C	27	4.400	8.920	0.027
BPP_50_120_0.1_0.8_4.C	26	4.400	8.720	0.027
BPP_50_120_0.1_0.8_4.C	26	4.200	8.560	0.027
BPP_50_120_0.1_0.8_4.C	26	4.200	8.560	0.026
BPP_50_120_0.1_0.8_5.C	23	0.400	4.920	0.025
BPP_50_120_0.1_0.8_5.C	23	0.400	4.920	0.025
BPP_50_120_0.1_0.8_5.C	23	0.400	4.920	0.024
BPP_50_120_0.1_0.8_5.C	23	0.400	4.920	0.025
BPP_50_120_0.1_0.8_5.C	23	0.400	4.920	0.025
BPP_50_120_0.1_0.8_5.C	23	0.400	4.920	0.025
BPP_50_120_0.1_0.8_5.C	23	0.400	4.920	0.025
BPP_50_120_0.1_0.8_5.C	23	0.400	4.920	0.025
BPP_50_120_0.1_0.8_5.C	23	0.400	4.920	0.025
BPP_50_120_0.1_0.8_5.C	23	0.400	4.920	0.025
BPP_50_120_0.1_0.8_6.C	23	2.200	6.360	0.025
BPP_50_120_0.1_0.8_6.C	23	2.200	6.360	0.025
BPP_50_120_0.1_0.8_6.C	23	2.200	6.360	0.026
BPP_50_120_0.1_0.8_6.C	23	2.200	6.360	0.025
BPP_50_120_0.1_0.8_6.C	23	2.200	6.360	0.024
BPP_50_120_0.1_0.8_6.C	23	2.200	6.360	0.025
BPP_50_120_0.1_0.8_6.C	23	2.200	6.360	0.024
BPP_50_120_0.1_0.8_6.C	23	2.200	6.360	0.026
BPP_50_120_0.1_0.8_6.C	23	2.200	6.360	0.024
BPP_50_120_0.1_0.8_6.C	23	2.200	6.360	0.025
BPP_50_120_0.1_0.8_7.C	23	4.800	8.440	0.026
BPP_50_120_0.1_0.8_7.C	23	4.800	8.440	0.026
BPP_50_120_0.1_0.8_7.C	23	4.600	8.280	0.025
BPP_50_120_0.1_0.8_7.C	23	4.600	8.280	0.026
BPP_50_120_0.1_0.8_7.C	23	4.800	8.440	0.025
BPP_50_120_0.1_0.8_7.C	23	4.800	8.440	0.025
BPP_50_120_0.1_0.8_7.C	23	4.800	8.440	0.026
BPP_50_120_0.1_0.8_7.C	23	4.600	8.280	0.025
BPP_50_120_0.1_0.8_7.C	23	4.600	8.280	0.025
BPP_50_120_0.1_0.8_7.C	23	4.600	8.280	0.026
BPP_50_120_0.1_0.8_8.C	23	2.600	6.680	0.025
BPP_50_120_0.1_0.8_8.C	23	2.400	6.520	0.025
BPP_50_120_0.1_0.8_8.C	24	2.400	6.720	0.025
BPP_50_120_0.1_0.8_8.C	23	2.600	6.680	0.025
BPP_50_120_0.1_0.8_8.C	24	2.400	6.720	0.025
BPP_50_120_0.1_0.8_8.C	24	2.400	6.720	0.025
BPP_50_120_0.1_0.8_8.C	23	2.600	6.680	0.025
BPP_50_120_0.1_0.8_8.C	23	2.600	6.680	0.025
BPP_50_120_0.1_0.8_8.C	23	2.600	6.680	0.025
BPP_50_120_0.1_0.8_8.C	24	2.400	6.720	0.027
BPP_50_120_0.1_0.8_9.C	23	4.400	8.120	0.025
BPP_50_120_0.1_0.8_9.C	22	4.400	7.920	0.025
BPP_50_120_0.1_0.8_9.C	22	4.400	7.920	0.025
BPP_50_120_0.1_0.8_9.C	22	4.400	7.920	0.025
BPP_50_120_0.1_0.8_9.C	22	4.400	7.920	0.025
BPP_50_120_0.1_0.8_9.C	22	4.600	8.080	0.025
BPP_50_120_0.1_0.8_9.C	22	4.400	7.920	0.025
BPP_50_120_0.1_0.8_9.C	23	4.400	8.120	0.026
BPP_50_120_0.1_0.8_9.C	22	4.600	8.080	0.024
BPP_50_120_0.1_0.8_9.C	22	4.400	7.920	0.025
BPP_50_125_0.1_0.8_0.C	27	1.200	6.360	0.032
BPP_50_125_0.1_0.8_0.C	27	1.200	6.360	0.031
BPP_50_125_0.1_0.8_0.C	28	1.000	6.400	0.032
BPP_50_125_0.1_0.8_0.C	28	1.000	6.400	0.031
BPP_50_125_0.1_0.8_0.C	28	1.000	6.400	0.031
BPP_50_125_0.1_0.8_0.C	27	1.200	6.360	0.030
BPP_50_125_0.1_0.8_0.C	27	1.000	6.200	0.030
BPP_50_125_0.1_0.8_0.C	27	1.000	6.200	0.031
BPP_50_125_0.1_0.8_0.C	27	1.000	6.200	0.031
BPP_50_125_0.1_0.8_0.C	27	1.000	6.200	0.031
BPP_50_125_0.1_0.8_1.C	24	0.800	5.440	0.028
BPP_50_125_0.1_0.8_1.C	24	0.800	5.440	0.028
BPP_50_125_0.1_0.8_1.C	24	0.800	5.440	0.027
BPP_50_125_0.1_0.8_1.C	24	0.800	5.440	0.026
BPP_50_125_0.1_0.8_1.C	24	0.800	5.440	0.027
BPP_50_125_0.1_0.8_1.C	24	0.800	5.440	0.027
BPP_50_125_0.1_0.8_1.C	24	0.800	5.440	0.027
BPP_50_125_0.1_0.8_1.C	24	0.800	5.440	0.027
BPP_50_125_0.1_0.8_1.C	24	0.800	5.440	0.027
BPP_50_125_0.1_0.8_1.C	24	0.800	5.440	0.027
BPP_50_125_0.1_0.8_2.C	22	0.800	5.040	0.027
BPP_50_125_0.1_0.8_2.C	22	0.800	5.040	0.027
BPP_50_125_0.1_0.8_2.C	22	0.800	5.040	0.026
BPP_50_125_0.1_0.8_2.C	22	0.800	5.040	0.027
BPP_50_125_0.1_0.8_2.C	22	0.800	5.040	0.025
BPP_50_125_0.1_0.8_2.C	22	0.800	5.040	0.027
BPP_50_125_0.1_0.8_2.C	22	0.800	5.040	0.026
BPP_50_125_0.1_0.8_2.C	22	0.800	5.040	0.026
BPP_50_125_0.1_0.8_2.C	22	0.800	5.040	0.027
BPP_50_125_0.1_0.8_2.C	22	0.800	5.040	0.026
BPP_50_125_0.1_0.8_3.C	30	3.400	8.720	0.033
BPP_50_125_0.1_0.8_3.C	30	3.400	8.720	0.031
BPP_50_125_0.1_0.8_3.C	30	3.400	8.720	0.031
BPP_50_125_0.1_0.8_3.C	30	3.400	8.720	0.032
BPP_50_125_0.1_0.8_3.C	30	3.400	8.720	0.032
BPP_50_125_0.1_0.8_3.C	30	3.400	8.720	0.032
BPP_50_125_0.1_0.8_3.C	30	3.600	8.880	0.032
BPP_50_125_0.1_0.8_3.C	30	3.600	8.880	0.033
BPP_50_125_0.1_0.8_3.C	30	3.400	8.720	0.031
BPP_50_125_0.1_0.8_3.C	30	3.400	8.720	0.031
BPP_50_125_0.1_0.8_4.C	25	1.800	6.440	0.029
BPP_50_125_0.1_0.8_4.C	25	1.800	6.440	0.030
BPP_50_125_0.1_0.8_4.C	25	1.800	6.440	0.029
BPP_50_125_0.1_0.8_4.C	25	1.800	6.440	0.029
BPP_50_125_0.1_0.8_4.C	25	1.800	6.440	0.030
BPP_50_125_0.1_0.8_4.C	25	1.800	6.440	0.028
BPP_50_125_0.1_0.8_4.C	25	1.800	6.440	0.029
BPP_50_125_0.1_0.8_4.C	25	1.800	6.440	0.029
BPP_50_125_0.1_0.8_4.C	25	1.600	6.280	0.029
BPP_50_125_0.1_0.8_4.C	25	1.800	6.440	0.030
BPP_50_125_0.1_0.8_5.C	31	2.600	8.280	0.032
BPP_50_125_0.1_0.8_5.C	31	2.600	8.280	0.032
BPP_50_125_0.1_0.8_5.C	31	2.600	8.280	0.034
BPP_50_125_0.1_0.8_5.C	31	2.600	8.280	0.033
BPP_50_125_0.1_0.8_5.C	31	2.600	8.280	0.032
BPP_50_125_0.1_0.8_5.C	31	2.600	8.280	0.033
BPP_50_125_0.1_0.8_5.C	31	2.600	8.280	0.034
BPP_50_125_0.1_0.8_5.C	31	2.600	8.280	0.033
BPP_50_125_0.1_0.8_5.C	31	2.600	8.280	0.032
BPP_50_125_0.1_0.8_5.C	31	2.600	8.280	0.032
BPP_50_125_0.1_0.8_6.C	27	2.400	7.320	0.030
BPP_50_125_0.1_0.8_6.C	27	2.400	7.320	0.031
BPP_50_125_0.1_0.8_6.C	27	2.400	7.320	0.030
BPP_50_125_0.1_0.8_6.C	27	2.400	7.320	0.030
BPP_50_125_0.1_0.8_6.C	27	2.400	7.320	0.030
BPP_50_125_0.1_0.8_6.C	27	2.400	7.320	0.030
BPP_50_125_0.1_0.8_6.C	27	2.400	7.320	0.030
BPP_50_125_0.1_0.8_6.C	27	2.400	7.320	0.030
BPP_50_125_0.1_0.8_6.C	27	2.400	7.320	0.030
BPP_50_125_0.1_0.8_6.C	27	2.400	7.320	0.030
BPP_50_125_0.1_0.8_7.C	27	3.000	7.800	0.029
BPP_50_125_0.1_0.8_7.C	27	2.800	7.640	0.030
BPP_50_125_0.1_0.8_7.C	27	3.200	7.960	0.029
BPP_50_125_0.1_0.8_7.C	27	3.000	7.800	0.030
BPP_50_125_0.1_0.8_7.C	27	2.800	7.640	0.029
BPP_50_125_0.1_0.8_7.C	27	2.800	7.640	0.030
BPP_50_125_0.1_0.8_7.C	27	3.000	7.800	0.030
BPP_50_125_0.1_0.8_7.C	27	2.800	7.640	0.030
BPP_50_125_0.1_0.8_7.C	27	3.200	7.960	0.031
BPP_50_125_0.1_0.8_7.C	27	3.200	7.960	0.030
BPP_50_125_0.1_0.8_8.C	22	2.600	6.480	0.025
BPP_50_125_0.1_0.8_8.C	22	2.600	6.480	0.025
BPP_50_125_0.1_0.8_8.C	22	2.600	6.480	0.026
BPP_50_125_0.1_0.8_8.C	22	2.600	6.480	0.026
BPP_50_125_0.1_0.8_8.C	22	2.600	6.480	0.025
BPP_50_125_0.1_0.8_8.C	22	2.600	6.480	0.026
BPP_50_125_0.1_0.8_8.C	22	2.600	6.480	0.024
BPP_50_125_0.1_0.8_8.C	22	2.600	6.480	0.025
BPP_50_125_0.1_0.8_8.C	22	2.600	6.480	0.025
BPP_50_125_0.1_0.8_8.C	22	2.600	6.480	0.025
BPP_50_125_0.1_0.8_9.C	25	3.600	7.880	0.029
BPP_50_125_0.1_0.8_9.C	25	3.600	7.880	0.028
BPP_50_125_0.1_0.8_9.C	25	3.600	7.880	0.029
BPP_50_125_0.1_0.8_9.C	25	3.600	7.880	0.028
BPP_50_125_0.1_0.8_9.C	25	3.600	7.880	0.029
BPP_50_125_0.1_0.8_9.C	25	3.600	7.880	0.028
BPP_50_125_0.1_0.8_9.C	25	3.400	7.720	0.029
BPP_50_125_0.1_0.8_9.C	25	3.600	7.880	0.029
BPP_50_125_0.1_0.8_9.C	24	3.600	7.680	0.028
BPP_50_125_0.1_0.8_9.C	25	3.600	7.880	0.028
BPP_50_150_0.1_0.8_0.C	23	0.400	4.920	0.034
BPP_50_150_0.1_0.8_0.C	23	0.400	4.920	0.035
BPP_50_150_0.1_0.8_0.C	23	0.400	4.920	0.036
BPP_50_150_0.1_0.8_0.C	23	0.400	4.920	0.035
BPP_50_150_0.1_0.8_0.C	23	0.400	4.920	0.034
BPP_50_150_0.1_0.8_0.C	23	0.400	4.920	0.034
BPP_50_150_0.1_0.8_0.C	23	0.400	4.920	0.034
BPP_50_150_0.1_0.8_0.C	23	0.400	4.920	0.034
BPP_50_150_0.1_0.8_0.C	23	0.400	4.920	0.034
BPP_50_150_0.1_0.8_0.C	23	0.400	4.920	0.034
BPP_50_150_0.1_0.8_1.C	28	1.400	6.720	0.039
BPP_50_150_0.1_0.8_1.C	28	1.400	6.720	0.039
BPP_50_150_0.1_0.8_1.C	28	1.400	6.720	0.038
BPP_50_150_0.1_0.8_1.C	28	1.400	6.720	0.039
BPP_50_150_0.1_0.8_1.C	28	1.400	6.720	0.040
BPP_50_150_0.1_0.8_1.C	28	1.400	6.720	0.039
BPP_50_150_0.1_0.8_1.C	28	1.400	6.720	0.039
BPP_50_150_0.1_0.8_1.C	28	1.400	6.720	0.039
BPP_50_150_0.1_0.8_1.C	28	1.400	6.720	0.038
BPP_50_150_0.1_0.8_1.C	28	1.400	6.720	0.039
BPP_50_150_0.1_0.8_2.C	25	3.000	7.400	0.036
BPP_50_150_0.1_0.8_2.C	25	3.000	7.400	0.036
BPP_50_150_0.1_0.8_2.C	25	3.200	7.560	0.036
BPP_50_150_0.1_0.8_2.C	25	3.200	7.560	0.036
BPP_50_150_0.1_0.8_2.C	25	3.000	7.400	0.035
BPP_50_150_0.1_0.8_2.C	25	3.200	7.560	0.035
BPP_50_150_0.1_0.8_2.C	25	3.000	7.400	0.035
BPP_50_150_0.1_0.8_2.C	25	3.000	7.400	0.035
BPP_50_150_0.1_0.8_2.C	25	3.000	7.400	0.035
BPP_50_150_0.1_0.8_2.C	25	3.200	7.560	0.036
BPP_50_150_0.1_0.8_3.C	26	3.200	7.760	0.035
BPP_50_150_0.1_0.8_3.C	26	3.200	7.760	0.036
BPP_50_150_0.1_0.8_3.C	26	3.200	7.760	0.036
BPP_50_150_0.1_0.8_3.C	26	3.200	7.760	0.036
BPP_50_150_0.1_0.8_3.C	26	3.200	7.760	0.036
BPP_50_150_0.1_0.8_3.C	26	3.200	7.760	0.036
BPP_50_150_0.1_0.8_3.C	26	3.200	7.760	0.036
BPP_50_150_0.1_0.8_3.C	26	3.200	7.760	0.036
BPP_50_150_0.1_0.8_3.C	26	3.200	7.760	0.036
BPP_50_150_0.1_0.8_3.C	26	3.200	7.760	0.035
BPP_50_150_0.1_0.8_4.C	21	0.800	4.840	0.031
BPP_50_150_0.1_0.8_4.C	21	0.800	4.840	0.030
BPP_50_150_0.1_0.8_4.C	21	0.800	4.840	0.030
BPP_50_150_0.1_0.8_4.C	21	0.800	4.840	0.030
BPP_50_150_0.1_0.8_4.C	21	0.800	4.840	0.030
BPP_50_150_0.1_0.8_4.C	21	0.800	4.840	0.030
BPP_50_150_0.1_0.8_4.C	21	0.800	4.840	0.029
BPP_50_150_0.1_0.8_4.C	21	0.800	4.840	0.030
BPP_50_150_0.1_0.8_4.C	21	0.800	4.840	0.030
BPP_50_150_0.1_0.8_4.C	21	0.800	4.840	0.030
BPP_50_150_0.1_0.8_5.C	25	1.400	6.120	0.035
BPP_50_150_0.1_0.8_5.C	25	1.400	6.120	0.035
BPP_50_150_0.1_0.8_5.C	25	1.400	6.120	0.034
BPP_50_150_0.1_0.8_5.C	25	1.400	6.120	0.035
BPP_50_150_0.1_0.8_5.C	25	1.400	6.120	0.035
BPP_50_150_0.1_0.8_5.C	25	1.400	6.120	0.036
BPP_50_150_0.1_0.8_5.C	25	1.400	6.120	0.035
BPP_50_150_0.1_0.8_5.C	25	1.400	6.120	0.035
BPP_50_150_0.1_0.8_5.C	25	1.400	6.120	0.035
BPP_50_150_0.1_0.8_5.C	25	1.400	6.120	0.035
BPP_50_150_0.1_0.8_6.C	22	1.400	5.520	0.032
BPP_50_150_0.1_0.8_6.C	22	1.400	5.520	0.032
BPP_50_150_0.1_0.8_6.C	22	1.400	5.520	0.032
BPP_50_150_0.1_0.8_6.C	22	1.400	5.520	0.032
BPP_50_150_0.1_0.8_6.C	22	1.400	5.520	0.032
BPP_50_150_0.1_0.8_6.C	22	1.400	5.520	0.032
BPP_50_150_0.1_0.8_6.C	22	1.600	5.680	0.032
BPP_50_150_0.1_0.8_6.C	22	1.400	5.520	0.032
BPP_50_150_0.1_0.8_6.C	22	1.400	5.520	0.032
BPP_50_150_0.1_0.8_6.C	22	1.400	5.520	0.032
BPP_50_150_0.1_0.8_7.C	23	1.400	5.720	0.034
BPP_50_150_0.1_0.8_7.C	23	1.400	5.720	0.035
BPP_50_150_0.1_0.8_7.C	23	1.400	5.720	0.035
BPP_50_150_0.1_0.8_7.C	23	1.400	5.720	0.035
BPP_50_150_0.1_0.8_7.C	23	1.400	5.720	0.035
BPP_50_150_0.1_0.8_7.C	23	1.400	5.720	0.035
BPP_50_150_0.1_0.8_7.C	23	1.400	5.720	0.035
BPP_50_150_0.1_0.8_7.C	23	1.400	5.720	0.035
BPP_50_150_0.1_0.8_7.C	23	1.400	5.720	0.035
BPP_50_150_0.1_0.8_7.C	23	1.400	5.720	0.035
BPP_50_150_0.1_0.8_8.C	23	0.800	5.240	0.032
BPP_50_150_0.1_0.8_8.C	24	0.800	5.440	0.032
BPP_50_150_0.1_0.8_8.C	23	1.000	5.400	0.032
BPP_50_150_0.1_0.8_8.C	23	0.800	5.240	0.032
BPP_50_150_0.1_0.8_8.C	23	1.000	5.400	0.032
BPP_50_150_0.1_0.8_8.C	23	0.800	5.240	0.032
BPP_50_150_0.1_0.8_8.C	23	0.800	5.240	0.032
BPP_50_150_0.1_0.8_8.C	23	1.000	5.400	0.032
BPP_50_150_0.1_0.8_8.C	23	1.000	5.400	0.032
BPP_50_150_0.1_0.8_8.C	23	1.000	5.400	0.032
BPP_50_150_0.1_0.8_9.C	23	1.400	5.720	0.034
BPP_50_150_0.1_0.8_9.C	23	1.400	5.720	0.034
BPP_50_150_0.1_0.8_9.C	23	1.400	5.720	0.034
BPP_50_150_0.1_0.8_9.C	23	1.400	5.720	0.033
BPP_50_150_0.1_0.8_9.C	23	1.400	5.720	0.034
BPP_50_150_0.1_0.8_9.C	23	1.400	5.720	0.034
BPP_50_150_0.1_0.8_9.C	23	1.400	5.720	0.040
BPP_50_150_0.1_0.8_9.C	23	1.400	5.720	0.034
BPP_50_150_0.1_0.8_9.C	23	1.400	5.720	0.034
BPP_50_150_0.1_0.8_9.C	23	1.400	5.720	0.033
BPP_50_200_0.1_0.8_0.C	24	2.800	7.040	0.046
BPP_50_200_0.1_0.8_0.C	24	2.800	7.040	0.046
BPP_50_200_0.1_0.8_0.C	24	2.800	7.040	0.047
BPP_50_200_0.1_0.8_0.C	24	2.800	7.040	0.046
BPP_50_200_0.1_0.8_0.C	24	2.800	7.040	0.046
BPP_50_200_0.1_0.8_0.C	24	2.800	7.040	0.044
BPP_50_200_0.1_0.8_0.C	24	2.800	7.040	0.045
BPP_50_200_0.1_0.8_0.C	24	2.800	7.040	0.046
BPP_50_200_0.1_0.8_0.C	24	2.800	7.040	0.045
BPP_50_200_0.1_0.8_0.C	24	2.800	7.040	0.045
BPP_50_200_0.1_0.8_1.C	25	0.200	5.160	0.047
BPP_50_200_0.1_0.8_1.C	25	0.200	5.160	0.046
BPP_50_200_0.1_0.8_1.C	25	0.200	5.160	0.046
BPP_50_200_0.1_0.8_1.C	25	0.200	5.160	0.045
BPP_50_200_0.1_0.8_1.C	25	0.200	5.160	0.046
BPP_50_200_0.1_0.8_1.C	25	0.200	5.160	0.045
BPP_50_200_0.1_0.8_1.C	25	0.200	5.160	0.044
BPP_50_200_0.1_0.8_1.C	25	0.200	5.160	0.045
BPP_50_200_0.1_0.8_1.C	25	0.200	5.160	0.045
BPP_50_200_0.1_0.8_1.C	25	0.200	5.160	0.045
BPP_50_200_0.1_0.8_2.C	21	0.200	4.360	0.041
BPP_50_200_0.1_0.8_2.C	21	0.200	4.360	0.042
BPP_50_200_0.1_0.8_2.C	21	0.200	4.360	0.041
BPP_50_200_0.1_0.8_2.C	21	0.200	4.360	0.041
BPP_50_200_0.1_0.8_2.C	21	0.200	4.360	0.041
BPP_50_200_0.1_0.8_2.C	21	0.200	4.360	0.041
BPP_50_200_0.1_0.8_2.C	21	0.200	4.360	0.042
BPP_50_200_0.1_0.8_2.C	21	0.200	4.360	0.042
BPP_50_200_0.1_0.8_2.C	21	0.200	4.360	0.042
BPP_50_200_0.1_0.8_2.C	21	0.200	4.360	0.043
BPP_50_200_0.1_0.8_3.C	23	0.200	4.760	0.044
BPP_50_200_0.1_0.8_3.C	23	0.200	4.760	0.042
BPP_50_200_0.1_0.8_3.C	23	0.200	4.760	0.043
BPP_50_200_0.1_0.8_3.C	23	0.200	4.760	0.043
BPP_50_200_0.1_0.8_3.C	23	0.200	4.760	0.042
BPP_50_200_0.1_0.8_3.C	23	0.200	4.760	0.043
BPP_50_200_0.1_0.8_3.C	23	0.200	4.760	0.042
BPP_50_200_0.1_0.8_3.C	23	0.200	4.760	0.043
BPP_50_200_0.1_0.8_3.C	23	0.200	4.760	0.044
BPP_50_200_0.1_0.8_3.C	23	0.200	4.760	0.042
BPP_50_200_0.1_0.8_4.C	26	1.000	6.000	0.047
BPP_50_200_0.1_0.8_4.C	26	1.000	6.000	0.048
BPP_50_200_0.1_0.8_4.C	26	1.000	6.000	0.047
BPP_50_200_0.1_0.8_4.C	26	1.000	6.000	0.048
BPP_50_200_0.1_0.8_4.C	26	1.000	6.000	0.048
BPP_50_200_0.1_0.8_4.C	26	1.000	6.000	0.047
BPP_50_200_0.1_0.8_4.C	26	1.000	6.000	0.048
BPP_50_200_0.1_0.8_4.C	26	1.000	6.000	0.047
BPP_50_200_0.1_0.8_4.C	26	1.000	6.000	0.047
BPP_50_200_0.1_0.8_4.C	26	1.000	6.000	0.047
BPP_50_200_0.1_0.8_5.C	31	1.400	7.320	0.058
BPP_50_200_0.1_0.8_5.C	31	1.400	7.320	0.055
BPP_50_200_0.1_0.8_5.C	31	1.400	7.320	0.055
BPP_50_200_0.1_0.8_5.C	31	1.400	7.320	0.054
BPP_50_200_0.1_0.8_5.C	31	1.400	7.320	0.054
BPP_50_200_0.1_0.8_5.C	31	1.400	7.320	0.055
BPP_50_200_0.1_0.8_5.C	31	1.400	7.320	0.055
BPP_50_200_0.1_0.8_5.C	31	1.400	7.320	0.055
BPP_50_200_0.1_0.8_5.C	31	1.400	7.320	0.056
BPP_50_200_0.1_0.8_5.C	31	1.400	7.320	0.055
BPP_50_200_0.1_0.8_6.C	23	0.600	5.080	0.047
BPP_50_200_0.1_0.8_6.C	23	0.600	5.080	0.045
BPP_50_200_0.1_0.8_6.C	23	0.600	5.080	0.043
BPP_50_200_0.1_0.8_6.C	23	0.600	5.080	0.045
BPP_50_200_0.1_0.8_6.C	23	0.600	5.080	0.044
BPP_50_200_0.1_0.8_6.C	23	0.600	5.080	0.046
BPP_50_200_0.1_0.8_6.C	23	0.600	5.080	0.044
BPP_50_200_0.1_0.8_6.C	23	0.600	5.080	0.043
BPP_50_200_0.1_0.8_6.C	23	0.600	5.080	0.043
BPP_50_200_0.1_0.8_6.C	23	0.600	5.080	0.044
BPP_50_200_0.1_0.8_7.C	24	4.200	8.160	0.046
BPP_50_200_0.1_0.8_7.C	24	4.200	8.160	0.045
BPP_50_200_0.1_0.8_7.C	24	4.200	8.160	0.045
BPP_50_200_0.1_0.8_7.C	24	4.200	8.160	0.045
BPP_50_200_0.1_0.8_7.C	24	4.200	8.160	0.045
BPP_50_200_0.1_0.8_7.C	24	4.200	8.160	0.046
BPP_50_200_0.1_0.8_7.C	24	4.200	8.160	0.045
BPP_50_200_0.1_0.8_7.C	24	4.200	8.160	0.047
BPP_50_200_0.1_0.8_7.C	24	4.200	8.160	0.046
BPP_50_200_0.1_0.8_7.C	24	4.200	8.160	0.046
BPP_50_200_0.1_0.8_8.C	25	0.400	5.320	0.045
BPP_50_200_0.1_0.8_8.C	25	0.400	5.320	0.044
BPP_50_200_0.1_0.8_8.C	25	0.400	5.320	0.044
BPP_50_200_0.1_0.8_8.C	25	0.400	5.320	0.044
BPP_50_200_0.1_0.8_8.C	25	0.400	5.320	0.044
BPP_50_200_0.1_0.8_8.C	25	0.400	5.320	0.043
BPP_50_200_0.1_0.8_8.C	25	0.400	5.320	0.044
BPP_50_200_0.1_0.8_8.C	24	0.400	5.120	0.045
BPP_50_200_0.1_0.8_8.C	25	0.400	5.320	0.044
BPP_50_200_0.1_0.8_8.C	25	0.400	5.320	0.044
BPP_50_200_0.1_0.8_9.C	25	4.200	8.360	0.048
BPP_50_200_0.1_0.8_9.C	25	4.200	8.360	0.048
BPP_50_200_0.1_0.8_9.C	25	4.200	8.360	0.048
BPP_50_200_0.1_0.8_9.C	25	4.200	8.360	0.047
BPP_50_200_0.1_0.8_9.C	25	4.200	8.360	0.046
BPP_50_200_0.1_0.8_9.C	25	4.200	8.360	0.050
BPP_50_200_0.1_0.8_9.C	25	4.200	8.360	0.047
BPP_50_200_0.1_0.8_9.C	25	4.200	8.360	0.051
BPP_50_200_0.1_0.8_9.C	25	4.200	8.360	0.048
BPP_50_200_0.1_0.8_9.C	25	4.200	8.360	0.047
BPP_50_300_0.1_0.8_0.C	25	2.800	7.240	0.073
BPP_50_300_0.1_0.8_0.C	25	2.800	7.240	0.073
BPP_50_300_0.1_0.8_0.C	25	2.800	7.240	0.072
BPP_50_300_0.1_0.8_0.C	25	2.800	7.240	0.074
BPP_50_300_0.1_0.8_0.C	25	2.800	7.240	0.075
BPP_50_300_0.1_0.8_0.C	25	2.800	7.240	0.072
BPP_50_300_0.1_0.8_0.C	25	2.800	7.240	0.074
BPP_50_300_0.1_0.8_0.C	25	2.800	7.240	0.073
BPP_50_300_0.1_0.8_0.C	25	2.800	7.240	0.075
BPP_50_300_0.1_0.8_0.C	25	2.800	7.240	0.075
BPP_50_300_0.1_0.8_1.C	24	2.600	6.880	0.071
BPP_50_300_0.1_0.8_1.C	24	2.800	7.040	0.069
BPP_50_300_0.1_0.8_1.C	24	2.600	6.880	0.069
BPP_50_300_0.1_0.8_1.C	24	2.800	7.040	0.070
BPP_50_300_0.1_0.8_1.C	24	2.600	6.880	0.070
BPP_50_300_0.1_0.8_1.C	24	2.600	6.880	0.069
BPP_50_300_0.1_0.8_1.C	24	3.000	7.200	0.071
BPP_50_300_0.1_0.8_1.C	24	2.600	6.880	0.069
BPP_50_300_0.1_0.8_1.C	24	2.000	6.400	0.070
BPP_50_300_0.1_0.8_1.C	24	2.800	7.040	0.092
BPP_50_300_0.1_0.8_2.C	27	3.600	8.280	0.076
BPP_50_300_0.1_0.8_2.C	27	3.600	8.280	0.076
BPP_50_300_0.1_0.8_2.C	27	3.400	8.120	0.077
BPP_50_300_0.1_0.8_2.C	27	3.400	8.120	0.079
BPP_50_300_0.1_0.8_2.C	27	3.400	8.120	0.077
BPP_50_300_0.1_0.8_2.C	27	3.400	8.120	0.078
BPP_50_300_0.1_0.8_2.C	27	3.400	8.120	0.078
BPP_50_300_0.1_0.8_2.C	27	3.400	8.120	0.077
BPP_50_300_0.1_0.8_2.C	27	3.400	8.120	0.076
BPP_50_300_0.1_0.8_2.C	27	3.400	8.120	0.076
BPP_50_300_0.1_0.8_3.C	26	3.000	7.600	0.074
BPP_50_300_0.1_0.8_3.C	26	3.000	7.600	0.074
BPP_50_300_0.1_0.8_3.C	26	3.000	7.600	0.074
BPP_50_300_0.1_0.8_3.C	26	3.000	7.600	0.075
BPP_50_300_0.1_0.8_3.C	26	3.000	7.600	0.074
BPP_50_300_0.1_0.8_3.C	26	3.000	7.600	0.074
BPP_50_300_0.1_0.8_3.C	26	3.000	7.600	0.076
BPP_50_300_0.1_0.8_3.C	26	3.000	7.600	0.075
BPP_50_300_0.1_0.8_3.C	26	3.000	7.600	0.074
BPP_50_300_0.1_0.8_3.C	26	3.000	7.600	0.075
BPP_50_300_0.1_0.8_4.C	28	3.800	8.640	0.078
BPP_50_300_0.1_0.8_4.C	28	3.800	8.640	0.078
BPP_50_300_0.1_0.8_4.C	28	3.800	8.640	0.078
BPP_50_300_0.1_0.8_4.C	28	3.800	8.640	0.078
BPP_50_300_0.1_0.8_4.C	28	3.800	8.640	0.077
BPP_50_300_0.1_0.8_4.C	28	3.800	8.640	0.079
BPP_50_300_0.1_0.8_4.C	28	3.800	8.640	0.079
BPP_50_300_0.1_0.8_4.C	28	3.800	8.640	0.078
BPP_50_300_0.1_0.8_4.C	28	3.800	8.640	0.078
BPP_50_300_0.1_0.8_4.C	28	3.800	8.640	0.077
BPP_50_300_0.1_0.8_5.C	22	4.200	7.760	0.066
BPP_50_300_0.1_0.8_5.C	22	4.200	7.760	0.067
BPP_50_300_0.1_0.8_5.C	23	4.000	7.800	0.066
BPP_50_300_0.1_0.8_5.C	23	4.000	7.800	0.066
BPP_50_300_0.1_0.8_5.C	23	4.000	7.800	0.066
BPP_50_300_0.1_0.8_5.C	23	4.000	7.800	0.067
BPP_50_300_0.1_0.8_5.C	23	4.000	7.800	0.065
BPP_50_300_0.1_0.8_5.C	23	4.000	7.800	0.066
BPP_50_300_0.1_0.8_5.C	23	4.000	7.800	0.066
BPP_50_300_0.1_0.8_5.C	22	4.200	7.760	0.069
BPP_50_300_0.1_0.8_6.C	21	4.000	7.400	0.063
BPP_50_300_0.1_0.8_6.C	22	3.800	7.440	0.063
BPP_50_300_0.1_0.8_6.C	21	3.800	7.240	0.062
BPP_50_300_0.1_0.8_6.C	21	3.800	7.240	0.063
BPP_50_300_0.1_0.8_6.C	21	4.000	7.400	0.063
BPP_50_300_0.1_0.8_6.C	21	3.800	7.240	0.063
BPP_50_300_0.1_0.8_6.C	21	4.000	7.400	0.064
BPP_50_300_0.1_0.8_6.C	21	3.800	7.240	0.063
BPP_50_300_0.1_0.8_6.C	21	3.800	7.240	0.062
BPP_50_300_0.1_0.8_6.C	21	3.800	7.240	0.063
BPP_50_300_0.1_0.8_7.C	28	3.200	8.160	0.080
BPP_50_300_0.1_0.8_7.C	28	3.200	8.160	0.078
BPP_50_300_0.1_0.8_7.C	28	3.400	8.320	0.077
BPP_50_300_0.1_0.8_7.C	28	3.200	8.160	0.078
BPP_50_300_0.1_0.8_7.C	28	3.200	8.160	0.078
BPP_50_300_0.1_0.8_7.C	28	3.200	8.160	0.078
BPP_50_300_0.1_0.8_7.C	28	3.200	8.160	0.077
BPP_50_300_0.1_0.8_7.C	28	3.200	8.160	0.079
BPP_50_300_0.1_0.8_7.C	28	3.400	8.320	0.078
BPP_50_300_0.1_0.8_7.C	28	3.200	8.160	0.080
BPP_50_300_0.1_0.8_8.C	29	3.000	8.200	0.082
BPP_50_300_0.1_0.8_8.C	29	3.000	8.200	0.081
BPP_50_300_0.1_0.8_8.C	29	3.000	8.200	0.080
BPP_50_300_0.1_0.8_8.C	29	3.000	8.200	0.080
BPP_50_300_0.1_0.8_8.C	29	3.000	8.200	0.080
BPP_50_300_0.1_0.8_8.C	29	3.000	8.200	0.081
BPP_50_300_0.1_0.8_8.C	29	3.000	8.200	0.082
BPP_50_300_0.1_0.8_8.C	29	3.000	8.200	0.080
BPP_50_300_0.1_0.8_8.C	29	3.000	8.200	0.081
BPP_50_300_0.1_0.8_8.C	29	3.000	8.200	0.082
BPP_50_300_0.1_0.8_9.C	28	2.400	7.520	0.079
BPP_50_300_0.1_0.8_9.C	28	1.800	7.040	0.080
BPP_50_300_0.1_0.8_9.C	28	2.400	7.520	0.078
BPP_50_300_0.1_0.8_9.C	28	1.800	7.040	0.078
BPP_50_300_0.1_0.8_9.C	28	2.000	7.200	0.080
BPP_50_300_0.1_0.8_9.C	28	2.000	7.200	0.080
BPP_50_300_0.1_0.8_9.C	28	1.800	7.040	0.077
BPP_50_300_0.1_0.8_9.C	28	1.800	7.040	0.079
BPP_50_300_0.1_0.8_9.C	28	2.000	7.200	0.077
BPP_50_300_0.1_0.8_9.C	28	1.800	7.040	0.080
BPP_50_400_0.1_0.8_0.C	22	0.200	4.560	0.091
BPP_50_400_0.1_0.8_0.C	22	0.200	4.560	0.092
BPP_50_400_0.1_0.8_0.C	22	0.200	4.560	0.093
BPP_50_400_0.1_0.8_0.C	22	0.200	4.560	0.094
BPP_50_400_0.1_0.8_0.C	22	0.200	4.560	0.093
BPP_50_400_0.1_0.8_0.C	22	0.200	4.560	0.092
BPP_50_400_0.1_0.8_0.C	22	0.200	4.560	0.093
BPP_50_400_0.1_0.8_0.C	22	0.200	4.560	0.092
BPP_50_400_0.1_0.8_0.C	22	0.200	4.560	0.096
BPP_50_400_0.1_0.8_0.C	22	0.200	4.560	0.092
BPP_50_400_0.1_0.8_1.C	29	0.200	5.960	0.111
BPP_50_400_0.1_0.8_1.C	29	0.200	5.960	0.113
BPP_50_400_0.1_0.8_1.C	29	0.200	5.960	0.113
BPP_50_400_0.1_0.8_1.C	29	0.200	5.960	0.114
BPP_50_400_0.1_0.8_1.C	29	0.200	5.960	0.111
BPP_50_400_0.1_0.8_1.C	29	0.200	5.960	0.110
BPP_50_400_0.1_0.8_1.C	29	0.200	5.960	0.111
BPP_50_400_0.1_0.8_1.C	29	0.200	5.960	0.111
BPP_50_400_0.1_0.8_1.C	29	0.200	5.960	0.111
BPP_50_400_0.1_0.8_1.C	29	0.200	5.960	0.112
BPP_50_400_0.1_0.8_2.C	23	1.400	5.720	0.099
BPP_50_400_0.1_0.8_2.C	23	1.200	5.560	0.102
BPP_50_400_0.1_0.8_2.C	23	1.400	5.720	0.099
BPP_50_400_0.1_0.8_2.C	23	1.200	5.560	0.101
BPP_50_400_0.1_0.8_2.C	23	1.400	5.720	0.099
BPP_50_400_0.1_0.8_2.C	23	1.400	5.720	0.101
BPP_50_400_0.1_0.8_2.C	23	1.200	5.560	0.101
BPP_50_400_0.1_0.8_2.C	23	1.400	5.720	0.099
BPP_50_400_0.1_0.8_2.C	23	1.400	5.720	0.104
BPP_50_400_0.1_0.8_2.C	23	1.200	5.560	0.101
BPP_50_400_0.1_0.8_3.C	24	2.800	7.040	0.099
BPP_50_400_0.1_0.8_3.C	24	2.800	7.040	0.098
BPP_50_400_0.1_0.8_3.C	24	2.600	6.880	0.102
BPP_50_400_0.1_0.8_3.C	24	2.800	7.040	0.101
BPP_50_400_0.1_0.8_3.C	24	2.600	6.880	0.102
BPP_50_400_0.1_0.8_3.C	24	2.800	7.040	0.100
BPP_50_400_0.1_0.8_3.C	24	2.600	6.880	0.100
BPP_50_400_0.1_0.8_3.C	24	2.800	7.040	0.099
BPP_50_400_0.1_0.8_3.C	24	2.600	6.880	0.098
BPP_50_400_0.1_0.8_3.C	24	2.600	6.880	0.100
BPP_50_400_0.1_0.8_4.C	21	1.200	5.160	0.085
BPP_50_400_0.1_0.8_4.C	21	1.200	5.160	0.082
BPP_50_400_0.1_0.8_4.C	21	1.200	5.160	0.084
BPP_50_400_0.1_0.8_4.C	21	1.200	5.160	0.083
BPP_50_400_0.1_0.8_4.C	21	1.200	5.160	0.082
BPP_50_400_0.1_0.8_4.C	21	1.200	5.160	0.084
BPP_50_400_0.1_0.8_4.C	21	1.200	5.160	0.081
BPP_50_400_0.1_0.8_4.C	21	1.200	5.160	0.084
BPP_50_400_0.1_0.8_4.C	21	1.200	5.160	0.081
BPP_50_400_0.1_0.8_4.C	21	1.200	5.160	0.082
BPP_50_400_0.1_0.8_5.C	28	3.600	8.480	0.113
BPP_50_400_0.1_0.8_5.C	28	3.600	8.480	0.115
BPP_50_400_0.1_0.8_5.C	28	3.600	8.480	0.113
BPP_50_400_0.1_0.8_5.C	28	3.600	8.480	0.112
BPP_50_400_0.1_0.8_5.C	28	3.600	8.480	0.115
BPP_50_400_0.1_0.8_5.C	28	3.600	8.480	0.114
BPP_50_400_0.1_0.8_5.C	28	3.600	8.480	0.115
BPP_50_400_0.1_0.8_5.C	28	3.600	8.480	0.114
BPP_50_400_0.1_0.8_5.C	28	3.600	8.480	0.113
BPP_50_400_0.1_0.8_5.C	28	3.600	8.480	0.112
BPP_50_400_0.1_0.8_6.C	27	7.000	11.000	0.108
BPP_50_400_0.1_0.8_6.C	27	6.800	10.840	0.108
BPP_50_400_0.1_0.8_6.C	27	6.800	10.840	0.111
BPP_50_400_0.1_0.8_6.C	27	6.800	10.840	0.109
BPP_50_400_0.1_0.8_6.C	27	6.800	10.840	0.110
BPP_50_400_0.1_0.8_6.C	27	7.000	11.000	0.109
BPP_50_400_0.1_0.8_6.C	27	6.800	10.840	0.109
BPP_50_400_0.1_0.8_6.C	27	7.000	11.000	0.109
BPP_50_400_0.1_0.8_6.C	27	6.800	10.840	0.108
BPP_50_400_0.1_0.8_6.C	27	6.800	10.840	0.107
BPP_50_400_0.1_0.8_7.C	24	1.200	5.760	0.098
BPP_50_400_0.1_0.8_7.C	24	1.200	5.760	0.100
BPP_50_400_0.1_0.8_7.C	24	1.200	5.760	0.099
BPP_50_400_0.1_0.8_7.C	24	1.200	5.760	0.101
BPP_50_400_0.1_0.8_7.C	24	1.200	5.760	0.099
BPP_50_400_0.1_0.8_7.C	24	1.200	5.760	0.098
BPP_50_400_0.1_0.8_7.C	24	1.200	5.760	0.097
BPP_50_400_0.1_0.8_7.C	24	1.200	5.760	0.098
BPP_50_400_0.1_0.8_7.C	24	1.200	5.760	0.099
BPP_50_400_0.1_0.8_7.C	24	1.400	5.920	0.100
BPP_50_400_0.1_0.8_8.C	30	6.000	10.800	0.118
BPP_50_400_0.1_0.8_8.C	30	6.000	10.800	0.116
BPP_50_400_0.1_0.8_8.C	30	6.000	10.800	0.115
BPP_50_400_0.1_0.8_8.C	30	6.000	10.800	0.117
BPP_50_400_0.1_0.8_8.C	30	6.000	10.800	0.116
BPP_50_400_0.1_0.8_8.C	30	6.000	10.800	0.115
BPP_50_400_0.1_0.8_8.C	30	6.000	10.800	0.120
BPP_50_400_0.1_0.8_8.C	30	6.000	10.800	0.117
BPP_50_400_0.1_0.8_8.C	30	6.000	10.800	0.120
BPP_50_400_0.1_0.8_8.C	30	6.000	10.800	0.118
BPP_50_400_0.1_0.8_9.C	25	6.000	9.800	0.101
BPP_50_400_0.1_0.8_9.C	25	6.000	9.800	0.101
BPP_50_400_0.1_0.8_9.C	25	5.800	9.640	0.102
BPP_50_400_0.1_0.8_9.C	25	6.000	9.800	0.102
BPP_50_400_0.1_0.8_9.C	25	6.000	9.800	0.102
BPP_50_400_0.1_0.8_9.C	26	5.800	9.840	0.102
BPP_50_400_0.1_0.8_9.C	25	6.000	9.800	0.100
BPP_50_400_0.1_0.8_9.C	25	5.800	9.640	0.108
BPP_50_400_0.1_0.8_9.C	25	5.800	9.640	0.103
BPP_50_400_0.1_0.8_9.C	25	6.000	9.800	0.101
BPP_50_500_0.1_0.8_0.C	26	2.600	7.280	0.126
BPP_50_500_0.1_0.8_0.C	26	2.600	7.280	0.147
BPP_50_500_0.1_0.8_0.C	25	2.800	7.240	0.125
BPP_50_500_0.1_0.8_0.C	25	2.800	7.240	0.126
BPP_50_500_0.1_0.8_0.C	25	2.800	7.240	0.125
BPP_50_500_0.1_0.8_0.C	26	2.600	7.280	0.126
BPP_50_500_0.1_0.8_0.C	26	2.600	7.280	0.121
BPP_50_500_0.1_0.8_0.C	25	2.800	7.240	0.135
BPP_50_500_0.1_0.8_0.C	25	2.800	7.240	0.128
BPP_50_500_0.1_0.8_0.C	25	2.800	7.240	0.123
BPP_50_500_0.1_0.8_1.C	25	-0.000	5.000	0.121
BPP_50_500_0.1_0.8_1.C	25	-0.000	5.000	0.119
BPP_50_500_0.1_0.8_1.C	25	-0.000	5.000	0.112
BPP_50_500_0.1_0.8_1.C	25	-0.000	5.000	0.129
BPP_50_500_0.1_0.8_1.C	25	-0.000	5.000	0.119
BPP_50_500_0.1_0.8_1.C	25	-0.000	5.000	0.117
BPP_50_500_0.1_0.8_1.C	25	-0.000	5.000	0.132
BPP_50_500_0.1_0.8_1.C	25	-0.000	5.000	0.127
BPP_50_500_0.1_0.8_1.C	25	-0.000	5.000	0.120
BPP_50_500_0.1_0.8_1.C	25	-0.000	5.000	0.120
BPP_50_500_0.1_0.8_2.C	27	1.000	6.200	0.124
BPP_50_500_0.1_0.8_2.C	27	1.000	6.200	0.116
BPP_50_500_0.1_0.8_2.C	27	1.000	6.200	0.128
BPP_50_500_0.1_0.8_2.C	27	1.000	6.200	0.127
BPP_50_500_0.1_0.8_2.C	27	1.000	6.200	0.137
BPP_50_500_0.1_0.8_2.C	27	1.000	6.200	0.128
BPP_50_500_0.1_0.8_2.C	27	1.000	6.200	0.125
BPP_50_500_0.1_0.8_2.C	27	1.000	6.200	0.123
BPP_50_500_0.1_0.8_2.C	27	1.000	6.200	0.119
BPP_50_500_0.1_0.8_2.C	27	1.000	6.200	0.124
BPP_50_500_0.1_0.8_3.C	22	3.000	6.800	0.119
BPP_50_500_0.1_0.8_3.C	22	3.000	6.800	0.110
BPP_50_500_0.1_0.8_3.C	22	3.200	6.960	0.113
BPP_50_500_0.1_0.8_3.C	22	3.200	6.960	0.112
BPP_50_500_0.1_0.8_3.C	22	3.000	6.800	0.118
BPP_50_500_0.1_0.8_3.C	22	3.200	6.960	0.109
BPP_50_500_0.1_0.8_3.C	22	3.000	6.800	0.115
BPP_50_500_0.1_0.8_3.C	22	3.000	6.800	0.105
BPP_50_500_0.1_0.8_3.C	22	3.200	6.960	0.113
BPP_50_500_0.1_0.8_3.C	22	3.000	6.800	0.111
BPP_50_500_0.1_0.8_4.C	22	1.400	5.520	0.111
BPP_50_500_0.1_0.8_4.C	22	1.400	5.520	0.110
BPP_50_500_0.1_0.8_4.C	22	1.400	5.520	0.109
BPP_50_500_0.1_0.8_4.C	22	1.400	5.520	0.105
BPP_50_500_0.1_0.8_4.C	22	1.400	5.520	0.106
BPP_50_500_0.1_0.8_4.C	22	1.400	5.520	0.110
BPP_50_500_0.1_0.8_4.C	22	1.400	5.520	0.113
BPP_50_500_0.1_0.8_4.C	22	1.400	5.520	0.101
BPP_50_500_0.1_0.8_4.C	22	1.400	5.520	0.108
BPP_50_500_0.1_0.8_4.C	22	1.400	5.520	0.101
BPP_50_500_0.1_0.8_5.C	26	2.600	7.280	0.119
BPP_50_500_0.1_0.8_5.C	26	2.600	7.280	0.121
BPP_50_500_0.1_0.8_5.C	26	2.600	7.280	0.120
BPP_50_500_0.1_0.8_5.C	26	2.600	7.280	0.120
BPP_50_500_0.1_0.8_5.C	26	2.600	7.280	0.126
BPP_50_500_0.1_0.8_5.C	26	2.600	7.280	0.140
BPP_50_500_0.1_0.8_5.C	26	2.600	7.280	0.170
BPP_50_500_0.1_0.8_5.C	26	2.600	7.280	0.120
BPP_50_500_0.1_0.8_5.C	26	2.600	7.280	0.120
BPP_50_500_0.1_0.8_5.C	26	2.600	7.280	0.121
BPP_50_500_0.1_0.8_6.C	23	0.800	5.240	0.120
BPP_50_500_0.1_0.8_6.C	23	0.800	5.240	0.157
BPP_50_500_0.1_0.8_6.C	23	0.800	5.240	0.121
BPP_50_500_0.1_0.8_6.C	23	0.800	5.240	0.127
BPP_50_500_0.1_0.8_6.C	23	0.800	5.240	0.111
BPP_50_500_0.1_0.8_6.C	23	0.800	5.240	0.111
BPP_50_500_0.1_0.8_6.C	23	0.800	5.240	0.111
BPP_50_500_0.1_0.8_6.C	23	0.800	5.240	0.111
BPP_50_500_0.1_0.8_6.C	23	0.800	5.240	0.110
BPP_50_500_0.1_0.8_6.C	22	0.800	5.040	0.112
BPP_50_500_0.1_0.8_7.C	27	1.200	6.360	0.119
BPP_50_500_0.1_0.8_7.C	27	1.200	6.360	0.121
BPP_50_500_0.1_0.8_7.C	27	1.200	6.360	0.121
BPP_50_500_0.1_0.8_7.C	27	1.200	6.360	0.124
BPP_50_500_0.1_0.8_7.C	27	1.200	6.360	0.131
BPP_50_500_0.1_0.8_7.C	27	1.200	6.360	0.122
BPP_50_500_0.1_0.8_7.C	27	1.200	6.360	0.120
BPP_50_500_0.1_0.8_7.C	27	1.200	6.360	0.119
BPP_50_500_0.1_0.8_7.C	27	1.200	6.360	0.120
BPP_50_500_0.1_0.8_7.C	27	1.200	6.360	0.119
BPP_50_500_0.1_0.8_8.C	27	1.800	6.840	0.125
BPP_50_500_0.1_0.8_8.C	27	1.800	6.840	0.127
BPP_50_500_0.1_0.8_8.C	27	1.800	6.840	0.123
BPP_50_500_0.1_0.8_8.C	27	1.800	6.840	0.124
BPP_50_500_0.1_0.8_8.C	27	1.800	6.840	0.123
BPP_50_500_0.1_0.8_8.C	27	1.800	6.840	0.122
BPP_50_500_0.1_0.8_8.C	27	1.800	6.840	0.127
BPP_50_500_0.1_0.8_8.C	27	1.800	6.840	0.124
BPP_50_500_0.1_0.8_8.C	27	1.800	6.840	0.126
BPP_50_500_0.1_0.8_8.C	27	1.800	6.840	0.124
BPP_50_500_0.1_0.8_9.C	25	0.800	5.640	0.118
BPP_50_500_0.1_0.8_9.C	25	0.800	5.640	0.118
BPP_50_500_0.1_0.8_9.C	25	0.800	5.640	0.118
BPP_50_500_0.1_0.8_9.C	25	0.800	5.640	0.119
BPP_50_500_0.1_0.8_9.C	25	0.800	5.640	0.125
BPP_50_500_0.1_0.8_9.C	25	0.800	5.640	0.120
BPP_50_500_0.1_0.8_9.C	25	0.800	5.640	0.119
BPP_50_500_0.1_0.8_9.C	25	0.800	5.640	0.127
BPP_50_500_0.1_0.8_9.C	25	0.800	5.640	0.122
BPP_50_500_0.1_0.8_9.C	25	0.800	5.640	0.131
BPP_50_50_0.1_0.8_0.C	25	2.800	7.240	0.013
BPP_50_50_0.1_0.8_0.C	25	2.800	7.240	0.014
BPP_50_50_0.1_0.8_0.C	25	2.800	7.240	0.013
BPP_50_50_0.1_0.8_0.C	25	2.800	7.240	0.013
BPP_50_50_0.1_0.8_0.C	25	2.800	7.240	0.013
BPP_50_50_0.1_0.8_0.C	25	2.800	7.240	0.013
BPP_50_50_0.1_0.8_0.C	25	2.800	7.240	0.015
BPP_50_50_0.1_0.8_0.C	25	2.800	7.240	0.013
BPP_50_50_0.1_0.8_0.C	25	2.800	7.240	0.014
BPP_50_50_0.1_0.8_0.C	25	2.800	7.240	0.013
BPP_50_50_0.1_0.8_1.C	29	1.000	6.600	0.013
BPP_50_50_0.1_0.8_1.C	29	1.000	6.600	0.014
BPP_50_50_0.1_0.8_1.C	29	1.000	6.600	0.014
BPP_50_50_0.1_0.8_1.C	29	1.000	6.600	0.014
BPP_50_50_0.1_0.8_1.C	29	1.000	6.600	0.014
BPP_50_50_0.1_0.8_1.C	29	1.000	6.600	0.014
BPP_50_50_0.1_0.8_1.C	29	1.000	6.600	0.014
BPP_50_50_0.1_0.8_1.C	29	1.000	6.600	0.014
BPP_50_50_0.1_0.8_1.C	29	1.000	6.600	0.013
BPP_50_50_0.1_0.8_1.C	29	1.000	6.600	0.014
BPP_50_50_0.1_0.8_2.C	26	2.400	7.120	0.014
BPP_50_50_0.1_0.8_2.C	26	2.400	7.120	0.014
BPP_50_50_0.1_0.8_2.C	26	2.400	7.120	0.013
BPP_50_50_0.1_0.8_2.C	26	2.400	7.120	0.014
BPP_50_50_0.1_0.8_2.C	26	2.400	7.120	0.014
BPP_50_50_0.1_0.8_2.C	26	2.400	7.120	0.014
BPP_50_50_0.1_0.8_2.C	26	2.400	7.120	0.014
BPP_50_50_0.1_0.8_2.C	26	2.400	7.120	0.013
BPP_50_50_0.1_0.8_2.C	26	2.400	7.120	0.014
BPP_50_50_0.1_0.8_2.C	26	2.400	7.120	0.013
BPP_50_50_0.1_0.8_3.C	21	1.600	5.480	0.012
BPP_50_50_0.1_0.8_3.C	21	1.600	5.480	0.012
BPP_50_50_0.1_0.8_3.C	21	1.600	5.480	0.012
BPP_50_50_0.1_0.8_3.C	21	1.600	5.480	0.011
BPP_50_50_0.1_0.8_3.C	21	1.600	5.480	0.012
BPP_50_50_0.1_0.8_3.C	21	1.600	5.480	0.011
BPP_50_50_0.1_0.8_3.C	21	1.600	5.480	0.012
BPP_50_50_0.1_0.8_3.C	21	1.600	5.480	0.012
BPP_50_50_0.1_0.8_3.C	21	1.600	5.480	0.012
BPP_50_50_0.1_0.8_3.C	21	1.600	5.480	0.012
BPP_50_50_0.1_0.8_4.C	25	3.800	8.040	0.014
BPP_50_50_0.1_0.8_4.C	25	3.800	8.040	0.013
BPP_50_50_0.1_0.8_4.C	25	3.800	8.040	0.013
BPP_50_50_0.1_0.8_4.C	25	3.800	8.040	0.013
BPP_50_50_0.1_0.8_4.C	25	3.800	8.040	0.014
BPP_50_50_0.1_0.8_4.C	25	3.800	8.040	0.014
BPP_50_50_0.1_0.8_4.C	25	3.800	8.040	0.014
BPP_50_50_0.1_0.8_4.C	25	3.800	8.040	0.014
BPP_50_50_0.1_0.8_4.C	25	3.800	8.040	0.013
BPP_50_50_0.1_0.8_4.C	25	3.800	8.040	0.014
BPP_50_50_0.1_0.8_5.C	25	2.800	7.240	0.012
BPP_50_50_0.1_0.8_5.C	25	2.800	7.240	0.013
BPP_50_50_0.1_0.8_5.C	25	2.600	7.080	0.013
BPP_50_50_0.1_0.8_5.C	25	2.600	7.080	0.013
BPP_50_50_0.1_0.8_5.C	25	2.800	7.240	0.013
BPP_50_50_0.1_0.8_5.C	25	2.600	7.080	0.013
BPP_50_50_0.1_0.8_5.C	25	2.600	7.080	0.013
BPP_50_50_0.1_0.8_5.C	26	2.600	7.280	0.013
BPP_50_50_0.1_0.8_5.C	26	2.600	7.280	0.013
BPP_50_50_0.1_0.8_5.C	25	2.600	7.080	0.013
BPP_50_50_0.1_0.8_6.C	25	3.800	8.040	0.013
BPP_50_50_0.1_0.8_6.C	25	3.800	8.040	0.013
BPP_50_50_0.1_0.8_6.C	25	3.800	8.040	0.014
BPP_50_50_0.1_0.8_6.C	24	4.000	8.000	0.013
BPP_50_50_0.1_0.8_6.C	25	3.800	8.040	0.014
BPP_50_50_0.1_0.8_6.C	25	3.800	8.040	0.014
BPP_50_50_0.1_0.8_6.C	25	3.800	8.040	0.014
BPP_50_50_0.1_0.8_6.C	25	3.800	8.040	0.014
BPP_50_50_0.1_0.8_6.C	25	3.800	8.040	0.013
BPP_50_50_0.1_0.8_6.C	25	3.800	8.040	0.013
BPP_50_50_0.1_0.8_7.C	26	4.200	8.560	0.014
BPP_50_50_0.1_0.8_7.C	26	4.400	8.720	0.014
BPP_50_50_0.1_0.8_7.C	26	4.400	8.720	0.014
BPP_50_50_0.1_0.8_7.C	26	4.200	8.560	0.013
BPP_50_50_0.1_0.8_7.C	26	4.400	8.720	0.014
BPP_50_50_0.1_0.8_7.C	25	4.600	8.680	0.013
BPP_50_50_0.1_0.8_7.C	26	4.400	8.720	0.013
BPP_50_50_0.1_0.8_7.C	26	4.200	8.560	0.014
BPP_50_50_0.1_0.8_7.C	26	4.400	8.720	0.014
BPP_50_50_0.1_0.8_7.C	26	4.400	8.720	0.014
BPP_50_50_0.1_0.8_8.C	24	3.000	7.200	0.012
BPP_50_50_0.1_0.8_8.C	24	3.000	7.200	0.013
BPP_50_50_0.1_0.8_8.C	24	3.000	7.200	0.013
BPP_50_50_0.1_0.8_8.C	24	2.800	7.040	0.012
BPP_50_50_0.1_0.8_8.C	24	2.800	7.040	0.012
BPP_50_50_0.1_0.8_8.C	24	2.800	7.040	0.013
BPP_50_50_0.1_0.8_8.C	24	2.800	7.040	0.012
BPP_50_50_0.1_0.8_8.C	24	3.000	7.200	0.013
BPP_50_50_0.1_0.8_8.C	24	3.000	7.200	0.013
BPP_50_50_0.1_0.8_8.C	24	2.800	7.040	0.013
BPP_50_50_0.1_0.8_9.C	25	4.400	8.520	0.013
BPP_50_50_0.1_0.8_9.C	25	4.400	8.520	0.013
BPP_50_50_0.1_0.8_9.C	25	4.400	8.520	0.013
BPP_50_50_0.1_0.8_9.C	25	4.400	8.520	0.013
BPP_50_50_0.1_0.8_9.C	25	4.400	8.520	0.013
BPP_50_50_0.1_0.8_9.C	25	4.400	8.520	0.013
BPP_50_50_0.1_0.8_9.C	25	4.400	8.520	0.013
BPP_50_50_0.1_0.8_9.C	25	4.400	8.520	0.013
BPP_50_50_0.1_0.8_9.C	25	4.400	8.520	0.013
BPP_50_50_0.1_0.8_9.C	25	4.400	8.520	0.014
BPP_50_750_0.1_0.8_0.C	31	5.000	10.200	0.198
BPP_50_750_0.1_0.8_0.C	31	5.000	10.200	0.198
BPP_50_750_0.1_0.8_0.C	31	5.000	10.200	0.197
BPP_50_750_0.1_0.8_0.C	31	5.000	10.200	0.197
BPP_50_750_0.1_0.8_0.C	31	5.000	10.200	0.199
BPP_50_750_0.1_0.8_0.C	31	4.800	10.040	0.197
BPP_50_750_0.1_0.8_0.C	32	4.600	10.080	0.196
BPP_50_750_0.1_0.8_0.C	31	5.000	10.200	0.201
BPP_50_750_0.1_0.8_0.C	31	5.000	10.200	0.197
BPP_50_750_0.1_0.8_0.C	31	5.000	10.200	0.197
BPP_50_750_0.1_0.8_1.C	23	4.400	8.120	0.154
BPP_50_750_0.1_0.8_1.C	23	4.200	7.960	0.153
BPP_50_750_0.1_0.8_1.C	23	4.200	7.960	0.154
BPP_50_750_0.1_0.8_1.C	23	4.200	7.960	0.154
BPP_50_750_0.1_0.8_1.C	23	3.800	7.640	0.154
BPP_50_750_0.1_0.8_1.C	23	4.200	7.960	0.155
BPP_50_750_0.1_0.8_1.C	23	4.400	8.120	0.153
BPP_50_750_0.1_0.8_1.C	23	4.400	8.120	0.155
BPP_50_750_0.1_0.8_1.C	23	4.400	8.120	0.154
BPP_50_750_0.1_0.8_1.C	23	4.600	8.280	0.153
BPP_50_750_0.1_0.8_2.C	27	0.000	5.400	0.167
BPP_50_750_0.1_0.8_2.C	27	0.000	5.400	0.169
BPP_50_750_0.1_0.8_2.C	27	0.000	5.400	0.169
BPP_50_750_0.1_0.8_2.C	27	0.000	5.400	0.169
BPP_50_750_0.1_0.8_2.C	27	0.000	5.400	0.177
BPP_50_750_0.1_0.8_2.C	27	0.000	5.400	0.173
BPP_50_750_0.1_0.8_2.C	27	0.000	5.400	0.175
BPP_50_750_0.1_0.8_2.C	27	0.000	5.400	0.171
BPP_50_750_0.1_0.8_2.C	27	0.000	5.400	0.176
BPP_50_750_0.1_0.8_2.C	27	0.000	5.400	0.166
BPP_50_750_0.1_0.8_3.C	26	-0.000	5.200	0.170
BPP_50_750_0.1_0.8_3.C	26	-0.000	5.200	0.174
BPP_50_750_0.1_0.8_3.C	26	-0.000	5.200	0.167
BPP_50_750_0.1_0.8_3.C	26	-0.000	5.200	0.167
BPP_50_750_0.1_0.8_3.C	26	-0.000	5.200	0.167
BPP_50_750_0.1_0.8_3.C	26	-0.000	5.200	0.165
BPP_50_750_0.1_0.8_3.C	26	-0.000	5.200	0.166
BPP_50_750_0.1_0.8_3.C	26	-0.000	5.200	0.168
BPP_50_750_0.1_0.8_3.C	26	-0.000	5.200	0.168
BPP_50_750_0.1_0.8_3.C	26	-0.000	5.200	0.168
BPP_50_750_0.1_0.8_4.C	24	0.000	4.800	0.162
BPP_50_750_0.1_0.8_4.C	24	0.000	4.800	0.161
BPP_50_750_0.1_0.8_4.C	24	0.000	4.800	0.167
BPP_50_750_0.1_0.8_4.C	24	0.000	4.800	0.161
BPP_50_750_0.1_0.8_4.C	24	0.000	4.800	0.159
BPP_50_750_0.1_0.8_4.C	24	0.000	4.800	0.163
BPP_50_750_0.1_0.8_4.C	24	0.000	4.800	0.163
BPP_50_750_0.1_0.8_4.C	24	0.000	4.800	0.161
BPP_50_750_0.1_0.8_4.C	24	0.000	4.800	0.160
BPP_50_750_0.1_0.8_4.C	24	0.000	4.800	0.160
BPP_50_750_0.1_0.8_5.C	25	-0.000	5.000	0.167
BPP_50_750_0.1_0.8_5.C	25	-0.000	5.000	0.165
BPP_50_750_0.1_0.8_5.C	25	-0.000	5.000	0.165
BPP_50_750_0.1_0.8_5.C	25	-0.000	5.000	0.165
BPP_50_750_0.1_0.8_5.C	25	-0.000	5.000	0.165
BPP_50_750_0.1_0.8_5.C	25	-0.000	5.000	0.163
BPP_50_750_0.1_0.8_5.C	25	-0.000	5.000	0.166
BPP_50_750_0.1_0.8_5.C	25	-0.000	5.000	0.165
BPP_50_750_0.1_0.8_5.C	25	-0.000	5.000	0.165
BPP_50_750_0.1_0.8_5.C	25	-0.000	5.000	0.166
BPP_50_750_0.1_0.8_6.C	25	-0.000	5.000	0.164
BPP_50_750_0.1_0.8_6.C	25	-0.000	5.000	0.163
BPP_50_750_0.1_0.8_6.C	25	-0.000	5.000	0.165
BPP_50_750_0.1_0.8_6.C	25	-0.000	5.000	0.165
BPP_50_750_0.1_0.8_6.C	25	-0.000	5.000	0.164
BPP_50_750_0.1_0.8_6.C	25	-0.000	5.000	0.167
BPP_50_750_0.1_0.8_6.C	25	-0.000	5.000	0.166
BPP_50_750_0.1_0.8_6.C	25	-0.000	5.000	0.163
BPP_50_750_0.1_0.8_6.C	25	-0.000	5.000	0.165
BPP_50_750_0.1_0.8_6.C	25	-0.000	5.000	0.165
BPP_50_750_0.1_0.8_7.C	28	2.400	7.520	0.184
BPP_50_750_0.1_0.8_7.C	28	2.400	7.520	0.186
BPP_50_750_0.1_0.8_7.C	29	2.200	7.560	0.186
BPP_50_750_0.1_0.8_7.C	28	2.400	7.520	0.184
BPP_50_750_0.1_0.8_7.C	28	2.400	7.520	0.184
BPP_50_750_0.1_0.8_7.C	29	2.200	7.560	0.183
BPP_50_750_0.1_0.8_7.C	29	2.200	7.560	0.184
BPP_50_750_0.1_0.8_7.C	28	2.400	7.520	0.184
BPP_50_750_0.1_0.8_7.C	29	2.200	7.560	0.184
BPP_50_750_0.1_0.8_7.C	29	2.200	7.560	0.186
BPP_50_750_0.1_0.8_8.C	25	0.400	5.320	0.173
BPP_50_750_0.1_0.8_8.C	25	0.400	5.320	0.162
BPP_50_750_0.1_0.8_8.C	25	0.400	5.320	0.163
BPP_50_750_0.1_0.8_8.C	25	0.400	5.320	0.175
BPP_50_750_0.1_0.8_8.C	25	0.400	5.320	0.164
BPP_50_750_0.1_0.8_8.C	26	0.200	5.360	0.164
BPP_50_750_0.1_0.8_8.C	26	0.200	5.360	0.162
BPP_50_750_0.1_0.8_8.C	25	0.400	5.320	0.239
BPP_50_750_0.1_0.8_8.C	25	0.400	5.320	0.234
BPP_50_750_0.1_0.8_8.C	25	0.400	5.320	0.219
BPP_50_750_0.1_0.8_9.C	21	0.200	4.360	0.152
BPP_50_750_0.1_0.8_9.C	21	0.200	4.360	0.155
BPP_50_750_0.1_0.8_9.C	21	0.200	4.360	0.157
BPP_50_750_0.1_0.8_9.C	21	0.200	4.360	0.155
BPP_50_750_0.1_0.8_9.C	21	0.200	4.360	0.164
BPP_50_750_0.1_0.8_9.C	21	0.200	4.360	0.155
BPP_50_750_0.1_0.8_9.C	21	0.200	4.360	0.152
BPP_50_750_0.1_0.8_9.C	21	0.200	4.360	0.161
BPP_50_750_0.1_0.8_9.C	21	0.200	4.360	0.166
BPP_50_750_0.1_0.8_9.C	21	0.200	4.360	0.156
BPP_50_75_0.1_0.8_0.C	27	0.200	5.560	0.015
BPP_50_75_0.1_0.8_0.C	27	0.200	5.560	0.015
BPP_50_75_0.1_0.8_0.C	27	0.200	5.560	0.015
BPP_50_75_0.1_0.8_0.C	27	0.200	5.560	0.014
BPP_50_75_0.1_0.8_0.C	27	0.200	5.560	0.015
BPP_50_75_0.1_0.8_0.C	27	0.200	5.560	0.015
BPP_50_75_0.1_0.8_0.C	27	0.200	5.560	0.015
BPP_50_75_0.1_0.8_0.C	27	0.200	5.560	0.015
BPP_50_75_0.1_0.8_0.C	27	0.200	5.560	0.015
BPP_50_75_0.1_0.8_0.C	27	0.200	5.560	0.015
BPP_50_75_0.1_0.8_1.C	29	1.600	7.080	0.016
BPP_50_75_0.1_0.8_1.C	29	1.600	7.080	0.016
BPP_50_75_0.1_0.8_1.C	29	1.600	7.080	0.016
BPP_50_75_0.1_0.8_1.C	29	1.600	7.080	0.016
BPP_50_75_0.1_0.8_1.C	29	1.800	7.240	0.016
BPP_50_75_0.1_0.8_1.C	29	1.600	7.080	0.016
BPP_50_75_0.1_0.8_1.C	29	1.600	7.080	0.016
BPP_50_75_0.1_0.8_1.C	29	1.600	7.080	0.016
BPP_50_75_0.1_0.8_1.C	29	1.600	7.080	0.016
BPP_50_75_0.1_0.8_1.C	29	1.600	7.080	0.016
BPP_50_75_0.1_0.8_2.C	23	1.800	6.040	0.014
BPP_50_75_0.1_0.8_2.C	23	1.800	6.040	0.014
BPP_50_75_0.1_0.8_2.C	23	1.600	5.880	0.014
BPP_50_75_0.1_0.8_2.C	23	1.600	5.880	0.014
BPP_50_75_0.1_0.8_2.C	23	1.600	5.880	0.014
BPP_50_75_0.1_0.8_2.C	23	1.800	6.040	0.014
BPP_50_75_0.1_0.8_2.C	23	1.800	6.040	0.014
BPP_50_75_0.1_0.8_2.C	23	1.800	6.040	0.014
BPP_50_75_0.1_0.8_2.C	23	1.800	6.040	0.014
BPP_50_75_0.1_0.8_2.C	23	1.800	6.040	0.014
BPP_50_75_0.1_0.8_3.C	24	6.400	9.920	0.016
BPP_50_75_0.1_0.8_3.C	24	6.400	9.920	0.016
BPP_50_75_0.1_0.8_3.C	24	6.400	9.920	0.014
BPP_50_75_0.1_0.8_3.C	24	6.400	9.920	0.014
BPP_50_75_0.1_0.8_3.C	24	6.400	9.920	0.016
BPP_50_75_0.1_0.8_3.C	25	6.400	10.120	0.015
BPP_50_75_0.1_0.8_3.C	24	6.400	9.920	0.015
BPP_50_75_0.1_0.8_3.C	24	6.400	9.920	0.015
BPP_50_75_0.1_0.8_3.C	24	6.400	9.920	0.015
BPP_50_75_0.1_0.8_3.C	25	6.400	10.120	0.016
BPP_50_75_0.1_0.8_4.C	29	5.600	10.280	0.017
BPP_50_75_0.1_0.8_4.C	29	5.600	10.280	0.018
BPP_50_75_0.1_0.8_4.C	29	5.600	10.280	0.017
BPP_50_75_0.1_0.8_4.C	29	5.600	10.280	0.017
BPP_50_75_0.1_0.8_4.C	29	5.600	10.280	0.016
BPP_50_75_0.1_0.8_4.C	29	5.600	10.280	0.017
BPP_50_75_0.1_0.8_4.C	29	5.600	10.280	0.016
BPP_50_75_0.1_0.8_4.C	29	5.600	10.280	0.016
BPP_50_75_0.1_0.8_4.C	29	5.600	10.280	0.018
BPP_50_75_0.1_0.8_4.C	29	5.600	10.280	0.017
BPP_50_75_0.1_0.8_5.C	27	1.400	6.520	0.016
BPP_50_75_0.1_0.8_5.C	27	1.400	6.520	0.016
BPP_50_75_0.1_0.8_5.C	27	1.400	6.520	0.015
BPP_50_75_0.1_0.8_5.C	27	1.400	6.520	0.016
BPP_50_75_0.1_0.8_5.C	27	1.400	6.520	0.016
BPP_50_75_0.1_0.8_5.C	27	1.400	6.520	0.016
BPP_50_75_0.1_0.8_5.C	27	1.400	6.520	0.016
BPP_50_75_0.1_0.8_5.C	27	1.400	6.520	0.015
BPP_50_75_0.1_0.8_5.C	27	1.400	6.520	0.016
BPP_50_75_0.1_0.8_5.C	27	1.400	6.520	0.015
BPP_50_75_0.1_0.8_6.C	22	1.000	5.200	0.014
BPP_50_75_0.1_0.8_6.C	22	1.000	5.200	0.014
BPP_50_75_0.1_0.8_6.C	22	1.000	5.200	0.013
BPP_50_75_0.1_0.8_6.C	22	1.000	5.200	0.015
BPP_50_75_0.1_0.8_6.C	22	1.000	5.200	0.013
BPP_50_75_0.1_0.8_6.C	22	1.000	5.200	0.014
BPP_50_75_0.1_0.8_6.C	22	1.000	5.200	0.014
BPP_50_75_0.1_0.8_6.C	22	1.000	5.200	0.013
BPP_50_75_0.1_0.8_6.C	22	1.000	5.200	0.014
BPP_50_75_0.1_0.8_6.C	22	1.000	5.200	0.013
BPP_50_75_0.1_0.8_7.C	23	0.400	4.920	0.014
BPP_50_75_0.1_0.8_7.C	23	0.400	4.920	0.014
BPP_50_75_0.1_0.8_7.C	23	0.400	4.920	0.014
BPP_50_75_0.1_0.8_7.C	23	0.400	4.920	0.013
BPP_50_75_0.1_0.8_7.C	23	0.400	4.920	0.013
BPP_50_75_0.1_0.8_7.C	23	0.400	4.920	0.014
BPP_50_75_0.1_0.8_7.C	23	0.400	4.920	0.014
BPP_50_75_0.1_0.8_7.C	23	0.400	4.920	0.014
BPP_50_75_0.1_0.8_7.C	23	0.400	4.920	0.013
BPP_50_75_0.1_0.8_7.C	23	0.400	4.920	0.014
BPP_50_75_0.1_0.8_8.C	21	0.600	4.680	0.013
BPP_50_75_0.1_0.8_8.C	21	0.600	4.680	0.013
BPP_50_75_0.1_0.8_8.C	21	0.600	4.680	0.013
BPP_50_75_0.1_0.8_8.C	21	0.600	4.680	0.013
BPP_50_75_0.1_0.8_8.C	21	0.600	4.680	0.015
BPP_50_75_0.1_0.8_8.C	21	0.600	4.680	0.013
BPP_50_75_0.1_0.8_8.C	22	0.600	4.880	0.013
BPP_50_75_0.1_0.8_8.C	21	0.600	4.680	0.013
BPP_50_75_0.1_0.8_8.C	21	0.600	4.680	0.013
BPP_50_75_0.1_0.8_8.C	21	0.800	4.840	0.013
BPP_50_75_0.1_0.8_9.C	27	2.000	7.000	0.015
BPP_50_75_0.1_0.8_9.C	27	2.000	7.000	0.015
BPP_50_75_0.1_0.8_9.C	27	2.000	7.000	0.016
BPP_50_75_0.1_0.8_9.C	27	1.800	6.840	0.016
BPP_50_75_0.1_0.8_9.C	27	2.200	7.160	0.016
BPP_50_75_0.1_0.8_9.C	27	2.000	7.000	0.016
BPP_50_75_0.1_0.8_9.C	27	2.000	7.000	0.015
BPP_50_75_0.1_0.8_9.C	27	2.000	7.000	0.016
BPP_50_75_0.1_0.8_9.C	27	2.000	7.000	0.015
BPP_50_75_0.1_0.8_9.C	27	1.800	6.840	0.016
