***************************************** BIN PACKING SOLUTION *****************************************
Parameters: alpha_1=0.2 alpha_2=0.8 t=0.2 s=1
-------------------------------------------------------------------------------------------------------------------------------------------------
INSTANCE 	 # OF BINS 	 SCHEDULING OBJECTIVE 	 BEST OBJECTIVE 	 RUNNING TIME
-------------------------------------------------------------------------------------------------------------------------------------------------
BPP_new_20_1000_1.C	13	4.000	5.800	0.054
BPP_new_20_1000_1.C	13	4.000	5.800	0.051
BPP_new_20_1000_1.C	13	4.000	5.800	0.051
BPP_new_20_1000_1.C	13	4.000	5.800	0.051
BPP_new_20_1000_1.C	13	4.000	5.800	0.051
BPP_new_20_1000_1.C	13	4.000	5.800	0.055
BPP_new_20_1000_1.C	13	4.000	5.800	0.054
BPP_new_20_1000_1.C	13	4.000	5.800	0.057
BPP_new_20_1000_1.C	13	4.000	5.800	0.053
BPP_new_20_1000_1.C	13	4.000	5.800	0.052
BPP_new_20_1000_10.C	9	1.000	2.600	0.035
BPP_new_20_1000_10.C	9	1.000	2.600	0.034
BPP_new_20_1000_10.C	9	1.000	2.600	0.034
BPP_new_20_1000_10.C	9	1.000	2.600	0.034
BPP_new_20_1000_10.C	9	1.000	2.600	0.034
BPP_new_20_1000_10.C	9	1.000	2.600	0.034
BPP_new_20_1000_10.C	9	1.000	2.600	0.034
BPP_new_20_1000_10.C	9	1.000	2.600	0.034
BPP_new_20_1000_10.C	9	1.000	2.600	0.034
BPP_new_20_1000_10.C	9	1.000	2.600	0.034
BPP_new_20_1000_2.C	11	2.600	4.280	0.040
BPP_new_20_1000_2.C	11	2.600	4.280	0.040
BPP_new_20_1000_2.C	11	2.600	4.280	0.041
BPP_new_20_1000_2.C	11	2.600	4.280	0.040
BPP_new_20_1000_2.C	11	2.600	4.280	0.040
BPP_new_20_1000_2.C	11	2.600	4.280	0.040
BPP_new_20_1000_2.C	11	2.600	4.280	0.040
BPP_new_20_1000_2.C	11	2.600	4.280	0.040
BPP_new_20_1000_2.C	11	2.600	4.280	0.040
BPP_new_20_1000_2.C	11	2.600	4.280	0.040
BPP_new_20_1000_3.C	13	5.000	6.600	0.049
BPP_new_20_1000_3.C	13	5.000	6.600	0.048
BPP_new_20_1000_3.C	13	5.000	6.600	0.048
BPP_new_20_1000_3.C	13	5.000	6.600	0.048
BPP_new_20_1000_3.C	13	5.000	6.600	0.048
BPP_new_20_1000_3.C	13	5.000	6.600	0.048
BPP_new_20_1000_3.C	13	5.000	6.600	0.049
BPP_new_20_1000_3.C	13	5.000	6.600	0.049
BPP_new_20_1000_3.C	13	5.000	6.600	0.048
BPP_new_20_1000_3.C	13	5.000	6.600	0.048
BPP_new_20_1000_4.C	8	2.400	3.520	0.035
BPP_new_20_1000_4.C	8	2.400	3.520	0.036
BPP_new_20_1000_4.C	8	2.400	3.520	0.035
BPP_new_20_1000_4.C	8	2.400	3.520	0.036
BPP_new_20_1000_4.C	8	2.400	3.520	0.035
BPP_new_20_1000_4.C	8	2.400	3.520	0.036
BPP_new_20_1000_4.C	8	2.400	3.520	0.035
BPP_new_20_1000_4.C	8	2.400	3.520	0.036
BPP_new_20_1000_4.C	8	2.400	3.520	0.035
BPP_new_20_1000_4.C	8	2.400	3.520	0.035
BPP_new_20_1000_5.C	10	1.400	3.120	0.041
BPP_new_20_1000_5.C	10	1.400	3.120	0.041
BPP_new_20_1000_5.C	10	1.400	3.120	0.040
BPP_new_20_1000_5.C	10	1.400	3.120	0.042
BPP_new_20_1000_5.C	10	1.400	3.120	0.041
BPP_new_20_1000_5.C	10	1.400	3.120	0.040
BPP_new_20_1000_5.C	10	1.400	3.120	0.040
BPP_new_20_1000_5.C	10	1.400	3.120	0.042
BPP_new_20_1000_5.C	10	1.400	3.120	0.041
BPP_new_20_1000_5.C	10	1.400	3.120	0.040
BPP_new_20_1000_6.C	10	1.400	3.120	0.041
BPP_new_20_1000_6.C	10	1.400	3.120	0.042
BPP_new_20_1000_6.C	10	1.400	3.120	0.042
BPP_new_20_1000_6.C	10	1.400	3.120	0.042
BPP_new_20_1000_6.C	10	1.400	3.120	0.041
BPP_new_20_1000_6.C	10	1.400	3.120	0.041
BPP_new_20_1000_6.C	10	1.400	3.120	0.042
BPP_new_20_1000_6.C	10	1.400	3.120	0.042
BPP_new_20_1000_6.C	10	1.400	3.120	0.042
BPP_new_20_1000_6.C	10	1.400	3.120	0.042
BPP_new_20_1000_7.C	10	1.000	2.800	0.040
BPP_new_20_1000_7.C	10	1.000	2.800	0.039
BPP_new_20_1000_7.C	10	1.000	2.800	0.041
BPP_new_20_1000_7.C	10	1.000	2.800	0.040
BPP_new_20_1000_7.C	10	1.000	2.800	0.042
BPP_new_20_1000_7.C	10	1.000	2.800	0.040
BPP_new_20_1000_7.C	10	1.000	2.800	0.040
BPP_new_20_1000_7.C	10	1.000	2.800	0.039
BPP_new_20_1000_7.C	10	1.000	2.800	0.039
BPP_new_20_1000_7.C	10	1.000	2.800	0.038
BPP_new_20_1000_8.C	9	3.000	4.200	0.038
BPP_new_20_1000_8.C	9	3.000	4.200	0.038
BPP_new_20_1000_8.C	9	3.000	4.200	0.037
BPP_new_20_1000_8.C	9	3.000	4.200	0.037
BPP_new_20_1000_8.C	9	3.000	4.200	0.037
BPP_new_20_1000_8.C	9	3.000	4.200	0.037
BPP_new_20_1000_8.C	9	3.000	4.200	0.037
BPP_new_20_1000_8.C	9	3.000	4.200	0.037
BPP_new_20_1000_8.C	9	3.000	4.200	0.036
BPP_new_20_1000_8.C	9	3.000	4.200	0.037
BPP_new_20_1000_9.C	13	3.000	5.000	0.049
BPP_new_20_1000_9.C	13	3.000	5.000	0.049
BPP_new_20_1000_9.C	13	3.000	5.000	0.049
BPP_new_20_1000_9.C	13	3.000	5.000	0.049
BPP_new_20_1000_9.C	13	3.000	5.000	0.050
BPP_new_20_1000_9.C	13	3.000	5.000	0.049
BPP_new_20_1000_9.C	13	3.000	5.000	0.050
BPP_new_20_1000_9.C	13	3.000	5.000	0.050
BPP_new_20_1000_9.C	13	3.000	5.000	0.049
BPP_new_20_1000_9.C	13	3.000	5.000	0.050
BPP_new_20_100_1.C	11	3.600	5.080	0.004
BPP_new_20_100_1.C	11	3.600	5.080	0.004
BPP_new_20_100_1.C	11	3.600	5.080	0.004
BPP_new_20_100_1.C	11	3.600	5.080	0.004
BPP_new_20_100_1.C	11	3.600	5.080	0.004
BPP_new_20_100_1.C	11	3.600	5.080	0.004
BPP_new_20_100_1.C	11	3.600	5.080	0.004
BPP_new_20_100_1.C	11	3.600	5.080	0.004
BPP_new_20_100_1.C	11	3.600	5.080	0.004
BPP_new_20_100_1.C	11	3.600	5.080	0.004
BPP_new_20_100_10.C	9	2.400	3.720	0.003
BPP_new_20_100_10.C	9	2.400	3.720	0.003
BPP_new_20_100_10.C	9	2.400	3.720	0.003
BPP_new_20_100_10.C	9	2.400	3.720	0.003
BPP_new_20_100_10.C	9	2.400	3.720	0.004
BPP_new_20_100_10.C	9	2.400	3.720	0.003
BPP_new_20_100_10.C	9	2.400	3.720	0.003
BPP_new_20_100_10.C	9	2.400	3.720	0.003
BPP_new_20_100_10.C	9	2.400	3.720	0.003
BPP_new_20_100_10.C	9	2.400	3.720	0.003
BPP_new_20_100_2.C	13	3.000	5.000	0.004
BPP_new_20_100_2.C	13	3.000	5.000	0.004
BPP_new_20_100_2.C	13	3.000	5.000	0.004
BPP_new_20_100_2.C	13	3.000	5.000	0.004
BPP_new_20_100_2.C	13	3.000	5.000	0.004
BPP_new_20_100_2.C	13	3.000	5.000	0.004
BPP_new_20_100_2.C	13	3.000	5.000	0.004
BPP_new_20_100_2.C	13	3.000	5.000	0.004
BPP_new_20_100_2.C	13	3.000	5.000	0.004
BPP_new_20_100_2.C	13	3.000	5.000	0.004
BPP_new_20_100_3.C	8	0.200	1.760	0.003
BPP_new_20_100_3.C	8	0.200	1.760	0.003
BPP_new_20_100_3.C	8	0.200	1.760	0.003
BPP_new_20_100_3.C	8	0.200	1.760	0.004
BPP_new_20_100_3.C	8	0.200	1.760	0.003
BPP_new_20_100_3.C	8	0.200	1.760	0.003
BPP_new_20_100_3.C	8	0.200	1.760	0.003
BPP_new_20_100_3.C	8	0.200	1.760	0.003
BPP_new_20_100_3.C	8	0.200	1.760	0.003
BPP_new_20_100_3.C	8	0.200	1.760	0.003
BPP_new_20_100_4.C	10	2.200	3.760	0.004
BPP_new_20_100_4.C	10	2.200	3.760	0.004
BPP_new_20_100_4.C	10	2.200	3.760	0.004
BPP_new_20_100_4.C	10	2.200	3.760	0.004
BPP_new_20_100_4.C	10	2.200	3.760	0.004
BPP_new_20_100_4.C	10	2.200	3.760	0.004
BPP_new_20_100_4.C	10	2.200	3.760	0.004
BPP_new_20_100_4.C	10	2.200	3.760	0.004
BPP_new_20_100_4.C	10	2.200	3.760	0.003
BPP_new_20_100_4.C	10	2.200	3.760	0.004
BPP_new_20_100_5.C	11	2.400	4.120	0.004
BPP_new_20_100_5.C	11	2.400	4.120	0.004
BPP_new_20_100_5.C	11	2.400	4.120	0.004
BPP_new_20_100_5.C	12	2.200	4.160	0.004
BPP_new_20_100_5.C	11	2.400	4.120	0.004
BPP_new_20_100_5.C	12	2.200	4.160	0.004
BPP_new_20_100_5.C	12	2.200	4.160	0.004
BPP_new_20_100_5.C	11	2.400	4.120	0.004
BPP_new_20_100_5.C	12	2.200	4.160	0.004
BPP_new_20_100_5.C	12	2.200	4.160	0.004
BPP_new_20_100_6.C	8	1.600	2.880	0.003
BPP_new_20_100_6.C	8	1.600	2.880	0.003
BPP_new_20_100_6.C	8	1.600	2.880	0.003
BPP_new_20_100_6.C	8	1.600	2.880	0.003
BPP_new_20_100_6.C	8	1.600	2.880	0.003
BPP_new_20_100_6.C	8	1.600	2.880	0.003
BPP_new_20_100_6.C	8	1.600	2.880	0.003
BPP_new_20_100_6.C	8	1.600	2.880	0.003
BPP_new_20_100_6.C	8	1.600	2.880	0.003
BPP_new_20_100_6.C	8	1.600	2.880	0.003
BPP_new_20_100_7.C	8	0.800	2.240	0.003
BPP_new_20_100_7.C	8	0.800	2.240	0.003
BPP_new_20_100_7.C	8	0.800	2.240	0.003
BPP_new_20_100_7.C	8	0.800	2.240	0.003
BPP_new_20_100_7.C	8	0.800	2.240	0.003
BPP_new_20_100_7.C	8	0.800	2.240	0.003
BPP_new_20_100_7.C	8	0.800	2.240	0.003
BPP_new_20_100_7.C	8	0.800	2.240	0.003
BPP_new_20_100_7.C	8	0.800	2.240	0.003
BPP_new_20_100_7.C	8	0.800	2.240	0.003
BPP_new_20_100_8.C	11	3.200	4.760	0.004
BPP_new_20_100_8.C	11	3.200	4.760	0.004
BPP_new_20_100_8.C	11	3.200	4.760	0.004
BPP_new_20_100_8.C	11	3.200	4.760	0.004
BPP_new_20_100_8.C	11	3.200	4.760	0.004
BPP_new_20_100_8.C	11	3.200	4.760	0.004
BPP_new_20_100_8.C	11	3.200	4.760	0.004
BPP_new_20_100_8.C	11	3.200	4.760	0.004
BPP_new_20_100_8.C	11	3.200	4.760	0.004
BPP_new_20_100_8.C	11	3.200	4.760	0.004
BPP_new_20_100_9.C	14	3.000	5.200	0.005
BPP_new_20_100_9.C	14	3.000	5.200	0.004
BPP_new_20_100_9.C	14	3.000	5.200	0.005
BPP_new_20_100_9.C	14	3.000	5.200	0.005
BPP_new_20_100_9.C	14	3.000	5.200	0.004
BPP_new_20_100_9.C	14	3.000	5.200	0.005
BPP_new_20_100_9.C	14	3.000	5.200	0.004
BPP_new_20_100_9.C	14	3.000	5.200	0.005
BPP_new_20_100_9.C	14	3.000	5.200	0.005
BPP_new_20_100_9.C	14	3.000	5.200	0.005
BPP_new_20_120_1.C	11	1.400	3.320	0.004
BPP_new_20_120_1.C	11	1.400	3.320	0.004
BPP_new_20_120_1.C	11	1.400	3.320	0.004
BPP_new_20_120_1.C	11	1.400	3.320	0.004
BPP_new_20_120_1.C	11	1.400	3.320	0.004
BPP_new_20_120_1.C	11	1.400	3.320	0.004
BPP_new_20_120_1.C	11	1.400	3.320	0.004
BPP_new_20_120_1.C	11	1.400	3.320	0.004
BPP_new_20_120_1.C	11	1.400	3.320	0.004
BPP_new_20_120_1.C	11	1.400	3.320	0.004
BPP_new_20_120_10.C	15	4.200	6.360	0.005
BPP_new_20_120_10.C	15	4.200	6.360	0.005
BPP_new_20_120_10.C	15	4.200	6.360	0.005
BPP_new_20_120_10.C	15	4.200	6.360	0.005
BPP_new_20_120_10.C	15	4.200	6.360	0.005
BPP_new_20_120_10.C	15	4.200	6.360	0.005
BPP_new_20_120_10.C	15	4.200	6.360	0.005
BPP_new_20_120_10.C	15	4.200	6.360	0.005
BPP_new_20_120_10.C	15	4.200	6.360	0.005
BPP_new_20_120_10.C	15	4.200	6.360	0.005
BPP_new_20_120_2.C	10	2.800	4.240	0.004
BPP_new_20_120_2.C	10	2.800	4.240	0.004
BPP_new_20_120_2.C	10	2.800	4.240	0.004
BPP_new_20_120_2.C	10	2.800	4.240	0.004
BPP_new_20_120_2.C	10	2.800	4.240	0.004
BPP_new_20_120_2.C	10	2.800	4.240	0.004
BPP_new_20_120_2.C	10	2.800	4.240	0.004
BPP_new_20_120_2.C	10	2.800	4.240	0.004
BPP_new_20_120_2.C	10	2.800	4.240	0.004
BPP_new_20_120_2.C	10	2.800	4.240	0.004
BPP_new_20_120_3.C	11	2.800	4.440	0.004
BPP_new_20_120_3.C	11	2.800	4.440	0.004
BPP_new_20_120_3.C	11	2.800	4.440	0.004
BPP_new_20_120_3.C	11	2.800	4.440	0.004
BPP_new_20_120_3.C	11	2.800	4.440	0.004
BPP_new_20_120_3.C	11	2.800	4.440	0.004
BPP_new_20_120_3.C	11	2.800	4.440	0.004
BPP_new_20_120_3.C	11	2.800	4.440	0.004
BPP_new_20_120_3.C	11	2.800	4.440	0.004
BPP_new_20_120_3.C	11	2.800	4.440	0.004
BPP_new_20_120_4.C	11	2.600	4.280	0.004
BPP_new_20_120_4.C	11	2.600	4.280	0.004
BPP_new_20_120_4.C	11	2.600	4.280	0.004
BPP_new_20_120_4.C	11	2.600	4.280	0.005
BPP_new_20_120_4.C	11	2.600	4.280	0.004
BPP_new_20_120_4.C	11	2.600	4.280	0.004
BPP_new_20_120_4.C	11	2.600	4.280	0.005
BPP_new_20_120_4.C	11	2.600	4.280	0.005
BPP_new_20_120_4.C	11	2.600	4.280	0.004
BPP_new_20_120_4.C	11	2.600	4.280	0.005
BPP_new_20_120_5.C	11	2.000	3.800	0.004
BPP_new_20_120_5.C	11	2.000	3.800	0.004
BPP_new_20_120_5.C	11	2.000	3.800	0.004
BPP_new_20_120_5.C	11	2.000	3.800	0.004
BPP_new_20_120_5.C	11	2.000	3.800	0.004
BPP_new_20_120_5.C	11	2.000	3.800	0.004
BPP_new_20_120_5.C	11	2.000	3.800	0.004
BPP_new_20_120_5.C	11	2.000	3.800	0.004
BPP_new_20_120_5.C	11	2.000	3.800	0.004
BPP_new_20_120_5.C	11	2.000	3.800	0.004
BPP_new_20_120_6.C	9	0.800	2.440	0.003
BPP_new_20_120_6.C	9	0.800	2.440	0.003
BPP_new_20_120_6.C	9	0.800	2.440	0.003
BPP_new_20_120_6.C	9	0.800	2.440	0.004
BPP_new_20_120_6.C	9	0.800	2.440	0.004
BPP_new_20_120_6.C	9	0.800	2.440	0.003
BPP_new_20_120_6.C	9	0.800	2.440	0.003
BPP_new_20_120_6.C	9	0.800	2.440	0.003
BPP_new_20_120_6.C	9	0.800	2.440	0.003
BPP_new_20_120_6.C	9	0.800	2.440	0.003
BPP_new_20_120_7.C	10	0.600	2.480	0.004
BPP_new_20_120_7.C	10	0.600	2.480	0.004
BPP_new_20_120_7.C	10	0.600	2.480	0.004
BPP_new_20_120_7.C	10	0.600	2.480	0.004
BPP_new_20_120_7.C	10	0.600	2.480	0.004
BPP_new_20_120_7.C	10	0.600	2.480	0.004
BPP_new_20_120_7.C	10	0.600	2.480	0.004
BPP_new_20_120_7.C	10	0.600	2.480	0.004
BPP_new_20_120_7.C	10	0.600	2.480	0.004
BPP_new_20_120_7.C	10	0.600	2.480	0.004
BPP_new_20_120_8.C	11	5.000	6.200	0.004
BPP_new_20_120_8.C	11	5.000	6.200	0.004
BPP_new_20_120_8.C	11	5.000	6.200	0.004
BPP_new_20_120_8.C	11	5.000	6.200	0.004
BPP_new_20_120_8.C	11	5.000	6.200	0.004
BPP_new_20_120_8.C	11	5.000	6.200	0.004
BPP_new_20_120_8.C	11	5.000	6.200	0.004
BPP_new_20_120_8.C	11	5.000	6.200	0.004
BPP_new_20_120_8.C	11	5.000	6.200	0.004
BPP_new_20_120_8.C	11	5.000	6.200	0.004
BPP_new_20_120_9.C	13	2.400	4.520	0.005
BPP_new_20_120_9.C	13	2.400	4.520	0.005
BPP_new_20_120_9.C	13	2.400	4.520	0.005
BPP_new_20_120_9.C	13	2.400	4.520	0.005
BPP_new_20_120_9.C	13	2.400	4.520	0.005
BPP_new_20_120_9.C	13	2.400	4.520	0.005
BPP_new_20_120_9.C	13	2.400	4.520	0.005
BPP_new_20_120_9.C	13	2.400	4.520	0.005
BPP_new_20_120_9.C	13	2.400	4.520	0.005
BPP_new_20_120_9.C	13	2.400	4.520	0.005
BPP_new_20_125_1.C	12	4.800	6.240	0.005
BPP_new_20_125_1.C	12	4.800	6.240	0.005
BPP_new_20_125_1.C	12	4.800	6.240	0.005
BPP_new_20_125_1.C	12	4.800	6.240	0.005
BPP_new_20_125_1.C	12	4.800	6.240	0.005
BPP_new_20_125_1.C	12	4.800	6.240	0.005
BPP_new_20_125_1.C	12	4.800	6.240	0.005
BPP_new_20_125_1.C	12	4.800	6.240	0.005
BPP_new_20_125_1.C	12	4.800	6.240	0.005
BPP_new_20_125_1.C	12	4.800	6.240	0.005
BPP_new_20_125_10.C	9	1.000	2.600	0.004
BPP_new_20_125_10.C	9	1.000	2.600	0.004
BPP_new_20_125_10.C	9	1.000	2.600	0.004
BPP_new_20_125_10.C	9	1.000	2.600	0.004
BPP_new_20_125_10.C	9	1.000	2.600	0.004
BPP_new_20_125_10.C	9	1.000	2.600	0.004
BPP_new_20_125_10.C	9	1.000	2.600	0.004
BPP_new_20_125_10.C	9	1.000	2.600	0.004
BPP_new_20_125_10.C	9	1.000	2.600	0.004
BPP_new_20_125_10.C	9	1.000	2.600	0.004
BPP_new_20_125_2.C	8	2.200	3.360	0.003
BPP_new_20_125_2.C	8	2.200	3.360	0.004
BPP_new_20_125_2.C	8	2.200	3.360	0.003
BPP_new_20_125_2.C	8	2.200	3.360	0.003
BPP_new_20_125_2.C	8	2.200	3.360	0.003
BPP_new_20_125_2.C	8	2.200	3.360	0.003
BPP_new_20_125_2.C	8	2.200	3.360	0.003
BPP_new_20_125_2.C	8	2.200	3.360	0.004
BPP_new_20_125_2.C	8	2.200	3.360	0.003
BPP_new_20_125_2.C	8	2.200	3.360	0.003
BPP_new_20_125_3.C	10	1.000	2.800	0.004
BPP_new_20_125_3.C	10	1.000	2.800	0.004
BPP_new_20_125_3.C	10	1.000	2.800	0.004
BPP_new_20_125_3.C	10	1.000	2.800	0.004
BPP_new_20_125_3.C	10	1.000	2.800	0.004
BPP_new_20_125_3.C	10	1.000	2.800	0.004
BPP_new_20_125_3.C	10	1.000	2.800	0.004
BPP_new_20_125_3.C	10	1.000	2.800	0.004
BPP_new_20_125_3.C	10	1.000	2.800	0.004
BPP_new_20_125_3.C	10	1.000	2.800	0.004
BPP_new_20_125_4.C	11	2.000	3.800	0.004
BPP_new_20_125_4.C	11	2.000	3.800	0.004
BPP_new_20_125_4.C	11	2.000	3.800	0.004
BPP_new_20_125_4.C	11	2.000	3.800	0.004
BPP_new_20_125_4.C	11	2.000	3.800	0.004
BPP_new_20_125_4.C	11	2.000	3.800	0.004
BPP_new_20_125_4.C	11	2.000	3.800	0.004
BPP_new_20_125_4.C	11	2.000	3.800	0.004
BPP_new_20_125_4.C	11	2.000	3.800	0.004
BPP_new_20_125_4.C	11	2.000	3.800	0.004
BPP_new_20_125_5.C	13	4.000	5.800	0.005
BPP_new_20_125_5.C	13	4.000	5.800	0.005
BPP_new_20_125_5.C	13	4.000	5.800	0.005
BPP_new_20_125_5.C	13	4.000	5.800	0.005
BPP_new_20_125_5.C	13	4.000	5.800	0.005
BPP_new_20_125_5.C	13	4.000	5.800	0.005
BPP_new_20_125_5.C	13	4.000	5.800	0.005
BPP_new_20_125_5.C	13	4.000	5.800	0.005
BPP_new_20_125_5.C	13	4.000	5.800	0.005
BPP_new_20_125_5.C	13	4.000	5.800	0.005
BPP_new_20_125_6.C	12	4.400	5.920	0.004
BPP_new_20_125_6.C	12	4.400	5.920	0.005
BPP_new_20_125_6.C	12	4.400	5.920	0.005
BPP_new_20_125_6.C	12	4.400	5.920	0.004
BPP_new_20_125_6.C	12	4.400	5.920	0.004
BPP_new_20_125_6.C	12	4.400	5.920	0.005
BPP_new_20_125_6.C	12	4.400	5.920	0.005
BPP_new_20_125_6.C	12	4.400	5.920	0.005
BPP_new_20_125_6.C	12	4.400	5.920	0.004
BPP_new_20_125_6.C	12	4.400	5.920	0.005
BPP_new_20_125_7.C	11	4.000	5.400	0.004
BPP_new_20_125_7.C	11	4.000	5.400	0.004
BPP_new_20_125_7.C	11	4.000	5.400	0.004
BPP_new_20_125_7.C	11	4.000	5.400	0.004
BPP_new_20_125_7.C	11	4.000	5.400	0.004
BPP_new_20_125_7.C	11	4.000	5.400	0.004
BPP_new_20_125_7.C	11	4.000	5.400	0.004
BPP_new_20_125_7.C	11	4.000	5.400	0.004
BPP_new_20_125_7.C	11	4.000	5.400	0.004
BPP_new_20_125_7.C	11	4.000	5.400	0.004
BPP_new_20_125_8.C	10	3.400	4.720	0.004
BPP_new_20_125_8.C	10	3.400	4.720	0.004
BPP_new_20_125_8.C	10	3.400	4.720	0.005
BPP_new_20_125_8.C	10	3.400	4.720	0.004
BPP_new_20_125_8.C	10	3.400	4.720	0.004
BPP_new_20_125_8.C	10	3.400	4.720	0.004
BPP_new_20_125_8.C	10	3.400	4.720	0.004
BPP_new_20_125_8.C	10	3.400	4.720	0.004
BPP_new_20_125_8.C	10	3.400	4.720	0.004
BPP_new_20_125_8.C	10	3.400	4.720	0.004
BPP_new_20_125_9.C	10	1.200	2.960	0.004
BPP_new_20_125_9.C	10	1.200	2.960	0.004
BPP_new_20_125_9.C	10	1.200	2.960	0.004
BPP_new_20_125_9.C	10	1.200	2.960	0.004
BPP_new_20_125_9.C	10	1.200	2.960	0.004
BPP_new_20_125_9.C	10	1.200	2.960	0.004
BPP_new_20_125_9.C	10	1.200	2.960	0.004
BPP_new_20_125_9.C	10	1.200	2.960	0.004
BPP_new_20_125_9.C	10	1.200	2.960	0.004
BPP_new_20_125_9.C	10	1.200	2.960	0.004
BPP_new_20_150_1.C	9	0.200	1.960	0.004
BPP_new_20_150_1.C	9	0.200	1.960	0.004
BPP_new_20_150_1.C	9	0.200	1.960	0.004
BPP_new_20_150_1.C	9	0.200	1.960	0.004
BPP_new_20_150_1.C	9	0.200	1.960	0.004
BPP_new_20_150_1.C	9	0.200	1.960	0.004
BPP_new_20_150_1.C	9	0.200	1.960	0.004
BPP_new_20_150_1.C	9	0.200	1.960	0.004
BPP_new_20_150_1.C	9	0.200	1.960	0.004
BPP_new_20_150_1.C	9	0.200	1.960	0.004
BPP_new_20_150_10.C	10	1.800	3.440	0.005
BPP_new_20_150_10.C	10	1.800	3.440	0.004
BPP_new_20_150_10.C	10	1.800	3.440	0.004
BPP_new_20_150_10.C	10	1.800	3.440	0.004
BPP_new_20_150_10.C	10	1.800	3.440	0.005
BPP_new_20_150_10.C	10	1.800	3.440	0.004
BPP_new_20_150_10.C	10	1.800	3.440	0.004
BPP_new_20_150_10.C	10	1.800	3.440	0.004
BPP_new_20_150_10.C	10	1.800	3.440	0.004
BPP_new_20_150_10.C	10	1.800	3.440	0.004
BPP_new_20_150_2.C	10	1.400	3.120	0.004
BPP_new_20_150_2.C	10	1.400	3.120	0.004
BPP_new_20_150_2.C	10	1.400	3.120	0.004
BPP_new_20_150_2.C	10	1.400	3.120	0.004
BPP_new_20_150_2.C	10	1.400	3.120	0.005
BPP_new_20_150_2.C	10	1.400	3.120	0.004
BPP_new_20_150_2.C	10	1.400	3.120	0.004
BPP_new_20_150_2.C	10	1.400	3.120	0.004
BPP_new_20_150_2.C	10	1.400	3.120	0.004
BPP_new_20_150_2.C	10	1.400	3.120	0.004
BPP_new_20_150_3.C	10	3.000	4.400	0.005
BPP_new_20_150_3.C	10	3.000	4.400	0.005
BPP_new_20_150_3.C	10	3.000	4.400	0.004
BPP_new_20_150_3.C	10	3.000	4.400	0.005
BPP_new_20_150_3.C	10	3.000	4.400	0.005
BPP_new_20_150_3.C	10	3.000	4.400	0.005
BPP_new_20_150_3.C	10	3.000	4.400	0.005
BPP_new_20_150_3.C	10	3.000	4.400	0.005
BPP_new_20_150_3.C	10	3.000	4.400	0.005
BPP_new_20_150_3.C	10	3.000	4.400	0.004
BPP_new_20_150_4.C	9	2.200	3.560	0.004
BPP_new_20_150_4.C	9	2.200	3.560	0.004
BPP_new_20_150_4.C	9	2.200	3.560	0.004
BPP_new_20_150_4.C	9	2.200	3.560	0.004
BPP_new_20_150_4.C	9	2.200	3.560	0.004
BPP_new_20_150_4.C	9	2.200	3.560	0.004
BPP_new_20_150_4.C	9	2.200	3.560	0.004
BPP_new_20_150_4.C	9	2.200	3.560	0.004
BPP_new_20_150_4.C	9	2.200	3.560	0.004
BPP_new_20_150_4.C	9	2.200	3.560	0.004
BPP_new_20_150_5.C	11	1.000	3.000	0.005
BPP_new_20_150_5.C	11	1.000	3.000	0.005
BPP_new_20_150_5.C	11	1.000	3.000	0.005
BPP_new_20_150_5.C	11	1.000	3.000	0.005
BPP_new_20_150_5.C	11	1.000	3.000	0.005
BPP_new_20_150_5.C	11	1.000	3.000	0.005
BPP_new_20_150_5.C	11	1.000	3.000	0.005
BPP_new_20_150_5.C	11	1.000	3.000	0.005
BPP_new_20_150_5.C	11	1.000	3.000	0.005
BPP_new_20_150_5.C	11	1.000	3.000	0.005
BPP_new_20_150_6.C	11	3.800	5.240	0.005
BPP_new_20_150_6.C	11	3.800	5.240	0.005
BPP_new_20_150_6.C	11	3.800	5.240	0.005
BPP_new_20_150_6.C	11	3.800	5.240	0.005
BPP_new_20_150_6.C	11	3.800	5.240	0.005
BPP_new_20_150_6.C	11	3.800	5.240	0.005
BPP_new_20_150_6.C	11	3.800	5.240	0.005
BPP_new_20_150_6.C	10	4.000	5.200	0.005
BPP_new_20_150_6.C	11	3.800	5.240	0.005
BPP_new_20_150_6.C	11	3.800	5.240	0.005
BPP_new_20_150_7.C	12	2.000	4.000	0.005
BPP_new_20_150_7.C	12	2.000	4.000	0.005
BPP_new_20_150_7.C	12	2.000	4.000	0.005
BPP_new_20_150_7.C	12	2.000	4.000	0.005
BPP_new_20_150_7.C	12	2.000	4.000	0.005
BPP_new_20_150_7.C	12	2.000	4.000	0.006
BPP_new_20_150_7.C	12	2.000	4.000	0.005
BPP_new_20_150_7.C	12	2.000	4.000	0.005
BPP_new_20_150_7.C	12	2.000	4.000	0.005
BPP_new_20_150_7.C	12	2.000	4.000	0.005
BPP_new_20_150_8.C	8	3.200	4.160	0.004
BPP_new_20_150_8.C	8	3.200	4.160	0.004
BPP_new_20_150_8.C	8	3.200	4.160	0.004
BPP_new_20_150_8.C	8	3.200	4.160	0.004
BPP_new_20_150_8.C	8	3.200	4.160	0.004
BPP_new_20_150_8.C	8	3.200	4.160	0.004
BPP_new_20_150_8.C	8	3.200	4.160	0.004
BPP_new_20_150_8.C	8	3.200	4.160	0.004
BPP_new_20_150_8.C	8	3.200	4.160	0.004
BPP_new_20_150_8.C	8	3.200	4.160	0.004
BPP_new_20_150_9.C	14	3.000	5.200	0.005
BPP_new_20_150_9.C	14	3.000	5.200	0.005
BPP_new_20_150_9.C	14	3.000	5.200	0.005
BPP_new_20_150_9.C	14	3.000	5.200	0.005
BPP_new_20_150_9.C	14	3.000	5.200	0.005
BPP_new_20_150_9.C	14	3.000	5.200	0.005
BPP_new_20_150_9.C	14	3.000	5.200	0.005
BPP_new_20_150_9.C	14	3.000	5.200	0.006
BPP_new_20_150_9.C	14	3.000	5.200	0.005
BPP_new_20_150_9.C	14	3.000	5.200	0.006
BPP_new_20_200_1.C	8	2.800	3.840	0.004
BPP_new_20_200_1.C	8	2.800	3.840	0.005
BPP_new_20_200_1.C	8	2.800	3.840	0.004
BPP_new_20_200_1.C	8	2.800	3.840	0.005
BPP_new_20_200_1.C	8	2.800	3.840	0.005
BPP_new_20_200_1.C	8	2.800	3.840	0.004
BPP_new_20_200_1.C	8	2.800	3.840	0.004
BPP_new_20_200_1.C	8	2.800	3.840	0.005
BPP_new_20_200_1.C	8	2.800	3.840	0.005
BPP_new_20_200_1.C	8	2.800	3.840	0.004
BPP_new_20_200_10.C	12	5.000	6.400	0.006
BPP_new_20_200_10.C	12	5.000	6.400	0.006
BPP_new_20_200_10.C	12	5.000	6.400	0.006
BPP_new_20_200_10.C	12	5.000	6.400	0.006
BPP_new_20_200_10.C	12	5.000	6.400	0.006
BPP_new_20_200_10.C	12	5.000	6.400	0.006
BPP_new_20_200_10.C	12	5.000	6.400	0.006
BPP_new_20_200_10.C	12	5.000	6.400	0.006
BPP_new_20_200_10.C	12	5.000	6.400	0.006
BPP_new_20_200_10.C	12	5.000	6.400	0.006
BPP_new_20_200_2.C	12	4.800	6.240	0.006
BPP_new_20_200_2.C	12	4.800	6.240	0.006
BPP_new_20_200_2.C	12	4.800	6.240	0.006
BPP_new_20_200_2.C	12	4.800	6.240	0.006
BPP_new_20_200_2.C	12	4.800	6.240	0.006
BPP_new_20_200_2.C	12	4.800	6.240	0.006
BPP_new_20_200_2.C	12	4.800	6.240	0.006
BPP_new_20_200_2.C	12	4.800	6.240	0.006
BPP_new_20_200_2.C	12	4.800	6.240	0.006
BPP_new_20_200_2.C	12	4.800	6.240	0.006
BPP_new_20_200_3.C	13	2.000	4.200	0.006
BPP_new_20_200_3.C	13	2.000	4.200	0.006
BPP_new_20_200_3.C	13	2.000	4.200	0.007
BPP_new_20_200_3.C	13	2.000	4.200	0.007
BPP_new_20_200_3.C	13	2.000	4.200	0.007
BPP_new_20_200_3.C	13	2.000	4.200	0.007
BPP_new_20_200_3.C	13	2.000	4.200	0.007
BPP_new_20_200_3.C	13	2.000	4.200	0.006
BPP_new_20_200_3.C	13	2.000	4.200	0.006
BPP_new_20_200_3.C	13	2.000	4.200	0.006
BPP_new_20_200_4.C	9	4.000	5.000	0.004
BPP_new_20_200_4.C	9	4.000	5.000	0.005
BPP_new_20_200_4.C	9	4.000	5.000	0.005
BPP_new_20_200_4.C	9	4.000	5.000	0.005
BPP_new_20_200_4.C	9	4.000	5.000	0.005
BPP_new_20_200_4.C	9	4.000	5.000	0.005
BPP_new_20_200_4.C	9	4.000	5.000	0.005
BPP_new_20_200_4.C	9	4.000	5.000	0.005
BPP_new_20_200_4.C	9	4.000	5.000	0.005
BPP_new_20_200_4.C	9	4.000	5.000	0.005
BPP_new_20_200_5.C	11	4.000	5.400	0.006
BPP_new_20_200_5.C	11	4.000	5.400	0.006
BPP_new_20_200_5.C	11	4.000	5.400	0.006
BPP_new_20_200_5.C	11	4.000	5.400	0.006
BPP_new_20_200_5.C	11	4.000	5.400	0.006
BPP_new_20_200_5.C	11	4.000	5.400	0.006
BPP_new_20_200_5.C	11	4.000	5.400	0.006
BPP_new_20_200_5.C	11	4.000	5.400	0.006
BPP_new_20_200_5.C	11	4.000	5.400	0.006
BPP_new_20_200_5.C	11	4.000	5.400	0.006
BPP_new_20_200_6.C	8	3.400	4.320	0.004
BPP_new_20_200_6.C	8	3.400	4.320	0.005
BPP_new_20_200_6.C	8	3.400	4.320	0.005
BPP_new_20_200_6.C	8	3.400	4.320	0.004
BPP_new_20_200_6.C	8	3.400	4.320	0.004
BPP_new_20_200_6.C	8	3.400	4.320	0.005
BPP_new_20_200_6.C	8	3.400	4.320	0.005
BPP_new_20_200_6.C	8	3.400	4.320	0.005
BPP_new_20_200_6.C	8	3.400	4.320	0.005
BPP_new_20_200_6.C	8	3.400	4.320	0.005
BPP_new_20_200_7.C	12	3.400	5.120	0.006
BPP_new_20_200_7.C	12	3.400	5.120	0.006
BPP_new_20_200_7.C	12	3.400	5.120	0.006
BPP_new_20_200_7.C	12	3.400	5.120	0.006
BPP_new_20_200_7.C	12	3.400	5.120	0.006
BPP_new_20_200_7.C	12	3.400	5.120	0.006
BPP_new_20_200_7.C	12	3.400	5.120	0.006
BPP_new_20_200_7.C	12	3.400	5.120	0.006
BPP_new_20_200_7.C	12	3.400	5.120	0.006
BPP_new_20_200_7.C	12	3.400	5.120	0.006
BPP_new_20_200_8.C	11	2.600	4.280	0.005
BPP_new_20_200_8.C	11	2.600	4.280	0.005
BPP_new_20_200_8.C	11	2.600	4.280	0.005
BPP_new_20_200_8.C	11	2.600	4.280	0.005
BPP_new_20_200_8.C	11	2.600	4.280	0.005
BPP_new_20_200_8.C	11	2.600	4.280	0.005
BPP_new_20_200_8.C	11	2.600	4.280	0.005
BPP_new_20_200_8.C	11	2.600	4.280	0.005
BPP_new_20_200_8.C	11	2.600	4.280	0.005
BPP_new_20_200_8.C	11	2.600	4.280	0.005
BPP_new_20_200_9.C	9	1.200	2.760	0.005
BPP_new_20_200_9.C	9	1.200	2.760	0.005
BPP_new_20_200_9.C	9	1.200	2.760	0.005
BPP_new_20_200_9.C	9	1.200	2.760	0.005
BPP_new_20_200_9.C	9	1.200	2.760	0.005
BPP_new_20_200_9.C	9	1.200	2.760	0.005
BPP_new_20_200_9.C	9	1.200	2.760	0.005
BPP_new_20_200_9.C	9	1.200	2.760	0.005
BPP_new_20_200_9.C	9	1.200	2.760	0.005
BPP_new_20_200_9.C	9	1.200	2.760	0.005
BPP_new_20_300_1.C	8	2.000	3.200	0.009
BPP_new_20_300_1.C	8	2.000	3.200	0.009
BPP_new_20_300_1.C	8	2.000	3.200	0.009
BPP_new_20_300_1.C	8	2.000	3.200	0.009
BPP_new_20_300_1.C	8	2.000	3.200	0.009
BPP_new_20_300_1.C	8	2.000	3.200	0.009
BPP_new_20_300_1.C	8	2.000	3.200	0.009
BPP_new_20_300_1.C	8	2.000	3.200	0.009
BPP_new_20_300_1.C	8	2.000	3.200	0.009
BPP_new_20_300_1.C	8	2.000	3.200	0.009
BPP_new_20_300_10.C	11	2.800	4.440	0.012
BPP_new_20_300_10.C	11	2.800	4.440	0.011
BPP_new_20_300_10.C	11	2.800	4.440	0.012
BPP_new_20_300_10.C	11	2.800	4.440	0.012
BPP_new_20_300_10.C	11	2.800	4.440	0.012
BPP_new_20_300_10.C	11	2.800	4.440	0.011
BPP_new_20_300_10.C	11	2.800	4.440	0.011
BPP_new_20_300_10.C	11	2.800	4.440	0.012
BPP_new_20_300_10.C	11	2.800	4.440	0.012
BPP_new_20_300_10.C	11	2.800	4.440	0.012
BPP_new_20_300_2.C	10	2.200	3.760	0.010
BPP_new_20_300_2.C	10	2.200	3.760	0.011
BPP_new_20_300_2.C	10	2.200	3.760	0.011
BPP_new_20_300_2.C	10	2.200	3.760	0.010
BPP_new_20_300_2.C	10	2.200	3.760	0.011
BPP_new_20_300_2.C	10	2.200	3.760	0.011
BPP_new_20_300_2.C	10	2.200	3.760	0.011
BPP_new_20_300_2.C	10	2.200	3.760	0.010
BPP_new_20_300_2.C	10	2.200	3.760	0.011
BPP_new_20_300_2.C	10	2.200	3.760	0.011
BPP_new_20_300_3.C	12	3.800	5.440	0.012
BPP_new_20_300_3.C	12	3.800	5.440	0.013
BPP_new_20_300_3.C	12	3.800	5.440	0.012
BPP_new_20_300_3.C	12	3.800	5.440	0.012
BPP_new_20_300_3.C	12	3.800	5.440	0.012
BPP_new_20_300_3.C	12	3.800	5.440	0.012
BPP_new_20_300_3.C	12	3.800	5.440	0.012
BPP_new_20_300_3.C	12	3.800	5.440	0.013
BPP_new_20_300_3.C	12	3.800	5.440	0.013
BPP_new_20_300_3.C	12	3.800	5.440	0.013
BPP_new_20_300_4.C	10	1.200	2.960	0.010
BPP_new_20_300_4.C	10	1.200	2.960	0.010
BPP_new_20_300_4.C	10	1.200	2.960	0.010
BPP_new_20_300_4.C	9	1.400	2.920	0.010
BPP_new_20_300_4.C	10	1.200	2.960	0.010
BPP_new_20_300_4.C	10	1.200	2.960	0.010
BPP_new_20_300_4.C	10	1.200	2.960	0.010
BPP_new_20_300_4.C	9	1.400	2.920	0.010
BPP_new_20_300_4.C	9	1.400	2.920	0.010
BPP_new_20_300_4.C	10	1.200	2.960	0.010
BPP_new_20_300_5.C	9	1.800	3.240	0.009
BPP_new_20_300_5.C	9	1.800	3.240	0.009
BPP_new_20_300_5.C	9	1.800	3.240	0.010
BPP_new_20_300_5.C	9	1.800	3.240	0.009
BPP_new_20_300_5.C	9	1.800	3.240	0.009
BPP_new_20_300_5.C	9	1.800	3.240	0.009
BPP_new_20_300_5.C	9	1.800	3.240	0.009
BPP_new_20_300_5.C	9	1.800	3.240	0.009
BPP_new_20_300_5.C	9	1.800	3.240	0.009
BPP_new_20_300_5.C	9	1.800	3.240	0.009
BPP_new_20_300_6.C	10	3.000	4.400	0.010
BPP_new_20_300_6.C	10	3.000	4.400	0.010
BPP_new_20_300_6.C	10	3.000	4.400	0.010
BPP_new_20_300_6.C	10	3.000	4.400	0.010
BPP_new_20_300_6.C	10	3.000	4.400	0.010
BPP_new_20_300_6.C	10	3.000	4.400	0.011
BPP_new_20_300_6.C	10	3.000	4.400	0.010
BPP_new_20_300_6.C	10	3.000	4.400	0.010
BPP_new_20_300_6.C	10	3.000	4.400	0.010
BPP_new_20_300_6.C	10	3.000	4.400	0.010
BPP_new_20_300_7.C	12	2.000	4.000	0.012
BPP_new_20_300_7.C	12	2.000	4.000	0.012
BPP_new_20_300_7.C	12	2.000	4.000	0.012
BPP_new_20_300_7.C	12	2.000	4.000	0.012
BPP_new_20_300_7.C	12	2.000	4.000	0.012
BPP_new_20_300_7.C	12	2.000	4.000	0.012
BPP_new_20_300_7.C	12	2.000	4.000	0.012
BPP_new_20_300_7.C	12	2.000	4.000	0.012
BPP_new_20_300_7.C	12	2.000	4.000	0.012
BPP_new_20_300_7.C	12	2.000	4.000	0.012
BPP_new_20_300_8.C	9	2.000	3.400	0.011
BPP_new_20_300_8.C	9	2.000	3.400	0.010
BPP_new_20_300_8.C	9	2.000	3.400	0.010
BPP_new_20_300_8.C	9	2.000	3.400	0.011
BPP_new_20_300_8.C	9	2.000	3.400	0.010
BPP_new_20_300_8.C	9	2.000	3.400	0.010
BPP_new_20_300_8.C	9	2.000	3.400	0.010
BPP_new_20_300_8.C	9	2.000	3.400	0.010
BPP_new_20_300_8.C	9	2.000	3.400	0.010
BPP_new_20_300_8.C	9	2.000	3.400	0.011
BPP_new_20_300_9.C	9	2.800	4.040	0.009
BPP_new_20_300_9.C	9	2.600	3.880	0.010
BPP_new_20_300_9.C	9	2.800	4.040	0.010
BPP_new_20_300_9.C	9	2.800	4.040	0.010
BPP_new_20_300_9.C	9	2.800	4.040	0.010
BPP_new_20_300_9.C	9	2.800	4.040	0.010
BPP_new_20_300_9.C	9	2.600	3.880	0.010
BPP_new_20_300_9.C	9	2.600	3.880	0.009
BPP_new_20_300_9.C	9	2.800	4.040	0.010
BPP_new_20_300_9.C	9	2.800	4.040	0.010
BPP_new_20_400_1.C	11	2.600	4.280	0.018
BPP_new_20_400_1.C	11	2.600	4.280	0.018
BPP_new_20_400_1.C	11	2.600	4.280	0.018
BPP_new_20_400_1.C	11	2.600	4.280	0.018
BPP_new_20_400_1.C	11	2.600	4.280	0.018
BPP_new_20_400_1.C	11	2.600	4.280	0.018
BPP_new_20_400_1.C	11	2.600	4.280	0.018
BPP_new_20_400_1.C	11	2.600	4.280	0.018
BPP_new_20_400_1.C	11	2.600	4.280	0.018
BPP_new_20_400_1.C	11	2.600	4.280	0.018
BPP_new_20_400_10.C	11	2.200	3.960	0.019
BPP_new_20_400_10.C	11	2.200	3.960	0.019
BPP_new_20_400_10.C	11	2.200	3.960	0.020
BPP_new_20_400_10.C	11	2.200	3.960	0.019
BPP_new_20_400_10.C	11	2.200	3.960	0.019
BPP_new_20_400_10.C	11	2.200	3.960	0.019
BPP_new_20_400_10.C	11	2.200	3.960	0.019
BPP_new_20_400_10.C	11	2.200	3.960	0.019
BPP_new_20_400_10.C	11	2.200	3.960	0.019
BPP_new_20_400_10.C	11	2.200	3.960	0.019
BPP_new_20_400_2.C	11	2.200	3.960	0.018
BPP_new_20_400_2.C	11	2.200	3.960	0.018
BPP_new_20_400_2.C	11	2.200	3.960	0.019
BPP_new_20_400_2.C	11	2.200	3.960	0.019
BPP_new_20_400_2.C	11	2.200	3.960	0.018
BPP_new_20_400_2.C	11	2.200	3.960	0.018
BPP_new_20_400_2.C	11	2.200	3.960	0.019
BPP_new_20_400_2.C	11	2.200	3.960	0.018
BPP_new_20_400_2.C	11	2.200	3.960	0.019
BPP_new_20_400_2.C	11	2.200	3.960	0.018
BPP_new_20_400_3.C	8	1.600	2.880	0.015
BPP_new_20_400_3.C	8	1.600	2.880	0.015
BPP_new_20_400_3.C	8	1.600	2.880	0.015
BPP_new_20_400_3.C	8	1.600	2.880	0.015
BPP_new_20_400_3.C	8	1.600	2.880	0.016
BPP_new_20_400_3.C	8	1.600	2.880	0.015
BPP_new_20_400_3.C	8	1.600	2.880	0.015
BPP_new_20_400_3.C	8	1.600	2.880	0.015
BPP_new_20_400_3.C	8	1.600	2.880	0.015
BPP_new_20_400_3.C	8	1.600	2.880	0.015
BPP_new_20_400_4.C	9	2.000	3.400	0.016
BPP_new_20_400_4.C	9	2.000	3.400	0.017
BPP_new_20_400_4.C	9	2.000	3.400	0.015
BPP_new_20_400_4.C	9	2.000	3.400	0.018
BPP_new_20_400_4.C	9	2.000	3.400	0.016
BPP_new_20_400_4.C	9	2.000	3.400	0.016
BPP_new_20_400_4.C	9	2.000	3.400	0.016
BPP_new_20_400_4.C	9	2.000	3.400	0.018
BPP_new_20_400_4.C	9	2.000	3.400	0.016
BPP_new_20_400_4.C	9	2.000	3.400	0.015
BPP_new_20_400_5.C	11	3.600	5.080	0.020
BPP_new_20_400_5.C	11	3.600	5.080	0.019
BPP_new_20_400_5.C	11	3.600	5.080	0.020
BPP_new_20_400_5.C	11	3.600	5.080	0.019
BPP_new_20_400_5.C	11	3.600	5.080	0.019
BPP_new_20_400_5.C	11	3.600	5.080	0.019
BPP_new_20_400_5.C	11	3.600	5.080	0.018
BPP_new_20_400_5.C	11	3.600	5.080	0.019
BPP_new_20_400_5.C	11	3.600	5.080	0.019
BPP_new_20_400_5.C	11	3.600	5.080	0.019
BPP_new_20_400_6.C	9	2.800	4.040	0.017
BPP_new_20_400_6.C	9	2.800	4.040	0.017
BPP_new_20_400_6.C	9	3.000	4.200	0.017
BPP_new_20_400_6.C	9	2.800	4.040	0.017
BPP_new_20_400_6.C	9	2.800	4.040	0.017
BPP_new_20_400_6.C	9	2.800	4.040	0.017
BPP_new_20_400_6.C	9	2.800	4.040	0.017
BPP_new_20_400_6.C	9	2.800	4.040	0.017
BPP_new_20_400_6.C	9	2.800	4.040	0.017
BPP_new_20_400_6.C	9	3.000	4.200	0.017
BPP_new_20_400_7.C	9	1.000	2.600	0.015
BPP_new_20_400_7.C	9	1.000	2.600	0.015
BPP_new_20_400_7.C	9	1.000	2.600	0.015
BPP_new_20_400_7.C	9	1.000	2.600	0.015
BPP_new_20_400_7.C	9	1.000	2.600	0.015
BPP_new_20_400_7.C	9	1.000	2.600	0.015
BPP_new_20_400_7.C	9	1.000	2.600	0.015
BPP_new_20_400_7.C	9	1.000	2.600	0.015
BPP_new_20_400_7.C	9	1.000	2.600	0.015
BPP_new_20_400_7.C	9	1.000	2.600	0.015
BPP_new_20_400_8.C	12	3.600	5.280	0.020
BPP_new_20_400_8.C	12	3.600	5.280	0.020
BPP_new_20_400_8.C	12	3.600	5.280	0.020
BPP_new_20_400_8.C	11	3.600	5.080	0.020
BPP_new_20_400_8.C	12	3.600	5.280	0.020
BPP_new_20_400_8.C	12	3.600	5.280	0.020
BPP_new_20_400_8.C	12	3.600	5.280	0.020
BPP_new_20_400_8.C	12	3.600	5.280	0.019
BPP_new_20_400_8.C	12	3.600	5.280	0.020
BPP_new_20_400_8.C	12	3.600	5.280	0.020
BPP_new_20_400_9.C	10	4.600	5.680	0.019
BPP_new_20_400_9.C	10	4.800	5.840	0.020
BPP_new_20_400_9.C	10	4.600	5.680	0.019
BPP_new_20_400_9.C	10	4.800	5.840	0.019
BPP_new_20_400_9.C	10	4.800	5.840	0.019
BPP_new_20_400_9.C	10	4.600	5.680	0.020
BPP_new_20_400_9.C	10	4.800	5.840	0.019
BPP_new_20_400_9.C	10	4.800	5.840	0.020
BPP_new_20_400_9.C	10	4.600	5.680	0.019
BPP_new_20_400_9.C	10	4.800	5.840	0.019
BPP_new_20_500_1.C	9	1.000	2.600	0.018
BPP_new_20_500_1.C	9	1.000	2.600	0.018
BPP_new_20_500_1.C	9	1.000	2.600	0.018
BPP_new_20_500_1.C	9	1.000	2.600	0.018
BPP_new_20_500_1.C	9	1.000	2.600	0.018
BPP_new_20_500_1.C	9	1.000	2.600	0.018
BPP_new_20_500_1.C	9	1.000	2.600	0.018
BPP_new_20_500_1.C	9	1.000	2.600	0.017
BPP_new_20_500_1.C	9	1.000	2.600	0.018
BPP_new_20_500_1.C	9	1.000	2.600	0.018
BPP_new_20_500_10.C	7	1.400	2.520	0.020
BPP_new_20_500_10.C	7	1.400	2.520	0.016
BPP_new_20_500_10.C	7	1.400	2.520	0.015
BPP_new_20_500_10.C	7	1.400	2.520	0.017
BPP_new_20_500_10.C	7	1.400	2.520	0.016
BPP_new_20_500_10.C	7	1.400	2.520	0.015
BPP_new_20_500_10.C	7	1.400	2.520	0.016
BPP_new_20_500_10.C	7	1.400	2.520	0.016
BPP_new_20_500_10.C	7	1.400	2.520	0.016
BPP_new_20_500_10.C	7	1.400	2.520	0.017
BPP_new_20_500_2.C	9	1.800	3.240	0.019
BPP_new_20_500_2.C	9	1.800	3.240	0.019
BPP_new_20_500_2.C	9	1.800	3.240	0.019
BPP_new_20_500_2.C	9	1.800	3.240	0.019
BPP_new_20_500_2.C	9	1.800	3.240	0.019
BPP_new_20_500_2.C	9	1.800	3.240	0.019
BPP_new_20_500_2.C	9	1.800	3.240	0.019
BPP_new_20_500_2.C	9	1.800	3.240	0.019
BPP_new_20_500_2.C	9	1.800	3.240	0.019
BPP_new_20_500_2.C	9	1.800	3.240	0.019
BPP_new_20_500_3.C	10	4.000	5.200	0.023
BPP_new_20_500_3.C	10	4.000	5.200	0.022
BPP_new_20_500_3.C	10	4.000	5.200	0.023
BPP_new_20_500_3.C	10	4.000	5.200	0.022
BPP_new_20_500_3.C	10	4.000	5.200	0.022
BPP_new_20_500_3.C	10	4.000	5.200	0.022
BPP_new_20_500_3.C	10	4.000	5.200	0.022
BPP_new_20_500_3.C	10	4.000	5.200	0.022
BPP_new_20_500_3.C	10	4.000	5.200	0.022
BPP_new_20_500_3.C	10	4.000	5.200	0.023
BPP_new_20_500_4.C	11	2.400	4.120	0.022
BPP_new_20_500_4.C	11	2.400	4.120	0.024
BPP_new_20_500_4.C	11	2.400	4.120	0.022
BPP_new_20_500_4.C	11	2.400	4.120	0.022
BPP_new_20_500_4.C	11	2.400	4.120	0.022
BPP_new_20_500_4.C	11	2.400	4.120	0.022
BPP_new_20_500_4.C	11	2.400	4.120	0.022
BPP_new_20_500_4.C	11	2.400	4.120	0.022
BPP_new_20_500_4.C	11	2.400	4.120	0.022
BPP_new_20_500_4.C	11	2.400	4.120	0.022
BPP_new_20_500_5.C	8	0.000	1.600	0.016
BPP_new_20_500_5.C	8	0.000	1.600	0.015
BPP_new_20_500_5.C	8	0.000	1.600	0.015
BPP_new_20_500_5.C	8	0.000	1.600	0.016
BPP_new_20_500_5.C	8	0.000	1.600	0.016
BPP_new_20_500_5.C	8	0.000	1.600	0.016
BPP_new_20_500_5.C	8	0.000	1.600	0.016
BPP_new_20_500_5.C	8	0.000	1.600	0.015
BPP_new_20_500_5.C	8	0.000	1.600	0.016
BPP_new_20_500_5.C	8	0.000	1.600	0.015
BPP_new_20_500_6.C	10	2.000	3.600	0.021
BPP_new_20_500_6.C	10	2.000	3.600	0.021
BPP_new_20_500_6.C	10	2.000	3.600	0.021
BPP_new_20_500_6.C	10	2.000	3.600	0.020
BPP_new_20_500_6.C	10	2.000	3.600	0.021
BPP_new_20_500_6.C	10	2.000	3.600	0.020
BPP_new_20_500_6.C	10	2.000	3.600	0.021
BPP_new_20_500_6.C	10	2.000	3.600	0.021
BPP_new_20_500_6.C	10	2.000	3.600	0.020
BPP_new_20_500_6.C	10	2.000	3.600	0.021
BPP_new_20_500_7.C	13	2.800	4.840	0.025
BPP_new_20_500_7.C	13	2.800	4.840	0.025
BPP_new_20_500_7.C	13	2.800	4.840	0.025
BPP_new_20_500_7.C	13	2.800	4.840	0.024
BPP_new_20_500_7.C	13	2.800	4.840	0.024
BPP_new_20_500_7.C	13	2.800	4.840	0.024
BPP_new_20_500_7.C	13	2.800	4.840	0.024
BPP_new_20_500_7.C	13	2.800	4.840	0.024
BPP_new_20_500_7.C	13	2.800	4.840	0.025
BPP_new_20_500_7.C	13	2.800	4.840	0.025
BPP_new_20_500_8.C	11	2.400	4.120	0.024
BPP_new_20_500_8.C	11	2.400	4.120	0.025
BPP_new_20_500_8.C	11	2.400	4.120	0.024
BPP_new_20_500_8.C	12	2.200	4.160	0.023
BPP_new_20_500_8.C	11	2.400	4.120	0.024
BPP_new_20_500_8.C	11	2.400	4.120	0.024
BPP_new_20_500_8.C	11	2.400	4.120	0.025
BPP_new_20_500_8.C	11	2.400	4.120	0.025
BPP_new_20_500_8.C	11	2.400	4.120	0.024
BPP_new_20_500_8.C	11	2.400	4.120	0.025
BPP_new_20_500_9.C	11	2.400	4.120	0.033
BPP_new_20_500_9.C	11	2.400	4.120	0.022
BPP_new_20_500_9.C	11	2.400	4.120	0.024
BPP_new_20_500_9.C	11	2.400	4.120	0.022
BPP_new_20_500_9.C	11	2.400	4.120	0.023
BPP_new_20_500_9.C	11	2.400	4.120	0.025
BPP_new_20_500_9.C	11	2.400	4.120	0.023
BPP_new_20_500_9.C	11	2.400	4.120	0.023
BPP_new_20_500_9.C	11	2.400	4.120	0.022
BPP_new_20_500_9.C	11	2.400	4.120	0.022
BPP_new_20_50_1.C	13	2.600	4.680	0.004
BPP_new_20_50_1.C	13	2.600	4.680	0.004
BPP_new_20_50_1.C	13	2.600	4.680	0.004
BPP_new_20_50_1.C	13	2.600	4.680	0.004
BPP_new_20_50_1.C	13	2.600	4.680	0.004
BPP_new_20_50_1.C	13	2.600	4.680	0.004
BPP_new_20_50_1.C	13	2.600	4.680	0.004
BPP_new_20_50_1.C	13	2.600	4.680	0.004
BPP_new_20_50_1.C	13	2.600	4.680	0.004
BPP_new_20_50_1.C	13	2.600	4.680	0.003
BPP_new_20_50_10.C	13	3.000	5.000	0.003
BPP_new_20_50_10.C	13	3.000	5.000	0.003
BPP_new_20_50_10.C	13	3.000	5.000	0.003
BPP_new_20_50_10.C	13	3.000	5.000	0.003
BPP_new_20_50_10.C	13	3.000	5.000	0.003
BPP_new_20_50_10.C	13	3.000	5.000	0.003
BPP_new_20_50_10.C	13	3.000	5.000	0.003
BPP_new_20_50_10.C	13	3.000	5.000	0.004
BPP_new_20_50_10.C	13	3.000	5.000	0.003
BPP_new_20_50_10.C	13	3.000	5.000	0.003
BPP_new_20_50_2.C	10	2.200	3.760	0.003
BPP_new_20_50_2.C	10	2.200	3.760	0.003
BPP_new_20_50_2.C	10	2.200	3.760	0.003
BPP_new_20_50_2.C	10	2.200	3.760	0.003
BPP_new_20_50_2.C	10	2.200	3.760	0.003
BPP_new_20_50_2.C	10	2.200	3.760	0.003
BPP_new_20_50_2.C	10	2.200	3.760	0.003
BPP_new_20_50_2.C	10	2.200	3.760	0.003
BPP_new_20_50_2.C	10	2.200	3.760	0.003
BPP_new_20_50_2.C	10	2.200	3.760	0.003
BPP_new_20_50_3.C	9	3.600	4.680	0.003
BPP_new_20_50_3.C	9	3.600	4.680	0.003
BPP_new_20_50_3.C	9	3.600	4.680	0.003
BPP_new_20_50_3.C	9	3.600	4.680	0.003
BPP_new_20_50_3.C	9	3.600	4.680	0.003
BPP_new_20_50_3.C	9	3.600	4.680	0.003
BPP_new_20_50_3.C	9	3.600	4.680	0.003
BPP_new_20_50_3.C	9	3.600	4.680	0.003
BPP_new_20_50_3.C	9	3.600	4.680	0.003
BPP_new_20_50_3.C	9	3.600	4.680	0.003
BPP_new_20_50_4.C	14	3.400	5.520	0.004
BPP_new_20_50_4.C	14	3.400	5.520	0.004
BPP_new_20_50_4.C	14	3.400	5.520	0.004
BPP_new_20_50_4.C	14	3.400	5.520	0.004
BPP_new_20_50_4.C	14	3.400	5.520	0.004
BPP_new_20_50_4.C	14	3.400	5.520	0.004
BPP_new_20_50_4.C	14	3.400	5.520	0.004
BPP_new_20_50_4.C	14	3.400	5.520	0.004
BPP_new_20_50_4.C	14	3.400	5.520	0.004
BPP_new_20_50_4.C	14	3.400	5.520	0.004
BPP_new_20_50_5.C	9	1.800	3.240	0.003
BPP_new_20_50_5.C	9	1.800	3.240	0.003
BPP_new_20_50_5.C	9	1.800	3.240	0.003
BPP_new_20_50_5.C	9	1.800	3.240	0.003
BPP_new_20_50_5.C	9	1.800	3.240	0.003
BPP_new_20_50_5.C	9	1.800	3.240	0.003
BPP_new_20_50_5.C	9	1.800	3.240	0.003
BPP_new_20_50_5.C	9	1.800	3.240	0.003
BPP_new_20_50_5.C	9	1.800	3.240	0.003
BPP_new_20_50_5.C	9	1.800	3.240	0.003
BPP_new_20_50_6.C	9	3.000	4.200	0.003
BPP_new_20_50_6.C	9	3.000	4.200	0.003
BPP_new_20_50_6.C	9	3.000	4.200	0.003
BPP_new_20_50_6.C	9	3.000	4.200	0.003
BPP_new_20_50_6.C	9	3.000	4.200	0.003
BPP_new_20_50_6.C	9	3.000	4.200	0.003
BPP_new_20_50_6.C	9	3.000	4.200	0.003
BPP_new_20_50_6.C	9	3.000	4.200	0.003
BPP_new_20_50_6.C	9	3.000	4.200	0.003
BPP_new_20_50_6.C	9	3.000	4.200	0.003
BPP_new_20_50_7.C	11	2.800	4.440	0.003
BPP_new_20_50_7.C	11	2.800	4.440	0.003
BPP_new_20_50_7.C	11	2.800	4.440	0.003
BPP_new_20_50_7.C	11	2.800	4.440	0.003
BPP_new_20_50_7.C	11	2.800	4.440	0.003
BPP_new_20_50_7.C	11	2.800	4.440	0.003
BPP_new_20_50_7.C	11	2.800	4.440	0.003
BPP_new_20_50_7.C	11	2.800	4.440	0.003
BPP_new_20_50_7.C	11	2.800	4.440	0.003
BPP_new_20_50_7.C	11	2.800	4.440	0.003
BPP_new_20_50_8.C	12	1.000	3.200	0.003
BPP_new_20_50_8.C	12	1.000	3.200	0.003
BPP_new_20_50_8.C	12	1.000	3.200	0.003
BPP_new_20_50_8.C	12	1.000	3.200	0.003
BPP_new_20_50_8.C	12	1.000	3.200	0.003
BPP_new_20_50_8.C	12	1.000	3.200	0.003
BPP_new_20_50_8.C	12	1.000	3.200	0.003
BPP_new_20_50_8.C	12	1.000	3.200	0.003
BPP_new_20_50_8.C	12	1.000	3.200	0.003
BPP_new_20_50_8.C	12	1.000	3.200	0.003
BPP_new_20_50_9.C	9	3.000	4.200	0.003
BPP_new_20_50_9.C	9	3.000	4.200	0.003
BPP_new_20_50_9.C	9	3.000	4.200	0.003
BPP_new_20_50_9.C	9	3.000	4.200	0.003
BPP_new_20_50_9.C	9	3.000	4.200	0.003
BPP_new_20_50_9.C	9	3.000	4.200	0.003
BPP_new_20_50_9.C	9	3.000	4.200	0.003
BPP_new_20_50_9.C	9	3.000	4.200	0.003
BPP_new_20_50_9.C	9	3.000	4.200	0.003
BPP_new_20_50_9.C	9	3.200	4.360	0.003
BPP_new_20_750_1.C	10	1.400	3.120	0.030
BPP_new_20_750_1.C	10	1.400	3.120	0.029
BPP_new_20_750_1.C	10	1.400	3.120	0.030
BPP_new_20_750_1.C	10	1.400	3.120	0.030
BPP_new_20_750_1.C	10	1.400	3.120	0.030
BPP_new_20_750_1.C	10	1.400	3.120	0.030
BPP_new_20_750_1.C	10	1.400	3.120	0.030
BPP_new_20_750_1.C	10	1.400	3.120	0.030
BPP_new_20_750_1.C	10	1.400	3.120	0.029
BPP_new_20_750_1.C	10	1.400	3.120	0.030
BPP_new_20_750_10.C	11	5.000	6.200	0.034
BPP_new_20_750_10.C	11	5.000	6.200	0.034
BPP_new_20_750_10.C	11	5.000	6.200	0.034
BPP_new_20_750_10.C	11	5.000	6.200	0.034
BPP_new_20_750_10.C	11	5.000	6.200	0.034
BPP_new_20_750_10.C	11	5.000	6.200	0.034
BPP_new_20_750_10.C	11	5.000	6.200	0.034
BPP_new_20_750_10.C	11	5.000	6.200	0.034
BPP_new_20_750_10.C	11	5.000	6.200	0.035
BPP_new_20_750_10.C	11	5.000	6.200	0.034
BPP_new_20_750_2.C	9	1.800	3.240	0.027
BPP_new_20_750_2.C	9	1.800	3.240	0.027
BPP_new_20_750_2.C	9	1.800	3.240	0.026
BPP_new_20_750_2.C	9	1.800	3.240	0.027
BPP_new_20_750_2.C	9	1.800	3.240	0.027
BPP_new_20_750_2.C	9	1.800	3.240	0.027
BPP_new_20_750_2.C	9	1.800	3.240	0.027
BPP_new_20_750_2.C	9	1.800	3.240	0.027
BPP_new_20_750_2.C	9	1.800	3.240	0.027
BPP_new_20_750_2.C	9	1.800	3.240	0.027
BPP_new_20_750_3.C	10	1.000	2.800	0.029
BPP_new_20_750_3.C	10	1.000	2.800	0.029
BPP_new_20_750_3.C	10	1.000	2.800	0.029
BPP_new_20_750_3.C	10	1.000	2.800	0.028
BPP_new_20_750_3.C	10	1.000	2.800	0.029
BPP_new_20_750_3.C	10	1.000	2.800	0.028
BPP_new_20_750_3.C	10	1.000	2.800	0.029
BPP_new_20_750_3.C	10	1.000	2.800	0.028
BPP_new_20_750_3.C	10	1.000	2.800	0.029
BPP_new_20_750_3.C	10	1.000	2.800	0.029
BPP_new_20_750_4.C	9	1.200	2.760	0.027
BPP_new_20_750_4.C	9	1.200	2.760	0.027
BPP_new_20_750_4.C	9	1.200	2.760	0.027
BPP_new_20_750_4.C	9	1.200	2.760	0.027
BPP_new_20_750_4.C	9	1.200	2.760	0.026
BPP_new_20_750_4.C	9	1.200	2.760	0.027
BPP_new_20_750_4.C	9	1.200	2.760	0.027
BPP_new_20_750_4.C	9	1.200	2.760	0.027
BPP_new_20_750_4.C	9	1.200	2.760	0.027
BPP_new_20_750_4.C	9	1.200	2.760	0.027
BPP_new_20_750_5.C	12	4.600	6.080	0.036
BPP_new_20_750_5.C	12	4.600	6.080	0.038
BPP_new_20_750_5.C	12	4.600	6.080	0.037
BPP_new_20_750_5.C	12	4.600	6.080	0.038
BPP_new_20_750_5.C	12	4.600	6.080	0.037
BPP_new_20_750_5.C	12	4.600	6.080	0.037
BPP_new_20_750_5.C	12	4.600	6.080	0.037
BPP_new_20_750_5.C	12	4.600	6.080	0.038
BPP_new_20_750_5.C	12	4.600	6.080	0.038
BPP_new_20_750_5.C	12	4.600	6.080	0.037
BPP_new_20_750_6.C	10	-0.000	2.000	0.029
BPP_new_20_750_6.C	10	-0.000	2.000	0.029
BPP_new_20_750_6.C	10	-0.000	2.000	0.030
BPP_new_20_750_6.C	10	-0.000	2.000	0.029
BPP_new_20_750_6.C	10	-0.000	2.000	0.030
BPP_new_20_750_6.C	10	-0.000	2.000	0.029
BPP_new_20_750_6.C	10	-0.000	2.000	0.033
BPP_new_20_750_6.C	10	-0.000	2.000	0.032
BPP_new_20_750_6.C	10	-0.000	2.000	0.031
BPP_new_20_750_6.C	10	-0.000	2.000	0.030
BPP_new_20_750_7.C	11	1.800	3.640	0.033
BPP_new_20_750_7.C	11	1.800	3.640	0.034
BPP_new_20_750_7.C	11	1.800	3.640	0.034
BPP_new_20_750_7.C	11	1.800	3.640	0.035
BPP_new_20_750_7.C	11	1.800	3.640	0.034
BPP_new_20_750_7.C	11	1.800	3.640	0.033
BPP_new_20_750_7.C	11	1.800	3.640	0.033
BPP_new_20_750_7.C	11	1.800	3.640	0.033
BPP_new_20_750_7.C	11	1.800	3.640	0.034
BPP_new_20_750_7.C	11	1.800	3.640	0.035
BPP_new_20_750_8.C	9	1.200	2.760	0.026
BPP_new_20_750_8.C	9	1.200	2.760	0.026
BPP_new_20_750_8.C	9	1.200	2.760	0.027
BPP_new_20_750_8.C	9	1.200	2.760	0.026
BPP_new_20_750_8.C	9	1.200	2.760	0.026
BPP_new_20_750_8.C	9	1.200	2.760	0.027
BPP_new_20_750_8.C	9	1.200	2.760	0.027
BPP_new_20_750_8.C	9	1.200	2.760	0.026
BPP_new_20_750_8.C	9	1.200	2.760	0.034
BPP_new_20_750_8.C	9	1.200	2.760	0.026
BPP_new_20_750_9.C	10	3.600	4.880	0.034
BPP_new_20_750_9.C	10	3.600	4.880	0.034
BPP_new_20_750_9.C	10	3.600	4.880	0.034
BPP_new_20_750_9.C	10	3.600	4.880	0.034
BPP_new_20_750_9.C	10	3.600	4.880	0.046
BPP_new_20_750_9.C	10	3.600	4.880	0.034
BPP_new_20_750_9.C	10	3.600	4.880	0.034
BPP_new_20_750_9.C	10	3.600	4.880	0.034
BPP_new_20_750_9.C	10	3.600	4.880	0.034
BPP_new_20_750_9.C	10	3.600	4.880	0.035
BPP_new_20_75_1.C	11	1.200	3.160	0.004
BPP_new_20_75_1.C	11	1.200	3.160	0.004
BPP_new_20_75_1.C	11	1.200	3.160	0.004
BPP_new_20_75_1.C	11	1.200	3.160	0.003
BPP_new_20_75_1.C	11	1.200	3.160	0.004
BPP_new_20_75_1.C	11	1.200	3.160	0.004
BPP_new_20_75_1.C	11	1.200	3.160	0.004
BPP_new_20_75_1.C	11	1.200	3.160	0.004
BPP_new_20_75_1.C	11	1.200	3.160	0.003
BPP_new_20_75_1.C	11	1.200	3.160	0.004
BPP_new_20_75_10.C	9	4.600	5.480	0.003
BPP_new_20_75_10.C	9	4.600	5.480	0.003
BPP_new_20_75_10.C	9	4.600	5.480	0.003
BPP_new_20_75_10.C	9	4.600	5.480	0.003
BPP_new_20_75_10.C	9	4.600	5.480	0.003
BPP_new_20_75_10.C	9	4.600	5.480	0.003
BPP_new_20_75_10.C	9	4.600	5.480	0.003
BPP_new_20_75_10.C	9	4.600	5.480	0.003
BPP_new_20_75_10.C	9	4.600	5.480	0.003
BPP_new_20_75_10.C	9	4.600	5.480	0.003
BPP_new_20_75_2.C	12	3.000	4.800	0.004
BPP_new_20_75_2.C	12	3.000	4.800	0.004
BPP_new_20_75_2.C	12	3.000	4.800	0.004
BPP_new_20_75_2.C	12	3.000	4.800	0.004
BPP_new_20_75_2.C	12	3.000	4.800	0.004
BPP_new_20_75_2.C	12	3.000	4.800	0.004
BPP_new_20_75_2.C	12	3.000	4.800	0.004
BPP_new_20_75_2.C	12	3.000	4.800	0.004
BPP_new_20_75_2.C	12	3.000	4.800	0.004
BPP_new_20_75_2.C	12	3.000	4.800	0.004
BPP_new_20_75_3.C	10	2.200	3.760	0.003
BPP_new_20_75_3.C	10	2.400	3.920	0.004
BPP_new_20_75_3.C	10	2.200	3.760	0.003
BPP_new_20_75_3.C	10	2.200	3.760	0.004
BPP_new_20_75_3.C	10	2.200	3.760	0.003
BPP_new_20_75_3.C	10	2.200	3.760	0.004
BPP_new_20_75_3.C	10	2.200	3.760	0.004
BPP_new_20_75_3.C	10	2.200	3.760	0.004
BPP_new_20_75_3.C	10	2.200	3.760	0.004
BPP_new_20_75_3.C	10	2.200	3.760	0.003
BPP_new_20_75_4.C	11	3.800	5.240	0.004
BPP_new_20_75_4.C	11	3.800	5.240	0.004
BPP_new_20_75_4.C	11	3.800	5.240	0.003
BPP_new_20_75_4.C	11	3.800	5.240	0.004
BPP_new_20_75_4.C	11	3.800	5.240	0.004
BPP_new_20_75_4.C	11	3.800	5.240	0.004
BPP_new_20_75_4.C	11	3.800	5.240	0.004
BPP_new_20_75_4.C	11	3.800	5.240	0.004
BPP_new_20_75_4.C	11	3.800	5.240	0.004
BPP_new_20_75_4.C	11	3.800	5.240	0.004
BPP_new_20_75_5.C	11	5.000	6.200	0.004
BPP_new_20_75_5.C	10	5.200	6.160	0.004
BPP_new_20_75_5.C	10	5.200	6.160	0.004
BPP_new_20_75_5.C	11	5.000	6.200	0.003
BPP_new_20_75_5.C	11	5.000	6.200	0.003
BPP_new_20_75_5.C	10	5.200	6.160	0.003
BPP_new_20_75_5.C	11	5.000	6.200	0.004
BPP_new_20_75_5.C	11	5.000	6.200	0.004
BPP_new_20_75_5.C	11	5.000	6.200	0.003
BPP_new_20_75_5.C	10	5.200	6.160	0.004
BPP_new_20_75_6.C	6	2.600	3.280	0.003
BPP_new_20_75_6.C	6	2.600	3.280	0.003
BPP_new_20_75_6.C	6	2.600	3.280	0.003
BPP_new_20_75_6.C	6	2.600	3.280	0.003
BPP_new_20_75_6.C	6	2.600	3.280	0.003
BPP_new_20_75_6.C	6	2.600	3.280	0.003
BPP_new_20_75_6.C	6	2.600	3.280	0.003
BPP_new_20_75_6.C	6	2.600	3.280	0.003
BPP_new_20_75_6.C	6	2.600	3.280	0.003
BPP_new_20_75_6.C	6	2.600	3.280	0.003
BPP_new_20_75_7.C	9	1.800	3.240	0.003
BPP_new_20_75_7.C	9	1.800	3.240	0.003
BPP_new_20_75_7.C	9	1.800	3.240	0.003
BPP_new_20_75_7.C	9	1.800	3.240	0.003
BPP_new_20_75_7.C	9	1.800	3.240	0.003
BPP_new_20_75_7.C	9	1.800	3.240	0.003
BPP_new_20_75_7.C	9	1.800	3.240	0.003
BPP_new_20_75_7.C	9	1.800	3.240	0.003
BPP_new_20_75_7.C	9	1.800	3.240	0.003
BPP_new_20_75_7.C	9	1.800	3.240	0.003
BPP_new_20_75_8.C	8	2.600	3.680	0.003
BPP_new_20_75_8.C	8	2.600	3.680	0.003
BPP_new_20_75_8.C	8	2.600	3.680	0.003
BPP_new_20_75_8.C	8	2.600	3.680	0.003
BPP_new_20_75_8.C	8	2.600	3.680	0.003
BPP_new_20_75_8.C	8	2.600	3.680	0.003
BPP_new_20_75_8.C	8	2.600	3.680	0.003
BPP_new_20_75_8.C	8	2.600	3.680	0.003
BPP_new_20_75_8.C	8	2.600	3.680	0.003
BPP_new_20_75_8.C	8	2.600	3.680	0.003
BPP_new_20_75_9.C	10	4.400	5.520	0.003
BPP_new_20_75_9.C	10	4.400	5.520	0.003
BPP_new_20_75_9.C	10	4.400	5.520	0.003
BPP_new_20_75_9.C	10	4.400	5.520	0.004
BPP_new_20_75_9.C	10	4.400	5.520	0.004
BPP_new_20_75_9.C	10	4.400	5.520	0.004
BPP_new_20_75_9.C	10	4.400	5.520	0.003
BPP_new_20_75_9.C	10	4.400	5.520	0.003
BPP_new_20_75_9.C	10	4.400	5.520	0.004
BPP_new_20_75_9.C	10	4.400	5.520	0.004
HBPP_02015007_09180.C	10	1.000	2.800	0.038
HBPP_02015007_09180.C	10	1.000	2.800	0.039
HBPP_02015007_09180.C	10	1.000	2.800	0.038
HBPP_02015007_09180.C	10	1.000	2.800	0.038
HBPP_02015007_09180.C	10	1.000	2.800	0.039
HBPP_02015007_09180.C	10	1.000	2.800	0.039
HBPP_02015007_09180.C	10	1.000	2.800	0.038
HBPP_02015007_09180.C	10	1.000	2.800	0.039
HBPP_02015007_09180.C	10	1.000	2.800	0.038
HBPP_02015007_09180.C	10	1.000	2.800	0.039
HBPP_04000107_06970.C	16	2.600	5.280	0.113
HBPP_04000107_06970.C	16	2.600	5.280	0.115
HBPP_04000107_06970.C	16	2.400	5.120	0.133
HBPP_04000107_06970.C	16	2.800	5.440	0.114
HBPP_04000107_06970.C	16	2.600	5.280	0.132
HBPP_04000107_06970.C	16	2.600	5.280	0.114
HBPP_04000107_06970.C	16	2.200	4.960	0.112
HBPP_04000107_06970.C	16	3.000	5.600	0.115
HBPP_04000107_06970.C	16	2.600	5.280	0.112
HBPP_04000107_06970.C	16	2.600	5.280	0.113
HBPP_04005007_06120.C	16	2.200	4.960	0.116
HBPP_04005007_06120.C	16	2.200	4.960	0.115
HBPP_04005007_06120.C	16	2.200	4.960	0.113
HBPP_04005007_06120.C	16	2.200	4.960	0.117
HBPP_04005007_06120.C	16	2.200	4.960	0.115
HBPP_04005007_06120.C	16	2.200	4.960	0.113
HBPP_04005007_06120.C	16	2.200	4.960	0.115
HBPP_04005007_06120.C	16	2.200	4.960	0.114
HBPP_04005007_06120.C	16	2.200	4.960	0.116
HBPP_04005007_06120.C	16	2.200	4.960	0.114
HBPP_04005009_03610.C	20	2.600	6.080	0.158
HBPP_04005009_03610.C	20	2.600	6.080	0.140
HBPP_04005009_03610.C	20	2.600	6.080	0.142
HBPP_04005009_03610.C	20	2.600	6.080	0.167
HBPP_04005009_03610.C	20	2.600	6.080	0.148
HBPP_04005009_03610.C	20	2.600	6.080	0.142
HBPP_04005009_03610.C	20	2.600	6.080	0.147
HBPP_04005009_03610.C	20	2.600	6.080	0.150
HBPP_04005009_03610.C	20	2.600	6.080	0.158
HBPP_04005009_03610.C	20	2.600	6.080	0.152
HBPP_06000106_07820.C	21	2.800	6.440	0.244
HBPP_06000106_07820.C	21	2.800	6.440	0.272
HBPP_06000106_07820.C	21	2.800	6.440	0.219
HBPP_06000106_07820.C	21	2.200	5.960	0.219
HBPP_06000106_07820.C	21	2.800	6.440	0.222
HBPP_06000106_07820.C	21	2.800	6.440	0.225
HBPP_06000106_07820.C	21	2.800	6.440	0.220
HBPP_06000106_07820.C	21	2.800	6.440	0.223
HBPP_06000106_07820.C	21	2.800	6.440	0.221
HBPP_06000106_07820.C	21	2.600	6.280	0.221
HBPP_06000110_01950.C	27	3.000	7.800	0.279
HBPP_06000110_01950.C	27	3.000	7.800	0.282
HBPP_06000110_01950.C	27	3.000	7.800	0.281
HBPP_06000110_01950.C	27	3.000	7.800	0.282
HBPP_06000110_01950.C	27	3.000	7.800	0.281
HBPP_06000110_01950.C	27	3.000	7.800	0.285
HBPP_06000110_01950.C	27	3.000	7.800	0.281
HBPP_06000110_01950.C	27	3.000	7.800	0.281
HBPP_06000110_01950.C	27	3.000	7.800	0.283
HBPP_06000110_01950.C	27	3.000	7.800	0.281
HBPP_06005007_00330.C	23	3.800	7.640	0.246
HBPP_06005007_00330.C	23	4.000	7.800	0.246
HBPP_06005007_00330.C	23	4.000	7.800	0.245
HBPP_06005007_00330.C	23	3.800	7.640	0.247
HBPP_06005007_00330.C	23	4.000	7.800	0.246
HBPP_06005007_00330.C	23	4.000	7.800	0.243
HBPP_06005007_00330.C	23	4.000	7.800	0.248
HBPP_06005007_00330.C	23	4.000	7.800	0.246
HBPP_06005007_00330.C	23	3.800	7.640	0.247
HBPP_06005007_00330.C	23	3.800	7.640	0.248
HBPP_06005007_03820.C	22	1.400	5.520	0.231
HBPP_06005007_03820.C	22	1.600	5.680	0.230
HBPP_06005007_03820.C	22	1.400	5.520	0.232
HBPP_06005007_03820.C	22	1.400	5.520	0.237
HBPP_06005007_03820.C	22	1.400	5.520	0.232
HBPP_06005007_03820.C	22	1.400	5.520	0.233
HBPP_06005007_03820.C	22	1.400	5.520	0.252
HBPP_06005007_03820.C	22	1.600	5.680	0.241
HBPP_06005007_03820.C	22	1.400	5.520	0.247
HBPP_06005007_03820.C	22	1.400	5.520	0.263
HBPP_06005008_07550.C	24	3.200	7.360	0.304
HBPP_06005008_07550.C	24	3.400	7.520	0.287
HBPP_06005008_07550.C	24	3.400	7.520	0.297
HBPP_06005008_07550.C	24	3.200	7.360	0.296
HBPP_06005008_07550.C	24	3.400	7.520	0.281
HBPP_06005008_07550.C	24	3.200	7.360	0.295
HBPP_06005008_07550.C	24	3.400	7.520	0.279
HBPP_06005008_07550.C	24	3.400	7.520	0.278
HBPP_06005008_07550.C	24	3.400	7.520	0.284
HBPP_06005008_07550.C	24	3.400	7.520	0.284
HBPP_06015006_00670.C	25	1.600	6.280	0.349
HBPP_06015006_00670.C	26	2.000	6.800	0.335
HBPP_06015006_00670.C	26	2.000	6.800	0.332
HBPP_06015006_00670.C	25	2.000	6.600	0.350
HBPP_06015006_00670.C	25	1.800	6.440	0.339
HBPP_06015006_00670.C	25	1.600	6.280	0.343
HBPP_06015006_00670.C	25	1.600	6.280	0.316
HBPP_06015006_00670.C	25	2.000	6.600	0.317
HBPP_06015006_00670.C	25	1.600	6.280	0.322
HBPP_06015006_00670.C	26	2.000	6.800	0.329
HBPP_06015009_04030.C	32	4.600	10.080	0.333
HBPP_06015009_04030.C	32	4.600	10.080	0.338
HBPP_06015009_04030.C	32	4.600	10.080	0.336
HBPP_06015009_04030.C	32	4.600	10.080	0.333
HBPP_06015009_04030.C	32	4.600	10.080	0.333
HBPP_06015009_04030.C	32	4.800	10.240	0.335
HBPP_06015009_04030.C	32	4.600	10.080	0.338
HBPP_06015009_04030.C	32	4.600	10.080	0.334
HBPP_06015009_04030.C	32	4.600	10.080	0.334
HBPP_06015009_04030.C	32	4.800	10.240	0.333
HBPP_06015010_07710.C	34	2.600	8.880	0.362
HBPP_06015010_07710.C	34	2.600	8.880	0.357
HBPP_06015010_07710.C	34	2.400	8.720	0.362
HBPP_06015010_07710.C	34	2.200	8.560	0.363
HBPP_06015010_07710.C	34	2.600	8.880	0.362
HBPP_06015010_07710.C	34	2.400	8.720	0.422
HBPP_06015010_07710.C	34	2.600	8.880	0.412
HBPP_06015010_07710.C	34	2.600	8.880	0.456
HBPP_06015010_07710.C	34	2.400	8.720	0.415
HBPP_06015010_07710.C	34	2.600	8.880	0.428
HBPP_06025005_06390.C	25	5.000	9.000	0.268
HBPP_06025005_06390.C	24	5.000	8.800	0.266
HBPP_06025005_06390.C	25	5.000	9.000	0.267
HBPP_06025005_06390.C	24	5.400	9.120	0.269
HBPP_06025005_06390.C	25	5.000	9.000	0.266
HBPP_06025005_06390.C	25	5.000	9.000	0.266
HBPP_06025005_06390.C	25	5.000	9.000	0.272
HBPP_06025005_06390.C	24	5.400	9.120	0.267
HBPP_06025005_06390.C	24	5.000	8.800	0.269
HBPP_06025005_06390.C	24	5.000	8.800	0.329
HBPP_08000107_06240.C	28	5.800	10.240	0.526
HBPP_08000107_06240.C	29	5.400	10.120	0.556
HBPP_08000107_06240.C	29	5.400	10.120	0.504
HBPP_08000107_06240.C	28	5.800	10.240	0.583
HBPP_08000107_06240.C	29	5.400	10.120	0.558
HBPP_08000107_06240.C	28	5.600	10.080	0.558
HBPP_08000107_06240.C	29	5.400	10.120	0.523
HBPP_08000107_06240.C	28	5.600	10.080	0.554
HBPP_08000107_06240.C	28	5.600	10.080	0.487
HBPP_08000107_06240.C	29	5.400	10.120	0.578
HBPP_08005006_08620.C	28	5.400	9.920	0.396
HBPP_08005006_08620.C	28	5.400	9.920	0.401
HBPP_08005006_08620.C	28	5.400	9.920	0.401
HBPP_08005006_08620.C	28	5.400	9.920	0.401
HBPP_08005006_08620.C	28	5.200	9.760	0.399
HBPP_08005006_08620.C	29	5.200	9.960	0.398
HBPP_08005006_08620.C	28	5.200	9.760	0.400
HBPP_08005006_08620.C	28	5.400	9.920	0.396
HBPP_08005006_08620.C	28	5.200	9.760	0.398
HBPP_08005006_08620.C	28	5.200	9.760	0.399
HBPP_08005007_03940.C	29	5.400	10.120	0.534
HBPP_08005007_03940.C	29	5.200	9.960	0.520
HBPP_08005007_03940.C	29	5.400	10.120	0.543
HBPP_08005007_03940.C	29	5.400	10.120	0.531
HBPP_08005007_03940.C	29	5.400	10.120	0.524
HBPP_08005007_03940.C	29	5.200	9.960	0.544
HBPP_08005007_03940.C	29	5.400	10.120	0.548
HBPP_08005007_03940.C	29	5.400	10.120	0.605
HBPP_08005007_03940.C	29	5.400	10.120	0.401
HBPP_08005007_03940.C	29	5.400	10.120	0.401
HBPP_10000107_05080.C	38	4.600	11.280	0.648
HBPP_10000107_05080.C	38	5.000	11.600	0.648
HBPP_10000107_05080.C	38	4.600	11.280	0.653
HBPP_10000107_05080.C	38	5.000	11.600	0.658
HBPP_10000107_05080.C	38	5.000	11.600	1.055
HBPP_10000107_05080.C	38	5.000	11.600	0.659
HBPP_10000107_05080.C	38	4.800	11.440	0.658
HBPP_10000107_05080.C	38	5.000	11.600	1.026
HBPP_10000107_05080.C	38	4.600	11.280	0.650
HBPP_10000107_05080.C	38	4.600	11.280	0.657
HBPP_10000107_07330.C	36	3.600	10.080	0.619
HBPP_10000107_07330.C	36	3.800	10.240	0.624
HBPP_10000107_07330.C	36	3.800	10.240	0.639
HBPP_10000107_07330.C	36	3.800	10.240	0.642
HBPP_10000107_07330.C	36	3.600	10.080	0.706
HBPP_10000107_07330.C	36	3.800	10.240	0.739
HBPP_10000107_07330.C	36	3.600	10.080	0.644
HBPP_10000107_07330.C	36	3.600	10.080	0.786
HBPP_10000107_07330.C	36	3.600	10.080	0.625
HBPP_10000107_07330.C	36	3.600	10.080	0.617
HBPP_10000108_02570.C	39	4.200	11.160	0.661
HBPP_10000108_02570.C	39	4.200	11.160	0.659
HBPP_10000108_02570.C	39	4.200	11.160	0.660
HBPP_10000108_02570.C	39	4.200	11.160	0.660
HBPP_10000108_02570.C	39	4.200	11.160	0.740
HBPP_10000108_02570.C	39	3.600	10.680	0.765
HBPP_10000108_02570.C	39	4.200	11.160	0.899
HBPP_10000108_02570.C	39	4.200	11.160	0.666
HBPP_10000108_02570.C	39	4.200	11.160	0.835
HBPP_10000108_02570.C	39	4.200	11.160	0.666
HBPP_10015007_04640.C	46	3.800	12.240	0.930
HBPP_10015007_04640.C	46	4.000	12.400	0.810
HBPP_10015007_04640.C	46	3.600	12.080	0.814
HBPP_10015007_04640.C	46	3.600	12.080	0.799
HBPP_10015007_04640.C	46	3.600	12.080	0.807
HBPP_10015007_04640.C	46	3.800	12.240	0.810
HBPP_10015007_04640.C	46	3.600	12.080	0.805
HBPP_10015007_04640.C	46	3.800	12.240	0.803
HBPP_10015007_04640.C	46	3.800	12.240	0.797
HBPP_10015007_04640.C	46	3.600	12.080	0.816
HBPP_12000107_08940.C	47	5.600	13.880	0.933
HBPP_12000107_08940.C	47	5.600	13.880	0.934
HBPP_12000107_08940.C	47	5.600	13.880	0.937
HBPP_12000107_08940.C	47	5.600	13.880	0.932
HBPP_12000107_08940.C	47	5.600	13.880	0.933
HBPP_12000107_08940.C	47	5.600	13.880	0.930
HBPP_12000107_08940.C	47	5.600	13.880	0.939
HBPP_12000107_08940.C	47	5.600	13.880	0.934
HBPP_12000107_08940.C	47	5.600	13.880	0.935
HBPP_12000107_08940.C	47	5.600	13.880	0.937
HBPP_12000108_00350.C	45	1.600	10.280	1.196
HBPP_12000108_00350.C	45	1.600	10.280	1.330
HBPP_12000108_00350.C	45	1.600	10.280	1.480
HBPP_12000108_00350.C	45	1.600	10.280	1.479
HBPP_12000108_00350.C	45	1.600	10.280	0.923
HBPP_12000108_00350.C	45	1.400	10.120	0.932
HBPP_12000108_00350.C	45	2.400	10.920	0.934
HBPP_12000108_00350.C	45	2.000	10.600	0.927
HBPP_12000108_00350.C	46	2.000	10.800	0.920
HBPP_12000108_00350.C	45	1.600	10.280	0.934
HBPP_12000109_09170.C	59	3.000	14.200	1.453
HBPP_12000109_09170.C	59	3.000	14.200	1.770
HBPP_12000109_09170.C	59	3.200	14.360	1.505
HBPP_12000109_09170.C	58	2.200	13.360	1.169
HBPP_12000109_09170.C	59	3.000	14.200	1.159
HBPP_12000109_09170.C	59	3.000	14.200	1.798
HBPP_12000109_09170.C	59	3.000	14.200	1.836
HBPP_12000109_09170.C	59	3.200	14.360	1.803
HBPP_12000109_09170.C	58	2.200	13.360	1.150
HBPP_12000109_09170.C	59	3.000	14.200	1.151
HBPP_12000110_06550.C	62	3.800	15.440	1.239
HBPP_12000110_06550.C	62	3.800	15.440	2.127
HBPP_12000110_06550.C	62	3.800	15.440	2.109
HBPP_12000110_06550.C	62	3.800	15.440	1.238
HBPP_12000110_06550.C	62	4.000	15.600	1.239
HBPP_12000110_06550.C	62	3.800	15.440	1.238
HBPP_12000110_06550.C	62	3.800	15.440	1.233
HBPP_12000110_06550.C	62	3.800	15.440	1.245
HBPP_12000110_06550.C	62	3.800	15.440	1.241
HBPP_12000110_06550.C	62	4.000	15.600	1.237
HBPP_12005007_01380.C	53	3.000	13.000	1.220
HBPP_12005007_01380.C	52	2.400	12.320	1.283
HBPP_12005007_01380.C	53	3.000	13.000	1.434
HBPP_12005007_01380.C	53	3.000	13.000	1.595
HBPP_12005007_01380.C	53	3.000	13.000	1.758
HBPP_12005007_01380.C	53	3.000	13.000	1.860
HBPP_12005007_01380.C	53	3.000	13.000	1.799
HBPP_12005007_01380.C	53	3.000	13.000	1.803
HBPP_12005007_01380.C	53	3.000	13.000	1.848
HBPP_12005007_01380.C	53	3.000	13.000	1.099
HBPP_12005007_01800.C	45	4.400	12.520	0.938
HBPP_12005007_01800.C	45	4.800	12.840	0.934
HBPP_12005007_01800.C	45	5.200	13.160	0.927
HBPP_12005007_01800.C	45	4.400	12.520	0.945
HBPP_12005007_01800.C	45	5.000	13.000	0.937
HBPP_12005007_01800.C	45	4.800	12.840	0.931
HBPP_12005007_01800.C	45	4.600	12.680	1.579
HBPP_12005007_01800.C	45	4.800	12.840	0.937
HBPP_12005007_01800.C	45	5.200	13.160	0.939
HBPP_12005007_01800.C	45	4.800	12.840	0.936
HBPP_12005007_03240.C	44	4.200	12.160	0.918
HBPP_12005007_03240.C	44	4.000	12.000	0.919
HBPP_12005007_03240.C	44	3.800	11.840	0.919
HBPP_12005007_03240.C	44	3.800	11.840	0.915
HBPP_12005007_03240.C	44	4.000	12.000	1.497
HBPP_12005007_03240.C	44	4.000	12.000	0.920
HBPP_12005007_03240.C	44	4.000	12.000	0.984
HBPP_12005007_03240.C	44	4.200	12.160	0.965
HBPP_12005007_03240.C	44	4.000	12.000	0.940
HBPP_12005007_03240.C	44	4.200	12.160	1.021
HBPP_12005008_04500.C	55	5.600	15.480	1.141
HBPP_12005008_04500.C	56	5.400	15.520	1.140
HBPP_12005008_04500.C	55	5.800	15.640	1.148
HBPP_12005008_04500.C	55	5.800	15.640	1.145
HBPP_12005008_04500.C	55	5.600	15.480	1.168
HBPP_12005008_04500.C	55	5.800	15.640	1.148
HBPP_12005008_04500.C	56	5.400	15.520	1.137
HBPP_12005008_04500.C	55	5.800	15.640	1.144
HBPP_12005008_04500.C	56	5.400	15.520	1.142
HBPP_12005008_04500.C	56	5.600	15.680	1.132
HBPP_12015007_01650.C	55	5.200	15.160	1.127
HBPP_12015007_01650.C	56	5.000	15.200	1.126
HBPP_12015007_01650.C	56	4.800	15.040	1.394
HBPP_12015007_01650.C	55	5.000	15.000	1.212
HBPP_12015007_01650.C	55	5.200	15.160	1.175
HBPP_12015007_01650.C	56	5.000	15.200	1.151
HBPP_12015007_01650.C	55	5.200	15.160	1.176
HBPP_12015007_01650.C	55	5.200	15.160	1.129
HBPP_12015007_01650.C	55	5.000	15.000	1.245
HBPP_12015007_01650.C	55	5.000	15.000	1.274
HBPP_12015009_07400.C	63	7.400	18.520	1.315
HBPP_12015009_07400.C	63	7.200	18.360	1.311
HBPP_12015009_07400.C	63	8.000	19.000	1.342
HBPP_12015009_07400.C	63	7.400	18.520	1.349
HBPP_12015009_07400.C	63	7.400	18.520	1.401
HBPP_12015009_07400.C	63	7.400	18.520	1.470
HBPP_12015009_07400.C	63	7.400	18.520	1.537
HBPP_12015009_07400.C	63	8.000	19.000	1.676
HBPP_12015009_07400.C	63	7.400	18.520	1.999
HBPP_12015009_07400.C	63	8.000	19.000	1.296
HBPP_14005010_04470.C	82	9.800	24.240	1.918
HBPP_14005010_04470.C	82	9.600	24.080	1.927
HBPP_14005010_04470.C	82	10.200	24.560	1.913
HBPP_14005010_04470.C	82	9.800	24.240	3.409
HBPP_14005010_04470.C	82	9.600	24.080	3.430
HBPP_14005010_04470.C	82	9.600	24.080	3.396
HBPP_14005010_04470.C	81	9.800	24.040	1.948
HBPP_14005010_04470.C	82	10.200	24.560	1.915
HBPP_14005010_04470.C	82	10.000	24.400	1.916
HBPP_14005010_04470.C	82	9.600	24.080	1.931
HBPP_14015007_01210.C	65	5.800	17.640	1.588
HBPP_14015007_01210.C	65	5.600	17.480	1.584
HBPP_14015007_01210.C	65	5.800	17.640	2.802
HBPP_14015007_01210.C	64	6.000	17.600	2.848
HBPP_14015007_01210.C	65	5.800	17.640	2.817
HBPP_14015007_01210.C	65	5.800	17.640	2.880
HBPP_14015007_01210.C	65	5.800	17.640	2.931
HBPP_14015007_01210.C	65	5.800	17.640	2.859
HBPP_14015007_01210.C	65	5.800	17.640	2.736
HBPP_14015007_01210.C	65	5.800	17.640	1.577
HBPP_14015008_03730.C	68	5.000	17.600	1.614
HBPP_14015008_03730.C	67	5.000	17.400	1.628
HBPP_14015008_03730.C	67	4.800	17.240	1.602
HBPP_14015008_03730.C	67	4.800	17.240	2.899
HBPP_14015008_03730.C	67	5.400	17.720	2.852
HBPP_14015008_03730.C	68	5.000	17.600	2.918
HBPP_14015008_03730.C	67	6.000	18.200	2.926
HBPP_14015008_03730.C	68	5.000	17.600	2.929
HBPP_14015008_03730.C	67	4.800	17.240	2.892
HBPP_14015008_03730.C	68	5.000	17.600	2.902
HBPP_16000107_00140.C	63	12.800	22.840	1.798
HBPP_16000107_00140.C	63	12.800	22.840	1.812
HBPP_16000107_00140.C	62	13.200	22.960	1.797
HBPP_16000107_00140.C	63	12.800	22.840	3.236
HBPP_16000107_00140.C	63	12.600	22.680	3.161
HBPP_16000107_00140.C	63	12.800	22.840	2.514
HBPP_16000107_00140.C	62	13.200	22.960	2.393
HBPP_16000107_00140.C	63	12.800	22.840	2.787
HBPP_16000107_00140.C	63	12.800	22.840	2.934
HBPP_16000107_00140.C	63	12.800	22.840	3.139
HBPP_16000108_01490.C	67	12.000	23.000	1.900
HBPP_16000108_01490.C	68	12.200	23.360	1.905
HBPP_16000108_01490.C	67	12.000	23.000	1.885
HBPP_16000108_01490.C	67	12.000	23.000	1.916
HBPP_16000108_01490.C	67	11.800	22.840	1.917
HBPP_16000108_01490.C	67	11.800	22.840	1.883
HBPP_16000108_01490.C	67	12.000	23.000	1.912
HBPP_16000108_01490.C	67	12.200	23.160	1.908
HBPP_16000108_01490.C	67	12.000	23.000	1.930
HBPP_16000108_01490.C	67	12.200	23.160	1.905
HBPP_16000110_02790.C	85	14.200	28.360	2.492
HBPP_16000110_02790.C	85	14.600	28.680	2.453
HBPP_16000110_02790.C	86	15.200	29.360	2.340
HBPP_16000110_02790.C	86	14.600	28.880	2.387
HBPP_16000110_02790.C	85	14.200	28.360	2.513
HBPP_16000110_02790.C	86	14.400	28.720	2.404
HBPP_16000110_02790.C	86	14.400	28.720	3.114
HBPP_16000110_02790.C	86	14.600	28.880	3.709
HBPP_16000110_02790.C	86	14.800	29.040	2.356
HBPP_16000110_02790.C	85	14.400	28.520	2.458
HBPP_16005009_00010.C	80	12.400	25.920	2.358
HBPP_16005009_00010.C	80	12.200	25.760	2.314
HBPP_16005009_00010.C	81	12.400	26.120	2.317
HBPP_16005009_00010.C	80	12.000	25.600	2.295
HBPP_16005009_00010.C	80	12.200	25.760	2.357
HBPP_16005009_00010.C	80	13.000	26.400	2.277
HBPP_16005009_00010.C	81	12.600	26.280	2.310
HBPP_16005009_00010.C	80	12.200	25.760	2.340
HBPP_16005009_00010.C	80	12.000	25.600	4.055
HBPP_16005009_00010.C	80	12.000	25.600	2.356
HBPP_16005009_01610.C	80	10.600	24.480	2.274
HBPP_16005009_01610.C	80	11.000	24.800	2.283
HBPP_16005009_01610.C	80	11.200	24.960	2.303
HBPP_16005009_01610.C	80	11.000	24.800	2.303
HBPP_16005009_01610.C	80	11.200	24.960	2.254
HBPP_16005009_01610.C	80	10.800	24.640	2.288
HBPP_16005009_01610.C	80	10.600	24.480	2.278
HBPP_16005009_01610.C	80	10.400	24.320	2.271
HBPP_16005009_01610.C	80	11.000	24.800	2.263
HBPP_16005009_01610.C	80	11.000	24.800	2.267
HBPP_16015007_02060.C	75	7.800	21.240	2.146
HBPP_16015007_02060.C	75	7.800	21.240	2.177
HBPP_16015007_02060.C	75	9.000	22.200	2.125
HBPP_16015007_02060.C	75	9.000	22.200	2.132
HBPP_16015007_02060.C	75	8.000	21.400	2.155
HBPP_16015007_02060.C	75	9.000	22.200	2.149
HBPP_16015007_02060.C	75	8.800	22.040	2.110
HBPP_16015007_02060.C	75	7.800	21.240	2.128
HBPP_16015007_02060.C	75	7.800	21.240	2.149
HBPP_16015007_02060.C	75	9.000	22.200	2.138
HBPP_16015009_09810.C	87	11.600	26.680	2.621
HBPP_16015009_09810.C	87	12.000	27.000	3.301
HBPP_16015009_09810.C	87	12.000	27.000	2.622
HBPP_16015009_09810.C	87	12.000	27.000	2.595
HBPP_16015009_09810.C	86	10.600	25.680	2.625
HBPP_16015009_09810.C	87	12.000	27.000	2.551
HBPP_16015009_09810.C	87	11.800	26.840	2.573
HBPP_16015009_09810.C	87	12.000	27.000	2.631
HBPP_16015009_09810.C	87	11.800	26.840	2.645
HBPP_16015009_09810.C	87	12.000	27.000	2.628
HBPP_18000108_03590.C	77	8.600	22.280	2.902
HBPP_18000108_03590.C	77	8.200	21.960	2.873
HBPP_18000108_03590.C	77	8.400	22.120	2.905
HBPP_18000108_03590.C	78	8.600	22.480	2.865
HBPP_18000108_03590.C	77	10.000	23.400	2.849
HBPP_18000108_03590.C	77	9.600	23.080	2.864
HBPP_18000108_03590.C	77	8.800	22.440	2.921
HBPP_18000108_03590.C	77	8.400	22.120	2.861
HBPP_18000108_03590.C	77	8.800	22.440	2.879
HBPP_18000108_03590.C	77	8.400	22.120	2.908
HBPP_18000108_07160.C	79	8.400	22.520	2.916
HBPP_18000108_07160.C	79	8.000	22.200	2.954
HBPP_18000108_07160.C	79	8.200	22.360	3.050
HBPP_18000108_07160.C	79	8.200	22.360	2.973
HBPP_18000108_07160.C	79	8.000	22.200	2.993
HBPP_18000108_07160.C	79	8.200	22.360	3.025
HBPP_18000108_07160.C	79	7.400	21.720	2.994
HBPP_18000108_07160.C	79	8.000	22.200	2.876
HBPP_18000108_07160.C	79	8.600	22.680	2.952
HBPP_18000108_07160.C	79	7.200	21.560	3.132
HBPP_18000110_04390.C	90	8.400	24.720	4.744
HBPP_18000110_04390.C	90	7.000	23.600	5.006
HBPP_18000110_04390.C	90	7.200	23.760	4.840
HBPP_18000110_04390.C	90	7.000	23.600	4.601
HBPP_18000110_04390.C	90	8.600	24.880	4.543
HBPP_18000110_04390.C	90	7.000	23.600	4.991
HBPP_18000110_04390.C	90	8.400	24.720	4.755
HBPP_18000110_04390.C	90	7.200	23.760	4.949
HBPP_18000110_04390.C	90	7.800	24.240	5.080
HBPP_18000110_04390.C	90	8.200	24.560	4.869
HBPP_18015008_08210.C	89	15.200	29.960	3.262
HBPP_18015008_08210.C	89	15.400	30.120	3.240
HBPP_18015008_08210.C	89	15.200	29.960	3.254
HBPP_18015008_08210.C	89	15.400	30.120	3.292
HBPP_18015008_08210.C	89	15.200	29.960	3.292
HBPP_18015008_08210.C	89	15.400	30.120	3.318
HBPP_18015008_08210.C	89	15.200	29.960	3.256
HBPP_18015008_08210.C	89	15.400	30.120	3.312
HBPP_18015008_08210.C	89	15.200	29.960	3.262
HBPP_18015008_08210.C	89	15.400	30.120	3.320
HBPP_18015010_06050.C	109	9.200	29.160	5.984
HBPP_18015010_06050.C	109	8.600	28.680	4.098
HBPP_18015010_06050.C	109	8.600	28.680	6.175
HBPP_18015010_06050.C	109	8.400	28.520	4.095
HBPP_18015010_06050.C	109	8.600	28.680	4.035
HBPP_18015010_06050.C	109	8.400	28.520	4.100
HBPP_18015010_06050.C	109	8.600	28.680	5.248
HBPP_18015010_06050.C	109	9.400	29.320	4.012
HBPP_18015010_06050.C	109	9.200	29.160	3.992
HBPP_18015010_06050.C	109	8.600	28.680	4.139
HBPP_20000107_01190.C	78	3.800	18.640	4.924
HBPP_20000107_01190.C	78	2.800	17.840	4.978
HBPP_20000107_01190.C	78	2.200	17.360	5.017
HBPP_20000107_01190.C	78	3.600	18.480	4.837
HBPP_20000107_01190.C	78	3.800	18.640	4.808
HBPP_20000107_01190.C	78	3.400	18.320	3.540
HBPP_20000107_01190.C	78	3.800	18.640	3.475
HBPP_20000107_01190.C	78	3.600	18.480	3.495
HBPP_20000107_01190.C	78	3.800	18.640	3.528
HBPP_20000107_01190.C	78	3.600	18.480	3.554
HBPP_20000108_00250.C	79	10.400	24.120	3.644
HBPP_20000108_00250.C	79	10.400	24.120	3.669
HBPP_20000108_00250.C	79	10.400	24.120	3.644
HBPP_20000108_00250.C	79	10.400	24.120	3.677
HBPP_20000108_00250.C	79	10.400	24.120	3.600
HBPP_20000108_00250.C	79	10.200	23.960	3.643
HBPP_20000108_00250.C	79	10.200	23.960	3.545
HBPP_20000108_00250.C	79	10.200	23.960	3.580
HBPP_20000108_00250.C	79	10.400	24.120	3.448
HBPP_20000108_00250.C	78	11.000	24.400	3.429
HBPP_20000108_01750.C	88	12.200	27.360	3.958
HBPP_20000108_01750.C	88	12.200	27.360	4.019
HBPP_20000108_01750.C	87	12.200	27.160	4.010
HBPP_20000108_01750.C	88	12.200	27.360	4.137
HBPP_20000108_01750.C	88	12.200	27.360	4.276
HBPP_20000108_01750.C	88	11.000	26.400	4.525
HBPP_20000108_01750.C	88	12.200	27.360	4.633
HBPP_20000108_01750.C	88	11.200	26.560	5.208
HBPP_20000108_01750.C	88	11.400	26.720	5.147
HBPP_20000108_01750.C	88	11.800	27.040	5.421
HBPP_20005008_01240.C	88	8.200	24.160	6.032
HBPP_20005008_01240.C	88	7.800	23.840	4.049
HBPP_20005008_01240.C	88	8.200	24.160	3.987
HBPP_20005008_01240.C	88	8.000	24.000	4.015
HBPP_20005008_01240.C	88	8.400	24.320	5.703
HBPP_20005008_01240.C	88	7.800	23.840	5.911
HBPP_20005008_01240.C	88	7.800	23.840	5.539
HBPP_20005008_01240.C	88	7.400	23.520	5.825
HBPP_20005008_01240.C	88	8.600	24.480	5.832
HBPP_20005008_01240.C	88	8.200	24.160	5.798
HBPP_20005009_02000.C	96	10.600	27.680	5.888
HBPP_20005009_02000.C	96	8.600	26.080	6.505
HBPP_20005009_02000.C	96	9.000	26.400	6.569
HBPP_20005009_02000.C	96	9.800	27.040	6.416
HBPP_20005009_02000.C	96	8.800	26.240	6.646
HBPP_20005009_02000.C	96	9.600	26.880	5.965
HBPP_20005009_02000.C	96	9.200	26.560	6.155
HBPP_20005009_02000.C	96	9.400	26.720	6.400
HBPP_20005009_02000.C	97	9.000	26.600	5.329
HBPP_20005009_02000.C	96	8.600	26.080	5.457
HBPP_20005010_09530.C	105	8.000	27.400	4.906
HBPP_20005010_09530.C	106	8.400	27.920	4.929
HBPP_20005010_09530.C	105	9.200	28.360	4.840
HBPP_20005010_09530.C	105	9.200	28.360	4.757
HBPP_20005010_09530.C	105	10.000	29.000	4.676
HBPP_20005010_09530.C	105	9.200	28.360	4.792
HBPP_20005010_09530.C	105	9.400	28.520	4.843
HBPP_20005010_09530.C	105	9.200	28.360	4.684
HBPP_20005010_09530.C	106	7.400	27.120	4.902
HBPP_20005010_09530.C	105	9.200	28.360	4.652
HBPP_20015007_06370.C	86	9.400	24.720	5.666
HBPP_20015007_06370.C	86	9.400	24.720	5.691
HBPP_20015007_06370.C	86	9.800	25.040	5.624
HBPP_20015007_06370.C	86	9.600	24.880	5.572
HBPP_20015007_06370.C	86	8.200	23.760	5.532
HBPP_20015007_06370.C	86	9.400	24.720	5.529
HBPP_20015007_06370.C	86	9.400	24.720	5.661
HBPP_20015007_06370.C	87	8.400	24.120	5.589
HBPP_20015007_06370.C	87	8.200	23.960	5.505
HBPP_20015007_06370.C	86	9.600	24.880	5.494
HBPP_20015009_02720.C	114	16.000	35.600	7.185
HBPP_20015009_02720.C	115	16.000	35.800	7.376
HBPP_20015009_02720.C	115	16.000	35.800	7.450
HBPP_20015009_02720.C	115	16.000	35.800	7.336
HBPP_20015009_02720.C	115	15.800	35.640	8.204
HBPP_20015009_02720.C	115	16.000	35.800	5.097
HBPP_20015009_02720.C	115	16.000	35.800	5.197
HBPP_20015009_02720.C	115	17.000	36.600	5.166
HBPP_20015009_02720.C	115	16.000	35.800	5.221
HBPP_20015009_02720.C	115	16.000	35.800	7.383
BPP_100_1000_0.1_0.8_0.C	47	0.800	10.040	0.798
BPP_100_1000_0.1_0.8_0.C	47	0.800	10.040	0.797
BPP_100_1000_0.1_0.8_0.C	46	0.800	9.840	0.798
BPP_100_1000_0.1_0.8_0.C	46	0.800	9.840	0.792
BPP_100_1000_0.1_0.8_0.C	46	0.800	9.840	0.803
BPP_100_1000_0.1_0.8_0.C	46	0.800	9.840	0.790
BPP_100_1000_0.1_0.8_0.C	46	0.800	9.840	0.800
BPP_100_1000_0.1_0.8_0.C	46	0.800	9.840	0.806
BPP_100_1000_0.1_0.8_0.C	47	0.800	10.040	0.796
BPP_100_1000_0.1_0.8_0.C	46	0.800	9.840	1.200
BPP_100_1000_0.1_0.8_1.C	47	-0.000	9.400	0.801
BPP_100_1000_0.1_0.8_1.C	47	-0.000	9.400	0.792
BPP_100_1000_0.1_0.8_1.C	47	-0.000	9.400	0.798
BPP_100_1000_0.1_0.8_1.C	47	-0.000	9.400	0.824
BPP_100_1000_0.1_0.8_1.C	47	-0.000	9.400	0.849
BPP_100_1000_0.1_0.8_1.C	47	-0.000	9.400	0.893
BPP_100_1000_0.1_0.8_1.C	47	-0.000	9.400	0.799
BPP_100_1000_0.1_0.8_1.C	47	-0.000	9.400	0.797
BPP_100_1000_0.1_0.8_1.C	47	-0.000	9.400	0.800
BPP_100_1000_0.1_0.8_1.C	47	-0.000	9.400	0.800
BPP_100_1000_0.1_0.8_2.C	45	1.600	10.280	0.779
BPP_100_1000_0.1_0.8_2.C	45	1.400	10.120	0.779
BPP_100_1000_0.1_0.8_2.C	45	1.600	10.280	0.776
BPP_100_1000_0.1_0.8_2.C	45	1.400	10.120	0.775
BPP_100_1000_0.1_0.8_2.C	45	1.400	10.120	0.779
BPP_100_1000_0.1_0.8_2.C	45	1.400	10.120	0.783
BPP_100_1000_0.1_0.8_2.C	45	1.600	10.280	0.790
BPP_100_1000_0.1_0.8_2.C	45	1.400	10.120	0.868
BPP_100_1000_0.1_0.8_2.C	45	1.600	10.280	1.031
BPP_100_1000_0.1_0.8_2.C	45	1.400	10.120	0.783
BPP_100_1000_0.1_0.8_3.C	45	1.000	9.800	0.789
BPP_100_1000_0.1_0.8_3.C	45	1.000	9.800	0.796
BPP_100_1000_0.1_0.8_3.C	45	1.000	9.800	0.791
BPP_100_1000_0.1_0.8_3.C	45	1.000	9.800	0.793
BPP_100_1000_0.1_0.8_3.C	45	1.000	9.800	0.794
BPP_100_1000_0.1_0.8_3.C	45	1.000	9.800	0.793
BPP_100_1000_0.1_0.8_3.C	45	1.000	9.800	0.800
BPP_100_1000_0.1_0.8_3.C	45	1.000	9.800	0.792
BPP_100_1000_0.1_0.8_3.C	45	1.000	9.800	0.884
BPP_100_1000_0.1_0.8_3.C	45	1.000	9.800	0.981
BPP_100_1000_0.1_0.8_4.C	45	1.000	9.800	0.788
BPP_100_1000_0.1_0.8_4.C	45	1.000	9.800	0.788
BPP_100_1000_0.1_0.8_4.C	45	1.000	9.800	0.781
BPP_100_1000_0.1_0.8_4.C	45	1.000	9.800	0.786
BPP_100_1000_0.1_0.8_4.C	45	1.000	9.800	0.789
BPP_100_1000_0.1_0.8_4.C	45	1.000	9.800	1.237
BPP_100_1000_0.1_0.8_4.C	45	1.000	9.800	1.210
BPP_100_1000_0.1_0.8_4.C	45	1.000	9.800	1.142
BPP_100_1000_0.1_0.8_4.C	45	1.000	9.800	0.783
BPP_100_1000_0.1_0.8_4.C	45	1.000	9.800	0.791
BPP_100_1000_0.1_0.8_5.C	48	3.800	12.640	0.851
BPP_100_1000_0.1_0.8_5.C	47	4.200	12.760	0.863
BPP_100_1000_0.1_0.8_5.C	48	3.800	12.640	0.828
BPP_100_1000_0.1_0.8_5.C	47	4.200	12.760	0.821
BPP_100_1000_0.1_0.8_5.C	48	4.000	12.800	0.828
BPP_100_1000_0.1_0.8_5.C	47	4.000	12.600	0.828
BPP_100_1000_0.1_0.8_5.C	48	3.800	12.640	0.821
BPP_100_1000_0.1_0.8_5.C	48	3.800	12.640	0.823
BPP_100_1000_0.1_0.8_5.C	48	3.800	12.640	0.821
BPP_100_1000_0.1_0.8_5.C	48	3.800	12.640	0.818
BPP_100_1000_0.1_0.8_6.C	45	3.400	11.720	1.257
BPP_100_1000_0.1_0.8_6.C	45	3.400	11.720	0.800
BPP_100_1000_0.1_0.8_6.C	45	3.400	11.720	0.819
BPP_100_1000_0.1_0.8_6.C	45	3.400	11.720	0.804
BPP_100_1000_0.1_0.8_6.C	45	3.400	11.720	0.801
BPP_100_1000_0.1_0.8_6.C	47	3.000	11.800	0.786
BPP_100_1000_0.1_0.8_6.C	47	3.000	11.800	0.787
BPP_100_1000_0.1_0.8_6.C	47	3.000	11.800	0.783
BPP_100_1000_0.1_0.8_6.C	47	3.000	11.800	0.789
BPP_100_1000_0.1_0.8_6.C	47	3.000	11.800	0.919
BPP_100_1000_0.1_0.8_7.C	48	1.800	11.040	0.795
BPP_100_1000_0.1_0.8_7.C	48	1.600	10.880	0.789
BPP_100_1000_0.1_0.8_7.C	47	1.600	10.680	0.813
BPP_100_1000_0.1_0.8_7.C	48	1.800	11.040	0.859
BPP_100_1000_0.1_0.8_7.C	48	1.600	10.880	0.927
BPP_100_1000_0.1_0.8_7.C	48	1.600	10.880	1.122
BPP_100_1000_0.1_0.8_7.C	48	1.600	10.880	1.229
BPP_100_1000_0.1_0.8_7.C	48	1.600	10.880	1.178
BPP_100_1000_0.1_0.8_7.C	47	1.600	10.680	1.189
BPP_100_1000_0.1_0.8_7.C	47	2.200	11.160	1.309
BPP_100_1000_0.1_0.8_8.C	51	1.400	11.320	0.858
BPP_100_1000_0.1_0.8_8.C	51	1.400	11.320	0.855
BPP_100_1000_0.1_0.8_8.C	51	1.400	11.320	0.853
BPP_100_1000_0.1_0.8_8.C	51	1.400	11.320	0.858
BPP_100_1000_0.1_0.8_8.C	51	1.400	11.320	0.862
BPP_100_1000_0.1_0.8_8.C	51	1.400	11.320	0.858
BPP_100_1000_0.1_0.8_8.C	51	1.400	11.320	1.300
BPP_100_1000_0.1_0.8_8.C	51	1.400	11.320	1.284
BPP_100_1000_0.1_0.8_8.C	51	1.400	11.320	1.281
BPP_100_1000_0.1_0.8_8.C	51	1.400	11.320	1.344
BPP_100_1000_0.1_0.8_9.C	45	2.600	11.080	0.765
BPP_100_1000_0.1_0.8_9.C	45	2.600	11.080	0.774
BPP_100_1000_0.1_0.8_9.C	44	2.600	10.880	0.777
BPP_100_1000_0.1_0.8_9.C	44	2.800	11.040	0.771
BPP_100_1000_0.1_0.8_9.C	44	2.800	11.040	0.770
BPP_100_1000_0.1_0.8_9.C	45	2.600	11.080	0.768
BPP_100_1000_0.1_0.8_9.C	44	2.600	10.880	0.766
BPP_100_1000_0.1_0.8_9.C	44	2.800	11.040	0.768
BPP_100_1000_0.1_0.8_9.C	44	2.600	10.880	0.773
BPP_100_1000_0.1_0.8_9.C	44	2.600	10.880	0.769
BPP_100_100_0.1_0.8_0.C	48	3.600	12.480	0.102
BPP_100_100_0.1_0.8_0.C	48	3.200	12.160	0.108
BPP_100_100_0.1_0.8_0.C	48	4.400	13.120	0.098
BPP_100_100_0.1_0.8_0.C	48	3.600	12.480	0.104
BPP_100_100_0.1_0.8_0.C	48	3.400	12.320	0.105
BPP_100_100_0.1_0.8_0.C	48	3.200	12.160	0.107
BPP_100_100_0.1_0.8_0.C	48	3.600	12.480	0.102
BPP_100_100_0.1_0.8_0.C	48	3.200	12.160	0.109
BPP_100_100_0.1_0.8_0.C	48	3.400	12.320	0.102
BPP_100_100_0.1_0.8_0.C	48	3.400	12.320	0.107
BPP_100_100_0.1_0.8_1.C	49	1.600	11.080	0.102
BPP_100_100_0.1_0.8_1.C	49	2.000	11.400	0.100
BPP_100_100_0.1_0.8_1.C	49	1.800	11.240	0.099
BPP_100_100_0.1_0.8_1.C	49	1.800	11.240	0.106
BPP_100_100_0.1_0.8_1.C	49	1.800	11.240	0.098
BPP_100_100_0.1_0.8_1.C	49	1.800	11.240	0.102
BPP_100_100_0.1_0.8_1.C	49	1.600	11.080	0.102
BPP_100_100_0.1_0.8_1.C	49	1.800	11.240	0.103
BPP_100_100_0.1_0.8_1.C	49	2.000	11.400	0.103
BPP_100_100_0.1_0.8_1.C	49	2.000	11.400	0.100
BPP_100_100_0.1_0.8_2.C	43	2.600	10.680	0.089
BPP_100_100_0.1_0.8_2.C	43	2.600	10.680	0.089
BPP_100_100_0.1_0.8_2.C	43	2.600	10.680	0.086
BPP_100_100_0.1_0.8_2.C	43	2.600	10.680	0.087
BPP_100_100_0.1_0.8_2.C	44	2.400	10.720	0.090
BPP_100_100_0.1_0.8_2.C	43	2.600	10.680	0.095
BPP_100_100_0.1_0.8_2.C	43	2.800	10.840	0.092
BPP_100_100_0.1_0.8_2.C	43	2.600	10.680	0.095
BPP_100_100_0.1_0.8_2.C	43	2.600	10.680	0.092
BPP_100_100_0.1_0.8_2.C	43	2.800	10.840	0.095
BPP_100_100_0.1_0.8_3.C	49	2.800	12.040	0.097
BPP_100_100_0.1_0.8_3.C	48	3.000	12.000	0.101
BPP_100_100_0.1_0.8_3.C	49	2.800	12.040	0.098
BPP_100_100_0.1_0.8_3.C	49	2.800	12.040	0.099
BPP_100_100_0.1_0.8_3.C	49	2.600	11.880	0.099
BPP_100_100_0.1_0.8_3.C	49	2.800	12.040	0.101
BPP_100_100_0.1_0.8_3.C	48	2.800	11.840	0.104
BPP_100_100_0.1_0.8_3.C	49	2.800	12.040	0.096
BPP_100_100_0.1_0.8_3.C	49	3.200	12.360	0.099
BPP_100_100_0.1_0.8_3.C	49	2.800	12.040	0.100
BPP_100_100_0.1_0.8_4.C	58	0.800	12.240	0.115
BPP_100_100_0.1_0.8_4.C	58	0.800	12.240	0.113
BPP_100_100_0.1_0.8_4.C	58	0.800	12.240	0.114
BPP_100_100_0.1_0.8_4.C	58	0.800	12.240	0.112
BPP_100_100_0.1_0.8_4.C	58	0.800	12.240	0.110
BPP_100_100_0.1_0.8_4.C	58	0.800	12.240	0.106
BPP_100_100_0.1_0.8_4.C	58	0.800	12.240	0.114
BPP_100_100_0.1_0.8_4.C	58	0.800	12.240	0.112
BPP_100_100_0.1_0.8_4.C	58	0.800	12.240	0.111
BPP_100_100_0.1_0.8_4.C	58	0.800	12.240	0.113
BPP_100_100_0.1_0.8_5.C	52	1.800	11.840	0.102
BPP_100_100_0.1_0.8_5.C	52	1.600	11.680	0.103
BPP_100_100_0.1_0.8_5.C	52	1.800	11.840	0.102
BPP_100_100_0.1_0.8_5.C	52	1.800	11.840	0.102
BPP_100_100_0.1_0.8_5.C	52	1.800	11.840	0.103
BPP_100_100_0.1_0.8_5.C	51	1.800	11.640	0.104
BPP_100_100_0.1_0.8_5.C	51	1.800	11.640	0.101
BPP_100_100_0.1_0.8_5.C	52	1.800	11.840	0.102
BPP_100_100_0.1_0.8_5.C	52	1.800	11.840	0.101
BPP_100_100_0.1_0.8_5.C	52	1.800	11.840	0.101
BPP_100_100_0.1_0.8_6.C	47	0.200	9.560	0.094
BPP_100_100_0.1_0.8_6.C	47	0.200	9.560	0.098
BPP_100_100_0.1_0.8_6.C	47	0.200	9.560	0.096
BPP_100_100_0.1_0.8_6.C	47	0.200	9.560	0.093
BPP_100_100_0.1_0.8_6.C	47	0.200	9.560	0.096
BPP_100_100_0.1_0.8_6.C	47	0.200	9.560	0.095
BPP_100_100_0.1_0.8_6.C	47	0.200	9.560	0.095
BPP_100_100_0.1_0.8_6.C	47	0.200	9.560	0.094
BPP_100_100_0.1_0.8_6.C	47	0.800	10.040	0.092
BPP_100_100_0.1_0.8_6.C	47	0.200	9.560	0.093
BPP_100_100_0.1_0.8_7.C	48	0.200	9.760	0.096
BPP_100_100_0.1_0.8_7.C	48	0.200	9.760	0.097
BPP_100_100_0.1_0.8_7.C	48	0.200	9.760	0.099
BPP_100_100_0.1_0.8_7.C	49	0.000	9.800	0.098
BPP_100_100_0.1_0.8_7.C	48	0.200	9.760	0.097
BPP_100_100_0.1_0.8_7.C	48	0.200	9.760	0.097
BPP_100_100_0.1_0.8_7.C	48	0.200	9.760	0.098
BPP_100_100_0.1_0.8_7.C	48	0.200	9.760	0.097
BPP_100_100_0.1_0.8_7.C	49	0.000	9.800	0.096
BPP_100_100_0.1_0.8_7.C	48	0.200	9.760	0.098
BPP_100_100_0.1_0.8_8.C	46	0.000	9.200	0.095
BPP_100_100_0.1_0.8_8.C	46	0.000	9.200	0.094
BPP_100_100_0.1_0.8_8.C	46	0.000	9.200	0.092
BPP_100_100_0.1_0.8_8.C	46	0.000	9.200	0.097
BPP_100_100_0.1_0.8_8.C	46	0.000	9.200	0.095
BPP_100_100_0.1_0.8_8.C	46	0.000	9.200	0.093
BPP_100_100_0.1_0.8_8.C	46	0.000	9.200	0.096
BPP_100_100_0.1_0.8_8.C	46	0.000	9.200	0.094
BPP_100_100_0.1_0.8_8.C	46	0.000	9.200	0.092
BPP_100_100_0.1_0.8_8.C	46	0.000	9.200	0.096
BPP_100_100_0.1_0.8_9.C	48	0.000	9.600	0.097
BPP_100_100_0.1_0.8_9.C	48	0.000	9.600	0.097
BPP_100_100_0.1_0.8_9.C	48	0.000	9.600	0.098
BPP_100_100_0.1_0.8_9.C	48	0.000	9.600	0.095
BPP_100_100_0.1_0.8_9.C	48	0.000	9.600	0.095
BPP_100_100_0.1_0.8_9.C	48	0.000	9.600	0.096
BPP_100_100_0.1_0.8_9.C	49	0.000	9.800	0.094
BPP_100_100_0.1_0.8_9.C	48	0.000	9.600	0.098
BPP_100_100_0.1_0.8_9.C	48	0.000	9.600	0.097
BPP_100_100_0.1_0.8_9.C	48	0.000	9.600	0.096
BPP_100_120_0.1_0.8_0.C	44	4.800	12.640	0.109
BPP_100_120_0.1_0.8_0.C	44	4.400	12.320	0.107
BPP_100_120_0.1_0.8_0.C	44	4.800	12.640	0.106
BPP_100_120_0.1_0.8_0.C	44	4.600	12.480	0.105
BPP_100_120_0.1_0.8_0.C	44	4.800	12.640	0.106
BPP_100_120_0.1_0.8_0.C	45	4.400	12.520	0.109
BPP_100_120_0.1_0.8_0.C	44	4.600	12.480	0.109
BPP_100_120_0.1_0.8_0.C	44	4.400	12.320	0.108
BPP_100_120_0.1_0.8_0.C	44	4.600	12.480	0.109
BPP_100_120_0.1_0.8_0.C	44	4.600	12.480	0.108
BPP_100_120_0.1_0.8_1.C	47	5.400	13.720	0.114
BPP_100_120_0.1_0.8_1.C	47	5.400	13.720	0.114
BPP_100_120_0.1_0.8_1.C	47	5.200	13.560	0.113
BPP_100_120_0.1_0.8_1.C	46	5.600	13.680	0.113
BPP_100_120_0.1_0.8_1.C	47	5.200	13.560	0.111
BPP_100_120_0.1_0.8_1.C	47	5.400	13.720	0.113
BPP_100_120_0.1_0.8_1.C	47	5.200	13.560	0.114
BPP_100_120_0.1_0.8_1.C	47	5.200	13.560	0.113
BPP_100_120_0.1_0.8_1.C	46	5.600	13.680	0.113
BPP_100_120_0.1_0.8_1.C	47	5.200	13.560	0.108
BPP_100_120_0.1_0.8_2.C	47	0.400	9.720	0.108
BPP_100_120_0.1_0.8_2.C	47	0.600	9.880	0.112
BPP_100_120_0.1_0.8_2.C	47	0.400	9.720	0.112
BPP_100_120_0.1_0.8_2.C	47	0.400	9.720	0.115
BPP_100_120_0.1_0.8_2.C	47	0.400	9.720	0.110
BPP_100_120_0.1_0.8_2.C	47	0.600	9.880	0.111
BPP_100_120_0.1_0.8_2.C	47	0.800	10.040	0.112
BPP_100_120_0.1_0.8_2.C	47	0.400	9.720	0.112
BPP_100_120_0.1_0.8_2.C	46	0.600	9.680	0.111
BPP_100_120_0.1_0.8_2.C	47	0.600	9.880	0.113
BPP_100_120_0.1_0.8_3.C	51	0.000	10.200	0.118
BPP_100_120_0.1_0.8_3.C	52	-0.000	10.400	0.118
BPP_100_120_0.1_0.8_3.C	52	-0.000	10.400	0.118
BPP_100_120_0.1_0.8_3.C	52	-0.000	10.400	0.118
BPP_100_120_0.1_0.8_3.C	51	0.000	10.200	0.119
BPP_100_120_0.1_0.8_3.C	52	-0.000	10.400	0.118
BPP_100_120_0.1_0.8_3.C	52	-0.000	10.400	0.118
BPP_100_120_0.1_0.8_3.C	52	-0.000	10.400	0.121
BPP_100_120_0.1_0.8_3.C	52	-0.000	10.400	0.118
BPP_100_120_0.1_0.8_3.C	52	-0.000	10.400	0.119
BPP_100_120_0.1_0.8_4.C	48	0.800	10.240	0.112
BPP_100_120_0.1_0.8_4.C	48	1.000	10.400	0.113
BPP_100_120_0.1_0.8_4.C	49	0.200	9.960	0.114
BPP_100_120_0.1_0.8_4.C	49	0.200	9.960	0.114
BPP_100_120_0.1_0.8_4.C	49	0.800	10.440	0.113
BPP_100_120_0.1_0.8_4.C	49	0.200	9.960	0.115
BPP_100_120_0.1_0.8_4.C	48	0.800	10.240	0.111
BPP_100_120_0.1_0.8_4.C	48	0.800	10.240	0.112
BPP_100_120_0.1_0.8_4.C	49	0.800	10.440	0.113
BPP_100_120_0.1_0.8_4.C	49	0.200	9.960	0.113
BPP_100_120_0.1_0.8_5.C	45	1.600	10.280	0.108
BPP_100_120_0.1_0.8_5.C	45	1.400	10.120	0.107
BPP_100_120_0.1_0.8_5.C	45	1.600	10.280	0.106
BPP_100_120_0.1_0.8_5.C	45	1.600	10.280	0.108
BPP_100_120_0.1_0.8_5.C	45	1.400	10.120	0.109
BPP_100_120_0.1_0.8_5.C	45	1.200	9.960	0.107
BPP_100_120_0.1_0.8_5.C	45	1.400	10.120	0.107
BPP_100_120_0.1_0.8_5.C	44	1.800	10.240	0.108
BPP_100_120_0.1_0.8_5.C	45	1.400	10.120	0.106
BPP_100_120_0.1_0.8_5.C	45	1.400	10.120	0.107
BPP_100_120_0.1_0.8_6.C	46	3.800	12.240	0.108
BPP_100_120_0.1_0.8_6.C	46	3.800	12.240	0.111
BPP_100_120_0.1_0.8_6.C	46	3.800	12.240	0.111
BPP_100_120_0.1_0.8_6.C	47	3.200	11.960	0.111
BPP_100_120_0.1_0.8_6.C	47	3.400	12.120	0.111
BPP_100_120_0.1_0.8_6.C	46	4.000	12.400	0.111
BPP_100_120_0.1_0.8_6.C	47	3.400	12.120	0.110
BPP_100_120_0.1_0.8_6.C	47	3.400	12.120	0.106
BPP_100_120_0.1_0.8_6.C	47	3.200	11.960	0.110
BPP_100_120_0.1_0.8_6.C	46	3.600	12.080	0.109
BPP_100_120_0.1_0.8_7.C	54	2.600	12.880	0.123
BPP_100_120_0.1_0.8_7.C	54	2.600	12.880	0.121
BPP_100_120_0.1_0.8_7.C	54	2.600	12.880	0.126
BPP_100_120_0.1_0.8_7.C	54	2.400	12.720	0.124
BPP_100_120_0.1_0.8_7.C	54	2.600	12.880	0.122
BPP_100_120_0.1_0.8_7.C	54	2.400	12.720	0.124
BPP_100_120_0.1_0.8_7.C	54	2.600	12.880	0.122
BPP_100_120_0.1_0.8_7.C	54	2.800	13.040	0.119
BPP_100_120_0.1_0.8_7.C	54	2.200	12.560	0.124
BPP_100_120_0.1_0.8_7.C	54	2.600	12.880	0.122
BPP_100_120_0.1_0.8_8.C	46	2.600	11.280	0.110
BPP_100_120_0.1_0.8_8.C	46	2.600	11.280	0.109
BPP_100_120_0.1_0.8_8.C	46	2.600	11.280	0.110
BPP_100_120_0.1_0.8_8.C	46	2.600	11.280	0.110
BPP_100_120_0.1_0.8_8.C	46	2.600	11.280	0.110
BPP_100_120_0.1_0.8_8.C	46	2.600	11.280	0.111
BPP_100_120_0.1_0.8_8.C	46	2.600	11.280	0.112
BPP_100_120_0.1_0.8_8.C	46	2.600	11.280	0.109
BPP_100_120_0.1_0.8_8.C	46	2.600	11.280	0.112
BPP_100_120_0.1_0.8_8.C	46	2.600	11.280	0.109
BPP_100_120_0.1_0.8_9.C	46	1.400	10.320	0.109
BPP_100_120_0.1_0.8_9.C	46	1.400	10.320	0.108
BPP_100_120_0.1_0.8_9.C	46	1.400	10.320	0.111
BPP_100_120_0.1_0.8_9.C	46	1.400	10.320	0.108
BPP_100_120_0.1_0.8_9.C	46	1.400	10.320	0.108
BPP_100_120_0.1_0.8_9.C	46	1.400	10.320	0.109
BPP_100_120_0.1_0.8_9.C	46	1.400	10.320	0.108
BPP_100_120_0.1_0.8_9.C	46	1.400	10.320	0.110
BPP_100_120_0.1_0.8_9.C	45	1.600	10.280	0.109
BPP_100_120_0.1_0.8_9.C	46	1.400	10.320	0.111
BPP_100_125_0.1_0.8_0.C	48	7.400	15.520	0.118
BPP_100_125_0.1_0.8_0.C	48	7.800	15.840	0.118
BPP_100_125_0.1_0.8_0.C	48	7.800	15.840	0.120
BPP_100_125_0.1_0.8_0.C	49	7.800	16.040	0.117
BPP_100_125_0.1_0.8_0.C	48	7.800	15.840	0.124
BPP_100_125_0.1_0.8_0.C	48	8.000	16.000	0.117
BPP_100_125_0.1_0.8_0.C	48	7.800	15.840	0.230
BPP_100_125_0.1_0.8_0.C	48	7.800	15.840	0.121
BPP_100_125_0.1_0.8_0.C	48	7.800	15.840	0.117
BPP_100_125_0.1_0.8_0.C	48	7.800	15.840	0.167
BPP_100_125_0.1_0.8_1.C	49	9.000	17.000	0.119
BPP_100_125_0.1_0.8_1.C	48	9.200	16.960	0.118
BPP_100_125_0.1_0.8_1.C	49	9.000	17.000	0.121
BPP_100_125_0.1_0.8_1.C	49	9.000	17.000	0.121
BPP_100_125_0.1_0.8_1.C	48	9.000	16.800	0.118
BPP_100_125_0.1_0.8_1.C	48	9.000	16.800	0.120
BPP_100_125_0.1_0.8_1.C	48	9.400	17.120	0.120
BPP_100_125_0.1_0.8_1.C	49	8.800	16.840	0.117
BPP_100_125_0.1_0.8_1.C	48	9.000	16.800	0.124
BPP_100_125_0.1_0.8_1.C	49	9.000	17.000	0.123
BPP_100_125_0.1_0.8_2.C	47	1.200	10.360	0.122
BPP_100_125_0.1_0.8_2.C	47	1.200	10.360	0.116
BPP_100_125_0.1_0.8_2.C	47	1.200	10.360	0.115
BPP_100_125_0.1_0.8_2.C	47	1.200	10.360	0.118
BPP_100_125_0.1_0.8_2.C	47	1.200	10.360	0.112
BPP_100_125_0.1_0.8_2.C	47	1.200	10.360	0.234
BPP_100_125_0.1_0.8_2.C	47	1.200	10.360	0.115
BPP_100_125_0.1_0.8_2.C	47	1.200	10.360	0.115
BPP_100_125_0.1_0.8_2.C	47	1.200	10.360	0.114
BPP_100_125_0.1_0.8_2.C	47	1.200	10.360	0.115
BPP_100_125_0.1_0.8_3.C	45	0.600	9.480	0.111
BPP_100_125_0.1_0.8_3.C	45	0.600	9.480	0.112
BPP_100_125_0.1_0.8_3.C	45	0.400	9.320	0.113
BPP_100_125_0.1_0.8_3.C	46	0.400	9.520	0.110
BPP_100_125_0.1_0.8_3.C	45	0.400	9.320	0.111
BPP_100_125_0.1_0.8_3.C	46	0.400	9.520	0.112
BPP_100_125_0.1_0.8_3.C	45	0.600	9.480	0.114
BPP_100_125_0.1_0.8_3.C	45	0.600	9.480	0.113
BPP_100_125_0.1_0.8_3.C	45	0.600	9.480	0.114
BPP_100_125_0.1_0.8_3.C	45	0.600	9.480	0.111
BPP_100_125_0.1_0.8_4.C	48	4.200	12.960	0.117
BPP_100_125_0.1_0.8_4.C	48	4.200	12.960	0.117
BPP_100_125_0.1_0.8_4.C	48	4.200	12.960	0.117
BPP_100_125_0.1_0.8_4.C	48	4.200	12.960	0.117
BPP_100_125_0.1_0.8_4.C	48	4.200	12.960	0.118
BPP_100_125_0.1_0.8_4.C	48	4.200	12.960	0.116
BPP_100_125_0.1_0.8_4.C	48	4.200	12.960	0.120
BPP_100_125_0.1_0.8_4.C	48	4.200	12.960	0.117
BPP_100_125_0.1_0.8_4.C	48	4.200	12.960	0.116
BPP_100_125_0.1_0.8_4.C	48	4.200	12.960	0.116
BPP_100_125_0.1_0.8_5.C	45	3.800	12.040	0.112
BPP_100_125_0.1_0.8_5.C	45	3.800	12.040	0.113
BPP_100_125_0.1_0.8_5.C	45	3.800	12.040	0.112
BPP_100_125_0.1_0.8_5.C	45	3.800	12.040	0.111
BPP_100_125_0.1_0.8_5.C	45	3.800	12.040	0.111
BPP_100_125_0.1_0.8_5.C	45	3.800	12.040	0.112
BPP_100_125_0.1_0.8_5.C	45	3.800	12.040	0.112
BPP_100_125_0.1_0.8_5.C	46	3.600	12.080	0.110
BPP_100_125_0.1_0.8_5.C	45	3.600	11.880	0.110
BPP_100_125_0.1_0.8_5.C	46	3.200	11.760	0.111
BPP_100_125_0.1_0.8_6.C	52	2.200	12.160	0.123
BPP_100_125_0.1_0.8_6.C	52	2.200	12.160	0.122
BPP_100_125_0.1_0.8_6.C	52	2.000	12.000	0.122
BPP_100_125_0.1_0.8_6.C	52	2.200	12.160	0.124
BPP_100_125_0.1_0.8_6.C	53	2.000	12.200	0.178
BPP_100_125_0.1_0.8_6.C	51	2.200	11.960	0.125
BPP_100_125_0.1_0.8_6.C	52	2.200	12.160	0.171
BPP_100_125_0.1_0.8_6.C	52	2.200	12.160	0.189
BPP_100_125_0.1_0.8_6.C	52	2.400	12.320	0.129
BPP_100_125_0.1_0.8_6.C	52	2.200	12.160	0.123
BPP_100_125_0.1_0.8_7.C	55	5.600	15.480	0.155
BPP_100_125_0.1_0.8_7.C	55	5.600	15.480	0.131
BPP_100_125_0.1_0.8_7.C	55	5.600	15.480	0.129
BPP_100_125_0.1_0.8_7.C	55	5.600	15.480	0.130
BPP_100_125_0.1_0.8_7.C	55	5.600	15.480	0.131
BPP_100_125_0.1_0.8_7.C	55	5.600	15.480	0.128
BPP_100_125_0.1_0.8_7.C	54	5.800	15.440	0.130
BPP_100_125_0.1_0.8_7.C	55	5.600	15.480	0.132
BPP_100_125_0.1_0.8_7.C	55	5.600	15.480	0.131
BPP_100_125_0.1_0.8_7.C	55	5.600	15.480	0.129
BPP_100_125_0.1_0.8_8.C	44	2.200	10.560	0.106
BPP_100_125_0.1_0.8_8.C	44	2.200	10.560	0.105
BPP_100_125_0.1_0.8_8.C	44	2.200	10.560	0.104
BPP_100_125_0.1_0.8_8.C	44	2.200	10.560	0.106
BPP_100_125_0.1_0.8_8.C	44	2.200	10.560	0.106
BPP_100_125_0.1_0.8_8.C	44	2.200	10.560	0.107
BPP_100_125_0.1_0.8_8.C	44	2.200	10.560	0.104
BPP_100_125_0.1_0.8_8.C	44	2.200	10.560	0.109
BPP_100_125_0.1_0.8_8.C	44	2.200	10.560	0.107
BPP_100_125_0.1_0.8_8.C	44	2.200	10.560	0.105
BPP_100_125_0.1_0.8_9.C	48	2.200	11.360	0.114
BPP_100_125_0.1_0.8_9.C	48	2.200	11.360	0.111
BPP_100_125_0.1_0.8_9.C	48	2.200	11.360	0.113
BPP_100_125_0.1_0.8_9.C	48	2.200	11.360	0.114
BPP_100_125_0.1_0.8_9.C	48	2.200	11.360	0.111
BPP_100_125_0.1_0.8_9.C	48	2.200	11.360	0.113
BPP_100_125_0.1_0.8_9.C	48	2.200	11.360	0.114
BPP_100_125_0.1_0.8_9.C	48	2.200	11.360	0.113
BPP_100_125_0.1_0.8_9.C	48	2.200	11.360	0.117
BPP_100_125_0.1_0.8_9.C	48	2.200	11.360	0.116
BPP_100_150_0.1_0.8_0.C	57	3.000	13.800	0.154
BPP_100_150_0.1_0.8_0.C	57	3.000	13.800	0.154
BPP_100_150_0.1_0.8_0.C	57	3.000	13.800	0.155
BPP_100_150_0.1_0.8_0.C	57	3.000	13.800	0.154
BPP_100_150_0.1_0.8_0.C	57	3.000	13.800	0.157
BPP_100_150_0.1_0.8_0.C	57	3.000	13.800	0.155
BPP_100_150_0.1_0.8_0.C	57	3.000	13.800	0.154
BPP_100_150_0.1_0.8_0.C	57	3.000	13.800	0.157
BPP_100_150_0.1_0.8_0.C	57	3.000	13.800	0.153
BPP_100_150_0.1_0.8_0.C	57	3.000	13.800	0.155
BPP_100_150_0.1_0.8_1.C	47	3.200	11.960	0.136
BPP_100_150_0.1_0.8_1.C	48	3.000	12.000	0.135
BPP_100_150_0.1_0.8_1.C	47	3.000	11.800	0.138
BPP_100_150_0.1_0.8_1.C	47	3.200	11.960	0.140
BPP_100_150_0.1_0.8_1.C	47	3.000	11.800	0.136
BPP_100_150_0.1_0.8_1.C	47	3.200	11.960	0.135
BPP_100_150_0.1_0.8_1.C	47	3.600	12.280	0.136
BPP_100_150_0.1_0.8_1.C	47	3.000	11.800	0.136
BPP_100_150_0.1_0.8_1.C	47	3.000	11.800	0.137
BPP_100_150_0.1_0.8_1.C	47	3.000	11.800	0.137
BPP_100_150_0.1_0.8_2.C	45	4.000	12.200	0.127
BPP_100_150_0.1_0.8_2.C	45	4.000	12.200	0.128
BPP_100_150_0.1_0.8_2.C	45	4.000	12.200	0.131
BPP_100_150_0.1_0.8_2.C	45	4.000	12.200	0.130
BPP_100_150_0.1_0.8_2.C	45	4.000	12.200	0.129
BPP_100_150_0.1_0.8_2.C	45	4.000	12.200	0.129
BPP_100_150_0.1_0.8_2.C	45	4.000	12.200	0.127
BPP_100_150_0.1_0.8_2.C	45	4.000	12.200	0.129
BPP_100_150_0.1_0.8_2.C	45	4.000	12.200	0.128
BPP_100_150_0.1_0.8_2.C	45	4.000	12.200	0.130
BPP_100_150_0.1_0.8_3.C	45	1.600	10.280	0.133
BPP_100_150_0.1_0.8_3.C	45	1.600	10.280	0.128
BPP_100_150_0.1_0.8_3.C	45	1.600	10.280	0.128
BPP_100_150_0.1_0.8_3.C	45	1.600	10.280	0.130
BPP_100_150_0.1_0.8_3.C	45	1.600	10.280	0.131
BPP_100_150_0.1_0.8_3.C	45	1.600	10.280	0.130
BPP_100_150_0.1_0.8_3.C	45	1.600	10.280	0.130
BPP_100_150_0.1_0.8_3.C	45	1.600	10.280	0.131
BPP_100_150_0.1_0.8_3.C	45	1.600	10.280	0.130
BPP_100_150_0.1_0.8_3.C	45	1.600	10.280	0.130
BPP_100_150_0.1_0.8_4.C	51	1.600	11.480	0.142
BPP_100_150_0.1_0.8_4.C	51	1.600	11.480	0.141
BPP_100_150_0.1_0.8_4.C	51	1.600	11.480	0.142
BPP_100_150_0.1_0.8_4.C	51	1.600	11.480	0.140
BPP_100_150_0.1_0.8_4.C	51	1.600	11.480	0.137
BPP_100_150_0.1_0.8_4.C	51	1.600	11.480	0.142
BPP_100_150_0.1_0.8_4.C	51	1.600	11.480	0.142
BPP_100_150_0.1_0.8_4.C	51	1.600	11.480	0.144
BPP_100_150_0.1_0.8_4.C	51	1.600	11.480	0.143
BPP_100_150_0.1_0.8_4.C	51	1.600	11.480	0.143
BPP_100_150_0.1_0.8_5.C	48	3.600	12.480	0.139
BPP_100_150_0.1_0.8_5.C	49	3.400	12.520	0.142
BPP_100_150_0.1_0.8_5.C	48	3.600	12.480	0.141
BPP_100_150_0.1_0.8_5.C	49	3.400	12.520	0.143
BPP_100_150_0.1_0.8_5.C	49	3.400	12.520	0.142
BPP_100_150_0.1_0.8_5.C	48	3.600	12.480	0.144
BPP_100_150_0.1_0.8_5.C	49	3.400	12.520	0.143
BPP_100_150_0.1_0.8_5.C	48	3.800	12.640	0.139
BPP_100_150_0.1_0.8_5.C	48	3.800	12.640	0.138
BPP_100_150_0.1_0.8_5.C	49	3.800	12.840	0.145
BPP_100_150_0.1_0.8_6.C	46	0.600	9.680	0.133
BPP_100_150_0.1_0.8_6.C	46	0.400	9.520	0.136
BPP_100_150_0.1_0.8_6.C	46	0.600	9.680	0.133
BPP_100_150_0.1_0.8_6.C	46	0.600	9.680	0.133
BPP_100_150_0.1_0.8_6.C	46	0.600	9.680	0.133
BPP_100_150_0.1_0.8_6.C	46	0.600	9.680	0.131
BPP_100_150_0.1_0.8_6.C	46	0.600	9.680	0.133
BPP_100_150_0.1_0.8_6.C	46	0.600	9.680	0.131
BPP_100_150_0.1_0.8_6.C	47	0.600	9.880	0.133
BPP_100_150_0.1_0.8_6.C	46	0.600	9.680	0.133
BPP_100_150_0.1_0.8_7.C	48	1.200	10.560	0.138
BPP_100_150_0.1_0.8_7.C	48	1.200	10.560	0.135
BPP_100_150_0.1_0.8_7.C	48	1.200	10.560	0.134
BPP_100_150_0.1_0.8_7.C	48	1.200	10.560	0.137
BPP_100_150_0.1_0.8_7.C	48	1.200	10.560	0.135
BPP_100_150_0.1_0.8_7.C	48	1.200	10.560	0.138
BPP_100_150_0.1_0.8_7.C	48	1.200	10.560	0.131
BPP_100_150_0.1_0.8_7.C	48	1.200	10.560	0.136
BPP_100_150_0.1_0.8_7.C	48	1.200	10.560	0.135
BPP_100_150_0.1_0.8_7.C	48	1.200	10.560	0.135
BPP_100_150_0.1_0.8_8.C	49	1.200	10.760	0.143
BPP_100_150_0.1_0.8_8.C	49	1.000	10.600	0.137
BPP_100_150_0.1_0.8_8.C	49	1.000	10.600	0.138
BPP_100_150_0.1_0.8_8.C	49	1.000	10.600	0.136
BPP_100_150_0.1_0.8_8.C	48	1.400	10.720	0.139
BPP_100_150_0.1_0.8_8.C	49	1.000	10.600	0.138
BPP_100_150_0.1_0.8_8.C	48	1.200	10.560	0.138
BPP_100_150_0.1_0.8_8.C	49	1.000	10.600	0.137
BPP_100_150_0.1_0.8_8.C	48	1.200	10.560	0.141
BPP_100_150_0.1_0.8_8.C	48	1.200	10.560	0.138
BPP_100_150_0.1_0.8_9.C	46	0.400	9.520	0.127
BPP_100_150_0.1_0.8_9.C	46	0.200	9.360	0.129
BPP_100_150_0.1_0.8_9.C	46	0.200	9.360	0.131
BPP_100_150_0.1_0.8_9.C	46	0.200	9.360	0.133
BPP_100_150_0.1_0.8_9.C	46	0.200	9.360	0.131
BPP_100_150_0.1_0.8_9.C	46	0.200	9.360	0.131
BPP_100_150_0.1_0.8_9.C	46	0.200	9.360	0.131
BPP_100_150_0.1_0.8_9.C	46	0.200	9.360	0.131
BPP_100_150_0.1_0.8_9.C	46	0.200	9.360	0.131
BPP_100_150_0.1_0.8_9.C	46	0.200	9.360	0.132
BPP_100_200_0.1_0.8_0.C	48	3.600	12.480	0.171
BPP_100_200_0.1_0.8_0.C	48	3.600	12.480	0.172
BPP_100_200_0.1_0.8_0.C	48	3.600	12.480	0.174
BPP_100_200_0.1_0.8_0.C	48	3.600	12.480	0.172
BPP_100_200_0.1_0.8_0.C	47	3.800	12.440	0.174
BPP_100_200_0.1_0.8_0.C	48	3.600	12.480	0.168
BPP_100_200_0.1_0.8_0.C	47	3.800	12.440	0.171
BPP_100_200_0.1_0.8_0.C	48	3.600	12.480	0.167
BPP_100_200_0.1_0.8_0.C	48	3.600	12.480	0.173
BPP_100_200_0.1_0.8_0.C	47	3.800	12.440	0.168
BPP_100_200_0.1_0.8_1.C	50	4.600	13.680	0.185
BPP_100_200_0.1_0.8_1.C	50	4.400	13.520	0.187
BPP_100_200_0.1_0.8_1.C	50	4.000	13.200	0.188
BPP_100_200_0.1_0.8_1.C	50	4.600	13.680	0.181
BPP_100_200_0.1_0.8_1.C	50	4.600	13.680	0.184
BPP_100_200_0.1_0.8_1.C	50	5.400	14.320	0.180
BPP_100_200_0.1_0.8_1.C	50	4.600	13.680	0.179
BPP_100_200_0.1_0.8_1.C	50	4.600	13.680	0.183
BPP_100_200_0.1_0.8_1.C	50	4.400	13.520	0.192
BPP_100_200_0.1_0.8_1.C	50	4.600	13.680	0.191
BPP_100_200_0.1_0.8_2.C	47	2.000	11.000	0.169
BPP_100_200_0.1_0.8_2.C	46	2.200	10.960	0.165
BPP_100_200_0.1_0.8_2.C	46	2.200	10.960	0.171
BPP_100_200_0.1_0.8_2.C	47	2.000	11.000	0.170
BPP_100_200_0.1_0.8_2.C	47	2.000	11.000	0.173
BPP_100_200_0.1_0.8_2.C	47	2.000	11.000	0.167
BPP_100_200_0.1_0.8_2.C	47	2.000	11.000	0.167
BPP_100_200_0.1_0.8_2.C	47	2.000	11.000	0.164
BPP_100_200_0.1_0.8_2.C	46	2.400	11.120	0.164
BPP_100_200_0.1_0.8_2.C	47	2.000	11.000	0.169
BPP_100_200_0.1_0.8_3.C	46	2.200	10.960	0.161
BPP_100_200_0.1_0.8_3.C	46	2.200	10.960	0.165
BPP_100_200_0.1_0.8_3.C	46	2.200	10.960	0.166
BPP_100_200_0.1_0.8_3.C	45	2.200	10.760	0.166
BPP_100_200_0.1_0.8_3.C	46	2.200	10.960	0.171
BPP_100_200_0.1_0.8_3.C	46	2.200	10.960	0.165
BPP_100_200_0.1_0.8_3.C	45	2.200	10.760	0.165
BPP_100_200_0.1_0.8_3.C	45	2.200	10.760	0.163
BPP_100_200_0.1_0.8_3.C	45	2.200	10.760	0.163
BPP_100_200_0.1_0.8_3.C	46	2.200	10.960	0.167
BPP_100_200_0.1_0.8_4.C	48	1.800	11.040	0.169
BPP_100_200_0.1_0.8_4.C	48	1.800	11.040	0.173
BPP_100_200_0.1_0.8_4.C	48	1.800	11.040	0.170
BPP_100_200_0.1_0.8_4.C	48	1.800	11.040	0.170
BPP_100_200_0.1_0.8_4.C	48	1.800	11.040	0.174
BPP_100_200_0.1_0.8_4.C	48	2.000	11.200	0.172
BPP_100_200_0.1_0.8_4.C	48	1.800	11.040	0.171
BPP_100_200_0.1_0.8_4.C	48	1.800	11.040	0.175
BPP_100_200_0.1_0.8_4.C	48	1.800	11.040	0.170
BPP_100_200_0.1_0.8_4.C	48	1.800	11.040	0.166
BPP_100_200_0.1_0.8_5.C	55	5.200	15.160	0.184
BPP_100_200_0.1_0.8_5.C	55	5.200	15.160	0.182
BPP_100_200_0.1_0.8_5.C	55	5.400	15.320	0.187
BPP_100_200_0.1_0.8_5.C	55	5.400	15.320	0.185
BPP_100_200_0.1_0.8_5.C	55	5.400	15.320	0.187
BPP_100_200_0.1_0.8_5.C	55	5.400	15.320	0.187
BPP_100_200_0.1_0.8_5.C	55	5.200	15.160	0.188
BPP_100_200_0.1_0.8_5.C	55	5.200	15.160	0.189
BPP_100_200_0.1_0.8_5.C	55	5.400	15.320	0.185
BPP_100_200_0.1_0.8_5.C	55	5.200	15.160	0.192
BPP_100_200_0.1_0.8_6.C	52	3.400	13.120	0.190
BPP_100_200_0.1_0.8_6.C	52	3.400	13.120	0.185
BPP_100_200_0.1_0.8_6.C	52	3.400	13.120	0.186
BPP_100_200_0.1_0.8_6.C	52	3.400	13.120	0.184
BPP_100_200_0.1_0.8_6.C	52	3.200	12.960	0.185
BPP_100_200_0.1_0.8_6.C	52	3.400	13.120	0.189
BPP_100_200_0.1_0.8_6.C	52	3.400	13.120	0.196
BPP_100_200_0.1_0.8_6.C	52	3.400	13.120	0.178
BPP_100_200_0.1_0.8_6.C	52	3.400	13.120	0.182
BPP_100_200_0.1_0.8_6.C	52	3.400	13.120	0.191
BPP_100_200_0.1_0.8_7.C	48	5.000	13.600	0.170
BPP_100_200_0.1_0.8_7.C	47	5.000	13.400	0.165
BPP_100_200_0.1_0.8_7.C	48	4.800	13.440	0.170
BPP_100_200_0.1_0.8_7.C	48	5.000	13.600	0.173
BPP_100_200_0.1_0.8_7.C	47	5.000	13.400	0.172
BPP_100_200_0.1_0.8_7.C	47	5.200	13.560	0.169
BPP_100_200_0.1_0.8_7.C	48	5.000	13.600	0.170
BPP_100_200_0.1_0.8_7.C	48	4.800	13.440	0.175
BPP_100_200_0.1_0.8_7.C	48	5.000	13.600	0.166
BPP_100_200_0.1_0.8_7.C	48	4.800	13.440	0.174
BPP_100_200_0.1_0.8_8.C	53	2.800	12.840	0.186
BPP_100_200_0.1_0.8_8.C	53	2.800	12.840	0.185
BPP_100_200_0.1_0.8_8.C	53	2.800	12.840	0.184
BPP_100_200_0.1_0.8_8.C	53	2.800	12.840	0.184
BPP_100_200_0.1_0.8_8.C	53	2.800	12.840	0.183
BPP_100_200_0.1_0.8_8.C	53	2.800	12.840	0.188
BPP_100_200_0.1_0.8_8.C	53	2.800	12.840	0.188
BPP_100_200_0.1_0.8_8.C	53	2.800	12.840	0.183
BPP_100_200_0.1_0.8_8.C	53	2.800	12.840	0.187
BPP_100_200_0.1_0.8_8.C	53	2.800	12.840	0.188
BPP_100_200_0.1_0.8_9.C	58	4.000	14.800	0.205
BPP_100_200_0.1_0.8_9.C	58	4.000	14.800	0.198
BPP_100_200_0.1_0.8_9.C	58	4.200	14.960	0.198
BPP_100_200_0.1_0.8_9.C	58	4.200	14.960	0.199
BPP_100_200_0.1_0.8_9.C	58	4.000	14.800	0.201
BPP_100_200_0.1_0.8_9.C	58	3.800	14.640	0.213
BPP_100_200_0.1_0.8_9.C	58	4.000	14.800	0.206
BPP_100_200_0.1_0.8_9.C	58	4.000	14.800	0.208
BPP_100_200_0.1_0.8_9.C	58	4.200	14.960	0.198
BPP_100_200_0.1_0.8_9.C	58	4.000	14.800	0.209
BPP_100_300_0.1_0.8_0.C	47	2.000	11.000	0.271
BPP_100_300_0.1_0.8_0.C	47	2.000	11.000	0.270
BPP_100_300_0.1_0.8_0.C	47	2.000	11.000	0.268
BPP_100_300_0.1_0.8_0.C	47	2.000	11.000	0.271
BPP_100_300_0.1_0.8_0.C	47	2.000	11.000	0.266
BPP_100_300_0.1_0.8_0.C	46	2.200	10.960	0.271
BPP_100_300_0.1_0.8_0.C	47	2.000	11.000	0.272
BPP_100_300_0.1_0.8_0.C	46	2.200	10.960	0.266
BPP_100_300_0.1_0.8_0.C	47	2.000	11.000	0.273
BPP_100_300_0.1_0.8_0.C	47	2.000	11.000	0.269
BPP_100_300_0.1_0.8_1.C	44	2.600	10.880	0.255
BPP_100_300_0.1_0.8_1.C	44	2.400	10.720	0.253
BPP_100_300_0.1_0.8_1.C	44	2.600	10.880	0.248
BPP_100_300_0.1_0.8_1.C	44	2.600	10.880	0.252
BPP_100_300_0.1_0.8_1.C	44	2.600	10.880	0.252
BPP_100_300_0.1_0.8_1.C	44	2.600	10.880	0.254
BPP_100_300_0.1_0.8_1.C	44	2.600	10.880	0.249
BPP_100_300_0.1_0.8_1.C	44	2.200	10.560	0.256
BPP_100_300_0.1_0.8_1.C	44	2.600	10.880	0.248
BPP_100_300_0.1_0.8_1.C	44	2.600	10.880	0.255
BPP_100_300_0.1_0.8_2.C	47	6.000	14.200	0.273
BPP_100_300_0.1_0.8_2.C	48	5.800	14.240	0.283
BPP_100_300_0.1_0.8_2.C	47	6.200	14.360	0.275
BPP_100_300_0.1_0.8_2.C	48	5.400	13.920	0.273
BPP_100_300_0.1_0.8_2.C	48	6.000	14.400	0.337
BPP_100_300_0.1_0.8_2.C	47	6.200	14.360	0.279
BPP_100_300_0.1_0.8_2.C	47	6.000	14.200	0.345
BPP_100_300_0.1_0.8_2.C	47	6.400	14.520	0.271
BPP_100_300_0.1_0.8_2.C	47	6.600	14.680	0.274
BPP_100_300_0.1_0.8_2.C	48	5.600	14.080	0.271
BPP_100_300_0.1_0.8_3.C	52	7.400	16.320	0.284
BPP_100_300_0.1_0.8_3.C	51	7.600	16.280	0.285
BPP_100_300_0.1_0.8_3.C	52	7.200	16.160	0.286
BPP_100_300_0.1_0.8_3.C	52	7.200	16.160	0.285
BPP_100_300_0.1_0.8_3.C	52	7.200	16.160	0.294
BPP_100_300_0.1_0.8_3.C	52	7.200	16.160	0.291
BPP_100_300_0.1_0.8_3.C	52	7.200	16.160	0.286
BPP_100_300_0.1_0.8_3.C	52	7.400	16.320	0.296
BPP_100_300_0.1_0.8_3.C	52	7.200	16.160	0.286
BPP_100_300_0.1_0.8_3.C	52	7.200	16.160	0.328
BPP_100_300_0.1_0.8_4.C	45	2.600	11.080	0.263
BPP_100_300_0.1_0.8_4.C	46	2.400	11.120	0.257
BPP_100_300_0.1_0.8_4.C	46	2.400	11.120	0.265
BPP_100_300_0.1_0.8_4.C	46	2.400	11.120	0.256
BPP_100_300_0.1_0.8_4.C	46	2.400	11.120	0.260
BPP_100_300_0.1_0.8_4.C	45	2.600	11.080	0.263
BPP_100_300_0.1_0.8_4.C	46	2.400	11.120	0.314
BPP_100_300_0.1_0.8_4.C	46	2.400	11.120	0.259
BPP_100_300_0.1_0.8_4.C	46	2.400	11.120	0.259
BPP_100_300_0.1_0.8_4.C	46	2.400	11.120	0.261
BPP_100_300_0.1_0.8_5.C	53	2.400	12.520	0.295
BPP_100_300_0.1_0.8_5.C	53	2.400	12.520	0.299
BPP_100_300_0.1_0.8_5.C	53	2.400	12.520	0.302
BPP_100_300_0.1_0.8_5.C	53	2.400	12.520	0.312
BPP_100_300_0.1_0.8_5.C	53	3.000	13.000	0.301
BPP_100_300_0.1_0.8_5.C	53	2.400	12.520	0.297
BPP_100_300_0.1_0.8_5.C	53	2.400	12.520	0.304
BPP_100_300_0.1_0.8_5.C	53	2.400	12.520	0.295
BPP_100_300_0.1_0.8_5.C	53	2.400	12.520	0.297
BPP_100_300_0.1_0.8_5.C	53	2.400	12.520	0.297
BPP_100_300_0.1_0.8_6.C	44	2.200	10.560	0.250
BPP_100_300_0.1_0.8_6.C	44	2.200	10.560	0.250
BPP_100_300_0.1_0.8_6.C	44	1.800	10.240	0.250
BPP_100_300_0.1_0.8_6.C	44	2.000	10.400	0.253
BPP_100_300_0.1_0.8_6.C	44	2.200	10.560	0.250
BPP_100_300_0.1_0.8_6.C	44	1.800	10.240	0.253
BPP_100_300_0.1_0.8_6.C	45	1.800	10.440	0.257
BPP_100_300_0.1_0.8_6.C	44	1.800	10.240	0.252
BPP_100_300_0.1_0.8_6.C	44	2.000	10.400	0.252
BPP_100_300_0.1_0.8_6.C	44	1.800	10.240	0.253
BPP_100_300_0.1_0.8_7.C	51	2.400	12.120	0.298
BPP_100_300_0.1_0.8_7.C	51	3.200	12.760	0.541
BPP_100_300_0.1_0.8_7.C	50	2.600	12.080	0.303
BPP_100_300_0.1_0.8_7.C	51	3.400	12.920	0.435
BPP_100_300_0.1_0.8_7.C	50	3.000	12.400	0.293
BPP_100_300_0.1_0.8_7.C	50	2.200	11.760	0.298
BPP_100_300_0.1_0.8_7.C	50	2.800	12.240	0.289
BPP_100_300_0.1_0.8_7.C	51	2.800	12.440	0.290
BPP_100_300_0.1_0.8_7.C	51	2.600	12.280	0.294
BPP_100_300_0.1_0.8_7.C	51	2.600	12.280	0.295
BPP_100_300_0.1_0.8_8.C	48	1.000	10.400	0.274
BPP_100_300_0.1_0.8_8.C	48	1.000	10.400	0.276
BPP_100_300_0.1_0.8_8.C	48	1.000	10.400	0.269
BPP_100_300_0.1_0.8_8.C	48	1.000	10.400	0.269
BPP_100_300_0.1_0.8_8.C	48	1.000	10.400	0.269
BPP_100_300_0.1_0.8_8.C	48	1.000	10.400	0.266
BPP_100_300_0.1_0.8_8.C	48	1.000	10.400	0.269
BPP_100_300_0.1_0.8_8.C	48	1.000	10.400	0.269
BPP_100_300_0.1_0.8_8.C	48	1.000	10.400	0.271
BPP_100_300_0.1_0.8_8.C	48	0.800	10.240	0.268
BPP_100_300_0.1_0.8_9.C	47	0.400	9.720	0.281
BPP_100_300_0.1_0.8_9.C	47	0.600	9.880	0.270
BPP_100_300_0.1_0.8_9.C	47	0.400	9.720	0.270
BPP_100_300_0.1_0.8_9.C	47	0.400	9.720	0.275
BPP_100_300_0.1_0.8_9.C	47	0.400	9.720	0.278
BPP_100_300_0.1_0.8_9.C	47	0.400	9.720	0.277
BPP_100_300_0.1_0.8_9.C	47	0.400	9.720	0.279
BPP_100_300_0.1_0.8_9.C	47	0.400	9.720	0.279
BPP_100_300_0.1_0.8_9.C	47	0.400	9.720	0.281
BPP_100_300_0.1_0.8_9.C	47	0.400	9.720	0.273
BPP_100_400_0.1_0.8_0.C	47	2.200	11.160	0.370
BPP_100_400_0.1_0.8_0.C	46	2.400	11.120	0.372
BPP_100_400_0.1_0.8_0.C	47	2.200	11.160	0.372
BPP_100_400_0.1_0.8_0.C	46	2.200	10.960	0.369
BPP_100_400_0.1_0.8_0.C	46	2.200	10.960	0.373
BPP_100_400_0.1_0.8_0.C	46	2.200	10.960	0.372
BPP_100_400_0.1_0.8_0.C	46	2.200	10.960	0.372
BPP_100_400_0.1_0.8_0.C	47	2.200	11.160	0.361
BPP_100_400_0.1_0.8_0.C	47	2.000	11.000	0.371
BPP_100_400_0.1_0.8_0.C	46	2.400	11.120	0.374
BPP_100_400_0.1_0.8_1.C	47	2.800	11.640	0.386
BPP_100_400_0.1_0.8_1.C	47	2.800	11.640	0.387
BPP_100_400_0.1_0.8_1.C	47	2.800	11.640	0.383
BPP_100_400_0.1_0.8_1.C	47	2.800	11.640	0.387
BPP_100_400_0.1_0.8_1.C	47	2.800	11.640	0.388
BPP_100_400_0.1_0.8_1.C	47	2.800	11.640	0.388
BPP_100_400_0.1_0.8_1.C	47	3.000	11.800	0.386
BPP_100_400_0.1_0.8_1.C	47	2.800	11.640	0.385
BPP_100_400_0.1_0.8_1.C	47	3.000	11.800	0.390
BPP_100_400_0.1_0.8_1.C	47	3.000	11.800	0.378
BPP_100_400_0.1_0.8_2.C	48	2.400	11.520	0.384
BPP_100_400_0.1_0.8_2.C	48	2.400	11.520	0.386
BPP_100_400_0.1_0.8_2.C	48	2.400	11.520	0.392
BPP_100_400_0.1_0.8_2.C	48	2.400	11.520	0.392
BPP_100_400_0.1_0.8_2.C	48	2.400	11.520	0.389
BPP_100_400_0.1_0.8_2.C	48	2.400	11.520	0.390
BPP_100_400_0.1_0.8_2.C	48	2.400	11.520	0.388
BPP_100_400_0.1_0.8_2.C	48	2.400	11.520	0.428
BPP_100_400_0.1_0.8_2.C	48	2.400	11.520	0.404
BPP_100_400_0.1_0.8_2.C	48	2.400	11.520	0.394
BPP_100_400_0.1_0.8_3.C	49	2.400	11.720	0.387
BPP_100_400_0.1_0.8_3.C	49	2.400	11.720	0.391
BPP_100_400_0.1_0.8_3.C	49	2.400	11.720	0.386
BPP_100_400_0.1_0.8_3.C	49	2.400	11.720	0.391
BPP_100_400_0.1_0.8_3.C	49	2.400	11.720	0.386
BPP_100_400_0.1_0.8_3.C	49	2.400	11.720	0.388
BPP_100_400_0.1_0.8_3.C	49	2.400	11.720	0.395
BPP_100_400_0.1_0.8_3.C	49	2.400	11.720	0.388
BPP_100_400_0.1_0.8_3.C	49	2.400	11.720	0.396
BPP_100_400_0.1_0.8_3.C	49	2.400	11.720	0.387
BPP_100_400_0.1_0.8_4.C	48	1.600	10.880	0.387
BPP_100_400_0.1_0.8_4.C	48	1.600	10.880	0.387
BPP_100_400_0.1_0.8_4.C	49	1.400	10.920	0.385
BPP_100_400_0.1_0.8_4.C	48	1.600	10.880	0.389
BPP_100_400_0.1_0.8_4.C	48	1.600	10.880	0.387
BPP_100_400_0.1_0.8_4.C	49	1.400	10.920	0.388
BPP_100_400_0.1_0.8_4.C	48	1.400	10.720	0.400
BPP_100_400_0.1_0.8_4.C	49	1.400	10.920	0.387
BPP_100_400_0.1_0.8_4.C	48	1.600	10.880	0.394
BPP_100_400_0.1_0.8_4.C	48	1.400	10.720	0.387
BPP_100_400_0.1_0.8_5.C	46	1.400	10.320	0.374
BPP_100_400_0.1_0.8_5.C	46	1.400	10.320	0.372
BPP_100_400_0.1_0.8_5.C	46	1.400	10.320	0.375
BPP_100_400_0.1_0.8_5.C	46	1.400	10.320	0.376
BPP_100_400_0.1_0.8_5.C	46	1.400	10.320	0.375
BPP_100_400_0.1_0.8_5.C	46	1.400	10.320	0.373
BPP_100_400_0.1_0.8_5.C	46	1.400	10.320	0.377
BPP_100_400_0.1_0.8_5.C	46	1.400	10.320	0.405
BPP_100_400_0.1_0.8_5.C	46	1.400	10.320	0.373
BPP_100_400_0.1_0.8_5.C	46	1.400	10.320	0.375
BPP_100_400_0.1_0.8_6.C	49	0.400	10.120	0.589
BPP_100_400_0.1_0.8_6.C	49	0.400	10.120	0.612
BPP_100_400_0.1_0.8_6.C	50	0.400	10.320	0.398
BPP_100_400_0.1_0.8_6.C	49	0.400	10.120	0.392
BPP_100_400_0.1_0.8_6.C	50	0.400	10.320	0.400
BPP_100_400_0.1_0.8_6.C	49	0.400	10.120	0.392
BPP_100_400_0.1_0.8_6.C	49	0.400	10.120	0.392
BPP_100_400_0.1_0.8_6.C	49	0.400	10.120	0.391
BPP_100_400_0.1_0.8_6.C	49	0.400	10.120	0.392
BPP_100_400_0.1_0.8_6.C	49	0.400	10.120	0.385
BPP_100_400_0.1_0.8_7.C	48	1.400	10.720	0.403
BPP_100_400_0.1_0.8_7.C	48	1.400	10.720	0.390
BPP_100_400_0.1_0.8_7.C	48	1.400	10.720	0.390
BPP_100_400_0.1_0.8_7.C	48	1.400	10.720	0.382
BPP_100_400_0.1_0.8_7.C	48	1.400	10.720	0.392
BPP_100_400_0.1_0.8_7.C	48	1.400	10.720	0.392
BPP_100_400_0.1_0.8_7.C	48	1.400	10.720	0.384
BPP_100_400_0.1_0.8_7.C	48	1.400	10.720	0.399
BPP_100_400_0.1_0.8_7.C	48	1.400	10.720	0.391
BPP_100_400_0.1_0.8_7.C	48	1.400	10.720	0.396
BPP_100_400_0.1_0.8_8.C	49	4.800	13.640	0.386
BPP_100_400_0.1_0.8_8.C	49	4.800	13.640	0.398
BPP_100_400_0.1_0.8_8.C	49	4.800	13.640	0.400
BPP_100_400_0.1_0.8_8.C	49	5.000	13.800	0.407
BPP_100_400_0.1_0.8_8.C	49	5.000	13.800	0.393
BPP_100_400_0.1_0.8_8.C	49	5.000	13.800	0.401
BPP_100_400_0.1_0.8_8.C	49	4.800	13.640	0.396
BPP_100_400_0.1_0.8_8.C	49	5.000	13.800	0.416
BPP_100_400_0.1_0.8_8.C	49	5.000	13.800	0.391
BPP_100_400_0.1_0.8_8.C	49	5.000	13.800	0.399
BPP_100_400_0.1_0.8_9.C	49	2.200	11.560	0.412
BPP_100_400_0.1_0.8_9.C	49	2.200	11.560	0.397
BPP_100_400_0.1_0.8_9.C	50	2.000	11.600	0.396
BPP_100_400_0.1_0.8_9.C	50	2.000	11.600	0.395
BPP_100_400_0.1_0.8_9.C	49	2.000	11.400	0.395
BPP_100_400_0.1_0.8_9.C	49	2.000	11.400	0.392
BPP_100_400_0.1_0.8_9.C	49	2.000	11.400	0.404
BPP_100_400_0.1_0.8_9.C	49	2.200	11.560	0.402
BPP_100_400_0.1_0.8_9.C	50	2.000	11.600	0.404
BPP_100_400_0.1_0.8_9.C	49	2.000	11.400	0.396
BPP_100_500_0.1_0.8_0.C	44	3.800	11.840	0.402
BPP_100_500_0.1_0.8_0.C	44	4.000	12.000	0.401
BPP_100_500_0.1_0.8_0.C	44	3.800	11.840	0.410
BPP_100_500_0.1_0.8_0.C	44	3.600	11.680	0.399
BPP_100_500_0.1_0.8_0.C	44	3.800	11.840	0.398
BPP_100_500_0.1_0.8_0.C	44	3.800	11.840	0.409
BPP_100_500_0.1_0.8_0.C	45	3.600	11.880	0.399
BPP_100_500_0.1_0.8_0.C	44	3.600	11.680	0.402
BPP_100_500_0.1_0.8_0.C	44	3.800	11.840	0.401
BPP_100_500_0.1_0.8_0.C	44	4.000	12.000	0.399
BPP_100_500_0.1_0.8_1.C	50	1.600	11.280	0.443
BPP_100_500_0.1_0.8_1.C	50	1.400	11.120	0.451
BPP_100_500_0.1_0.8_1.C	50	1.400	11.120	0.450
BPP_100_500_0.1_0.8_1.C	50	1.600	11.280	0.444
BPP_100_500_0.1_0.8_1.C	50	1.600	11.280	0.450
BPP_100_500_0.1_0.8_1.C	50	1.600	11.280	0.446
BPP_100_500_0.1_0.8_1.C	50	1.600	11.280	0.444
BPP_100_500_0.1_0.8_1.C	50	1.600	11.280	0.440
BPP_100_500_0.1_0.8_1.C	50	1.400	11.120	0.446
BPP_100_500_0.1_0.8_1.C	50	1.400	11.120	0.443
BPP_100_500_0.1_0.8_2.C	47	0.200	9.560	0.424
BPP_100_500_0.1_0.8_2.C	47	0.200	9.560	0.424
BPP_100_500_0.1_0.8_2.C	47	0.200	9.560	0.424
BPP_100_500_0.1_0.8_2.C	47	0.200	9.560	0.428
BPP_100_500_0.1_0.8_2.C	47	0.200	9.560	0.425
BPP_100_500_0.1_0.8_2.C	47	0.200	9.560	0.420
BPP_100_500_0.1_0.8_2.C	47	0.200	9.560	0.423
BPP_100_500_0.1_0.8_2.C	47	0.200	9.560	0.426
BPP_100_500_0.1_0.8_2.C	47	0.200	9.560	0.424
BPP_100_500_0.1_0.8_2.C	47	0.200	9.560	0.434
BPP_100_500_0.1_0.8_3.C	51	10.600	18.680	0.453
BPP_100_500_0.1_0.8_3.C	51	10.600	18.680	0.451
BPP_100_500_0.1_0.8_3.C	51	10.600	18.680	0.452
BPP_100_500_0.1_0.8_3.C	51	10.600	18.680	0.450
BPP_100_500_0.1_0.8_3.C	51	10.600	18.680	0.454
BPP_100_500_0.1_0.8_3.C	51	10.600	18.680	0.460
BPP_100_500_0.1_0.8_3.C	51	10.600	18.680	0.458
BPP_100_500_0.1_0.8_3.C	51	10.600	18.680	0.457
BPP_100_500_0.1_0.8_3.C	51	10.600	18.680	0.450
BPP_100_500_0.1_0.8_3.C	51	10.600	18.680	0.453
BPP_100_500_0.1_0.8_4.C	49	7.400	15.720	0.434
BPP_100_500_0.1_0.8_4.C	48	6.600	14.880	0.439
BPP_100_500_0.1_0.8_4.C	48	7.400	15.520	0.431
BPP_100_500_0.1_0.8_4.C	48	6.600	14.880	0.435
BPP_100_500_0.1_0.8_4.C	49	7.400	15.720	0.452
BPP_100_500_0.1_0.8_4.C	49	7.000	15.400	0.433
BPP_100_500_0.1_0.8_4.C	49	6.600	15.080	0.434
BPP_100_500_0.1_0.8_4.C	48	6.600	14.880	0.435
BPP_100_500_0.1_0.8_4.C	49	6.800	15.240	0.439
BPP_100_500_0.1_0.8_4.C	48	7.400	15.520	0.433
BPP_100_500_0.1_0.8_5.C	54	1.000	11.600	0.476
BPP_100_500_0.1_0.8_5.C	54	1.000	11.600	0.472
BPP_100_500_0.1_0.8_5.C	54	1.000	11.600	0.495
BPP_100_500_0.1_0.8_5.C	55	1.000	11.800	0.482
BPP_100_500_0.1_0.8_5.C	54	1.000	11.600	0.472
BPP_100_500_0.1_0.8_5.C	54	1.000	11.600	0.473
BPP_100_500_0.1_0.8_5.C	54	1.000	11.600	0.473
BPP_100_500_0.1_0.8_5.C	54	1.000	11.600	0.475
BPP_100_500_0.1_0.8_5.C	54	1.200	11.760	0.478
BPP_100_500_0.1_0.8_5.C	54	1.000	11.600	0.482
BPP_100_500_0.1_0.8_6.C	49	2.400	11.720	0.455
BPP_100_500_0.1_0.8_6.C	49	2.400	11.720	0.447
BPP_100_500_0.1_0.8_6.C	51	2.000	11.800	0.443
BPP_100_500_0.1_0.8_6.C	51	2.000	11.800	0.448
BPP_100_500_0.1_0.8_6.C	51	2.000	11.800	0.450
BPP_100_500_0.1_0.8_6.C	50	2.000	11.600	0.438
BPP_100_500_0.1_0.8_6.C	49	2.400	11.720	0.440
BPP_100_500_0.1_0.8_6.C	50	2.000	11.600	0.441
BPP_100_500_0.1_0.8_6.C	50	2.000	11.600	0.445
BPP_100_500_0.1_0.8_6.C	51	2.000	11.800	0.443
BPP_100_500_0.1_0.8_7.C	50	3.000	12.400	0.465
BPP_100_500_0.1_0.8_7.C	50	3.000	12.400	0.443
BPP_100_500_0.1_0.8_7.C	50	3.000	12.400	0.448
BPP_100_500_0.1_0.8_7.C	50	3.000	12.400	0.454
BPP_100_500_0.1_0.8_7.C	51	3.000	12.600	0.450
BPP_100_500_0.1_0.8_7.C	51	3.000	12.600	0.443
BPP_100_500_0.1_0.8_7.C	50	3.000	12.400	0.442
BPP_100_500_0.1_0.8_7.C	50	3.000	12.400	0.448
BPP_100_500_0.1_0.8_7.C	50	3.000	12.400	0.446
BPP_100_500_0.1_0.8_7.C	51	3.000	12.600	0.449
BPP_100_500_0.1_0.8_8.C	48	2.600	11.680	0.453
BPP_100_500_0.1_0.8_8.C	48	2.600	11.680	0.434
BPP_100_500_0.1_0.8_8.C	48	2.600	11.680	0.433
BPP_100_500_0.1_0.8_8.C	48	2.600	11.680	0.447
BPP_100_500_0.1_0.8_8.C	49	2.600	11.880	0.434
BPP_100_500_0.1_0.8_8.C	49	2.600	11.880	0.433
BPP_100_500_0.1_0.8_8.C	49	2.600	11.880	0.431
BPP_100_500_0.1_0.8_8.C	48	2.600	11.680	0.433
BPP_100_500_0.1_0.8_8.C	48	2.600	11.680	0.440
BPP_100_500_0.1_0.8_8.C	48	2.800	11.840	0.430
BPP_100_500_0.1_0.8_9.C	47	3.600	12.280	0.425
BPP_100_500_0.1_0.8_9.C	47	3.800	12.440	0.429
BPP_100_500_0.1_0.8_9.C	47	3.600	12.280	0.435
BPP_100_500_0.1_0.8_9.C	47	3.600	12.280	0.442
BPP_100_500_0.1_0.8_9.C	47	3.600	12.280	0.425
BPP_100_500_0.1_0.8_9.C	47	3.600	12.280	0.424
BPP_100_500_0.1_0.8_9.C	47	3.600	12.280	0.453
BPP_100_500_0.1_0.8_9.C	47	3.600	12.280	0.426
BPP_100_500_0.1_0.8_9.C	47	3.600	12.280	0.462
BPP_100_500_0.1_0.8_9.C	47	3.600	12.280	0.483
BPP_100_50_0.1_0.8_0.C	44	0.400	9.120	0.048
BPP_100_50_0.1_0.8_0.C	44	0.400	9.120	0.048
BPP_100_50_0.1_0.8_0.C	44	0.600	9.280	0.045
BPP_100_50_0.1_0.8_0.C	44	0.400	9.120	0.048
BPP_100_50_0.1_0.8_0.C	44	0.600	9.280	0.049
BPP_100_50_0.1_0.8_0.C	44	0.400	9.120	0.050
BPP_100_50_0.1_0.8_0.C	44	0.400	9.120	0.047
BPP_100_50_0.1_0.8_0.C	44	0.400	9.120	0.048
BPP_100_50_0.1_0.8_0.C	44	0.600	9.280	0.048
BPP_100_50_0.1_0.8_0.C	44	0.400	9.120	0.050
BPP_100_50_0.1_0.8_1.C	45	4.000	12.200	0.052
BPP_100_50_0.1_0.8_1.C	45	3.800	12.040	0.054
BPP_100_50_0.1_0.8_1.C	45	4.000	12.200	0.052
BPP_100_50_0.1_0.8_1.C	45	4.000	12.200	0.050
BPP_100_50_0.1_0.8_1.C	45	3.800	12.040	0.050
BPP_100_50_0.1_0.8_1.C	45	4.000	12.200	0.051
BPP_100_50_0.1_0.8_1.C	45	4.000	12.200	0.051
BPP_100_50_0.1_0.8_1.C	45	4.000	12.200	0.052
BPP_100_50_0.1_0.8_1.C	45	3.600	11.880	0.053
BPP_100_50_0.1_0.8_1.C	45	4.000	12.200	0.051
BPP_100_50_0.1_0.8_2.C	51	4.800	14.040	0.069
BPP_100_50_0.1_0.8_2.C	51	5.200	14.360	0.071
BPP_100_50_0.1_0.8_2.C	51	5.200	14.360	0.066
BPP_100_50_0.1_0.8_2.C	51	4.800	14.040	0.074
BPP_100_50_0.1_0.8_2.C	51	4.800	14.040	0.068
BPP_100_50_0.1_0.8_2.C	51	5.000	14.200	0.068
BPP_100_50_0.1_0.8_2.C	51	4.800	14.040	0.078
BPP_100_50_0.1_0.8_2.C	51	5.000	14.200	0.070
BPP_100_50_0.1_0.8_2.C	51	5.400	14.520	0.065
BPP_100_50_0.1_0.8_2.C	51	4.800	14.040	0.074
BPP_100_50_0.1_0.8_3.C	48	3.400	12.320	0.055
BPP_100_50_0.1_0.8_3.C	48	3.200	12.160	0.055
BPP_100_50_0.1_0.8_3.C	48	3.400	12.320	0.052
BPP_100_50_0.1_0.8_3.C	48	3.200	12.160	0.054
BPP_100_50_0.1_0.8_3.C	48	3.200	12.160	0.052
BPP_100_50_0.1_0.8_3.C	48	3.200	12.160	0.053
BPP_100_50_0.1_0.8_3.C	48	3.200	12.160	0.054
BPP_100_50_0.1_0.8_3.C	48	3.200	12.160	0.055
BPP_100_50_0.1_0.8_3.C	49	3.200	12.360	0.053
BPP_100_50_0.1_0.8_3.C	48	3.000	12.000	0.058
BPP_100_50_0.1_0.8_4.C	43	1.400	9.720	0.047
BPP_100_50_0.1_0.8_4.C	43	1.400	9.720	0.052
BPP_100_50_0.1_0.8_4.C	43	1.400	9.720	0.047
BPP_100_50_0.1_0.8_4.C	43	1.400	9.720	0.047
BPP_100_50_0.1_0.8_4.C	43	1.400	9.720	0.048
BPP_100_50_0.1_0.8_4.C	43	1.400	9.720	0.048
BPP_100_50_0.1_0.8_4.C	43	1.400	9.720	0.049
BPP_100_50_0.1_0.8_4.C	43	1.400	9.720	0.049
BPP_100_50_0.1_0.8_4.C	43	1.400	9.720	0.050
BPP_100_50_0.1_0.8_4.C	43	1.400	9.720	0.048
BPP_100_50_0.1_0.8_5.C	43	1.400	9.720	0.047
BPP_100_50_0.1_0.8_5.C	43	1.400	9.720	0.049
BPP_100_50_0.1_0.8_5.C	43	1.600	9.880	0.048
BPP_100_50_0.1_0.8_5.C	43	1.400	9.720	0.046
BPP_100_50_0.1_0.8_5.C	43	1.600	9.880	0.046
BPP_100_50_0.1_0.8_5.C	43	1.600	9.880	0.047
BPP_100_50_0.1_0.8_5.C	43	1.600	9.880	0.046
BPP_100_50_0.1_0.8_5.C	43	1.600	9.880	0.047
BPP_100_50_0.1_0.8_5.C	43	1.400	9.720	0.047
BPP_100_50_0.1_0.8_5.C	43	1.600	9.880	0.047
BPP_100_50_0.1_0.8_6.C	45	1.400	10.120	0.049
BPP_100_50_0.1_0.8_6.C	45	1.400	10.120	0.047
BPP_100_50_0.1_0.8_6.C	45	1.400	10.120	0.050
BPP_100_50_0.1_0.8_6.C	45	1.400	10.120	0.049
BPP_100_50_0.1_0.8_6.C	45	1.400	10.120	0.048
BPP_100_50_0.1_0.8_6.C	45	1.400	10.120	0.046
BPP_100_50_0.1_0.8_6.C	45	1.400	10.120	0.047
BPP_100_50_0.1_0.8_6.C	45	1.400	10.120	0.049
BPP_100_50_0.1_0.8_6.C	45	1.400	10.120	0.048
BPP_100_50_0.1_0.8_6.C	45	1.400	10.120	0.049
BPP_100_50_0.1_0.8_7.C	47	1.400	10.520	0.052
BPP_100_50_0.1_0.8_7.C	47	1.400	10.520	0.053
BPP_100_50_0.1_0.8_7.C	47	1.400	10.520	0.052
BPP_100_50_0.1_0.8_7.C	47	1.400	10.520	0.052
BPP_100_50_0.1_0.8_7.C	47	1.400	10.520	0.050
BPP_100_50_0.1_0.8_7.C	47	1.400	10.520	0.052
BPP_100_50_0.1_0.8_7.C	47	1.400	10.520	0.052
BPP_100_50_0.1_0.8_7.C	47	1.400	10.520	0.049
BPP_100_50_0.1_0.8_7.C	47	1.400	10.520	0.052
BPP_100_50_0.1_0.8_7.C	47	1.400	10.520	0.049
BPP_100_50_0.1_0.8_8.C	48	3.000	12.000	0.051
BPP_100_50_0.1_0.8_8.C	48	3.000	12.000	0.052
BPP_100_50_0.1_0.8_8.C	48	2.800	11.840	0.055
BPP_100_50_0.1_0.8_8.C	48	3.000	12.000	0.057
BPP_100_50_0.1_0.8_8.C	48	3.000	12.000	0.057
BPP_100_50_0.1_0.8_8.C	48	3.000	12.000	0.057
BPP_100_50_0.1_0.8_8.C	48	3.200	12.160	0.056
BPP_100_50_0.1_0.8_8.C	49	3.000	12.200	0.052
BPP_100_50_0.1_0.8_8.C	49	2.800	12.040	0.053
BPP_100_50_0.1_0.8_8.C	49	2.800	12.040	0.060
BPP_100_50_0.1_0.8_9.C	47	4.600	13.080	0.052
BPP_100_50_0.1_0.8_9.C	47	4.400	12.920	0.060
BPP_100_50_0.1_0.8_9.C	47	4.600	13.080	0.054
BPP_100_50_0.1_0.8_9.C	47	4.800	13.240	0.054
BPP_100_50_0.1_0.8_9.C	47	4.400	12.920	0.052
BPP_100_50_0.1_0.8_9.C	47	4.600	13.080	0.053
BPP_100_50_0.1_0.8_9.C	47	4.800	13.240	0.053
BPP_100_50_0.1_0.8_9.C	47	4.200	12.760	0.058
BPP_100_50_0.1_0.8_9.C	47	4.800	13.240	0.050
BPP_100_50_0.1_0.8_9.C	47	4.600	13.080	0.051
BPP_100_750_0.1_0.8_0.C	45	2.200	10.760	0.606
BPP_100_750_0.1_0.8_0.C	45	2.200	10.760	0.607
BPP_100_750_0.1_0.8_0.C	46	2.000	10.800	0.608
BPP_100_750_0.1_0.8_0.C	45	2.000	10.600	0.605
BPP_100_750_0.1_0.8_0.C	46	2.000	10.800	0.604
BPP_100_750_0.1_0.8_0.C	46	2.000	10.800	0.606
BPP_100_750_0.1_0.8_0.C	46	2.000	10.800	0.602
BPP_100_750_0.1_0.8_0.C	46	2.000	10.800	0.597
BPP_100_750_0.1_0.8_0.C	46	2.000	10.800	0.600
BPP_100_750_0.1_0.8_0.C	46	2.000	10.800	0.608
BPP_100_750_0.1_0.8_1.C	45	2.200	10.760	0.648
BPP_100_750_0.1_0.8_1.C	45	2.000	10.600	0.640
BPP_100_750_0.1_0.8_1.C	45	2.000	10.600	0.676
BPP_100_750_0.1_0.8_1.C	45	2.000	10.600	0.638
BPP_100_750_0.1_0.8_1.C	45	2.200	10.760	0.642
BPP_100_750_0.1_0.8_1.C	45	2.000	10.600	0.725
BPP_100_750_0.1_0.8_1.C	45	2.000	10.600	0.598
BPP_100_750_0.1_0.8_1.C	45	2.000	10.600	0.608
BPP_100_750_0.1_0.8_1.C	45	2.000	10.600	0.601
BPP_100_750_0.1_0.8_1.C	45	2.000	10.600	0.599
BPP_100_750_0.1_0.8_2.C	45	2.000	10.600	0.603
BPP_100_750_0.1_0.8_2.C	45	2.000	10.600	0.603
BPP_100_750_0.1_0.8_2.C	45	2.000	10.600	0.601
BPP_100_750_0.1_0.8_2.C	45	2.000	10.600	0.609
BPP_100_750_0.1_0.8_2.C	45	2.200	10.760	0.607
BPP_100_750_0.1_0.8_2.C	45	2.000	10.600	0.609
BPP_100_750_0.1_0.8_2.C	45	2.000	10.600	0.601
BPP_100_750_0.1_0.8_2.C	45	2.000	10.600	0.602
BPP_100_750_0.1_0.8_2.C	45	2.000	10.600	0.602
BPP_100_750_0.1_0.8_2.C	45	2.000	10.600	0.602
BPP_100_750_0.1_0.8_3.C	49	2.600	11.880	0.701
BPP_100_750_0.1_0.8_3.C	49	2.800	12.040	0.702
BPP_100_750_0.1_0.8_3.C	49	2.600	11.880	0.688
BPP_100_750_0.1_0.8_3.C	49	2.800	12.040	0.761
BPP_100_750_0.1_0.8_3.C	49	2.800	12.040	0.786
BPP_100_750_0.1_0.8_3.C	49	2.600	11.880	0.643
BPP_100_750_0.1_0.8_3.C	49	2.600	11.880	0.649
BPP_100_750_0.1_0.8_3.C	49	2.600	11.880	0.647
BPP_100_750_0.1_0.8_3.C	49	2.600	11.880	0.653
BPP_100_750_0.1_0.8_3.C	49	2.800	12.040	0.714
BPP_100_750_0.1_0.8_4.C	52	3.600	13.280	0.710
BPP_100_750_0.1_0.8_4.C	52	3.600	13.280	0.756
BPP_100_750_0.1_0.8_4.C	52	3.600	13.280	0.744
BPP_100_750_0.1_0.8_4.C	52	3.600	13.280	0.735
BPP_100_750_0.1_0.8_4.C	52	3.600	13.280	0.723
BPP_100_750_0.1_0.8_4.C	52	3.600	13.280	0.753
BPP_100_750_0.1_0.8_4.C	52	3.600	13.280	0.711
BPP_100_750_0.1_0.8_4.C	52	3.600	13.280	0.737
BPP_100_750_0.1_0.8_4.C	52	3.600	13.280	0.756
BPP_100_750_0.1_0.8_4.C	52	3.600	13.280	0.716
BPP_100_750_0.1_0.8_5.C	50	-0.000	10.000	0.656
BPP_100_750_0.1_0.8_5.C	50	-0.000	10.000	0.654
BPP_100_750_0.1_0.8_5.C	50	-0.000	10.000	0.647
BPP_100_750_0.1_0.8_5.C	50	-0.000	10.000	0.650
BPP_100_750_0.1_0.8_5.C	50	-0.000	10.000	0.649
BPP_100_750_0.1_0.8_5.C	50	-0.000	10.000	0.651
BPP_100_750_0.1_0.8_5.C	50	-0.000	10.000	0.650
BPP_100_750_0.1_0.8_5.C	50	-0.000	10.000	0.653
BPP_100_750_0.1_0.8_5.C	50	-0.000	10.000	0.647
BPP_100_750_0.1_0.8_5.C	50	-0.000	10.000	0.658
BPP_100_750_0.1_0.8_6.C	46	0.000	9.200	0.607
BPP_100_750_0.1_0.8_6.C	45	-0.000	9.000	0.603
BPP_100_750_0.1_0.8_6.C	46	0.000	9.200	0.665
BPP_100_750_0.1_0.8_6.C	46	0.000	9.200	0.601
BPP_100_750_0.1_0.8_6.C	46	0.000	9.200	0.601
BPP_100_750_0.1_0.8_6.C	45	-0.000	9.000	0.601
BPP_100_750_0.1_0.8_6.C	45	-0.000	9.000	0.597
BPP_100_750_0.1_0.8_6.C	45	-0.000	9.000	0.604
BPP_100_750_0.1_0.8_6.C	46	0.000	9.200	0.605
BPP_100_750_0.1_0.8_6.C	45	-0.000	9.000	0.601
BPP_100_750_0.1_0.8_7.C	51	0.000	10.200	0.688
BPP_100_750_0.1_0.8_7.C	51	0.000	10.200	0.705
BPP_100_750_0.1_0.8_7.C	51	0.000	10.200	0.692
BPP_100_750_0.1_0.8_7.C	51	0.000	10.200	0.842
BPP_100_750_0.1_0.8_7.C	51	0.000	10.200	0.638
BPP_100_750_0.1_0.8_7.C	51	0.000	10.200	0.643
BPP_100_750_0.1_0.8_7.C	51	0.000	10.200	0.644
BPP_100_750_0.1_0.8_7.C	51	0.000	10.200	0.641
BPP_100_750_0.1_0.8_7.C	51	0.000	10.200	0.642
BPP_100_750_0.1_0.8_7.C	51	0.000	10.200	0.696
BPP_100_750_0.1_0.8_8.C	45	0.800	9.640	0.614
BPP_100_750_0.1_0.8_8.C	45	0.800	9.640	0.686
BPP_100_750_0.1_0.8_8.C	45	0.800	9.640	0.735
BPP_100_750_0.1_0.8_8.C	45	0.800	9.640	0.603
BPP_100_750_0.1_0.8_8.C	45	0.800	9.640	0.604
BPP_100_750_0.1_0.8_8.C	45	0.800	9.640	0.602
BPP_100_750_0.1_0.8_8.C	45	0.800	9.640	0.602
BPP_100_750_0.1_0.8_8.C	45	0.800	9.640	0.599
BPP_100_750_0.1_0.8_8.C	45	0.800	9.640	0.603
BPP_100_750_0.1_0.8_8.C	45	0.800	9.640	0.606
BPP_100_750_0.1_0.8_9.C	45	0.800	9.640	0.666
BPP_100_750_0.1_0.8_9.C	45	0.800	9.640	0.797
BPP_100_750_0.1_0.8_9.C	44	0.800	9.440	0.597
BPP_100_750_0.1_0.8_9.C	44	0.800	9.440	0.596
BPP_100_750_0.1_0.8_9.C	45	0.800	9.640	0.597
BPP_100_750_0.1_0.8_9.C	45	0.800	9.640	0.597
BPP_100_750_0.1_0.8_9.C	44	0.800	9.440	0.596
BPP_100_750_0.1_0.8_9.C	44	0.800	9.440	0.597
BPP_100_750_0.1_0.8_9.C	45	0.800	9.640	0.601
BPP_100_750_0.1_0.8_9.C	45	0.800	9.640	0.603
BPP_100_75_0.1_0.8_0.C	51	0.000	10.200	0.078
BPP_100_75_0.1_0.8_0.C	51	0.000	10.200	0.077
BPP_100_75_0.1_0.8_0.C	51	0.000	10.200	0.080
BPP_100_75_0.1_0.8_0.C	51	0.000	10.200	0.080
BPP_100_75_0.1_0.8_0.C	51	0.000	10.200	0.079
BPP_100_75_0.1_0.8_0.C	51	0.000	10.200	0.080
BPP_100_75_0.1_0.8_0.C	51	0.000	10.200	0.081
BPP_100_75_0.1_0.8_0.C	51	0.000	10.200	0.078
BPP_100_75_0.1_0.8_0.C	51	0.000	10.200	0.080
BPP_100_75_0.1_0.8_0.C	51	0.000	10.200	0.079
BPP_100_75_0.1_0.8_1.C	47	3.600	12.280	0.076
BPP_100_75_0.1_0.8_1.C	47	3.600	12.280	0.076
BPP_100_75_0.1_0.8_1.C	48	3.400	12.320	0.076
BPP_100_75_0.1_0.8_1.C	48	3.400	12.320	0.076
BPP_100_75_0.1_0.8_1.C	48	3.400	12.320	0.077
BPP_100_75_0.1_0.8_1.C	47	3.600	12.280	0.077
BPP_100_75_0.1_0.8_1.C	48	3.400	12.320	0.076
BPP_100_75_0.1_0.8_1.C	47	3.600	12.280	0.076
BPP_100_75_0.1_0.8_1.C	47	3.600	12.280	0.075
BPP_100_75_0.1_0.8_1.C	48	3.400	12.320	0.075
BPP_100_75_0.1_0.8_2.C	47	5.200	13.560	0.081
BPP_100_75_0.1_0.8_2.C	47	5.400	13.720	0.079
BPP_100_75_0.1_0.8_2.C	47	5.600	13.880	0.077
BPP_100_75_0.1_0.8_2.C	47	5.600	13.880	0.077
BPP_100_75_0.1_0.8_2.C	47	5.400	13.720	0.079
BPP_100_75_0.1_0.8_2.C	47	5.600	13.880	0.078
BPP_100_75_0.1_0.8_2.C	47	5.400	13.720	0.079
BPP_100_75_0.1_0.8_2.C	47	5.400	13.720	0.079
BPP_100_75_0.1_0.8_2.C	47	5.400	13.720	0.079
BPP_100_75_0.1_0.8_2.C	47	5.600	13.880	0.075
BPP_100_75_0.1_0.8_3.C	52	1.800	11.840	0.087
BPP_100_75_0.1_0.8_3.C	52	1.800	11.840	0.082
BPP_100_75_0.1_0.8_3.C	52	1.800	11.840	0.087
BPP_100_75_0.1_0.8_3.C	53	1.000	11.400	0.084
BPP_100_75_0.1_0.8_3.C	53	2.000	12.200	0.081
BPP_100_75_0.1_0.8_3.C	53	1.800	12.040	0.080
BPP_100_75_0.1_0.8_3.C	52	1.800	11.840	0.083
BPP_100_75_0.1_0.8_3.C	53	1.800	12.040	0.080
BPP_100_75_0.1_0.8_3.C	53	1.600	11.880	0.080
BPP_100_75_0.1_0.8_3.C	53	1.400	11.720	0.081
BPP_100_75_0.1_0.8_4.C	49	0.200	9.960	0.080
BPP_100_75_0.1_0.8_4.C	49	0.200	9.960	0.077
BPP_100_75_0.1_0.8_4.C	49	0.200	9.960	0.081
BPP_100_75_0.1_0.8_4.C	49	0.200	9.960	0.078
BPP_100_75_0.1_0.8_4.C	49	0.200	9.960	0.076
BPP_100_75_0.1_0.8_4.C	50	0.200	10.160	0.078
BPP_100_75_0.1_0.8_4.C	49	0.200	9.960	0.080
BPP_100_75_0.1_0.8_4.C	49	0.200	9.960	0.077
BPP_100_75_0.1_0.8_4.C	49	0.200	9.960	0.079
BPP_100_75_0.1_0.8_4.C	49	0.200	9.960	0.077
BPP_100_75_0.1_0.8_5.C	49	0.200	9.960	0.077
BPP_100_75_0.1_0.8_5.C	49	0.200	9.960	0.079
BPP_100_75_0.1_0.8_5.C	49	0.200	9.960	0.078
BPP_100_75_0.1_0.8_5.C	49	0.200	9.960	0.079
BPP_100_75_0.1_0.8_5.C	49	0.200	9.960	0.081
BPP_100_75_0.1_0.8_5.C	48	0.400	9.920	0.079
BPP_100_75_0.1_0.8_5.C	49	0.200	9.960	0.079
BPP_100_75_0.1_0.8_5.C	49	0.200	9.960	0.081
BPP_100_75_0.1_0.8_5.C	49	0.200	9.960	0.077
BPP_100_75_0.1_0.8_5.C	49	0.200	9.960	0.078
BPP_100_75_0.1_0.8_6.C	45	0.400	9.320	0.073
BPP_100_75_0.1_0.8_6.C	45	0.400	9.320	0.075
BPP_100_75_0.1_0.8_6.C	45	0.400	9.320	0.074
BPP_100_75_0.1_0.8_6.C	45	0.400	9.320	0.077
BPP_100_75_0.1_0.8_6.C	45	0.400	9.320	0.076
BPP_100_75_0.1_0.8_6.C	45	0.400	9.320	0.074
BPP_100_75_0.1_0.8_6.C	45	0.400	9.320	0.075
BPP_100_75_0.1_0.8_6.C	45	0.400	9.320	0.075
BPP_100_75_0.1_0.8_6.C	45	0.400	9.320	0.075
BPP_100_75_0.1_0.8_6.C	45	0.400	9.320	0.076
BPP_100_75_0.1_0.8_7.C	49	0.200	9.960	0.078
BPP_100_75_0.1_0.8_7.C	49	0.200	9.960	0.079
BPP_100_75_0.1_0.8_7.C	49	0.200	9.960	0.078
BPP_100_75_0.1_0.8_7.C	48	0.200	9.760	0.078
BPP_100_75_0.1_0.8_7.C	49	0.200	9.960	0.077
BPP_100_75_0.1_0.8_7.C	49	0.200	9.960	0.078
BPP_100_75_0.1_0.8_7.C	48	0.200	9.760	0.080
BPP_100_75_0.1_0.8_7.C	48	0.200	9.760	0.079
BPP_100_75_0.1_0.8_7.C	49	0.200	9.960	0.078
BPP_100_75_0.1_0.8_7.C	49	0.200	9.960	0.079
BPP_100_75_0.1_0.8_8.C	48	0.200	9.760	0.077
BPP_100_75_0.1_0.8_8.C	48	0.200	9.760	0.077
BPP_100_75_0.1_0.8_8.C	48	0.200	9.760	0.078
BPP_100_75_0.1_0.8_8.C	48	0.200	9.760	0.074
BPP_100_75_0.1_0.8_8.C	48	0.200	9.760	0.078
BPP_100_75_0.1_0.8_8.C	47	0.400	9.720	0.078
BPP_100_75_0.1_0.8_8.C	48	0.200	9.760	0.077
BPP_100_75_0.1_0.8_8.C	47	0.200	9.560	0.075
BPP_100_75_0.1_0.8_8.C	48	0.200	9.760	0.076
BPP_100_75_0.1_0.8_8.C	48	0.200	9.760	0.076
BPP_100_75_0.1_0.8_9.C	50	0.200	10.160	0.081
BPP_100_75_0.1_0.8_9.C	50	0.200	10.160	0.079
BPP_100_75_0.1_0.8_9.C	50	0.200	10.160	0.080
BPP_100_75_0.1_0.8_9.C	51	0.200	10.360	0.079
BPP_100_75_0.1_0.8_9.C	50	0.200	10.160	0.078
BPP_100_75_0.1_0.8_9.C	50	0.200	10.160	0.079
BPP_100_75_0.1_0.8_9.C	50	0.200	10.160	0.079
BPP_100_75_0.1_0.8_9.C	50	0.200	10.160	0.082
BPP_100_75_0.1_0.8_9.C	50	0.200	10.160	0.079
BPP_100_75_0.1_0.8_9.C	50	0.200	10.160	0.079
BPP_200_1000_0.1_0.8_0.C	95	-0.000	19.000	4.238
BPP_200_1000_0.1_0.8_0.C	95	-0.000	19.000	6.241
BPP_200_1000_0.1_0.8_0.C	95	-0.000	19.000	4.222
BPP_200_1000_0.1_0.8_0.C	95	-0.000	19.000	4.230
BPP_200_1000_0.1_0.8_0.C	95	-0.000	19.000	6.176
BPP_200_1000_0.1_0.8_0.C	95	-0.000	19.000	4.270
BPP_200_1000_0.1_0.8_0.C	95	-0.000	19.000	4.253
BPP_200_1000_0.1_0.8_0.C	96	0.000	19.200	4.259
BPP_200_1000_0.1_0.8_0.C	95	-0.000	19.000	4.229
BPP_200_1000_0.1_0.8_0.C	95	-0.000	19.000	4.395
BPP_200_1000_0.1_0.8_1.C	95	2.000	20.600	4.206
BPP_200_1000_0.1_0.8_1.C	95	1.800	20.440	4.186
BPP_200_1000_0.1_0.8_1.C	96	1.800	20.640	4.194
BPP_200_1000_0.1_0.8_1.C	95	1.800	20.440	4.186
BPP_200_1000_0.1_0.8_1.C	95	2.200	20.760	4.225
BPP_200_1000_0.1_0.8_1.C	95	1.800	20.440	4.223
BPP_200_1000_0.1_0.8_1.C	95	1.800	20.440	4.200
BPP_200_1000_0.1_0.8_1.C	95	1.800	20.440	4.195
BPP_200_1000_0.1_0.8_1.C	96	1.800	20.640	4.174
BPP_200_1000_0.1_0.8_1.C	95	1.800	20.440	4.181
BPP_200_1000_0.1_0.8_2.C	96	1.200	20.160	6.042
BPP_200_1000_0.1_0.8_2.C	96	1.000	20.000	6.049
BPP_200_1000_0.1_0.8_2.C	96	1.000	20.000	6.424
BPP_200_1000_0.1_0.8_2.C	96	1.000	20.000	4.248
BPP_200_1000_0.1_0.8_2.C	96	1.200	20.160	4.251
BPP_200_1000_0.1_0.8_2.C	96	1.200	20.160	6.404
BPP_200_1000_0.1_0.8_2.C	96	1.000	20.000	4.244
BPP_200_1000_0.1_0.8_2.C	96	1.000	20.000	6.055
BPP_200_1000_0.1_0.8_2.C	96	1.000	20.000	4.244
BPP_200_1000_0.1_0.8_2.C	96	1.000	20.000	4.273
BPP_200_1000_0.1_0.8_3.C	92	2.200	20.160	4.130
BPP_200_1000_0.1_0.8_3.C	92	3.000	20.800	4.124
BPP_200_1000_0.1_0.8_3.C	92	3.000	20.800	4.127
BPP_200_1000_0.1_0.8_3.C	92	2.200	20.160	4.125
BPP_200_1000_0.1_0.8_3.C	92	2.800	20.640	4.140
BPP_200_1000_0.1_0.8_3.C	92	2.400	20.320	4.155
BPP_200_1000_0.1_0.8_3.C	92	2.800	20.640	4.125
BPP_200_1000_0.1_0.8_3.C	92	3.000	20.800	4.140
BPP_200_1000_0.1_0.8_3.C	92	3.000	20.800	4.141
BPP_200_1000_0.1_0.8_3.C	92	3.000	20.800	4.173
BPP_200_1000_0.1_0.8_4.C	93	2.800	20.840	5.890
BPP_200_1000_0.1_0.8_4.C	94	2.800	21.040	6.012
BPP_200_1000_0.1_0.8_4.C	93	3.000	21.000	5.860
BPP_200_1000_0.1_0.8_4.C	93	2.800	20.840	5.489
BPP_200_1000_0.1_0.8_4.C	93	2.800	20.840	6.134
BPP_200_1000_0.1_0.8_4.C	93	2.800	20.840	5.597
BPP_200_1000_0.1_0.8_4.C	93	2.800	20.840	4.143
BPP_200_1000_0.1_0.8_4.C	93	3.000	21.000	4.160
BPP_200_1000_0.1_0.8_4.C	93	2.800	20.840	4.152
BPP_200_1000_0.1_0.8_4.C	93	2.800	20.840	4.154
BPP_200_1000_0.1_0.8_5.C	93	0.000	18.600	4.131
BPP_200_1000_0.1_0.8_5.C	93	0.000	18.600	4.098
BPP_200_1000_0.1_0.8_5.C	93	0.000	18.600	4.110
BPP_200_1000_0.1_0.8_5.C	93	0.000	18.600	4.117
BPP_200_1000_0.1_0.8_5.C	93	0.000	18.600	4.091
BPP_200_1000_0.1_0.8_5.C	93	0.000	18.600	4.123
BPP_200_1000_0.1_0.8_5.C	93	0.000	18.600	4.121
BPP_200_1000_0.1_0.8_5.C	93	0.000	18.600	4.121
BPP_200_1000_0.1_0.8_5.C	93	0.000	18.600	4.107
BPP_200_1000_0.1_0.8_5.C	93	0.000	18.600	4.125
BPP_200_1000_0.1_0.8_6.C	92	0.800	19.040	4.113
BPP_200_1000_0.1_0.8_6.C	92	1.000	19.200	4.070
BPP_200_1000_0.1_0.8_6.C	92	1.000	19.200	4.108
BPP_200_1000_0.1_0.8_6.C	92	1.000	19.200	4.127
BPP_200_1000_0.1_0.8_6.C	92	1.000	19.200	4.120
BPP_200_1000_0.1_0.8_6.C	92	1.000	19.200	4.126
BPP_200_1000_0.1_0.8_6.C	92	1.000	19.200	4.094
BPP_200_1000_0.1_0.8_6.C	92	1.000	19.200	4.075
BPP_200_1000_0.1_0.8_6.C	92	0.800	19.040	5.841
BPP_200_1000_0.1_0.8_6.C	92	1.000	19.200	5.930
BPP_200_1000_0.1_0.8_7.C	101	0.000	20.200	4.431
BPP_200_1000_0.1_0.8_7.C	102	0.000	20.400	4.447
BPP_200_1000_0.1_0.8_7.C	101	0.000	20.200	6.527
BPP_200_1000_0.1_0.8_7.C	102	0.000	20.400	4.440
BPP_200_1000_0.1_0.8_7.C	101	0.000	20.200	4.449
BPP_200_1000_0.1_0.8_7.C	101	0.000	20.200	4.470
BPP_200_1000_0.1_0.8_7.C	101	0.000	20.200	6.358
BPP_200_1000_0.1_0.8_7.C	101	0.000	20.200	6.340
BPP_200_1000_0.1_0.8_7.C	101	0.000	20.200	6.386
BPP_200_1000_0.1_0.8_7.C	102	0.000	20.400	5.993
BPP_200_1000_0.1_0.8_8.C	91	0.800	18.840	4.292
BPP_200_1000_0.1_0.8_8.C	91	0.800	18.840	4.164
BPP_200_1000_0.1_0.8_8.C	91	0.600	18.680	4.127
BPP_200_1000_0.1_0.8_8.C	91	0.800	18.840	4.130
BPP_200_1000_0.1_0.8_8.C	92	0.600	18.880	4.136
BPP_200_1000_0.1_0.8_8.C	91	0.600	18.680	4.114
BPP_200_1000_0.1_0.8_8.C	91	0.800	18.840	6.058
BPP_200_1000_0.1_0.8_8.C	91	0.800	18.840	6.285
BPP_200_1000_0.1_0.8_8.C	92	0.600	18.880	5.921
BPP_200_1000_0.1_0.8_8.C	91	0.800	18.840	5.885
BPP_200_1000_0.1_0.8_9.C	90	1.400	19.120	4.014
BPP_200_1000_0.1_0.8_9.C	90	1.400	19.120	4.004
BPP_200_1000_0.1_0.8_9.C	90	1.400	19.120	4.036
BPP_200_1000_0.1_0.8_9.C	90	1.400	19.120	4.023
BPP_200_1000_0.1_0.8_9.C	90	1.400	19.120	4.002
BPP_200_1000_0.1_0.8_9.C	90	1.400	19.120	4.024
BPP_200_1000_0.1_0.8_9.C	89	1.600	19.080	4.040
BPP_200_1000_0.1_0.8_9.C	90	1.400	19.120	4.037
BPP_200_1000_0.1_0.8_9.C	90	1.400	19.120	4.022
BPP_200_1000_0.1_0.8_9.C	90	1.400	19.120	5.903
BPP_200_100_0.1_0.8_0.C	95	0.200	19.160	0.367
BPP_200_100_0.1_0.8_0.C	95	0.200	19.160	0.367
BPP_200_100_0.1_0.8_0.C	96	0.200	19.360	0.379
BPP_200_100_0.1_0.8_0.C	96	0.200	19.360	0.380
BPP_200_100_0.1_0.8_0.C	95	0.200	19.160	0.372
BPP_200_100_0.1_0.8_0.C	95	0.200	19.160	0.380
BPP_200_100_0.1_0.8_0.C	95	0.200	19.160	0.379
BPP_200_100_0.1_0.8_0.C	95	0.200	19.160	0.378
BPP_200_100_0.1_0.8_0.C	95	0.200	19.160	0.369
BPP_200_100_0.1_0.8_0.C	96	0.200	19.360	0.364
BPP_200_100_0.1_0.8_1.C	95	2.400	20.920	0.431
BPP_200_100_0.1_0.8_1.C	95	2.400	20.920	0.386
BPP_200_100_0.1_0.8_1.C	95	1.800	20.440	0.404
BPP_200_100_0.1_0.8_1.C	95	1.600	20.280	0.412
BPP_200_100_0.1_0.8_1.C	95	2.400	20.920	0.405
BPP_200_100_0.1_0.8_1.C	96	2.400	21.120	0.413
BPP_200_100_0.1_0.8_1.C	95	2.200	20.760	0.427
BPP_200_100_0.1_0.8_1.C	95	1.800	20.440	0.431
BPP_200_100_0.1_0.8_1.C	95	2.400	20.920	0.397
BPP_200_100_0.1_0.8_1.C	95	2.600	21.080	0.408
BPP_200_100_0.1_0.8_2.C	89	0.800	18.440	0.367
BPP_200_100_0.1_0.8_2.C	89	0.800	18.440	0.373
BPP_200_100_0.1_0.8_2.C	89	0.800	18.440	0.360
BPP_200_100_0.1_0.8_2.C	89	0.400	18.120	0.352
BPP_200_100_0.1_0.8_2.C	89	0.800	18.440	0.355
BPP_200_100_0.1_0.8_2.C	89	0.800	18.440	0.350
BPP_200_100_0.1_0.8_2.C	89	0.800	18.440	0.371
BPP_200_100_0.1_0.8_2.C	89	0.800	18.440	0.472
BPP_200_100_0.1_0.8_2.C	89	1.000	18.600	0.358
BPP_200_100_0.1_0.8_2.C	89	0.400	18.120	0.377
BPP_200_100_0.1_0.8_3.C	92	1.400	19.520	0.373
BPP_200_100_0.1_0.8_3.C	92	1.400	19.520	0.354
BPP_200_100_0.1_0.8_3.C	92	1.400	19.520	0.370
BPP_200_100_0.1_0.8_3.C	91	1.400	19.320	0.352
BPP_200_100_0.1_0.8_3.C	92	1.400	19.520	0.361
BPP_200_100_0.1_0.8_3.C	91	1.600	19.480	0.371
BPP_200_100_0.1_0.8_3.C	92	1.400	19.520	0.373
BPP_200_100_0.1_0.8_3.C	92	1.200	19.360	0.358
BPP_200_100_0.1_0.8_3.C	92	1.200	19.360	0.386
BPP_200_100_0.1_0.8_3.C	92	1.400	19.520	0.365
BPP_200_100_0.1_0.8_4.C	95	2.800	21.240	0.371
BPP_200_100_0.1_0.8_4.C	95	2.800	21.240	0.396
BPP_200_100_0.1_0.8_4.C	95	2.600	21.080	0.374
BPP_200_100_0.1_0.8_4.C	96	2.600	21.280	0.372
BPP_200_100_0.1_0.8_4.C	96	2.600	21.280	0.388
BPP_200_100_0.1_0.8_4.C	96	2.600	21.280	0.381
BPP_200_100_0.1_0.8_4.C	96	2.600	21.280	0.387
BPP_200_100_0.1_0.8_4.C	96	2.400	21.120	0.400
BPP_200_100_0.1_0.8_4.C	96	2.600	21.280	0.390
BPP_200_100_0.1_0.8_4.C	95	2.800	21.240	0.398
BPP_200_100_0.1_0.8_5.C	93	1.600	19.880	0.378
BPP_200_100_0.1_0.8_5.C	93	1.600	19.880	0.363
BPP_200_100_0.1_0.8_5.C	93	1.600	19.880	0.374
BPP_200_100_0.1_0.8_5.C	93	1.600	19.880	0.370
BPP_200_100_0.1_0.8_5.C	93	1.600	19.880	0.369
BPP_200_100_0.1_0.8_5.C	92	1.800	19.840	0.387
BPP_200_100_0.1_0.8_5.C	93	1.600	19.880	0.367
BPP_200_100_0.1_0.8_5.C	93	1.600	19.880	0.370
BPP_200_100_0.1_0.8_5.C	93	1.600	19.880	0.375
BPP_200_100_0.1_0.8_5.C	93	1.600	19.880	0.365
BPP_200_100_0.1_0.8_6.C	91	0.600	18.680	0.365
BPP_200_100_0.1_0.8_6.C	91	0.600	18.680	0.357
BPP_200_100_0.1_0.8_6.C	91	0.600	18.680	0.363
BPP_200_100_0.1_0.8_6.C	91	0.600	18.680	0.372
BPP_200_100_0.1_0.8_6.C	91	0.600	18.680	0.372
BPP_200_100_0.1_0.8_6.C	91	0.600	18.680	0.370
BPP_200_100_0.1_0.8_6.C	91	0.600	18.680	0.379
BPP_200_100_0.1_0.8_6.C	91	0.600	18.680	0.355
BPP_200_100_0.1_0.8_6.C	91	0.600	18.680	0.368
BPP_200_100_0.1_0.8_6.C	91	0.600	18.680	0.386
BPP_200_100_0.1_0.8_7.C	90	4.400	21.520	0.386
BPP_200_100_0.1_0.8_7.C	90	3.800	21.040	0.419
BPP_200_100_0.1_0.8_7.C	90	4.400	21.520	0.366
BPP_200_100_0.1_0.8_7.C	90	4.000	21.200	0.361
BPP_200_100_0.1_0.8_7.C	90	4.400	21.520	0.360
BPP_200_100_0.1_0.8_7.C	90	4.400	21.520	0.357
BPP_200_100_0.1_0.8_7.C	90	4.400	21.520	0.373
BPP_200_100_0.1_0.8_7.C	90	3.800	21.040	0.380
BPP_200_100_0.1_0.8_7.C	90	4.400	21.520	0.360
BPP_200_100_0.1_0.8_7.C	90	4.000	21.200	0.363
BPP_200_100_0.1_0.8_8.C	97	6.600	24.680	0.471
BPP_200_100_0.1_0.8_8.C	98	4.200	22.960	0.806
BPP_200_100_0.1_0.8_8.C	97	6.600	24.680	0.477
BPP_200_100_0.1_0.8_8.C	97	3.800	22.440	0.844
BPP_200_100_0.1_0.8_8.C	97	5.000	23.400	0.784
BPP_200_100_0.1_0.8_8.C	97	5.200	23.560	0.667
BPP_200_100_0.1_0.8_8.C	97	5.200	23.560	0.595
BPP_200_100_0.1_0.8_8.C	97	6.600	24.680	0.465
BPP_200_100_0.1_0.8_8.C	97	5.200	23.560	0.686
BPP_200_100_0.1_0.8_8.C	97	6.600	24.680	0.520
BPP_200_100_0.1_0.8_9.C	97	1.400	20.520	0.388
BPP_200_100_0.1_0.8_9.C	97	1.400	20.520	0.382
BPP_200_100_0.1_0.8_9.C	97	1.600	20.680	0.388
BPP_200_100_0.1_0.8_9.C	97	1.400	20.520	0.379
BPP_200_100_0.1_0.8_9.C	97	1.400	20.520	0.382
BPP_200_100_0.1_0.8_9.C	96	1.400	20.320	0.367
BPP_200_100_0.1_0.8_9.C	97	1.400	20.520	0.379
BPP_200_100_0.1_0.8_9.C	97	1.400	20.520	0.378
BPP_200_100_0.1_0.8_9.C	97	1.400	20.520	0.377
BPP_200_100_0.1_0.8_9.C	96	1.600	20.480	0.381
BPP_200_120_0.1_0.8_0.C	92	7.800	24.640	0.428
BPP_200_120_0.1_0.8_0.C	92	7.800	24.640	0.432
BPP_200_120_0.1_0.8_0.C	92	7.800	24.640	0.422
BPP_200_120_0.1_0.8_0.C	92	7.800	24.640	0.426
BPP_200_120_0.1_0.8_0.C	92	7.800	24.640	0.424
BPP_200_120_0.1_0.8_0.C	92	7.800	24.640	0.425
BPP_200_120_0.1_0.8_0.C	92	7.800	24.640	0.419
BPP_200_120_0.1_0.8_0.C	92	8.000	24.800	0.451
BPP_200_120_0.1_0.8_0.C	92	7.800	24.640	0.416
BPP_200_120_0.1_0.8_0.C	93	7.800	24.840	0.421
BPP_200_120_0.1_0.8_1.C	85	-0.000	17.000	0.391
BPP_200_120_0.1_0.8_1.C	86	-0.000	17.200	0.399
BPP_200_120_0.1_0.8_1.C	86	-0.000	17.200	0.388
BPP_200_120_0.1_0.8_1.C	85	-0.000	17.000	0.384
BPP_200_120_0.1_0.8_1.C	86	-0.000	17.200	0.396
BPP_200_120_0.1_0.8_1.C	86	-0.000	17.200	0.394
BPP_200_120_0.1_0.8_1.C	86	-0.000	17.200	0.393
BPP_200_120_0.1_0.8_1.C	86	-0.000	17.200	0.387
BPP_200_120_0.1_0.8_1.C	85	-0.000	17.000	0.387
BPP_200_120_0.1_0.8_1.C	86	-0.000	17.200	0.387
BPP_200_120_0.1_0.8_2.C	103	0.600	21.080	0.447
BPP_200_120_0.1_0.8_2.C	102	0.600	20.880	0.447
BPP_200_120_0.1_0.8_2.C	102	0.600	20.880	0.456
BPP_200_120_0.1_0.8_2.C	102	0.800	21.040	0.455
BPP_200_120_0.1_0.8_2.C	102	0.800	21.040	0.451
BPP_200_120_0.1_0.8_2.C	102	0.600	20.880	0.472
BPP_200_120_0.1_0.8_2.C	102	0.800	21.040	0.464
BPP_200_120_0.1_0.8_2.C	102	0.800	21.040	0.462
BPP_200_120_0.1_0.8_2.C	102	0.600	20.880	0.447
BPP_200_120_0.1_0.8_2.C	102	0.600	20.880	0.450
BPP_200_120_0.1_0.8_3.C	91	4.000	21.400	0.426
BPP_200_120_0.1_0.8_3.C	91	4.000	21.400	0.445
BPP_200_120_0.1_0.8_3.C	91	4.000	21.400	0.424
BPP_200_120_0.1_0.8_3.C	91	4.000	21.400	0.428
BPP_200_120_0.1_0.8_3.C	92	3.600	21.280	0.433
BPP_200_120_0.1_0.8_3.C	91	3.800	21.240	0.436
BPP_200_120_0.1_0.8_3.C	91	3.800	21.240	0.453
BPP_200_120_0.1_0.8_3.C	91	3.800	21.240	0.443
BPP_200_120_0.1_0.8_3.C	91	4.600	21.880	0.410
BPP_200_120_0.1_0.8_3.C	91	4.200	21.560	0.430
BPP_200_120_0.1_0.8_4.C	98	2.000	21.200	0.434
BPP_200_120_0.1_0.8_4.C	99	2.000	21.400	0.436
BPP_200_120_0.1_0.8_4.C	98	2.000	21.200	0.437
BPP_200_120_0.1_0.8_4.C	98	2.000	21.200	0.443
BPP_200_120_0.1_0.8_4.C	98	2.000	21.200	0.436
BPP_200_120_0.1_0.8_4.C	99	2.000	21.400	0.442
BPP_200_120_0.1_0.8_4.C	99	2.000	21.400	0.451
BPP_200_120_0.1_0.8_4.C	98	2.000	21.200	0.457
BPP_200_120_0.1_0.8_4.C	98	2.000	21.200	0.446
BPP_200_120_0.1_0.8_4.C	98	2.000	21.200	0.448
BPP_200_120_0.1_0.8_5.C	94	2.000	20.400	0.428
BPP_200_120_0.1_0.8_5.C	95	2.000	20.600	0.434
BPP_200_120_0.1_0.8_5.C	95	2.000	20.600	0.426
BPP_200_120_0.1_0.8_5.C	95	2.000	20.600	0.441
BPP_200_120_0.1_0.8_5.C	95	2.000	20.600	0.423
BPP_200_120_0.1_0.8_5.C	94	2.200	20.560	0.433
BPP_200_120_0.1_0.8_5.C	94	2.000	20.400	0.432
BPP_200_120_0.1_0.8_5.C	94	2.000	20.400	0.423
BPP_200_120_0.1_0.8_5.C	95	2.000	20.600	0.426
BPP_200_120_0.1_0.8_5.C	95	2.000	20.600	0.437
BPP_200_120_0.1_0.8_6.C	92	0.800	19.040	0.432
BPP_200_120_0.1_0.8_6.C	92	1.200	19.360	0.420
BPP_200_120_0.1_0.8_6.C	92	1.000	19.200	0.411
BPP_200_120_0.1_0.8_6.C	92	1.400	19.520	0.415
BPP_200_120_0.1_0.8_6.C	92	1.400	19.520	0.433
BPP_200_120_0.1_0.8_6.C	92	1.200	19.360	0.432
BPP_200_120_0.1_0.8_6.C	92	1.000	19.200	0.422
BPP_200_120_0.1_0.8_6.C	92	0.800	19.040	0.411
BPP_200_120_0.1_0.8_6.C	92	1.200	19.360	0.432
BPP_200_120_0.1_0.8_6.C	92	1.200	19.360	0.414
BPP_200_120_0.1_0.8_7.C	95	3.400	21.720	0.438
BPP_200_120_0.1_0.8_7.C	95	3.600	21.880	0.436
BPP_200_120_0.1_0.8_7.C	95	3.600	21.880	0.424
BPP_200_120_0.1_0.8_7.C	95	3.400	21.720	0.429
BPP_200_120_0.1_0.8_7.C	94	3.400	21.520	0.451
BPP_200_120_0.1_0.8_7.C	95	3.600	21.880	0.439
BPP_200_120_0.1_0.8_7.C	95	3.400	21.720	0.440
BPP_200_120_0.1_0.8_7.C	95	3.600	21.880	0.418
BPP_200_120_0.1_0.8_7.C	95	3.400	21.720	0.426
BPP_200_120_0.1_0.8_7.C	95	3.400	21.720	0.449
BPP_200_120_0.1_0.8_8.C	91	8.000	24.600	0.418
BPP_200_120_0.1_0.8_8.C	90	8.600	24.880	0.418
BPP_200_120_0.1_0.8_8.C	90	8.200	24.560	0.425
BPP_200_120_0.1_0.8_8.C	90	8.000	24.400	0.440
BPP_200_120_0.1_0.8_8.C	91	8.000	24.600	0.419
BPP_200_120_0.1_0.8_8.C	90	8.400	24.720	0.405
BPP_200_120_0.1_0.8_8.C	91	8.000	24.600	0.406
BPP_200_120_0.1_0.8_8.C	91	8.000	24.600	0.409
BPP_200_120_0.1_0.8_8.C	90	8.200	24.560	0.419
BPP_200_120_0.1_0.8_8.C	91	8.000	24.600	0.429
BPP_200_120_0.1_0.8_9.C	100	7.400	25.920	0.461
BPP_200_120_0.1_0.8_9.C	100	7.400	25.920	0.454
BPP_200_120_0.1_0.8_9.C	100	7.400	25.920	0.451
BPP_200_120_0.1_0.8_9.C	100	7.400	25.920	0.457
BPP_200_120_0.1_0.8_9.C	100	7.400	25.920	0.463
BPP_200_120_0.1_0.8_9.C	100	7.400	25.920	0.442
BPP_200_120_0.1_0.8_9.C	100	7.400	25.920	0.436
BPP_200_120_0.1_0.8_9.C	100	7.400	25.920	0.461
BPP_200_120_0.1_0.8_9.C	100	7.400	25.920	0.436
BPP_200_120_0.1_0.8_9.C	100	7.400	25.920	0.441
BPP_200_125_0.1_0.8_0.C	95	4.000	22.200	0.463
BPP_200_125_0.1_0.8_0.C	95	4.200	22.360	0.466
BPP_200_125_0.1_0.8_0.C	95	4.200	22.360	0.456
BPP_200_125_0.1_0.8_0.C	95	4.400	22.520	0.454
BPP_200_125_0.1_0.8_0.C	95	4.200	22.360	0.451
BPP_200_125_0.1_0.8_0.C	95	3.800	22.040	0.430
BPP_200_125_0.1_0.8_0.C	95	4.000	22.200	0.438
BPP_200_125_0.1_0.8_0.C	95	4.200	22.360	0.458
BPP_200_125_0.1_0.8_0.C	95	3.800	22.040	0.456
BPP_200_125_0.1_0.8_0.C	95	4.200	22.360	0.466
BPP_200_125_0.1_0.8_1.C	101	2.800	22.440	0.552
BPP_200_125_0.1_0.8_1.C	101	2.800	22.440	0.526
BPP_200_125_0.1_0.8_1.C	101	2.800	22.440	0.486
BPP_200_125_0.1_0.8_1.C	101	2.800	22.440	0.508
BPP_200_125_0.1_0.8_1.C	101	3.000	22.600	0.494
BPP_200_125_0.1_0.8_1.C	101	3.600	23.080	0.481
BPP_200_125_0.1_0.8_1.C	101	2.600	22.280	0.524
BPP_200_125_0.1_0.8_1.C	101	2.800	22.440	0.462
BPP_200_125_0.1_0.8_1.C	101	3.600	23.080	0.491
BPP_200_125_0.1_0.8_1.C	101	2.800	22.440	0.512
BPP_200_125_0.1_0.8_2.C	91	5.200	22.360	0.420
BPP_200_125_0.1_0.8_2.C	91	5.000	22.200	0.432
BPP_200_125_0.1_0.8_2.C	92	4.800	22.240	0.421
BPP_200_125_0.1_0.8_2.C	91	5.000	22.200	0.418
BPP_200_125_0.1_0.8_2.C	92	5.000	22.400	0.430
BPP_200_125_0.1_0.8_2.C	91	5.400	22.520	0.433
BPP_200_125_0.1_0.8_2.C	91	5.000	22.200	0.427
BPP_200_125_0.1_0.8_2.C	91	5.000	22.200	0.449
BPP_200_125_0.1_0.8_2.C	91	5.000	22.200	0.440
BPP_200_125_0.1_0.8_2.C	91	4.800	22.040	0.434
BPP_200_125_0.1_0.8_3.C	90	10.400	26.320	0.441
BPP_200_125_0.1_0.8_3.C	90	10.400	26.320	0.423
BPP_200_125_0.1_0.8_3.C	90	10.400	26.320	0.415
BPP_200_125_0.1_0.8_3.C	90	10.400	26.320	0.432
BPP_200_125_0.1_0.8_3.C	90	10.600	26.480	0.429
BPP_200_125_0.1_0.8_3.C	90	10.400	26.320	0.414
BPP_200_125_0.1_0.8_3.C	90	10.000	26.000	0.443
BPP_200_125_0.1_0.8_3.C	90	10.400	26.320	0.422
BPP_200_125_0.1_0.8_3.C	90	10.600	26.480	0.439
BPP_200_125_0.1_0.8_3.C	91	10.200	26.360	0.412
BPP_200_125_0.1_0.8_4.C	91	6.000	23.000	0.432
BPP_200_125_0.1_0.8_4.C	91	6.000	23.000	0.462
BPP_200_125_0.1_0.8_4.C	91	6.000	23.000	0.434
BPP_200_125_0.1_0.8_4.C	91	6.000	23.000	0.458
BPP_200_125_0.1_0.8_4.C	91	6.200	23.160	0.418
BPP_200_125_0.1_0.8_4.C	91	5.800	22.840	0.420
BPP_200_125_0.1_0.8_4.C	91	6.000	23.000	0.420
BPP_200_125_0.1_0.8_4.C	91	6.000	23.000	0.426
BPP_200_125_0.1_0.8_4.C	91	6.000	23.000	0.433
BPP_200_125_0.1_0.8_4.C	91	6.000	23.000	0.428
BPP_200_125_0.1_0.8_5.C	98	5.400	23.920	0.454
BPP_200_125_0.1_0.8_5.C	98	5.400	23.920	0.460
BPP_200_125_0.1_0.8_5.C	98	5.200	23.760	0.469
BPP_200_125_0.1_0.8_5.C	98	5.200	23.760	0.466
BPP_200_125_0.1_0.8_5.C	98	5.200	23.760	0.466
BPP_200_125_0.1_0.8_5.C	98	5.200	23.760	0.460
BPP_200_125_0.1_0.8_5.C	98	5.200	23.760	0.478
BPP_200_125_0.1_0.8_5.C	98	5.200	23.760	0.473
BPP_200_125_0.1_0.8_5.C	98	5.200	23.760	0.465
BPP_200_125_0.1_0.8_5.C	98	5.200	23.760	0.501
BPP_200_125_0.1_0.8_6.C	92	2.400	20.320	0.431
BPP_200_125_0.1_0.8_6.C	92	2.400	20.320	0.452
BPP_200_125_0.1_0.8_6.C	93	2.400	20.520	0.444
BPP_200_125_0.1_0.8_6.C	93	2.400	20.520	0.451
BPP_200_125_0.1_0.8_6.C	92	2.600	20.480	0.459
BPP_200_125_0.1_0.8_6.C	92	2.400	20.320	0.440
BPP_200_125_0.1_0.8_6.C	92	2.400	20.320	0.440
BPP_200_125_0.1_0.8_6.C	93	2.400	20.520	0.447
BPP_200_125_0.1_0.8_6.C	92	2.400	20.320	0.444
BPP_200_125_0.1_0.8_6.C	92	2.400	20.320	0.464
BPP_200_125_0.1_0.8_7.C	88	3.600	20.480	0.445
BPP_200_125_0.1_0.8_7.C	88	3.600	20.480	0.422
BPP_200_125_0.1_0.8_7.C	89	3.400	20.520	0.419
BPP_200_125_0.1_0.8_7.C	89	3.400	20.520	0.421
BPP_200_125_0.1_0.8_7.C	88	3.600	20.480	0.415
BPP_200_125_0.1_0.8_7.C	89	3.200	20.360	0.405
BPP_200_125_0.1_0.8_7.C	88	3.600	20.480	0.417
BPP_200_125_0.1_0.8_7.C	88	3.800	20.640	0.411
BPP_200_125_0.1_0.8_7.C	89	3.400	20.520	0.420
BPP_200_125_0.1_0.8_7.C	89	3.200	20.360	0.414
BPP_200_125_0.1_0.8_8.C	95	2.800	21.240	0.436
BPP_200_125_0.1_0.8_8.C	95	2.800	21.240	0.452
BPP_200_125_0.1_0.8_8.C	95	2.600	21.080	0.448
BPP_200_125_0.1_0.8_8.C	95	2.800	21.240	0.441
BPP_200_125_0.1_0.8_8.C	95	2.800	21.240	0.448
BPP_200_125_0.1_0.8_8.C	95	2.800	21.240	0.435
BPP_200_125_0.1_0.8_8.C	95	2.600	21.080	0.437
BPP_200_125_0.1_0.8_8.C	95	2.800	21.240	0.443
BPP_200_125_0.1_0.8_8.C	95	2.600	21.080	0.444
BPP_200_125_0.1_0.8_8.C	95	2.800	21.240	0.439
BPP_200_125_0.1_0.8_9.C	95	1.400	20.120	0.446
BPP_200_125_0.1_0.8_9.C	94	1.400	19.920	0.448
BPP_200_125_0.1_0.8_9.C	94	1.400	19.920	0.452
BPP_200_125_0.1_0.8_9.C	94	1.400	19.920	0.441
BPP_200_125_0.1_0.8_9.C	95	1.000	19.800	0.487
BPP_200_125_0.1_0.8_9.C	95	1.200	19.960	0.436
BPP_200_125_0.1_0.8_9.C	95	1.200	19.960	0.446
BPP_200_125_0.1_0.8_9.C	94	1.400	19.920	0.431
BPP_200_125_0.1_0.8_9.C	94	1.400	19.920	0.447
BPP_200_125_0.1_0.8_9.C	94	1.400	19.920	0.442
BPP_200_150_0.1_0.8_0.C	94	1.000	19.600	0.516
BPP_200_150_0.1_0.8_0.C	93	1.200	19.560	0.522
BPP_200_150_0.1_0.8_0.C	94	1.000	19.600	0.518
BPP_200_150_0.1_0.8_0.C	94	1.000	19.600	0.515
BPP_200_150_0.1_0.8_0.C	94	1.000	19.600	0.503
BPP_200_150_0.1_0.8_0.C	93	1.000	19.400	0.543
BPP_200_150_0.1_0.8_0.C	94	1.000	19.600	0.531
BPP_200_150_0.1_0.8_0.C	94	1.200	19.760	0.530
BPP_200_150_0.1_0.8_0.C	93	1.000	19.400	0.519
BPP_200_150_0.1_0.8_0.C	94	1.000	19.600	0.517
BPP_200_150_0.1_0.8_1.C	94	3.600	21.680	0.522
BPP_200_150_0.1_0.8_1.C	94	3.400	21.520	0.531
BPP_200_150_0.1_0.8_1.C	94	3.400	21.520	0.530
BPP_200_150_0.1_0.8_1.C	94	3.400	21.520	0.510
BPP_200_150_0.1_0.8_1.C	94	3.400	21.520	0.536
BPP_200_150_0.1_0.8_1.C	94	3.400	21.520	0.507
BPP_200_150_0.1_0.8_1.C	94	3.400	21.520	0.509
BPP_200_150_0.1_0.8_1.C	94	3.400	21.520	0.532
BPP_200_150_0.1_0.8_1.C	94	3.400	21.520	0.508
BPP_200_150_0.1_0.8_1.C	94	3.400	21.520	0.550
BPP_200_150_0.1_0.8_2.C	93	1.600	19.880	0.615
BPP_200_150_0.1_0.8_2.C	93	1.600	19.880	0.578
BPP_200_150_0.1_0.8_2.C	93	1.600	19.880	0.533
BPP_200_150_0.1_0.8_2.C	93	2.400	20.520	0.517
BPP_200_150_0.1_0.8_2.C	93	1.800	20.040	0.543
BPP_200_150_0.1_0.8_2.C	94	1.400	19.920	0.590
BPP_200_150_0.1_0.8_2.C	93	2.600	20.680	0.516
BPP_200_150_0.1_0.8_2.C	93	2.200	20.360	0.547
BPP_200_150_0.1_0.8_2.C	93	1.400	19.720	0.565
BPP_200_150_0.1_0.8_2.C	93	2.400	20.520	0.532
BPP_200_150_0.1_0.8_3.C	95	5.200	23.160	0.534
BPP_200_150_0.1_0.8_3.C	96	5.000	23.200	0.546
BPP_200_150_0.1_0.8_3.C	96	5.000	23.200	0.539
BPP_200_150_0.1_0.8_3.C	95	5.000	23.000	0.520
BPP_200_150_0.1_0.8_3.C	96	5.200	23.360	0.526
BPP_200_150_0.1_0.8_3.C	95	5.000	23.000	0.544
BPP_200_150_0.1_0.8_3.C	96	5.000	23.200	0.575
BPP_200_150_0.1_0.8_3.C	96	5.000	23.200	0.514
BPP_200_150_0.1_0.8_3.C	96	5.000	23.200	0.551
BPP_200_150_0.1_0.8_3.C	96	5.000	23.200	0.537
BPP_200_150_0.1_0.8_4.C	104	5.600	25.280	0.615
BPP_200_150_0.1_0.8_4.C	104	6.000	25.600	0.569
BPP_200_150_0.1_0.8_4.C	104	5.400	25.120	0.564
BPP_200_150_0.1_0.8_4.C	104	5.600	25.280	0.574
BPP_200_150_0.1_0.8_4.C	105	5.600	25.480	0.571
BPP_200_150_0.1_0.8_4.C	104	6.000	25.600	0.568
BPP_200_150_0.1_0.8_4.C	104	5.400	25.120	0.590
BPP_200_150_0.1_0.8_4.C	104	6.000	25.600	0.593
BPP_200_150_0.1_0.8_4.C	104	5.400	25.120	0.602
BPP_200_150_0.1_0.8_4.C	104	6.800	26.240	0.574
BPP_200_150_0.1_0.8_5.C	96	5.600	23.680	0.522
BPP_200_150_0.1_0.8_5.C	95	5.800	23.640	0.534
BPP_200_150_0.1_0.8_5.C	95	5.600	23.480	0.522
BPP_200_150_0.1_0.8_5.C	96	5.600	23.680	0.538
BPP_200_150_0.1_0.8_5.C	95	5.800	23.640	0.534
BPP_200_150_0.1_0.8_5.C	95	5.600	23.480	0.540
BPP_200_150_0.1_0.8_5.C	95	5.600	23.480	0.524
BPP_200_150_0.1_0.8_5.C	96	5.600	23.680	0.524
BPP_200_150_0.1_0.8_5.C	95	5.800	23.640	0.533
BPP_200_150_0.1_0.8_5.C	95	5.600	23.480	0.535
BPP_200_150_0.1_0.8_6.C	97	3.000	21.800	0.528
BPP_200_150_0.1_0.8_6.C	97	3.000	21.800	0.526
BPP_200_150_0.1_0.8_6.C	97	3.000	21.800	0.541
BPP_200_150_0.1_0.8_6.C	97	3.000	21.800	0.521
BPP_200_150_0.1_0.8_6.C	97	3.000	21.800	0.538
BPP_200_150_0.1_0.8_6.C	96	3.200	21.760	0.540
BPP_200_150_0.1_0.8_6.C	97	3.000	21.800	0.539
BPP_200_150_0.1_0.8_6.C	97	3.000	21.800	0.541
BPP_200_150_0.1_0.8_6.C	97	3.000	21.800	0.540
BPP_200_150_0.1_0.8_6.C	97	3.000	21.800	0.538
BPP_200_150_0.1_0.8_7.C	101	10.400	28.520	0.648
BPP_200_150_0.1_0.8_7.C	101	11.000	29.000	0.552
BPP_200_150_0.1_0.8_7.C	101	10.600	28.680	0.590
BPP_200_150_0.1_0.8_7.C	101	9.400	27.720	0.689
BPP_200_150_0.1_0.8_7.C	101	9.400	27.720	0.757
BPP_200_150_0.1_0.8_7.C	101	10.000	28.200	0.651
BPP_200_150_0.1_0.8_7.C	101	10.600	28.680	0.586
BPP_200_150_0.1_0.8_7.C	101	10.200	28.360	0.576
BPP_200_150_0.1_0.8_7.C	101	10.000	28.200	0.643
BPP_200_150_0.1_0.8_7.C	101	10.000	28.200	0.653
BPP_200_150_0.1_0.8_8.C	94	2.200	20.560	0.517
BPP_200_150_0.1_0.8_8.C	94	2.400	20.720	0.532
BPP_200_150_0.1_0.8_8.C	95	2.000	20.600	0.524
BPP_200_150_0.1_0.8_8.C	95	2.000	20.600	0.511
BPP_200_150_0.1_0.8_8.C	95	2.000	20.600	0.518
BPP_200_150_0.1_0.8_8.C	94	2.200	20.560	0.505
BPP_200_150_0.1_0.8_8.C	94	2.000	20.400	0.526
BPP_200_150_0.1_0.8_8.C	94	2.000	20.400	0.528
BPP_200_150_0.1_0.8_8.C	95	2.000	20.600	0.527
BPP_200_150_0.1_0.8_8.C	95	2.000	20.600	0.525
BPP_200_150_0.1_0.8_9.C	94	1.800	20.240	0.511
BPP_200_150_0.1_0.8_9.C	93	1.800	20.040	0.519
BPP_200_150_0.1_0.8_9.C	93	1.800	20.040	0.510
BPP_200_150_0.1_0.8_9.C	92	2.200	20.160	0.511
BPP_200_150_0.1_0.8_9.C	92	2.200	20.160	0.498
BPP_200_150_0.1_0.8_9.C	93	1.800	20.040	0.530
BPP_200_150_0.1_0.8_9.C	93	1.800	20.040	0.505
BPP_200_150_0.1_0.8_9.C	93	1.800	20.040	0.512
BPP_200_150_0.1_0.8_9.C	93	1.800	20.040	0.504
BPP_200_150_0.1_0.8_9.C	92	2.200	20.160	0.502
BPP_200_200_0.1_0.8_0.C	95	-0.000	19.000	0.660
BPP_200_200_0.1_0.8_0.C	95	-0.000	19.000	0.667
BPP_200_200_0.1_0.8_0.C	95	-0.000	19.000	0.675
BPP_200_200_0.1_0.8_0.C	95	-0.000	19.000	0.680
BPP_200_200_0.1_0.8_0.C	95	-0.000	19.000	0.653
BPP_200_200_0.1_0.8_0.C	95	-0.000	19.000	0.668
BPP_200_200_0.1_0.8_0.C	95	-0.000	19.000	0.652
BPP_200_200_0.1_0.8_0.C	95	-0.000	19.000	0.662
BPP_200_200_0.1_0.8_0.C	95	-0.000	19.000	0.671
BPP_200_200_0.1_0.8_0.C	95	-0.000	19.000	0.650
BPP_200_200_0.1_0.8_1.C	98	8.000	26.000	0.692
BPP_200_200_0.1_0.8_1.C	98	8.000	26.000	0.706
BPP_200_200_0.1_0.8_1.C	97	8.200	25.960	0.699
BPP_200_200_0.1_0.8_1.C	98	8.000	26.000	0.699
BPP_200_200_0.1_0.8_1.C	98	8.000	26.000	0.694
BPP_200_200_0.1_0.8_1.C	97	8.200	25.960	0.700
BPP_200_200_0.1_0.8_1.C	98	8.000	26.000	0.669
BPP_200_200_0.1_0.8_1.C	97	8.200	25.960	0.667
BPP_200_200_0.1_0.8_1.C	98	8.000	26.000	0.682
BPP_200_200_0.1_0.8_1.C	98	8.000	26.000	0.703
BPP_200_200_0.1_0.8_2.C	87	7.000	23.000	0.622
BPP_200_200_0.1_0.8_2.C	87	7.000	23.000	0.607
BPP_200_200_0.1_0.8_2.C	87	7.000	23.000	0.601
BPP_200_200_0.1_0.8_2.C	87	7.000	23.000	0.637
BPP_200_200_0.1_0.8_2.C	87	7.000	23.000	0.609
BPP_200_200_0.1_0.8_2.C	87	7.000	23.000	0.624
BPP_200_200_0.1_0.8_2.C	87	7.000	23.000	0.666
BPP_200_200_0.1_0.8_2.C	87	7.000	23.000	0.607
BPP_200_200_0.1_0.8_2.C	87	7.000	23.000	0.632
BPP_200_200_0.1_0.8_2.C	87	7.000	23.000	0.628
BPP_200_200_0.1_0.8_3.C	91	2.800	20.440	0.670
BPP_200_200_0.1_0.8_3.C	91	2.600	20.280	0.668
BPP_200_200_0.1_0.8_3.C	91	2.600	20.280	0.663
BPP_200_200_0.1_0.8_3.C	91	2.600	20.280	0.687
BPP_200_200_0.1_0.8_3.C	91	2.600	20.280	0.656
BPP_200_200_0.1_0.8_3.C	91	2.600	20.280	0.661
BPP_200_200_0.1_0.8_3.C	91	2.600	20.280	0.665
BPP_200_200_0.1_0.8_3.C	91	2.600	20.280	0.669
BPP_200_200_0.1_0.8_3.C	91	2.600	20.280	0.659
BPP_200_200_0.1_0.8_3.C	91	2.600	20.280	0.639
BPP_200_200_0.1_0.8_4.C	93	5.000	22.600	0.657
BPP_200_200_0.1_0.8_4.C	93	5.000	22.600	0.671
BPP_200_200_0.1_0.8_4.C	94	4.800	22.640	0.646
BPP_200_200_0.1_0.8_4.C	93	4.800	22.440	0.664
BPP_200_200_0.1_0.8_4.C	93	4.800	22.440	0.667
BPP_200_200_0.1_0.8_4.C	93	5.200	22.760	0.674
BPP_200_200_0.1_0.8_4.C	94	4.800	22.640	0.650
BPP_200_200_0.1_0.8_4.C	94	4.800	22.640	0.682
BPP_200_200_0.1_0.8_4.C	93	4.800	22.440	0.670
BPP_200_200_0.1_0.8_4.C	94	4.800	22.640	0.683
BPP_200_200_0.1_0.8_5.C	92	0.600	18.880	0.643
BPP_200_200_0.1_0.8_5.C	91	0.800	18.840	0.664
BPP_200_200_0.1_0.8_5.C	92	0.600	18.880	0.665
BPP_200_200_0.1_0.8_5.C	92	0.600	18.880	0.671
BPP_200_200_0.1_0.8_5.C	92	0.600	18.880	0.653
BPP_200_200_0.1_0.8_5.C	92	0.600	18.880	0.682
BPP_200_200_0.1_0.8_5.C	92	0.600	18.880	0.647
BPP_200_200_0.1_0.8_5.C	92	0.600	18.880	0.666
BPP_200_200_0.1_0.8_5.C	92	0.600	18.880	0.655
BPP_200_200_0.1_0.8_5.C	92	0.600	18.880	0.650
BPP_200_200_0.1_0.8_6.C	101	0.000	20.200	0.771
BPP_200_200_0.1_0.8_6.C	100	-0.000	20.000	0.736
BPP_200_200_0.1_0.8_6.C	100	-0.000	20.000	0.768
BPP_200_200_0.1_0.8_6.C	100	-0.000	20.000	0.766
BPP_200_200_0.1_0.8_6.C	100	-0.000	20.000	0.728
BPP_200_200_0.1_0.8_6.C	101	0.000	20.200	0.751
BPP_200_200_0.1_0.8_6.C	100	-0.000	20.000	0.821
BPP_200_200_0.1_0.8_6.C	100	-0.000	20.000	0.783
BPP_200_200_0.1_0.8_6.C	100	-0.000	20.000	0.735
BPP_200_200_0.1_0.8_6.C	100	1.200	20.960	0.871
BPP_200_200_0.1_0.8_7.C	93	0.000	18.600	0.649
BPP_200_200_0.1_0.8_7.C	93	0.000	18.600	0.672
BPP_200_200_0.1_0.8_7.C	93	0.000	18.600	0.664
BPP_200_200_0.1_0.8_7.C	93	0.000	18.600	0.835
BPP_200_200_0.1_0.8_7.C	93	0.000	18.600	0.666
BPP_200_200_0.1_0.8_7.C	93	0.000	18.600	0.654
BPP_200_200_0.1_0.8_7.C	94	-0.000	18.800	0.927
BPP_200_200_0.1_0.8_7.C	93	0.000	18.600	0.668
BPP_200_200_0.1_0.8_7.C	93	0.000	18.600	0.638
BPP_200_200_0.1_0.8_7.C	93	0.000	18.600	0.654
BPP_200_200_0.1_0.8_8.C	101	3.800	23.240	0.741
BPP_200_200_0.1_0.8_8.C	100	4.000	23.200	0.724
BPP_200_200_0.1_0.8_8.C	101	3.800	23.240	0.731
BPP_200_200_0.1_0.8_8.C	101	3.800	23.240	0.718
BPP_200_200_0.1_0.8_8.C	100	4.000	23.200	0.744
BPP_200_200_0.1_0.8_8.C	101	3.800	23.240	0.728
BPP_200_200_0.1_0.8_8.C	101	3.800	23.240	0.724
BPP_200_200_0.1_0.8_8.C	101	3.800	23.240	0.718
BPP_200_200_0.1_0.8_8.C	101	3.800	23.240	0.728
BPP_200_200_0.1_0.8_8.C	100	4.000	23.200	0.695
BPP_200_200_0.1_0.8_9.C	95	1.200	19.960	0.726
BPP_200_200_0.1_0.8_9.C	95	2.000	20.600	0.708
BPP_200_200_0.1_0.8_9.C	95	2.600	21.080	0.668
BPP_200_200_0.1_0.8_9.C	95	2.000	20.600	0.701
BPP_200_200_0.1_0.8_9.C	95	2.400	20.920	0.688
BPP_200_200_0.1_0.8_9.C	95	2.400	20.920	0.691
BPP_200_200_0.1_0.8_9.C	96	2.400	21.120	0.689
BPP_200_200_0.1_0.8_9.C	95	2.200	20.760	0.695
BPP_200_200_0.1_0.8_9.C	95	1.800	20.440	0.759
BPP_200_200_0.1_0.8_9.C	95	2.200	20.760	0.690
BPP_200_300_0.1_0.8_0.C	91	-0.000	18.200	1.035
BPP_200_300_0.1_0.8_0.C	91	-0.000	18.200	1.043
BPP_200_300_0.1_0.8_0.C	91	-0.000	18.200	1.048
BPP_200_300_0.1_0.8_0.C	91	-0.000	18.200	1.045
BPP_200_300_0.1_0.8_0.C	91	-0.000	18.200	1.461
BPP_200_300_0.1_0.8_0.C	91	-0.000	18.200	1.028
BPP_200_300_0.1_0.8_0.C	91	-0.000	18.200	1.036
BPP_200_300_0.1_0.8_0.C	90	-0.000	18.000	1.025
BPP_200_300_0.1_0.8_0.C	91	-0.000	18.200	1.032
BPP_200_300_0.1_0.8_0.C	91	-0.000	18.200	1.039
BPP_200_300_0.1_0.8_1.C	98	2.600	21.680	1.116
BPP_200_300_0.1_0.8_1.C	97	2.800	21.640	1.151
BPP_200_300_0.1_0.8_1.C	98	2.600	21.680	1.121
BPP_200_300_0.1_0.8_1.C	98	2.600	21.680	1.146
BPP_200_300_0.1_0.8_1.C	98	2.800	21.840	1.103
BPP_200_300_0.1_0.8_1.C	98	2.600	21.680	1.123
BPP_200_300_0.1_0.8_1.C	98	2.600	21.680	1.110
BPP_200_300_0.1_0.8_1.C	98	2.600	21.680	1.111
BPP_200_300_0.1_0.8_1.C	98	2.600	21.680	1.152
BPP_200_300_0.1_0.8_1.C	98	2.600	21.680	1.134
BPP_200_300_0.1_0.8_2.C	97	0.200	19.560	1.118
BPP_200_300_0.1_0.8_2.C	96	0.200	19.360	1.073
BPP_200_300_0.1_0.8_2.C	96	0.200	19.360	1.099
BPP_200_300_0.1_0.8_2.C	96	0.800	19.840	1.104
BPP_200_300_0.1_0.8_2.C	96	0.200	19.360	1.084
BPP_200_300_0.1_0.8_2.C	96	0.200	19.360	1.124
BPP_200_300_0.1_0.8_2.C	96	0.200	19.360	1.102
BPP_200_300_0.1_0.8_2.C	96	0.200	19.360	1.097
BPP_200_300_0.1_0.8_2.C	96	0.200	19.360	1.095
BPP_200_300_0.1_0.8_2.C	96	0.800	19.840	1.109
BPP_200_300_0.1_0.8_3.C	99	9.600	27.480	1.130
BPP_200_300_0.1_0.8_3.C	99	9.800	27.640	1.156
BPP_200_300_0.1_0.8_3.C	99	9.600	27.480	1.136
BPP_200_300_0.1_0.8_3.C	99	9.600	27.480	1.159
BPP_200_300_0.1_0.8_3.C	99	9.800	27.640	1.141
BPP_200_300_0.1_0.8_3.C	99	9.800	27.640	1.120
BPP_200_300_0.1_0.8_3.C	99	9.600	27.480	1.173
BPP_200_300_0.1_0.8_3.C	99	9.800	27.640	1.139
BPP_200_300_0.1_0.8_3.C	99	9.800	27.640	1.145
BPP_200_300_0.1_0.8_3.C	99	9.600	27.480	1.129
BPP_200_300_0.1_0.8_4.C	95	7.200	24.760	1.091
BPP_200_300_0.1_0.8_4.C	94	7.200	24.560	1.092
BPP_200_300_0.1_0.8_4.C	95	7.200	24.760	1.074
BPP_200_300_0.1_0.8_4.C	94	7.400	24.720	1.083
BPP_200_300_0.1_0.8_4.C	95	7.200	24.760	1.230
BPP_200_300_0.1_0.8_4.C	95	7.200	24.760	1.090
BPP_200_300_0.1_0.8_4.C	94	7.200	24.560	1.305
BPP_200_300_0.1_0.8_4.C	95	7.000	24.600	1.088
BPP_200_300_0.1_0.8_4.C	95	7.200	24.760	1.115
BPP_200_300_0.1_0.8_4.C	95	7.200	24.760	1.281
BPP_200_300_0.1_0.8_5.C	89	1.000	18.600	1.060
BPP_200_300_0.1_0.8_5.C	89	1.000	18.600	1.064
BPP_200_300_0.1_0.8_5.C	89	1.000	18.600	1.174
BPP_200_300_0.1_0.8_5.C	89	1.000	18.600	1.017
BPP_200_300_0.1_0.8_5.C	89	1.000	18.600	1.029
BPP_200_300_0.1_0.8_5.C	89	1.000	18.600	1.018
BPP_200_300_0.1_0.8_5.C	89	1.000	18.600	1.048
BPP_200_300_0.1_0.8_5.C	89	1.000	18.600	1.042
BPP_200_300_0.1_0.8_5.C	89	1.000	18.600	1.031
BPP_200_300_0.1_0.8_5.C	89	1.000	18.600	1.045
BPP_200_300_0.1_0.8_6.C	99	2.600	21.880	1.097
BPP_200_300_0.1_0.8_6.C	99	2.600	21.880	1.108
BPP_200_300_0.1_0.8_6.C	99	2.600	21.880	1.120
BPP_200_300_0.1_0.8_6.C	99	2.600	21.880	1.103
BPP_200_300_0.1_0.8_6.C	99	2.800	22.040	1.102
BPP_200_300_0.1_0.8_6.C	98	2.600	21.680	1.092
BPP_200_300_0.1_0.8_6.C	99	3.000	22.200	1.108
BPP_200_300_0.1_0.8_6.C	99	2.600	21.880	1.094
BPP_200_300_0.1_0.8_6.C	99	2.800	22.040	1.122
BPP_200_300_0.1_0.8_6.C	99	2.600	21.880	1.118
BPP_200_300_0.1_0.8_7.C	91	-0.000	18.200	1.067
BPP_200_300_0.1_0.8_7.C	91	0.200	18.360	1.171
BPP_200_300_0.1_0.8_7.C	92	0.000	18.400	1.376
BPP_200_300_0.1_0.8_7.C	91	-0.000	18.200	1.055
BPP_200_300_0.1_0.8_7.C	91	-0.000	18.200	1.757
BPP_200_300_0.1_0.8_7.C	91	0.400	18.520	1.044
BPP_200_300_0.1_0.8_7.C	92	0.000	18.400	1.075
BPP_200_300_0.1_0.8_7.C	91	0.400	18.520	1.061
BPP_200_300_0.1_0.8_7.C	92	0.000	18.400	1.069
BPP_200_300_0.1_0.8_7.C	91	0.400	18.520	1.049
BPP_200_300_0.1_0.8_8.C	92	4.600	22.080	1.062
BPP_200_300_0.1_0.8_8.C	92	5.000	22.400	1.082
BPP_200_300_0.1_0.8_8.C	92	4.400	21.920	1.081
BPP_200_300_0.1_0.8_8.C	92	4.200	21.760	1.131
BPP_200_300_0.1_0.8_8.C	92	4.600	22.080	1.076
BPP_200_300_0.1_0.8_8.C	92	4.600	22.080	1.102
BPP_200_300_0.1_0.8_8.C	92	4.800	22.240	1.074
BPP_200_300_0.1_0.8_8.C	92	4.600	22.080	1.084
BPP_200_300_0.1_0.8_8.C	92	4.600	22.080	1.100
BPP_200_300_0.1_0.8_8.C	92	5.000	22.400	1.071
BPP_200_300_0.1_0.8_9.C	99	5.000	23.800	1.157
BPP_200_300_0.1_0.8_9.C	99	4.400	23.320	1.234
BPP_200_300_0.1_0.8_9.C	99	5.000	23.800	1.126
BPP_200_300_0.1_0.8_9.C	99	5.200	23.960	1.105
BPP_200_300_0.1_0.8_9.C	99	4.800	23.640	1.220
BPP_200_300_0.1_0.8_9.C	99	4.600	23.480	1.235
BPP_200_300_0.1_0.8_9.C	99	5.000	23.800	1.146
BPP_200_300_0.1_0.8_9.C	99	4.200	23.160	1.337
BPP_200_300_0.1_0.8_9.C	99	5.000	23.800	1.478
BPP_200_300_0.1_0.8_9.C	99	4.800	23.640	1.163
BPP_200_400_0.1_0.8_0.C	101	5.000	24.200	1.768
BPP_200_400_0.1_0.8_0.C	101	5.000	24.200	1.753
BPP_200_400_0.1_0.8_0.C	101	5.200	24.360	1.747
BPP_200_400_0.1_0.8_0.C	101	5.000	24.200	1.757
BPP_200_400_0.1_0.8_0.C	100	5.400	24.320	1.672
BPP_200_400_0.1_0.8_0.C	101	5.000	24.200	1.798
BPP_200_400_0.1_0.8_0.C	101	5.200	24.360	1.764
BPP_200_400_0.1_0.8_0.C	101	6.000	25.000	1.683
BPP_200_400_0.1_0.8_0.C	101	5.000	24.200	1.716
BPP_200_400_0.1_0.8_0.C	101	5.000	24.200	1.737
BPP_200_400_0.1_0.8_1.C	95	0.400	19.320	1.509
BPP_200_400_0.1_0.8_1.C	95	0.400	19.320	1.510
BPP_200_400_0.1_0.8_1.C	95	0.400	19.320	1.510
BPP_200_400_0.1_0.8_1.C	95	0.400	19.320	1.508
BPP_200_400_0.1_0.8_1.C	95	0.400	19.320	1.512
BPP_200_400_0.1_0.8_1.C	95	0.400	19.320	1.511
BPP_200_400_0.1_0.8_1.C	95	0.400	19.320	1.510
BPP_200_400_0.1_0.8_1.C	95	0.400	19.320	1.523
BPP_200_400_0.1_0.8_1.C	95	0.400	19.320	1.509
BPP_200_400_0.1_0.8_1.C	95	0.400	19.320	1.505
BPP_200_400_0.1_0.8_2.C	100	1.800	21.440	1.617
BPP_200_400_0.1_0.8_2.C	99	1.800	21.240	1.600
BPP_200_400_0.1_0.8_2.C	100	1.800	21.440	1.606
BPP_200_400_0.1_0.8_2.C	100	1.800	21.440	1.608
BPP_200_400_0.1_0.8_2.C	100	1.800	21.440	1.631
BPP_200_400_0.1_0.8_2.C	100	1.800	21.440	1.607
BPP_200_400_0.1_0.8_2.C	100	1.800	21.440	1.597
BPP_200_400_0.1_0.8_2.C	99	1.800	21.240	1.592
BPP_200_400_0.1_0.8_2.C	100	1.800	21.440	1.619
BPP_200_400_0.1_0.8_2.C	100	1.800	21.440	1.589
BPP_200_400_0.1_0.8_3.C	96	3.200	21.760	1.844
BPP_200_400_0.1_0.8_3.C	97	3.200	21.960	1.911
BPP_200_400_0.1_0.8_3.C	97	3.200	21.960	2.040
BPP_200_400_0.1_0.8_3.C	97	3.200	21.960	1.579
BPP_200_400_0.1_0.8_3.C	97	3.200	21.960	1.678
BPP_200_400_0.1_0.8_3.C	97	3.200	21.960	1.628
BPP_200_400_0.1_0.8_3.C	97	3.400	22.120	1.683
BPP_200_400_0.1_0.8_3.C	97	3.200	21.960	1.654
BPP_200_400_0.1_0.8_3.C	97	3.200	21.960	1.630
BPP_200_400_0.1_0.8_3.C	97	3.200	21.960	1.540
BPP_200_400_0.1_0.8_4.C	93	8.000	25.000	1.673
BPP_200_400_0.1_0.8_4.C	94	7.800	25.040	1.729
BPP_200_400_0.1_0.8_4.C	93	8.000	25.000	1.844
BPP_200_400_0.1_0.8_4.C	93	7.600	24.680	1.521
BPP_200_400_0.1_0.8_4.C	94	8.000	25.200	1.489
BPP_200_400_0.1_0.8_4.C	94	7.600	24.880	1.504
BPP_200_400_0.1_0.8_4.C	93	7.800	24.840	1.641
BPP_200_400_0.1_0.8_4.C	94	8.000	25.200	1.650
BPP_200_400_0.1_0.8_4.C	93	8.200	25.160	1.696
BPP_200_400_0.1_0.8_4.C	93	7.600	24.680	1.551
BPP_200_400_0.1_0.8_5.C	88	2.600	19.680	1.531
BPP_200_400_0.1_0.8_5.C	88	3.000	20.000	1.545
BPP_200_400_0.1_0.8_5.C	88	2.600	19.680	1.477
BPP_200_400_0.1_0.8_5.C	88	2.600	19.680	1.481
BPP_200_400_0.1_0.8_5.C	88	2.600	19.680	1.552
BPP_200_400_0.1_0.8_5.C	88	2.600	19.680	1.516
BPP_200_400_0.1_0.8_5.C	88	3.000	20.000	1.571
BPP_200_400_0.1_0.8_5.C	88	2.400	19.520	1.580
BPP_200_400_0.1_0.8_5.C	88	2.800	19.840	1.539
BPP_200_400_0.1_0.8_5.C	88	2.400	19.520	1.541
BPP_200_400_0.1_0.8_6.C	91	1.800	19.640	1.449
BPP_200_400_0.1_0.8_6.C	91	1.600	19.480	1.444
BPP_200_400_0.1_0.8_6.C	91	1.600	19.480	1.457
BPP_200_400_0.1_0.8_6.C	92	1.600	19.680	1.462
BPP_200_400_0.1_0.8_6.C	91	1.600	19.480	1.450
BPP_200_400_0.1_0.8_6.C	91	1.600	19.480	1.453
BPP_200_400_0.1_0.8_6.C	91	1.600	19.480	1.473
BPP_200_400_0.1_0.8_6.C	91	1.800	19.640	1.451
BPP_200_400_0.1_0.8_6.C	91	1.600	19.480	1.432
BPP_200_400_0.1_0.8_6.C	91	1.800	19.640	1.454
BPP_200_400_0.1_0.8_7.C	96	0.600	19.680	1.517
BPP_200_400_0.1_0.8_7.C	95	0.600	19.480	1.516
BPP_200_400_0.1_0.8_7.C	96	0.600	19.680	1.517
BPP_200_400_0.1_0.8_7.C	96	0.600	19.680	1.515
BPP_200_400_0.1_0.8_7.C	96	0.600	19.680	1.516
BPP_200_400_0.1_0.8_7.C	95	0.600	19.480	1.574
BPP_200_400_0.1_0.8_7.C	96	0.600	19.680	1.575
BPP_200_400_0.1_0.8_7.C	96	0.600	19.680	1.520
BPP_200_400_0.1_0.8_7.C	96	0.600	19.680	1.525
BPP_200_400_0.1_0.8_7.C	96	0.600	19.680	1.534
BPP_200_400_0.1_0.8_8.C	95	0.800	19.640	1.637
BPP_200_400_0.1_0.8_8.C	95	0.800	19.640	1.667
BPP_200_400_0.1_0.8_8.C	95	0.800	19.640	1.636
BPP_200_400_0.1_0.8_8.C	95	0.800	19.640	1.624
BPP_200_400_0.1_0.8_8.C	95	0.800	19.640	1.950
BPP_200_400_0.1_0.8_8.C	95	0.800	19.640	1.545
BPP_200_400_0.1_0.8_8.C	95	0.800	19.640	1.506
BPP_200_400_0.1_0.8_8.C	95	0.800	19.640	1.659
BPP_200_400_0.1_0.8_8.C	95	0.800	19.640	1.520
BPP_200_400_0.1_0.8_8.C	96	0.800	19.840	1.500
BPP_200_400_0.1_0.8_9.C	97	2.000	21.000	1.643
BPP_200_400_0.1_0.8_9.C	97	2.000	21.000	1.613
BPP_200_400_0.1_0.8_9.C	97	2.000	21.000	1.629
BPP_200_400_0.1_0.8_9.C	97	2.200	21.160	1.633
BPP_200_400_0.1_0.8_9.C	98	1.800	21.040	1.672
BPP_200_400_0.1_0.8_9.C	97	2.000	21.000	1.640
BPP_200_400_0.1_0.8_9.C	97	2.000	21.000	1.643
BPP_200_400_0.1_0.8_9.C	97	2.000	21.000	1.672
BPP_200_400_0.1_0.8_9.C	97	2.000	21.000	1.685
BPP_200_400_0.1_0.8_9.C	97	2.000	21.000	1.708
BPP_200_500_0.1_0.8_0.C	102	3.800	23.440	1.975
BPP_200_500_0.1_0.8_0.C	101	2.400	22.120	1.854
BPP_200_500_0.1_0.8_0.C	101	2.200	21.960	1.991
BPP_200_500_0.1_0.8_0.C	101	1.800	21.640	1.926
BPP_200_500_0.1_0.8_0.C	101	3.600	23.080	1.801
BPP_200_500_0.1_0.8_0.C	101	2.400	22.120	1.860
BPP_200_500_0.1_0.8_0.C	101	2.400	22.120	1.917
BPP_200_500_0.1_0.8_0.C	102	2.400	22.320	1.878
BPP_200_500_0.1_0.8_0.C	101	3.800	23.240	1.796
BPP_200_500_0.1_0.8_0.C	102	2.200	22.160	1.938
BPP_200_500_0.1_0.8_1.C	93	5.600	23.080	1.699
BPP_200_500_0.1_0.8_1.C	93	5.400	22.920	1.729
BPP_200_500_0.1_0.8_1.C	94	5.400	23.120	1.713
BPP_200_500_0.1_0.8_1.C	94	6.000	23.600	1.686
BPP_200_500_0.1_0.8_1.C	93	5.800	23.240	1.716
BPP_200_500_0.1_0.8_1.C	93	5.200	22.760	1.723
BPP_200_500_0.1_0.8_1.C	93	5.800	23.240	1.684
BPP_200_500_0.1_0.8_1.C	93	5.800	23.240	1.700
BPP_200_500_0.1_0.8_1.C	94	5.200	22.960	1.709
BPP_200_500_0.1_0.8_1.C	93	5.200	22.760	1.877
BPP_200_500_0.1_0.8_2.C	87	7.000	23.000	1.852
BPP_200_500_0.1_0.8_2.C	87	7.200	23.160	2.036
BPP_200_500_0.1_0.8_2.C	87	7.000	23.000	1.947
BPP_200_500_0.1_0.8_2.C	87	7.200	23.160	2.033
BPP_200_500_0.1_0.8_2.C	87	7.200	23.160	1.932
BPP_200_500_0.1_0.8_2.C	87	7.200	23.160	1.991
BPP_200_500_0.1_0.8_2.C	87	7.200	23.160	2.013
BPP_200_500_0.1_0.8_2.C	87	7.000	23.000	2.062
BPP_200_500_0.1_0.8_2.C	87	7.200	23.160	1.891
BPP_200_500_0.1_0.8_2.C	87	7.200	23.160	1.908
BPP_200_500_0.1_0.8_3.C	93	11.400	27.720	1.690
BPP_200_500_0.1_0.8_3.C	93	11.400	27.720	1.692
BPP_200_500_0.1_0.8_3.C	93	11.400	27.720	2.009
BPP_200_500_0.1_0.8_3.C	93	11.400	27.720	1.971
BPP_200_500_0.1_0.8_3.C	93	11.400	27.720	2.120
BPP_200_500_0.1_0.8_3.C	93	11.400	27.720	1.716
BPP_200_500_0.1_0.8_3.C	93	11.400	27.720	1.727
BPP_200_500_0.1_0.8_3.C	93	11.400	27.720	1.717
BPP_200_500_0.1_0.8_3.C	93	11.600	27.880	1.722
BPP_200_500_0.1_0.8_3.C	93	11.400	27.720	1.682
BPP_200_500_0.1_0.8_4.C	93	3.000	21.000	2.087
BPP_200_500_0.1_0.8_4.C	93	3.000	21.000	2.259
BPP_200_500_0.1_0.8_4.C	93	3.000	21.000	2.189
BPP_200_500_0.1_0.8_4.C	93	3.000	21.000	2.018
BPP_200_500_0.1_0.8_4.C	93	3.000	21.000	2.144
BPP_200_500_0.1_0.8_4.C	93	3.000	21.000	2.203
BPP_200_500_0.1_0.8_4.C	93	3.000	21.000	1.653
BPP_200_500_0.1_0.8_4.C	93	3.000	21.000	1.677
BPP_200_500_0.1_0.8_4.C	93	2.800	20.840	1.665
BPP_200_500_0.1_0.8_4.C	93	3.000	21.000	1.691
BPP_200_500_0.1_0.8_5.C	98	1.800	21.040	1.758
BPP_200_500_0.1_0.8_5.C	97	1.800	20.840	1.761
BPP_200_500_0.1_0.8_5.C	98	1.800	21.040	1.763
BPP_200_500_0.1_0.8_5.C	97	2.000	21.000	1.752
BPP_200_500_0.1_0.8_5.C	97	2.000	21.000	1.748
BPP_200_500_0.1_0.8_5.C	97	2.000	21.000	1.737
BPP_200_500_0.1_0.8_5.C	97	1.800	20.840	1.759
BPP_200_500_0.1_0.8_5.C	97	2.000	21.000	1.758
BPP_200_500_0.1_0.8_5.C	97	2.000	21.000	2.065
BPP_200_500_0.1_0.8_5.C	98	1.800	21.040	1.764
BPP_200_500_0.1_0.8_6.C	97	1.800	20.840	2.085
BPP_200_500_0.1_0.8_6.C	97	1.800	20.840	1.747
BPP_200_500_0.1_0.8_6.C	97	1.800	20.840	2.142
BPP_200_500_0.1_0.8_6.C	96	2.000	20.800	2.235
BPP_200_500_0.1_0.8_6.C	97	1.800	20.840	2.152
BPP_200_500_0.1_0.8_6.C	97	1.800	20.840	2.158
BPP_200_500_0.1_0.8_6.C	97	1.800	20.840	2.252
BPP_200_500_0.1_0.8_6.C	97	1.800	20.840	2.036
BPP_200_500_0.1_0.8_6.C	97	1.800	20.840	2.089
BPP_200_500_0.1_0.8_6.C	97	1.800	20.840	2.154
BPP_200_500_0.1_0.8_7.C	90	9.200	25.360	1.871
BPP_200_500_0.1_0.8_7.C	90	8.000	24.400	2.080
BPP_200_500_0.1_0.8_7.C	91	7.800	24.440	1.947
BPP_200_500_0.1_0.8_7.C	90	9.400	25.520	1.973
BPP_200_500_0.1_0.8_7.C	90	9.000	25.200	1.981
BPP_200_500_0.1_0.8_7.C	91	8.600	25.080	1.952
BPP_200_500_0.1_0.8_7.C	91	8.800	25.240	2.001
BPP_200_500_0.1_0.8_7.C	91	8.800	25.240	1.960
BPP_200_500_0.1_0.8_7.C	90	9.200	25.360	2.036
BPP_200_500_0.1_0.8_7.C	91	8.000	24.600	2.070
BPP_200_500_0.1_0.8_8.C	107	3.600	24.280	2.359
BPP_200_500_0.1_0.8_8.C	107	3.600	24.280	2.325
BPP_200_500_0.1_0.8_8.C	107	3.800	24.440	2.339
BPP_200_500_0.1_0.8_8.C	108	5.000	25.600	2.142
BPP_200_500_0.1_0.8_8.C	107	4.200	24.760	2.779
BPP_200_500_0.1_0.8_8.C	107	3.800	24.440	2.521
BPP_200_500_0.1_0.8_8.C	107	3.400	24.120	2.698
BPP_200_500_0.1_0.8_8.C	107	4.400	24.920	2.141
BPP_200_500_0.1_0.8_8.C	107	3.600	24.280	2.290
BPP_200_500_0.1_0.8_8.C	107	3.400	24.120	2.271
BPP_200_500_0.1_0.8_9.C	95	4.200	22.360	1.787
BPP_200_500_0.1_0.8_9.C	94	3.600	21.680	1.809
BPP_200_500_0.1_0.8_9.C	94	3.400	21.520	1.827
BPP_200_500_0.1_0.8_9.C	95	2.600	21.080	1.870
BPP_200_500_0.1_0.8_9.C	95	3.200	21.560	1.913
BPP_200_500_0.1_0.8_9.C	95	4.600	22.680	1.744
BPP_200_500_0.1_0.8_9.C	95	3.200	21.560	1.831
BPP_200_500_0.1_0.8_9.C	95	4.200	22.360	1.842
BPP_200_500_0.1_0.8_9.C	95	3.000	21.400	1.887
BPP_200_500_0.1_0.8_9.C	95	4.200	22.360	1.837
BPP_200_50_0.1_0.8_0.C	84	2.000	18.400	0.207
BPP_200_50_0.1_0.8_0.C	84	2.000	18.400	0.207
BPP_200_50_0.1_0.8_0.C	84	2.000	18.400	0.209
BPP_200_50_0.1_0.8_0.C	84	2.200	18.560	0.212
BPP_200_50_0.1_0.8_0.C	84	2.000	18.400	0.204
BPP_200_50_0.1_0.8_0.C	84	2.200	18.560	0.210
BPP_200_50_0.1_0.8_0.C	84	2.000	18.400	0.205
BPP_200_50_0.1_0.8_0.C	84	2.200	18.560	0.214
BPP_200_50_0.1_0.8_0.C	84	2.000	18.400	0.212
BPP_200_50_0.1_0.8_0.C	84	2.000	18.400	0.213
BPP_200_50_0.1_0.8_1.C	94	2.400	20.720	0.244
BPP_200_50_0.1_0.8_1.C	93	2.800	20.840	0.239
BPP_200_50_0.1_0.8_1.C	93	2.800	20.840	0.234
BPP_200_50_0.1_0.8_1.C	94	2.800	21.040	0.244
BPP_200_50_0.1_0.8_1.C	93	2.800	20.840	0.230
BPP_200_50_0.1_0.8_1.C	93	2.800	20.840	0.229
BPP_200_50_0.1_0.8_1.C	93	2.800	20.840	0.240
BPP_200_50_0.1_0.8_1.C	94	2.600	20.880	0.242
BPP_200_50_0.1_0.8_1.C	93	3.000	21.000	0.234
BPP_200_50_0.1_0.8_1.C	93	2.800	20.840	0.238
BPP_200_50_0.1_0.8_2.C	88	4.800	21.440	0.231
BPP_200_50_0.1_0.8_2.C	88	4.800	21.440	0.227
BPP_200_50_0.1_0.8_2.C	88	5.000	21.600	0.231
BPP_200_50_0.1_0.8_2.C	88	4.800	21.440	0.232
BPP_200_50_0.1_0.8_2.C	89	4.800	21.640	0.233
BPP_200_50_0.1_0.8_2.C	89	4.800	21.640	0.238
BPP_200_50_0.1_0.8_2.C	89	4.800	21.640	0.227
BPP_200_50_0.1_0.8_2.C	88	4.800	21.440	0.226
BPP_200_50_0.1_0.8_2.C	88	4.800	21.440	0.243
BPP_200_50_0.1_0.8_2.C	89	4.800	21.640	0.229
BPP_200_50_0.1_0.8_3.C	93	2.800	20.840	0.242
BPP_200_50_0.1_0.8_3.C	93	2.800	20.840	0.231
BPP_200_50_0.1_0.8_3.C	94	2.800	21.040	0.230
BPP_200_50_0.1_0.8_3.C	93	2.800	20.840	0.230
BPP_200_50_0.1_0.8_3.C	94	2.800	21.040	0.233
BPP_200_50_0.1_0.8_3.C	93	2.800	20.840	0.237
BPP_200_50_0.1_0.8_3.C	93	2.800	20.840	0.233
BPP_200_50_0.1_0.8_3.C	93	2.800	20.840	0.230
BPP_200_50_0.1_0.8_3.C	94	2.800	21.040	0.231
BPP_200_50_0.1_0.8_3.C	93	2.800	20.840	0.234
BPP_200_50_0.1_0.8_4.C	94	0.200	18.960	0.248
BPP_200_50_0.1_0.8_4.C	93	0.200	18.760	0.238
BPP_200_50_0.1_0.8_4.C	94	0.200	18.960	0.256
BPP_200_50_0.1_0.8_4.C	93	0.200	18.760	0.239
BPP_200_50_0.1_0.8_4.C	93	0.200	18.760	0.237
BPP_200_50_0.1_0.8_4.C	94	0.200	18.960	0.239
BPP_200_50_0.1_0.8_4.C	94	0.200	18.960	0.245
BPP_200_50_0.1_0.8_4.C	94	0.200	18.960	0.235
BPP_200_50_0.1_0.8_4.C	94	0.200	18.960	0.234
BPP_200_50_0.1_0.8_4.C	93	0.200	18.760	0.241
BPP_200_50_0.1_0.8_5.C	96	0.200	19.360	0.261
BPP_200_50_0.1_0.8_5.C	96	0.200	19.360	0.235
BPP_200_50_0.1_0.8_5.C	95	0.200	19.160	0.241
BPP_200_50_0.1_0.8_5.C	96	0.200	19.360	0.238
BPP_200_50_0.1_0.8_5.C	96	0.200	19.360	0.240
BPP_200_50_0.1_0.8_5.C	96	0.200	19.360	0.240
BPP_200_50_0.1_0.8_5.C	96	0.200	19.360	0.235
BPP_200_50_0.1_0.8_5.C	96	0.200	19.360	0.232
BPP_200_50_0.1_0.8_5.C	96	0.200	19.360	0.234
BPP_200_50_0.1_0.8_5.C	96	0.200	19.360	0.240
BPP_200_50_0.1_0.8_6.C	98	0.200	19.760	0.248
BPP_200_50_0.1_0.8_6.C	98	0.200	19.760	0.249
BPP_200_50_0.1_0.8_6.C	98	0.200	19.760	0.253
BPP_200_50_0.1_0.8_6.C	98	0.200	19.760	0.241
BPP_200_50_0.1_0.8_6.C	98	0.200	19.760	0.256
BPP_200_50_0.1_0.8_6.C	98	0.200	19.760	0.250
BPP_200_50_0.1_0.8_6.C	98	0.200	19.760	0.253
BPP_200_50_0.1_0.8_6.C	98	0.200	19.760	0.245
BPP_200_50_0.1_0.8_6.C	98	0.200	19.760	0.285
BPP_200_50_0.1_0.8_6.C	98	0.200	19.760	0.245
BPP_200_50_0.1_0.8_7.C	90	2.600	20.080	0.236
BPP_200_50_0.1_0.8_7.C	90	2.600	20.080	0.249
BPP_200_50_0.1_0.8_7.C	90	2.600	20.080	0.234
BPP_200_50_0.1_0.8_7.C	90	2.600	20.080	0.227
BPP_200_50_0.1_0.8_7.C	89	2.800	20.040	0.237
BPP_200_50_0.1_0.8_7.C	90	2.600	20.080	0.230
BPP_200_50_0.1_0.8_7.C	89	2.800	20.040	0.244
BPP_200_50_0.1_0.8_7.C	90	2.600	20.080	0.241
BPP_200_50_0.1_0.8_7.C	90	2.600	20.080	0.235
BPP_200_50_0.1_0.8_7.C	90	2.600	20.080	0.230
BPP_200_50_0.1_0.8_8.C	87	2.200	19.160	0.225
BPP_200_50_0.1_0.8_8.C	87	2.200	19.160	0.223
BPP_200_50_0.1_0.8_8.C	87	2.200	19.160	0.225
BPP_200_50_0.1_0.8_8.C	87	2.200	19.160	0.225
BPP_200_50_0.1_0.8_8.C	87	2.200	19.160	0.219
BPP_200_50_0.1_0.8_8.C	87	2.200	19.160	0.219
BPP_200_50_0.1_0.8_8.C	87	2.200	19.160	0.216
BPP_200_50_0.1_0.8_8.C	87	2.200	19.160	0.221
BPP_200_50_0.1_0.8_8.C	87	2.400	19.320	0.216
BPP_200_50_0.1_0.8_8.C	87	2.200	19.160	0.218
BPP_200_50_0.1_0.8_9.C	91	4.200	21.560	0.235
BPP_200_50_0.1_0.8_9.C	91	4.200	21.560	0.237
BPP_200_50_0.1_0.8_9.C	91	4.200	21.560	0.230
BPP_200_50_0.1_0.8_9.C	91	4.200	21.560	0.240
BPP_200_50_0.1_0.8_9.C	91	4.200	21.560	0.235
BPP_200_50_0.1_0.8_9.C	91	4.200	21.560	0.236
BPP_200_50_0.1_0.8_9.C	91	4.200	21.560	0.232
BPP_200_50_0.1_0.8_9.C	91	4.200	21.560	0.231
BPP_200_50_0.1_0.8_9.C	91	4.200	21.560	0.228
BPP_200_50_0.1_0.8_9.C	91	4.200	21.560	0.227
BPP_200_750_0.1_0.8_0.C	93	10.400	26.920	2.456
BPP_200_750_0.1_0.8_0.C	93	10.800	27.240	2.601
BPP_200_750_0.1_0.8_0.C	94	10.000	26.800	2.731
BPP_200_750_0.1_0.8_0.C	93	10.200	26.760	2.924
BPP_200_750_0.1_0.8_0.C	94	10.200	26.960	3.269
BPP_200_750_0.1_0.8_0.C	93	10.200	26.760	3.421
BPP_200_750_0.1_0.8_0.C	93	10.600	27.080	3.926
BPP_200_750_0.1_0.8_0.C	94	10.400	27.120	2.483
BPP_200_750_0.1_0.8_0.C	93	10.400	26.920	2.447
BPP_200_750_0.1_0.8_0.C	94	10.000	26.800	2.463
BPP_200_750_0.1_0.8_1.C	92	6.600	23.680	2.505
BPP_200_750_0.1_0.8_1.C	92	6.600	23.680	2.626
BPP_200_750_0.1_0.8_1.C	92	6.600	23.680	2.871
BPP_200_750_0.1_0.8_1.C	93	5.200	22.760	3.079
BPP_200_750_0.1_0.8_1.C	93	6.400	23.720	3.166
BPP_200_750_0.1_0.8_1.C	92	6.800	23.840	3.318
BPP_200_750_0.1_0.8_1.C	93	6.600	23.880	3.636
BPP_200_750_0.1_0.8_1.C	92	6.600	23.680	3.785
BPP_200_750_0.1_0.8_1.C	93	6.600	23.880	3.859
BPP_200_750_0.1_0.8_1.C	93	6.600	23.880	2.628
BPP_200_750_0.1_0.8_2.C	94	6.000	23.600	2.488
BPP_200_750_0.1_0.8_2.C	94	6.000	23.600	2.504
BPP_200_750_0.1_0.8_2.C	94	6.000	23.600	2.531
BPP_200_750_0.1_0.8_2.C	94	6.200	23.760	2.469
BPP_200_750_0.1_0.8_2.C	94	6.000	23.600	2.463
BPP_200_750_0.1_0.8_2.C	94	6.000	23.600	2.517
BPP_200_750_0.1_0.8_2.C	94	6.000	23.600	2.487
BPP_200_750_0.1_0.8_2.C	94	6.000	23.600	2.484
BPP_200_750_0.1_0.8_2.C	94	6.200	23.760	2.484
BPP_200_750_0.1_0.8_2.C	94	6.000	23.600	2.464
BPP_200_750_0.1_0.8_3.C	93	8.600	25.480	2.484
BPP_200_750_0.1_0.8_3.C	93	8.600	25.480	2.449
BPP_200_750_0.1_0.8_3.C	93	7.400	24.520	2.497
BPP_200_750_0.1_0.8_3.C	93	9.000	25.800	2.484
BPP_200_750_0.1_0.8_3.C	93	7.800	24.840	2.477
BPP_200_750_0.1_0.8_3.C	93	8.600	25.480	2.477
BPP_200_750_0.1_0.8_3.C	93	8.800	25.640	3.842
BPP_200_750_0.1_0.8_3.C	93	9.000	25.800	3.763
BPP_200_750_0.1_0.8_3.C	93	8.600	25.480	3.861
BPP_200_750_0.1_0.8_3.C	93	9.000	25.800	2.457
BPP_200_750_0.1_0.8_4.C	94	1.600	20.080	3.712
BPP_200_750_0.1_0.8_4.C	94	1.600	20.080	2.464
BPP_200_750_0.1_0.8_4.C	93	1.600	19.880	2.472
BPP_200_750_0.1_0.8_4.C	94	1.600	20.080	2.463
BPP_200_750_0.1_0.8_4.C	94	1.600	20.080	2.515
BPP_200_750_0.1_0.8_4.C	94	1.600	20.080	2.553
BPP_200_750_0.1_0.8_4.C	94	1.600	20.080	2.491
BPP_200_750_0.1_0.8_4.C	94	1.600	20.080	2.656
BPP_200_750_0.1_0.8_4.C	94	1.600	20.080	2.893
BPP_200_750_0.1_0.8_4.C	94	1.600	20.080	2.466
BPP_200_750_0.1_0.8_5.C	90	3.600	20.880	2.435
BPP_200_750_0.1_0.8_5.C	90	4.200	21.360	2.437
BPP_200_750_0.1_0.8_5.C	90	3.600	20.880	3.661
BPP_200_750_0.1_0.8_5.C	90	4.000	21.200	2.455
BPP_200_750_0.1_0.8_5.C	90	4.200	21.360	2.424
BPP_200_750_0.1_0.8_5.C	90	3.800	21.040	2.403
BPP_200_750_0.1_0.8_5.C	91	4.000	21.400	2.422
BPP_200_750_0.1_0.8_5.C	90	3.800	21.040	2.435
BPP_200_750_0.1_0.8_5.C	90	4.600	21.680	3.775
BPP_200_750_0.1_0.8_5.C	90	3.800	21.040	2.390
BPP_200_750_0.1_0.8_6.C	94	3.000	21.200	2.499
BPP_200_750_0.1_0.8_6.C	93	3.200	21.160	2.449
BPP_200_750_0.1_0.8_6.C	94	2.800	21.040	2.511
BPP_200_750_0.1_0.8_6.C	94	3.000	21.200	2.468
BPP_200_750_0.1_0.8_6.C	94	2.800	21.040	3.886
BPP_200_750_0.1_0.8_6.C	94	3.000	21.200	2.443
BPP_200_750_0.1_0.8_6.C	93	2.800	20.840	2.435
BPP_200_750_0.1_0.8_6.C	95	2.600	21.080	2.475
BPP_200_750_0.1_0.8_6.C	93	2.800	20.840	2.531
BPP_200_750_0.1_0.8_6.C	93	2.800	20.840	2.414
BPP_200_750_0.1_0.8_7.C	95	2.800	21.240	3.827
BPP_200_750_0.1_0.8_7.C	95	2.600	21.080	3.856
BPP_200_750_0.1_0.8_7.C	95	2.400	20.920	4.006
BPP_200_750_0.1_0.8_7.C	95	2.200	20.760	3.973
BPP_200_750_0.1_0.8_7.C	96	2.800	21.440	3.960
BPP_200_750_0.1_0.8_7.C	96	2.600	21.280	3.899
BPP_200_750_0.1_0.8_7.C	95	2.600	21.080	3.980
BPP_200_750_0.1_0.8_7.C	95	2.600	21.080	3.893
BPP_200_750_0.1_0.8_7.C	96	2.600	21.280	3.885
BPP_200_750_0.1_0.8_7.C	95	2.600	21.080	3.938
BPP_200_750_0.1_0.8_8.C	90	2.000	19.600	2.414
BPP_200_750_0.1_0.8_8.C	90	2.200	19.760	2.401
BPP_200_750_0.1_0.8_8.C	90	2.000	19.600	2.408
BPP_200_750_0.1_0.8_8.C	90	2.200	19.760	2.380
BPP_200_750_0.1_0.8_8.C	90	2.000	19.600	2.362
BPP_200_750_0.1_0.8_8.C	90	2.200	19.760	2.367
BPP_200_750_0.1_0.8_8.C	90	2.000	19.600	3.719
BPP_200_750_0.1_0.8_8.C	90	2.200	19.760	2.389
BPP_200_750_0.1_0.8_8.C	91	2.000	19.800	3.644
BPP_200_750_0.1_0.8_8.C	90	2.200	19.760	3.704
BPP_200_750_0.1_0.8_9.C	101	3.600	23.080	4.115
BPP_200_750_0.1_0.8_9.C	101	3.200	22.760	4.273
BPP_200_750_0.1_0.8_9.C	101	3.600	23.080	4.209
BPP_200_750_0.1_0.8_9.C	101	3.800	23.240	4.088
BPP_200_750_0.1_0.8_9.C	102	3.200	22.960	4.179
BPP_200_750_0.1_0.8_9.C	101	3.400	22.920	4.138
BPP_200_750_0.1_0.8_9.C	101	3.600	23.080	4.238
BPP_200_750_0.1_0.8_9.C	102	3.400	23.120	4.306
BPP_200_750_0.1_0.8_9.C	101	3.400	22.920	4.170
BPP_200_750_0.1_0.8_9.C	101	3.200	22.760	2.749
BPP_200_75_0.1_0.8_0.C	90	2.800	20.240	0.295
BPP_200_75_0.1_0.8_0.C	91	2.600	20.280	0.296
BPP_200_75_0.1_0.8_0.C	90	2.800	20.240	0.292
BPP_200_75_0.1_0.8_0.C	92	2.600	20.480	0.297
BPP_200_75_0.1_0.8_0.C	90	2.800	20.240	0.293
BPP_200_75_0.1_0.8_0.C	91	2.600	20.280	0.293
BPP_200_75_0.1_0.8_0.C	91	2.600	20.280	0.291
BPP_200_75_0.1_0.8_0.C	91	2.600	20.280	0.294
BPP_200_75_0.1_0.8_0.C	91	2.600	20.280	0.290
BPP_200_75_0.1_0.8_0.C	90	2.800	20.240	0.292
BPP_200_75_0.1_0.8_1.C	92	2.600	20.480	0.293
BPP_200_75_0.1_0.8_1.C	92	2.800	20.640	0.296
BPP_200_75_0.1_0.8_1.C	93	2.600	20.680	0.295
BPP_200_75_0.1_0.8_1.C	92	2.600	20.480	0.305
BPP_200_75_0.1_0.8_1.C	93	2.600	20.680	0.295
BPP_200_75_0.1_0.8_1.C	92	2.600	20.480	0.301
BPP_200_75_0.1_0.8_1.C	92	2.600	20.480	0.295
BPP_200_75_0.1_0.8_1.C	92	2.600	20.480	0.301
BPP_200_75_0.1_0.8_1.C	92	2.800	20.640	0.299
BPP_200_75_0.1_0.8_1.C	93	2.600	20.680	0.294
BPP_200_75_0.1_0.8_2.C	89	0.200	17.960	0.283
BPP_200_75_0.1_0.8_2.C	90	0.200	18.160	0.289
BPP_200_75_0.1_0.8_2.C	89	0.200	17.960	0.286
BPP_200_75_0.1_0.8_2.C	90	0.200	18.160	0.289
BPP_200_75_0.1_0.8_2.C	89	0.200	17.960	0.296
BPP_200_75_0.1_0.8_2.C	90	0.200	18.160	0.281
BPP_200_75_0.1_0.8_2.C	90	0.200	18.160	0.288
BPP_200_75_0.1_0.8_2.C	90	0.200	18.160	0.291
BPP_200_75_0.1_0.8_2.C	90	0.200	18.160	0.278
BPP_200_75_0.1_0.8_2.C	90	0.200	18.160	0.286
BPP_200_75_0.1_0.8_3.C	106	6.800	26.640	0.315
BPP_200_75_0.1_0.8_3.C	106	6.600	26.480	0.336
BPP_200_75_0.1_0.8_3.C	106	6.600	26.480	0.315
BPP_200_75_0.1_0.8_3.C	106	5.800	25.840	0.367
BPP_200_75_0.1_0.8_3.C	106	6.800	26.640	0.321
BPP_200_75_0.1_0.8_3.C	106	6.800	26.640	0.320
BPP_200_75_0.1_0.8_3.C	106	6.600	26.480	0.316
BPP_200_75_0.1_0.8_3.C	106	6.600	26.480	0.338
BPP_200_75_0.1_0.8_3.C	106	6.600	26.480	0.330
BPP_200_75_0.1_0.8_3.C	106	6.800	26.640	0.323
BPP_200_75_0.1_0.8_4.C	95	0.800	19.640	0.298
BPP_200_75_0.1_0.8_4.C	94	0.800	19.440	0.313
BPP_200_75_0.1_0.8_4.C	94	1.000	19.600	0.336
BPP_200_75_0.1_0.8_4.C	94	0.800	19.440	0.296
BPP_200_75_0.1_0.8_4.C	94	0.800	19.440	0.297
BPP_200_75_0.1_0.8_4.C	95	1.000	19.800	0.301
BPP_200_75_0.1_0.8_4.C	95	0.800	19.640	0.318
BPP_200_75_0.1_0.8_4.C	94	0.800	19.440	0.305
BPP_200_75_0.1_0.8_4.C	94	0.800	19.440	0.301
BPP_200_75_0.1_0.8_4.C	94	1.000	19.600	0.298
BPP_200_75_0.1_0.8_5.C	92	4.200	21.760	0.289
BPP_200_75_0.1_0.8_5.C	92	4.200	21.760	0.292
BPP_200_75_0.1_0.8_5.C	92	4.200	21.760	0.300
BPP_200_75_0.1_0.8_5.C	92	4.200	21.760	0.297
BPP_200_75_0.1_0.8_5.C	92	4.200	21.760	0.308
BPP_200_75_0.1_0.8_5.C	92	4.200	21.760	0.292
BPP_200_75_0.1_0.8_5.C	92	4.200	21.760	0.297
BPP_200_75_0.1_0.8_5.C	92	4.200	21.760	0.304
BPP_200_75_0.1_0.8_5.C	92	4.200	21.760	0.306
BPP_200_75_0.1_0.8_5.C	92	4.200	21.760	0.293
BPP_200_75_0.1_0.8_6.C	88	6.200	22.560	0.295
BPP_200_75_0.1_0.8_6.C	88	6.200	22.560	0.280
BPP_200_75_0.1_0.8_6.C	88	6.200	22.560	0.287
BPP_200_75_0.1_0.8_6.C	88	6.200	22.560	0.291
BPP_200_75_0.1_0.8_6.C	88	6.200	22.560	0.285
BPP_200_75_0.1_0.8_6.C	88	6.200	22.560	0.291
BPP_200_75_0.1_0.8_6.C	88	6.200	22.560	0.288
BPP_200_75_0.1_0.8_6.C	88	6.200	22.560	0.285
BPP_200_75_0.1_0.8_6.C	88	6.200	22.560	0.289
BPP_200_75_0.1_0.8_6.C	88	6.200	22.560	0.289
BPP_200_75_0.1_0.8_7.C	96	4.000	22.400	0.304
BPP_200_75_0.1_0.8_7.C	96	4.000	22.400	0.297
BPP_200_75_0.1_0.8_7.C	95	4.000	22.200	0.306
BPP_200_75_0.1_0.8_7.C	96	4.200	22.560	0.304
BPP_200_75_0.1_0.8_7.C	96	4.000	22.400	0.302
BPP_200_75_0.1_0.8_7.C	96	4.000	22.400	0.309
BPP_200_75_0.1_0.8_7.C	96	4.000	22.400	0.301
BPP_200_75_0.1_0.8_7.C	96	4.000	22.400	0.299
BPP_200_75_0.1_0.8_7.C	96	3.800	22.240	0.307
BPP_200_75_0.1_0.8_7.C	95	3.600	21.880	0.301
BPP_200_75_0.1_0.8_8.C	90	5.200	22.160	0.310
BPP_200_75_0.1_0.8_8.C	90	5.200	22.160	0.296
BPP_200_75_0.1_0.8_8.C	90	5.200	22.160	0.301
BPP_200_75_0.1_0.8_8.C	89	5.400	22.120	0.284
BPP_200_75_0.1_0.8_8.C	90	5.200	22.160	0.319
BPP_200_75_0.1_0.8_8.C	90	5.200	22.160	0.297
BPP_200_75_0.1_0.8_8.C	90	5.200	22.160	0.294
BPP_200_75_0.1_0.8_8.C	90	5.200	22.160	0.293
BPP_200_75_0.1_0.8_8.C	89	5.400	22.120	0.283
BPP_200_75_0.1_0.8_8.C	90	5.200	22.160	0.291
BPP_200_75_0.1_0.8_9.C	96	9.400	26.720	0.313
BPP_200_75_0.1_0.8_9.C	95	9.800	26.840	0.309
BPP_200_75_0.1_0.8_9.C	96	9.400	26.720	0.311
BPP_200_75_0.1_0.8_9.C	96	9.400	26.720	0.306
BPP_200_75_0.1_0.8_9.C	96	9.400	26.720	0.311
BPP_200_75_0.1_0.8_9.C	96	9.400	26.720	0.323
BPP_200_75_0.1_0.8_9.C	96	9.400	26.720	0.312
BPP_200_75_0.1_0.8_9.C	96	9.400	26.720	0.311
BPP_200_75_0.1_0.8_9.C	96	9.400	26.720	0.315
BPP_200_75_0.1_0.8_9.C	96	9.400	26.720	0.321
BPP_50_1000_0.1_0.8_0.C	24	7.600	10.880	0.261
BPP_50_1000_0.1_0.8_0.C	24	7.600	10.880	0.213
BPP_50_1000_0.1_0.8_0.C	24	7.600	10.880	0.211
BPP_50_1000_0.1_0.8_0.C	24	7.600	10.880	0.222
BPP_50_1000_0.1_0.8_0.C	24	7.600	10.880	0.222
BPP_50_1000_0.1_0.8_0.C	24	7.600	10.880	0.218
BPP_50_1000_0.1_0.8_0.C	24	7.600	10.880	0.212
BPP_50_1000_0.1_0.8_0.C	24	7.600	10.880	0.210
BPP_50_1000_0.1_0.8_0.C	24	7.600	10.880	0.210
BPP_50_1000_0.1_0.8_0.C	24	7.600	10.880	0.210
BPP_50_1000_0.1_0.8_1.C	24	7.600	10.880	0.213
BPP_50_1000_0.1_0.8_1.C	24	7.600	10.880	0.214
BPP_50_1000_0.1_0.8_1.C	24	7.600	10.880	0.214
BPP_50_1000_0.1_0.8_1.C	24	7.600	10.880	0.214
BPP_50_1000_0.1_0.8_1.C	24	7.600	10.880	0.210
BPP_50_1000_0.1_0.8_1.C	24	7.600	10.880	0.213
BPP_50_1000_0.1_0.8_1.C	24	7.600	10.880	0.215
BPP_50_1000_0.1_0.8_1.C	24	7.600	10.880	0.213
BPP_50_1000_0.1_0.8_1.C	24	7.600	10.880	0.214
BPP_50_1000_0.1_0.8_1.C	24	7.600	10.880	0.216
BPP_50_1000_0.1_0.8_2.C	23	7.200	10.360	0.210
BPP_50_1000_0.1_0.8_2.C	23	6.600	9.880	0.211
BPP_50_1000_0.1_0.8_2.C	23	6.600	9.880	0.212
BPP_50_1000_0.1_0.8_2.C	23	6.600	9.880	0.209
BPP_50_1000_0.1_0.8_2.C	23	7.000	10.200	0.210
BPP_50_1000_0.1_0.8_2.C	23	6.600	9.880	0.211
BPP_50_1000_0.1_0.8_2.C	23	6.800	10.040	0.210
BPP_50_1000_0.1_0.8_2.C	23	6.600	9.880	0.212
BPP_50_1000_0.1_0.8_2.C	23	6.600	9.880	0.222
BPP_50_1000_0.1_0.8_2.C	23	6.600	9.880	0.210
BPP_50_1000_0.1_0.8_3.C	25	6.800	10.440	0.223
BPP_50_1000_0.1_0.8_3.C	25	6.800	10.440	0.224
BPP_50_1000_0.1_0.8_3.C	25	6.800	10.440	0.224
BPP_50_1000_0.1_0.8_3.C	25	6.800	10.440	0.224
BPP_50_1000_0.1_0.8_3.C	25	6.800	10.440	0.224
BPP_50_1000_0.1_0.8_3.C	25	6.800	10.440	0.226
BPP_50_1000_0.1_0.8_3.C	25	6.800	10.440	0.223
BPP_50_1000_0.1_0.8_3.C	25	6.800	10.440	0.225
BPP_50_1000_0.1_0.8_3.C	25	6.800	10.440	0.226
BPP_50_1000_0.1_0.8_3.C	25	6.800	10.440	0.223
BPP_50_1000_0.1_0.8_4.C	25	2.000	6.600	0.216
BPP_50_1000_0.1_0.8_4.C	25	2.000	6.600	0.215
BPP_50_1000_0.1_0.8_4.C	25	2.000	6.600	0.219
BPP_50_1000_0.1_0.8_4.C	25	1.800	6.440	0.215
BPP_50_1000_0.1_0.8_4.C	24	2.200	6.560	0.215
BPP_50_1000_0.1_0.8_4.C	25	2.000	6.600	0.216
BPP_50_1000_0.1_0.8_4.C	24	2.200	6.560	0.213
BPP_50_1000_0.1_0.8_4.C	25	2.000	6.600	0.215
BPP_50_1000_0.1_0.8_4.C	24	2.200	6.560	0.215
BPP_50_1000_0.1_0.8_4.C	25	2.000	6.600	0.216
BPP_50_1000_0.1_0.8_5.C	28	1.200	6.560	0.238
BPP_50_1000_0.1_0.8_5.C	28	1.200	6.560	0.239
BPP_50_1000_0.1_0.8_5.C	28	1.200	6.560	0.238
BPP_50_1000_0.1_0.8_5.C	28	1.200	6.560	0.238
BPP_50_1000_0.1_0.8_5.C	28	1.200	6.560	0.235
BPP_50_1000_0.1_0.8_5.C	28	1.200	6.560	0.240
BPP_50_1000_0.1_0.8_5.C	28	1.200	6.560	0.243
BPP_50_1000_0.1_0.8_5.C	28	1.200	6.560	0.239
BPP_50_1000_0.1_0.8_5.C	28	1.200	6.560	0.239
BPP_50_1000_0.1_0.8_5.C	28	1.200	6.560	0.237
BPP_50_1000_0.1_0.8_6.C	23	1.600	5.880	0.202
BPP_50_1000_0.1_0.8_6.C	23	1.600	5.880	0.199
BPP_50_1000_0.1_0.8_6.C	23	1.600	5.880	0.200
BPP_50_1000_0.1_0.8_6.C	23	1.600	5.880	0.201
BPP_50_1000_0.1_0.8_6.C	23	1.600	5.880	0.198
BPP_50_1000_0.1_0.8_6.C	23	1.600	5.880	0.199
BPP_50_1000_0.1_0.8_6.C	23	1.600	5.880	0.199
BPP_50_1000_0.1_0.8_6.C	23	1.600	5.880	0.200
BPP_50_1000_0.1_0.8_6.C	23	1.600	5.880	0.237
BPP_50_1000_0.1_0.8_6.C	23	1.800	6.040	0.200
BPP_50_1000_0.1_0.8_7.C	24	1.000	5.600	0.214
BPP_50_1000_0.1_0.8_7.C	24	1.000	5.600	0.214
BPP_50_1000_0.1_0.8_7.C	24	1.000	5.600	0.214
BPP_50_1000_0.1_0.8_7.C	24	1.000	5.600	0.215
BPP_50_1000_0.1_0.8_7.C	24	1.000	5.600	0.213
BPP_50_1000_0.1_0.8_7.C	24	1.000	5.600	0.213
BPP_50_1000_0.1_0.8_7.C	25	1.000	5.800	0.215
BPP_50_1000_0.1_0.8_7.C	24	1.000	5.600	0.230
BPP_50_1000_0.1_0.8_7.C	24	1.000	5.600	0.212
BPP_50_1000_0.1_0.8_7.C	24	1.000	5.600	0.223
BPP_50_1000_0.1_0.8_8.C	21	2.000	5.800	0.194
BPP_50_1000_0.1_0.8_8.C	21	2.000	5.800	0.196
BPP_50_1000_0.1_0.8_8.C	21	2.000	5.800	0.194
BPP_50_1000_0.1_0.8_8.C	21	2.000	5.800	0.194
BPP_50_1000_0.1_0.8_8.C	21	2.000	5.800	0.197
BPP_50_1000_0.1_0.8_8.C	21	2.000	5.800	0.196
BPP_50_1000_0.1_0.8_8.C	21	2.000	5.800	0.196
BPP_50_1000_0.1_0.8_8.C	21	2.000	5.800	0.194
BPP_50_1000_0.1_0.8_8.C	21	2.000	5.800	0.195
BPP_50_1000_0.1_0.8_8.C	21	2.000	5.800	0.198
BPP_50_1000_0.1_0.8_9.C	23	2.200	6.360	0.213
BPP_50_1000_0.1_0.8_9.C	24	2.000	6.400	0.224
BPP_50_1000_0.1_0.8_9.C	24	2.000	6.400	0.215
BPP_50_1000_0.1_0.8_9.C	24	2.000	6.400	0.216
BPP_50_1000_0.1_0.8_9.C	24	2.000	6.400	0.213
BPP_50_1000_0.1_0.8_9.C	24	2.000	6.400	0.213
BPP_50_1000_0.1_0.8_9.C	24	2.000	6.400	0.222
BPP_50_1000_0.1_0.8_9.C	24	2.000	6.400	0.214
BPP_50_1000_0.1_0.8_9.C	24	2.000	6.400	0.216
BPP_50_1000_0.1_0.8_9.C	24	2.000	6.400	0.212
BPP_50_100_0.1_0.8_0.C	30	0.200	6.160	0.021
BPP_50_100_0.1_0.8_0.C	30	0.200	6.160	0.023
BPP_50_100_0.1_0.8_0.C	30	0.200	6.160	0.021
BPP_50_100_0.1_0.8_0.C	30	0.200	6.160	0.021
BPP_50_100_0.1_0.8_0.C	30	0.200	6.160	0.023
BPP_50_100_0.1_0.8_0.C	30	0.200	6.160	0.021
BPP_50_100_0.1_0.8_0.C	30	0.200	6.160	0.022
BPP_50_100_0.1_0.8_0.C	30	0.200	6.160	0.022
BPP_50_100_0.1_0.8_0.C	30	0.200	6.160	0.023
BPP_50_100_0.1_0.8_0.C	30	0.200	6.160	0.021
BPP_50_100_0.1_0.8_1.C	27	0.600	5.880	0.021
BPP_50_100_0.1_0.8_1.C	27	0.600	5.880	0.019
BPP_50_100_0.1_0.8_1.C	27	0.600	5.880	0.020
BPP_50_100_0.1_0.8_1.C	27	0.600	5.880	0.020
BPP_50_100_0.1_0.8_1.C	27	0.600	5.880	0.021
BPP_50_100_0.1_0.8_1.C	27	0.600	5.880	0.022
BPP_50_100_0.1_0.8_1.C	27	0.600	5.880	0.020
BPP_50_100_0.1_0.8_1.C	27	0.600	5.880	0.020
BPP_50_100_0.1_0.8_1.C	27	0.600	5.880	0.020
BPP_50_100_0.1_0.8_1.C	27	0.600	5.880	0.020
BPP_50_100_0.1_0.8_2.C	24	0.800	5.440	0.021
BPP_50_100_0.1_0.8_2.C	24	0.600	5.280	0.018
BPP_50_100_0.1_0.8_2.C	24	0.800	5.440	0.019
BPP_50_100_0.1_0.8_2.C	24	0.800	5.440	0.019
BPP_50_100_0.1_0.8_2.C	24	0.800	5.440	0.020
BPP_50_100_0.1_0.8_2.C	24	0.600	5.280	0.019
BPP_50_100_0.1_0.8_2.C	24	0.600	5.280	0.020
BPP_50_100_0.1_0.8_2.C	24	0.600	5.280	0.019
BPP_50_100_0.1_0.8_2.C	24	0.600	5.280	0.019
BPP_50_100_0.1_0.8_2.C	25	0.600	5.480	0.019
BPP_50_100_0.1_0.8_3.C	21	0.600	4.680	0.015
BPP_50_100_0.1_0.8_3.C	21	0.600	4.680	0.017
BPP_50_100_0.1_0.8_3.C	21	0.600	4.680	0.017
BPP_50_100_0.1_0.8_3.C	21	0.600	4.680	0.016
BPP_50_100_0.1_0.8_3.C	21	0.600	4.680	0.017
BPP_50_100_0.1_0.8_3.C	21	0.600	4.680	0.016
BPP_50_100_0.1_0.8_3.C	21	0.600	4.680	0.017
BPP_50_100_0.1_0.8_3.C	21	0.600	4.680	0.016
BPP_50_100_0.1_0.8_3.C	21	0.600	4.680	0.016
BPP_50_100_0.1_0.8_3.C	21	0.600	4.680	0.017
BPP_50_100_0.1_0.8_4.C	26	-0.000	5.200	0.019
BPP_50_100_0.1_0.8_4.C	25	0.200	5.160	0.019
BPP_50_100_0.1_0.8_4.C	26	-0.000	5.200	0.019
BPP_50_100_0.1_0.8_4.C	26	-0.000	5.200	0.020
BPP_50_100_0.1_0.8_4.C	26	-0.000	5.200	0.020
BPP_50_100_0.1_0.8_4.C	26	-0.000	5.200	0.019
BPP_50_100_0.1_0.8_4.C	26	-0.000	5.200	0.020
BPP_50_100_0.1_0.8_4.C	25	0.200	5.160	0.019
BPP_50_100_0.1_0.8_4.C	26	-0.000	5.200	0.019
BPP_50_100_0.1_0.8_4.C	26	-0.000	5.200	0.019
BPP_50_100_0.1_0.8_5.C	24	1.000	5.600	0.018
BPP_50_100_0.1_0.8_5.C	24	1.000	5.600	0.017
BPP_50_100_0.1_0.8_5.C	24	1.000	5.600	0.020
BPP_50_100_0.1_0.8_5.C	24	1.000	5.600	0.018
BPP_50_100_0.1_0.8_5.C	24	1.000	5.600	0.017
BPP_50_100_0.1_0.8_5.C	24	1.000	5.600	0.019
BPP_50_100_0.1_0.8_5.C	24	1.000	5.600	0.019
BPP_50_100_0.1_0.8_5.C	24	1.000	5.600	0.019
BPP_50_100_0.1_0.8_5.C	24	1.000	5.600	0.018
BPP_50_100_0.1_0.8_5.C	24	1.000	5.600	0.020
BPP_50_100_0.1_0.8_6.C	25	0.800	5.640	0.020
BPP_50_100_0.1_0.8_6.C	25	0.800	5.640	0.020
BPP_50_100_0.1_0.8_6.C	25	0.800	5.640	0.020
BPP_50_100_0.1_0.8_6.C	25	0.800	5.640	0.020
BPP_50_100_0.1_0.8_6.C	25	0.800	5.640	0.019
BPP_50_100_0.1_0.8_6.C	25	0.800	5.640	0.020
BPP_50_100_0.1_0.8_6.C	25	0.800	5.640	0.021
BPP_50_100_0.1_0.8_6.C	25	0.800	5.640	0.020
BPP_50_100_0.1_0.8_6.C	25	0.800	5.640	0.020
BPP_50_100_0.1_0.8_6.C	25	0.800	5.640	0.019
BPP_50_100_0.1_0.8_7.C	25	2.200	6.760	0.020
BPP_50_100_0.1_0.8_7.C	24	2.400	6.720	0.019
BPP_50_100_0.1_0.8_7.C	26	2.200	6.960	0.021
BPP_50_100_0.1_0.8_7.C	25	2.200	6.760	0.021
BPP_50_100_0.1_0.8_7.C	25	2.200	6.760	0.020
BPP_50_100_0.1_0.8_7.C	24	2.400	6.720	0.021
BPP_50_100_0.1_0.8_7.C	25	2.200	6.760	0.019
BPP_50_100_0.1_0.8_7.C	25	2.200	6.760	0.021
BPP_50_100_0.1_0.8_7.C	25	2.200	6.760	0.021
BPP_50_100_0.1_0.8_7.C	25	2.200	6.760	0.019
BPP_50_100_0.1_0.8_8.C	21	0.400	4.520	0.016
BPP_50_100_0.1_0.8_8.C	21	0.400	4.520	0.017
BPP_50_100_0.1_0.8_8.C	21	0.400	4.520	0.018
BPP_50_100_0.1_0.8_8.C	21	0.400	4.520	0.019
BPP_50_100_0.1_0.8_8.C	21	0.400	4.520	0.018
BPP_50_100_0.1_0.8_8.C	21	0.400	4.520	0.018
BPP_50_100_0.1_0.8_8.C	21	0.400	4.520	0.017
BPP_50_100_0.1_0.8_8.C	21	0.400	4.520	0.017
BPP_50_100_0.1_0.8_8.C	21	0.400	4.520	0.019
BPP_50_100_0.1_0.8_8.C	21	0.400	4.520	0.022
BPP_50_100_0.1_0.8_9.C	23	1.400	5.720	0.020
BPP_50_100_0.1_0.8_9.C	23	1.400	5.720	0.020
BPP_50_100_0.1_0.8_9.C	23	1.600	5.880	0.018
BPP_50_100_0.1_0.8_9.C	23	1.600	5.880	0.019
BPP_50_100_0.1_0.8_9.C	23	1.400	5.720	0.021
BPP_50_100_0.1_0.8_9.C	24	1.400	5.920	0.020
BPP_50_100_0.1_0.8_9.C	24	1.400	5.920	0.019
BPP_50_100_0.1_0.8_9.C	23	1.600	5.880	0.019
BPP_50_100_0.1_0.8_9.C	23	1.400	5.720	0.018
BPP_50_100_0.1_0.8_9.C	23	1.400	5.720	0.020
BPP_50_120_0.1_0.8_0.C	26	1.000	6.000	0.028
BPP_50_120_0.1_0.8_0.C	26	1.000	6.000	0.027
BPP_50_120_0.1_0.8_0.C	26	1.000	6.000	0.029
BPP_50_120_0.1_0.8_0.C	26	1.000	6.000	0.028
BPP_50_120_0.1_0.8_0.C	26	1.000	6.000	0.027
BPP_50_120_0.1_0.8_0.C	26	1.000	6.000	0.027
BPP_50_120_0.1_0.8_0.C	26	1.000	6.000	0.027
BPP_50_120_0.1_0.8_0.C	26	1.000	6.000	0.026
BPP_50_120_0.1_0.8_0.C	26	1.000	6.000	0.028
BPP_50_120_0.1_0.8_0.C	26	1.000	6.000	0.027
BPP_50_120_0.1_0.8_1.C	21	-0.000	4.200	0.023
BPP_50_120_0.1_0.8_1.C	22	0.000	4.400	0.023
BPP_50_120_0.1_0.8_1.C	22	0.000	4.400	0.023
BPP_50_120_0.1_0.8_1.C	21	-0.000	4.200	0.024
BPP_50_120_0.1_0.8_1.C	22	0.000	4.400	0.025
BPP_50_120_0.1_0.8_1.C	22	0.000	4.400	0.023
BPP_50_120_0.1_0.8_1.C	22	0.000	4.400	0.023
BPP_50_120_0.1_0.8_1.C	22	0.000	4.400	0.024
BPP_50_120_0.1_0.8_1.C	22	0.000	4.400	0.023
BPP_50_120_0.1_0.8_1.C	22	0.000	4.400	0.024
BPP_50_120_0.1_0.8_2.C	25	3.200	7.560	0.027
BPP_50_120_0.1_0.8_2.C	26	3.000	7.600	0.027
BPP_50_120_0.1_0.8_2.C	26	3.000	7.600	0.028
BPP_50_120_0.1_0.8_2.C	26	3.000	7.600	0.030
BPP_50_120_0.1_0.8_2.C	25	3.200	7.560	0.028
BPP_50_120_0.1_0.8_2.C	26	3.000	7.600	0.027
BPP_50_120_0.1_0.8_2.C	26	3.000	7.600	0.028
BPP_50_120_0.1_0.8_2.C	26	3.000	7.600	0.028
BPP_50_120_0.1_0.8_2.C	25	3.000	7.400	0.029
BPP_50_120_0.1_0.8_2.C	25	3.000	7.400	0.029
BPP_50_120_0.1_0.8_3.C	23	1.200	5.560	0.025
BPP_50_120_0.1_0.8_3.C	23	1.200	5.560	0.026
BPP_50_120_0.1_0.8_3.C	23	1.200	5.560	0.027
BPP_50_120_0.1_0.8_3.C	23	1.200	5.560	0.026
BPP_50_120_0.1_0.8_3.C	23	1.200	5.560	0.024
BPP_50_120_0.1_0.8_3.C	23	1.200	5.560	0.025
BPP_50_120_0.1_0.8_3.C	23	1.200	5.560	0.024
BPP_50_120_0.1_0.8_3.C	23	1.200	5.560	0.025
BPP_50_120_0.1_0.8_3.C	23	1.200	5.560	0.026
BPP_50_120_0.1_0.8_3.C	23	1.200	5.560	0.026
BPP_50_120_0.1_0.8_4.C	26	4.200	8.560	0.028
BPP_50_120_0.1_0.8_4.C	26	4.400	8.720	0.029
BPP_50_120_0.1_0.8_4.C	26	4.400	8.720	0.028
BPP_50_120_0.1_0.8_4.C	26	4.200	8.560	0.027
BPP_50_120_0.1_0.8_4.C	26	4.200	8.560	0.027
BPP_50_120_0.1_0.8_4.C	25	4.600	8.680	0.028
BPP_50_120_0.1_0.8_4.C	26	4.200	8.560	0.028
BPP_50_120_0.1_0.8_4.C	26	4.200	8.560	0.029
BPP_50_120_0.1_0.8_4.C	26	4.200	8.560	0.028
BPP_50_120_0.1_0.8_4.C	26	4.200	8.560	0.028
BPP_50_120_0.1_0.8_5.C	23	0.400	4.920	0.025
BPP_50_120_0.1_0.8_5.C	23	0.400	4.920	0.027
BPP_50_120_0.1_0.8_5.C	23	0.400	4.920	0.025
BPP_50_120_0.1_0.8_5.C	23	0.400	4.920	0.026
BPP_50_120_0.1_0.8_5.C	23	0.400	4.920	0.025
BPP_50_120_0.1_0.8_5.C	23	0.400	4.920	0.026
BPP_50_120_0.1_0.8_5.C	23	0.400	4.920	0.025
BPP_50_120_0.1_0.8_5.C	23	0.400	4.920	0.026
BPP_50_120_0.1_0.8_5.C	23	0.400	4.920	0.026
BPP_50_120_0.1_0.8_5.C	23	0.400	4.920	0.026
BPP_50_120_0.1_0.8_6.C	23	2.200	6.360	0.026
BPP_50_120_0.1_0.8_6.C	23	2.200	6.360	0.025
BPP_50_120_0.1_0.8_6.C	23	2.200	6.360	0.026
BPP_50_120_0.1_0.8_6.C	23	2.200	6.360	0.026
BPP_50_120_0.1_0.8_6.C	23	2.200	6.360	0.025
BPP_50_120_0.1_0.8_6.C	23	2.200	6.360	0.025
BPP_50_120_0.1_0.8_6.C	23	2.200	6.360	0.026
BPP_50_120_0.1_0.8_6.C	23	2.200	6.360	0.025
BPP_50_120_0.1_0.8_6.C	23	2.200	6.360	0.025
BPP_50_120_0.1_0.8_6.C	23	2.200	6.360	0.025
BPP_50_120_0.1_0.8_7.C	23	4.800	8.440	0.025
BPP_50_120_0.1_0.8_7.C	23	4.800	8.440	0.025
BPP_50_120_0.1_0.8_7.C	23	4.800	8.440	0.025
BPP_50_120_0.1_0.8_7.C	23	4.800	8.440	0.025
BPP_50_120_0.1_0.8_7.C	23	4.800	8.440	0.026
BPP_50_120_0.1_0.8_7.C	23	4.600	8.280	0.026
BPP_50_120_0.1_0.8_7.C	23	4.800	8.440	0.027
BPP_50_120_0.1_0.8_7.C	23	4.800	8.440	0.026
BPP_50_120_0.1_0.8_7.C	23	4.800	8.440	0.025
BPP_50_120_0.1_0.8_7.C	23	4.800	8.440	0.025
BPP_50_120_0.1_0.8_8.C	23	2.400	6.520	0.026
BPP_50_120_0.1_0.8_8.C	23	2.600	6.680	0.026
BPP_50_120_0.1_0.8_8.C	24	2.400	6.720	0.026
BPP_50_120_0.1_0.8_8.C	23	2.400	6.520	0.025
BPP_50_120_0.1_0.8_8.C	23	2.400	6.520	0.025
BPP_50_120_0.1_0.8_8.C	23	2.400	6.520	0.025
BPP_50_120_0.1_0.8_8.C	23	2.600	6.680	0.026
BPP_50_120_0.1_0.8_8.C	23	2.600	6.680	0.027
BPP_50_120_0.1_0.8_8.C	23	2.600	6.680	0.026
BPP_50_120_0.1_0.8_8.C	23	2.400	6.520	0.025
BPP_50_120_0.1_0.8_9.C	22	4.400	7.920	0.026
BPP_50_120_0.1_0.8_9.C	22	4.400	7.920	0.025
BPP_50_120_0.1_0.8_9.C	22	4.400	7.920	0.024
BPP_50_120_0.1_0.8_9.C	22	4.400	7.920	0.027
BPP_50_120_0.1_0.8_9.C	23	4.400	8.120	0.025
BPP_50_120_0.1_0.8_9.C	22	4.400	7.920	0.024
BPP_50_120_0.1_0.8_9.C	22	4.400	7.920	0.025
BPP_50_120_0.1_0.8_9.C	22	4.400	7.920	0.025
BPP_50_120_0.1_0.8_9.C	22	4.400	7.920	0.025
BPP_50_120_0.1_0.8_9.C	22	4.400	7.920	0.025
BPP_50_125_0.1_0.8_0.C	27	1.000	6.200	0.031
BPP_50_125_0.1_0.8_0.C	28	1.000	6.400	0.032
BPP_50_125_0.1_0.8_0.C	27	1.000	6.200	0.032
BPP_50_125_0.1_0.8_0.C	27	1.000	6.200	0.031
BPP_50_125_0.1_0.8_0.C	27	1.000	6.200	0.032
BPP_50_125_0.1_0.8_0.C	27	1.000	6.200	0.032
BPP_50_125_0.1_0.8_0.C	28	1.000	6.400	0.030
BPP_50_125_0.1_0.8_0.C	27	1.000	6.200	0.032
BPP_50_125_0.1_0.8_0.C	27	1.200	6.360	0.031
BPP_50_125_0.1_0.8_0.C	28	1.000	6.400	0.031
BPP_50_125_0.1_0.8_1.C	24	0.800	5.440	0.028
BPP_50_125_0.1_0.8_1.C	24	0.800	5.440	0.027
BPP_50_125_0.1_0.8_1.C	24	0.800	5.440	0.027
BPP_50_125_0.1_0.8_1.C	24	0.800	5.440	0.027
BPP_50_125_0.1_0.8_1.C	24	0.800	5.440	0.027
BPP_50_125_0.1_0.8_1.C	24	0.800	5.440	0.027
BPP_50_125_0.1_0.8_1.C	24	0.800	5.440	0.028
BPP_50_125_0.1_0.8_1.C	24	0.800	5.440	0.029
BPP_50_125_0.1_0.8_1.C	24	0.800	5.440	0.028
BPP_50_125_0.1_0.8_1.C	24	0.800	5.440	0.028
BPP_50_125_0.1_0.8_2.C	22	0.800	5.040	0.026
BPP_50_125_0.1_0.8_2.C	22	0.800	5.040	0.027
BPP_50_125_0.1_0.8_2.C	22	0.800	5.040	0.027
BPP_50_125_0.1_0.8_2.C	22	0.800	5.040	0.028
BPP_50_125_0.1_0.8_2.C	22	0.800	5.040	0.027
BPP_50_125_0.1_0.8_2.C	22	0.800	5.040	0.027
BPP_50_125_0.1_0.8_2.C	22	0.800	5.040	0.027
BPP_50_125_0.1_0.8_2.C	22	0.800	5.040	0.026
BPP_50_125_0.1_0.8_2.C	22	0.800	5.040	0.027
BPP_50_125_0.1_0.8_2.C	22	0.800	5.040	0.026
BPP_50_125_0.1_0.8_3.C	30	3.400	8.720	0.032
BPP_50_125_0.1_0.8_3.C	30	3.400	8.720	0.032
BPP_50_125_0.1_0.8_3.C	30	3.400	8.720	0.032
BPP_50_125_0.1_0.8_3.C	30	3.400	8.720	0.031
BPP_50_125_0.1_0.8_3.C	30	3.400	8.720	0.033
BPP_50_125_0.1_0.8_3.C	30	3.400	8.720	0.031
BPP_50_125_0.1_0.8_3.C	30	3.400	8.720	0.032
BPP_50_125_0.1_0.8_3.C	30	3.400	8.720	0.032
BPP_50_125_0.1_0.8_3.C	30	3.400	8.720	0.031
BPP_50_125_0.1_0.8_3.C	29	3.800	8.840	0.032
BPP_50_125_0.1_0.8_4.C	25	1.600	6.280	0.030
BPP_50_125_0.1_0.8_4.C	25	1.600	6.280	0.030
BPP_50_125_0.1_0.8_4.C	25	1.600	6.280	0.030
BPP_50_125_0.1_0.8_4.C	25	1.600	6.280	0.029
BPP_50_125_0.1_0.8_4.C	25	1.600	6.280	0.031
BPP_50_125_0.1_0.8_4.C	25	1.600	6.280	0.030
BPP_50_125_0.1_0.8_4.C	25	1.600	6.280	0.030
BPP_50_125_0.1_0.8_4.C	25	1.600	6.280	0.030
BPP_50_125_0.1_0.8_4.C	25	1.600	6.280	0.030
BPP_50_125_0.1_0.8_4.C	25	1.600	6.280	0.030
BPP_50_125_0.1_0.8_5.C	31	2.600	8.280	0.032
BPP_50_125_0.1_0.8_5.C	31	2.600	8.280	0.032
BPP_50_125_0.1_0.8_5.C	31	2.600	8.280	0.035
BPP_50_125_0.1_0.8_5.C	31	2.600	8.280	0.034
BPP_50_125_0.1_0.8_5.C	31	2.600	8.280	0.033
BPP_50_125_0.1_0.8_5.C	31	2.600	8.280	0.033
BPP_50_125_0.1_0.8_5.C	31	2.600	8.280	0.035
BPP_50_125_0.1_0.8_5.C	31	2.600	8.280	0.034
BPP_50_125_0.1_0.8_5.C	31	2.600	8.280	0.033
BPP_50_125_0.1_0.8_5.C	31	2.600	8.280	0.034
BPP_50_125_0.1_0.8_6.C	27	2.400	7.320	0.030
BPP_50_125_0.1_0.8_6.C	27	2.400	7.320	0.031
BPP_50_125_0.1_0.8_6.C	27	2.400	7.320	0.030
BPP_50_125_0.1_0.8_6.C	27	2.400	7.320	0.030
BPP_50_125_0.1_0.8_6.C	27	2.400	7.320	0.031
BPP_50_125_0.1_0.8_6.C	27	2.400	7.320	0.030
BPP_50_125_0.1_0.8_6.C	27	2.400	7.320	0.030
BPP_50_125_0.1_0.8_6.C	27	2.400	7.320	0.030
BPP_50_125_0.1_0.8_6.C	27	2.400	7.320	0.030
BPP_50_125_0.1_0.8_6.C	27	2.400	7.320	0.030
BPP_50_125_0.1_0.8_7.C	27	2.400	7.320	0.031
BPP_50_125_0.1_0.8_7.C	27	2.400	7.320	0.032
BPP_50_125_0.1_0.8_7.C	27	2.600	7.480	0.032
BPP_50_125_0.1_0.8_7.C	27	2.600	7.480	0.033
BPP_50_125_0.1_0.8_7.C	27	2.400	7.320	0.032
BPP_50_125_0.1_0.8_7.C	27	2.400	7.320	0.033
BPP_50_125_0.1_0.8_7.C	27	2.400	7.320	0.032
BPP_50_125_0.1_0.8_7.C	27	2.800	7.640	0.031
BPP_50_125_0.1_0.8_7.C	27	2.600	7.480	0.031
BPP_50_125_0.1_0.8_7.C	27	2.400	7.320	0.032
BPP_50_125_0.1_0.8_8.C	22	2.600	6.480	0.025
BPP_50_125_0.1_0.8_8.C	22	2.400	6.320	0.026
BPP_50_125_0.1_0.8_8.C	22	2.600	6.480	0.026
BPP_50_125_0.1_0.8_8.C	22	2.400	6.320	0.026
BPP_50_125_0.1_0.8_8.C	22	2.400	6.320	0.028
BPP_50_125_0.1_0.8_8.C	22	2.400	6.320	0.025
BPP_50_125_0.1_0.8_8.C	22	2.600	6.480	0.026
BPP_50_125_0.1_0.8_8.C	22	2.600	6.480	0.025
BPP_50_125_0.1_0.8_8.C	22	2.600	6.480	0.027
BPP_50_125_0.1_0.8_8.C	22	2.600	6.480	0.026
BPP_50_125_0.1_0.8_9.C	25	3.400	7.720	0.030
BPP_50_125_0.1_0.8_9.C	25	3.600	7.880	0.029
BPP_50_125_0.1_0.8_9.C	24	3.600	7.680	0.031
BPP_50_125_0.1_0.8_9.C	25	3.600	7.880	0.030
BPP_50_125_0.1_0.8_9.C	25	3.600	7.880	0.028
BPP_50_125_0.1_0.8_9.C	25	3.400	7.720	0.029
BPP_50_125_0.1_0.8_9.C	25	3.600	7.880	0.030
BPP_50_125_0.1_0.8_9.C	25	3.400	7.720	0.029
BPP_50_125_0.1_0.8_9.C	25	3.600	7.880	0.028
BPP_50_125_0.1_0.8_9.C	26	3.600	8.080	0.028
BPP_50_150_0.1_0.8_0.C	23	0.400	4.920	0.034
BPP_50_150_0.1_0.8_0.C	23	0.400	4.920	0.034
BPP_50_150_0.1_0.8_0.C	23	0.400	4.920	0.034
BPP_50_150_0.1_0.8_0.C	23	0.400	4.920	0.034
BPP_50_150_0.1_0.8_0.C	23	0.400	4.920	0.035
BPP_50_150_0.1_0.8_0.C	23	0.400	4.920	0.035
BPP_50_150_0.1_0.8_0.C	23	0.400	4.920	0.036
BPP_50_150_0.1_0.8_0.C	23	0.400	4.920	0.035
BPP_50_150_0.1_0.8_0.C	23	0.400	4.920	0.035
BPP_50_150_0.1_0.8_0.C	23	0.400	4.920	0.035
BPP_50_150_0.1_0.8_1.C	28	1.400	6.720	0.039
BPP_50_150_0.1_0.8_1.C	28	1.400	6.720	0.039
BPP_50_150_0.1_0.8_1.C	28	1.400	6.720	0.039
BPP_50_150_0.1_0.8_1.C	28	1.400	6.720	0.038
BPP_50_150_0.1_0.8_1.C	28	1.400	6.720	0.039
BPP_50_150_0.1_0.8_1.C	28	1.400	6.720	0.039
BPP_50_150_0.1_0.8_1.C	28	1.400	6.720	0.039
BPP_50_150_0.1_0.8_1.C	28	1.400	6.720	0.039
BPP_50_150_0.1_0.8_1.C	28	1.400	6.720	0.039
BPP_50_150_0.1_0.8_1.C	28	1.400	6.720	0.039
BPP_50_150_0.1_0.8_2.C	25	3.000	7.400	0.036
BPP_50_150_0.1_0.8_2.C	25	3.000	7.400	0.036
BPP_50_150_0.1_0.8_2.C	25	3.000	7.400	0.036
BPP_50_150_0.1_0.8_2.C	25	3.000	7.400	0.036
BPP_50_150_0.1_0.8_2.C	25	3.000	7.400	0.036
BPP_50_150_0.1_0.8_2.C	25	3.000	7.400	0.037
BPP_50_150_0.1_0.8_2.C	25	3.000	7.400	0.036
BPP_50_150_0.1_0.8_2.C	25	3.000	7.400	0.036
BPP_50_150_0.1_0.8_2.C	25	3.000	7.400	0.037
BPP_50_150_0.1_0.8_2.C	25	3.000	7.400	0.039
BPP_50_150_0.1_0.8_3.C	26	3.200	7.760	0.036
BPP_50_150_0.1_0.8_3.C	26	3.200	7.760	0.037
BPP_50_150_0.1_0.8_3.C	26	3.200	7.760	0.036
BPP_50_150_0.1_0.8_3.C	26	3.200	7.760	0.036
BPP_50_150_0.1_0.8_3.C	26	3.200	7.760	0.037
BPP_50_150_0.1_0.8_3.C	26	3.200	7.760	0.037
BPP_50_150_0.1_0.8_3.C	26	3.200	7.760	0.036
BPP_50_150_0.1_0.8_3.C	26	3.200	7.760	0.036
BPP_50_150_0.1_0.8_3.C	25	3.400	7.720	0.036
BPP_50_150_0.1_0.8_3.C	26	3.200	7.760	0.036
BPP_50_150_0.1_0.8_4.C	21	0.800	4.840	0.030
BPP_50_150_0.1_0.8_4.C	21	0.800	4.840	0.030
BPP_50_150_0.1_0.8_4.C	21	0.800	4.840	0.030
BPP_50_150_0.1_0.8_4.C	21	0.800	4.840	0.030
BPP_50_150_0.1_0.8_4.C	21	0.800	4.840	0.030
BPP_50_150_0.1_0.8_4.C	21	0.800	4.840	0.030
BPP_50_150_0.1_0.8_4.C	21	0.800	4.840	0.030
BPP_50_150_0.1_0.8_4.C	21	0.800	4.840	0.030
BPP_50_150_0.1_0.8_4.C	21	0.800	4.840	0.030
BPP_50_150_0.1_0.8_4.C	21	0.800	4.840	0.030
BPP_50_150_0.1_0.8_5.C	25	1.400	6.120	0.036
BPP_50_150_0.1_0.8_5.C	25	1.400	6.120	0.035
BPP_50_150_0.1_0.8_5.C	25	1.400	6.120	0.035
BPP_50_150_0.1_0.8_5.C	25	1.400	6.120	0.035
BPP_50_150_0.1_0.8_5.C	25	1.400	6.120	0.035
BPP_50_150_0.1_0.8_5.C	25	1.400	6.120	0.035
BPP_50_150_0.1_0.8_5.C	25	1.400	6.120	0.035
BPP_50_150_0.1_0.8_5.C	25	1.400	6.120	0.035
BPP_50_150_0.1_0.8_5.C	25	1.400	6.120	0.035
BPP_50_150_0.1_0.8_5.C	25	1.400	6.120	0.036
BPP_50_150_0.1_0.8_6.C	22	1.400	5.520	0.033
BPP_50_150_0.1_0.8_6.C	22	1.400	5.520	0.032
BPP_50_150_0.1_0.8_6.C	22	1.400	5.520	0.033
BPP_50_150_0.1_0.8_6.C	22	1.400	5.520	0.032
BPP_50_150_0.1_0.8_6.C	22	1.400	5.520	0.032
BPP_50_150_0.1_0.8_6.C	22	1.400	5.520	0.034
BPP_50_150_0.1_0.8_6.C	22	1.400	5.520	0.032
BPP_50_150_0.1_0.8_6.C	22	1.400	5.520	0.033
BPP_50_150_0.1_0.8_6.C	22	1.400	5.520	0.032
BPP_50_150_0.1_0.8_6.C	22	1.400	5.520	0.032
BPP_50_150_0.1_0.8_7.C	23	1.400	5.720	0.035
BPP_50_150_0.1_0.8_7.C	23	1.400	5.720	0.034
BPP_50_150_0.1_0.8_7.C	23	1.400	5.720	0.034
BPP_50_150_0.1_0.8_7.C	23	1.400	5.720	0.035
BPP_50_150_0.1_0.8_7.C	23	1.400	5.720	0.034
BPP_50_150_0.1_0.8_7.C	23	1.400	5.720	0.034
BPP_50_150_0.1_0.8_7.C	23	1.400	5.720	0.034
BPP_50_150_0.1_0.8_7.C	23	1.400	5.720	0.035
BPP_50_150_0.1_0.8_7.C	23	1.400	5.720	0.034
BPP_50_150_0.1_0.8_7.C	23	1.400	5.720	0.034
BPP_50_150_0.1_0.8_8.C	23	0.800	5.240	0.033
BPP_50_150_0.1_0.8_8.C	24	0.800	5.440	0.033
BPP_50_150_0.1_0.8_8.C	23	0.600	5.080	0.033
BPP_50_150_0.1_0.8_8.C	23	0.800	5.240	0.032
BPP_50_150_0.1_0.8_8.C	23	0.800	5.240	0.034
BPP_50_150_0.1_0.8_8.C	23	0.800	5.240	0.033
BPP_50_150_0.1_0.8_8.C	23	0.800	5.240	0.033
BPP_50_150_0.1_0.8_8.C	23	0.800	5.240	0.032
BPP_50_150_0.1_0.8_8.C	23	0.800	5.240	0.033
BPP_50_150_0.1_0.8_8.C	23	0.800	5.240	0.032
BPP_50_150_0.1_0.8_9.C	23	1.400	5.720	0.033
BPP_50_150_0.1_0.8_9.C	23	1.400	5.720	0.034
BPP_50_150_0.1_0.8_9.C	23	1.400	5.720	0.033
BPP_50_150_0.1_0.8_9.C	23	1.400	5.720	0.033
BPP_50_150_0.1_0.8_9.C	23	1.400	5.720	0.033
BPP_50_150_0.1_0.8_9.C	23	1.400	5.720	0.033
BPP_50_150_0.1_0.8_9.C	23	1.400	5.720	0.036
BPP_50_150_0.1_0.8_9.C	23	1.400	5.720	0.034
BPP_50_150_0.1_0.8_9.C	23	1.400	5.720	0.034
BPP_50_150_0.1_0.8_9.C	23	1.400	5.720	0.034
BPP_50_200_0.1_0.8_0.C	24	2.800	7.040	0.047
BPP_50_200_0.1_0.8_0.C	24	2.800	7.040	0.045
BPP_50_200_0.1_0.8_0.C	24	2.800	7.040	0.048
BPP_50_200_0.1_0.8_0.C	24	2.800	7.040	0.045
BPP_50_200_0.1_0.8_0.C	24	2.800	7.040	0.045
BPP_50_200_0.1_0.8_0.C	24	2.800	7.040	0.047
BPP_50_200_0.1_0.8_0.C	24	2.800	7.040	0.045
BPP_50_200_0.1_0.8_0.C	24	2.800	7.040	0.046
BPP_50_200_0.1_0.8_0.C	24	2.800	7.040	0.045
BPP_50_200_0.1_0.8_0.C	24	2.800	7.040	0.046
BPP_50_200_0.1_0.8_1.C	25	0.200	5.160	0.045
BPP_50_200_0.1_0.8_1.C	25	0.200	5.160	0.046
BPP_50_200_0.1_0.8_1.C	25	0.200	5.160	0.046
BPP_50_200_0.1_0.8_1.C	25	0.200	5.160	0.044
BPP_50_200_0.1_0.8_1.C	25	0.200	5.160	0.046
BPP_50_200_0.1_0.8_1.C	25	0.200	5.160	0.045
BPP_50_200_0.1_0.8_1.C	25	0.200	5.160	0.046
BPP_50_200_0.1_0.8_1.C	25	0.200	5.160	0.045
BPP_50_200_0.1_0.8_1.C	25	0.200	5.160	0.045
BPP_50_200_0.1_0.8_1.C	25	0.200	5.160	0.045
BPP_50_200_0.1_0.8_2.C	21	0.200	4.360	0.041
BPP_50_200_0.1_0.8_2.C	21	0.200	4.360	0.041
BPP_50_200_0.1_0.8_2.C	21	0.200	4.360	0.042
BPP_50_200_0.1_0.8_2.C	21	0.200	4.360	0.043
BPP_50_200_0.1_0.8_2.C	21	0.200	4.360	0.041
BPP_50_200_0.1_0.8_2.C	21	0.200	4.360	0.042
BPP_50_200_0.1_0.8_2.C	21	0.200	4.360	0.042
BPP_50_200_0.1_0.8_2.C	21	0.200	4.360	0.043
BPP_50_200_0.1_0.8_2.C	21	0.200	4.360	0.042
BPP_50_200_0.1_0.8_2.C	21	0.200	4.360	0.042
BPP_50_200_0.1_0.8_3.C	23	0.200	4.760	0.043
BPP_50_200_0.1_0.8_3.C	23	0.200	4.760	0.043
BPP_50_200_0.1_0.8_3.C	23	0.200	4.760	0.043
BPP_50_200_0.1_0.8_3.C	23	0.200	4.760	0.044
BPP_50_200_0.1_0.8_3.C	23	0.200	4.760	0.044
BPP_50_200_0.1_0.8_3.C	23	0.200	4.760	0.043
BPP_50_200_0.1_0.8_3.C	23	0.200	4.760	0.043
BPP_50_200_0.1_0.8_3.C	23	0.200	4.760	0.043
BPP_50_200_0.1_0.8_3.C	23	0.200	4.760	0.042
BPP_50_200_0.1_0.8_3.C	23	0.200	4.760	0.043
BPP_50_200_0.1_0.8_4.C	26	1.000	6.000	0.048
BPP_50_200_0.1_0.8_4.C	26	1.000	6.000	0.049
BPP_50_200_0.1_0.8_4.C	26	1.000	6.000	0.050
BPP_50_200_0.1_0.8_4.C	26	1.000	6.000	0.049
BPP_50_200_0.1_0.8_4.C	26	1.000	6.000	0.047
BPP_50_200_0.1_0.8_4.C	26	1.000	6.000	0.048
BPP_50_200_0.1_0.8_4.C	26	1.000	6.000	0.048
BPP_50_200_0.1_0.8_4.C	26	1.000	6.000	0.047
BPP_50_200_0.1_0.8_4.C	26	1.000	6.000	0.048
BPP_50_200_0.1_0.8_4.C	26	1.000	6.000	0.048
BPP_50_200_0.1_0.8_5.C	31	1.400	7.320	0.056
BPP_50_200_0.1_0.8_5.C	31	1.400	7.320	0.055
BPP_50_200_0.1_0.8_5.C	31	1.400	7.320	0.055
BPP_50_200_0.1_0.8_5.C	31	1.400	7.320	0.055
BPP_50_200_0.1_0.8_5.C	31	1.400	7.320	0.056
BPP_50_200_0.1_0.8_5.C	31	1.400	7.320	0.055
BPP_50_200_0.1_0.8_5.C	31	1.400	7.320	0.055
BPP_50_200_0.1_0.8_5.C	31	1.400	7.320	0.055
BPP_50_200_0.1_0.8_5.C	31	1.400	7.320	0.055
BPP_50_200_0.1_0.8_5.C	31	1.400	7.320	0.055
BPP_50_200_0.1_0.8_6.C	23	0.600	5.080	0.043
BPP_50_200_0.1_0.8_6.C	23	0.600	5.080	0.045
BPP_50_200_0.1_0.8_6.C	23	0.600	5.080	0.044
BPP_50_200_0.1_0.8_6.C	23	0.600	5.080	0.044
BPP_50_200_0.1_0.8_6.C	23	0.600	5.080	0.044
BPP_50_200_0.1_0.8_6.C	23	0.600	5.080	0.045
BPP_50_200_0.1_0.8_6.C	23	0.600	5.080	0.043
BPP_50_200_0.1_0.8_6.C	23	0.600	5.080	0.044
BPP_50_200_0.1_0.8_6.C	23	0.600	5.080	0.046
BPP_50_200_0.1_0.8_6.C	23	0.600	5.080	0.044
BPP_50_200_0.1_0.8_7.C	24	4.200	8.160	0.046
BPP_50_200_0.1_0.8_7.C	24	4.200	8.160	0.047
BPP_50_200_0.1_0.8_7.C	24	4.200	8.160	0.047
BPP_50_200_0.1_0.8_7.C	24	4.200	8.160	0.046
BPP_50_200_0.1_0.8_7.C	24	4.200	8.160	0.046
BPP_50_200_0.1_0.8_7.C	24	4.200	8.160	0.045
BPP_50_200_0.1_0.8_7.C	24	4.200	8.160	0.048
BPP_50_200_0.1_0.8_7.C	24	4.200	8.160	0.046
BPP_50_200_0.1_0.8_7.C	24	4.200	8.160	0.046
BPP_50_200_0.1_0.8_7.C	24	4.200	8.160	0.045
BPP_50_200_0.1_0.8_8.C	25	0.400	5.320	0.044
BPP_50_200_0.1_0.8_8.C	24	0.400	5.120	0.043
BPP_50_200_0.1_0.8_8.C	25	0.400	5.320	0.045
BPP_50_200_0.1_0.8_8.C	25	0.400	5.320	0.045
BPP_50_200_0.1_0.8_8.C	24	0.400	5.120	0.045
BPP_50_200_0.1_0.8_8.C	25	0.400	5.320	0.045
BPP_50_200_0.1_0.8_8.C	25	0.400	5.320	0.045
BPP_50_200_0.1_0.8_8.C	25	0.400	5.320	0.045
BPP_50_200_0.1_0.8_8.C	25	0.400	5.320	0.044
BPP_50_200_0.1_0.8_8.C	25	0.400	5.320	0.044
BPP_50_200_0.1_0.8_9.C	25	4.200	8.360	0.049
BPP_50_200_0.1_0.8_9.C	25	4.200	8.360	0.046
BPP_50_200_0.1_0.8_9.C	25	4.200	8.360	0.047
BPP_50_200_0.1_0.8_9.C	25	4.200	8.360	0.048
BPP_50_200_0.1_0.8_9.C	25	4.200	8.360	0.048
BPP_50_200_0.1_0.8_9.C	25	4.200	8.360	0.047
BPP_50_200_0.1_0.8_9.C	25	4.200	8.360	0.047
BPP_50_200_0.1_0.8_9.C	25	4.200	8.360	0.047
BPP_50_200_0.1_0.8_9.C	25	4.200	8.360	0.047
BPP_50_200_0.1_0.8_9.C	25	4.200	8.360	0.046
BPP_50_300_0.1_0.8_0.C	25	2.800	7.240	0.074
BPP_50_300_0.1_0.8_0.C	25	2.800	7.240	0.075
BPP_50_300_0.1_0.8_0.C	25	2.800	7.240	0.075
BPP_50_300_0.1_0.8_0.C	25	2.800	7.240	0.074
BPP_50_300_0.1_0.8_0.C	25	2.800	7.240	0.073
BPP_50_300_0.1_0.8_0.C	25	2.800	7.240	0.075
BPP_50_300_0.1_0.8_0.C	25	2.800	7.240	0.075
BPP_50_300_0.1_0.8_0.C	25	2.800	7.240	0.075
BPP_50_300_0.1_0.8_0.C	25	2.800	7.240	0.075
BPP_50_300_0.1_0.8_0.C	25	2.800	7.240	0.074
BPP_50_300_0.1_0.8_1.C	24	2.600	6.880	0.072
BPP_50_300_0.1_0.8_1.C	24	2.600	6.880	0.071
BPP_50_300_0.1_0.8_1.C	24	2.600	6.880	0.069
BPP_50_300_0.1_0.8_1.C	24	2.600	6.880	0.069
BPP_50_300_0.1_0.8_1.C	24	2.600	6.880	0.071
BPP_50_300_0.1_0.8_1.C	24	2.600	6.880	0.069
BPP_50_300_0.1_0.8_1.C	24	2.600	6.880	0.070
BPP_50_300_0.1_0.8_1.C	24	2.400	6.720	0.069
BPP_50_300_0.1_0.8_1.C	24	2.600	6.880	0.070
BPP_50_300_0.1_0.8_1.C	24	2.600	6.880	0.070
BPP_50_300_0.1_0.8_2.C	27	3.400	8.120	0.077
BPP_50_300_0.1_0.8_2.C	27	3.400	8.120	0.076
BPP_50_300_0.1_0.8_2.C	27	3.400	8.120	0.078
BPP_50_300_0.1_0.8_2.C	27	3.400	8.120	0.077
BPP_50_300_0.1_0.8_2.C	27	3.400	8.120	0.077
BPP_50_300_0.1_0.8_2.C	27	3.400	8.120	0.078
BPP_50_300_0.1_0.8_2.C	27	3.400	8.120	0.078
BPP_50_300_0.1_0.8_2.C	27	3.400	8.120	0.076
BPP_50_300_0.1_0.8_2.C	27	3.400	8.120	0.076
BPP_50_300_0.1_0.8_2.C	27	3.400	8.120	0.077
BPP_50_300_0.1_0.8_3.C	26	3.000	7.600	0.074
BPP_50_300_0.1_0.8_3.C	26	3.000	7.600	0.074
BPP_50_300_0.1_0.8_3.C	26	3.000	7.600	0.075
BPP_50_300_0.1_0.8_3.C	26	3.000	7.600	0.077
BPP_50_300_0.1_0.8_3.C	26	3.000	7.600	0.075
BPP_50_300_0.1_0.8_3.C	26	3.000	7.600	0.075
BPP_50_300_0.1_0.8_3.C	26	3.000	7.600	0.075
BPP_50_300_0.1_0.8_3.C	26	3.000	7.600	0.074
BPP_50_300_0.1_0.8_3.C	26	3.000	7.600	0.077
BPP_50_300_0.1_0.8_3.C	26	3.000	7.600	0.076
BPP_50_300_0.1_0.8_4.C	28	3.800	8.640	0.078
BPP_50_300_0.1_0.8_4.C	28	3.800	8.640	0.077
BPP_50_300_0.1_0.8_4.C	28	3.800	8.640	0.078
BPP_50_300_0.1_0.8_4.C	28	3.800	8.640	0.077
BPP_50_300_0.1_0.8_4.C	28	3.800	8.640	0.078
BPP_50_300_0.1_0.8_4.C	28	3.800	8.640	0.079
BPP_50_300_0.1_0.8_4.C	28	3.800	8.640	0.079
BPP_50_300_0.1_0.8_4.C	28	3.800	8.640	0.079
BPP_50_300_0.1_0.8_4.C	28	3.800	8.640	0.081
BPP_50_300_0.1_0.8_4.C	28	3.800	8.640	0.078
BPP_50_300_0.1_0.8_5.C	22	4.200	7.760	0.068
BPP_50_300_0.1_0.8_5.C	23	4.000	7.800	0.066
BPP_50_300_0.1_0.8_5.C	22	4.200	7.760	0.066
BPP_50_300_0.1_0.8_5.C	23	4.000	7.800	0.067
BPP_50_300_0.1_0.8_5.C	23	4.000	7.800	0.066
BPP_50_300_0.1_0.8_5.C	23	4.000	7.800	0.067
BPP_50_300_0.1_0.8_5.C	23	4.000	7.800	0.066
BPP_50_300_0.1_0.8_5.C	22	4.200	7.760	0.067
BPP_50_300_0.1_0.8_5.C	23	4.000	7.800	0.066
BPP_50_300_0.1_0.8_5.C	23	4.000	7.800	0.066
BPP_50_300_0.1_0.8_6.C	21	3.800	7.240	0.062
BPP_50_300_0.1_0.8_6.C	22	3.800	7.440	0.063
BPP_50_300_0.1_0.8_6.C	21	3.800	7.240	0.062
BPP_50_300_0.1_0.8_6.C	22	3.800	7.440	0.063
BPP_50_300_0.1_0.8_6.C	21	3.800	7.240	0.063
BPP_50_300_0.1_0.8_6.C	22	3.800	7.440	0.064
BPP_50_300_0.1_0.8_6.C	21	3.800	7.240	0.063
BPP_50_300_0.1_0.8_6.C	21	3.800	7.240	0.064
BPP_50_300_0.1_0.8_6.C	21	4.000	7.400	0.063
BPP_50_300_0.1_0.8_6.C	21	3.800	7.240	0.063
BPP_50_300_0.1_0.8_7.C	28	3.200	8.160	0.078
BPP_50_300_0.1_0.8_7.C	28	3.000	8.000	0.080
BPP_50_300_0.1_0.8_7.C	28	3.200	8.160	0.079
BPP_50_300_0.1_0.8_7.C	28	3.200	8.160	0.079
BPP_50_300_0.1_0.8_7.C	28	3.000	8.000	0.078
BPP_50_300_0.1_0.8_7.C	28	2.600	7.680	0.079
BPP_50_300_0.1_0.8_7.C	28	3.000	8.000	0.078
BPP_50_300_0.1_0.8_7.C	28	3.200	8.160	0.078
BPP_50_300_0.1_0.8_7.C	28	2.600	7.680	0.078
BPP_50_300_0.1_0.8_7.C	28	2.600	7.680	0.078
BPP_50_300_0.1_0.8_8.C	29	3.000	8.200	0.081
BPP_50_300_0.1_0.8_8.C	29	3.000	8.200	0.083
BPP_50_300_0.1_0.8_8.C	29	3.000	8.200	0.083
BPP_50_300_0.1_0.8_8.C	29	3.000	8.200	0.081
BPP_50_300_0.1_0.8_8.C	29	3.000	8.200	0.081
BPP_50_300_0.1_0.8_8.C	29	3.000	8.200	0.080
BPP_50_300_0.1_0.8_8.C	29	3.000	8.200	0.081
BPP_50_300_0.1_0.8_8.C	29	3.000	8.200	0.081
BPP_50_300_0.1_0.8_8.C	29	3.000	8.200	0.081
BPP_50_300_0.1_0.8_8.C	29	3.000	8.200	0.081
BPP_50_300_0.1_0.8_9.C	28	1.800	7.040	0.077
BPP_50_300_0.1_0.8_9.C	28	1.800	7.040	0.079
BPP_50_300_0.1_0.8_9.C	28	1.800	7.040	0.082
BPP_50_300_0.1_0.8_9.C	28	1.800	7.040	0.081
BPP_50_300_0.1_0.8_9.C	28	1.800	7.040	0.079
BPP_50_300_0.1_0.8_9.C	28	1.800	7.040	0.081
BPP_50_300_0.1_0.8_9.C	28	1.800	7.040	0.080
BPP_50_300_0.1_0.8_9.C	28	1.800	7.040	0.078
BPP_50_300_0.1_0.8_9.C	28	1.800	7.040	0.079
BPP_50_300_0.1_0.8_9.C	28	2.200	7.360	0.080
BPP_50_400_0.1_0.8_0.C	22	0.200	4.560	0.095
BPP_50_400_0.1_0.8_0.C	22	0.200	4.560	0.093
BPP_50_400_0.1_0.8_0.C	22	0.200	4.560	0.090
BPP_50_400_0.1_0.8_0.C	22	0.200	4.560	0.093
BPP_50_400_0.1_0.8_0.C	22	0.200	4.560	0.093
BPP_50_400_0.1_0.8_0.C	22	0.200	4.560	0.092
BPP_50_400_0.1_0.8_0.C	22	0.200	4.560	0.092
BPP_50_400_0.1_0.8_0.C	22	0.200	4.560	0.091
BPP_50_400_0.1_0.8_0.C	22	0.200	4.560	0.092
BPP_50_400_0.1_0.8_0.C	22	0.200	4.560	0.092
BPP_50_400_0.1_0.8_1.C	29	0.200	5.960	0.114
BPP_50_400_0.1_0.8_1.C	29	0.200	5.960	0.112
BPP_50_400_0.1_0.8_1.C	29	0.200	5.960	0.112
BPP_50_400_0.1_0.8_1.C	29	0.200	5.960	0.112
BPP_50_400_0.1_0.8_1.C	29	0.200	5.960	0.112
BPP_50_400_0.1_0.8_1.C	29	0.200	5.960	0.112
BPP_50_400_0.1_0.8_1.C	29	0.200	5.960	0.112
BPP_50_400_0.1_0.8_1.C	29	0.200	5.960	0.113
BPP_50_400_0.1_0.8_1.C	29	0.200	5.960	0.113
BPP_50_400_0.1_0.8_1.C	29	0.200	5.960	0.115
BPP_50_400_0.1_0.8_2.C	23	1.400	5.720	0.101
BPP_50_400_0.1_0.8_2.C	23	1.400	5.720	0.103
BPP_50_400_0.1_0.8_2.C	23	1.400	5.720	0.100
BPP_50_400_0.1_0.8_2.C	23	1.200	5.560	0.100
BPP_50_400_0.1_0.8_2.C	23	1.400	5.720	0.101
BPP_50_400_0.1_0.8_2.C	23	1.200	5.560	0.101
BPP_50_400_0.1_0.8_2.C	23	1.200	5.560	0.098
BPP_50_400_0.1_0.8_2.C	23	1.200	5.560	0.100
BPP_50_400_0.1_0.8_2.C	23	1.400	5.720	0.100
BPP_50_400_0.1_0.8_2.C	23	1.200	5.560	0.101
BPP_50_400_0.1_0.8_3.C	24	2.600	6.880	0.103
BPP_50_400_0.1_0.8_3.C	24	2.400	6.720	0.099
BPP_50_400_0.1_0.8_3.C	24	2.400	6.720	0.102
BPP_50_400_0.1_0.8_3.C	24	2.200	6.560	0.099
BPP_50_400_0.1_0.8_3.C	24	2.200	6.560	0.099
BPP_50_400_0.1_0.8_3.C	24	2.400	6.720	0.103
BPP_50_400_0.1_0.8_3.C	24	2.200	6.560	0.102
BPP_50_400_0.1_0.8_3.C	24	2.400	6.720	0.101
BPP_50_400_0.1_0.8_3.C	24	2.400	6.720	0.102
BPP_50_400_0.1_0.8_3.C	24	2.400	6.720	0.099
BPP_50_400_0.1_0.8_4.C	21	1.200	5.160	0.081
BPP_50_400_0.1_0.8_4.C	21	1.200	5.160	0.084
BPP_50_400_0.1_0.8_4.C	21	1.200	5.160	0.088
BPP_50_400_0.1_0.8_4.C	21	1.200	5.160	0.083
BPP_50_400_0.1_0.8_4.C	21	1.200	5.160	0.084
BPP_50_400_0.1_0.8_4.C	21	1.200	5.160	0.082
BPP_50_400_0.1_0.8_4.C	21	1.200	5.160	0.082
BPP_50_400_0.1_0.8_4.C	21	1.200	5.160	0.084
BPP_50_400_0.1_0.8_4.C	21	1.200	5.160	0.081
BPP_50_400_0.1_0.8_4.C	21	1.200	5.160	0.082
BPP_50_400_0.1_0.8_5.C	28	3.600	8.480	0.113
BPP_50_400_0.1_0.8_5.C	28	3.600	8.480	0.113
BPP_50_400_0.1_0.8_5.C	28	3.600	8.480	0.112
BPP_50_400_0.1_0.8_5.C	27	3.800	8.440	0.120
BPP_50_400_0.1_0.8_5.C	28	3.600	8.480	0.115
BPP_50_400_0.1_0.8_5.C	28	3.600	8.480	0.114
BPP_50_400_0.1_0.8_5.C	28	3.600	8.480	0.116
BPP_50_400_0.1_0.8_5.C	28	3.600	8.480	0.114
BPP_50_400_0.1_0.8_5.C	28	3.600	8.480	0.116
BPP_50_400_0.1_0.8_5.C	28	3.600	8.480	0.112
BPP_50_400_0.1_0.8_6.C	27	6.800	10.840	0.111
BPP_50_400_0.1_0.8_6.C	27	6.800	10.840	0.109
BPP_50_400_0.1_0.8_6.C	27	6.800	10.840	0.108
BPP_50_400_0.1_0.8_6.C	27	6.800	10.840	0.110
BPP_50_400_0.1_0.8_6.C	27	7.000	11.000	0.109
BPP_50_400_0.1_0.8_6.C	27	6.800	10.840	0.107
BPP_50_400_0.1_0.8_6.C	27	6.800	10.840	0.109
BPP_50_400_0.1_0.8_6.C	27	6.800	10.840	0.140
BPP_50_400_0.1_0.8_6.C	27	7.000	11.000	0.111
BPP_50_400_0.1_0.8_6.C	27	6.800	10.840	0.108
BPP_50_400_0.1_0.8_7.C	24	1.200	5.760	0.098
BPP_50_400_0.1_0.8_7.C	24	1.200	5.760	0.101
BPP_50_400_0.1_0.8_7.C	24	1.200	5.760	0.099
BPP_50_400_0.1_0.8_7.C	24	1.200	5.760	0.100
BPP_50_400_0.1_0.8_7.C	24	1.200	5.760	0.099
BPP_50_400_0.1_0.8_7.C	24	1.200	5.760	0.099
BPP_50_400_0.1_0.8_7.C	24	1.200	5.760	0.097
BPP_50_400_0.1_0.8_7.C	24	1.200	5.760	0.099
BPP_50_400_0.1_0.8_7.C	24	1.200	5.760	0.099
BPP_50_400_0.1_0.8_7.C	24	1.200	5.760	0.096
BPP_50_400_0.1_0.8_8.C	30	6.000	10.800	0.118
BPP_50_400_0.1_0.8_8.C	30	6.000	10.800	0.116
BPP_50_400_0.1_0.8_8.C	30	6.000	10.800	0.118
BPP_50_400_0.1_0.8_8.C	30	6.000	10.800	0.118
BPP_50_400_0.1_0.8_8.C	30	6.000	10.800	0.118
BPP_50_400_0.1_0.8_8.C	30	6.000	10.800	0.120
BPP_50_400_0.1_0.8_8.C	30	6.000	10.800	0.119
BPP_50_400_0.1_0.8_8.C	30	6.000	10.800	0.117
BPP_50_400_0.1_0.8_8.C	30	6.000	10.800	0.118
BPP_50_400_0.1_0.8_8.C	30	6.000	10.800	0.118
BPP_50_400_0.1_0.8_9.C	25	5.800	9.640	0.101
BPP_50_400_0.1_0.8_9.C	25	5.800	9.640	0.103
BPP_50_400_0.1_0.8_9.C	25	5.800	9.640	0.101
BPP_50_400_0.1_0.8_9.C	25	6.000	9.800	0.104
BPP_50_400_0.1_0.8_9.C	26	5.800	9.840	0.102
BPP_50_400_0.1_0.8_9.C	25	6.000	9.800	0.103
BPP_50_400_0.1_0.8_9.C	25	6.000	9.800	0.103
BPP_50_400_0.1_0.8_9.C	25	5.800	9.640	0.102
BPP_50_400_0.1_0.8_9.C	25	5.800	9.640	0.103
BPP_50_400_0.1_0.8_9.C	25	6.000	9.800	0.100
BPP_50_500_0.1_0.8_0.C	26	2.600	7.280	0.129
BPP_50_500_0.1_0.8_0.C	25	2.800	7.240	0.119
BPP_50_500_0.1_0.8_0.C	26	2.600	7.280	0.121
BPP_50_500_0.1_0.8_0.C	26	2.600	7.280	0.125
BPP_50_500_0.1_0.8_0.C	25	2.800	7.240	0.128
BPP_50_500_0.1_0.8_0.C	26	2.600	7.280	0.131
BPP_50_500_0.1_0.8_0.C	26	2.600	7.280	0.149
BPP_50_500_0.1_0.8_0.C	26	2.600	7.280	0.128
BPP_50_500_0.1_0.8_0.C	26	2.600	7.280	0.132
BPP_50_500_0.1_0.8_0.C	26	2.600	7.280	0.120
BPP_50_500_0.1_0.8_1.C	25	-0.000	5.000	0.122
BPP_50_500_0.1_0.8_1.C	25	-0.000	5.000	0.117
BPP_50_500_0.1_0.8_1.C	25	-0.000	5.000	0.127
BPP_50_500_0.1_0.8_1.C	25	-0.000	5.000	0.119
BPP_50_500_0.1_0.8_1.C	25	-0.000	5.000	0.117
BPP_50_500_0.1_0.8_1.C	25	-0.000	5.000	0.122
BPP_50_500_0.1_0.8_1.C	25	-0.000	5.000	0.122
BPP_50_500_0.1_0.8_1.C	25	-0.000	5.000	0.117
BPP_50_500_0.1_0.8_1.C	25	-0.000	5.000	0.117
BPP_50_500_0.1_0.8_1.C	25	-0.000	5.000	0.127
BPP_50_500_0.1_0.8_2.C	27	1.000	6.200	0.139
BPP_50_500_0.1_0.8_2.C	27	1.000	6.200	0.121
BPP_50_500_0.1_0.8_2.C	27	1.000	6.200	0.122
BPP_50_500_0.1_0.8_2.C	27	1.000	6.200	0.127
BPP_50_500_0.1_0.8_2.C	27	1.000	6.200	0.128
BPP_50_500_0.1_0.8_2.C	27	1.000	6.200	0.123
BPP_50_500_0.1_0.8_2.C	27	1.000	6.200	0.118
BPP_50_500_0.1_0.8_2.C	27	1.000	6.200	0.123
BPP_50_500_0.1_0.8_2.C	27	1.000	6.200	0.135
BPP_50_500_0.1_0.8_2.C	27	1.000	6.200	0.126
BPP_50_500_0.1_0.8_3.C	22	3.200	6.960	0.111
BPP_50_500_0.1_0.8_3.C	22	3.000	6.800	0.111
BPP_50_500_0.1_0.8_3.C	22	3.200	6.960	0.110
BPP_50_500_0.1_0.8_3.C	22	3.000	6.800	0.106
BPP_50_500_0.1_0.8_3.C	22	3.200	6.960	0.120
BPP_50_500_0.1_0.8_3.C	22	3.000	6.800	0.110
BPP_50_500_0.1_0.8_3.C	22	3.000	6.800	0.104
BPP_50_500_0.1_0.8_3.C	22	3.000	6.800	0.122
BPP_50_500_0.1_0.8_3.C	22	3.000	6.800	0.113
BPP_50_500_0.1_0.8_3.C	22	3.200	6.960	0.112
BPP_50_500_0.1_0.8_4.C	22	1.400	5.520	0.104
BPP_50_500_0.1_0.8_4.C	22	1.400	5.520	0.112
BPP_50_500_0.1_0.8_4.C	22	1.400	5.520	0.105
BPP_50_500_0.1_0.8_4.C	22	1.400	5.520	0.111
BPP_50_500_0.1_0.8_4.C	22	1.400	5.520	0.103
BPP_50_500_0.1_0.8_4.C	22	1.400	5.520	0.105
BPP_50_500_0.1_0.8_4.C	22	1.400	5.520	0.100
BPP_50_500_0.1_0.8_4.C	22	1.400	5.520	0.104
BPP_50_500_0.1_0.8_4.C	22	1.400	5.520	0.107
BPP_50_500_0.1_0.8_4.C	22	1.400	5.520	0.106
BPP_50_500_0.1_0.8_5.C	26	2.600	7.280	0.120
BPP_50_500_0.1_0.8_5.C	26	2.600	7.280	0.129
BPP_50_500_0.1_0.8_5.C	26	2.600	7.280	0.123
BPP_50_500_0.1_0.8_5.C	26	2.600	7.280	0.121
BPP_50_500_0.1_0.8_5.C	26	2.600	7.280	0.121
BPP_50_500_0.1_0.8_5.C	26	2.600	7.280	0.119
BPP_50_500_0.1_0.8_5.C	26	2.600	7.280	0.120
BPP_50_500_0.1_0.8_5.C	26	2.600	7.280	0.122
BPP_50_500_0.1_0.8_5.C	26	2.600	7.280	0.124
BPP_50_500_0.1_0.8_5.C	26	2.600	7.280	0.144
BPP_50_500_0.1_0.8_6.C	23	0.800	5.240	0.110
BPP_50_500_0.1_0.8_6.C	23	0.800	5.240	0.111
BPP_50_500_0.1_0.8_6.C	23	0.800	5.240	0.111
BPP_50_500_0.1_0.8_6.C	23	0.800	5.240	0.111
BPP_50_500_0.1_0.8_6.C	23	0.800	5.240	0.110
BPP_50_500_0.1_0.8_6.C	23	0.800	5.240	0.111
BPP_50_500_0.1_0.8_6.C	23	0.800	5.240	0.110
BPP_50_500_0.1_0.8_6.C	23	0.800	5.240	0.115
BPP_50_500_0.1_0.8_6.C	22	0.800	5.040	0.109
BPP_50_500_0.1_0.8_6.C	23	0.800	5.240	0.111
BPP_50_500_0.1_0.8_7.C	27	1.200	6.360	0.120
BPP_50_500_0.1_0.8_7.C	27	1.200	6.360	0.120
BPP_50_500_0.1_0.8_7.C	27	1.200	6.360	0.132
BPP_50_500_0.1_0.8_7.C	27	1.200	6.360	0.121
BPP_50_500_0.1_0.8_7.C	27	1.200	6.360	0.119
BPP_50_500_0.1_0.8_7.C	27	1.200	6.360	0.122
BPP_50_500_0.1_0.8_7.C	27	1.200	6.360	0.119
BPP_50_500_0.1_0.8_7.C	27	1.200	6.360	0.120
BPP_50_500_0.1_0.8_7.C	27	1.200	6.360	0.120
BPP_50_500_0.1_0.8_7.C	27	1.200	6.360	0.120
BPP_50_500_0.1_0.8_8.C	27	1.800	6.840	0.122
BPP_50_500_0.1_0.8_8.C	27	1.800	6.840	0.125
BPP_50_500_0.1_0.8_8.C	27	1.800	6.840	0.125
BPP_50_500_0.1_0.8_8.C	27	1.800	6.840	0.124
BPP_50_500_0.1_0.8_8.C	27	1.800	6.840	0.124
BPP_50_500_0.1_0.8_8.C	27	1.800	6.840	0.124
BPP_50_500_0.1_0.8_8.C	27	1.800	6.840	0.137
BPP_50_500_0.1_0.8_8.C	27	1.800	6.840	0.145
BPP_50_500_0.1_0.8_8.C	27	1.800	6.840	0.138
BPP_50_500_0.1_0.8_8.C	27	1.800	6.840	0.123
BPP_50_500_0.1_0.8_9.C	25	0.800	5.640	0.138
BPP_50_500_0.1_0.8_9.C	25	0.800	5.640	0.131
BPP_50_500_0.1_0.8_9.C	25	0.800	5.640	0.117
BPP_50_500_0.1_0.8_9.C	25	0.800	5.640	0.117
BPP_50_500_0.1_0.8_9.C	25	0.800	5.640	0.119
BPP_50_500_0.1_0.8_9.C	25	0.800	5.640	0.117
BPP_50_500_0.1_0.8_9.C	25	0.800	5.640	0.117
BPP_50_500_0.1_0.8_9.C	25	0.800	5.640	0.120
BPP_50_500_0.1_0.8_9.C	25	0.800	5.640	0.117
BPP_50_500_0.1_0.8_9.C	25	0.800	5.640	0.117
BPP_50_50_0.1_0.8_0.C	25	2.800	7.240	0.014
BPP_50_50_0.1_0.8_0.C	25	2.800	7.240	0.015
BPP_50_50_0.1_0.8_0.C	25	2.800	7.240	0.014
BPP_50_50_0.1_0.8_0.C	25	2.800	7.240	0.013
BPP_50_50_0.1_0.8_0.C	25	2.800	7.240	0.014
BPP_50_50_0.1_0.8_0.C	25	2.800	7.240	0.014
BPP_50_50_0.1_0.8_0.C	25	2.800	7.240	0.014
BPP_50_50_0.1_0.8_0.C	25	2.800	7.240	0.013
BPP_50_50_0.1_0.8_0.C	25	2.800	7.240	0.014
BPP_50_50_0.1_0.8_0.C	24	3.000	7.200	0.016
BPP_50_50_0.1_0.8_1.C	29	1.000	6.600	0.015
BPP_50_50_0.1_0.8_1.C	29	1.000	6.600	0.014
BPP_50_50_0.1_0.8_1.C	29	1.000	6.600	0.014
BPP_50_50_0.1_0.8_1.C	29	1.000	6.600	0.014
BPP_50_50_0.1_0.8_1.C	29	1.000	6.600	0.014
BPP_50_50_0.1_0.8_1.C	29	1.000	6.600	0.015
BPP_50_50_0.1_0.8_1.C	29	1.000	6.600	0.013
BPP_50_50_0.1_0.8_1.C	29	1.000	6.600	0.014
BPP_50_50_0.1_0.8_1.C	29	1.000	6.600	0.014
BPP_50_50_0.1_0.8_1.C	29	1.000	6.600	0.015
BPP_50_50_0.1_0.8_2.C	26	2.400	7.120	0.014
BPP_50_50_0.1_0.8_2.C	26	2.400	7.120	0.014
BPP_50_50_0.1_0.8_2.C	26	2.400	7.120	0.014
BPP_50_50_0.1_0.8_2.C	26	2.400	7.120	0.015
BPP_50_50_0.1_0.8_2.C	26	2.400	7.120	0.014
BPP_50_50_0.1_0.8_2.C	26	2.400	7.120	0.013
BPP_50_50_0.1_0.8_2.C	26	2.400	7.120	0.014
BPP_50_50_0.1_0.8_2.C	26	2.400	7.120	0.014
BPP_50_50_0.1_0.8_2.C	26	2.400	7.120	0.014
BPP_50_50_0.1_0.8_2.C	26	2.400	7.120	0.015
BPP_50_50_0.1_0.8_3.C	21	1.600	5.480	0.012
BPP_50_50_0.1_0.8_3.C	21	1.600	5.480	0.011
BPP_50_50_0.1_0.8_3.C	21	1.600	5.480	0.012
BPP_50_50_0.1_0.8_3.C	21	1.600	5.480	0.012
BPP_50_50_0.1_0.8_3.C	21	1.600	5.480	0.012
BPP_50_50_0.1_0.8_3.C	21	1.600	5.480	0.012
BPP_50_50_0.1_0.8_3.C	21	1.600	5.480	0.012
BPP_50_50_0.1_0.8_3.C	21	1.600	5.480	0.012
BPP_50_50_0.1_0.8_3.C	21	1.600	5.480	0.012
BPP_50_50_0.1_0.8_3.C	21	1.600	5.480	0.012
BPP_50_50_0.1_0.8_4.C	25	3.800	8.040	0.014
BPP_50_50_0.1_0.8_4.C	25	3.800	8.040	0.014
BPP_50_50_0.1_0.8_4.C	25	3.800	8.040	0.014
BPP_50_50_0.1_0.8_4.C	25	3.800	8.040	0.014
BPP_50_50_0.1_0.8_4.C	25	3.800	8.040	0.013
BPP_50_50_0.1_0.8_4.C	25	3.800	8.040	0.013
BPP_50_50_0.1_0.8_4.C	25	3.800	8.040	0.014
BPP_50_50_0.1_0.8_4.C	25	3.800	8.040	0.014
BPP_50_50_0.1_0.8_4.C	25	3.800	8.040	0.014
BPP_50_50_0.1_0.8_4.C	25	3.800	8.040	0.013
BPP_50_50_0.1_0.8_5.C	26	2.600	7.280	0.013
BPP_50_50_0.1_0.8_5.C	25	2.600	7.080	0.014
BPP_50_50_0.1_0.8_5.C	26	2.600	7.280	0.014
BPP_50_50_0.1_0.8_5.C	26	2.600	7.280	0.014
BPP_50_50_0.1_0.8_5.C	26	2.600	7.280	0.013
BPP_50_50_0.1_0.8_5.C	25	2.600	7.080	0.013
BPP_50_50_0.1_0.8_5.C	25	2.800	7.240	0.013
BPP_50_50_0.1_0.8_5.C	26	2.600	7.280	0.013
BPP_50_50_0.1_0.8_5.C	25	2.800	7.240	0.014
BPP_50_50_0.1_0.8_5.C	26	2.600	7.280	0.013
BPP_50_50_0.1_0.8_6.C	25	3.800	8.040	0.014
BPP_50_50_0.1_0.8_6.C	25	3.800	8.040	0.013
BPP_50_50_0.1_0.8_6.C	25	3.800	8.040	0.014
BPP_50_50_0.1_0.8_6.C	25	3.800	8.040	0.015
BPP_50_50_0.1_0.8_6.C	25	3.800	8.040	0.014
BPP_50_50_0.1_0.8_6.C	25	3.800	8.040	0.014
BPP_50_50_0.1_0.8_6.C	25	3.800	8.040	0.014
BPP_50_50_0.1_0.8_6.C	25	3.800	8.040	0.014
BPP_50_50_0.1_0.8_6.C	25	3.800	8.040	0.014
BPP_50_50_0.1_0.8_6.C	25	3.800	8.040	0.014
BPP_50_50_0.1_0.8_7.C	26	4.400	8.720	0.014
BPP_50_50_0.1_0.8_7.C	26	4.400	8.720	0.013
BPP_50_50_0.1_0.8_7.C	25	4.600	8.680	0.014
BPP_50_50_0.1_0.8_7.C	26	4.400	8.720	0.014
BPP_50_50_0.1_0.8_7.C	26	4.200	8.560	0.014
BPP_50_50_0.1_0.8_7.C	26	4.400	8.720	0.014
BPP_50_50_0.1_0.8_7.C	25	4.600	8.680	0.015
BPP_50_50_0.1_0.8_7.C	26	4.400	8.720	0.014
BPP_50_50_0.1_0.8_7.C	26	4.400	8.720	0.014
BPP_50_50_0.1_0.8_7.C	26	4.200	8.560	0.014
BPP_50_50_0.1_0.8_8.C	24	2.800	7.040	0.014
BPP_50_50_0.1_0.8_8.C	24	2.800	7.040	0.013
BPP_50_50_0.1_0.8_8.C	24	2.800	7.040	0.013
BPP_50_50_0.1_0.8_8.C	24	2.800	7.040	0.013
BPP_50_50_0.1_0.8_8.C	24	2.800	7.040	0.014
BPP_50_50_0.1_0.8_8.C	24	2.800	7.040	0.014
BPP_50_50_0.1_0.8_8.C	24	2.800	7.040	0.013
BPP_50_50_0.1_0.8_8.C	24	3.000	7.200	0.013
BPP_50_50_0.1_0.8_8.C	24	2.800	7.040	0.013
BPP_50_50_0.1_0.8_8.C	24	3.000	7.200	0.013
BPP_50_50_0.1_0.8_9.C	25	4.200	8.360	0.014
BPP_50_50_0.1_0.8_9.C	25	4.200	8.360	0.014
BPP_50_50_0.1_0.8_9.C	25	4.200	8.360	0.014
BPP_50_50_0.1_0.8_9.C	25	4.200	8.360	0.014
BPP_50_50_0.1_0.8_9.C	25	4.200	8.360	0.015
BPP_50_50_0.1_0.8_9.C	25	4.200	8.360	0.014
BPP_50_50_0.1_0.8_9.C	25	4.200	8.360	0.014
BPP_50_50_0.1_0.8_9.C	25	4.200	8.360	0.014
BPP_50_50_0.1_0.8_9.C	25	4.200	8.360	0.014
BPP_50_50_0.1_0.8_9.C	25	4.200	8.360	0.013
BPP_50_750_0.1_0.8_0.C	31	5.000	10.200	0.196
BPP_50_750_0.1_0.8_0.C	31	5.000	10.200	0.196
BPP_50_750_0.1_0.8_0.C	31	5.000	10.200	0.197
BPP_50_750_0.1_0.8_0.C	31	4.800	10.040	0.196
BPP_50_750_0.1_0.8_0.C	31	5.000	10.200	0.196
BPP_50_750_0.1_0.8_0.C	31	5.000	10.200	0.196
BPP_50_750_0.1_0.8_0.C	31	5.000	10.200	0.197
BPP_50_750_0.1_0.8_0.C	31	5.000	10.200	0.196
BPP_50_750_0.1_0.8_0.C	31	5.000	10.200	0.205
BPP_50_750_0.1_0.8_0.C	31	4.800	10.040	0.231
BPP_50_750_0.1_0.8_1.C	23	4.000	7.800	0.154
BPP_50_750_0.1_0.8_1.C	23	3.600	7.480	0.155
BPP_50_750_0.1_0.8_1.C	23	4.400	8.120	0.153
BPP_50_750_0.1_0.8_1.C	23	3.800	7.640	0.155
BPP_50_750_0.1_0.8_1.C	23	4.400	8.120	0.156
BPP_50_750_0.1_0.8_1.C	23	3.600	7.480	0.154
BPP_50_750_0.1_0.8_1.C	23	3.600	7.480	0.154
BPP_50_750_0.1_0.8_1.C	23	3.600	7.480	0.156
BPP_50_750_0.1_0.8_1.C	23	4.000	7.800	0.154
BPP_50_750_0.1_0.8_1.C	23	4.400	8.120	0.154
BPP_50_750_0.1_0.8_2.C	27	0.000	5.400	0.168
BPP_50_750_0.1_0.8_2.C	27	0.000	5.400	0.170
BPP_50_750_0.1_0.8_2.C	27	0.000	5.400	0.167
BPP_50_750_0.1_0.8_2.C	27	0.000	5.400	0.168
BPP_50_750_0.1_0.8_2.C	27	0.000	5.400	0.167
BPP_50_750_0.1_0.8_2.C	27	0.000	5.400	0.172
BPP_50_750_0.1_0.8_2.C	27	0.000	5.400	0.167
BPP_50_750_0.1_0.8_2.C	27	0.000	5.400	0.169
BPP_50_750_0.1_0.8_2.C	27	0.000	5.400	0.169
BPP_50_750_0.1_0.8_2.C	27	0.000	5.400	0.167
BPP_50_750_0.1_0.8_3.C	26	-0.000	5.200	0.165
BPP_50_750_0.1_0.8_3.C	26	-0.000	5.200	0.165
BPP_50_750_0.1_0.8_3.C	26	-0.000	5.200	0.165
BPP_50_750_0.1_0.8_3.C	26	-0.000	5.200	0.166
BPP_50_750_0.1_0.8_3.C	26	-0.000	5.200	0.167
BPP_50_750_0.1_0.8_3.C	26	-0.000	5.200	0.167
BPP_50_750_0.1_0.8_3.C	26	-0.000	5.200	0.166
BPP_50_750_0.1_0.8_3.C	26	-0.000	5.200	0.167
BPP_50_750_0.1_0.8_3.C	26	-0.000	5.200	0.166
BPP_50_750_0.1_0.8_3.C	26	-0.000	5.200	0.167
BPP_50_750_0.1_0.8_4.C	24	0.000	4.800	0.159
BPP_50_750_0.1_0.8_4.C	24	0.000	4.800	0.162
BPP_50_750_0.1_0.8_4.C	24	0.000	4.800	0.159
BPP_50_750_0.1_0.8_4.C	24	0.000	4.800	0.161
BPP_50_750_0.1_0.8_4.C	24	0.000	4.800	0.159
BPP_50_750_0.1_0.8_4.C	24	0.000	4.800	0.159
BPP_50_750_0.1_0.8_4.C	24	0.000	4.800	0.159
BPP_50_750_0.1_0.8_4.C	24	0.000	4.800	0.164
BPP_50_750_0.1_0.8_4.C	24	0.000	4.800	0.160
BPP_50_750_0.1_0.8_4.C	24	0.000	4.800	0.162
BPP_50_750_0.1_0.8_5.C	25	-0.000	5.000	0.167
BPP_50_750_0.1_0.8_5.C	25	-0.000	5.000	0.165
BPP_50_750_0.1_0.8_5.C	25	-0.000	5.000	0.165
BPP_50_750_0.1_0.8_5.C	25	-0.000	5.000	0.169
BPP_50_750_0.1_0.8_5.C	25	-0.000	5.000	0.167
BPP_50_750_0.1_0.8_5.C	25	-0.000	5.000	0.165
BPP_50_750_0.1_0.8_5.C	25	-0.000	5.000	0.168
BPP_50_750_0.1_0.8_5.C	25	-0.000	5.000	0.169
BPP_50_750_0.1_0.8_5.C	25	-0.000	5.000	0.166
BPP_50_750_0.1_0.8_5.C	25	-0.000	5.000	0.168
BPP_50_750_0.1_0.8_6.C	25	-0.000	5.000	0.164
BPP_50_750_0.1_0.8_6.C	25	-0.000	5.000	0.165
BPP_50_750_0.1_0.8_6.C	25	-0.000	5.000	0.167
BPP_50_750_0.1_0.8_6.C	25	-0.000	5.000	0.163
BPP_50_750_0.1_0.8_6.C	25	-0.000	5.000	0.163
BPP_50_750_0.1_0.8_6.C	25	-0.000	5.000	0.163
BPP_50_750_0.1_0.8_6.C	25	-0.000	5.000	0.182
BPP_50_750_0.1_0.8_6.C	25	-0.000	5.000	0.165
BPP_50_750_0.1_0.8_6.C	25	-0.000	5.000	0.165
BPP_50_750_0.1_0.8_6.C	25	-0.000	5.000	0.167
BPP_50_750_0.1_0.8_7.C	28	2.400	7.520	0.185
BPP_50_750_0.1_0.8_7.C	28	2.400	7.520	0.186
BPP_50_750_0.1_0.8_7.C	29	2.200	7.560	0.188
BPP_50_750_0.1_0.8_7.C	29	2.200	7.560	0.184
BPP_50_750_0.1_0.8_7.C	28	2.400	7.520	0.184
BPP_50_750_0.1_0.8_7.C	29	2.200	7.560	0.185
BPP_50_750_0.1_0.8_7.C	28	2.400	7.520	0.184
BPP_50_750_0.1_0.8_7.C	28	2.400	7.520	0.185
BPP_50_750_0.1_0.8_7.C	28	2.400	7.520	0.184
BPP_50_750_0.1_0.8_7.C	28	2.400	7.520	0.185
BPP_50_750_0.1_0.8_8.C	25	0.400	5.320	0.266
BPP_50_750_0.1_0.8_8.C	25	0.400	5.320	0.275
BPP_50_750_0.1_0.8_8.C	25	0.400	5.320	0.164
BPP_50_750_0.1_0.8_8.C	25	0.400	5.320	0.162
BPP_50_750_0.1_0.8_8.C	25	0.400	5.320	0.162
BPP_50_750_0.1_0.8_8.C	25	0.400	5.320	0.165
BPP_50_750_0.1_0.8_8.C	25	0.400	5.320	0.172
BPP_50_750_0.1_0.8_8.C	25	0.400	5.320	0.164
BPP_50_750_0.1_0.8_8.C	25	0.400	5.320	0.165
BPP_50_750_0.1_0.8_8.C	25	0.400	5.320	0.171
BPP_50_750_0.1_0.8_9.C	21	0.200	4.360	0.155
BPP_50_750_0.1_0.8_9.C	21	0.200	4.360	0.153
BPP_50_750_0.1_0.8_9.C	21	0.200	4.360	0.153
BPP_50_750_0.1_0.8_9.C	21	0.200	4.360	0.153
BPP_50_750_0.1_0.8_9.C	21	0.200	4.360	0.162
BPP_50_750_0.1_0.8_9.C	21	0.200	4.360	0.159
BPP_50_750_0.1_0.8_9.C	21	0.200	4.360	0.164
BPP_50_750_0.1_0.8_9.C	21	0.200	4.360	0.154
BPP_50_750_0.1_0.8_9.C	21	0.200	4.360	0.154
BPP_50_750_0.1_0.8_9.C	21	0.200	4.360	0.150
BPP_50_75_0.1_0.8_0.C	27	0.200	5.560	0.015
BPP_50_75_0.1_0.8_0.C	27	0.200	5.560	0.016
BPP_50_75_0.1_0.8_0.C	27	0.200	5.560	0.016
BPP_50_75_0.1_0.8_0.C	27	0.200	5.560	0.015
BPP_50_75_0.1_0.8_0.C	27	0.200	5.560	0.016
BPP_50_75_0.1_0.8_0.C	27	0.200	5.560	0.015
BPP_50_75_0.1_0.8_0.C	27	0.200	5.560	0.015
BPP_50_75_0.1_0.8_0.C	27	0.200	5.560	0.015
BPP_50_75_0.1_0.8_0.C	27	0.200	5.560	0.015
BPP_50_75_0.1_0.8_0.C	27	0.200	5.560	0.015
BPP_50_75_0.1_0.8_1.C	29	1.600	7.080	0.017
BPP_50_75_0.1_0.8_1.C	29	1.600	7.080	0.017
BPP_50_75_0.1_0.8_1.C	29	1.600	7.080	0.016
BPP_50_75_0.1_0.8_1.C	29	1.600	7.080	0.016
BPP_50_75_0.1_0.8_1.C	29	1.600	7.080	0.017
BPP_50_75_0.1_0.8_1.C	29	1.600	7.080	0.016
BPP_50_75_0.1_0.8_1.C	29	1.600	7.080	0.016
BPP_50_75_0.1_0.8_1.C	29	1.600	7.080	0.016
BPP_50_75_0.1_0.8_1.C	29	1.600	7.080	0.016
BPP_50_75_0.1_0.8_1.C	29	1.600	7.080	0.017
BPP_50_75_0.1_0.8_2.C	23	1.800	6.040	0.015
BPP_50_75_0.1_0.8_2.C	23	1.600	5.880	0.015
BPP_50_75_0.1_0.8_2.C	23	1.800	6.040	0.015
BPP_50_75_0.1_0.8_2.C	23	1.800	6.040	0.015
BPP_50_75_0.1_0.8_2.C	23	1.600	5.880	0.015
BPP_50_75_0.1_0.8_2.C	23	1.800	6.040	0.015
BPP_50_75_0.1_0.8_2.C	23	1.800	6.040	0.015
BPP_50_75_0.1_0.8_2.C	23	1.800	6.040	0.015
BPP_50_75_0.1_0.8_2.C	23	1.600	5.880	0.015
BPP_50_75_0.1_0.8_2.C	23	1.800	6.040	0.015
BPP_50_75_0.1_0.8_3.C	24	6.400	9.920	0.016
BPP_50_75_0.1_0.8_3.C	24	6.400	9.920	0.015
BPP_50_75_0.1_0.8_3.C	24	6.400	9.920	0.015
BPP_50_75_0.1_0.8_3.C	24	6.400	9.920	0.015
BPP_50_75_0.1_0.8_3.C	24	6.400	9.920	0.015
BPP_50_75_0.1_0.8_3.C	24	6.400	9.920	0.016
BPP_50_75_0.1_0.8_3.C	24	6.400	9.920	0.015
BPP_50_75_0.1_0.8_3.C	24	6.400	9.920	0.015
BPP_50_75_0.1_0.8_3.C	24	6.400	9.920	0.015
BPP_50_75_0.1_0.8_3.C	24	6.400	9.920	0.015
BPP_50_75_0.1_0.8_4.C	29	5.600	10.280	0.017
BPP_50_75_0.1_0.8_4.C	29	5.600	10.280	0.016
BPP_50_75_0.1_0.8_4.C	29	5.600	10.280	0.017
BPP_50_75_0.1_0.8_4.C	29	5.600	10.280	0.018
BPP_50_75_0.1_0.8_4.C	29	5.600	10.280	0.017
BPP_50_75_0.1_0.8_4.C	29	5.600	10.280	0.018
BPP_50_75_0.1_0.8_4.C	29	5.600	10.280	0.017
BPP_50_75_0.1_0.8_4.C	29	5.600	10.280	0.017
BPP_50_75_0.1_0.8_4.C	29	5.600	10.280	0.018
BPP_50_75_0.1_0.8_4.C	29	5.600	10.280	0.018
BPP_50_75_0.1_0.8_5.C	27	1.400	6.520	0.017
BPP_50_75_0.1_0.8_5.C	27	1.400	6.520	0.016
BPP_50_75_0.1_0.8_5.C	27	1.400	6.520	0.017
BPP_50_75_0.1_0.8_5.C	27	1.400	6.520	0.016
BPP_50_75_0.1_0.8_5.C	27	1.400	6.520	0.017
BPP_50_75_0.1_0.8_5.C	27	1.400	6.520	0.016
BPP_50_75_0.1_0.8_5.C	27	1.400	6.520	0.017
BPP_50_75_0.1_0.8_5.C	27	1.400	6.520	0.016
BPP_50_75_0.1_0.8_5.C	27	1.400	6.520	0.016
BPP_50_75_0.1_0.8_5.C	27	1.400	6.520	0.016
BPP_50_75_0.1_0.8_6.C	22	1.000	5.200	0.014
BPP_50_75_0.1_0.8_6.C	22	1.000	5.200	0.014
BPP_50_75_0.1_0.8_6.C	22	1.000	5.200	0.015
BPP_50_75_0.1_0.8_6.C	22	1.000	5.200	0.015
BPP_50_75_0.1_0.8_6.C	22	1.000	5.200	0.013
BPP_50_75_0.1_0.8_6.C	22	1.000	5.200	0.014
BPP_50_75_0.1_0.8_6.C	22	1.000	5.200	0.014
BPP_50_75_0.1_0.8_6.C	22	1.000	5.200	0.014
BPP_50_75_0.1_0.8_6.C	22	1.000	5.200	0.015
BPP_50_75_0.1_0.8_6.C	22	1.000	5.200	0.014
BPP_50_75_0.1_0.8_7.C	23	0.400	4.920	0.015
BPP_50_75_0.1_0.8_7.C	23	0.400	4.920	0.014
BPP_50_75_0.1_0.8_7.C	23	0.400	4.920	0.014
BPP_50_75_0.1_0.8_7.C	23	0.400	4.920	0.014
BPP_50_75_0.1_0.8_7.C	23	0.400	4.920	0.015
BPP_50_75_0.1_0.8_7.C	23	0.400	4.920	0.014
BPP_50_75_0.1_0.8_7.C	23	0.400	4.920	0.014
BPP_50_75_0.1_0.8_7.C	23	0.400	4.920	0.015
BPP_50_75_0.1_0.8_7.C	23	0.400	4.920	0.014
BPP_50_75_0.1_0.8_7.C	23	0.400	4.920	0.014
BPP_50_75_0.1_0.8_8.C	21	0.600	4.680	0.014
BPP_50_75_0.1_0.8_8.C	21	0.600	4.680	0.013
BPP_50_75_0.1_0.8_8.C	21	0.600	4.680	0.014
BPP_50_75_0.1_0.8_8.C	21	0.600	4.680	0.013
BPP_50_75_0.1_0.8_8.C	21	0.600	4.680	0.013
BPP_50_75_0.1_0.8_8.C	21	0.600	4.680	0.013
BPP_50_75_0.1_0.8_8.C	21	0.600	4.680	0.013
BPP_50_75_0.1_0.8_8.C	21	0.600	4.680	0.013
BPP_50_75_0.1_0.8_8.C	21	0.600	4.680	0.014
BPP_50_75_0.1_0.8_8.C	21	0.600	4.680	0.013
BPP_50_75_0.1_0.8_9.C	27	1.600	6.680	0.016
BPP_50_75_0.1_0.8_9.C	27	1.400	6.520	0.018
BPP_50_75_0.1_0.8_9.C	27	1.400	6.520	0.017
BPP_50_75_0.1_0.8_9.C	27	1.600	6.680	0.017
BPP_50_75_0.1_0.8_9.C	27	1.400	6.520	0.016
BPP_50_75_0.1_0.8_9.C	27	1.600	6.680	0.016
BPP_50_75_0.1_0.8_9.C	27	1.600	6.680	0.016
BPP_50_75_0.1_0.8_9.C	27	1.600	6.680	0.017
BPP_50_75_0.1_0.8_9.C	27	1.400	6.520	0.018
BPP_50_75_0.1_0.8_9.C	27	1.400	6.520	0.018
