***************************************** BIN PACKING SOLUTION *****************************************
Parameters: alpha_1=0.4 alpha_2=0.6 t=0.2 s=1
-------------------------------------------------------------------------------------------------------------------------------------------------
INSTANCE 	 # OF BINS 	 SCHEDULING OBJECTIVE 	 BEST OBJECTIVE 	 RUNNING TIME
-------------------------------------------------------------------------------------------------------------------------------------------------
BPP_new_20_1000_1.C	13	4.000	7.600	0.049
BPP_new_20_1000_1.C	13	4.000	7.600	0.050
BPP_new_20_1000_1.C	13	4.000	7.600	0.051
BPP_new_20_1000_1.C	13	4.000	7.600	0.051
BPP_new_20_1000_1.C	13	4.000	7.600	0.051
BPP_new_20_1000_1.C	13	4.000	7.600	0.055
BPP_new_20_1000_1.C	13	4.000	7.600	0.054
BPP_new_20_1000_1.C	13	4.000	7.600	0.055
BPP_new_20_1000_1.C	13	4.000	7.600	0.051
BPP_new_20_1000_1.C	13	4.000	7.600	0.051
BPP_new_20_1000_10.C	9	1.000	4.200	0.034
BPP_new_20_1000_10.C	9	1.000	4.200	0.034
BPP_new_20_1000_10.C	9	1.000	4.200	0.034
BPP_new_20_1000_10.C	9	1.000	4.200	0.035
BPP_new_20_1000_10.C	9	1.000	4.200	0.035
BPP_new_20_1000_10.C	9	1.000	4.200	0.034
BPP_new_20_1000_10.C	9	1.000	4.200	0.055
BPP_new_20_1000_10.C	9	1.000	4.200	0.083
BPP_new_20_1000_10.C	9	1.000	4.200	0.073
BPP_new_20_1000_10.C	9	1.000	4.200	0.046
BPP_new_20_1000_2.C	10	3.000	5.800	0.098
BPP_new_20_1000_2.C	10	3.000	5.800	0.089
BPP_new_20_1000_2.C	10	3.000	5.800	0.085
BPP_new_20_1000_2.C	10	3.000	5.800	0.057
BPP_new_20_1000_2.C	10	3.000	5.800	0.049
BPP_new_20_1000_2.C	10	3.000	5.800	0.085
BPP_new_20_1000_2.C	11	2.600	5.960	0.085
BPP_new_20_1000_2.C	11	2.600	5.960	0.084
BPP_new_20_1000_2.C	10	3.000	5.800	0.085
BPP_new_20_1000_2.C	10	3.000	5.800	0.041
BPP_new_20_1000_3.C	13	5.000	8.200	0.102
BPP_new_20_1000_3.C	13	5.000	8.200	0.105
BPP_new_20_1000_3.C	13	5.000	8.200	0.102
BPP_new_20_1000_3.C	13	5.000	8.200	0.112
BPP_new_20_1000_3.C	13	5.000	8.200	0.111
BPP_new_20_1000_3.C	13	5.000	8.200	0.100
BPP_new_20_1000_3.C	13	5.000	8.200	0.102
BPP_new_20_1000_3.C	13	5.000	8.200	0.101
BPP_new_20_1000_3.C	13	5.000	8.200	0.101
BPP_new_20_1000_3.C	13	5.000	8.200	0.101
BPP_new_20_1000_4.C	8	2.400	4.640	0.076
BPP_new_20_1000_4.C	8	2.400	4.640	0.075
BPP_new_20_1000_4.C	8	2.600	4.760	0.076
BPP_new_20_1000_4.C	8	2.400	4.640	0.075
BPP_new_20_1000_4.C	8	2.400	4.640	0.074
BPP_new_20_1000_4.C	8	2.400	4.640	0.086
BPP_new_20_1000_4.C	8	2.400	4.640	0.079
BPP_new_20_1000_4.C	8	2.400	4.640	0.075
BPP_new_20_1000_4.C	8	2.600	4.760	0.075
BPP_new_20_1000_4.C	8	2.400	4.640	0.075
BPP_new_20_1000_5.C	10	1.400	4.840	0.093
BPP_new_20_1000_5.C	10	1.400	4.840	0.089
BPP_new_20_1000_5.C	10	1.400	4.840	0.085
BPP_new_20_1000_5.C	10	1.400	4.840	0.100
BPP_new_20_1000_5.C	10	1.400	4.840	0.088
BPP_new_20_1000_5.C	10	1.400	4.840	0.088
BPP_new_20_1000_5.C	10	1.400	4.840	0.097
BPP_new_20_1000_5.C	10	1.400	4.840	0.090
BPP_new_20_1000_5.C	10	1.400	4.840	0.091
BPP_new_20_1000_5.C	10	1.400	4.840	0.086
BPP_new_20_1000_6.C	10	1.400	4.840	0.095
BPP_new_20_1000_6.C	10	1.400	4.840	0.089
BPP_new_20_1000_6.C	10	1.400	4.840	0.093
BPP_new_20_1000_6.C	10	1.400	4.840	0.089
BPP_new_20_1000_6.C	10	1.400	4.840	0.101
BPP_new_20_1000_6.C	10	1.400	4.840	0.090
BPP_new_20_1000_6.C	10	1.400	4.840	0.089
BPP_new_20_1000_6.C	10	1.400	4.840	0.088
BPP_new_20_1000_6.C	10	1.400	4.840	0.092
BPP_new_20_1000_6.C	10	1.400	4.840	0.092
BPP_new_20_1000_7.C	10	1.000	4.600	0.094
BPP_new_20_1000_7.C	10	1.000	4.600	0.086
BPP_new_20_1000_7.C	10	1.000	4.600	0.088
BPP_new_20_1000_7.C	10	1.000	4.600	0.043
BPP_new_20_1000_7.C	10	1.000	4.600	0.083
BPP_new_20_1000_7.C	10	1.000	4.600	0.087
BPP_new_20_1000_7.C	10	1.000	4.600	0.086
BPP_new_20_1000_7.C	10	1.000	4.600	0.084
BPP_new_20_1000_7.C	10	1.000	4.600	0.094
BPP_new_20_1000_7.C	10	1.000	4.600	0.090
BPP_new_20_1000_8.C	9	3.000	5.400	0.038
BPP_new_20_1000_8.C	9	3.000	5.400	0.038
BPP_new_20_1000_8.C	9	3.600	5.760	0.037
BPP_new_20_1000_8.C	9	3.000	5.400	0.038
BPP_new_20_1000_8.C	9	3.000	5.400	0.039
BPP_new_20_1000_8.C	9	3.000	5.400	0.038
BPP_new_20_1000_8.C	9	3.000	5.400	0.038
BPP_new_20_1000_8.C	9	3.000	5.400	0.037
BPP_new_20_1000_8.C	9	3.000	5.400	0.038
BPP_new_20_1000_8.C	9	3.000	5.400	0.038
BPP_new_20_1000_9.C	13	3.000	7.000	0.050
BPP_new_20_1000_9.C	13	3.000	7.000	0.049
BPP_new_20_1000_9.C	13	3.000	7.000	0.050
BPP_new_20_1000_9.C	13	3.000	7.000	0.050
BPP_new_20_1000_9.C	13	3.000	7.000	0.049
BPP_new_20_1000_9.C	13	3.000	7.000	0.050
BPP_new_20_1000_9.C	13	3.000	7.000	0.052
BPP_new_20_1000_9.C	13	3.000	7.000	0.050
BPP_new_20_1000_9.C	13	3.000	7.000	0.050
BPP_new_20_1000_9.C	13	3.000	7.000	0.051
BPP_new_20_100_1.C	11	3.600	6.560	0.004
BPP_new_20_100_1.C	11	3.600	6.560	0.004
BPP_new_20_100_1.C	11	3.600	6.560	0.004
BPP_new_20_100_1.C	11	3.600	6.560	0.004
BPP_new_20_100_1.C	11	3.600	6.560	0.004
BPP_new_20_100_1.C	11	3.600	6.560	0.004
BPP_new_20_100_1.C	11	3.600	6.560	0.004
BPP_new_20_100_1.C	11	3.600	6.560	0.004
BPP_new_20_100_1.C	11	3.600	6.560	0.004
BPP_new_20_100_1.C	11	3.600	6.560	0.004
BPP_new_20_100_10.C	9	2.400	5.040	0.003
BPP_new_20_100_10.C	9	2.400	5.040	0.003
BPP_new_20_100_10.C	9	2.400	5.040	0.004
BPP_new_20_100_10.C	9	2.400	5.040	0.003
BPP_new_20_100_10.C	9	2.400	5.040	0.003
BPP_new_20_100_10.C	9	2.400	5.040	0.004
BPP_new_20_100_10.C	9	2.400	5.040	0.004
BPP_new_20_100_10.C	9	2.400	5.040	0.003
BPP_new_20_100_10.C	9	2.400	5.040	0.004
BPP_new_20_100_10.C	9	2.400	5.040	0.003
BPP_new_20_100_2.C	13	3.000	7.000	0.005
BPP_new_20_100_2.C	13	3.000	7.000	0.004
BPP_new_20_100_2.C	13	3.000	7.000	0.004
BPP_new_20_100_2.C	13	3.000	7.000	0.004
BPP_new_20_100_2.C	13	3.000	7.000	0.004
BPP_new_20_100_2.C	13	3.000	7.000	0.004
BPP_new_20_100_2.C	13	3.000	7.000	0.004
BPP_new_20_100_2.C	13	3.000	7.000	0.004
BPP_new_20_100_2.C	13	3.000	7.000	0.004
BPP_new_20_100_2.C	13	3.000	7.000	0.004
BPP_new_20_100_3.C	8	0.200	3.320	0.003
BPP_new_20_100_3.C	8	0.200	3.320	0.003
BPP_new_20_100_3.C	8	0.200	3.320	0.003
BPP_new_20_100_3.C	8	0.200	3.320	0.003
BPP_new_20_100_3.C	8	0.200	3.320	0.003
BPP_new_20_100_3.C	8	0.200	3.320	0.003
BPP_new_20_100_3.C	8	0.200	3.320	0.003
BPP_new_20_100_3.C	8	0.200	3.320	0.003
BPP_new_20_100_3.C	8	0.200	3.320	0.003
BPP_new_20_100_3.C	8	0.200	3.320	0.003
BPP_new_20_100_4.C	10	2.200	5.320	0.004
BPP_new_20_100_4.C	10	2.200	5.320	0.004
BPP_new_20_100_4.C	10	2.200	5.320	0.004
BPP_new_20_100_4.C	10	2.200	5.320	0.004
BPP_new_20_100_4.C	10	2.200	5.320	0.004
BPP_new_20_100_4.C	10	2.200	5.320	0.004
BPP_new_20_100_4.C	10	2.200	5.320	0.004
BPP_new_20_100_4.C	10	2.200	5.320	0.004
BPP_new_20_100_4.C	10	2.200	5.320	0.004
BPP_new_20_100_4.C	10	2.200	5.320	0.004
BPP_new_20_100_5.C	11	2.400	5.840	0.004
BPP_new_20_100_5.C	11	2.400	5.840	0.004
BPP_new_20_100_5.C	11	2.400	5.840	0.004
BPP_new_20_100_5.C	11	2.400	5.840	0.004
BPP_new_20_100_5.C	11	2.400	5.840	0.004
BPP_new_20_100_5.C	11	2.400	5.840	0.004
BPP_new_20_100_5.C	11	2.400	5.840	0.004
BPP_new_20_100_5.C	11	2.400	5.840	0.004
BPP_new_20_100_5.C	11	2.400	5.840	0.004
BPP_new_20_100_5.C	11	2.400	5.840	0.004
BPP_new_20_100_6.C	8	1.600	4.160	0.003
BPP_new_20_100_6.C	8	1.600	4.160	0.003
BPP_new_20_100_6.C	8	1.600	4.160	0.003
BPP_new_20_100_6.C	8	1.600	4.160	0.003
BPP_new_20_100_6.C	8	1.600	4.160	0.003
BPP_new_20_100_6.C	8	1.600	4.160	0.004
BPP_new_20_100_6.C	8	1.600	4.160	0.003
BPP_new_20_100_6.C	8	1.600	4.160	0.003
BPP_new_20_100_6.C	8	1.600	4.160	0.003
BPP_new_20_100_6.C	8	1.600	4.160	0.003
BPP_new_20_100_7.C	8	0.800	3.680	0.003
BPP_new_20_100_7.C	8	0.800	3.680	0.003
BPP_new_20_100_7.C	8	0.800	3.680	0.003
BPP_new_20_100_7.C	8	0.800	3.680	0.003
BPP_new_20_100_7.C	8	0.800	3.680	0.003
BPP_new_20_100_7.C	8	0.800	3.680	0.003
BPP_new_20_100_7.C	8	0.800	3.680	0.003
BPP_new_20_100_7.C	8	0.800	3.680	0.003
BPP_new_20_100_7.C	8	0.800	3.680	0.003
BPP_new_20_100_7.C	8	0.800	3.680	0.003
BPP_new_20_100_8.C	11	3.200	6.320	0.004
BPP_new_20_100_8.C	11	3.200	6.320	0.004
BPP_new_20_100_8.C	11	3.200	6.320	0.004
BPP_new_20_100_8.C	11	3.200	6.320	0.004
BPP_new_20_100_8.C	11	3.200	6.320	0.004
BPP_new_20_100_8.C	11	3.200	6.320	0.004
BPP_new_20_100_8.C	11	3.200	6.320	0.004
BPP_new_20_100_8.C	11	3.200	6.320	0.004
BPP_new_20_100_8.C	11	3.200	6.320	0.004
BPP_new_20_100_8.C	11	3.200	6.320	0.004
BPP_new_20_100_9.C	14	3.000	7.400	0.005
BPP_new_20_100_9.C	14	3.000	7.400	0.005
BPP_new_20_100_9.C	14	3.000	7.400	0.004
BPP_new_20_100_9.C	14	3.000	7.400	0.005
BPP_new_20_100_9.C	14	3.000	7.400	0.005
BPP_new_20_100_9.C	14	3.000	7.400	0.005
BPP_new_20_100_9.C	14	3.000	7.400	0.005
BPP_new_20_100_9.C	14	3.000	7.400	0.005
BPP_new_20_100_9.C	14	3.000	7.400	0.005
BPP_new_20_100_9.C	14	3.000	7.400	0.004
BPP_new_20_120_1.C	10	1.800	5.080	0.004
BPP_new_20_120_1.C	10	1.800	5.080	0.004
BPP_new_20_120_1.C	10	1.800	5.080	0.004
BPP_new_20_120_1.C	10	1.800	5.080	0.004
BPP_new_20_120_1.C	10	1.800	5.080	0.004
BPP_new_20_120_1.C	10	1.800	5.080	0.004
BPP_new_20_120_1.C	10	1.800	5.080	0.004
BPP_new_20_120_1.C	10	1.800	5.080	0.004
BPP_new_20_120_1.C	10	1.800	5.080	0.004
BPP_new_20_120_1.C	10	1.800	5.080	0.004
BPP_new_20_120_10.C	15	4.200	8.520	0.005
BPP_new_20_120_10.C	15	4.200	8.520	0.005
BPP_new_20_120_10.C	15	4.200	8.520	0.005
BPP_new_20_120_10.C	15	4.200	8.520	0.005
BPP_new_20_120_10.C	15	4.200	8.520	0.005
BPP_new_20_120_10.C	15	4.200	8.520	0.005
BPP_new_20_120_10.C	15	4.200	8.520	0.005
BPP_new_20_120_10.C	15	4.200	8.520	0.005
BPP_new_20_120_10.C	15	4.200	8.520	0.005
BPP_new_20_120_10.C	15	4.200	8.520	0.005
BPP_new_20_120_2.C	10	2.800	5.680	0.004
BPP_new_20_120_2.C	10	2.800	5.680	0.004
BPP_new_20_120_2.C	10	2.800	5.680	0.004
BPP_new_20_120_2.C	10	2.800	5.680	0.004
BPP_new_20_120_2.C	10	2.800	5.680	0.004
BPP_new_20_120_2.C	10	2.800	5.680	0.004
BPP_new_20_120_2.C	10	2.800	5.680	0.004
BPP_new_20_120_2.C	10	2.800	5.680	0.004
BPP_new_20_120_2.C	10	2.800	5.680	0.004
BPP_new_20_120_2.C	10	2.800	5.680	0.004
BPP_new_20_120_3.C	11	2.800	6.080	0.004
BPP_new_20_120_3.C	11	2.800	6.080	0.004
BPP_new_20_120_3.C	11	2.800	6.080	0.004
BPP_new_20_120_3.C	11	2.800	6.080	0.004
BPP_new_20_120_3.C	11	2.800	6.080	0.004
BPP_new_20_120_3.C	11	2.800	6.080	0.004
BPP_new_20_120_3.C	11	2.800	6.080	0.004
BPP_new_20_120_3.C	11	2.800	6.080	0.004
BPP_new_20_120_3.C	11	2.800	6.080	0.004
BPP_new_20_120_3.C	11	2.800	6.080	0.004
BPP_new_20_120_4.C	11	2.600	5.960	0.004
BPP_new_20_120_4.C	11	2.600	5.960	0.004
BPP_new_20_120_4.C	11	2.600	5.960	0.004
BPP_new_20_120_4.C	11	2.600	5.960	0.004
BPP_new_20_120_4.C	11	2.600	5.960	0.004
BPP_new_20_120_4.C	11	2.600	5.960	0.004
BPP_new_20_120_4.C	11	2.600	5.960	0.004
BPP_new_20_120_4.C	11	2.600	5.960	0.004
BPP_new_20_120_4.C	11	2.600	5.960	0.004
BPP_new_20_120_4.C	11	2.600	5.960	0.004
BPP_new_20_120_5.C	11	2.000	5.600	0.004
BPP_new_20_120_5.C	11	2.000	5.600	0.004
BPP_new_20_120_5.C	11	2.000	5.600	0.004
BPP_new_20_120_5.C	11	2.000	5.600	0.004
BPP_new_20_120_5.C	11	2.000	5.600	0.004
BPP_new_20_120_5.C	11	2.000	5.600	0.004
BPP_new_20_120_5.C	11	2.000	5.600	0.004
BPP_new_20_120_5.C	11	2.000	5.600	0.004
BPP_new_20_120_5.C	11	2.000	5.600	0.004
BPP_new_20_120_5.C	11	2.000	5.600	0.004
BPP_new_20_120_6.C	9	0.800	4.080	0.003
BPP_new_20_120_6.C	9	0.800	4.080	0.004
BPP_new_20_120_6.C	9	0.800	4.080	0.004
BPP_new_20_120_6.C	9	0.800	4.080	0.004
BPP_new_20_120_6.C	9	0.800	4.080	0.003
BPP_new_20_120_6.C	9	0.800	4.080	0.003
BPP_new_20_120_6.C	9	0.800	4.080	0.003
BPP_new_20_120_6.C	9	0.800	4.080	0.003
BPP_new_20_120_6.C	9	0.800	4.080	0.004
BPP_new_20_120_6.C	9	0.800	4.080	0.004
BPP_new_20_120_7.C	10	0.600	4.360	0.004
BPP_new_20_120_7.C	10	0.600	4.360	0.004
BPP_new_20_120_7.C	10	0.600	4.360	0.004
BPP_new_20_120_7.C	10	0.600	4.360	0.004
BPP_new_20_120_7.C	10	0.600	4.360	0.004
BPP_new_20_120_7.C	10	0.600	4.360	0.004
BPP_new_20_120_7.C	10	0.600	4.360	0.004
BPP_new_20_120_7.C	10	0.600	4.360	0.004
BPP_new_20_120_7.C	10	0.600	4.360	0.004
BPP_new_20_120_7.C	10	0.600	4.360	0.004
BPP_new_20_120_8.C	11	5.000	7.400	0.004
BPP_new_20_120_8.C	11	5.000	7.400	0.004
BPP_new_20_120_8.C	11	5.000	7.400	0.004
BPP_new_20_120_8.C	11	5.000	7.400	0.004
BPP_new_20_120_8.C	11	5.000	7.400	0.004
BPP_new_20_120_8.C	11	5.000	7.400	0.004
BPP_new_20_120_8.C	11	5.000	7.400	0.004
BPP_new_20_120_8.C	11	5.000	7.400	0.004
BPP_new_20_120_8.C	11	5.000	7.400	0.004
BPP_new_20_120_8.C	11	5.000	7.400	0.004
BPP_new_20_120_9.C	13	2.400	6.640	0.005
BPP_new_20_120_9.C	13	2.400	6.640	0.005
BPP_new_20_120_9.C	13	2.400	6.640	0.005
BPP_new_20_120_9.C	13	2.400	6.640	0.005
BPP_new_20_120_9.C	13	2.400	6.640	0.005
BPP_new_20_120_9.C	13	2.400	6.640	0.005
BPP_new_20_120_9.C	13	2.400	6.640	0.005
BPP_new_20_120_9.C	13	2.400	6.640	0.005
BPP_new_20_120_9.C	13	2.400	6.640	0.005
BPP_new_20_120_9.C	13	2.400	6.640	0.005
BPP_new_20_125_1.C	11	5.400	7.640	0.005
BPP_new_20_125_1.C	11	5.400	7.640	0.005
BPP_new_20_125_1.C	11	5.400	7.640	0.005
BPP_new_20_125_1.C	12	4.800	7.680	0.005
BPP_new_20_125_1.C	11	5.200	7.520	0.005
BPP_new_20_125_1.C	11	5.400	7.640	0.005
BPP_new_20_125_1.C	11	5.400	7.640	0.005
BPP_new_20_125_1.C	11	5.200	7.520	0.005
BPP_new_20_125_1.C	12	4.800	7.680	0.005
BPP_new_20_125_1.C	11	5.400	7.640	0.005
BPP_new_20_125_10.C	9	1.000	4.200	0.004
BPP_new_20_125_10.C	9	1.000	4.200	0.004
BPP_new_20_125_10.C	9	1.000	4.200	0.004
BPP_new_20_125_10.C	9	1.000	4.200	0.004
BPP_new_20_125_10.C	9	1.000	4.200	0.004
BPP_new_20_125_10.C	9	1.000	4.200	0.004
BPP_new_20_125_10.C	9	1.000	4.200	0.004
BPP_new_20_125_10.C	9	1.000	4.200	0.004
BPP_new_20_125_10.C	9	1.000	4.200	0.004
BPP_new_20_125_10.C	9	1.000	4.200	0.004
BPP_new_20_125_2.C	8	2.200	4.520	0.003
BPP_new_20_125_2.C	8	2.200	4.520	0.003
BPP_new_20_125_2.C	8	2.200	4.520	0.003
BPP_new_20_125_2.C	8	2.200	4.520	0.003
BPP_new_20_125_2.C	8	2.200	4.520	0.004
BPP_new_20_125_2.C	8	2.200	4.520	0.003
BPP_new_20_125_2.C	8	2.200	4.520	0.003
BPP_new_20_125_2.C	8	2.200	4.520	0.003
BPP_new_20_125_2.C	8	2.200	4.520	0.003
BPP_new_20_125_2.C	8	2.200	4.520	0.003
BPP_new_20_125_3.C	10	1.000	4.600	0.004
BPP_new_20_125_3.C	10	1.000	4.600	0.004
BPP_new_20_125_3.C	10	1.000	4.600	0.004
BPP_new_20_125_3.C	10	1.000	4.600	0.004
BPP_new_20_125_3.C	10	1.000	4.600	0.004
BPP_new_20_125_3.C	10	1.000	4.600	0.004
BPP_new_20_125_3.C	10	1.000	4.600	0.004
BPP_new_20_125_3.C	10	1.000	4.600	0.004
BPP_new_20_125_3.C	10	1.000	4.600	0.004
BPP_new_20_125_3.C	10	1.000	4.600	0.004
BPP_new_20_125_4.C	11	2.000	5.600	0.004
BPP_new_20_125_4.C	11	2.000	5.600	0.004
BPP_new_20_125_4.C	11	2.000	5.600	0.004
BPP_new_20_125_4.C	11	2.000	5.600	0.004
BPP_new_20_125_4.C	11	2.000	5.600	0.004
BPP_new_20_125_4.C	11	2.000	5.600	0.004
BPP_new_20_125_4.C	11	2.000	5.600	0.004
BPP_new_20_125_4.C	11	2.000	5.600	0.004
BPP_new_20_125_4.C	11	2.000	5.600	0.004
BPP_new_20_125_4.C	11	2.000	5.600	0.005
BPP_new_20_125_5.C	13	4.000	7.600	0.005
BPP_new_20_125_5.C	13	4.000	7.600	0.005
BPP_new_20_125_5.C	13	4.000	7.600	0.005
BPP_new_20_125_5.C	13	4.000	7.600	0.005
BPP_new_20_125_5.C	13	4.000	7.600	0.005
BPP_new_20_125_5.C	13	4.000	7.600	0.005
BPP_new_20_125_5.C	13	4.000	7.600	0.005
BPP_new_20_125_5.C	13	4.000	7.600	0.005
BPP_new_20_125_5.C	13	4.000	7.600	0.005
BPP_new_20_125_5.C	13	4.000	7.600	0.005
BPP_new_20_125_6.C	11	4.600	7.160	0.005
BPP_new_20_125_6.C	11	4.800	7.280	0.004
BPP_new_20_125_6.C	11	4.800	7.280	0.005
BPP_new_20_125_6.C	11	4.800	7.280	0.005
BPP_new_20_125_6.C	11	4.800	7.280	0.004
BPP_new_20_125_6.C	11	4.800	7.280	0.004
BPP_new_20_125_6.C	11	4.800	7.280	0.005
BPP_new_20_125_6.C	11	4.800	7.280	0.005
BPP_new_20_125_6.C	11	4.800	7.280	0.004
BPP_new_20_125_6.C	11	4.800	7.280	0.005
BPP_new_20_125_7.C	11	4.000	6.800	0.004
BPP_new_20_125_7.C	11	4.000	6.800	0.004
BPP_new_20_125_7.C	11	4.000	6.800	0.004
BPP_new_20_125_7.C	11	4.000	6.800	0.004
BPP_new_20_125_7.C	11	4.000	6.800	0.004
BPP_new_20_125_7.C	11	4.000	6.800	0.004
BPP_new_20_125_7.C	11	4.000	6.800	0.004
BPP_new_20_125_7.C	11	4.000	6.800	0.004
BPP_new_20_125_7.C	11	4.000	6.800	0.004
BPP_new_20_125_7.C	11	4.000	6.800	0.004
BPP_new_20_125_8.C	10	3.400	6.040	0.004
BPP_new_20_125_8.C	10	3.400	6.040	0.004
BPP_new_20_125_8.C	10	3.400	6.040	0.004
BPP_new_20_125_8.C	10	3.400	6.040	0.004
BPP_new_20_125_8.C	10	3.400	6.040	0.004
BPP_new_20_125_8.C	10	3.400	6.040	0.004
BPP_new_20_125_8.C	10	3.400	6.040	0.004
BPP_new_20_125_8.C	10	3.400	6.040	0.004
BPP_new_20_125_8.C	10	3.400	6.040	0.004
BPP_new_20_125_8.C	10	3.400	6.040	0.004
BPP_new_20_125_9.C	10	1.200	4.720	0.004
BPP_new_20_125_9.C	10	1.200	4.720	0.004
BPP_new_20_125_9.C	10	1.200	4.720	0.004
BPP_new_20_125_9.C	10	1.200	4.720	0.004
BPP_new_20_125_9.C	10	1.200	4.720	0.004
BPP_new_20_125_9.C	10	1.200	4.720	0.004
BPP_new_20_125_9.C	10	1.200	4.720	0.004
BPP_new_20_125_9.C	10	1.200	4.720	0.004
BPP_new_20_125_9.C	10	1.200	4.720	0.004
BPP_new_20_125_9.C	10	1.200	4.720	0.004
BPP_new_20_150_1.C	9	0.200	3.720	0.004
BPP_new_20_150_1.C	9	0.200	3.720	0.004
BPP_new_20_150_1.C	9	0.200	3.720	0.004
BPP_new_20_150_1.C	9	0.200	3.720	0.004
BPP_new_20_150_1.C	9	0.200	3.720	0.004
BPP_new_20_150_1.C	9	0.200	3.720	0.004
BPP_new_20_150_1.C	9	0.200	3.720	0.004
BPP_new_20_150_1.C	9	0.200	3.720	0.004
BPP_new_20_150_1.C	9	0.200	3.720	0.004
BPP_new_20_150_1.C	9	0.200	3.720	0.004
BPP_new_20_150_10.C	10	1.800	5.080	0.004
BPP_new_20_150_10.C	10	1.800	5.080	0.004
BPP_new_20_150_10.C	10	1.800	5.080	0.004
BPP_new_20_150_10.C	10	1.800	5.080	0.004
BPP_new_20_150_10.C	10	1.800	5.080	0.005
BPP_new_20_150_10.C	10	1.800	5.080	0.004
BPP_new_20_150_10.C	10	1.800	5.080	0.004
BPP_new_20_150_10.C	10	1.800	5.080	0.004
BPP_new_20_150_10.C	10	1.800	5.080	0.004
BPP_new_20_150_10.C	10	1.800	5.080	0.005
BPP_new_20_150_2.C	10	1.400	4.840	0.004
BPP_new_20_150_2.C	10	1.400	4.840	0.004
BPP_new_20_150_2.C	10	1.400	4.840	0.004
BPP_new_20_150_2.C	10	1.400	4.840	0.004
BPP_new_20_150_2.C	10	1.400	4.840	0.004
BPP_new_20_150_2.C	10	1.400	4.840	0.004
BPP_new_20_150_2.C	10	1.400	4.840	0.004
BPP_new_20_150_2.C	10	1.400	4.840	0.004
BPP_new_20_150_2.C	10	1.400	4.840	0.004
BPP_new_20_150_2.C	10	1.400	4.840	0.004
BPP_new_20_150_3.C	9	3.600	5.760	0.004
BPP_new_20_150_3.C	9	3.600	5.760	0.004
BPP_new_20_150_3.C	9	3.600	5.760	0.004
BPP_new_20_150_3.C	9	3.600	5.760	0.005
BPP_new_20_150_3.C	9	3.600	5.760	0.005
BPP_new_20_150_3.C	9	3.600	5.760	0.004
BPP_new_20_150_3.C	9	3.600	5.760	0.004
BPP_new_20_150_3.C	9	3.600	5.760	0.005
BPP_new_20_150_3.C	9	3.600	5.760	0.005
BPP_new_20_150_3.C	9	3.600	5.760	0.004
BPP_new_20_150_4.C	9	2.200	4.920	0.004
BPP_new_20_150_4.C	9	2.200	4.920	0.004
BPP_new_20_150_4.C	9	2.200	4.920	0.004
BPP_new_20_150_4.C	9	2.200	4.920	0.004
BPP_new_20_150_4.C	9	2.200	4.920	0.004
BPP_new_20_150_4.C	8	2.800	4.880	0.004
BPP_new_20_150_4.C	9	2.200	4.920	0.004
BPP_new_20_150_4.C	9	2.200	4.920	0.004
BPP_new_20_150_4.C	9	2.200	4.920	0.004
BPP_new_20_150_4.C	9	2.200	4.920	0.004
BPP_new_20_150_5.C	11	1.000	5.000	0.005
BPP_new_20_150_5.C	11	1.000	5.000	0.005
BPP_new_20_150_5.C	11	1.000	5.000	0.005
BPP_new_20_150_5.C	11	1.000	5.000	0.005
BPP_new_20_150_5.C	11	1.000	5.000	0.005
BPP_new_20_150_5.C	11	1.000	5.000	0.005
BPP_new_20_150_5.C	11	1.000	5.000	0.005
BPP_new_20_150_5.C	11	1.000	5.000	0.005
BPP_new_20_150_5.C	11	1.000	5.000	0.005
BPP_new_20_150_5.C	11	1.000	5.000	0.005
BPP_new_20_150_6.C	11	3.800	6.680	0.004
BPP_new_20_150_6.C	10	4.200	6.520	0.005
BPP_new_20_150_6.C	10	4.200	6.520	0.005
BPP_new_20_150_6.C	10	4.200	6.520	0.005
BPP_new_20_150_6.C	10	4.200	6.520	0.005
BPP_new_20_150_6.C	10	4.200	6.520	0.005
BPP_new_20_150_6.C	10	4.200	6.520	0.005
BPP_new_20_150_6.C	10	4.000	6.400	0.005
BPP_new_20_150_6.C	10	4.200	6.520	0.005
BPP_new_20_150_6.C	10	4.200	6.520	0.005
BPP_new_20_150_7.C	12	2.000	6.000	0.005
BPP_new_20_150_7.C	12	2.000	6.000	0.005
BPP_new_20_150_7.C	12	2.000	6.000	0.005
BPP_new_20_150_7.C	12	2.000	6.000	0.005
BPP_new_20_150_7.C	12	2.000	6.000	0.005
BPP_new_20_150_7.C	12	2.000	6.000	0.005
BPP_new_20_150_7.C	12	2.000	6.000	0.005
BPP_new_20_150_7.C	12	2.000	6.000	0.005
BPP_new_20_150_7.C	12	2.000	6.000	0.005
BPP_new_20_150_7.C	12	2.000	6.000	0.005
BPP_new_20_150_8.C	8	3.200	5.120	0.004
BPP_new_20_150_8.C	8	3.200	5.120	0.004
BPP_new_20_150_8.C	8	3.200	5.120	0.004
BPP_new_20_150_8.C	8	3.200	5.120	0.004
BPP_new_20_150_8.C	8	3.200	5.120	0.004
BPP_new_20_150_8.C	8	3.200	5.120	0.004
BPP_new_20_150_8.C	8	3.200	5.120	0.004
BPP_new_20_150_8.C	8	3.200	5.120	0.004
BPP_new_20_150_8.C	8	3.200	5.120	0.004
BPP_new_20_150_8.C	8	3.200	5.120	0.004
BPP_new_20_150_9.C	14	3.000	7.400	0.005
BPP_new_20_150_9.C	14	3.000	7.400	0.005
BPP_new_20_150_9.C	14	3.000	7.400	0.005
BPP_new_20_150_9.C	14	3.000	7.400	0.005
BPP_new_20_150_9.C	14	3.000	7.400	0.005
BPP_new_20_150_9.C	14	3.000	7.400	0.005
BPP_new_20_150_9.C	14	3.000	7.400	0.005
BPP_new_20_150_9.C	14	3.000	7.400	0.005
BPP_new_20_150_9.C	14	3.000	7.400	0.005
BPP_new_20_150_9.C	14	3.000	7.400	0.005
BPP_new_20_200_1.C	8	2.800	4.880	0.004
BPP_new_20_200_1.C	8	2.800	4.880	0.004
BPP_new_20_200_1.C	8	2.800	4.880	0.004
BPP_new_20_200_1.C	8	2.800	4.880	0.004
BPP_new_20_200_1.C	8	2.800	4.880	0.005
BPP_new_20_200_1.C	8	2.800	4.880	0.004
BPP_new_20_200_1.C	8	2.800	4.880	0.005
BPP_new_20_200_1.C	8	2.800	4.880	0.004
BPP_new_20_200_1.C	8	2.800	4.880	0.004
BPP_new_20_200_1.C	8	2.800	4.880	0.004
BPP_new_20_200_10.C	12	5.000	7.800	0.006
BPP_new_20_200_10.C	12	5.000	7.800	0.006
BPP_new_20_200_10.C	12	5.000	7.800	0.006
BPP_new_20_200_10.C	12	5.000	7.800	0.007
BPP_new_20_200_10.C	12	5.000	7.800	0.006
BPP_new_20_200_10.C	12	5.000	7.800	0.007
BPP_new_20_200_10.C	12	5.000	7.800	0.006
BPP_new_20_200_10.C	12	5.000	7.800	0.006
BPP_new_20_200_10.C	12	5.000	7.800	0.006
BPP_new_20_200_10.C	12	5.000	7.800	0.006
BPP_new_20_200_2.C	12	4.800	7.680	0.006
BPP_new_20_200_2.C	12	4.800	7.680	0.006
BPP_new_20_200_2.C	12	4.800	7.680	0.006
BPP_new_20_200_2.C	12	4.800	7.680	0.006
BPP_new_20_200_2.C	12	4.800	7.680	0.006
BPP_new_20_200_2.C	12	4.800	7.680	0.006
BPP_new_20_200_2.C	12	4.800	7.680	0.006
BPP_new_20_200_2.C	12	4.800	7.680	0.006
BPP_new_20_200_2.C	12	4.800	7.680	0.006
BPP_new_20_200_2.C	12	4.800	7.680	0.006
BPP_new_20_200_3.C	13	2.000	6.400	0.006
BPP_new_20_200_3.C	13	2.000	6.400	0.007
BPP_new_20_200_3.C	13	2.000	6.400	0.006
BPP_new_20_200_3.C	13	2.000	6.400	0.006
BPP_new_20_200_3.C	13	2.000	6.400	0.006
BPP_new_20_200_3.C	13	2.000	6.400	0.006
BPP_new_20_200_3.C	13	2.000	6.400	0.006
BPP_new_20_200_3.C	13	2.000	6.400	0.006
BPP_new_20_200_3.C	13	2.000	6.400	0.006
BPP_new_20_200_3.C	13	2.000	6.400	0.006
BPP_new_20_200_4.C	9	4.000	6.000	0.005
BPP_new_20_200_4.C	9	4.000	6.000	0.005
BPP_new_20_200_4.C	9	4.000	6.000	0.005
BPP_new_20_200_4.C	9	4.000	6.000	0.005
BPP_new_20_200_4.C	9	4.000	6.000	0.005
BPP_new_20_200_4.C	9	4.000	6.000	0.005
BPP_new_20_200_4.C	9	4.000	6.000	0.005
BPP_new_20_200_4.C	9	4.000	6.000	0.005
BPP_new_20_200_4.C	9	4.000	6.000	0.005
BPP_new_20_200_4.C	9	4.000	6.000	0.005
BPP_new_20_200_5.C	11	4.200	6.920	0.006
BPP_new_20_200_5.C	11	4.000	6.800	0.006
BPP_new_20_200_5.C	11	4.000	6.800	0.006
BPP_new_20_200_5.C	11	4.000	6.800	0.006
BPP_new_20_200_5.C	11	4.000	6.800	0.006
BPP_new_20_200_5.C	11	4.000	6.800	0.006
BPP_new_20_200_5.C	11	4.200	6.920	0.006
BPP_new_20_200_5.C	11	4.000	6.800	0.006
BPP_new_20_200_5.C	11	4.000	6.800	0.006
BPP_new_20_200_5.C	11	4.000	6.800	0.006
BPP_new_20_200_6.C	8	3.400	5.240	0.005
BPP_new_20_200_6.C	8	3.400	5.240	0.004
BPP_new_20_200_6.C	8	3.400	5.240	0.005
BPP_new_20_200_6.C	8	3.400	5.240	0.004
BPP_new_20_200_6.C	8	3.400	5.240	0.004
BPP_new_20_200_6.C	8	3.400	5.240	0.004
BPP_new_20_200_6.C	8	3.400	5.240	0.005
BPP_new_20_200_6.C	8	3.400	5.240	0.005
BPP_new_20_200_6.C	8	3.400	5.240	0.005
BPP_new_20_200_6.C	8	3.400	5.240	0.005
BPP_new_20_200_7.C	12	3.400	6.840	0.006
BPP_new_20_200_7.C	12	3.400	6.840	0.006
BPP_new_20_200_7.C	12	3.400	6.840	0.006
BPP_new_20_200_7.C	12	3.400	6.840	0.006
BPP_new_20_200_7.C	12	3.400	6.840	0.006
BPP_new_20_200_7.C	12	3.400	6.840	0.006
BPP_new_20_200_7.C	12	3.400	6.840	0.006
BPP_new_20_200_7.C	12	3.400	6.840	0.006
BPP_new_20_200_7.C	12	3.400	6.840	0.005
BPP_new_20_200_7.C	12	3.400	6.840	0.006
BPP_new_20_200_8.C	10	3.000	5.800	0.005
BPP_new_20_200_8.C	10	3.000	5.800	0.005
BPP_new_20_200_8.C	10	3.000	5.800	0.005
BPP_new_20_200_8.C	10	3.000	5.800	0.005
BPP_new_20_200_8.C	10	3.000	5.800	0.005
BPP_new_20_200_8.C	10	3.000	5.800	0.005
BPP_new_20_200_8.C	10	3.000	5.800	0.005
BPP_new_20_200_8.C	10	3.000	5.800	0.005
BPP_new_20_200_8.C	10	3.000	5.800	0.005
BPP_new_20_200_8.C	10	3.000	5.800	0.005
BPP_new_20_200_9.C	9	1.200	4.320	0.005
BPP_new_20_200_9.C	9	1.200	4.320	0.005
BPP_new_20_200_9.C	9	1.200	4.320	0.005
BPP_new_20_200_9.C	9	1.200	4.320	0.005
BPP_new_20_200_9.C	9	1.200	4.320	0.005
BPP_new_20_200_9.C	9	1.200	4.320	0.005
BPP_new_20_200_9.C	9	1.200	4.320	0.005
BPP_new_20_200_9.C	9	1.200	4.320	0.005
BPP_new_20_200_9.C	9	1.200	4.320	0.005
BPP_new_20_200_9.C	9	1.200	4.320	0.005
BPP_new_20_300_1.C	8	2.000	4.400	0.009
BPP_new_20_300_1.C	8	2.000	4.400	0.009
BPP_new_20_300_1.C	8	2.000	4.400	0.009
BPP_new_20_300_1.C	8	2.000	4.400	0.009
BPP_new_20_300_1.C	8	2.000	4.400	0.009
BPP_new_20_300_1.C	8	2.000	4.400	0.009
BPP_new_20_300_1.C	8	2.000	4.400	0.009
BPP_new_20_300_1.C	8	2.000	4.400	0.009
BPP_new_20_300_1.C	8	2.000	4.400	0.009
BPP_new_20_300_1.C	8	2.000	4.400	0.009
BPP_new_20_300_10.C	11	2.800	6.080	0.012
BPP_new_20_300_10.C	11	2.800	6.080	0.011
BPP_new_20_300_10.C	11	2.800	6.080	0.011
BPP_new_20_300_10.C	11	2.800	6.080	0.011
BPP_new_20_300_10.C	11	2.800	6.080	0.012
BPP_new_20_300_10.C	11	2.800	6.080	0.011
BPP_new_20_300_10.C	11	2.800	6.080	0.012
BPP_new_20_300_10.C	11	2.800	6.080	0.011
BPP_new_20_300_10.C	11	2.800	6.080	0.011
BPP_new_20_300_10.C	11	2.800	6.080	0.012
BPP_new_20_300_2.C	10	2.200	5.320	0.011
BPP_new_20_300_2.C	10	2.200	5.320	0.010
BPP_new_20_300_2.C	10	2.200	5.320	0.011
BPP_new_20_300_2.C	10	2.200	5.320	0.010
BPP_new_20_300_2.C	10	2.200	5.320	0.011
BPP_new_20_300_2.C	10	2.200	5.320	0.010
BPP_new_20_300_2.C	10	2.200	5.320	0.011
BPP_new_20_300_2.C	10	2.200	5.320	0.012
BPP_new_20_300_2.C	10	2.200	5.320	0.011
BPP_new_20_300_2.C	10	2.200	5.320	0.011
BPP_new_20_300_3.C	12	3.800	7.080	0.013
BPP_new_20_300_3.C	12	3.800	7.080	0.012
BPP_new_20_300_3.C	12	3.800	7.080	0.012
BPP_new_20_300_3.C	12	3.800	7.080	0.012
BPP_new_20_300_3.C	12	3.800	7.080	0.012
BPP_new_20_300_3.C	12	3.800	7.080	0.012
BPP_new_20_300_3.C	12	3.800	7.080	0.012
BPP_new_20_300_3.C	12	3.800	7.080	0.012
BPP_new_20_300_3.C	12	3.800	7.080	0.012
BPP_new_20_300_3.C	12	3.800	7.080	0.013
BPP_new_20_300_4.C	9	1.400	4.440	0.011
BPP_new_20_300_4.C	9	1.800	4.680	0.010
BPP_new_20_300_4.C	9	1.800	4.680	0.010
BPP_new_20_300_4.C	9	1.400	4.440	0.010
BPP_new_20_300_4.C	9	1.400	4.440	0.011
BPP_new_20_300_4.C	9	1.800	4.680	0.010
BPP_new_20_300_4.C	9	1.400	4.440	0.010
BPP_new_20_300_4.C	9	1.400	4.440	0.011
BPP_new_20_300_4.C	9	1.800	4.680	0.010
BPP_new_20_300_4.C	9	1.800	4.680	0.011
BPP_new_20_300_5.C	9	1.800	4.680	0.010
BPP_new_20_300_5.C	9	1.800	4.680	0.009
BPP_new_20_300_5.C	9	1.800	4.680	0.009
BPP_new_20_300_5.C	9	1.800	4.680	0.009
BPP_new_20_300_5.C	9	1.800	4.680	0.009
BPP_new_20_300_5.C	9	1.800	4.680	0.010
BPP_new_20_300_5.C	9	1.800	4.680	0.009
BPP_new_20_300_5.C	9	1.800	4.680	0.009
BPP_new_20_300_5.C	9	1.800	4.680	0.009
BPP_new_20_300_5.C	9	1.800	4.680	0.009
BPP_new_20_300_6.C	10	3.000	5.800	0.011
BPP_new_20_300_6.C	10	3.000	5.800	0.010
BPP_new_20_300_6.C	10	3.000	5.800	0.011
BPP_new_20_300_6.C	10	3.000	5.800	0.010
BPP_new_20_300_6.C	10	3.000	5.800	0.011
BPP_new_20_300_6.C	10	3.000	5.800	0.011
BPP_new_20_300_6.C	10	3.000	5.800	0.010
BPP_new_20_300_6.C	10	3.000	5.800	0.010
BPP_new_20_300_6.C	10	3.000	5.800	0.010
BPP_new_20_300_6.C	10	3.000	5.800	0.010
BPP_new_20_300_7.C	12	2.000	6.000	0.012
BPP_new_20_300_7.C	12	2.000	6.000	0.011
BPP_new_20_300_7.C	12	2.000	6.000	0.012
BPP_new_20_300_7.C	12	2.000	6.000	0.011
BPP_new_20_300_7.C	12	2.000	6.000	0.011
BPP_new_20_300_7.C	12	2.000	6.000	0.011
BPP_new_20_300_7.C	12	2.000	6.000	0.012
BPP_new_20_300_7.C	12	2.000	6.000	0.012
BPP_new_20_300_7.C	12	2.000	6.000	0.012
BPP_new_20_300_7.C	12	2.000	6.000	0.012
BPP_new_20_300_8.C	9	2.000	4.800	0.011
BPP_new_20_300_8.C	9	2.000	4.800	0.010
BPP_new_20_300_8.C	9	2.000	4.800	0.010
BPP_new_20_300_8.C	9	2.000	4.800	0.010
BPP_new_20_300_8.C	9	2.000	4.800	0.010
BPP_new_20_300_8.C	9	2.000	4.800	0.010
BPP_new_20_300_8.C	9	2.000	4.800	0.011
BPP_new_20_300_8.C	9	2.000	4.800	0.010
BPP_new_20_300_8.C	9	2.000	4.800	0.010
BPP_new_20_300_8.C	9	2.000	4.800	0.010
BPP_new_20_300_9.C	9	2.600	5.160	0.010
BPP_new_20_300_9.C	9	2.800	5.280	0.010
BPP_new_20_300_9.C	9	2.600	5.160	0.010
BPP_new_20_300_9.C	9	2.600	5.160	0.010
BPP_new_20_300_9.C	9	2.600	5.160	0.010
BPP_new_20_300_9.C	9	2.800	5.280	0.010
BPP_new_20_300_9.C	9	2.600	5.160	0.010
BPP_new_20_300_9.C	9	2.800	5.280	0.011
BPP_new_20_300_9.C	9	2.600	5.160	0.010
BPP_new_20_300_9.C	9	2.800	5.280	0.009
BPP_new_20_400_1.C	11	2.600	5.960	0.018
BPP_new_20_400_1.C	11	2.600	5.960	0.018
BPP_new_20_400_1.C	11	2.600	5.960	0.018
BPP_new_20_400_1.C	11	2.600	5.960	0.018
BPP_new_20_400_1.C	11	2.600	5.960	0.018
BPP_new_20_400_1.C	11	2.600	5.960	0.018
BPP_new_20_400_1.C	11	2.600	5.960	0.017
BPP_new_20_400_1.C	11	2.600	5.960	0.018
BPP_new_20_400_1.C	11	2.600	5.960	0.018
BPP_new_20_400_1.C	11	2.600	5.960	0.018
BPP_new_20_400_10.C	11	2.200	5.720	0.019
BPP_new_20_400_10.C	11	2.200	5.720	0.019
BPP_new_20_400_10.C	11	2.200	5.720	0.019
BPP_new_20_400_10.C	11	2.200	5.720	0.018
BPP_new_20_400_10.C	11	2.200	5.720	0.018
BPP_new_20_400_10.C	11	2.200	5.720	0.018
BPP_new_20_400_10.C	11	2.200	5.720	0.019
BPP_new_20_400_10.C	11	2.200	5.720	0.019
BPP_new_20_400_10.C	11	2.200	5.720	0.019
BPP_new_20_400_10.C	11	2.200	5.720	0.019
BPP_new_20_400_2.C	11	2.200	5.720	0.019
BPP_new_20_400_2.C	11	2.200	5.720	0.018
BPP_new_20_400_2.C	11	2.200	5.720	0.019
BPP_new_20_400_2.C	11	2.200	5.720	0.018
BPP_new_20_400_2.C	11	2.200	5.720	0.019
BPP_new_20_400_2.C	11	2.200	5.720	0.018
BPP_new_20_400_2.C	11	2.200	5.720	0.018
BPP_new_20_400_2.C	11	2.200	5.720	0.017
BPP_new_20_400_2.C	11	2.200	5.720	0.018
BPP_new_20_400_2.C	11	2.200	5.720	0.018
BPP_new_20_400_3.C	8	1.600	4.160	0.015
BPP_new_20_400_3.C	8	1.600	4.160	0.015
BPP_new_20_400_3.C	8	1.600	4.160	0.015
BPP_new_20_400_3.C	8	1.600	4.160	0.015
BPP_new_20_400_3.C	8	1.600	4.160	0.015
BPP_new_20_400_3.C	8	1.600	4.160	0.015
BPP_new_20_400_3.C	8	1.600	4.160	0.015
BPP_new_20_400_3.C	8	1.600	4.160	0.015
BPP_new_20_400_3.C	8	1.600	4.160	0.016
BPP_new_20_400_3.C	8	1.600	4.160	0.015
BPP_new_20_400_4.C	9	2.000	4.800	0.017
BPP_new_20_400_4.C	9	2.000	4.800	0.016
BPP_new_20_400_4.C	9	2.000	4.800	0.016
BPP_new_20_400_4.C	9	2.000	4.800	0.017
BPP_new_20_400_4.C	9	2.000	4.800	0.017
BPP_new_20_400_4.C	9	2.000	4.800	0.015
BPP_new_20_400_4.C	9	2.000	4.800	0.017
BPP_new_20_400_4.C	9	2.000	4.800	0.017
BPP_new_20_400_4.C	9	2.000	4.800	0.016
BPP_new_20_400_4.C	9	2.000	4.800	0.017
BPP_new_20_400_5.C	11	3.600	6.560	0.019
BPP_new_20_400_5.C	11	3.600	6.560	0.019
BPP_new_20_400_5.C	11	3.600	6.560	0.019
BPP_new_20_400_5.C	11	3.600	6.560	0.019
BPP_new_20_400_5.C	11	3.600	6.560	0.019
BPP_new_20_400_5.C	11	3.600	6.560	0.019
BPP_new_20_400_5.C	11	3.600	6.560	0.019
BPP_new_20_400_5.C	11	3.600	6.560	0.019
BPP_new_20_400_5.C	11	3.600	6.560	0.019
BPP_new_20_400_5.C	11	3.600	6.560	0.019
BPP_new_20_400_6.C	9	2.800	5.280	0.017
BPP_new_20_400_6.C	9	2.800	5.280	0.016
BPP_new_20_400_6.C	9	2.800	5.280	0.017
BPP_new_20_400_6.C	9	2.800	5.280	0.017
BPP_new_20_400_6.C	9	2.800	5.280	0.016
BPP_new_20_400_6.C	9	3.000	5.400	0.016
BPP_new_20_400_6.C	9	3.000	5.400	0.017
BPP_new_20_400_6.C	10	2.800	5.680	0.017
BPP_new_20_400_6.C	9	2.800	5.280	0.017
BPP_new_20_400_6.C	9	2.800	5.280	0.017
BPP_new_20_400_7.C	9	1.000	4.200	0.015
BPP_new_20_400_7.C	9	1.000	4.200	0.015
BPP_new_20_400_7.C	9	1.000	4.200	0.015
BPP_new_20_400_7.C	9	1.000	4.200	0.015
BPP_new_20_400_7.C	9	1.000	4.200	0.015
BPP_new_20_400_7.C	9	1.000	4.200	0.015
BPP_new_20_400_7.C	9	1.000	4.200	0.015
BPP_new_20_400_7.C	9	1.000	4.200	0.015
BPP_new_20_400_7.C	9	1.000	4.200	0.015
BPP_new_20_400_7.C	9	1.000	4.200	0.015
BPP_new_20_400_8.C	11	3.600	6.560	0.020
BPP_new_20_400_8.C	11	3.600	6.560	0.020
BPP_new_20_400_8.C	11	3.600	6.560	0.020
BPP_new_20_400_8.C	11	3.600	6.560	0.020
BPP_new_20_400_8.C	11	3.600	6.560	0.020
BPP_new_20_400_8.C	11	3.600	6.560	0.019
BPP_new_20_400_8.C	11	3.600	6.560	0.020
BPP_new_20_400_8.C	11	3.600	6.560	0.020
BPP_new_20_400_8.C	11	3.600	6.560	0.020
BPP_new_20_400_8.C	11	3.600	6.560	0.020
BPP_new_20_400_9.C	10	4.600	6.760	0.018
BPP_new_20_400_9.C	10	4.600	6.760	0.018
BPP_new_20_400_9.C	9	5.400	6.840	0.018
BPP_new_20_400_9.C	9	5.400	6.840	0.018
BPP_new_20_400_9.C	9	5.400	6.840	0.019
BPP_new_20_400_9.C	10	4.800	6.880	0.018
BPP_new_20_400_9.C	9	5.400	6.840	0.019
BPP_new_20_400_9.C	9	5.400	6.840	0.019
BPP_new_20_400_9.C	10	4.600	6.760	0.019
BPP_new_20_400_9.C	9	5.400	6.840	0.019
BPP_new_20_500_1.C	8	1.600	4.160	0.017
BPP_new_20_500_1.C	8	1.600	4.160	0.017
BPP_new_20_500_1.C	8	1.600	4.160	0.017
BPP_new_20_500_1.C	8	1.600	4.160	0.017
BPP_new_20_500_1.C	8	1.600	4.160	0.017
BPP_new_20_500_1.C	8	1.600	4.160	0.017
BPP_new_20_500_1.C	8	1.600	4.160	0.017
BPP_new_20_500_1.C	8	1.600	4.160	0.017
BPP_new_20_500_1.C	8	1.600	4.160	0.017
BPP_new_20_500_1.C	8	1.600	4.160	0.017
BPP_new_20_500_10.C	7	1.400	3.640	0.015
BPP_new_20_500_10.C	7	1.400	3.640	0.015
BPP_new_20_500_10.C	7	1.400	3.640	0.015
BPP_new_20_500_10.C	7	1.400	3.640	0.015
BPP_new_20_500_10.C	7	1.400	3.640	0.015
BPP_new_20_500_10.C	7	1.400	3.640	0.015
BPP_new_20_500_10.C	7	1.400	3.640	0.015
BPP_new_20_500_10.C	7	1.400	3.640	0.015
BPP_new_20_500_10.C	7	1.400	3.640	0.015
BPP_new_20_500_10.C	7	1.400	3.640	0.015
BPP_new_20_500_2.C	9	1.800	4.680	0.019
BPP_new_20_500_2.C	9	1.800	4.680	0.019
BPP_new_20_500_2.C	9	1.800	4.680	0.019
BPP_new_20_500_2.C	9	1.800	4.680	0.019
BPP_new_20_500_2.C	9	1.800	4.680	0.019
BPP_new_20_500_2.C	9	1.800	4.680	0.019
BPP_new_20_500_2.C	9	1.800	4.680	0.019
BPP_new_20_500_2.C	9	1.800	4.680	0.019
BPP_new_20_500_2.C	9	1.800	4.680	0.018
BPP_new_20_500_2.C	9	1.800	4.680	0.019
BPP_new_20_500_3.C	10	4.000	6.400	0.022
BPP_new_20_500_3.C	10	4.000	6.400	0.022
BPP_new_20_500_3.C	10	4.000	6.400	0.022
BPP_new_20_500_3.C	10	4.000	6.400	0.022
BPP_new_20_500_3.C	10	4.000	6.400	0.021
BPP_new_20_500_3.C	10	4.000	6.400	0.021
BPP_new_20_500_3.C	10	4.000	6.400	0.022
BPP_new_20_500_3.C	10	4.000	6.400	0.022
BPP_new_20_500_3.C	10	4.000	6.400	0.022
BPP_new_20_500_3.C	10	4.000	6.400	0.022
BPP_new_20_500_4.C	11	2.400	5.840	0.021
BPP_new_20_500_4.C	11	2.400	5.840	0.021
BPP_new_20_500_4.C	11	2.400	5.840	0.021
BPP_new_20_500_4.C	11	2.400	5.840	0.021
BPP_new_20_500_4.C	11	2.400	5.840	0.021
BPP_new_20_500_4.C	11	2.400	5.840	0.022
BPP_new_20_500_4.C	11	2.400	5.840	0.021
BPP_new_20_500_4.C	11	2.400	5.840	0.021
BPP_new_20_500_4.C	11	2.400	5.840	0.021
BPP_new_20_500_4.C	11	2.400	5.840	0.022
BPP_new_20_500_5.C	8	0.000	3.200	0.015
BPP_new_20_500_5.C	8	0.000	3.200	0.015
BPP_new_20_500_5.C	8	0.000	3.200	0.015
BPP_new_20_500_5.C	8	0.000	3.200	0.015
BPP_new_20_500_5.C	8	0.000	3.200	0.015
BPP_new_20_500_5.C	8	0.000	3.200	0.015
BPP_new_20_500_5.C	8	0.000	3.200	0.015
BPP_new_20_500_5.C	8	0.000	3.200	0.015
BPP_new_20_500_5.C	8	0.000	3.200	0.015
BPP_new_20_500_5.C	8	0.000	3.200	0.015
BPP_new_20_500_6.C	10	2.000	5.200	0.022
BPP_new_20_500_6.C	10	2.000	5.200	0.021
BPP_new_20_500_6.C	10	2.000	5.200	0.020
BPP_new_20_500_6.C	10	2.000	5.200	0.020
BPP_new_20_500_6.C	10	2.000	5.200	0.020
BPP_new_20_500_6.C	10	2.000	5.200	0.020
BPP_new_20_500_6.C	10	2.000	5.200	0.020
BPP_new_20_500_6.C	10	2.000	5.200	0.020
BPP_new_20_500_6.C	10	2.000	5.200	0.020
BPP_new_20_500_6.C	10	2.000	5.200	0.020
BPP_new_20_500_7.C	13	2.800	6.880	0.024
BPP_new_20_500_7.C	13	2.800	6.880	0.025
BPP_new_20_500_7.C	13	2.800	6.880	0.024
BPP_new_20_500_7.C	13	2.800	6.880	0.024
BPP_new_20_500_7.C	13	2.800	6.880	0.024
BPP_new_20_500_7.C	13	2.800	6.880	0.024
BPP_new_20_500_7.C	13	2.800	6.880	0.025
BPP_new_20_500_7.C	13	2.800	6.880	0.025
BPP_new_20_500_7.C	13	2.800	6.880	0.025
BPP_new_20_500_7.C	13	2.800	6.880	0.024
BPP_new_20_500_8.C	11	2.400	5.840	0.023
BPP_new_20_500_8.C	11	2.400	5.840	0.023
BPP_new_20_500_8.C	12	2.200	6.120	0.023
BPP_new_20_500_8.C	11	2.600	5.960	0.023
BPP_new_20_500_8.C	12	2.200	6.120	0.023
BPP_new_20_500_8.C	11	2.400	5.840	0.024
BPP_new_20_500_8.C	11	2.400	5.840	0.023
BPP_new_20_500_8.C	11	2.400	5.840	0.023
BPP_new_20_500_8.C	12	2.200	6.120	0.023
BPP_new_20_500_8.C	11	2.400	5.840	0.023
BPP_new_20_500_9.C	11	2.400	5.840	0.022
BPP_new_20_500_9.C	11	2.400	5.840	0.022
BPP_new_20_500_9.C	11	2.400	5.840	0.022
BPP_new_20_500_9.C	11	2.400	5.840	0.022
BPP_new_20_500_9.C	11	2.400	5.840	0.022
BPP_new_20_500_9.C	11	2.400	5.840	0.022
BPP_new_20_500_9.C	11	2.400	5.840	0.021
BPP_new_20_500_9.C	11	2.400	5.840	0.022
BPP_new_20_500_9.C	11	2.400	5.840	0.022
BPP_new_20_500_9.C	11	2.400	5.840	0.022
BPP_new_20_50_1.C	13	2.600	6.760	0.004
BPP_new_20_50_1.C	13	2.600	6.760	0.004
BPP_new_20_50_1.C	13	2.600	6.760	0.004
BPP_new_20_50_1.C	13	2.600	6.760	0.004
BPP_new_20_50_1.C	13	2.600	6.760	0.004
BPP_new_20_50_1.C	13	2.600	6.760	0.004
BPP_new_20_50_1.C	13	2.600	6.760	0.004
BPP_new_20_50_1.C	13	2.600	6.760	0.004
BPP_new_20_50_1.C	13	2.600	6.760	0.004
BPP_new_20_50_1.C	13	2.600	6.760	0.003
BPP_new_20_50_10.C	13	3.000	7.000	0.003
BPP_new_20_50_10.C	13	3.000	7.000	0.003
BPP_new_20_50_10.C	13	3.000	7.000	0.003
BPP_new_20_50_10.C	13	3.000	7.000	0.003
BPP_new_20_50_10.C	13	3.000	7.000	0.003
BPP_new_20_50_10.C	13	3.000	7.000	0.003
BPP_new_20_50_10.C	13	3.000	7.000	0.003
BPP_new_20_50_10.C	13	3.000	7.000	0.003
BPP_new_20_50_10.C	13	3.000	7.000	0.003
BPP_new_20_50_10.C	13	3.000	7.000	0.003
BPP_new_20_50_2.C	10	2.200	5.320	0.003
BPP_new_20_50_2.C	10	2.200	5.320	0.003
BPP_new_20_50_2.C	10	2.200	5.320	0.003
BPP_new_20_50_2.C	10	2.200	5.320	0.003
BPP_new_20_50_2.C	10	2.200	5.320	0.003
BPP_new_20_50_2.C	10	2.200	5.320	0.003
BPP_new_20_50_2.C	10	2.200	5.320	0.003
BPP_new_20_50_2.C	10	2.200	5.320	0.003
BPP_new_20_50_2.C	10	2.200	5.320	0.003
BPP_new_20_50_2.C	10	2.200	5.320	0.003
BPP_new_20_50_3.C	9	3.600	5.760	0.003
BPP_new_20_50_3.C	9	3.600	5.760	0.003
BPP_new_20_50_3.C	9	3.600	5.760	0.003
BPP_new_20_50_3.C	9	3.600	5.760	0.003
BPP_new_20_50_3.C	9	3.600	5.760	0.003
BPP_new_20_50_3.C	9	3.600	5.760	0.003
BPP_new_20_50_3.C	9	3.600	5.760	0.003
BPP_new_20_50_3.C	9	3.600	5.760	0.003
BPP_new_20_50_3.C	9	3.600	5.760	0.003
BPP_new_20_50_3.C	9	3.600	5.760	0.003
BPP_new_20_50_4.C	14	3.400	7.640	0.004
BPP_new_20_50_4.C	14	3.400	7.640	0.004
BPP_new_20_50_4.C	14	3.400	7.640	0.004
BPP_new_20_50_4.C	14	3.400	7.640	0.004
BPP_new_20_50_4.C	14	3.400	7.640	0.004
BPP_new_20_50_4.C	14	3.400	7.640	0.004
BPP_new_20_50_4.C	14	3.400	7.640	0.004
BPP_new_20_50_4.C	14	3.400	7.640	0.004
BPP_new_20_50_4.C	14	3.400	7.640	0.004
BPP_new_20_50_4.C	14	3.400	7.640	0.004
BPP_new_20_50_5.C	9	1.800	4.680	0.003
BPP_new_20_50_5.C	9	1.800	4.680	0.003
BPP_new_20_50_5.C	9	1.800	4.680	0.003
BPP_new_20_50_5.C	9	1.800	4.680	0.003
BPP_new_20_50_5.C	9	1.800	4.680	0.003
BPP_new_20_50_5.C	9	1.800	4.680	0.003
BPP_new_20_50_5.C	9	1.800	4.680	0.003
BPP_new_20_50_5.C	9	1.800	4.680	0.003
BPP_new_20_50_5.C	9	1.800	4.680	0.003
BPP_new_20_50_5.C	9	1.800	4.680	0.003
BPP_new_20_50_6.C	9	3.000	5.400	0.003
BPP_new_20_50_6.C	9	3.000	5.400	0.003
BPP_new_20_50_6.C	9	3.000	5.400	0.003
BPP_new_20_50_6.C	9	3.000	5.400	0.003
BPP_new_20_50_6.C	9	3.000	5.400	0.003
BPP_new_20_50_6.C	9	3.000	5.400	0.003
BPP_new_20_50_6.C	9	3.000	5.400	0.003
BPP_new_20_50_6.C	9	3.000	5.400	0.003
BPP_new_20_50_6.C	9	3.000	5.400	0.003
BPP_new_20_50_6.C	9	3.000	5.400	0.003
BPP_new_20_50_7.C	11	2.800	6.080	0.003
BPP_new_20_50_7.C	11	2.800	6.080	0.003
BPP_new_20_50_7.C	11	2.800	6.080	0.003
BPP_new_20_50_7.C	11	2.800	6.080	0.003
BPP_new_20_50_7.C	11	2.800	6.080	0.003
BPP_new_20_50_7.C	11	2.800	6.080	0.003
BPP_new_20_50_7.C	11	2.800	6.080	0.003
BPP_new_20_50_7.C	11	2.800	6.080	0.003
BPP_new_20_50_7.C	11	2.800	6.080	0.003
BPP_new_20_50_7.C	11	2.800	6.080	0.003
BPP_new_20_50_8.C	12	1.000	5.400	0.003
BPP_new_20_50_8.C	12	1.000	5.400	0.004
BPP_new_20_50_8.C	12	1.000	5.400	0.003
BPP_new_20_50_8.C	12	1.000	5.400	0.004
BPP_new_20_50_8.C	12	1.000	5.400	0.003
BPP_new_20_50_8.C	12	1.000	5.400	0.003
BPP_new_20_50_8.C	12	1.000	5.400	0.004
BPP_new_20_50_8.C	12	1.000	5.400	0.003
BPP_new_20_50_8.C	12	1.000	5.400	0.003
BPP_new_20_50_8.C	12	1.000	5.400	0.004
BPP_new_20_50_9.C	9	3.200	5.520	0.003
BPP_new_20_50_9.C	9	3.000	5.400	0.003
BPP_new_20_50_9.C	9	3.200	5.520	0.003
BPP_new_20_50_9.C	9	3.000	5.400	0.003
BPP_new_20_50_9.C	9	3.000	5.400	0.003
BPP_new_20_50_9.C	9	3.000	5.400	0.003
BPP_new_20_50_9.C	9	3.200	5.520	0.003
BPP_new_20_50_9.C	9	3.000	5.400	0.003
BPP_new_20_50_9.C	9	3.200	5.520	0.003
BPP_new_20_50_9.C	9	3.200	5.520	0.003
BPP_new_20_750_1.C	10	1.400	4.840	0.029
BPP_new_20_750_1.C	10	1.400	4.840	0.028
BPP_new_20_750_1.C	10	1.400	4.840	0.029
BPP_new_20_750_1.C	10	1.400	4.840	0.028
BPP_new_20_750_1.C	10	1.400	4.840	0.029
BPP_new_20_750_1.C	10	1.400	4.840	0.029
BPP_new_20_750_1.C	10	1.400	4.840	0.029
BPP_new_20_750_1.C	10	1.400	4.840	0.029
BPP_new_20_750_1.C	10	1.400	4.840	0.029
BPP_new_20_750_1.C	10	1.400	4.840	0.029
BPP_new_20_750_10.C	11	5.000	7.400	0.032
BPP_new_20_750_10.C	11	5.000	7.400	0.033
BPP_new_20_750_10.C	11	5.000	7.400	0.033
BPP_new_20_750_10.C	11	5.000	7.400	0.032
BPP_new_20_750_10.C	11	5.000	7.400	0.032
BPP_new_20_750_10.C	11	5.000	7.400	0.033
BPP_new_20_750_10.C	11	5.000	7.400	0.033
BPP_new_20_750_10.C	11	5.000	7.400	0.035
BPP_new_20_750_10.C	11	5.000	7.400	0.033
BPP_new_20_750_10.C	11	5.000	7.400	0.033
BPP_new_20_750_2.C	9	1.800	4.680	0.026
BPP_new_20_750_2.C	9	1.800	4.680	0.026
BPP_new_20_750_2.C	9	1.800	4.680	0.026
BPP_new_20_750_2.C	9	1.800	4.680	0.026
BPP_new_20_750_2.C	9	1.800	4.680	0.026
BPP_new_20_750_2.C	9	1.800	4.680	0.026
BPP_new_20_750_2.C	9	1.800	4.680	0.026
BPP_new_20_750_2.C	9	1.800	4.680	0.025
BPP_new_20_750_2.C	9	1.800	4.680	0.026
BPP_new_20_750_2.C	9	1.800	4.680	0.026
BPP_new_20_750_3.C	10	1.000	4.600	0.028
BPP_new_20_750_3.C	10	1.000	4.600	0.028
BPP_new_20_750_3.C	10	1.000	4.600	0.028
BPP_new_20_750_3.C	10	1.000	4.600	0.027
BPP_new_20_750_3.C	10	1.000	4.600	0.028
BPP_new_20_750_3.C	10	1.000	4.600	0.029
BPP_new_20_750_3.C	10	1.000	4.600	0.028
BPP_new_20_750_3.C	10	1.000	4.600	0.028
BPP_new_20_750_3.C	10	1.000	4.600	0.028
BPP_new_20_750_3.C	10	1.000	4.600	0.027
BPP_new_20_750_4.C	9	1.200	4.320	0.025
BPP_new_20_750_4.C	9	1.200	4.320	0.026
BPP_new_20_750_4.C	9	1.200	4.320	0.026
BPP_new_20_750_4.C	9	1.200	4.320	0.026
BPP_new_20_750_4.C	9	1.200	4.320	0.025
BPP_new_20_750_4.C	9	1.200	4.320	0.026
BPP_new_20_750_4.C	9	1.200	4.320	0.026
BPP_new_20_750_4.C	9	1.200	4.320	0.026
BPP_new_20_750_4.C	9	1.200	4.320	0.026
BPP_new_20_750_4.C	9	1.200	4.320	0.025
BPP_new_20_750_5.C	12	4.600	7.560	0.036
BPP_new_20_750_5.C	12	4.600	7.560	0.036
BPP_new_20_750_5.C	12	4.600	7.560	0.036
BPP_new_20_750_5.C	12	4.600	7.560	0.036
BPP_new_20_750_5.C	12	4.600	7.560	0.036
BPP_new_20_750_5.C	12	4.600	7.560	0.036
BPP_new_20_750_5.C	12	4.600	7.560	0.036
BPP_new_20_750_5.C	12	4.600	7.560	0.037
BPP_new_20_750_5.C	12	4.600	7.560	0.037
BPP_new_20_750_5.C	12	4.600	7.560	0.036
BPP_new_20_750_6.C	10	-0.000	4.000	0.028
BPP_new_20_750_6.C	10	-0.000	4.000	0.028
BPP_new_20_750_6.C	10	-0.000	4.000	0.029
BPP_new_20_750_6.C	10	-0.000	4.000	0.029
BPP_new_20_750_6.C	10	-0.000	4.000	0.029
BPP_new_20_750_6.C	10	-0.000	4.000	0.029
BPP_new_20_750_6.C	10	-0.000	4.000	0.029
BPP_new_20_750_6.C	10	-0.000	4.000	0.028
BPP_new_20_750_6.C	10	-0.000	4.000	0.028
BPP_new_20_750_6.C	10	-0.000	4.000	0.029
BPP_new_20_750_7.C	11	1.800	5.480	0.032
BPP_new_20_750_7.C	11	1.800	5.480	0.033
BPP_new_20_750_7.C	11	1.800	5.480	0.033
BPP_new_20_750_7.C	11	1.800	5.480	0.033
BPP_new_20_750_7.C	11	1.800	5.480	0.032
BPP_new_20_750_7.C	11	1.800	5.480	0.032
BPP_new_20_750_7.C	11	1.800	5.480	0.033
BPP_new_20_750_7.C	11	1.800	5.480	0.033
BPP_new_20_750_7.C	11	1.800	5.480	0.033
BPP_new_20_750_7.C	11	1.800	5.480	0.032
BPP_new_20_750_8.C	9	1.200	4.320	0.026
BPP_new_20_750_8.C	9	1.200	4.320	0.026
BPP_new_20_750_8.C	9	1.200	4.320	0.026
BPP_new_20_750_8.C	9	1.200	4.320	0.025
BPP_new_20_750_8.C	9	1.200	4.320	0.025
BPP_new_20_750_8.C	9	1.200	4.320	0.025
BPP_new_20_750_8.C	9	1.200	4.320	0.026
BPP_new_20_750_8.C	9	1.200	4.320	0.025
BPP_new_20_750_8.C	9	1.200	4.320	0.026
BPP_new_20_750_8.C	9	1.200	4.320	0.026
BPP_new_20_750_9.C	10	3.600	6.160	0.032
BPP_new_20_750_9.C	10	3.600	6.160	0.033
BPP_new_20_750_9.C	10	3.600	6.160	0.033
BPP_new_20_750_9.C	10	3.600	6.160	0.032
BPP_new_20_750_9.C	10	3.600	6.160	0.032
BPP_new_20_750_9.C	10	3.600	6.160	0.033
BPP_new_20_750_9.C	10	3.600	6.160	0.033
BPP_new_20_750_9.C	10	3.600	6.160	0.032
BPP_new_20_750_9.C	10	3.600	6.160	0.033
BPP_new_20_750_9.C	10	3.600	6.160	0.033
BPP_new_20_75_1.C	11	1.200	5.120	0.004
BPP_new_20_75_1.C	11	1.200	5.120	0.003
BPP_new_20_75_1.C	11	1.200	5.120	0.004
BPP_new_20_75_1.C	11	1.200	5.120	0.004
BPP_new_20_75_1.C	11	1.200	5.120	0.004
BPP_new_20_75_1.C	11	1.200	5.120	0.003
BPP_new_20_75_1.C	11	1.200	5.120	0.003
BPP_new_20_75_1.C	11	1.200	5.120	0.004
BPP_new_20_75_1.C	11	1.200	5.120	0.003
BPP_new_20_75_1.C	11	1.200	5.120	0.004
BPP_new_20_75_10.C	9	4.600	6.360	0.003
BPP_new_20_75_10.C	9	4.600	6.360	0.003
BPP_new_20_75_10.C	9	4.600	6.360	0.003
BPP_new_20_75_10.C	9	4.600	6.360	0.003
BPP_new_20_75_10.C	9	4.600	6.360	0.003
BPP_new_20_75_10.C	9	4.600	6.360	0.003
BPP_new_20_75_10.C	9	4.600	6.360	0.003
BPP_new_20_75_10.C	9	4.600	6.360	0.003
BPP_new_20_75_10.C	9	4.600	6.360	0.003
BPP_new_20_75_10.C	9	4.600	6.360	0.003
BPP_new_20_75_2.C	12	3.000	6.600	0.004
BPP_new_20_75_2.C	12	3.000	6.600	0.004
BPP_new_20_75_2.C	12	3.000	6.600	0.004
BPP_new_20_75_2.C	12	3.000	6.600	0.003
BPP_new_20_75_2.C	12	3.000	6.600	0.003
BPP_new_20_75_2.C	12	3.000	6.600	0.003
BPP_new_20_75_2.C	12	3.000	6.600	0.004
BPP_new_20_75_2.C	12	3.000	6.600	0.004
BPP_new_20_75_2.C	12	3.000	6.600	0.003
BPP_new_20_75_2.C	12	3.000	6.600	0.003
BPP_new_20_75_3.C	10	2.200	5.320	0.003
BPP_new_20_75_3.C	10	2.200	5.320	0.003
BPP_new_20_75_3.C	10	2.200	5.320	0.003
BPP_new_20_75_3.C	10	2.200	5.320	0.003
BPP_new_20_75_3.C	10	2.200	5.320	0.003
BPP_new_20_75_3.C	10	2.200	5.320	0.003
BPP_new_20_75_3.C	10	2.200	5.320	0.003
BPP_new_20_75_3.C	10	2.200	5.320	0.003
BPP_new_20_75_3.C	10	2.200	5.320	0.003
BPP_new_20_75_3.C	10	2.200	5.320	0.003
BPP_new_20_75_4.C	10	4.200	6.520	0.003
BPP_new_20_75_4.C	10	4.200	6.520	0.004
BPP_new_20_75_4.C	10	4.200	6.520	0.004
BPP_new_20_75_4.C	10	4.200	6.520	0.004
BPP_new_20_75_4.C	10	4.200	6.520	0.004
BPP_new_20_75_4.C	10	4.200	6.520	0.004
BPP_new_20_75_4.C	10	4.200	6.520	0.004
BPP_new_20_75_4.C	10	4.200	6.520	0.004
BPP_new_20_75_4.C	10	4.200	6.520	0.004
BPP_new_20_75_4.C	10	4.200	6.520	0.004
BPP_new_20_75_5.C	10	5.200	7.120	0.003
BPP_new_20_75_5.C	10	5.200	7.120	0.003
BPP_new_20_75_5.C	10	5.200	7.120	0.003
BPP_new_20_75_5.C	10	5.200	7.120	0.003
BPP_new_20_75_5.C	11	5.000	7.400	0.003
BPP_new_20_75_5.C	10	5.200	7.120	0.003
BPP_new_20_75_5.C	11	5.000	7.400	0.003
BPP_new_20_75_5.C	11	5.000	7.400	0.003
BPP_new_20_75_5.C	11	5.000	7.400	0.004
BPP_new_20_75_5.C	11	5.000	7.400	0.004
BPP_new_20_75_6.C	6	2.600	3.960	0.002
BPP_new_20_75_6.C	6	2.600	3.960	0.003
BPP_new_20_75_6.C	6	2.600	3.960	0.002
BPP_new_20_75_6.C	6	2.600	3.960	0.003
BPP_new_20_75_6.C	6	2.600	3.960	0.003
BPP_new_20_75_6.C	6	2.600	3.960	0.002
BPP_new_20_75_6.C	6	2.600	3.960	0.002
BPP_new_20_75_6.C	6	2.600	3.960	0.003
BPP_new_20_75_6.C	6	2.600	3.960	0.003
BPP_new_20_75_6.C	6	2.600	3.960	0.003
BPP_new_20_75_7.C	9	1.800	4.680	0.003
BPP_new_20_75_7.C	9	1.800	4.680	0.003
BPP_new_20_75_7.C	9	1.800	4.680	0.003
BPP_new_20_75_7.C	9	1.800	4.680	0.003
BPP_new_20_75_7.C	9	1.800	4.680	0.003
BPP_new_20_75_7.C	9	1.800	4.680	0.003
BPP_new_20_75_7.C	9	1.800	4.680	0.003
BPP_new_20_75_7.C	9	1.800	4.680	0.003
BPP_new_20_75_7.C	9	1.800	4.680	0.003
BPP_new_20_75_7.C	9	1.800	4.680	0.003
BPP_new_20_75_8.C	8	2.600	4.760	0.003
BPP_new_20_75_8.C	8	2.600	4.760	0.003
BPP_new_20_75_8.C	8	2.600	4.760	0.003
BPP_new_20_75_8.C	8	2.600	4.760	0.003
BPP_new_20_75_8.C	8	2.600	4.760	0.003
BPP_new_20_75_8.C	8	2.600	4.760	0.003
BPP_new_20_75_8.C	8	2.600	4.760	0.003
BPP_new_20_75_8.C	8	2.600	4.760	0.003
BPP_new_20_75_8.C	8	2.600	4.760	0.003
BPP_new_20_75_8.C	8	2.600	4.760	0.003
BPP_new_20_75_9.C	10	4.400	6.640	0.004
BPP_new_20_75_9.C	10	4.400	6.640	0.003
BPP_new_20_75_9.C	10	4.400	6.640	0.003
BPP_new_20_75_9.C	10	4.400	6.640	0.003
BPP_new_20_75_9.C	10	4.400	6.640	0.004
BPP_new_20_75_9.C	10	4.400	6.640	0.003
BPP_new_20_75_9.C	10	4.400	6.640	0.003
BPP_new_20_75_9.C	10	4.400	6.640	0.003
BPP_new_20_75_9.C	10	4.400	6.640	0.003
BPP_new_20_75_9.C	10	4.400	6.640	0.003
HBPP_02015007_09180.C	10	1.000	4.600	0.039
HBPP_02015007_09180.C	10	1.000	4.600	0.037
HBPP_02015007_09180.C	10	1.000	4.600	0.038
HBPP_02015007_09180.C	10	1.000	4.600	0.038
HBPP_02015007_09180.C	10	1.000	4.600	0.037
HBPP_02015007_09180.C	10	1.000	4.600	0.038
HBPP_02015007_09180.C	10	1.000	4.600	0.038
HBPP_02015007_09180.C	10	1.000	4.600	0.040
HBPP_02015007_09180.C	10	1.000	4.600	0.038
HBPP_02015007_09180.C	10	1.000	4.600	0.038
HBPP_04000107_06970.C	16	2.600	7.960	0.113
HBPP_04000107_06970.C	16	2.600	7.960	0.110
HBPP_04000107_06970.C	16	2.800	8.080	0.113
HBPP_04000107_06970.C	16	3.000	8.200	0.112
HBPP_04000107_06970.C	16	2.600	7.960	0.112
HBPP_04000107_06970.C	16	2.600	7.960	0.111
HBPP_04000107_06970.C	16	2.600	7.960	0.111
HBPP_04000107_06970.C	16	3.200	8.320	0.112
HBPP_04000107_06970.C	16	2.600	7.960	0.110
HBPP_04000107_06970.C	16	2.600	7.960	0.111
HBPP_04005007_06120.C	16	2.200	7.720	0.117
HBPP_04005007_06120.C	16	2.200	7.720	0.123
HBPP_04005007_06120.C	16	2.200	7.720	0.122
HBPP_04005007_06120.C	16	2.200	7.720	0.120
HBPP_04005007_06120.C	16	2.200	7.720	0.129
HBPP_04005007_06120.C	16	2.200	7.720	0.126
HBPP_04005007_06120.C	16	2.200	7.720	0.139
HBPP_04005007_06120.C	16	2.200	7.720	0.126
HBPP_04005007_06120.C	16	2.200	7.720	0.133
HBPP_04005007_06120.C	16	2.200	7.720	0.142
HBPP_04005009_03610.C	20	2.600	9.560	0.152
HBPP_04005009_03610.C	20	2.600	9.560	0.158
HBPP_04005009_03610.C	20	2.600	9.560	0.159
HBPP_04005009_03610.C	20	2.600	9.560	0.159
HBPP_04005009_03610.C	20	2.600	9.560	0.156
HBPP_04005009_03610.C	20	2.600	9.560	0.150
HBPP_04005009_03610.C	20	2.600	9.560	0.162
HBPP_04005009_03610.C	20	2.600	9.560	0.169
HBPP_04005009_03610.C	20	2.600	9.560	0.155
HBPP_04005009_03610.C	20	2.600	9.560	0.161
HBPP_06000106_07820.C	21	2.800	10.080	0.264
HBPP_06000106_07820.C	21	2.800	10.080	0.257
HBPP_06000106_07820.C	21	2.800	10.080	0.258
HBPP_06000106_07820.C	21	2.800	10.080	0.258
HBPP_06000106_07820.C	21	2.800	10.080	0.261
HBPP_06000106_07820.C	21	2.800	10.080	0.252
HBPP_06000106_07820.C	21	2.800	10.080	0.262
HBPP_06000106_07820.C	21	2.800	10.080	0.257
HBPP_06000106_07820.C	21	2.800	10.080	0.267
HBPP_06000106_07820.C	21	2.800	10.080	0.280
HBPP_06000110_01950.C	27	3.000	12.600	0.357
HBPP_06000110_01950.C	27	3.000	12.600	0.332
HBPP_06000110_01950.C	27	3.000	12.600	0.338
HBPP_06000110_01950.C	27	3.000	12.600	0.359
HBPP_06000110_01950.C	27	3.000	12.600	0.354
HBPP_06000110_01950.C	27	3.000	12.600	0.342
HBPP_06000110_01950.C	27	3.000	12.600	0.325
HBPP_06000110_01950.C	27	3.000	12.600	0.358
HBPP_06000110_01950.C	27	3.000	12.600	0.324
HBPP_06000110_01950.C	27	3.000	12.600	0.317
HBPP_06005007_00330.C	23	3.800	11.480	0.286
HBPP_06005007_00330.C	23	3.800	11.480	0.296
HBPP_06005007_00330.C	23	4.000	11.600	0.281
HBPP_06005007_00330.C	23	4.000	11.600	0.299
HBPP_06005007_00330.C	23	4.000	11.600	0.293
HBPP_06005007_00330.C	23	4.000	11.600	0.328
HBPP_06005007_00330.C	23	3.800	11.480	0.268
HBPP_06005007_00330.C	23	4.000	11.600	0.326
HBPP_06005007_00330.C	23	4.000	11.600	0.289
HBPP_06005007_00330.C	23	4.000	11.600	0.280
HBPP_06005007_03820.C	22	1.400	9.640	0.276
HBPP_06005007_03820.C	22	1.400	9.640	0.269
HBPP_06005007_03820.C	22	1.400	9.640	0.281
HBPP_06005007_03820.C	22	1.400	9.640	0.284
HBPP_06005007_03820.C	22	1.400	9.640	0.295
HBPP_06005007_03820.C	22	1.400	9.640	0.270
HBPP_06005007_03820.C	22	1.400	9.640	0.279
HBPP_06005007_03820.C	22	1.400	9.640	0.248
HBPP_06005007_03820.C	22	1.400	9.640	0.280
HBPP_06005007_03820.C	22	1.400	9.640	0.273
HBPP_06005008_07550.C	24	3.200	11.520	0.304
HBPP_06005008_07550.C	24	3.200	11.520	0.313
HBPP_06005008_07550.C	24	3.400	11.640	0.290
HBPP_06005008_07550.C	24	3.200	11.520	0.306
HBPP_06005008_07550.C	24	3.400	11.640	0.285
HBPP_06005008_07550.C	24	3.200	11.520	0.291
HBPP_06005008_07550.C	24	3.200	11.520	0.294
HBPP_06005008_07550.C	24	3.400	11.640	0.292
HBPP_06005008_07550.C	24	3.200	11.520	0.302
HBPP_06005008_07550.C	24	3.400	11.640	0.284
HBPP_06015006_00670.C	25	2.000	11.200	0.268
HBPP_06015006_00670.C	25	1.600	10.960	0.285
HBPP_06015006_00670.C	25	1.600	10.960	0.267
HBPP_06015006_00670.C	25	1.600	10.960	0.279
HBPP_06015006_00670.C	25	1.600	10.960	0.272
HBPP_06015006_00670.C	25	2.000	11.200	0.271
HBPP_06015006_00670.C	26	2.000	11.600	0.283
HBPP_06015006_00670.C	25	1.800	11.080	0.301
HBPP_06015006_00670.C	25	2.000	11.200	0.280
HBPP_06015006_00670.C	25	1.600	10.960	0.295
HBPP_06015009_04030.C	31	5.200	15.520	0.395
HBPP_06015009_04030.C	31	5.200	15.520	0.398
HBPP_06015009_04030.C	31	5.200	15.520	0.394
HBPP_06015009_04030.C	32	4.600	15.560	0.385
HBPP_06015009_04030.C	32	4.600	15.560	0.424
HBPP_06015009_04030.C	31	5.200	15.520	0.395
HBPP_06015009_04030.C	32	4.600	15.560	0.409
HBPP_06015009_04030.C	31	5.200	15.520	0.405
HBPP_06015009_04030.C	32	4.600	15.560	0.398
HBPP_06015009_04030.C	32	4.400	15.440	0.385
HBPP_06015010_07710.C	34	2.800	15.280	0.420
HBPP_06015010_07710.C	34	2.200	14.920	0.445
HBPP_06015010_07710.C	34	2.800	15.280	0.417
HBPP_06015010_07710.C	34	2.600	15.160	0.454
HBPP_06015010_07710.C	34	2.600	15.160	0.429
HBPP_06015010_07710.C	34	2.600	15.160	0.387
HBPP_06015010_07710.C	34	2.600	15.160	0.409
HBPP_06015010_07710.C	34	2.600	15.160	0.413
HBPP_06015010_07710.C	34	2.600	15.160	0.396
HBPP_06015010_07710.C	34	2.400	15.040	0.400
HBPP_06025005_06390.C	24	5.400	12.840	0.315
HBPP_06025005_06390.C	24	5.600	12.960	0.319
HBPP_06025005_06390.C	24	5.000	12.600	0.320
HBPP_06025005_06390.C	24	5.000	12.600	0.299
HBPP_06025005_06390.C	24	5.000	12.600	0.327
HBPP_06025005_06390.C	24	5.600	12.960	0.323
HBPP_06025005_06390.C	24	5.600	12.960	0.333
HBPP_06025005_06390.C	25	5.000	13.000	0.320
HBPP_06025005_06390.C	24	5.200	12.720	0.315
HBPP_06025005_06390.C	24	5.000	12.600	0.295
HBPP_08000107_06240.C	28	5.600	14.560	0.542
HBPP_08000107_06240.C	28	6.000	14.800	0.520
HBPP_08000107_06240.C	28	5.800	14.680	0.534
HBPP_08000107_06240.C	28	5.800	14.680	0.574
HBPP_08000107_06240.C	28	5.600	14.560	0.577
HBPP_08000107_06240.C	28	6.000	14.800	0.532
HBPP_08000107_06240.C	28	5.600	14.560	0.557
HBPP_08000107_06240.C	28	5.800	14.680	0.543
HBPP_08000107_06240.C	28	5.800	14.680	0.550
HBPP_08000107_06240.C	28	5.800	14.680	0.558
HBPP_08005006_08620.C	28	5.200	14.320	0.558
HBPP_08005006_08620.C	28	5.400	14.440	0.566
HBPP_08005006_08620.C	28	5.400	14.440	0.536
HBPP_08005006_08620.C	28	5.400	14.440	0.546
HBPP_08005006_08620.C	28	5.400	14.440	0.544
HBPP_08005006_08620.C	28	5.200	14.320	0.545
HBPP_08005006_08620.C	28	5.200	14.320	0.559
HBPP_08005006_08620.C	28	5.200	14.320	0.562
HBPP_08005006_08620.C	28	5.400	14.440	0.566
HBPP_08005006_08620.C	28	5.400	14.440	0.523
HBPP_08005007_03940.C	29	5.400	14.840	0.591
HBPP_08005007_03940.C	29	5.400	14.840	0.534
HBPP_08005007_03940.C	29	5.400	14.840	0.572
HBPP_08005007_03940.C	29	5.400	14.840	0.553
HBPP_08005007_03940.C	29	5.400	14.840	0.547
HBPP_08005007_03940.C	29	5.400	14.840	0.541
HBPP_08005007_03940.C	29	5.400	14.840	0.542
HBPP_08005007_03940.C	29	5.400	14.840	0.541
HBPP_08005007_03940.C	29	5.400	14.840	0.548
HBPP_08005007_03940.C	29	5.200	14.720	0.552
HBPP_10000107_05080.C	38	4.600	17.960	0.998
HBPP_10000107_05080.C	38	4.600	17.960	0.997
HBPP_10000107_05080.C	38	5.000	18.200	1.013
HBPP_10000107_05080.C	38	4.600	17.960	1.065
HBPP_10000107_05080.C	38	4.600	17.960	0.994
HBPP_10000107_05080.C	38	5.000	18.200	0.992
HBPP_10000107_05080.C	38	5.000	18.200	1.018
HBPP_10000107_05080.C	38	4.400	17.840	1.020
HBPP_10000107_05080.C	38	5.000	18.200	0.999
HBPP_10000107_05080.C	38	5.000	18.200	1.041
HBPP_10000107_07330.C	36	3.600	16.560	1.006
HBPP_10000107_07330.C	36	3.400	16.440	1.019
HBPP_10000107_07330.C	36	3.800	16.680	1.018
HBPP_10000107_07330.C	36	3.600	16.560	0.949
HBPP_10000107_07330.C	36	3.600	16.560	1.008
HBPP_10000107_07330.C	36	3.400	16.440	0.952
HBPP_10000107_07330.C	36	3.600	16.560	0.901
HBPP_10000107_07330.C	36	3.200	16.320	0.756
HBPP_10000107_07330.C	36	3.800	16.680	0.833
HBPP_10000107_07330.C	36	3.400	16.440	0.850
HBPP_10000108_02570.C	39	4.200	18.120	0.662
HBPP_10000108_02570.C	39	4.200	18.120	0.653
HBPP_10000108_02570.C	39	4.200	18.120	0.659
HBPP_10000108_02570.C	39	4.200	18.120	0.653
HBPP_10000108_02570.C	39	4.200	18.120	0.653
HBPP_10000108_02570.C	39	4.200	18.120	0.671
HBPP_10000108_02570.C	39	4.200	18.120	0.671
HBPP_10000108_02570.C	39	4.200	18.120	0.674
HBPP_10000108_02570.C	39	4.200	18.120	0.661
HBPP_10000108_02570.C	39	4.200	18.120	0.689
HBPP_10015007_04640.C	46	3.600	20.560	0.802
HBPP_10015007_04640.C	46	3.800	20.680	0.827
HBPP_10015007_04640.C	46	3.800	20.680	0.799
HBPP_10015007_04640.C	46	3.800	20.680	0.807
HBPP_10015007_04640.C	46	3.600	20.560	0.792
HBPP_10015007_04640.C	46	3.600	20.560	0.807
HBPP_10015007_04640.C	46	3.800	20.680	0.817
HBPP_10015007_04640.C	46	3.800	20.680	0.820
HBPP_10015007_04640.C	46	3.600	20.560	0.797
HBPP_10015007_04640.C	46	3.800	20.680	0.822
HBPP_12000107_08940.C	46	5.600	21.760	0.967
HBPP_12000107_08940.C	46	5.800	21.880	0.939
HBPP_12000107_08940.C	46	5.600	21.760	0.945
HBPP_12000107_08940.C	47	5.600	22.160	0.926
HBPP_12000107_08940.C	46	5.600	21.760	0.966
HBPP_12000107_08940.C	46	5.600	21.760	0.962
HBPP_12000107_08940.C	46	5.600	21.760	0.954
HBPP_12000107_08940.C	46	5.800	21.880	0.939
HBPP_12000107_08940.C	46	5.800	21.880	0.938
HBPP_12000107_08940.C	46	5.400	21.640	0.939
HBPP_12000108_00350.C	45	1.600	18.960	0.954
HBPP_12000108_00350.C	45	1.800	19.080	0.963
HBPP_12000108_00350.C	45	1.600	18.960	0.935
HBPP_12000108_00350.C	45	1.600	18.960	0.931
HBPP_12000108_00350.C	45	1.800	19.080	0.922
HBPP_12000108_00350.C	45	1.600	18.960	0.926
HBPP_12000108_00350.C	45	1.800	19.080	0.944
HBPP_12000108_00350.C	45	1.600	18.960	0.943
HBPP_12000108_00350.C	45	2.000	19.200	0.983
HBPP_12000108_00350.C	45	1.400	18.840	0.919
HBPP_12000109_09170.C	59	3.000	25.400	1.146
HBPP_12000109_09170.C	59	3.000	25.400	1.146
HBPP_12000109_09170.C	58	2.200	24.520	1.178
HBPP_12000109_09170.C	59	3.000	25.400	1.161
HBPP_12000109_09170.C	59	3.000	25.400	1.200
HBPP_12000109_09170.C	59	3.000	25.400	1.166
HBPP_12000109_09170.C	59	3.000	25.400	1.206
HBPP_12000109_09170.C	58	2.200	24.520	1.175
HBPP_12000109_09170.C	59	3.000	25.400	1.164
HBPP_12000109_09170.C	58	2.400	24.640	1.170
HBPP_12000110_06550.C	62	3.800	27.080	1.229
HBPP_12000110_06550.C	62	3.800	27.080	1.234
HBPP_12000110_06550.C	62	3.000	26.600	1.258
HBPP_12000110_06550.C	62	3.800	27.080	1.250
HBPP_12000110_06550.C	62	3.800	27.080	1.231
HBPP_12000110_06550.C	62	3.800	27.080	1.256
HBPP_12000110_06550.C	62	4.000	27.200	1.242
HBPP_12000110_06550.C	62	3.800	27.080	1.236
HBPP_12000110_06550.C	62	3.800	27.080	1.242
HBPP_12000110_06550.C	62	3.800	27.080	1.330
HBPP_12005007_01380.C	53	3.000	23.000	1.102
HBPP_12005007_01380.C	53	3.000	23.000	1.122
HBPP_12005007_01380.C	53	3.000	23.000	1.108
HBPP_12005007_01380.C	53	3.000	23.000	1.107
HBPP_12005007_01380.C	53	3.000	23.000	1.109
HBPP_12005007_01380.C	52	2.400	22.240	1.148
HBPP_12005007_01380.C	53	3.000	23.000	1.110
HBPP_12005007_01380.C	53	3.000	23.000	1.145
HBPP_12005007_01380.C	53	3.000	23.000	1.108
HBPP_12005007_01380.C	53	3.000	23.000	1.165
HBPP_12005007_01800.C	45	4.800	20.880	1.626
HBPP_12005007_01800.C	45	4.600	20.760	1.667
HBPP_12005007_01800.C	45	4.400	20.640	1.586
HBPP_12005007_01800.C	45	4.600	20.760	1.704
HBPP_12005007_01800.C	45	4.800	20.880	1.610
HBPP_12005007_01800.C	45	4.800	20.880	1.653
HBPP_12005007_01800.C	45	4.600	20.760	1.635
HBPP_12005007_01800.C	45	4.600	20.760	1.642
HBPP_12005007_01800.C	45	4.400	20.640	1.644
HBPP_12005007_01800.C	45	4.800	20.880	1.618
HBPP_12005007_03240.C	44	4.000	20.000	0.923
HBPP_12005007_03240.C	44	4.000	20.000	0.914
HBPP_12005007_03240.C	44	4.000	20.000	0.913
HBPP_12005007_03240.C	44	4.000	20.000	0.970
HBPP_12005007_03240.C	44	4.200	20.120	0.908
HBPP_12005007_03240.C	44	4.000	20.000	0.959
HBPP_12005007_03240.C	44	4.200	20.120	0.919
HBPP_12005007_03240.C	44	4.000	20.000	0.912
HBPP_12005007_03240.C	44	4.200	20.120	0.914
HBPP_12005007_03240.C	44	3.800	19.880	0.921
HBPP_12005008_04500.C	55	5.600	25.360	1.917
HBPP_12005008_04500.C	55	5.800	25.480	1.143
HBPP_12005008_04500.C	55	5.600	25.360	1.886
HBPP_12005008_04500.C	55	5.600	25.360	1.735
HBPP_12005008_04500.C	55	5.600	25.360	1.162
HBPP_12005008_04500.C	55	5.600	25.360	1.151
HBPP_12005008_04500.C	55	5.800	25.480	1.204
HBPP_12005008_04500.C	55	5.800	25.480	1.250
HBPP_12005008_04500.C	55	5.600	25.360	1.224
HBPP_12005008_04500.C	55	5.600	25.360	1.186
HBPP_12015007_01650.C	55	4.800	24.880	1.116
HBPP_12015007_01650.C	55	4.800	24.880	1.133
HBPP_12015007_01650.C	55	5.000	25.000	1.121
HBPP_12015007_01650.C	54	5.400	24.840	1.131
HBPP_12015007_01650.C	55	5.000	25.000	1.134
HBPP_12015007_01650.C	54	5.600	24.960	1.133
HBPP_12015007_01650.C	55	5.200	25.120	1.135
HBPP_12015007_01650.C	55	4.800	24.880	1.124
HBPP_12015007_01650.C	55	5.000	25.000	1.118
HBPP_12015007_01650.C	54	5.600	24.960	1.129
HBPP_12015009_07400.C	63	8.000	30.000	2.196
HBPP_12015009_07400.C	63	7.400	29.640	1.306
HBPP_12015009_07400.C	63	7.400	29.640	1.323
HBPP_12015009_07400.C	63	7.400	29.640	1.291
HBPP_12015009_07400.C	63	7.600	29.760	1.298
HBPP_12015009_07400.C	63	7.600	29.760	2.086
HBPP_12015009_07400.C	63	7.600	29.760	2.208
HBPP_12015009_07400.C	63	7.600	29.760	2.239
HBPP_12015009_07400.C	63	7.400	29.640	1.322
HBPP_12015009_07400.C	63	7.600	29.760	1.331
HBPP_14005010_04470.C	82	9.800	38.680	1.899
HBPP_14005010_04470.C	81	9.800	38.280	1.916
HBPP_14005010_04470.C	82	10.200	38.920	1.911
HBPP_14005010_04470.C	81	9.600	38.160	1.909
HBPP_14005010_04470.C	81	9.400	38.040	1.979
HBPP_14005010_04470.C	81	9.600	38.160	1.949
HBPP_14005010_04470.C	81	10.000	38.400	1.927
HBPP_14005010_04470.C	81	9.600	38.160	1.951
HBPP_14005010_04470.C	81	9.800	38.280	1.984
HBPP_14005010_04470.C	82	9.800	38.680	1.944
HBPP_14015007_01210.C	64	4.800	28.480	2.791
HBPP_14015007_01210.C	64	5.800	29.080	1.615
HBPP_14015007_01210.C	65	6.000	29.600	1.586
HBPP_14015007_01210.C	65	5.800	29.480	1.624
HBPP_14015007_01210.C	65	5.600	29.360	1.663
HBPP_14015007_01210.C	64	5.800	29.080	1.801
HBPP_14015007_01210.C	65	5.800	29.480	2.848
HBPP_14015007_01210.C	65	5.800	29.480	2.885
HBPP_14015007_01210.C	65	5.800	29.480	3.051
HBPP_14015007_01210.C	65	5.800	29.480	1.588
HBPP_14015008_03730.C	68	5.000	30.200	1.599
HBPP_14015008_03730.C	67	4.800	29.680	1.614
HBPP_14015008_03730.C	67	4.800	29.680	2.980
HBPP_14015008_03730.C	67	4.800	29.680	2.993
HBPP_14015008_03730.C	67	5.000	29.800	2.926
HBPP_14015008_03730.C	68	5.600	30.560	2.954
HBPP_14015008_03730.C	67	4.600	29.560	3.006
HBPP_14015008_03730.C	67	4.600	29.560	2.901
HBPP_14015008_03730.C	68	5.000	30.200	2.910
HBPP_14015008_03730.C	67	4.800	29.680	2.845
HBPP_16000107_00140.C	62	13.200	32.720	3.113
HBPP_16000107_00140.C	63	12.800	32.880	3.332
HBPP_16000107_00140.C	63	12.800	32.880	3.463
HBPP_16000107_00140.C	63	12.800	32.880	3.254
HBPP_16000107_00140.C	63	13.000	33.000	3.190
HBPP_16000107_00140.C	63	13.000	33.000	3.267
HBPP_16000107_00140.C	62	12.800	32.480	3.128
HBPP_16000107_00140.C	63	12.800	32.880	3.215
HBPP_16000107_00140.C	63	12.600	32.760	3.116
HBPP_16000107_00140.C	63	12.800	32.880	3.241
HBPP_16000108_01490.C	67	12.000	34.000	3.351
HBPP_16000108_01490.C	67	12.000	34.000	3.343
HBPP_16000108_01490.C	67	12.200	34.120	3.451
HBPP_16000108_01490.C	67	12.400	34.240	3.323
HBPP_16000108_01490.C	67	12.200	34.120	3.083
HBPP_16000108_01490.C	67	11.800	33.880	1.953
HBPP_16000108_01490.C	67	12.200	34.120	1.913
HBPP_16000108_01490.C	67	12.200	34.120	3.451
HBPP_16000108_01490.C	67	11.800	33.880	3.441
HBPP_16000108_01490.C	67	12.000	34.000	3.327
HBPP_16000110_02790.C	85	15.800	43.480	3.634
HBPP_16000110_02790.C	85	14.400	42.640	3.681
HBPP_16000110_02790.C	85	14.400	42.640	3.924
HBPP_16000110_02790.C	85	14.600	42.760	3.994
HBPP_16000110_02790.C	85	14.600	42.760	4.074
HBPP_16000110_02790.C	85	14.200	42.520	4.012
HBPP_16000110_02790.C	86	14.400	43.040	2.994
HBPP_16000110_02790.C	85	14.200	42.520	2.826
HBPP_16000110_02790.C	85	14.400	42.640	2.841
HBPP_16000110_02790.C	85	14.400	42.640	3.089
HBPP_16005009_00010.C	80	13.000	39.800	2.427
HBPP_16005009_00010.C	80	12.200	39.320	2.365
HBPP_16005009_00010.C	80	13.000	39.800	2.354
HBPP_16005009_00010.C	79	14.200	40.120	2.285
HBPP_16005009_00010.C	80	12.200	39.320	2.387
HBPP_16005009_00010.C	80	12.000	39.200	2.460
HBPP_16005009_00010.C	80	12.400	39.440	2.330
HBPP_16005009_00010.C	80	12.000	39.200	2.409
HBPP_16005009_00010.C	80	12.200	39.320	2.338
HBPP_16005009_00010.C	80	12.000	39.200	2.317
HBPP_16005009_01610.C	80	11.000	38.600	2.340
HBPP_16005009_01610.C	80	10.800	38.480	2.314
HBPP_16005009_01610.C	80	11.200	38.720	2.333
HBPP_16005009_01610.C	80	10.800	38.480	2.364
HBPP_16005009_01610.C	80	10.800	38.480	2.331
HBPP_16005009_01610.C	80	11.000	38.600	2.428
HBPP_16005009_01610.C	80	10.600	38.360	2.323
HBPP_16005009_01610.C	80	10.800	38.480	2.256
HBPP_16005009_01610.C	80	11.000	38.600	2.281
HBPP_16005009_01610.C	80	11.000	38.600	2.268
HBPP_16015007_02060.C	75	8.000	34.800	2.147
HBPP_16015007_02060.C	74	9.000	35.000	2.172
HBPP_16015007_02060.C	75	7.800	34.680	2.182
HBPP_16015007_02060.C	75	8.400	35.040	2.223
HBPP_16015007_02060.C	74	9.000	35.000	2.159
HBPP_16015007_02060.C	75	8.800	35.280	2.135
HBPP_16015007_02060.C	75	8.000	34.800	2.214
HBPP_16015007_02060.C	75	7.200	34.320	2.229
HBPP_16015007_02060.C	75	8.400	35.040	2.197
HBPP_16015007_02060.C	75	9.000	35.400	2.123
HBPP_16015009_09810.C	86	12.200	41.720	2.551
HBPP_16015009_09810.C	87	12.200	42.120	2.568
HBPP_16015009_09810.C	87	12.000	42.000	2.528
HBPP_16015009_09810.C	86	12.400	41.840	3.278
HBPP_16015009_09810.C	86	12.200	41.720	2.979
HBPP_16015009_09810.C	87	11.800	41.880	3.919
HBPP_16015009_09810.C	87	11.800	41.880	2.888
HBPP_16015009_09810.C	87	10.200	40.920	2.603
HBPP_16015009_09810.C	87	10.800	41.280	2.745
HBPP_16015009_09810.C	86	12.200	41.720	3.500
HBPP_18000108_03590.C	77	9.800	36.680	2.815
HBPP_18000108_03590.C	77	10.000	36.800	2.909
HBPP_18000108_03590.C	77	9.600	36.560	2.792
HBPP_18000108_03590.C	77	9.800	36.680	2.795
HBPP_18000108_03590.C	77	9.600	36.560	2.800
HBPP_18000108_03590.C	77	8.800	36.080	2.905
HBPP_18000108_03590.C	78	8.800	36.480	2.855
HBPP_18000108_03590.C	77	9.600	36.560	2.858
HBPP_18000108_03590.C	77	9.800	36.680	2.795
HBPP_18000108_03590.C	77	8.600	35.960	2.972
HBPP_18000108_07160.C	78	7.200	35.520	3.283
HBPP_18000108_07160.C	79	8.200	36.520	3.302
HBPP_18000108_07160.C	78	8.800	36.480	3.076
HBPP_18000108_07160.C	79	7.800	36.280	3.252
HBPP_18000108_07160.C	79	9.000	37.000	3.744
HBPP_18000108_07160.C	79	9.000	37.000	3.882
HBPP_18000108_07160.C	78	8.000	36.000	4.252
HBPP_18000108_07160.C	79	8.200	36.520	4.233
HBPP_18000108_07160.C	78	9.400	36.840	4.212
HBPP_18000108_07160.C	79	8.200	36.520	2.976
HBPP_18000110_04390.C	90	7.600	40.560	3.287
HBPP_18000110_04390.C	90	7.200	40.320	3.337
HBPP_18000110_04390.C	90	7.400	40.440	3.405
HBPP_18000110_04390.C	90	8.200	40.920	3.327
HBPP_18000110_04390.C	89	7.400	40.040	3.412
HBPP_18000110_04390.C	90	7.600	40.560	3.318
HBPP_18000110_04390.C	90	7.400	40.440	3.417
HBPP_18000110_04390.C	90	7.000	40.200	5.008
HBPP_18000110_04390.C	90	7.600	40.560	3.389
HBPP_18000110_04390.C	90	7.200	40.320	3.404
HBPP_18015008_08210.C	89	15.400	44.840	3.662
HBPP_18015008_08210.C	89	15.200	44.720	3.515
HBPP_18015008_08210.C	89	15.400	44.840	3.280
HBPP_18015008_08210.C	89	15.200	44.720	3.443
HBPP_18015008_08210.C	89	15.400	44.840	3.427
HBPP_18015008_08210.C	89	15.400	44.840	3.382
HBPP_18015008_08210.C	89	15.200	44.720	3.379
HBPP_18015008_08210.C	89	15.200	44.720	3.427
HBPP_18015008_08210.C	89	15.400	44.840	3.465
HBPP_18015008_08210.C	89	15.400	44.840	3.628
HBPP_18015010_06050.C	108	9.000	48.600	4.212
HBPP_18015010_06050.C	109	8.400	48.640	4.226
HBPP_18015010_06050.C	109	9.200	49.120	6.093
HBPP_18015010_06050.C	109	9.400	49.240	6.166
HBPP_18015010_06050.C	109	9.600	49.360	4.150
HBPP_18015010_06050.C	109	9.000	49.000	4.038
HBPP_18015010_06050.C	109	8.600	48.760	4.128
HBPP_18015010_06050.C	109	10.600	49.960	3.931
HBPP_18015010_06050.C	109	8.200	48.520	4.200
HBPP_18015010_06050.C	109	9.200	49.120	4.100
HBPP_20000107_01190.C	78	2.600	32.760	3.554
HBPP_20000107_01190.C	78	3.600	33.360	3.621
HBPP_20000107_01190.C	78	4.000	33.600	3.461
HBPP_20000107_01190.C	78	3.600	33.360	3.447
HBPP_20000107_01190.C	78	3.200	33.120	3.646
HBPP_20000107_01190.C	78	3.600	33.360	3.628
HBPP_20000107_01190.C	78	3.600	33.360	3.483
HBPP_20000107_01190.C	78	3.400	33.240	3.700
HBPP_20000107_01190.C	78	3.600	33.360	3.557
HBPP_20000107_01190.C	78	3.000	33.000	3.785
HBPP_20000108_00250.C	78	10.400	37.440	3.642
HBPP_20000108_00250.C	78	11.200	37.920	3.510
HBPP_20000108_00250.C	79	10.800	38.080	3.553
HBPP_20000108_00250.C	79	10.200	37.720	3.573
HBPP_20000108_00250.C	78	11.400	38.040	3.551
HBPP_20000108_00250.C	78	10.800	37.680	3.520
HBPP_20000108_00250.C	79	10.400	37.840	3.701
HBPP_20000108_00250.C	78	10.400	37.440	3.534
HBPP_20000108_00250.C	79	10.200	37.720	3.779
HBPP_20000108_00250.C	79	10.400	37.840	3.793
HBPP_20000108_01750.C	88	11.400	42.040	4.209
HBPP_20000108_01750.C	88	11.000	41.800	4.047
HBPP_20000108_01750.C	87	11.200	41.520	4.246
HBPP_20000108_01750.C	87	12.600	42.360	4.147
HBPP_20000108_01750.C	87	10.800	41.280	4.206
HBPP_20000108_01750.C	88	10.800	41.680	4.466
HBPP_20000108_01750.C	88	10.600	41.560	4.625
HBPP_20000108_01750.C	87	12.200	42.120	4.775
HBPP_20000108_01750.C	88	11.000	41.800	5.586
HBPP_20000108_01750.C	87	11.800	41.880	5.153
HBPP_20005008_01240.C	87	7.600	39.360	5.220
HBPP_20005008_01240.C	88	8.600	40.360	5.212
HBPP_20005008_01240.C	88	8.000	40.000	4.053
HBPP_20005008_01240.C	88	8.400	40.240	4.008
HBPP_20005008_01240.C	88	8.600	40.360	4.016
HBPP_20005008_01240.C	88	8.400	40.240	4.041
HBPP_20005008_01240.C	88	7.800	39.880	4.008
HBPP_20005008_01240.C	88	8.000	40.000	4.174
HBPP_20005008_01240.C	88	8.600	40.360	4.172
HBPP_20005008_01240.C	88	7.600	39.760	4.436
HBPP_20005009_02000.C	96	9.400	44.040	4.671
HBPP_20005009_02000.C	96	9.600	44.160	4.613
HBPP_20005009_02000.C	96	10.400	44.640	4.532
HBPP_20005009_02000.C	96	11.800	45.480	4.287
HBPP_20005009_02000.C	96	9.000	43.800	4.520
HBPP_20005009_02000.C	96	9.400	44.040	4.567
HBPP_20005009_02000.C	96	10.800	44.880	4.357
HBPP_20005009_02000.C	96	9.200	43.920	4.621
HBPP_20005009_02000.C	96	9.400	44.040	4.663
HBPP_20005009_02000.C	96	10.800	44.880	4.429
HBPP_20005010_09530.C	105	8.000	46.800	4.834
HBPP_20005010_09530.C	106	8.800	47.680	4.808
HBPP_20005010_09530.C	105	8.000	46.800	4.814
HBPP_20005010_09530.C	105	9.200	47.520	4.881
HBPP_20005010_09530.C	105	8.200	46.920	4.911
HBPP_20005010_09530.C	105	8.000	46.800	4.933
HBPP_20005010_09530.C	105	8.000	46.800	4.938
HBPP_20005010_09530.C	106	10.000	48.400	4.778
HBPP_20005010_09530.C	105	8.200	46.920	4.838
HBPP_20005010_09530.C	106	9.800	48.280	4.729
HBPP_20015007_06370.C	86	9.400	40.040	4.765
HBPP_20015007_06370.C	86	10.200	40.520	5.077
HBPP_20015007_06370.C	86	9.000	39.800	5.331
HBPP_20015007_06370.C	86	9.000	39.800	5.419
HBPP_20015007_06370.C	86	9.200	39.920	5.418
HBPP_20015007_06370.C	86	9.000	39.800	5.202
HBPP_20015007_06370.C	86	9.400	40.040	5.366
HBPP_20015007_06370.C	87	9.600	40.560	5.487
HBPP_20015007_06370.C	86	9.400	40.040	5.692
HBPP_20015007_06370.C	86	9.600	40.160	5.385
HBPP_20015009_02720.C	115	15.800	55.480	5.184
HBPP_20015009_02720.C	115	16.200	55.720	5.139
HBPP_20015009_02720.C	115	16.000	55.600	5.223
HBPP_20015009_02720.C	115	16.000	55.600	5.194
HBPP_20015009_02720.C	115	16.000	55.600	5.143
HBPP_20015009_02720.C	115	17.200	56.320	5.106
HBPP_20015009_02720.C	115	16.200	55.720	5.209
HBPP_20015009_02720.C	115	16.800	56.080	5.106
HBPP_20015009_02720.C	115	16.000	55.600	5.325
HBPP_20015009_02720.C	115	16.000	55.600	5.204
BPP_100_1000_0.1_0.8_0.C	46	0.800	18.880	0.797
BPP_100_1000_0.1_0.8_0.C	46	0.800	18.880	0.789
BPP_100_1000_0.1_0.8_0.C	46	0.800	18.880	0.787
BPP_100_1000_0.1_0.8_0.C	46	0.800	18.880	0.797
BPP_100_1000_0.1_0.8_0.C	46	0.800	18.880	0.793
BPP_100_1000_0.1_0.8_0.C	46	0.800	18.880	0.786
BPP_100_1000_0.1_0.8_0.C	46	0.800	18.880	0.788
BPP_100_1000_0.1_0.8_0.C	46	0.800	18.880	0.798
BPP_100_1000_0.1_0.8_0.C	46	0.800	18.880	0.793
BPP_100_1000_0.1_0.8_0.C	46	0.800	18.880	0.792
BPP_100_1000_0.1_0.8_1.C	47	-0.000	18.800	0.804
BPP_100_1000_0.1_0.8_1.C	47	-0.000	18.800	0.815
BPP_100_1000_0.1_0.8_1.C	47	-0.000	18.800	0.801
BPP_100_1000_0.1_0.8_1.C	47	-0.000	18.800	0.799
BPP_100_1000_0.1_0.8_1.C	47	-0.000	18.800	1.234
BPP_100_1000_0.1_0.8_1.C	47	-0.000	18.800	1.224
BPP_100_1000_0.1_0.8_1.C	47	-0.000	18.800	1.133
BPP_100_1000_0.1_0.8_1.C	47	-0.000	18.800	0.801
BPP_100_1000_0.1_0.8_1.C	47	-0.000	18.800	0.803
BPP_100_1000_0.1_0.8_1.C	47	-0.000	18.800	0.799
BPP_100_1000_0.1_0.8_2.C	45	1.600	18.960	0.783
BPP_100_1000_0.1_0.8_2.C	45	1.400	18.840	0.821
BPP_100_1000_0.1_0.8_2.C	45	1.400	18.840	0.799
BPP_100_1000_0.1_0.8_2.C	45	1.400	18.840	0.783
BPP_100_1000_0.1_0.8_2.C	45	1.400	18.840	0.803
BPP_100_1000_0.1_0.8_2.C	45	1.400	18.840	0.784
BPP_100_1000_0.1_0.8_2.C	45	1.400	18.840	0.790
BPP_100_1000_0.1_0.8_2.C	45	1.600	18.960	0.776
BPP_100_1000_0.1_0.8_2.C	45	1.400	18.840	0.820
BPP_100_1000_0.1_0.8_2.C	45	1.600	18.960	0.778
BPP_100_1000_0.1_0.8_3.C	46	1.000	19.000	0.802
BPP_100_1000_0.1_0.8_3.C	45	1.000	18.600	0.805
BPP_100_1000_0.1_0.8_3.C	46	1.000	19.000	0.795
BPP_100_1000_0.1_0.8_3.C	45	1.000	18.600	0.797
BPP_100_1000_0.1_0.8_3.C	45	1.000	18.600	0.799
BPP_100_1000_0.1_0.8_3.C	45	1.000	18.600	0.827
BPP_100_1000_0.1_0.8_3.C	45	1.000	18.600	0.798
BPP_100_1000_0.1_0.8_3.C	45	1.000	18.600	0.798
BPP_100_1000_0.1_0.8_3.C	45	1.000	18.600	0.793
BPP_100_1000_0.1_0.8_3.C	45	1.000	18.600	0.791
BPP_100_1000_0.1_0.8_4.C	45	1.000	18.600	0.789
BPP_100_1000_0.1_0.8_4.C	45	1.000	18.600	0.783
BPP_100_1000_0.1_0.8_4.C	45	1.000	18.600	0.791
BPP_100_1000_0.1_0.8_4.C	45	1.000	18.600	0.777
BPP_100_1000_0.1_0.8_4.C	45	1.000	18.600	0.823
BPP_100_1000_0.1_0.8_4.C	45	1.000	18.600	0.790
BPP_100_1000_0.1_0.8_4.C	45	1.000	18.600	0.814
BPP_100_1000_0.1_0.8_4.C	45	1.000	18.600	0.784
BPP_100_1000_0.1_0.8_4.C	45	1.000	18.600	0.803
BPP_100_1000_0.1_0.8_4.C	45	1.000	18.600	0.789
BPP_100_1000_0.1_0.8_5.C	46	5.000	21.400	0.851
BPP_100_1000_0.1_0.8_5.C	47	4.200	21.320	0.851
BPP_100_1000_0.1_0.8_5.C	47	4.200	21.320	0.946
BPP_100_1000_0.1_0.8_5.C	48	3.800	21.480	0.953
BPP_100_1000_0.1_0.8_5.C	47	4.200	21.320	0.912
BPP_100_1000_0.1_0.8_5.C	47	4.200	21.320	1.093
BPP_100_1000_0.1_0.8_5.C	46	5.000	21.400	0.988
BPP_100_1000_0.1_0.8_5.C	48	3.800	21.480	0.952
BPP_100_1000_0.1_0.8_5.C	46	5.000	21.400	1.118
BPP_100_1000_0.1_0.8_5.C	46	5.000	21.400	1.031
BPP_100_1000_0.1_0.8_6.C	45	3.600	20.160	0.781
BPP_100_1000_0.1_0.8_6.C	45	3.600	20.160	0.774
BPP_100_1000_0.1_0.8_6.C	45	3.400	20.040	0.782
BPP_100_1000_0.1_0.8_6.C	45	3.600	20.160	1.224
BPP_100_1000_0.1_0.8_6.C	45	3.600	20.160	1.237
BPP_100_1000_0.1_0.8_6.C	45	3.400	20.040	1.224
BPP_100_1000_0.1_0.8_6.C	45	3.400	20.040	1.196
BPP_100_1000_0.1_0.8_6.C	45	3.400	20.040	1.291
BPP_100_1000_0.1_0.8_6.C	45	3.400	20.040	1.298
BPP_100_1000_0.1_0.8_6.C	45	3.400	20.040	1.191
BPP_100_1000_0.1_0.8_7.C	47	1.600	19.760	1.263
BPP_100_1000_0.1_0.8_7.C	46	2.600	19.960	1.025
BPP_100_1000_0.1_0.8_7.C	46	2.600	19.960	0.787
BPP_100_1000_0.1_0.8_7.C	46	2.600	19.960	0.788
BPP_100_1000_0.1_0.8_7.C	46	2.200	19.720	0.815
BPP_100_1000_0.1_0.8_7.C	46	1.600	19.360	0.822
BPP_100_1000_0.1_0.8_7.C	46	1.600	19.360	0.836
BPP_100_1000_0.1_0.8_7.C	46	1.800	19.480	0.801
BPP_100_1000_0.1_0.8_7.C	46	2.400	19.840	1.165
BPP_100_1000_0.1_0.8_7.C	46	1.800	19.480	1.309
BPP_100_1000_0.1_0.8_8.C	51	1.400	21.240	0.945
BPP_100_1000_0.1_0.8_8.C	51	1.400	21.240	0.893
BPP_100_1000_0.1_0.8_8.C	51	1.400	21.240	0.863
BPP_100_1000_0.1_0.8_8.C	51	1.400	21.240	0.854
BPP_100_1000_0.1_0.8_8.C	51	1.400	21.240	0.853
BPP_100_1000_0.1_0.8_8.C	51	1.400	21.240	0.854
BPP_100_1000_0.1_0.8_8.C	51	1.400	21.240	0.854
BPP_100_1000_0.1_0.8_8.C	51	1.400	21.240	0.850
BPP_100_1000_0.1_0.8_8.C	51	1.400	21.240	0.859
BPP_100_1000_0.1_0.8_8.C	51	1.400	21.240	0.856
BPP_100_1000_0.1_0.8_9.C	44	2.600	19.160	1.071
BPP_100_1000_0.1_0.8_9.C	44	3.000	19.400	1.098
BPP_100_1000_0.1_0.8_9.C	44	2.800	19.280	1.045
BPP_100_1000_0.1_0.8_9.C	44	2.800	19.280	1.175
BPP_100_1000_0.1_0.8_9.C	44	2.600	19.160	1.073
BPP_100_1000_0.1_0.8_9.C	44	2.600	19.160	1.149
BPP_100_1000_0.1_0.8_9.C	44	2.600	19.160	1.271
BPP_100_1000_0.1_0.8_9.C	44	2.600	19.160	1.167
BPP_100_1000_0.1_0.8_9.C	44	2.800	19.280	1.206
BPP_100_1000_0.1_0.8_9.C	44	2.800	19.280	1.266
BPP_100_100_0.1_0.8_0.C	48	3.400	21.240	0.105
BPP_100_100_0.1_0.8_0.C	48	3.800	21.480	0.097
BPP_100_100_0.1_0.8_0.C	48	3.800	21.480	0.104
BPP_100_100_0.1_0.8_0.C	48	3.600	21.360	0.100
BPP_100_100_0.1_0.8_0.C	48	4.800	22.080	0.102
BPP_100_100_0.1_0.8_0.C	48	3.600	21.360	0.107
BPP_100_100_0.1_0.8_0.C	48	3.400	21.240	0.104
BPP_100_100_0.1_0.8_0.C	48	4.800	22.080	0.097
BPP_100_100_0.1_0.8_0.C	48	4.400	21.840	0.099
BPP_100_100_0.1_0.8_0.C	48	3.600	21.360	0.108
BPP_100_100_0.1_0.8_1.C	49	1.600	20.560	0.109
BPP_100_100_0.1_0.8_1.C	49	2.000	20.800	0.097
BPP_100_100_0.1_0.8_1.C	49	2.000	20.800	0.098
BPP_100_100_0.1_0.8_1.C	49	1.800	20.680	0.096
BPP_100_100_0.1_0.8_1.C	49	1.600	20.560	0.102
BPP_100_100_0.1_0.8_1.C	49	2.000	20.800	0.103
BPP_100_100_0.1_0.8_1.C	49	2.000	20.800	0.097
BPP_100_100_0.1_0.8_1.C	49	2.000	20.800	0.105
BPP_100_100_0.1_0.8_1.C	49	2.000	20.800	0.096
BPP_100_100_0.1_0.8_1.C	49	1.800	20.680	0.098
BPP_100_100_0.1_0.8_2.C	43	2.800	18.880	0.087
BPP_100_100_0.1_0.8_2.C	43	2.800	18.880	0.087
BPP_100_100_0.1_0.8_2.C	43	2.800	18.880	0.086
BPP_100_100_0.1_0.8_2.C	43	2.600	18.760	0.086
BPP_100_100_0.1_0.8_2.C	43	2.800	18.880	0.087
BPP_100_100_0.1_0.8_2.C	43	2.800	18.880	0.086
BPP_100_100_0.1_0.8_2.C	43	2.800	18.880	0.087
BPP_100_100_0.1_0.8_2.C	43	2.800	18.880	0.088
BPP_100_100_0.1_0.8_2.C	43	2.600	18.760	0.088
BPP_100_100_0.1_0.8_2.C	43	2.800	18.880	0.088
BPP_100_100_0.1_0.8_3.C	49	2.800	21.280	0.097
BPP_100_100_0.1_0.8_3.C	48	3.200	21.120	0.101
BPP_100_100_0.1_0.8_3.C	49	2.800	21.280	0.095
BPP_100_100_0.1_0.8_3.C	49	2.800	21.280	0.099
BPP_100_100_0.1_0.8_3.C	49	2.800	21.280	0.093
BPP_100_100_0.1_0.8_3.C	49	2.800	21.280	0.098
BPP_100_100_0.1_0.8_3.C	49	2.800	21.280	0.098
BPP_100_100_0.1_0.8_3.C	49	2.800	21.280	0.101
BPP_100_100_0.1_0.8_3.C	49	2.800	21.280	0.098
BPP_100_100_0.1_0.8_3.C	49	2.800	21.280	0.096
BPP_100_100_0.1_0.8_4.C	58	0.800	23.680	0.114
BPP_100_100_0.1_0.8_4.C	58	0.800	23.680	0.114
BPP_100_100_0.1_0.8_4.C	58	0.800	23.680	0.112
BPP_100_100_0.1_0.8_4.C	58	0.800	23.680	0.109
BPP_100_100_0.1_0.8_4.C	58	0.800	23.680	0.107
BPP_100_100_0.1_0.8_4.C	58	0.800	23.680	0.111
BPP_100_100_0.1_0.8_4.C	58	1.000	23.800	0.110
BPP_100_100_0.1_0.8_4.C	58	0.800	23.680	0.108
BPP_100_100_0.1_0.8_4.C	58	0.800	23.680	0.112
BPP_100_100_0.1_0.8_4.C	58	0.800	23.680	0.112
BPP_100_100_0.1_0.8_5.C	51	1.800	21.480	0.100
BPP_100_100_0.1_0.8_5.C	51	1.800	21.480	0.103
BPP_100_100_0.1_0.8_5.C	51	1.800	21.480	0.099
BPP_100_100_0.1_0.8_5.C	52	1.600	21.760	0.100
BPP_100_100_0.1_0.8_5.C	52	1.800	21.880	0.100
BPP_100_100_0.1_0.8_5.C	52	1.600	21.760	0.101
BPP_100_100_0.1_0.8_5.C	52	1.600	21.760	0.100
BPP_100_100_0.1_0.8_5.C	51	2.400	21.840	0.101
BPP_100_100_0.1_0.8_5.C	52	1.800	21.880	0.098
BPP_100_100_0.1_0.8_5.C	51	1.800	21.480	0.098
BPP_100_100_0.1_0.8_6.C	47	0.200	18.920	0.094
BPP_100_100_0.1_0.8_6.C	47	0.800	19.280	0.092
BPP_100_100_0.1_0.8_6.C	47	0.200	18.920	0.092
BPP_100_100_0.1_0.8_6.C	47	0.200	18.920	0.091
BPP_100_100_0.1_0.8_6.C	47	0.200	18.920	0.092
BPP_100_100_0.1_0.8_6.C	47	0.400	19.040	0.091
BPP_100_100_0.1_0.8_6.C	47	0.200	18.920	0.090
BPP_100_100_0.1_0.8_6.C	47	0.200	18.920	0.091
BPP_100_100_0.1_0.8_6.C	47	0.200	18.920	0.092
BPP_100_100_0.1_0.8_6.C	47	0.200	18.920	0.095
BPP_100_100_0.1_0.8_7.C	48	0.200	19.320	0.094
BPP_100_100_0.1_0.8_7.C	48	0.000	19.200	0.097
BPP_100_100_0.1_0.8_7.C	48	0.200	19.320	0.099
BPP_100_100_0.1_0.8_7.C	48	0.200	19.320	0.095
BPP_100_100_0.1_0.8_7.C	48	0.000	19.200	0.095
BPP_100_100_0.1_0.8_7.C	48	0.200	19.320	0.095
BPP_100_100_0.1_0.8_7.C	48	0.400	19.440	0.094
BPP_100_100_0.1_0.8_7.C	48	0.000	19.200	0.093
BPP_100_100_0.1_0.8_7.C	48	0.000	19.200	0.098
BPP_100_100_0.1_0.8_7.C	48	0.200	19.320	0.095
BPP_100_100_0.1_0.8_8.C	46	0.000	18.400	0.092
BPP_100_100_0.1_0.8_8.C	46	0.000	18.400	0.100
BPP_100_100_0.1_0.8_8.C	46	0.000	18.400	0.094
BPP_100_100_0.1_0.8_8.C	46	0.000	18.400	0.099
BPP_100_100_0.1_0.8_8.C	46	0.000	18.400	0.094
BPP_100_100_0.1_0.8_8.C	46	0.000	18.400	0.091
BPP_100_100_0.1_0.8_8.C	46	0.000	18.400	0.090
BPP_100_100_0.1_0.8_8.C	46	0.000	18.400	0.097
BPP_100_100_0.1_0.8_8.C	46	0.000	18.400	0.100
BPP_100_100_0.1_0.8_8.C	46	0.000	18.400	0.101
BPP_100_100_0.1_0.8_9.C	47	0.400	19.040	0.092
BPP_100_100_0.1_0.8_9.C	48	0.000	19.200	0.094
BPP_100_100_0.1_0.8_9.C	47	0.400	19.040	0.094
BPP_100_100_0.1_0.8_9.C	48	0.000	19.200	0.095
BPP_100_100_0.1_0.8_9.C	48	0.000	19.200	0.100
BPP_100_100_0.1_0.8_9.C	48	0.000	19.200	0.097
BPP_100_100_0.1_0.8_9.C	48	0.000	19.200	0.093
BPP_100_100_0.1_0.8_9.C	48	0.000	19.200	0.095
BPP_100_100_0.1_0.8_9.C	48	0.000	19.200	0.098
BPP_100_100_0.1_0.8_9.C	47	0.600	19.160	0.092
BPP_100_120_0.1_0.8_0.C	44	4.800	20.480	0.101
BPP_100_120_0.1_0.8_0.C	44	4.800	20.480	0.104
BPP_100_120_0.1_0.8_0.C	44	4.600	20.360	0.104
BPP_100_120_0.1_0.8_0.C	44	4.600	20.360	0.100
BPP_100_120_0.1_0.8_0.C	44	4.600	20.360	0.104
BPP_100_120_0.1_0.8_0.C	44	4.800	20.480	0.100
BPP_100_120_0.1_0.8_0.C	44	4.800	20.480	0.107
BPP_100_120_0.1_0.8_0.C	44	4.800	20.480	0.107
BPP_100_120_0.1_0.8_0.C	44	4.600	20.360	0.106
BPP_100_120_0.1_0.8_0.C	44	4.600	20.360	0.105
BPP_100_120_0.1_0.8_1.C	46	5.400	21.640	0.110
BPP_100_120_0.1_0.8_1.C	46	5.600	21.760	0.108
BPP_100_120_0.1_0.8_1.C	46	5.600	21.760	0.113
BPP_100_120_0.1_0.8_1.C	46	5.600	21.760	0.109
BPP_100_120_0.1_0.8_1.C	46	5.400	21.640	0.113
BPP_100_120_0.1_0.8_1.C	47	5.000	21.800	0.111
BPP_100_120_0.1_0.8_1.C	46	5.600	21.760	0.108
BPP_100_120_0.1_0.8_1.C	46	5.600	21.760	0.108
BPP_100_120_0.1_0.8_1.C	46	5.600	21.760	0.112
BPP_100_120_0.1_0.8_1.C	46	5.600	21.760	0.111
BPP_100_120_0.1_0.8_2.C	47	0.400	19.040	0.109
BPP_100_120_0.1_0.8_2.C	47	0.600	19.160	0.108
BPP_100_120_0.1_0.8_2.C	47	0.400	19.040	0.106
BPP_100_120_0.1_0.8_2.C	47	0.400	19.040	0.108
BPP_100_120_0.1_0.8_2.C	47	0.400	19.040	0.110
BPP_100_120_0.1_0.8_2.C	46	0.800	18.880	0.108
BPP_100_120_0.1_0.8_2.C	47	0.600	19.160	0.116
BPP_100_120_0.1_0.8_2.C	47	0.400	19.040	0.111
BPP_100_120_0.1_0.8_2.C	46	0.800	18.880	0.105
BPP_100_120_0.1_0.8_2.C	47	0.400	19.040	0.110
BPP_100_120_0.1_0.8_3.C	51	0.400	20.640	0.114
BPP_100_120_0.1_0.8_3.C	51	0.400	20.640	0.116
BPP_100_120_0.1_0.8_3.C	51	0.400	20.640	0.120
BPP_100_120_0.1_0.8_3.C	52	-0.000	20.800	0.119
BPP_100_120_0.1_0.8_3.C	52	-0.000	20.800	0.113
BPP_100_120_0.1_0.8_3.C	51	0.400	20.640	0.115
BPP_100_120_0.1_0.8_3.C	51	0.400	20.640	0.115
BPP_100_120_0.1_0.8_3.C	51	0.000	20.400	0.116
BPP_100_120_0.1_0.8_3.C	51	0.400	20.640	0.117
BPP_100_120_0.1_0.8_3.C	52	-0.000	20.800	0.117
BPP_100_120_0.1_0.8_4.C	48	0.800	19.680	0.120
BPP_100_120_0.1_0.8_4.C	48	0.800	19.680	0.113
BPP_100_120_0.1_0.8_4.C	48	0.800	19.680	0.115
BPP_100_120_0.1_0.8_4.C	48	0.800	19.680	0.109
BPP_100_120_0.1_0.8_4.C	49	0.400	19.840	0.111
BPP_100_120_0.1_0.8_4.C	48	0.800	19.680	0.111
BPP_100_120_0.1_0.8_4.C	48	0.800	19.680	0.113
BPP_100_120_0.1_0.8_4.C	48	0.800	19.680	0.111
BPP_100_120_0.1_0.8_4.C	49	0.200	19.720	0.114
BPP_100_120_0.1_0.8_4.C	49	0.200	19.720	0.120
BPP_100_120_0.1_0.8_5.C	44	1.200	18.320	0.111
BPP_100_120_0.1_0.8_5.C	44	1.800	18.680	0.104
BPP_100_120_0.1_0.8_5.C	44	1.600	18.560	0.107
BPP_100_120_0.1_0.8_5.C	45	1.400	18.840	0.111
BPP_100_120_0.1_0.8_5.C	45	1.200	18.720	0.106
BPP_100_120_0.1_0.8_5.C	44	2.000	18.800	0.106
BPP_100_120_0.1_0.8_5.C	44	1.800	18.680	0.109
BPP_100_120_0.1_0.8_5.C	44	2.200	18.920	0.106
BPP_100_120_0.1_0.8_5.C	44	2.000	18.800	0.104
BPP_100_120_0.1_0.8_5.C	45	1.600	18.960	0.108
BPP_100_120_0.1_0.8_6.C	46	3.400	20.440	0.112
BPP_100_120_0.1_0.8_6.C	46	3.400	20.440	0.108
BPP_100_120_0.1_0.8_6.C	46	3.800	20.680	0.107
BPP_100_120_0.1_0.8_6.C	46	4.000	20.800	0.106
BPP_100_120_0.1_0.8_6.C	46	3.800	20.680	0.105
BPP_100_120_0.1_0.8_6.C	46	3.800	20.680	0.110
BPP_100_120_0.1_0.8_6.C	46	4.000	20.800	0.110
BPP_100_120_0.1_0.8_6.C	46	3.600	20.560	0.110
BPP_100_120_0.1_0.8_6.C	46	3.800	20.680	0.110
BPP_100_120_0.1_0.8_6.C	46	3.800	20.680	0.110
BPP_100_120_0.1_0.8_7.C	54	2.400	23.040	0.122
BPP_100_120_0.1_0.8_7.C	54	2.400	23.040	0.122
BPP_100_120_0.1_0.8_7.C	54	2.600	23.160	0.125
BPP_100_120_0.1_0.8_7.C	54	2.400	23.040	0.119
BPP_100_120_0.1_0.8_7.C	54	2.400	23.040	0.122
BPP_100_120_0.1_0.8_7.C	54	2.400	23.040	0.121
BPP_100_120_0.1_0.8_7.C	54	2.600	23.160	0.122
BPP_100_120_0.1_0.8_7.C	54	2.600	23.160	0.123
BPP_100_120_0.1_0.8_7.C	54	2.600	23.160	0.118
BPP_100_120_0.1_0.8_7.C	54	2.600	23.160	0.125
BPP_100_120_0.1_0.8_8.C	44	3.800	19.880	0.109
BPP_100_120_0.1_0.8_8.C	45	3.200	19.920	0.107
BPP_100_120_0.1_0.8_8.C	45	3.200	19.920	0.113
BPP_100_120_0.1_0.8_8.C	45	3.200	19.920	0.111
BPP_100_120_0.1_0.8_8.C	44	3.800	19.880	0.112
BPP_100_120_0.1_0.8_8.C	45	3.200	19.920	0.107
BPP_100_120_0.1_0.8_8.C	44	3.800	19.880	0.108
BPP_100_120_0.1_0.8_8.C	44	3.800	19.880	0.109
BPP_100_120_0.1_0.8_8.C	46	2.600	19.960	0.106
BPP_100_120_0.1_0.8_8.C	46	2.600	19.960	0.113
BPP_100_120_0.1_0.8_9.C	45	2.000	19.200	0.104
BPP_100_120_0.1_0.8_9.C	45	2.000	19.200	0.105
BPP_100_120_0.1_0.8_9.C	45	1.800	19.080	0.108
BPP_100_120_0.1_0.8_9.C	45	1.800	19.080	0.102
BPP_100_120_0.1_0.8_9.C	45	1.600	18.960	0.106
BPP_100_120_0.1_0.8_9.C	45	2.000	19.200	0.108
BPP_100_120_0.1_0.8_9.C	45	2.000	19.200	0.106
BPP_100_120_0.1_0.8_9.C	45	1.800	19.080	0.106
BPP_100_120_0.1_0.8_9.C	45	1.800	19.080	0.108
BPP_100_120_0.1_0.8_9.C	45	1.800	19.080	0.108
BPP_100_125_0.1_0.8_0.C	48	7.800	23.880	0.118
BPP_100_125_0.1_0.8_0.C	48	8.000	24.000	0.113
BPP_100_125_0.1_0.8_0.C	48	7.800	23.880	0.117
BPP_100_125_0.1_0.8_0.C	48	8.000	24.000	0.119
BPP_100_125_0.1_0.8_0.C	48	7.800	23.880	0.117
BPP_100_125_0.1_0.8_0.C	48	7.800	23.880	0.114
BPP_100_125_0.1_0.8_0.C	48	7.800	23.880	0.116
BPP_100_125_0.1_0.8_0.C	48	7.800	23.880	0.115
BPP_100_125_0.1_0.8_0.C	48	7.800	23.880	0.116
BPP_100_125_0.1_0.8_0.C	48	7.800	23.880	0.117
BPP_100_125_0.1_0.8_1.C	47	9.600	24.560	0.117
BPP_100_125_0.1_0.8_1.C	47	9.800	24.680	0.116
BPP_100_125_0.1_0.8_1.C	47	10.000	24.800	0.117
BPP_100_125_0.1_0.8_1.C	47	9.800	24.680	0.116
BPP_100_125_0.1_0.8_1.C	48	9.000	24.600	0.119
BPP_100_125_0.1_0.8_1.C	47	9.800	24.680	0.116
BPP_100_125_0.1_0.8_1.C	48	9.000	24.600	0.117
BPP_100_125_0.1_0.8_1.C	48	9.200	24.720	0.115
BPP_100_125_0.1_0.8_1.C	47	9.600	24.560	0.117
BPP_100_125_0.1_0.8_1.C	47	9.800	24.680	0.117
BPP_100_125_0.1_0.8_2.C	47	1.200	19.520	0.114
BPP_100_125_0.1_0.8_2.C	47	1.200	19.520	0.114
BPP_100_125_0.1_0.8_2.C	47	1.200	19.520	0.116
BPP_100_125_0.1_0.8_2.C	47	1.200	19.520	0.113
BPP_100_125_0.1_0.8_2.C	47	1.200	19.520	0.109
BPP_100_125_0.1_0.8_2.C	47	1.200	19.520	0.114
BPP_100_125_0.1_0.8_2.C	47	1.200	19.520	0.114
BPP_100_125_0.1_0.8_2.C	47	1.200	19.520	0.112
BPP_100_125_0.1_0.8_2.C	47	1.200	19.520	0.116
BPP_100_125_0.1_0.8_2.C	47	1.400	19.640	0.114
BPP_100_125_0.1_0.8_3.C	45	0.400	18.240	0.113
BPP_100_125_0.1_0.8_3.C	45	0.600	18.360	0.108
BPP_100_125_0.1_0.8_3.C	45	0.600	18.360	0.109
BPP_100_125_0.1_0.8_3.C	45	0.400	18.240	0.112
BPP_100_125_0.1_0.8_3.C	45	0.400	18.240	0.110
BPP_100_125_0.1_0.8_3.C	45	0.600	18.360	0.110
BPP_100_125_0.1_0.8_3.C	45	0.800	18.480	0.109
BPP_100_125_0.1_0.8_3.C	45	0.800	18.480	0.111
BPP_100_125_0.1_0.8_3.C	45	0.400	18.240	0.109
BPP_100_125_0.1_0.8_3.C	45	0.600	18.360	0.108
BPP_100_125_0.1_0.8_4.C	48	4.200	21.720	0.115
BPP_100_125_0.1_0.8_4.C	48	4.200	21.720	0.115
BPP_100_125_0.1_0.8_4.C	48	4.200	21.720	0.112
BPP_100_125_0.1_0.8_4.C	48	4.200	21.720	0.114
BPP_100_125_0.1_0.8_4.C	48	4.200	21.720	0.113
BPP_100_125_0.1_0.8_4.C	48	4.200	21.720	0.114
BPP_100_125_0.1_0.8_4.C	48	4.200	21.720	0.114
BPP_100_125_0.1_0.8_4.C	48	4.200	21.720	0.113
BPP_100_125_0.1_0.8_4.C	48	4.200	21.720	0.112
BPP_100_125_0.1_0.8_4.C	48	4.200	21.720	0.114
BPP_100_125_0.1_0.8_5.C	45	3.800	20.280	0.106
BPP_100_125_0.1_0.8_5.C	45	3.600	20.160	0.109
BPP_100_125_0.1_0.8_5.C	45	3.600	20.160	0.111
BPP_100_125_0.1_0.8_5.C	45	3.600	20.160	0.108
BPP_100_125_0.1_0.8_5.C	45	3.800	20.280	0.105
BPP_100_125_0.1_0.8_5.C	45	3.800	20.280	0.111
BPP_100_125_0.1_0.8_5.C	45	3.600	20.160	0.111
BPP_100_125_0.1_0.8_5.C	45	3.800	20.280	0.110
BPP_100_125_0.1_0.8_5.C	45	3.800	20.280	0.109
BPP_100_125_0.1_0.8_5.C	45	3.800	20.280	0.106
BPP_100_125_0.1_0.8_6.C	51	2.000	21.600	0.121
BPP_100_125_0.1_0.8_6.C	52	2.000	22.000	0.121
BPP_100_125_0.1_0.8_6.C	51	2.600	21.960	0.121
BPP_100_125_0.1_0.8_6.C	51	2.400	21.840	0.120
BPP_100_125_0.1_0.8_6.C	52	2.000	22.000	0.121
BPP_100_125_0.1_0.8_6.C	51	2.400	21.840	0.127
BPP_100_125_0.1_0.8_6.C	52	2.200	22.120	0.121
BPP_100_125_0.1_0.8_6.C	51	2.200	21.720	0.122
BPP_100_125_0.1_0.8_6.C	51	2.000	21.600	0.120
BPP_100_125_0.1_0.8_6.C	51	2.600	21.960	0.120
BPP_100_125_0.1_0.8_7.C	54	6.000	25.200	0.127
BPP_100_125_0.1_0.8_7.C	53	6.400	25.040	0.127
BPP_100_125_0.1_0.8_7.C	54	6.000	25.200	0.128
BPP_100_125_0.1_0.8_7.C	53	6.600	25.160	0.125
BPP_100_125_0.1_0.8_7.C	54	5.800	25.080	0.127
BPP_100_125_0.1_0.8_7.C	53	6.200	24.920	0.127
BPP_100_125_0.1_0.8_7.C	53	6.400	25.040	0.126
BPP_100_125_0.1_0.8_7.C	54	6.000	25.200	0.131
BPP_100_125_0.1_0.8_7.C	53	6.400	25.040	0.128
BPP_100_125_0.1_0.8_7.C	54	6.000	25.200	0.127
BPP_100_125_0.1_0.8_8.C	44	2.200	18.920	0.104
BPP_100_125_0.1_0.8_8.C	43	2.400	18.640	0.103
BPP_100_125_0.1_0.8_8.C	44	2.200	18.920	0.103
BPP_100_125_0.1_0.8_8.C	44	2.200	18.920	0.103
BPP_100_125_0.1_0.8_8.C	44	2.200	18.920	0.103
BPP_100_125_0.1_0.8_8.C	44	2.200	18.920	0.103
BPP_100_125_0.1_0.8_8.C	44	2.200	18.920	0.104
BPP_100_125_0.1_0.8_8.C	44	2.200	18.920	0.105
BPP_100_125_0.1_0.8_8.C	44	2.200	18.920	0.102
BPP_100_125_0.1_0.8_8.C	43	2.600	18.760	0.104
BPP_100_125_0.1_0.8_9.C	48	2.200	20.520	0.112
BPP_100_125_0.1_0.8_9.C	48	2.200	20.520	0.111
BPP_100_125_0.1_0.8_9.C	48	2.200	20.520	0.111
BPP_100_125_0.1_0.8_9.C	48	2.200	20.520	0.111
BPP_100_125_0.1_0.8_9.C	48	2.200	20.520	0.108
BPP_100_125_0.1_0.8_9.C	48	2.200	20.520	0.112
BPP_100_125_0.1_0.8_9.C	48	2.200	20.520	0.111
BPP_100_125_0.1_0.8_9.C	48	2.200	20.520	0.113
BPP_100_125_0.1_0.8_9.C	48	2.200	20.520	0.113
BPP_100_125_0.1_0.8_9.C	48	2.200	20.520	0.113
BPP_100_150_0.1_0.8_0.C	57	3.000	24.600	0.153
BPP_100_150_0.1_0.8_0.C	57	3.000	24.600	0.154
BPP_100_150_0.1_0.8_0.C	57	3.000	24.600	0.152
BPP_100_150_0.1_0.8_0.C	57	3.000	24.600	0.158
BPP_100_150_0.1_0.8_0.C	57	3.000	24.600	0.150
BPP_100_150_0.1_0.8_0.C	57	3.000	24.600	0.149
BPP_100_150_0.1_0.8_0.C	57	3.000	24.600	0.154
BPP_100_150_0.1_0.8_0.C	57	3.000	24.600	0.154
BPP_100_150_0.1_0.8_0.C	57	3.000	24.600	0.151
BPP_100_150_0.1_0.8_0.C	57	3.000	24.600	0.151
BPP_100_150_0.1_0.8_1.C	46	5.000	21.400	0.134
BPP_100_150_0.1_0.8_1.C	47	3.000	20.600	0.139
BPP_100_150_0.1_0.8_1.C	47	3.000	20.600	0.135
BPP_100_150_0.1_0.8_1.C	47	3.000	20.600	0.132
BPP_100_150_0.1_0.8_1.C	47	3.000	20.600	0.134
BPP_100_150_0.1_0.8_1.C	47	3.200	20.720	0.136
BPP_100_150_0.1_0.8_1.C	47	3.400	20.840	0.131
BPP_100_150_0.1_0.8_1.C	47	3.000	20.600	0.134
BPP_100_150_0.1_0.8_1.C	47	3.000	20.600	0.133
BPP_100_150_0.1_0.8_1.C	47	3.200	20.720	0.138
BPP_100_150_0.1_0.8_2.C	44	4.400	20.240	0.127
BPP_100_150_0.1_0.8_2.C	44	4.400	20.240	0.125
BPP_100_150_0.1_0.8_2.C	44	4.400	20.240	0.130
BPP_100_150_0.1_0.8_2.C	44	4.400	20.240	0.127
BPP_100_150_0.1_0.8_2.C	44	4.400	20.240	0.126
BPP_100_150_0.1_0.8_2.C	43	5.000	20.200	0.125
BPP_100_150_0.1_0.8_2.C	44	4.400	20.240	0.126
BPP_100_150_0.1_0.8_2.C	44	4.400	20.240	0.129
BPP_100_150_0.1_0.8_2.C	44	4.400	20.240	0.128
BPP_100_150_0.1_0.8_2.C	44	4.400	20.240	0.124
BPP_100_150_0.1_0.8_3.C	45	1.600	18.960	0.126
BPP_100_150_0.1_0.8_3.C	45	1.600	18.960	0.129
BPP_100_150_0.1_0.8_3.C	45	1.400	18.840	0.132
BPP_100_150_0.1_0.8_3.C	45	1.600	18.960	0.128
BPP_100_150_0.1_0.8_3.C	45	1.600	18.960	0.127
BPP_100_150_0.1_0.8_3.C	45	1.600	18.960	0.129
BPP_100_150_0.1_0.8_3.C	45	1.600	18.960	0.128
BPP_100_150_0.1_0.8_3.C	45	1.600	18.960	0.125
BPP_100_150_0.1_0.8_3.C	45	1.600	18.960	0.128
BPP_100_150_0.1_0.8_3.C	45	1.600	18.960	0.129
BPP_100_150_0.1_0.8_4.C	51	1.600	21.360	0.141
BPP_100_150_0.1_0.8_4.C	51	1.600	21.360	0.144
BPP_100_150_0.1_0.8_4.C	51	1.600	21.360	0.141
BPP_100_150_0.1_0.8_4.C	51	1.600	21.360	0.141
BPP_100_150_0.1_0.8_4.C	50	1.600	20.960	0.140
BPP_100_150_0.1_0.8_4.C	51	1.600	21.360	0.142
BPP_100_150_0.1_0.8_4.C	51	1.600	21.360	0.143
BPP_100_150_0.1_0.8_4.C	51	1.600	21.360	0.138
BPP_100_150_0.1_0.8_4.C	51	1.600	21.360	0.147
BPP_100_150_0.1_0.8_4.C	51	1.600	21.360	0.142
BPP_100_150_0.1_0.8_5.C	48	3.800	21.480	0.140
BPP_100_150_0.1_0.8_5.C	48	3.600	21.360	0.152
BPP_100_150_0.1_0.8_5.C	48	3.800	21.480	0.141
BPP_100_150_0.1_0.8_5.C	48	3.600	21.360	0.141
BPP_100_150_0.1_0.8_5.C	48	3.800	21.480	0.140
BPP_100_150_0.1_0.8_5.C	48	3.600	21.360	0.143
BPP_100_150_0.1_0.8_5.C	48	4.000	21.600	0.137
BPP_100_150_0.1_0.8_5.C	48	3.800	21.480	0.138
BPP_100_150_0.1_0.8_5.C	48	3.600	21.360	0.139
BPP_100_150_0.1_0.8_5.C	48	3.600	21.360	0.140
BPP_100_150_0.1_0.8_6.C	46	0.600	18.760	0.132
BPP_100_150_0.1_0.8_6.C	46	0.600	18.760	0.132
BPP_100_150_0.1_0.8_6.C	46	0.600	18.760	0.131
BPP_100_150_0.1_0.8_6.C	46	0.600	18.760	0.133
BPP_100_150_0.1_0.8_6.C	46	0.600	18.760	0.128
BPP_100_150_0.1_0.8_6.C	46	0.600	18.760	0.130
BPP_100_150_0.1_0.8_6.C	46	0.600	18.760	0.135
BPP_100_150_0.1_0.8_6.C	46	0.600	18.760	0.133
BPP_100_150_0.1_0.8_6.C	46	0.600	18.760	0.134
BPP_100_150_0.1_0.8_6.C	46	0.600	18.760	0.132
BPP_100_150_0.1_0.8_7.C	48	1.200	19.920	0.130
BPP_100_150_0.1_0.8_7.C	48	1.200	19.920	0.135
BPP_100_150_0.1_0.8_7.C	48	1.200	19.920	0.136
BPP_100_150_0.1_0.8_7.C	48	1.200	19.920	0.132
BPP_100_150_0.1_0.8_7.C	48	1.200	19.920	0.132
BPP_100_150_0.1_0.8_7.C	48	1.200	19.920	0.135
BPP_100_150_0.1_0.8_7.C	48	1.200	19.920	0.132
BPP_100_150_0.1_0.8_7.C	48	1.200	19.920	0.134
BPP_100_150_0.1_0.8_7.C	48	1.200	19.920	0.135
BPP_100_150_0.1_0.8_7.C	48	1.200	19.920	0.135
BPP_100_150_0.1_0.8_8.C	48	1.600	20.160	0.132
BPP_100_150_0.1_0.8_8.C	48	1.200	19.920	0.165
BPP_100_150_0.1_0.8_8.C	48	1.200	19.920	0.135
BPP_100_150_0.1_0.8_8.C	48	1.200	19.920	0.139
BPP_100_150_0.1_0.8_8.C	48	1.200	19.920	0.136
BPP_100_150_0.1_0.8_8.C	48	1.200	19.920	0.140
BPP_100_150_0.1_0.8_8.C	48	1.600	20.160	0.142
BPP_100_150_0.1_0.8_8.C	48	1.400	20.040	0.133
BPP_100_150_0.1_0.8_8.C	48	1.400	20.040	0.134
BPP_100_150_0.1_0.8_8.C	48	1.400	20.040	0.136
BPP_100_150_0.1_0.8_9.C	46	0.200	18.520	0.128
BPP_100_150_0.1_0.8_9.C	46	0.200	18.520	0.130
BPP_100_150_0.1_0.8_9.C	46	0.400	18.640	0.129
BPP_100_150_0.1_0.8_9.C	46	0.200	18.520	0.128
BPP_100_150_0.1_0.8_9.C	46	0.200	18.520	0.129
BPP_100_150_0.1_0.8_9.C	46	0.400	18.640	0.131
BPP_100_150_0.1_0.8_9.C	46	0.200	18.520	0.130
BPP_100_150_0.1_0.8_9.C	46	0.200	18.520	0.131
BPP_100_150_0.1_0.8_9.C	46	0.200	18.520	0.133
BPP_100_150_0.1_0.8_9.C	46	0.200	18.520	0.125
BPP_100_200_0.1_0.8_0.C	47	3.600	20.960	0.164
BPP_100_200_0.1_0.8_0.C	47	4.000	21.200	0.174
BPP_100_200_0.1_0.8_0.C	47	4.000	21.200	0.179
BPP_100_200_0.1_0.8_0.C	47	3.800	21.080	0.165
BPP_100_200_0.1_0.8_0.C	47	4.000	21.200	0.170
BPP_100_200_0.1_0.8_0.C	47	4.000	21.200	0.174
BPP_100_200_0.1_0.8_0.C	47	4.000	21.200	0.180
BPP_100_200_0.1_0.8_0.C	47	4.000	21.200	0.165
BPP_100_200_0.1_0.8_0.C	47	4.000	21.200	0.170
BPP_100_200_0.1_0.8_0.C	47	4.000	21.200	0.167
BPP_100_200_0.1_0.8_1.C	50	4.600	22.760	0.180
BPP_100_200_0.1_0.8_1.C	50	4.600	22.760	0.179
BPP_100_200_0.1_0.8_1.C	50	4.600	22.760	0.175
BPP_100_200_0.1_0.8_1.C	50	4.600	22.760	0.184
BPP_100_200_0.1_0.8_1.C	50	5.400	23.240	0.174
BPP_100_200_0.1_0.8_1.C	50	4.600	22.760	0.184
BPP_100_200_0.1_0.8_1.C	50	5.400	23.240	0.187
BPP_100_200_0.1_0.8_1.C	50	4.600	22.760	0.184
BPP_100_200_0.1_0.8_1.C	50	5.400	23.240	0.180
BPP_100_200_0.1_0.8_1.C	50	5.600	23.360	0.182
BPP_100_200_0.1_0.8_2.C	47	2.000	20.000	0.164
BPP_100_200_0.1_0.8_2.C	46	2.400	19.840	0.165
BPP_100_200_0.1_0.8_2.C	46	2.600	19.960	0.168
BPP_100_200_0.1_0.8_2.C	46	2.400	19.840	0.169
BPP_100_200_0.1_0.8_2.C	46	2.400	19.840	0.168
BPP_100_200_0.1_0.8_2.C	46	2.600	19.960	0.164
BPP_100_200_0.1_0.8_2.C	46	2.600	19.960	0.165
BPP_100_200_0.1_0.8_2.C	46	2.400	19.840	0.165
BPP_100_200_0.1_0.8_2.C	46	2.200	19.720	0.164
BPP_100_200_0.1_0.8_2.C	46	2.400	19.840	0.165
BPP_100_200_0.1_0.8_3.C	45	2.200	19.320	0.162
BPP_100_200_0.1_0.8_3.C	45	2.600	19.560	0.165
BPP_100_200_0.1_0.8_3.C	45	2.200	19.320	0.161
BPP_100_200_0.1_0.8_3.C	45	2.200	19.320	0.166
BPP_100_200_0.1_0.8_3.C	46	2.200	19.720	0.164
BPP_100_200_0.1_0.8_3.C	46	2.200	19.720	0.165
BPP_100_200_0.1_0.8_3.C	45	2.200	19.320	0.167
BPP_100_200_0.1_0.8_3.C	45	2.600	19.560	0.169
BPP_100_200_0.1_0.8_3.C	45	2.400	19.440	0.162
BPP_100_200_0.1_0.8_3.C	46	2.200	19.720	0.164
BPP_100_200_0.1_0.8_4.C	47	2.400	20.240	0.171
BPP_100_200_0.1_0.8_4.C	47	2.600	20.360	0.168
BPP_100_200_0.1_0.8_4.C	47	2.400	20.240	0.168
BPP_100_200_0.1_0.8_4.C	47	2.600	20.360	0.172
BPP_100_200_0.1_0.8_4.C	47	2.400	20.240	0.172
BPP_100_200_0.1_0.8_4.C	48	1.800	20.280	0.172
BPP_100_200_0.1_0.8_4.C	48	2.000	20.400	0.171
BPP_100_200_0.1_0.8_4.C	47	2.600	20.360	0.173
BPP_100_200_0.1_0.8_4.C	47	2.600	20.360	0.172
BPP_100_200_0.1_0.8_4.C	48	1.800	20.280	0.173
BPP_100_200_0.1_0.8_5.C	55	5.200	25.120	0.188
BPP_100_200_0.1_0.8_5.C	53	6.600	25.160	0.185
BPP_100_200_0.1_0.8_5.C	53	6.400	25.040	0.192
BPP_100_200_0.1_0.8_5.C	54	5.800	25.080	0.193
BPP_100_200_0.1_0.8_5.C	53	6.200	24.920	0.187
BPP_100_200_0.1_0.8_5.C	53	6.400	25.040	0.184
BPP_100_200_0.1_0.8_5.C	53	6.400	25.040	0.184
BPP_100_200_0.1_0.8_5.C	55	5.200	25.120	0.182
BPP_100_200_0.1_0.8_5.C	53	6.400	25.040	0.192
BPP_100_200_0.1_0.8_5.C	54	5.800	25.080	0.189
BPP_100_200_0.1_0.8_6.C	52	3.400	22.840	0.193
BPP_100_200_0.1_0.8_6.C	52	3.400	22.840	0.181
BPP_100_200_0.1_0.8_6.C	52	3.400	22.840	0.181
BPP_100_200_0.1_0.8_6.C	52	3.400	22.840	0.186
BPP_100_200_0.1_0.8_6.C	52	3.400	22.840	0.187
BPP_100_200_0.1_0.8_6.C	52	3.400	22.840	0.184
BPP_100_200_0.1_0.8_6.C	52	3.400	22.840	0.194
BPP_100_200_0.1_0.8_6.C	52	3.400	22.840	0.192
BPP_100_200_0.1_0.8_6.C	52	3.200	22.720	0.182
BPP_100_200_0.1_0.8_6.C	52	3.400	22.840	0.188
BPP_100_200_0.1_0.8_7.C	46	5.800	21.880	0.166
BPP_100_200_0.1_0.8_7.C	46	5.800	21.880	0.163
BPP_100_200_0.1_0.8_7.C	46	5.800	21.880	0.163
BPP_100_200_0.1_0.8_7.C	46	5.600	21.760	0.169
BPP_100_200_0.1_0.8_7.C	46	5.600	21.760	0.162
BPP_100_200_0.1_0.8_7.C	46	5.800	21.880	0.167
BPP_100_200_0.1_0.8_7.C	46	5.800	21.880	0.164
BPP_100_200_0.1_0.8_7.C	46	5.800	21.880	0.166
BPP_100_200_0.1_0.8_7.C	46	5.800	21.880	0.172
BPP_100_200_0.1_0.8_7.C	46	6.000	22.000	0.183
BPP_100_200_0.1_0.8_8.C	52	3.000	22.600	0.192
BPP_100_200_0.1_0.8_8.C	52	3.000	22.600	0.199
BPP_100_200_0.1_0.8_8.C	52	3.000	22.600	0.190
BPP_100_200_0.1_0.8_8.C	53	2.800	22.880	0.187
BPP_100_200_0.1_0.8_8.C	52	2.800	22.480	0.192
BPP_100_200_0.1_0.8_8.C	52	2.800	22.480	0.181
BPP_100_200_0.1_0.8_8.C	53	2.800	22.880	0.182
BPP_100_200_0.1_0.8_8.C	53	2.800	22.880	0.186
BPP_100_200_0.1_0.8_8.C	52	3.000	22.600	0.189
BPP_100_200_0.1_0.8_8.C	52	2.800	22.480	0.191
BPP_100_200_0.1_0.8_9.C	58	4.000	25.600	0.207
BPP_100_200_0.1_0.8_9.C	58	4.000	25.600	0.207
BPP_100_200_0.1_0.8_9.C	58	4.400	25.840	0.200
BPP_100_200_0.1_0.8_9.C	58	3.800	25.480	0.201
BPP_100_200_0.1_0.8_9.C	57	4.200	25.320	0.205
BPP_100_200_0.1_0.8_9.C	57	3.800	25.080	0.223
BPP_100_200_0.1_0.8_9.C	58	4.000	25.600	0.202
BPP_100_200_0.1_0.8_9.C	58	4.000	25.600	0.208
BPP_100_200_0.1_0.8_9.C	58	4.000	25.600	0.198
BPP_100_200_0.1_0.8_9.C	58	4.200	25.720	0.203
BPP_100_300_0.1_0.8_0.C	46	2.600	19.960	0.272
BPP_100_300_0.1_0.8_0.C	46	2.400	19.840	0.273
BPP_100_300_0.1_0.8_0.C	47	2.000	20.000	0.267
BPP_100_300_0.1_0.8_0.C	47	2.000	20.000	0.276
BPP_100_300_0.1_0.8_0.C	47	2.000	20.000	0.273
BPP_100_300_0.1_0.8_0.C	47	2.000	20.000	0.266
BPP_100_300_0.1_0.8_0.C	47	2.000	20.000	0.273
BPP_100_300_0.1_0.8_0.C	47	2.000	20.000	0.273
BPP_100_300_0.1_0.8_0.C	47	2.000	20.000	0.270
BPP_100_300_0.1_0.8_0.C	46	2.400	19.840	0.274
BPP_100_300_0.1_0.8_1.C	44	2.600	19.160	0.284
BPP_100_300_0.1_0.8_1.C	44	2.600	19.160	0.263
BPP_100_300_0.1_0.8_1.C	44	2.600	19.160	0.266
BPP_100_300_0.1_0.8_1.C	44	2.600	19.160	0.257
BPP_100_300_0.1_0.8_1.C	44	2.600	19.160	0.259
BPP_100_300_0.1_0.8_1.C	44	2.600	19.160	0.291
BPP_100_300_0.1_0.8_1.C	44	2.600	19.160	0.264
BPP_100_300_0.1_0.8_1.C	44	2.600	19.160	0.266
BPP_100_300_0.1_0.8_1.C	44	2.600	19.160	0.263
BPP_100_300_0.1_0.8_1.C	44	2.600	19.160	0.282
BPP_100_300_0.1_0.8_2.C	47	6.400	22.640	0.276
BPP_100_300_0.1_0.8_2.C	47	6.200	22.520	0.274
BPP_100_300_0.1_0.8_2.C	48	5.400	22.440	0.292
BPP_100_300_0.1_0.8_2.C	47	6.400	22.640	0.278
BPP_100_300_0.1_0.8_2.C	47	6.000	22.400	0.325
BPP_100_300_0.1_0.8_2.C	47	6.200	22.520	0.296
BPP_100_300_0.1_0.8_2.C	47	6.400	22.640	0.272
BPP_100_300_0.1_0.8_2.C	48	5.600	22.560	0.282
BPP_100_300_0.1_0.8_2.C	47	6.200	22.520	0.276
BPP_100_300_0.1_0.8_2.C	47	6.400	22.640	0.274
BPP_100_300_0.1_0.8_3.C	50	8.200	24.920	0.281
BPP_100_300_0.1_0.8_3.C	50	8.000	24.800	0.281
BPP_100_300_0.1_0.8_3.C	51	7.600	24.960	0.282
BPP_100_300_0.1_0.8_3.C	51	7.600	24.960	0.284
BPP_100_300_0.1_0.8_3.C	51	7.600	24.960	0.282
BPP_100_300_0.1_0.8_3.C	51	7.600	24.960	0.282
BPP_100_300_0.1_0.8_3.C	50	8.000	24.800	0.292
BPP_100_300_0.1_0.8_3.C	51	7.600	24.960	0.285
BPP_100_300_0.1_0.8_3.C	50	8.400	25.040	0.283
BPP_100_300_0.1_0.8_3.C	51	7.800	25.080	0.291
BPP_100_300_0.1_0.8_4.C	44	3.200	19.520	0.257
BPP_100_300_0.1_0.8_4.C	45	2.600	19.560	0.258
BPP_100_300_0.1_0.8_4.C	44	3.200	19.520	0.259
BPP_100_300_0.1_0.8_4.C	44	3.200	19.520	0.262
BPP_100_300_0.1_0.8_4.C	44	3.200	19.520	0.259
BPP_100_300_0.1_0.8_4.C	44	3.200	19.520	0.260
BPP_100_300_0.1_0.8_4.C	44	3.000	19.400	0.308
BPP_100_300_0.1_0.8_4.C	44	3.000	19.400	0.259
BPP_100_300_0.1_0.8_4.C	44	3.200	19.520	0.286
BPP_100_300_0.1_0.8_4.C	44	3.000	19.400	0.254
BPP_100_300_0.1_0.8_5.C	53	2.400	22.640	0.322
BPP_100_300_0.1_0.8_5.C	53	2.400	22.640	0.297
BPP_100_300_0.1_0.8_5.C	53	2.400	22.640	0.330
BPP_100_300_0.1_0.8_5.C	53	2.400	22.640	0.301
BPP_100_300_0.1_0.8_5.C	53	2.400	22.640	0.331
BPP_100_300_0.1_0.8_5.C	53	2.400	22.640	0.311
BPP_100_300_0.1_0.8_5.C	53	2.400	22.640	0.295
BPP_100_300_0.1_0.8_5.C	53	3.000	23.000	0.336
BPP_100_300_0.1_0.8_5.C	53	2.400	22.640	0.315
BPP_100_300_0.1_0.8_5.C	53	2.400	22.640	0.308
BPP_100_300_0.1_0.8_6.C	44	2.200	18.920	0.275
BPP_100_300_0.1_0.8_6.C	44	1.800	18.680	0.258
BPP_100_300_0.1_0.8_6.C	44	2.000	18.800	0.266
BPP_100_300_0.1_0.8_6.C	44	1.800	18.680	0.294
BPP_100_300_0.1_0.8_6.C	44	2.000	18.800	0.258
BPP_100_300_0.1_0.8_6.C	44	2.000	18.800	0.256
BPP_100_300_0.1_0.8_6.C	44	2.200	18.920	0.265
BPP_100_300_0.1_0.8_6.C	44	2.000	18.800	0.259
BPP_100_300_0.1_0.8_6.C	44	1.800	18.680	0.255
BPP_100_300_0.1_0.8_6.C	44	2.000	18.800	0.255
BPP_100_300_0.1_0.8_7.C	50	3.200	21.920	0.331
BPP_100_300_0.1_0.8_7.C	50	2.200	21.320	0.297
BPP_100_300_0.1_0.8_7.C	50	3.200	21.920	0.292
BPP_100_300_0.1_0.8_7.C	50	2.200	21.320	0.304
BPP_100_300_0.1_0.8_7.C	50	3.000	21.800	0.302
BPP_100_300_0.1_0.8_7.C	50	2.600	21.560	0.310
BPP_100_300_0.1_0.8_7.C	50	2.400	21.440	0.295
BPP_100_300_0.1_0.8_7.C	50	2.200	21.320	0.305
BPP_100_300_0.1_0.8_7.C	50	2.600	21.560	0.310
BPP_100_300_0.1_0.8_7.C	50	2.400	21.440	0.306
BPP_100_300_0.1_0.8_8.C	48	1.000	19.800	0.265
BPP_100_300_0.1_0.8_8.C	48	1.000	19.800	0.267
BPP_100_300_0.1_0.8_8.C	48	1.000	19.800	0.267
BPP_100_300_0.1_0.8_8.C	48	1.000	19.800	0.272
BPP_100_300_0.1_0.8_8.C	48	1.000	19.800	0.267
BPP_100_300_0.1_0.8_8.C	48	1.000	19.800	0.270
BPP_100_300_0.1_0.8_8.C	48	1.000	19.800	0.263
BPP_100_300_0.1_0.8_8.C	48	1.000	19.800	0.272
BPP_100_300_0.1_0.8_8.C	48	1.000	19.800	0.271
BPP_100_300_0.1_0.8_8.C	47	1.600	19.760	0.269
BPP_100_300_0.1_0.8_9.C	47	0.400	19.040	0.271
BPP_100_300_0.1_0.8_9.C	47	0.400	19.040	0.272
BPP_100_300_0.1_0.8_9.C	47	0.400	19.040	0.274
BPP_100_300_0.1_0.8_9.C	47	0.400	19.040	0.274
BPP_100_300_0.1_0.8_9.C	47	0.400	19.040	0.277
BPP_100_300_0.1_0.8_9.C	47	0.400	19.040	0.279
BPP_100_300_0.1_0.8_9.C	47	0.400	19.040	0.273
BPP_100_300_0.1_0.8_9.C	47	0.400	19.040	0.270
BPP_100_300_0.1_0.8_9.C	47	0.400	19.040	0.269
BPP_100_300_0.1_0.8_9.C	47	0.400	19.040	0.268
BPP_100_400_0.1_0.8_0.C	46	2.400	19.840	0.368
BPP_100_400_0.1_0.8_0.C	46	2.200	19.720	0.372
BPP_100_400_0.1_0.8_0.C	46	2.600	19.960	0.371
BPP_100_400_0.1_0.8_0.C	46	2.000	19.600	0.386
BPP_100_400_0.1_0.8_0.C	47	2.000	20.000	0.368
BPP_100_400_0.1_0.8_0.C	46	2.400	19.840	0.370
BPP_100_400_0.1_0.8_0.C	46	2.200	19.720	0.382
BPP_100_400_0.1_0.8_0.C	46	2.800	20.080	0.378
BPP_100_400_0.1_0.8_0.C	46	2.200	19.720	0.375
BPP_100_400_0.1_0.8_0.C	46	2.400	19.840	0.372
BPP_100_400_0.1_0.8_1.C	47	2.800	20.480	0.390
BPP_100_400_0.1_0.8_1.C	47	2.800	20.480	0.389
BPP_100_400_0.1_0.8_1.C	46	3.400	20.440	0.387
BPP_100_400_0.1_0.8_1.C	46	3.400	20.440	0.385
BPP_100_400_0.1_0.8_1.C	46	3.400	20.440	0.390
BPP_100_400_0.1_0.8_1.C	47	2.800	20.480	0.382
BPP_100_400_0.1_0.8_1.C	47	2.800	20.480	0.387
BPP_100_400_0.1_0.8_1.C	46	3.600	20.560	0.393
BPP_100_400_0.1_0.8_1.C	46	3.600	20.560	0.405
BPP_100_400_0.1_0.8_1.C	47	3.000	20.600	0.390
BPP_100_400_0.1_0.8_2.C	48	2.400	20.640	0.405
BPP_100_400_0.1_0.8_2.C	48	2.400	20.640	0.393
BPP_100_400_0.1_0.8_2.C	48	2.400	20.640	0.383
BPP_100_400_0.1_0.8_2.C	48	2.400	20.640	0.385
BPP_100_400_0.1_0.8_2.C	48	2.400	20.640	0.383
BPP_100_400_0.1_0.8_2.C	48	2.400	20.640	0.390
BPP_100_400_0.1_0.8_2.C	48	2.400	20.640	0.386
BPP_100_400_0.1_0.8_2.C	48	2.400	20.640	0.390
BPP_100_400_0.1_0.8_2.C	48	2.400	20.640	0.387
BPP_100_400_0.1_0.8_2.C	48	2.400	20.640	0.431
BPP_100_400_0.1_0.8_3.C	49	2.400	21.040	0.386
BPP_100_400_0.1_0.8_3.C	49	2.400	21.040	0.391
BPP_100_400_0.1_0.8_3.C	49	2.400	21.040	0.387
BPP_100_400_0.1_0.8_3.C	49	2.400	21.040	0.386
BPP_100_400_0.1_0.8_3.C	49	2.400	21.040	0.390
BPP_100_400_0.1_0.8_3.C	49	2.400	21.040	0.395
BPP_100_400_0.1_0.8_3.C	49	2.400	21.040	0.388
BPP_100_400_0.1_0.8_3.C	49	2.400	21.040	0.385
BPP_100_400_0.1_0.8_3.C	49	2.400	21.040	0.381
BPP_100_400_0.1_0.8_3.C	49	2.400	21.040	0.387
BPP_100_400_0.1_0.8_4.C	48	1.600	20.160	0.388
BPP_100_400_0.1_0.8_4.C	48	1.600	20.160	0.388
BPP_100_400_0.1_0.8_4.C	48	1.600	20.160	0.386
BPP_100_400_0.1_0.8_4.C	49	1.400	20.440	0.390
BPP_100_400_0.1_0.8_4.C	48	1.400	20.040	0.389
BPP_100_400_0.1_0.8_4.C	48	1.400	20.040	0.387
BPP_100_400_0.1_0.8_4.C	48	1.400	20.040	0.396
BPP_100_400_0.1_0.8_4.C	48	1.600	20.160	0.405
BPP_100_400_0.1_0.8_4.C	49	1.400	20.440	0.387
BPP_100_400_0.1_0.8_4.C	48	1.400	20.040	0.392
BPP_100_400_0.1_0.8_5.C	46	1.400	19.240	0.374
BPP_100_400_0.1_0.8_5.C	46	1.400	19.240	0.373
BPP_100_400_0.1_0.8_5.C	46	1.400	19.240	0.375
BPP_100_400_0.1_0.8_5.C	46	1.400	19.240	0.375
BPP_100_400_0.1_0.8_5.C	46	1.400	19.240	0.390
BPP_100_400_0.1_0.8_5.C	46	1.400	19.240	0.374
BPP_100_400_0.1_0.8_5.C	46	1.400	19.240	0.370
BPP_100_400_0.1_0.8_5.C	46	1.400	19.240	0.374
BPP_100_400_0.1_0.8_5.C	46	1.400	19.240	0.422
BPP_100_400_0.1_0.8_5.C	46	1.400	19.240	0.381
BPP_100_400_0.1_0.8_6.C	50	0.400	20.240	0.392
BPP_100_400_0.1_0.8_6.C	49	0.400	19.840	0.390
BPP_100_400_0.1_0.8_6.C	50	0.400	20.240	0.392
BPP_100_400_0.1_0.8_6.C	50	0.400	20.240	0.392
BPP_100_400_0.1_0.8_6.C	50	0.400	20.240	0.392
BPP_100_400_0.1_0.8_6.C	49	0.400	19.840	0.399
BPP_100_400_0.1_0.8_6.C	49	0.400	19.840	0.395
BPP_100_400_0.1_0.8_6.C	49	0.400	19.840	0.391
BPP_100_400_0.1_0.8_6.C	49	0.400	19.840	0.398
BPP_100_400_0.1_0.8_6.C	49	0.400	19.840	0.389
BPP_100_400_0.1_0.8_7.C	48	1.400	20.040	0.389
BPP_100_400_0.1_0.8_7.C	48	1.400	20.040	0.392
BPP_100_400_0.1_0.8_7.C	48	1.400	20.040	0.391
BPP_100_400_0.1_0.8_7.C	48	1.400	20.040	0.397
BPP_100_400_0.1_0.8_7.C	48	1.400	20.040	0.390
BPP_100_400_0.1_0.8_7.C	48	1.400	20.040	0.397
BPP_100_400_0.1_0.8_7.C	48	1.400	20.040	0.392
BPP_100_400_0.1_0.8_7.C	48	1.400	20.040	0.387
BPP_100_400_0.1_0.8_7.C	48	1.400	20.040	0.391
BPP_100_400_0.1_0.8_7.C	48	1.400	20.040	0.395
BPP_100_400_0.1_0.8_8.C	49	5.000	22.600	0.392
BPP_100_400_0.1_0.8_8.C	49	5.000	22.600	0.397
BPP_100_400_0.1_0.8_8.C	48	5.000	22.200	0.390
BPP_100_400_0.1_0.8_8.C	49	5.000	22.600	0.389
BPP_100_400_0.1_0.8_8.C	49	5.000	22.600	0.392
BPP_100_400_0.1_0.8_8.C	49	5.200	22.720	0.388
BPP_100_400_0.1_0.8_8.C	49	4.800	22.480	0.411
BPP_100_400_0.1_0.8_8.C	48	5.200	22.320	0.389
BPP_100_400_0.1_0.8_8.C	49	5.000	22.600	0.392
BPP_100_400_0.1_0.8_8.C	49	5.000	22.600	0.402
BPP_100_400_0.1_0.8_9.C	49	2.200	20.920	0.403
BPP_100_400_0.1_0.8_9.C	49	2.200	20.920	0.402
BPP_100_400_0.1_0.8_9.C	49	2.200	20.920	0.393
BPP_100_400_0.1_0.8_9.C	49	2.200	20.920	0.396
BPP_100_400_0.1_0.8_9.C	49	2.200	20.920	0.403
BPP_100_400_0.1_0.8_9.C	49	2.200	20.920	0.398
BPP_100_400_0.1_0.8_9.C	49	2.200	20.920	0.410
BPP_100_400_0.1_0.8_9.C	49	2.400	21.040	0.391
BPP_100_400_0.1_0.8_9.C	49	2.400	21.040	0.394
BPP_100_400_0.1_0.8_9.C	49	2.200	20.920	0.407
BPP_100_500_0.1_0.8_0.C	44	3.800	19.880	0.428
BPP_100_500_0.1_0.8_0.C	44	3.800	19.880	0.415
BPP_100_500_0.1_0.8_0.C	44	3.800	19.880	0.439
BPP_100_500_0.1_0.8_0.C	44	4.000	20.000	0.454
BPP_100_500_0.1_0.8_0.C	44	3.800	19.880	0.448
BPP_100_500_0.1_0.8_0.C	44	3.800	19.880	0.470
BPP_100_500_0.1_0.8_0.C	44	3.800	19.880	0.439
BPP_100_500_0.1_0.8_0.C	44	3.600	19.760	0.415
BPP_100_500_0.1_0.8_0.C	44	3.800	19.880	0.521
BPP_100_500_0.1_0.8_0.C	44	3.800	19.880	0.484
BPP_100_500_0.1_0.8_1.C	50	1.600	20.960	0.493
BPP_100_500_0.1_0.8_1.C	50	1.400	20.840	0.581
BPP_100_500_0.1_0.8_1.C	50	1.600	20.960	0.510
BPP_100_500_0.1_0.8_1.C	50	1.600	20.960	0.491
BPP_100_500_0.1_0.8_1.C	50	1.400	20.840	0.529
BPP_100_500_0.1_0.8_1.C	50	1.600	20.960	0.467
BPP_100_500_0.1_0.8_1.C	50	1.600	20.960	0.513
BPP_100_500_0.1_0.8_1.C	50	1.600	20.960	0.514
BPP_100_500_0.1_0.8_1.C	50	1.600	20.960	0.470
BPP_100_500_0.1_0.8_1.C	50	1.600	20.960	0.500
BPP_100_500_0.1_0.8_2.C	47	0.200	18.920	0.423
BPP_100_500_0.1_0.8_2.C	47	0.200	18.920	0.426
BPP_100_500_0.1_0.8_2.C	47	0.200	18.920	0.421
BPP_100_500_0.1_0.8_2.C	47	0.200	18.920	0.422
BPP_100_500_0.1_0.8_2.C	47	0.200	18.920	0.437
BPP_100_500_0.1_0.8_2.C	47	0.200	18.920	0.433
BPP_100_500_0.1_0.8_2.C	47	0.200	18.920	0.426
BPP_100_500_0.1_0.8_2.C	47	0.200	18.920	0.432
BPP_100_500_0.1_0.8_2.C	47	0.200	18.920	0.444
BPP_100_500_0.1_0.8_2.C	47	0.200	18.920	0.435
BPP_100_500_0.1_0.8_3.C	51	10.600	26.760	0.462
BPP_100_500_0.1_0.8_3.C	50	11.200	26.720	0.452
BPP_100_500_0.1_0.8_3.C	51	10.600	26.760	0.452
BPP_100_500_0.1_0.8_3.C	51	10.600	26.760	0.457
BPP_100_500_0.1_0.8_3.C	51	10.600	26.760	0.470
BPP_100_500_0.1_0.8_3.C	50	11.000	26.600	0.449
BPP_100_500_0.1_0.8_3.C	50	11.000	26.600	0.453
BPP_100_500_0.1_0.8_3.C	51	10.600	26.760	0.449
BPP_100_500_0.1_0.8_3.C	51	10.600	26.760	0.463
BPP_100_500_0.1_0.8_3.C	51	10.600	26.760	0.488
BPP_100_500_0.1_0.8_4.C	48	7.000	23.400	0.437
BPP_100_500_0.1_0.8_4.C	49	6.800	23.680	0.435
BPP_100_500_0.1_0.8_4.C	49	6.600	23.560	0.442
BPP_100_500_0.1_0.8_4.C	48	6.600	23.160	0.434
BPP_100_500_0.1_0.8_4.C	48	7.000	23.400	0.439
BPP_100_500_0.1_0.8_4.C	48	7.400	23.640	0.431
BPP_100_500_0.1_0.8_4.C	48	7.600	23.760	0.442
BPP_100_500_0.1_0.8_4.C	47	7.800	23.480	0.436
BPP_100_500_0.1_0.8_4.C	48	7.000	23.400	0.434
BPP_100_500_0.1_0.8_4.C	47	7.600	23.360	0.434
BPP_100_500_0.1_0.8_5.C	54	1.000	22.200	0.471
BPP_100_500_0.1_0.8_5.C	54	1.000	22.200	0.523
BPP_100_500_0.1_0.8_5.C	54	1.000	22.200	0.511
BPP_100_500_0.1_0.8_5.C	54	1.400	22.440	0.566
BPP_100_500_0.1_0.8_5.C	54	1.000	22.200	0.497
BPP_100_500_0.1_0.8_5.C	54	1.000	22.200	0.539
BPP_100_500_0.1_0.8_5.C	54	1.200	22.320	0.526
BPP_100_500_0.1_0.8_5.C	54	1.000	22.200	0.622
BPP_100_500_0.1_0.8_5.C	54	1.000	22.200	0.541
BPP_100_500_0.1_0.8_5.C	54	1.000	22.200	0.504
BPP_100_500_0.1_0.8_6.C	50	2.400	21.440	0.616
BPP_100_500_0.1_0.8_6.C	50	2.200	21.320	0.646
BPP_100_500_0.1_0.8_6.C	50	2.400	21.440	0.613
BPP_100_500_0.1_0.8_6.C	50	2.400	21.440	0.643
BPP_100_500_0.1_0.8_6.C	50	2.000	21.200	0.608
BPP_100_500_0.1_0.8_6.C	50	2.400	21.440	0.608
BPP_100_500_0.1_0.8_6.C	50	2.200	21.320	0.950
BPP_100_500_0.1_0.8_6.C	49	2.600	21.160	0.745
BPP_100_500_0.1_0.8_6.C	49	2.400	21.040	0.785
BPP_100_500_0.1_0.8_6.C	50	2.400	21.440	0.760
BPP_100_500_0.1_0.8_7.C	50	3.200	21.920	0.448
BPP_100_500_0.1_0.8_7.C	50	3.600	22.160	0.443
BPP_100_500_0.1_0.8_7.C	50	3.400	22.040	0.442
BPP_100_500_0.1_0.8_7.C	50	3.400	22.040	0.453
BPP_100_500_0.1_0.8_7.C	50	3.000	21.800	0.453
BPP_100_500_0.1_0.8_7.C	50	3.400	22.040	0.453
BPP_100_500_0.1_0.8_7.C	50	3.600	22.160	0.447
BPP_100_500_0.1_0.8_7.C	50	3.400	22.040	0.445
BPP_100_500_0.1_0.8_7.C	50	3.000	21.800	0.443
BPP_100_500_0.1_0.8_7.C	50	3.400	22.040	0.448
BPP_100_500_0.1_0.8_8.C	48	2.600	20.760	0.430
BPP_100_500_0.1_0.8_8.C	48	2.600	20.760	0.429
BPP_100_500_0.1_0.8_8.C	48	2.600	20.760	0.432
BPP_100_500_0.1_0.8_8.C	48	2.600	20.760	0.478
BPP_100_500_0.1_0.8_8.C	48	2.600	20.760	0.441
BPP_100_500_0.1_0.8_8.C	48	2.600	20.760	0.434
BPP_100_500_0.1_0.8_8.C	48	2.600	20.760	0.436
BPP_100_500_0.1_0.8_8.C	48	2.600	20.760	0.436
BPP_100_500_0.1_0.8_8.C	48	2.600	20.760	0.500
BPP_100_500_0.1_0.8_8.C	48	2.600	20.760	0.529
BPP_100_500_0.1_0.8_9.C	47	3.600	20.960	0.439
BPP_100_500_0.1_0.8_9.C	47	3.600	20.960	0.440
BPP_100_500_0.1_0.8_9.C	47	3.600	20.960	0.424
BPP_100_500_0.1_0.8_9.C	47	3.600	20.960	0.442
BPP_100_500_0.1_0.8_9.C	47	3.600	20.960	0.429
BPP_100_500_0.1_0.8_9.C	47	3.600	20.960	0.493
BPP_100_500_0.1_0.8_9.C	47	3.600	20.960	0.518
BPP_100_500_0.1_0.8_9.C	47	3.600	20.960	0.498
BPP_100_500_0.1_0.8_9.C	47	3.600	20.960	0.475
BPP_100_500_0.1_0.8_9.C	47	3.600	20.960	0.460
BPP_100_50_0.1_0.8_0.C	44	0.400	17.840	0.046
BPP_100_50_0.1_0.8_0.C	44	0.400	17.840	0.045
BPP_100_50_0.1_0.8_0.C	44	0.600	17.960	0.049
BPP_100_50_0.1_0.8_0.C	44	0.600	17.960	0.050
BPP_100_50_0.1_0.8_0.C	44	0.400	17.840	0.046
BPP_100_50_0.1_0.8_0.C	44	0.600	17.960	0.050
BPP_100_50_0.1_0.8_0.C	44	0.400	17.840	0.045
BPP_100_50_0.1_0.8_0.C	44	0.600	17.960	0.049
BPP_100_50_0.1_0.8_0.C	44	0.400	17.840	0.048
BPP_100_50_0.1_0.8_0.C	44	0.400	17.840	0.046
BPP_100_50_0.1_0.8_1.C	45	3.800	20.280	0.049
BPP_100_50_0.1_0.8_1.C	45	3.600	20.160	0.051
BPP_100_50_0.1_0.8_1.C	45	4.000	20.400	0.049
BPP_100_50_0.1_0.8_1.C	45	3.600	20.160	0.048
BPP_100_50_0.1_0.8_1.C	45	3.600	20.160	0.051
BPP_100_50_0.1_0.8_1.C	45	3.800	20.280	0.048
BPP_100_50_0.1_0.8_1.C	45	4.000	20.400	0.052
BPP_100_50_0.1_0.8_1.C	45	4.000	20.400	0.049
BPP_100_50_0.1_0.8_1.C	45	3.600	20.160	0.050
BPP_100_50_0.1_0.8_1.C	45	3.600	20.160	0.048
BPP_100_50_0.1_0.8_2.C	51	5.000	23.400	0.067
BPP_100_50_0.1_0.8_2.C	51	4.800	23.280	0.064
BPP_100_50_0.1_0.8_2.C	51	5.000	23.400	0.068
BPP_100_50_0.1_0.8_2.C	51	5.000	23.400	0.064
BPP_100_50_0.1_0.8_2.C	51	4.800	23.280	0.070
BPP_100_50_0.1_0.8_2.C	51	4.800	23.280	0.074
BPP_100_50_0.1_0.8_2.C	51	4.800	23.280	0.068
BPP_100_50_0.1_0.8_2.C	51	5.000	23.400	0.068
BPP_100_50_0.1_0.8_2.C	51	5.600	23.760	0.064
BPP_100_50_0.1_0.8_2.C	51	5.000	23.400	0.069
BPP_100_50_0.1_0.8_3.C	48	3.400	21.240	0.052
BPP_100_50_0.1_0.8_3.C	48	3.200	21.120	0.058
BPP_100_50_0.1_0.8_3.C	48	2.800	20.880	0.058
BPP_100_50_0.1_0.8_3.C	47	3.400	20.840	0.059
BPP_100_50_0.1_0.8_3.C	48	3.600	21.360	0.055
BPP_100_50_0.1_0.8_3.C	47	3.800	21.080	0.055
BPP_100_50_0.1_0.8_3.C	48	3.400	21.240	0.050
BPP_100_50_0.1_0.8_3.C	48	3.200	21.120	0.054
BPP_100_50_0.1_0.8_3.C	48	3.400	21.240	0.052
BPP_100_50_0.1_0.8_3.C	48	3.400	21.240	0.051
BPP_100_50_0.1_0.8_4.C	43	1.400	18.040	0.047
BPP_100_50_0.1_0.8_4.C	43	1.400	18.040	0.047
BPP_100_50_0.1_0.8_4.C	43	1.400	18.040	0.045
BPP_100_50_0.1_0.8_4.C	43	1.400	18.040	0.046
BPP_100_50_0.1_0.8_4.C	43	1.400	18.040	0.045
BPP_100_50_0.1_0.8_4.C	43	1.400	18.040	0.047
BPP_100_50_0.1_0.8_4.C	43	1.400	18.040	0.047
BPP_100_50_0.1_0.8_4.C	43	1.400	18.040	0.046
BPP_100_50_0.1_0.8_4.C	43	1.600	18.160	0.047
BPP_100_50_0.1_0.8_4.C	43	1.400	18.040	0.048
BPP_100_50_0.1_0.8_5.C	43	1.600	18.160	0.047
BPP_100_50_0.1_0.8_5.C	43	1.600	18.160	0.046
BPP_100_50_0.1_0.8_5.C	43	1.400	18.040	0.046
BPP_100_50_0.1_0.8_5.C	43	1.600	18.160	0.046
BPP_100_50_0.1_0.8_5.C	43	1.600	18.160	0.049
BPP_100_50_0.1_0.8_5.C	43	1.600	18.160	0.049
BPP_100_50_0.1_0.8_5.C	43	1.600	18.160	0.045
BPP_100_50_0.1_0.8_5.C	44	1.400	18.440	0.045
BPP_100_50_0.1_0.8_5.C	43	1.600	18.160	0.044
BPP_100_50_0.1_0.8_5.C	44	1.400	18.440	0.047
BPP_100_50_0.1_0.8_6.C	45	1.400	18.840	0.050
BPP_100_50_0.1_0.8_6.C	45	1.400	18.840	0.050
BPP_100_50_0.1_0.8_6.C	45	1.400	18.840	0.050
BPP_100_50_0.1_0.8_6.C	45	1.400	18.840	0.048
BPP_100_50_0.1_0.8_6.C	45	1.400	18.840	0.050
BPP_100_50_0.1_0.8_6.C	45	1.400	18.840	0.047
BPP_100_50_0.1_0.8_6.C	45	1.400	18.840	0.046
BPP_100_50_0.1_0.8_6.C	45	1.400	18.840	0.050
BPP_100_50_0.1_0.8_6.C	45	1.400	18.840	0.047
BPP_100_50_0.1_0.8_6.C	45	1.400	18.840	0.048
BPP_100_50_0.1_0.8_7.C	47	1.400	19.640	0.048
BPP_100_50_0.1_0.8_7.C	47	1.400	19.640	0.050
BPP_100_50_0.1_0.8_7.C	47	1.400	19.640	0.051
BPP_100_50_0.1_0.8_7.C	47	1.400	19.640	0.049
BPP_100_50_0.1_0.8_7.C	47	1.400	19.640	0.050
BPP_100_50_0.1_0.8_7.C	47	1.400	19.640	0.051
BPP_100_50_0.1_0.8_7.C	47	1.400	19.640	0.051
BPP_100_50_0.1_0.8_7.C	47	1.400	19.640	0.051
BPP_100_50_0.1_0.8_7.C	47	1.400	19.640	0.051
BPP_100_50_0.1_0.8_7.C	47	1.400	19.640	0.049
BPP_100_50_0.1_0.8_8.C	48	3.200	21.120	0.055
BPP_100_50_0.1_0.8_8.C	48	3.000	21.000	0.056
BPP_100_50_0.1_0.8_8.C	48	3.600	21.360	0.053
BPP_100_50_0.1_0.8_8.C	48	3.000	21.000	0.054
BPP_100_50_0.1_0.8_8.C	48	3.000	21.000	0.055
BPP_100_50_0.1_0.8_8.C	48	2.600	20.760	0.059
BPP_100_50_0.1_0.8_8.C	48	3.600	21.360	0.051
BPP_100_50_0.1_0.8_8.C	48	3.000	21.000	0.056
BPP_100_50_0.1_0.8_8.C	48	3.800	21.480	0.057
BPP_100_50_0.1_0.8_8.C	48	3.800	21.480	0.054
BPP_100_50_0.1_0.8_9.C	47	4.800	21.680	0.051
BPP_100_50_0.1_0.8_9.C	47	4.800	21.680	0.058
BPP_100_50_0.1_0.8_9.C	47	4.600	21.560	0.052
BPP_100_50_0.1_0.8_9.C	47	4.600	21.560	0.053
BPP_100_50_0.1_0.8_9.C	47	4.600	21.560	0.050
BPP_100_50_0.1_0.8_9.C	47	4.600	21.560	0.053
BPP_100_50_0.1_0.8_9.C	47	4.600	21.560	0.052
BPP_100_50_0.1_0.8_9.C	47	4.400	21.440	0.055
BPP_100_50_0.1_0.8_9.C	47	4.200	21.320	0.056
BPP_100_50_0.1_0.8_9.C	47	4.800	21.680	0.050
BPP_100_750_0.1_0.8_0.C	46	2.000	19.600	0.670
BPP_100_750_0.1_0.8_0.C	46	2.000	19.600	0.676
BPP_100_750_0.1_0.8_0.C	46	2.000	19.600	0.730
BPP_100_750_0.1_0.8_0.C	46	2.000	19.600	0.660
BPP_100_750_0.1_0.8_0.C	45	2.000	19.200	0.702
BPP_100_750_0.1_0.8_0.C	46	2.000	19.600	0.734
BPP_100_750_0.1_0.8_0.C	45	2.000	19.200	0.656
BPP_100_750_0.1_0.8_0.C	45	2.000	19.200	0.638
BPP_100_750_0.1_0.8_0.C	46	2.000	19.600	0.603
BPP_100_750_0.1_0.8_0.C	46	2.000	19.600	0.607
BPP_100_750_0.1_0.8_1.C	45	2.000	19.200	0.603
BPP_100_750_0.1_0.8_1.C	45	2.000	19.200	0.602
BPP_100_750_0.1_0.8_1.C	45	2.000	19.200	0.603
BPP_100_750_0.1_0.8_1.C	45	2.000	19.200	0.602
BPP_100_750_0.1_0.8_1.C	45	2.000	19.200	0.605
BPP_100_750_0.1_0.8_1.C	45	2.000	19.200	0.620
BPP_100_750_0.1_0.8_1.C	45	2.000	19.200	0.603
BPP_100_750_0.1_0.8_1.C	45	2.000	19.200	0.609
BPP_100_750_0.1_0.8_1.C	45	2.000	19.200	0.623
BPP_100_750_0.1_0.8_1.C	45	2.000	19.200	0.611
BPP_100_750_0.1_0.8_2.C	45	2.200	19.320	0.631
BPP_100_750_0.1_0.8_2.C	45	2.000	19.200	0.621
BPP_100_750_0.1_0.8_2.C	45	2.000	19.200	0.636
BPP_100_750_0.1_0.8_2.C	45	2.000	19.200	0.628
BPP_100_750_0.1_0.8_2.C	45	2.000	19.200	0.689
BPP_100_750_0.1_0.8_2.C	45	2.000	19.200	0.636
BPP_100_750_0.1_0.8_2.C	45	2.000	19.200	0.631
BPP_100_750_0.1_0.8_2.C	45	2.000	19.200	0.610
BPP_100_750_0.1_0.8_2.C	45	2.000	19.200	0.629
BPP_100_750_0.1_0.8_2.C	45	2.000	19.200	0.661
BPP_100_750_0.1_0.8_3.C	49	2.800	21.280	0.657
BPP_100_750_0.1_0.8_3.C	49	2.800	21.280	0.654
BPP_100_750_0.1_0.8_3.C	49	2.800	21.280	0.655
BPP_100_750_0.1_0.8_3.C	49	2.800	21.280	0.645
BPP_100_750_0.1_0.8_3.C	49	2.800	21.280	0.661
BPP_100_750_0.1_0.8_3.C	49	2.600	21.160	0.651
BPP_100_750_0.1_0.8_3.C	49	2.800	21.280	0.643
BPP_100_750_0.1_0.8_3.C	49	2.800	21.280	0.694
BPP_100_750_0.1_0.8_3.C	49	2.800	21.280	0.660
BPP_100_750_0.1_0.8_3.C	49	2.800	21.280	0.647
BPP_100_750_0.1_0.8_4.C	52	3.600	22.960	0.690
BPP_100_750_0.1_0.8_4.C	52	3.600	22.960	0.703
BPP_100_750_0.1_0.8_4.C	52	3.600	22.960	0.688
BPP_100_750_0.1_0.8_4.C	52	3.600	22.960	0.680
BPP_100_750_0.1_0.8_4.C	52	3.600	22.960	0.737
BPP_100_750_0.1_0.8_4.C	52	3.600	22.960	0.692
BPP_100_750_0.1_0.8_4.C	52	3.600	22.960	0.682
BPP_100_750_0.1_0.8_4.C	52	3.600	22.960	0.688
BPP_100_750_0.1_0.8_4.C	52	3.600	22.960	0.695
BPP_100_750_0.1_0.8_4.C	52	3.600	22.960	0.680
BPP_100_750_0.1_0.8_5.C	50	-0.000	20.000	0.644
BPP_100_750_0.1_0.8_5.C	50	-0.000	20.000	0.650
BPP_100_750_0.1_0.8_5.C	50	-0.000	20.000	0.643
BPP_100_750_0.1_0.8_5.C	50	-0.000	20.000	0.643
BPP_100_750_0.1_0.8_5.C	50	-0.000	20.000	0.647
BPP_100_750_0.1_0.8_5.C	50	-0.000	20.000	0.666
BPP_100_750_0.1_0.8_5.C	50	-0.000	20.000	0.651
BPP_100_750_0.1_0.8_5.C	50	-0.000	20.000	0.687
BPP_100_750_0.1_0.8_5.C	50	-0.000	20.000	0.659
BPP_100_750_0.1_0.8_5.C	50	-0.000	20.000	0.660
BPP_100_750_0.1_0.8_6.C	46	0.000	18.400	0.613
BPP_100_750_0.1_0.8_6.C	45	-0.000	18.000	0.605
BPP_100_750_0.1_0.8_6.C	46	0.000	18.400	0.604
BPP_100_750_0.1_0.8_6.C	45	-0.000	18.000	0.605
BPP_100_750_0.1_0.8_6.C	45	-0.000	18.000	0.606
BPP_100_750_0.1_0.8_6.C	46	0.000	18.400	0.603
BPP_100_750_0.1_0.8_6.C	46	0.000	18.400	0.599
BPP_100_750_0.1_0.8_6.C	46	0.000	18.400	0.603
BPP_100_750_0.1_0.8_6.C	46	0.000	18.400	0.615
BPP_100_750_0.1_0.8_6.C	45	-0.000	18.000	0.595
BPP_100_750_0.1_0.8_7.C	51	0.000	20.400	0.639
BPP_100_750_0.1_0.8_7.C	51	0.000	20.400	0.641
BPP_100_750_0.1_0.8_7.C	51	0.000	20.400	0.638
BPP_100_750_0.1_0.8_7.C	51	0.000	20.400	0.641
BPP_100_750_0.1_0.8_7.C	51	0.000	20.400	0.643
BPP_100_750_0.1_0.8_7.C	51	0.000	20.400	0.688
BPP_100_750_0.1_0.8_7.C	51	0.000	20.400	0.664
BPP_100_750_0.1_0.8_7.C	51	0.000	20.400	0.645
BPP_100_750_0.1_0.8_7.C	51	0.000	20.400	0.659
BPP_100_750_0.1_0.8_7.C	51	0.000	20.400	0.645
BPP_100_750_0.1_0.8_8.C	45	0.800	18.480	0.619
BPP_100_750_0.1_0.8_8.C	45	0.800	18.480	0.658
BPP_100_750_0.1_0.8_8.C	44	0.800	18.080	0.661
BPP_100_750_0.1_0.8_8.C	44	0.800	18.080	0.686
BPP_100_750_0.1_0.8_8.C	45	0.800	18.480	0.627
BPP_100_750_0.1_0.8_8.C	45	0.800	18.480	0.656
BPP_100_750_0.1_0.8_8.C	44	0.800	18.080	0.671
BPP_100_750_0.1_0.8_8.C	45	0.800	18.480	0.675
BPP_100_750_0.1_0.8_8.C	45	0.800	18.480	0.652
BPP_100_750_0.1_0.8_8.C	45	0.800	18.480	0.649
BPP_100_750_0.1_0.8_9.C	44	0.800	18.080	0.670
BPP_100_750_0.1_0.8_9.C	45	0.800	18.480	0.670
BPP_100_750_0.1_0.8_9.C	44	0.800	18.080	0.708
BPP_100_750_0.1_0.8_9.C	44	0.800	18.080	0.642
BPP_100_750_0.1_0.8_9.C	45	0.800	18.480	0.673
BPP_100_750_0.1_0.8_9.C	44	0.800	18.080	0.691
BPP_100_750_0.1_0.8_9.C	44	0.800	18.080	0.686
BPP_100_750_0.1_0.8_9.C	45	0.800	18.480	0.655
BPP_100_750_0.1_0.8_9.C	44	0.800	18.080	0.667
BPP_100_750_0.1_0.8_9.C	45	0.800	18.480	0.671
BPP_100_75_0.1_0.8_0.C	51	0.000	20.400	0.078
BPP_100_75_0.1_0.8_0.C	51	0.000	20.400	0.081
BPP_100_75_0.1_0.8_0.C	51	0.000	20.400	0.080
BPP_100_75_0.1_0.8_0.C	51	0.000	20.400	0.077
BPP_100_75_0.1_0.8_0.C	51	0.000	20.400	0.081
BPP_100_75_0.1_0.8_0.C	51	0.000	20.400	0.078
BPP_100_75_0.1_0.8_0.C	51	0.000	20.400	0.080
BPP_100_75_0.1_0.8_0.C	51	0.000	20.400	0.079
BPP_100_75_0.1_0.8_0.C	51	0.000	20.400	0.080
BPP_100_75_0.1_0.8_0.C	51	0.000	20.400	0.077
BPP_100_75_0.1_0.8_1.C	47	3.800	21.080	0.075
BPP_100_75_0.1_0.8_1.C	47	3.800	21.080	0.074
BPP_100_75_0.1_0.8_1.C	47	3.600	20.960	0.078
BPP_100_75_0.1_0.8_1.C	47	3.600	20.960	0.073
BPP_100_75_0.1_0.8_1.C	47	3.800	21.080	0.076
BPP_100_75_0.1_0.8_1.C	47	3.800	21.080	0.077
BPP_100_75_0.1_0.8_1.C	47	3.800	21.080	0.074
BPP_100_75_0.1_0.8_1.C	47	3.800	21.080	0.074
BPP_100_75_0.1_0.8_1.C	47	3.600	20.960	0.077
BPP_100_75_0.1_0.8_1.C	47	3.600	20.960	0.074
BPP_100_75_0.1_0.8_2.C	47	5.600	22.160	0.074
BPP_100_75_0.1_0.8_2.C	47	5.600	22.160	0.075
BPP_100_75_0.1_0.8_2.C	47	5.600	22.160	0.075
BPP_100_75_0.1_0.8_2.C	47	5.600	22.160	0.076
BPP_100_75_0.1_0.8_2.C	47	5.400	22.040	0.079
BPP_100_75_0.1_0.8_2.C	47	5.400	22.040	0.075
BPP_100_75_0.1_0.8_2.C	47	5.600	22.160	0.076
BPP_100_75_0.1_0.8_2.C	47	5.400	22.040	0.076
BPP_100_75_0.1_0.8_2.C	47	5.600	22.160	0.075
BPP_100_75_0.1_0.8_2.C	47	5.800	22.280	0.079
BPP_100_75_0.1_0.8_3.C	52	1.800	21.880	0.079
BPP_100_75_0.1_0.8_3.C	52	1.800	21.880	0.086
BPP_100_75_0.1_0.8_3.C	52	2.200	22.120	0.083
BPP_100_75_0.1_0.8_3.C	52	1.600	21.760	0.089
BPP_100_75_0.1_0.8_3.C	52	2.000	22.000	0.079
BPP_100_75_0.1_0.8_3.C	52	1.800	21.880	0.082
BPP_100_75_0.1_0.8_3.C	52	2.000	22.000	0.085
BPP_100_75_0.1_0.8_3.C	52	2.000	22.000	0.080
BPP_100_75_0.1_0.8_3.C	52	1.800	21.880	0.081
BPP_100_75_0.1_0.8_3.C	52	1.800	21.880	0.080
BPP_100_75_0.1_0.8_4.C	49	0.200	19.720	0.077
BPP_100_75_0.1_0.8_4.C	49	0.200	19.720	0.077
BPP_100_75_0.1_0.8_4.C	49	0.200	19.720	0.078
BPP_100_75_0.1_0.8_4.C	49	0.200	19.720	0.078
BPP_100_75_0.1_0.8_4.C	49	0.200	19.720	0.077
BPP_100_75_0.1_0.8_4.C	49	0.200	19.720	0.079
BPP_100_75_0.1_0.8_4.C	49	0.200	19.720	0.078
BPP_100_75_0.1_0.8_4.C	49	0.200	19.720	0.077
BPP_100_75_0.1_0.8_4.C	49	0.200	19.720	0.077
BPP_100_75_0.1_0.8_4.C	49	0.200	19.720	0.078
BPP_100_75_0.1_0.8_5.C	49	0.200	19.720	0.078
BPP_100_75_0.1_0.8_5.C	49	0.200	19.720	0.081
BPP_100_75_0.1_0.8_5.C	49	0.200	19.720	0.079
BPP_100_75_0.1_0.8_5.C	49	0.200	19.720	0.080
BPP_100_75_0.1_0.8_5.C	49	0.200	19.720	0.079
BPP_100_75_0.1_0.8_5.C	48	0.400	19.440	0.078
BPP_100_75_0.1_0.8_5.C	49	0.200	19.720	0.078
BPP_100_75_0.1_0.8_5.C	49	0.200	19.720	0.080
BPP_100_75_0.1_0.8_5.C	48	0.800	19.680	0.077
BPP_100_75_0.1_0.8_5.C	49	0.200	19.720	0.078
BPP_100_75_0.1_0.8_6.C	45	0.400	18.240	0.074
BPP_100_75_0.1_0.8_6.C	45	0.400	18.240	0.072
BPP_100_75_0.1_0.8_6.C	45	0.400	18.240	0.072
BPP_100_75_0.1_0.8_6.C	45	0.400	18.240	0.074
BPP_100_75_0.1_0.8_6.C	45	0.400	18.240	0.073
BPP_100_75_0.1_0.8_6.C	45	0.400	18.240	0.074
BPP_100_75_0.1_0.8_6.C	45	0.400	18.240	0.073
BPP_100_75_0.1_0.8_6.C	45	0.400	18.240	0.072
BPP_100_75_0.1_0.8_6.C	45	0.400	18.240	0.074
BPP_100_75_0.1_0.8_6.C	45	0.400	18.240	0.074
BPP_100_75_0.1_0.8_7.C	49	0.200	19.720	0.076
BPP_100_75_0.1_0.8_7.C	49	0.200	19.720	0.078
BPP_100_75_0.1_0.8_7.C	49	0.200	19.720	0.076
BPP_100_75_0.1_0.8_7.C	49	0.200	19.720	0.078
BPP_100_75_0.1_0.8_7.C	49	0.200	19.720	0.078
BPP_100_75_0.1_0.8_7.C	48	0.200	19.320	0.078
BPP_100_75_0.1_0.8_7.C	49	0.200	19.720	0.077
BPP_100_75_0.1_0.8_7.C	49	0.200	19.720	0.076
BPP_100_75_0.1_0.8_7.C	49	0.200	19.720	0.075
BPP_100_75_0.1_0.8_7.C	48	0.200	19.320	0.077
BPP_100_75_0.1_0.8_8.C	48	0.200	19.320	0.077
BPP_100_75_0.1_0.8_8.C	48	0.200	19.320	0.077
BPP_100_75_0.1_0.8_8.C	48	0.200	19.320	0.076
BPP_100_75_0.1_0.8_8.C	48	0.200	19.320	0.077
BPP_100_75_0.1_0.8_8.C	48	0.200	19.320	0.077
BPP_100_75_0.1_0.8_8.C	48	0.200	19.320	0.075
BPP_100_75_0.1_0.8_8.C	48	0.200	19.320	0.076
BPP_100_75_0.1_0.8_8.C	48	0.200	19.320	0.078
BPP_100_75_0.1_0.8_8.C	48	0.200	19.320	0.076
BPP_100_75_0.1_0.8_8.C	48	0.200	19.320	0.076
BPP_100_75_0.1_0.8_9.C	50	0.200	20.120	0.079
BPP_100_75_0.1_0.8_9.C	50	0.200	20.120	0.078
BPP_100_75_0.1_0.8_9.C	50	0.200	20.120	0.080
BPP_100_75_0.1_0.8_9.C	50	0.200	20.120	0.080
BPP_100_75_0.1_0.8_9.C	50	0.200	20.120	0.078
BPP_100_75_0.1_0.8_9.C	50	0.200	20.120	0.079
BPP_100_75_0.1_0.8_9.C	50	0.200	20.120	0.077
BPP_100_75_0.1_0.8_9.C	50	0.200	20.120	0.080
BPP_100_75_0.1_0.8_9.C	50	0.200	20.120	0.079
BPP_100_75_0.1_0.8_9.C	50	0.200	20.120	0.079
BPP_200_1000_0.1_0.8_0.C	95	-0.000	38.000	4.295
BPP_200_1000_0.1_0.8_0.C	95	-0.000	38.000	4.253
BPP_200_1000_0.1_0.8_0.C	95	-0.000	38.000	4.303
BPP_200_1000_0.1_0.8_0.C	95	-0.000	38.000	4.355
BPP_200_1000_0.1_0.8_0.C	95	-0.000	38.000	4.257
BPP_200_1000_0.1_0.8_0.C	95	-0.000	38.000	4.383
BPP_200_1000_0.1_0.8_0.C	95	-0.000	38.000	4.265
BPP_200_1000_0.1_0.8_0.C	95	-0.000	38.000	4.366
BPP_200_1000_0.1_0.8_0.C	95	-0.000	38.000	4.340
BPP_200_1000_0.1_0.8_0.C	95	-0.000	38.000	4.445
BPP_200_1000_0.1_0.8_1.C	95	1.800	39.080	4.221
BPP_200_1000_0.1_0.8_1.C	95	1.800	39.080	4.277
BPP_200_1000_0.1_0.8_1.C	95	2.000	39.200	4.240
BPP_200_1000_0.1_0.8_1.C	95	2.200	39.320	4.235
BPP_200_1000_0.1_0.8_1.C	95	1.800	39.080	4.222
BPP_200_1000_0.1_0.8_1.C	95	1.800	39.080	4.365
BPP_200_1000_0.1_0.8_1.C	95	2.000	39.200	4.276
BPP_200_1000_0.1_0.8_1.C	95	2.000	39.200	4.276
BPP_200_1000_0.1_0.8_1.C	95	1.800	39.080	4.225
BPP_200_1000_0.1_0.8_1.C	95	2.200	39.320	4.482
BPP_200_1000_0.1_0.8_2.C	95	1.800	39.080	4.277
BPP_200_1000_0.1_0.8_2.C	95	1.400	38.840	4.310
BPP_200_1000_0.1_0.8_2.C	95	1.600	38.960	4.257
BPP_200_1000_0.1_0.8_2.C	96	1.000	39.000	4.334
BPP_200_1000_0.1_0.8_2.C	95	1.600	38.960	4.287
BPP_200_1000_0.1_0.8_2.C	96	1.200	39.120	4.333
BPP_200_1000_0.1_0.8_2.C	95	1.400	38.840	4.268
BPP_200_1000_0.1_0.8_2.C	95	1.600	38.960	4.316
BPP_200_1000_0.1_0.8_2.C	96	1.000	39.000	4.274
BPP_200_1000_0.1_0.8_2.C	96	1.000	39.000	4.265
BPP_200_1000_0.1_0.8_3.C	92	2.800	38.480	4.181
BPP_200_1000_0.1_0.8_3.C	92	2.400	38.240	4.172
BPP_200_1000_0.1_0.8_3.C	92	2.800	38.480	5.861
BPP_200_1000_0.1_0.8_3.C	92	3.000	38.600	4.283
BPP_200_1000_0.1_0.8_3.C	92	2.200	38.120	5.796
BPP_200_1000_0.1_0.8_3.C	92	2.800	38.480	5.772
BPP_200_1000_0.1_0.8_3.C	92	3.000	38.600	6.103
BPP_200_1000_0.1_0.8_3.C	92	2.800	38.480	5.280
BPP_200_1000_0.1_0.8_3.C	92	2.800	38.480	4.107
BPP_200_1000_0.1_0.8_3.C	92	3.000	38.600	4.188
BPP_200_1000_0.1_0.8_4.C	93	2.800	38.880	6.117
BPP_200_1000_0.1_0.8_4.C	93	3.200	39.120	4.297
BPP_200_1000_0.1_0.8_4.C	93	2.600	38.760	5.969
BPP_200_1000_0.1_0.8_4.C	93	3.000	39.000	4.291
BPP_200_1000_0.1_0.8_4.C	93	3.400	39.240	4.296
BPP_200_1000_0.1_0.8_4.C	93	2.800	38.880	5.995
BPP_200_1000_0.1_0.8_4.C	93	2.800	38.880	4.449
BPP_200_1000_0.1_0.8_4.C	93	3.200	39.120	4.342
BPP_200_1000_0.1_0.8_4.C	93	3.600	39.360	4.178
BPP_200_1000_0.1_0.8_4.C	93	2.800	38.880	4.209
BPP_200_1000_0.1_0.8_5.C	93	0.000	37.200	4.304
BPP_200_1000_0.1_0.8_5.C	93	0.000	37.200	4.173
BPP_200_1000_0.1_0.8_5.C	93	0.000	37.200	4.168
BPP_200_1000_0.1_0.8_5.C	93	0.000	37.200	4.243
BPP_200_1000_0.1_0.8_5.C	93	0.000	37.200	4.123
BPP_200_1000_0.1_0.8_5.C	93	0.000	37.200	4.172
BPP_200_1000_0.1_0.8_5.C	93	0.000	37.200	4.138
BPP_200_1000_0.1_0.8_5.C	93	0.000	37.200	4.124
BPP_200_1000_0.1_0.8_5.C	93	0.000	37.200	4.137
BPP_200_1000_0.1_0.8_5.C	93	0.000	37.200	4.124
BPP_200_1000_0.1_0.8_6.C	92	1.000	37.400	4.305
BPP_200_1000_0.1_0.8_6.C	92	1.000	37.400	4.169
BPP_200_1000_0.1_0.8_6.C	92	1.000	37.400	4.138
BPP_200_1000_0.1_0.8_6.C	92	1.000	37.400	4.219
BPP_200_1000_0.1_0.8_6.C	92	1.000	37.400	4.233
BPP_200_1000_0.1_0.8_6.C	92	1.000	37.400	4.143
BPP_200_1000_0.1_0.8_6.C	92	1.000	37.400	4.153
BPP_200_1000_0.1_0.8_6.C	92	1.000	37.400	4.214
BPP_200_1000_0.1_0.8_6.C	92	1.000	37.400	4.273
BPP_200_1000_0.1_0.8_6.C	92	1.000	37.400	4.147
BPP_200_1000_0.1_0.8_7.C	101	0.000	40.400	4.470
BPP_200_1000_0.1_0.8_7.C	102	0.000	40.800	4.434
BPP_200_1000_0.1_0.8_7.C	101	0.000	40.400	4.523
BPP_200_1000_0.1_0.8_7.C	101	0.000	40.400	4.598
BPP_200_1000_0.1_0.8_7.C	101	0.000	40.400	4.509
BPP_200_1000_0.1_0.8_7.C	101	0.000	40.400	4.510
BPP_200_1000_0.1_0.8_7.C	101	0.000	40.400	4.547
BPP_200_1000_0.1_0.8_7.C	101	0.000	40.400	4.562
BPP_200_1000_0.1_0.8_7.C	101	0.000	40.400	4.556
BPP_200_1000_0.1_0.8_7.C	101	0.000	40.400	4.547
BPP_200_1000_0.1_0.8_8.C	91	0.800	36.880	4.224
BPP_200_1000_0.1_0.8_8.C	91	0.800	36.880	4.144
BPP_200_1000_0.1_0.8_8.C	91	0.800	36.880	4.216
BPP_200_1000_0.1_0.8_8.C	91	0.800	36.880	4.114
BPP_200_1000_0.1_0.8_8.C	91	0.600	36.760	4.169
BPP_200_1000_0.1_0.8_8.C	91	0.800	36.880	4.148
BPP_200_1000_0.1_0.8_8.C	91	0.800	36.880	4.105
BPP_200_1000_0.1_0.8_8.C	91	0.600	36.760	4.170
BPP_200_1000_0.1_0.8_8.C	91	0.600	36.760	4.122
BPP_200_1000_0.1_0.8_8.C	91	0.800	36.880	4.104
BPP_200_1000_0.1_0.8_9.C	89	1.800	36.680	4.013
BPP_200_1000_0.1_0.8_9.C	89	1.800	36.680	4.012
BPP_200_1000_0.1_0.8_9.C	89	1.800	36.680	4.009
BPP_200_1000_0.1_0.8_9.C	89	1.800	36.680	4.011
BPP_200_1000_0.1_0.8_9.C	89	1.400	36.440	4.085
BPP_200_1000_0.1_0.8_9.C	89	1.800	36.680	4.116
BPP_200_1000_0.1_0.8_9.C	89	1.600	36.560	4.131
BPP_200_1000_0.1_0.8_9.C	89	1.800	36.680	4.090
BPP_200_1000_0.1_0.8_9.C	89	1.800	36.680	4.016
BPP_200_1000_0.1_0.8_9.C	90	1.400	36.840	4.042
BPP_200_100_0.1_0.8_0.C	95	0.200	38.120	0.377
BPP_200_100_0.1_0.8_0.C	96	0.200	38.520	0.383
BPP_200_100_0.1_0.8_0.C	95	0.200	38.120	0.364
BPP_200_100_0.1_0.8_0.C	96	0.200	38.520	0.377
BPP_200_100_0.1_0.8_0.C	95	0.200	38.120	0.377
BPP_200_100_0.1_0.8_0.C	95	0.200	38.120	0.363
BPP_200_100_0.1_0.8_0.C	96	0.200	38.520	0.375
BPP_200_100_0.1_0.8_0.C	95	0.200	38.120	0.372
BPP_200_100_0.1_0.8_0.C	95	0.200	38.120	0.380
BPP_200_100_0.1_0.8_0.C	95	0.200	38.120	0.367
BPP_200_100_0.1_0.8_1.C	95	2.200	39.320	0.509
BPP_200_100_0.1_0.8_1.C	95	1.800	39.080	0.423
BPP_200_100_0.1_0.8_1.C	95	1.800	39.080	0.428
BPP_200_100_0.1_0.8_1.C	95	2.200	39.320	0.431
BPP_200_100_0.1_0.8_1.C	96	1.600	39.360	0.455
BPP_200_100_0.1_0.8_1.C	95	1.800	39.080	0.398
BPP_200_100_0.1_0.8_1.C	95	3.200	39.920	0.378
BPP_200_100_0.1_0.8_1.C	95	2.200	39.320	0.387
BPP_200_100_0.1_0.8_1.C	95	2.200	39.320	0.448
BPP_200_100_0.1_0.8_1.C	95	2.400	39.440	0.409
BPP_200_100_0.1_0.8_2.C	89	0.800	36.080	0.343
BPP_200_100_0.1_0.8_2.C	89	0.800	36.080	0.368
BPP_200_100_0.1_0.8_2.C	89	1.000	36.200	0.346
BPP_200_100_0.1_0.8_2.C	89	0.800	36.080	0.345
BPP_200_100_0.1_0.8_2.C	89	1.000	36.200	0.354
BPP_200_100_0.1_0.8_2.C	89	1.000	36.200	0.406
BPP_200_100_0.1_0.8_2.C	89	1.000	36.200	0.360
BPP_200_100_0.1_0.8_2.C	89	0.800	36.080	0.338
BPP_200_100_0.1_0.8_2.C	89	0.800	36.080	0.340
BPP_200_100_0.1_0.8_2.C	89	0.800	36.080	0.368
BPP_200_100_0.1_0.8_3.C	92	1.200	37.520	0.354
BPP_200_100_0.1_0.8_3.C	91	1.400	37.240	0.358
BPP_200_100_0.1_0.8_3.C	91	1.400	37.240	0.391
BPP_200_100_0.1_0.8_3.C	92	1.400	37.640	0.372
BPP_200_100_0.1_0.8_3.C	91	1.200	37.120	0.382
BPP_200_100_0.1_0.8_3.C	91	1.400	37.240	0.355
BPP_200_100_0.1_0.8_3.C	91	1.600	37.360	0.362
BPP_200_100_0.1_0.8_3.C	92	1.200	37.520	0.358
BPP_200_100_0.1_0.8_3.C	92	1.400	37.640	0.366
BPP_200_100_0.1_0.8_3.C	92	1.400	37.640	0.369
BPP_200_100_0.1_0.8_4.C	96	2.600	39.960	0.377
BPP_200_100_0.1_0.8_4.C	96	2.600	39.960	0.365
BPP_200_100_0.1_0.8_4.C	95	2.600	39.560	0.393
BPP_200_100_0.1_0.8_4.C	95	2.600	39.560	0.379
BPP_200_100_0.1_0.8_4.C	96	2.600	39.960	0.388
BPP_200_100_0.1_0.8_4.C	96	2.600	39.960	0.359
BPP_200_100_0.1_0.8_4.C	96	2.600	39.960	0.369
BPP_200_100_0.1_0.8_4.C	95	2.800	39.680	0.367
BPP_200_100_0.1_0.8_4.C	95	3.000	39.800	0.379
BPP_200_100_0.1_0.8_4.C	96	2.600	39.960	0.365
BPP_200_100_0.1_0.8_5.C	92	2.000	38.000	0.359
BPP_200_100_0.1_0.8_5.C	92	2.200	38.120	0.379
BPP_200_100_0.1_0.8_5.C	92	2.000	38.000	0.372
BPP_200_100_0.1_0.8_5.C	92	1.800	37.880	0.373
BPP_200_100_0.1_0.8_5.C	92	2.000	38.000	0.375
BPP_200_100_0.1_0.8_5.C	93	1.600	38.160	0.365
BPP_200_100_0.1_0.8_5.C	92	2.000	38.000	0.355
BPP_200_100_0.1_0.8_5.C	92	1.800	37.880	0.360
BPP_200_100_0.1_0.8_5.C	92	2.000	38.000	0.376
BPP_200_100_0.1_0.8_5.C	92	2.000	38.000	0.417
BPP_200_100_0.1_0.8_6.C	91	0.600	36.760	0.364
BPP_200_100_0.1_0.8_6.C	91	0.600	36.760	0.362
BPP_200_100_0.1_0.8_6.C	91	0.600	36.760	0.349
BPP_200_100_0.1_0.8_6.C	91	0.600	36.760	0.360
BPP_200_100_0.1_0.8_6.C	91	0.600	36.760	0.347
BPP_200_100_0.1_0.8_6.C	91	0.600	36.760	0.348
BPP_200_100_0.1_0.8_6.C	91	0.600	36.760	0.361
BPP_200_100_0.1_0.8_6.C	91	0.600	36.760	0.352
BPP_200_100_0.1_0.8_6.C	91	0.600	36.760	0.362
BPP_200_100_0.1_0.8_6.C	91	0.600	36.760	0.362
BPP_200_100_0.1_0.8_7.C	90	3.800	38.280	0.385
BPP_200_100_0.1_0.8_7.C	90	3.800	38.280	0.394
BPP_200_100_0.1_0.8_7.C	90	4.400	38.640	0.374
BPP_200_100_0.1_0.8_7.C	90	4.400	38.640	0.368
BPP_200_100_0.1_0.8_7.C	90	4.400	38.640	0.371
BPP_200_100_0.1_0.8_7.C	90	4.400	38.640	0.350
BPP_200_100_0.1_0.8_7.C	90	4.400	38.640	0.347
BPP_200_100_0.1_0.8_7.C	89	4.000	38.000	0.414
BPP_200_100_0.1_0.8_7.C	90	3.800	38.280	0.367
BPP_200_100_0.1_0.8_7.C	90	4.400	38.640	0.365
BPP_200_100_0.1_0.8_8.C	97	5.200	41.920	0.717
BPP_200_100_0.1_0.8_8.C	97	7.000	43.000	0.539
BPP_200_100_0.1_0.8_8.C	97	5.200	41.920	0.646
BPP_200_100_0.1_0.8_8.C	97	4.000	41.200	0.815
BPP_200_100_0.1_0.8_8.C	97	5.200	41.920	0.663
BPP_200_100_0.1_0.8_8.C	97	6.600	42.760	0.516
BPP_200_100_0.1_0.8_8.C	98	4.400	41.840	0.727
BPP_200_100_0.1_0.8_8.C	97	6.600	42.760	0.536
BPP_200_100_0.1_0.8_8.C	97	8.000	43.600	0.428
BPP_200_100_0.1_0.8_8.C	97	5.600	42.160	0.533
BPP_200_100_0.1_0.8_9.C	97	1.400	39.640	0.381
BPP_200_100_0.1_0.8_9.C	97	1.200	39.520	0.369
BPP_200_100_0.1_0.8_9.C	96	1.600	39.360	0.402
BPP_200_100_0.1_0.8_9.C	97	1.400	39.640	0.385
BPP_200_100_0.1_0.8_9.C	97	1.400	39.640	0.394
BPP_200_100_0.1_0.8_9.C	96	1.600	39.360	0.369
BPP_200_100_0.1_0.8_9.C	97	1.400	39.640	0.385
BPP_200_100_0.1_0.8_9.C	97	1.400	39.640	0.377
BPP_200_100_0.1_0.8_9.C	97	1.400	39.640	0.364
BPP_200_100_0.1_0.8_9.C	97	1.400	39.640	0.380
BPP_200_120_0.1_0.8_0.C	92	7.800	41.480	0.424
BPP_200_120_0.1_0.8_0.C	92	7.800	41.480	0.413
BPP_200_120_0.1_0.8_0.C	92	8.000	41.600	0.419
BPP_200_120_0.1_0.8_0.C	92	7.800	41.480	0.475
BPP_200_120_0.1_0.8_0.C	92	7.800	41.480	0.426
BPP_200_120_0.1_0.8_0.C	92	7.800	41.480	0.415
BPP_200_120_0.1_0.8_0.C	92	7.800	41.480	0.419
BPP_200_120_0.1_0.8_0.C	92	7.800	41.480	0.428
BPP_200_120_0.1_0.8_0.C	92	8.000	41.600	0.420
BPP_200_120_0.1_0.8_0.C	92	8.000	41.600	0.408
BPP_200_120_0.1_0.8_1.C	86	-0.000	34.400	0.390
BPP_200_120_0.1_0.8_1.C	86	-0.000	34.400	0.379
BPP_200_120_0.1_0.8_1.C	86	-0.000	34.400	0.398
BPP_200_120_0.1_0.8_1.C	85	-0.000	34.000	0.399
BPP_200_120_0.1_0.8_1.C	86	-0.000	34.400	0.399
BPP_200_120_0.1_0.8_1.C	86	-0.000	34.400	0.399
BPP_200_120_0.1_0.8_1.C	86	-0.000	34.400	0.398
BPP_200_120_0.1_0.8_1.C	86	-0.000	34.400	0.398
BPP_200_120_0.1_0.8_1.C	86	-0.000	34.400	0.382
BPP_200_120_0.1_0.8_1.C	86	-0.000	34.400	0.395
BPP_200_120_0.1_0.8_2.C	102	0.800	41.280	0.497
BPP_200_120_0.1_0.8_2.C	103	0.600	41.560	0.472
BPP_200_120_0.1_0.8_2.C	102	0.600	41.160	0.454
BPP_200_120_0.1_0.8_2.C	102	0.600	41.160	0.457
BPP_200_120_0.1_0.8_2.C	102	0.800	41.280	0.468
BPP_200_120_0.1_0.8_2.C	102	0.800	41.280	0.495
BPP_200_120_0.1_0.8_2.C	102	0.600	41.160	0.444
BPP_200_120_0.1_0.8_2.C	102	0.600	41.160	0.450
BPP_200_120_0.1_0.8_2.C	102	0.600	41.160	0.468
BPP_200_120_0.1_0.8_2.C	103	0.600	41.560	0.477
BPP_200_120_0.1_0.8_3.C	91	4.000	38.800	0.421
BPP_200_120_0.1_0.8_3.C	91	4.200	38.920	0.429
BPP_200_120_0.1_0.8_3.C	91	3.800	38.680	0.435
BPP_200_120_0.1_0.8_3.C	91	4.200	38.920	0.407
BPP_200_120_0.1_0.8_3.C	91	4.200	38.920	0.433
BPP_200_120_0.1_0.8_3.C	91	4.000	38.800	0.417
BPP_200_120_0.1_0.8_3.C	91	3.800	38.680	0.431
BPP_200_120_0.1_0.8_3.C	91	4.000	38.800	0.432
BPP_200_120_0.1_0.8_3.C	91	4.000	38.800	0.422
BPP_200_120_0.1_0.8_3.C	91	4.000	38.800	0.424
BPP_200_120_0.1_0.8_4.C	99	2.000	40.800	0.433
BPP_200_120_0.1_0.8_4.C	98	2.000	40.400	0.442
BPP_200_120_0.1_0.8_4.C	98	2.000	40.400	0.472
BPP_200_120_0.1_0.8_4.C	98	2.000	40.400	0.452
BPP_200_120_0.1_0.8_4.C	99	2.000	40.800	0.431
BPP_200_120_0.1_0.8_4.C	98	2.000	40.400	0.431
BPP_200_120_0.1_0.8_4.C	98	2.200	40.520	0.444
BPP_200_120_0.1_0.8_4.C	98	2.000	40.400	0.454
BPP_200_120_0.1_0.8_4.C	98	2.000	40.400	0.450
BPP_200_120_0.1_0.8_4.C	99	2.000	40.800	0.483
BPP_200_120_0.1_0.8_5.C	94	2.000	38.800	0.431
BPP_200_120_0.1_0.8_5.C	95	2.000	39.200	0.441
BPP_200_120_0.1_0.8_5.C	94	2.200	38.920	0.432
BPP_200_120_0.1_0.8_5.C	95	2.000	39.200	0.433
BPP_200_120_0.1_0.8_5.C	94	2.400	39.040	0.416
BPP_200_120_0.1_0.8_5.C	95	2.000	39.200	0.437
BPP_200_120_0.1_0.8_5.C	94	2.200	38.920	0.442
BPP_200_120_0.1_0.8_5.C	95	2.000	39.200	0.439
BPP_200_120_0.1_0.8_5.C	94	2.000	38.800	0.466
BPP_200_120_0.1_0.8_5.C	95	2.000	39.200	0.440
BPP_200_120_0.1_0.8_6.C	92	1.600	37.760	0.439
BPP_200_120_0.1_0.8_6.C	92	1.400	37.640	0.456
BPP_200_120_0.1_0.8_6.C	92	1.000	37.400	0.416
BPP_200_120_0.1_0.8_6.C	92	1.600	37.760	0.427
BPP_200_120_0.1_0.8_6.C	92	1.400	37.640	0.416
BPP_200_120_0.1_0.8_6.C	92	1.200	37.520	0.413
BPP_200_120_0.1_0.8_6.C	92	1.200	37.520	0.420
BPP_200_120_0.1_0.8_6.C	92	1.200	37.520	0.424
BPP_200_120_0.1_0.8_6.C	92	1.400	37.640	0.406
BPP_200_120_0.1_0.8_6.C	92	1.200	37.520	0.465
BPP_200_120_0.1_0.8_7.C	95	3.800	40.280	0.440
BPP_200_120_0.1_0.8_7.C	95	3.400	40.040	0.448
BPP_200_120_0.1_0.8_7.C	95	3.600	40.160	0.464
BPP_200_120_0.1_0.8_7.C	95	3.600	40.160	0.434
BPP_200_120_0.1_0.8_7.C	95	3.600	40.160	0.437
BPP_200_120_0.1_0.8_7.C	95	3.400	40.040	0.428
BPP_200_120_0.1_0.8_7.C	95	3.400	40.040	0.454
BPP_200_120_0.1_0.8_7.C	95	3.400	40.040	0.439
BPP_200_120_0.1_0.8_7.C	94	3.800	39.880	0.439
BPP_200_120_0.1_0.8_7.C	95	3.600	40.160	0.417
BPP_200_120_0.1_0.8_8.C	90	8.200	40.920	0.411
BPP_200_120_0.1_0.8_8.C	90	8.400	41.040	0.424
BPP_200_120_0.1_0.8_8.C	90	8.600	41.160	0.411
BPP_200_120_0.1_0.8_8.C	90	8.200	40.920	0.407
BPP_200_120_0.1_0.8_8.C	90	8.400	41.040	0.432
BPP_200_120_0.1_0.8_8.C	91	7.800	41.080	0.421
BPP_200_120_0.1_0.8_8.C	90	8.600	41.160	0.417
BPP_200_120_0.1_0.8_8.C	91	7.800	41.080	0.426
BPP_200_120_0.1_0.8_8.C	91	7.800	41.080	0.400
BPP_200_120_0.1_0.8_8.C	90	8.400	41.040	0.420
BPP_200_120_0.1_0.8_9.C	100	7.400	44.440	0.459
BPP_200_120_0.1_0.8_9.C	99	7.600	44.160	0.447
BPP_200_120_0.1_0.8_9.C	100	7.400	44.440	0.454
BPP_200_120_0.1_0.8_9.C	100	7.400	44.440	0.456
BPP_200_120_0.1_0.8_9.C	100	7.400	44.440	0.443
BPP_200_120_0.1_0.8_9.C	100	7.400	44.440	0.441
BPP_200_120_0.1_0.8_9.C	100	7.400	44.440	0.439
BPP_200_120_0.1_0.8_9.C	100	7.400	44.440	0.488
BPP_200_120_0.1_0.8_9.C	100	7.400	44.440	0.447
BPP_200_120_0.1_0.8_9.C	99	7.800	44.280	0.443
BPP_200_125_0.1_0.8_0.C	95	4.200	40.520	0.434
BPP_200_125_0.1_0.8_0.C	95	4.600	40.760	0.438
BPP_200_125_0.1_0.8_0.C	95	4.200	40.520	0.458
BPP_200_125_0.1_0.8_0.C	95	4.200	40.520	0.456
BPP_200_125_0.1_0.8_0.C	95	4.200	40.520	0.438
BPP_200_125_0.1_0.8_0.C	95	4.200	40.520	0.489
BPP_200_125_0.1_0.8_0.C	95	4.400	40.640	0.429
BPP_200_125_0.1_0.8_0.C	95	4.400	40.640	0.442
BPP_200_125_0.1_0.8_0.C	95	4.400	40.640	0.436
BPP_200_125_0.1_0.8_0.C	95	4.000	40.400	0.450
BPP_200_125_0.1_0.8_1.C	101	2.800	42.080	0.493
BPP_200_125_0.1_0.8_1.C	100	2.600	41.560	0.602
BPP_200_125_0.1_0.8_1.C	101	2.800	42.080	0.512
BPP_200_125_0.1_0.8_1.C	101	3.600	42.560	0.480
BPP_200_125_0.1_0.8_1.C	101	2.800	42.080	0.555
BPP_200_125_0.1_0.8_1.C	101	2.600	41.960	0.538
BPP_200_125_0.1_0.8_1.C	101	3.200	42.320	0.468
BPP_200_125_0.1_0.8_1.C	101	3.800	42.680	0.454
BPP_200_125_0.1_0.8_1.C	101	2.800	42.080	0.528
BPP_200_125_0.1_0.8_1.C	101	2.800	42.080	0.517
BPP_200_125_0.1_0.8_2.C	91	5.000	39.400	0.438
BPP_200_125_0.1_0.8_2.C	91	4.800	39.280	0.428
BPP_200_125_0.1_0.8_2.C	91	5.000	39.400	0.435
BPP_200_125_0.1_0.8_2.C	91	5.000	39.400	0.434
BPP_200_125_0.1_0.8_2.C	91	5.000	39.400	0.449
BPP_200_125_0.1_0.8_2.C	92	4.800	39.680	0.434
BPP_200_125_0.1_0.8_2.C	91	5.000	39.400	0.434
BPP_200_125_0.1_0.8_2.C	91	4.800	39.280	0.446
BPP_200_125_0.1_0.8_2.C	91	5.000	39.400	0.432
BPP_200_125_0.1_0.8_2.C	91	4.800	39.280	0.433
BPP_200_125_0.1_0.8_3.C	90	10.400	42.240	0.425
BPP_200_125_0.1_0.8_3.C	89	10.600	41.960	0.443
BPP_200_125_0.1_0.8_3.C	90	10.400	42.240	0.429
BPP_200_125_0.1_0.8_3.C	90	10.400	42.240	0.418
BPP_200_125_0.1_0.8_3.C	90	10.200	42.120	0.445
BPP_200_125_0.1_0.8_3.C	90	10.200	42.120	0.435
BPP_200_125_0.1_0.8_3.C	90	10.400	42.240	0.430
BPP_200_125_0.1_0.8_3.C	90	10.600	42.360	0.442
BPP_200_125_0.1_0.8_3.C	89	10.600	41.960	0.431
BPP_200_125_0.1_0.8_3.C	90	10.200	42.120	0.463
BPP_200_125_0.1_0.8_4.C	91	6.000	40.000	0.418
BPP_200_125_0.1_0.8_4.C	91	6.000	40.000	0.443
BPP_200_125_0.1_0.8_4.C	91	5.800	39.880	0.497
BPP_200_125_0.1_0.8_4.C	91	6.000	40.000	0.441
BPP_200_125_0.1_0.8_4.C	91	6.000	40.000	0.444
BPP_200_125_0.1_0.8_4.C	91	6.000	40.000	0.438
BPP_200_125_0.1_0.8_4.C	91	6.200	40.120	0.457
BPP_200_125_0.1_0.8_4.C	91	5.800	39.880	0.438
BPP_200_125_0.1_0.8_4.C	91	6.000	40.000	0.453
BPP_200_125_0.1_0.8_4.C	91	6.000	40.000	0.415
BPP_200_125_0.1_0.8_5.C	98	5.200	42.320	0.470
BPP_200_125_0.1_0.8_5.C	98	5.200	42.320	0.449
BPP_200_125_0.1_0.8_5.C	98	5.200	42.320	0.447
BPP_200_125_0.1_0.8_5.C	98	5.200	42.320	0.465
BPP_200_125_0.1_0.8_5.C	98	5.200	42.320	0.461
BPP_200_125_0.1_0.8_5.C	98	5.200	42.320	0.443
BPP_200_125_0.1_0.8_5.C	98	5.200	42.320	0.445
BPP_200_125_0.1_0.8_5.C	98	5.200	42.320	0.471
BPP_200_125_0.1_0.8_5.C	98	5.200	42.320	0.447
BPP_200_125_0.1_0.8_5.C	98	5.200	42.320	0.454
BPP_200_125_0.1_0.8_6.C	92	2.800	38.480	0.441
BPP_200_125_0.1_0.8_6.C	92	3.000	38.600	0.438
BPP_200_125_0.1_0.8_6.C	92	2.400	38.240	0.434
BPP_200_125_0.1_0.8_6.C	92	3.000	38.600	0.434
BPP_200_125_0.1_0.8_6.C	92	2.400	38.240	0.447
BPP_200_125_0.1_0.8_6.C	92	2.400	38.240	0.430
BPP_200_125_0.1_0.8_6.C	92	2.600	38.360	0.425
BPP_200_125_0.1_0.8_6.C	92	3.000	38.600	0.448
BPP_200_125_0.1_0.8_6.C	92	2.800	38.480	0.455
BPP_200_125_0.1_0.8_6.C	92	2.800	38.480	0.444
BPP_200_125_0.1_0.8_7.C	89	3.200	37.520	0.409
BPP_200_125_0.1_0.8_7.C	88	3.800	37.480	0.443
BPP_200_125_0.1_0.8_7.C	89	3.200	37.520	0.438
BPP_200_125_0.1_0.8_7.C	89	3.400	37.640	0.421
BPP_200_125_0.1_0.8_7.C	88	3.200	37.120	0.428
BPP_200_125_0.1_0.8_7.C	89	3.200	37.520	0.423
BPP_200_125_0.1_0.8_7.C	89	3.400	37.640	0.431
BPP_200_125_0.1_0.8_7.C	88	3.400	37.240	0.434
BPP_200_125_0.1_0.8_7.C	89	3.400	37.640	0.408
BPP_200_125_0.1_0.8_7.C	88	3.600	37.360	0.430
BPP_200_125_0.1_0.8_8.C	95	2.600	39.560	0.491
BPP_200_125_0.1_0.8_8.C	95	2.800	39.680	0.430
BPP_200_125_0.1_0.8_8.C	95	2.800	39.680	0.457
BPP_200_125_0.1_0.8_8.C	95	2.800	39.680	0.529
BPP_200_125_0.1_0.8_8.C	95	2.600	39.560	0.432
BPP_200_125_0.1_0.8_8.C	95	2.600	39.560	0.441
BPP_200_125_0.1_0.8_8.C	95	2.600	39.560	0.442
BPP_200_125_0.1_0.8_8.C	95	2.800	39.680	0.435
BPP_200_125_0.1_0.8_8.C	95	2.800	39.680	0.454
BPP_200_125_0.1_0.8_8.C	95	2.800	39.680	0.433
BPP_200_125_0.1_0.8_9.C	94	1.200	38.320	0.454
BPP_200_125_0.1_0.8_9.C	94	1.400	38.440	0.517
BPP_200_125_0.1_0.8_9.C	94	1.600	38.560	0.431
BPP_200_125_0.1_0.8_9.C	95	1.400	38.840	0.426
BPP_200_125_0.1_0.8_9.C	94	1.400	38.440	0.455
BPP_200_125_0.1_0.8_9.C	94	1.600	38.560	0.452
BPP_200_125_0.1_0.8_9.C	94	1.400	38.440	0.457
BPP_200_125_0.1_0.8_9.C	93	1.400	38.040	0.473
BPP_200_125_0.1_0.8_9.C	95	1.200	38.720	0.456
BPP_200_125_0.1_0.8_9.C	94	1.600	38.560	0.448
BPP_200_150_0.1_0.8_0.C	93	1.600	38.160	0.567
BPP_200_150_0.1_0.8_0.C	93	1.400	38.040	0.519
BPP_200_150_0.1_0.8_0.C	94	1.000	38.200	0.525
BPP_200_150_0.1_0.8_0.C	93	1.600	38.160	0.529
BPP_200_150_0.1_0.8_0.C	93	1.600	38.160	0.512
BPP_200_150_0.1_0.8_0.C	93	1.000	37.800	0.524
BPP_200_150_0.1_0.8_0.C	93	1.600	38.160	0.527
BPP_200_150_0.1_0.8_0.C	93	1.600	38.160	0.533
BPP_200_150_0.1_0.8_0.C	93	1.400	38.040	0.504
BPP_200_150_0.1_0.8_0.C	93	1.600	38.160	0.516
BPP_200_150_0.1_0.8_1.C	94	3.400	39.640	0.507
BPP_200_150_0.1_0.8_1.C	94	3.400	39.640	0.529
BPP_200_150_0.1_0.8_1.C	94	3.400	39.640	0.521
BPP_200_150_0.1_0.8_1.C	94	3.400	39.640	0.533
BPP_200_150_0.1_0.8_1.C	94	3.400	39.640	0.523
BPP_200_150_0.1_0.8_1.C	94	3.400	39.640	0.510
BPP_200_150_0.1_0.8_1.C	94	3.600	39.760	0.523
BPP_200_150_0.1_0.8_1.C	94	3.400	39.640	0.522
BPP_200_150_0.1_0.8_1.C	94	3.400	39.640	0.521
BPP_200_150_0.1_0.8_1.C	94	3.600	39.760	0.510
BPP_200_150_0.1_0.8_2.C	93	1.400	38.040	0.538
BPP_200_150_0.1_0.8_2.C	93	2.400	38.640	0.534
BPP_200_150_0.1_0.8_2.C	93	1.400	38.040	0.601
BPP_200_150_0.1_0.8_2.C	93	1.400	38.040	0.639
BPP_200_150_0.1_0.8_2.C	93	2.200	38.520	0.557
BPP_200_150_0.1_0.8_2.C	93	2.000	38.400	0.540
BPP_200_150_0.1_0.8_2.C	93	1.600	38.160	0.511
BPP_200_150_0.1_0.8_2.C	93	2.800	38.880	0.498
BPP_200_150_0.1_0.8_2.C	93	1.400	38.040	0.570
BPP_200_150_0.1_0.8_2.C	93	1.400	38.040	0.634
BPP_200_150_0.1_0.8_3.C	95	5.000	41.000	0.523
BPP_200_150_0.1_0.8_3.C	96	5.000	41.400	0.534
BPP_200_150_0.1_0.8_3.C	96	5.000	41.400	0.530
BPP_200_150_0.1_0.8_3.C	96	5.000	41.400	0.528
BPP_200_150_0.1_0.8_3.C	95	5.200	41.120	0.528
BPP_200_150_0.1_0.8_3.C	96	5.200	41.520	0.533
BPP_200_150_0.1_0.8_3.C	95	5.000	41.000	0.590
BPP_200_150_0.1_0.8_3.C	96	5.200	41.520	0.520
BPP_200_150_0.1_0.8_3.C	96	5.000	41.400	0.534
BPP_200_150_0.1_0.8_3.C	95	5.200	41.120	0.541
BPP_200_150_0.1_0.8_4.C	104	6.200	45.320	0.538
BPP_200_150_0.1_0.8_4.C	104	5.400	44.840	0.623
BPP_200_150_0.1_0.8_4.C	104	5.800	45.080	0.538
BPP_200_150_0.1_0.8_4.C	104	5.600	44.960	0.630
BPP_200_150_0.1_0.8_4.C	104	5.600	44.960	0.577
BPP_200_150_0.1_0.8_4.C	104	5.600	44.960	0.557
BPP_200_150_0.1_0.8_4.C	103	5.400	44.440	0.574
BPP_200_150_0.1_0.8_4.C	104	5.600	44.960	0.557
BPP_200_150_0.1_0.8_4.C	104	6.000	45.200	0.549
BPP_200_150_0.1_0.8_4.C	104	5.600	44.960	0.559
BPP_200_150_0.1_0.8_5.C	94	6.600	41.560	0.534
BPP_200_150_0.1_0.8_5.C	95	5.800	41.480	0.546
BPP_200_150_0.1_0.8_5.C	94	6.200	41.320	0.536
BPP_200_150_0.1_0.8_5.C	94	6.400	41.440	0.543
BPP_200_150_0.1_0.8_5.C	94	6.400	41.440	0.544
BPP_200_150_0.1_0.8_5.C	95	5.600	41.360	0.527
BPP_200_150_0.1_0.8_5.C	95	5.600	41.360	0.522
BPP_200_150_0.1_0.8_5.C	95	6.200	41.720	0.530
BPP_200_150_0.1_0.8_5.C	95	6.000	41.600	0.523
BPP_200_150_0.1_0.8_5.C	94	6.400	41.440	0.539
BPP_200_150_0.1_0.8_6.C	97	3.000	40.600	0.527
BPP_200_150_0.1_0.8_6.C	97	3.000	40.600	0.526
BPP_200_150_0.1_0.8_6.C	97	3.000	40.600	0.530
BPP_200_150_0.1_0.8_6.C	97	3.000	40.600	0.528
BPP_200_150_0.1_0.8_6.C	97	3.000	40.600	0.519
BPP_200_150_0.1_0.8_6.C	97	3.000	40.600	0.548
BPP_200_150_0.1_0.8_6.C	97	3.000	40.600	0.532
BPP_200_150_0.1_0.8_6.C	97	3.000	40.600	0.534
BPP_200_150_0.1_0.8_6.C	97	3.000	40.600	0.539
BPP_200_150_0.1_0.8_6.C	97	3.000	40.600	0.528
BPP_200_150_0.1_0.8_7.C	101	10.400	46.640	0.599
BPP_200_150_0.1_0.8_7.C	101	10.800	46.880	0.600
BPP_200_150_0.1_0.8_7.C	101	10.600	46.760	0.591
BPP_200_150_0.1_0.8_7.C	101	9.400	46.040	0.737
BPP_200_150_0.1_0.8_7.C	101	11.000	47.000	0.585
BPP_200_150_0.1_0.8_7.C	101	10.800	46.880	0.538
BPP_200_150_0.1_0.8_7.C	101	10.200	46.520	0.670
BPP_200_150_0.1_0.8_7.C	101	10.600	46.760	0.583
BPP_200_150_0.1_0.8_7.C	101	10.600	46.760	0.626
BPP_200_150_0.1_0.8_7.C	101	10.000	46.400	0.670
BPP_200_150_0.1_0.8_8.C	95	2.200	39.320	0.515
BPP_200_150_0.1_0.8_8.C	94	2.200	38.920	0.538
BPP_200_150_0.1_0.8_8.C	94	2.400	39.040	0.510
BPP_200_150_0.1_0.8_8.C	95	2.200	39.320	0.527
BPP_200_150_0.1_0.8_8.C	95	2.200	39.320	0.534
BPP_200_150_0.1_0.8_8.C	94	2.200	38.920	0.513
BPP_200_150_0.1_0.8_8.C	94	2.400	39.040	0.519
BPP_200_150_0.1_0.8_8.C	94	2.400	39.040	0.496
BPP_200_150_0.1_0.8_8.C	94	2.000	38.800	0.537
BPP_200_150_0.1_0.8_8.C	94	2.400	39.040	0.533
BPP_200_150_0.1_0.8_9.C	92	2.200	38.120	0.523
BPP_200_150_0.1_0.8_9.C	92	2.200	38.120	0.521
BPP_200_150_0.1_0.8_9.C	92	2.200	38.120	0.519
BPP_200_150_0.1_0.8_9.C	92	2.600	38.360	0.519
BPP_200_150_0.1_0.8_9.C	92	2.200	38.120	0.525
BPP_200_150_0.1_0.8_9.C	92	2.200	38.120	0.497
BPP_200_150_0.1_0.8_9.C	92	2.200	38.120	0.526
BPP_200_150_0.1_0.8_9.C	92	2.200	38.120	0.494
BPP_200_150_0.1_0.8_9.C	92	2.200	38.120	0.519
BPP_200_150_0.1_0.8_9.C	92	2.200	38.120	0.560
BPP_200_200_0.1_0.8_0.C	95	-0.000	38.000	0.642
BPP_200_200_0.1_0.8_0.C	95	-0.000	38.000	0.676
BPP_200_200_0.1_0.8_0.C	94	-0.000	37.600	0.705
BPP_200_200_0.1_0.8_0.C	95	-0.000	38.000	0.678
BPP_200_200_0.1_0.8_0.C	95	-0.000	38.000	0.659
BPP_200_200_0.1_0.8_0.C	95	-0.000	38.000	0.678
BPP_200_200_0.1_0.8_0.C	95	-0.000	38.000	0.674
BPP_200_200_0.1_0.8_0.C	95	-0.000	38.000	0.708
BPP_200_200_0.1_0.8_0.C	95	-0.000	38.000	0.686
BPP_200_200_0.1_0.8_0.C	94	-0.000	37.600	0.697
BPP_200_200_0.1_0.8_1.C	96	8.600	43.560	0.685
BPP_200_200_0.1_0.8_1.C	96	8.600	43.560	0.692
BPP_200_200_0.1_0.8_1.C	96	8.800	43.680	0.689
BPP_200_200_0.1_0.8_1.C	96	8.800	43.680	0.691
BPP_200_200_0.1_0.8_1.C	96	8.800	43.680	0.684
BPP_200_200_0.1_0.8_1.C	96	8.600	43.560	0.729
BPP_200_200_0.1_0.8_1.C	96	8.800	43.680	0.704
BPP_200_200_0.1_0.8_1.C	96	8.800	43.680	0.679
BPP_200_200_0.1_0.8_1.C	96	8.800	43.680	0.703
BPP_200_200_0.1_0.8_1.C	96	8.600	43.560	0.686
BPP_200_200_0.1_0.8_2.C	87	7.000	39.000	0.623
BPP_200_200_0.1_0.8_2.C	87	7.000	39.000	0.630
BPP_200_200_0.1_0.8_2.C	87	7.000	39.000	0.632
BPP_200_200_0.1_0.8_2.C	87	7.000	39.000	0.631
BPP_200_200_0.1_0.8_2.C	87	7.000	39.000	0.603
BPP_200_200_0.1_0.8_2.C	87	7.000	39.000	0.616
BPP_200_200_0.1_0.8_2.C	87	7.000	39.000	0.619
BPP_200_200_0.1_0.8_2.C	87	7.000	39.000	0.645
BPP_200_200_0.1_0.8_2.C	87	7.000	39.000	0.636
BPP_200_200_0.1_0.8_2.C	87	7.000	39.000	0.671
BPP_200_200_0.1_0.8_3.C	91	2.600	37.960	0.659
BPP_200_200_0.1_0.8_3.C	91	2.600	37.960	0.646
BPP_200_200_0.1_0.8_3.C	91	2.600	37.960	0.660
BPP_200_200_0.1_0.8_3.C	91	2.600	37.960	0.669
BPP_200_200_0.1_0.8_3.C	91	2.600	37.960	0.678
BPP_200_200_0.1_0.8_3.C	91	2.600	37.960	0.692
BPP_200_200_0.1_0.8_3.C	91	2.600	37.960	0.636
BPP_200_200_0.1_0.8_3.C	91	2.800	38.080	0.689
BPP_200_200_0.1_0.8_3.C	91	2.600	37.960	0.667
BPP_200_200_0.1_0.8_3.C	91	2.600	37.960	0.661
BPP_200_200_0.1_0.8_4.C	94	5.000	40.600	0.653
BPP_200_200_0.1_0.8_4.C	93	5.200	40.320	0.671
BPP_200_200_0.1_0.8_4.C	94	4.800	40.480	0.675
BPP_200_200_0.1_0.8_4.C	93	4.800	40.080	0.656
BPP_200_200_0.1_0.8_4.C	93	5.000	40.200	0.654
BPP_200_200_0.1_0.8_4.C	93	5.400	40.440	0.645
BPP_200_200_0.1_0.8_4.C	93	5.400	40.440	0.682
BPP_200_200_0.1_0.8_4.C	94	4.800	40.480	0.688
BPP_200_200_0.1_0.8_4.C	93	5.200	40.320	0.683
BPP_200_200_0.1_0.8_4.C	93	5.000	40.200	0.686
BPP_200_200_0.1_0.8_5.C	92	0.600	37.160	0.689
BPP_200_200_0.1_0.8_5.C	92	0.600	37.160	0.649
BPP_200_200_0.1_0.8_5.C	92	0.600	37.160	0.670
BPP_200_200_0.1_0.8_5.C	92	0.600	37.160	0.703
BPP_200_200_0.1_0.8_5.C	92	0.600	37.160	0.657
BPP_200_200_0.1_0.8_5.C	92	0.600	37.160	0.688
BPP_200_200_0.1_0.8_5.C	92	0.600	37.160	0.668
BPP_200_200_0.1_0.8_5.C	92	0.600	37.160	0.664
BPP_200_200_0.1_0.8_5.C	92	0.600	37.160	0.640
BPP_200_200_0.1_0.8_5.C	92	0.600	37.160	0.701
BPP_200_200_0.1_0.8_6.C	101	0.000	40.400	0.749
BPP_200_200_0.1_0.8_6.C	100	-0.000	40.000	0.725
BPP_200_200_0.1_0.8_6.C	100	-0.000	40.000	0.826
BPP_200_200_0.1_0.8_6.C	100	-0.000	40.000	0.746
BPP_200_200_0.1_0.8_6.C	100	-0.000	40.000	0.804
BPP_200_200_0.1_0.8_6.C	101	0.200	40.520	0.736
BPP_200_200_0.1_0.8_6.C	99	-0.000	39.600	0.886
BPP_200_200_0.1_0.8_6.C	100	1.400	40.840	0.708
BPP_200_200_0.1_0.8_6.C	99	-0.000	39.600	0.755
BPP_200_200_0.1_0.8_6.C	100	-0.000	40.000	0.802
BPP_200_200_0.1_0.8_7.C	93	0.000	37.200	0.655
BPP_200_200_0.1_0.8_7.C	93	0.000	37.200	0.664
BPP_200_200_0.1_0.8_7.C	93	0.000	37.200	0.664
BPP_200_200_0.1_0.8_7.C	93	0.000	37.200	0.645
BPP_200_200_0.1_0.8_7.C	93	0.000	37.200	0.636
BPP_200_200_0.1_0.8_7.C	92	0.000	36.800	0.660
BPP_200_200_0.1_0.8_7.C	93	0.000	37.200	0.662
BPP_200_200_0.1_0.8_7.C	93	0.000	37.200	0.644
BPP_200_200_0.1_0.8_7.C	93	0.000	37.200	0.683
BPP_200_200_0.1_0.8_7.C	93	0.000	37.200	0.644
BPP_200_200_0.1_0.8_8.C	100	4.200	42.520	0.685
BPP_200_200_0.1_0.8_8.C	99	4.600	42.360	0.691
BPP_200_200_0.1_0.8_8.C	99	4.400	42.240	0.711
BPP_200_200_0.1_0.8_8.C	100	4.000	42.400	0.710
BPP_200_200_0.1_0.8_8.C	100	4.200	42.520	0.705
BPP_200_200_0.1_0.8_8.C	99	4.600	42.360	0.709
BPP_200_200_0.1_0.8_8.C	99	4.400	42.240	0.698
BPP_200_200_0.1_0.8_8.C	99	4.400	42.240	0.714
BPP_200_200_0.1_0.8_8.C	99	4.400	42.240	0.703
BPP_200_200_0.1_0.8_8.C	100	4.200	42.520	0.693
BPP_200_200_0.1_0.8_9.C	95	1.800	39.080	0.714
BPP_200_200_0.1_0.8_9.C	95	1.600	38.960	0.739
BPP_200_200_0.1_0.8_9.C	95	2.600	39.560	0.681
BPP_200_200_0.1_0.8_9.C	95	2.200	39.320	0.747
BPP_200_200_0.1_0.8_9.C	95	2.200	39.320	0.667
BPP_200_200_0.1_0.8_9.C	95	1.200	38.720	0.687
BPP_200_200_0.1_0.8_9.C	95	1.800	39.080	0.755
BPP_200_200_0.1_0.8_9.C	95	1.800	39.080	0.771
BPP_200_200_0.1_0.8_9.C	95	2.200	39.320	0.699
BPP_200_200_0.1_0.8_9.C	95	2.200	39.320	0.748
BPP_200_300_0.1_0.8_0.C	91	-0.000	36.400	1.059
BPP_200_300_0.1_0.8_0.C	91	-0.000	36.400	1.056
BPP_200_300_0.1_0.8_0.C	91	-0.000	36.400	1.073
BPP_200_300_0.1_0.8_0.C	91	-0.000	36.400	1.069
BPP_200_300_0.1_0.8_0.C	91	-0.000	36.400	1.075
BPP_200_300_0.1_0.8_0.C	91	-0.000	36.400	1.075
BPP_200_300_0.1_0.8_0.C	91	-0.000	36.400	1.049
BPP_200_300_0.1_0.8_0.C	91	-0.000	36.400	1.057
BPP_200_300_0.1_0.8_0.C	91	-0.000	36.400	1.061
BPP_200_300_0.1_0.8_0.C	91	-0.000	36.400	1.057
BPP_200_300_0.1_0.8_1.C	97	3.000	40.600	1.110
BPP_200_300_0.1_0.8_1.C	97	3.200	40.720	1.139
BPP_200_300_0.1_0.8_1.C	97	3.400	40.840	1.126
BPP_200_300_0.1_0.8_1.C	98	2.600	40.760	1.176
BPP_200_300_0.1_0.8_1.C	98	2.600	40.760	1.138
BPP_200_300_0.1_0.8_1.C	98	2.600	40.760	1.275
BPP_200_300_0.1_0.8_1.C	97	3.400	40.840	1.365
BPP_200_300_0.1_0.8_1.C	98	2.600	40.760	1.100
BPP_200_300_0.1_0.8_1.C	97	2.600	40.360	1.322
BPP_200_300_0.1_0.8_1.C	97	3.000	40.600	1.103
BPP_200_300_0.1_0.8_2.C	96	0.200	38.520	1.093
BPP_200_300_0.1_0.8_2.C	96	0.800	38.880	1.085
BPP_200_300_0.1_0.8_2.C	96	0.200	38.520	1.098
BPP_200_300_0.1_0.8_2.C	95	0.800	38.480	1.075
BPP_200_300_0.1_0.8_2.C	96	0.200	38.520	1.074
BPP_200_300_0.1_0.8_2.C	96	0.200	38.520	1.100
BPP_200_300_0.1_0.8_2.C	96	0.800	38.880	1.115
BPP_200_300_0.1_0.8_2.C	96	0.200	38.520	1.106
BPP_200_300_0.1_0.8_2.C	95	0.800	38.480	1.101
BPP_200_300_0.1_0.8_2.C	96	0.200	38.520	1.095
BPP_200_300_0.1_0.8_3.C	99	9.800	45.480	1.269
BPP_200_300_0.1_0.8_3.C	99	9.600	45.360	1.181
BPP_200_300_0.1_0.8_3.C	99	9.600	45.360	1.170
BPP_200_300_0.1_0.8_3.C	99	9.600	45.360	1.174
BPP_200_300_0.1_0.8_3.C	99	9.800	45.480	1.151
BPP_200_300_0.1_0.8_3.C	99	9.800	45.480	1.151
BPP_200_300_0.1_0.8_3.C	99	9.800	45.480	1.235
BPP_200_300_0.1_0.8_3.C	99	9.800	45.480	1.129
BPP_200_300_0.1_0.8_3.C	99	9.800	45.480	1.194
BPP_200_300_0.1_0.8_3.C	99	9.600	45.360	1.164
BPP_200_300_0.1_0.8_4.C	95	7.200	42.320	1.081
BPP_200_300_0.1_0.8_4.C	94	7.200	41.920	1.131
BPP_200_300_0.1_0.8_4.C	95	7.200	42.320	1.102
BPP_200_300_0.1_0.8_4.C	95	7.000	42.200	1.084
BPP_200_300_0.1_0.8_4.C	94	7.400	42.040	1.092
BPP_200_300_0.1_0.8_4.C	95	7.200	42.320	1.090
BPP_200_300_0.1_0.8_4.C	95	7.000	42.200	1.151
BPP_200_300_0.1_0.8_4.C	95	7.200	42.320	1.089
BPP_200_300_0.1_0.8_4.C	94	7.800	42.280	1.143
BPP_200_300_0.1_0.8_4.C	94	7.200	41.920	1.099
BPP_200_300_0.1_0.8_5.C	89	1.200	36.320	1.078
BPP_200_300_0.1_0.8_5.C	89	1.000	36.200	1.027
BPP_200_300_0.1_0.8_5.C	89	1.000	36.200	1.049
BPP_200_300_0.1_0.8_5.C	89	1.200	36.320	1.044
BPP_200_300_0.1_0.8_5.C	89	1.000	36.200	1.054
BPP_200_300_0.1_0.8_5.C	89	1.000	36.200	1.046
BPP_200_300_0.1_0.8_5.C	89	1.000	36.200	1.038
BPP_200_300_0.1_0.8_5.C	89	1.000	36.200	1.047
BPP_200_300_0.1_0.8_5.C	89	1.000	36.200	1.053
BPP_200_300_0.1_0.8_5.C	89	1.000	36.200	1.079
BPP_200_300_0.1_0.8_6.C	98	2.600	40.760	1.126
BPP_200_300_0.1_0.8_6.C	99	2.600	41.160	1.212
BPP_200_300_0.1_0.8_6.C	98	3.000	41.000	1.131
BPP_200_300_0.1_0.8_6.C	99	2.800	41.280	1.169
BPP_200_300_0.1_0.8_6.C	99	3.600	41.760	1.113
BPP_200_300_0.1_0.8_6.C	99	2.600	41.160	1.173
BPP_200_300_0.1_0.8_6.C	98	3.000	41.000	1.165
BPP_200_300_0.1_0.8_6.C	98	2.800	40.880	1.164
BPP_200_300_0.1_0.8_6.C	99	2.800	41.280	1.287
BPP_200_300_0.1_0.8_6.C	98	2.800	40.880	1.232
BPP_200_300_0.1_0.8_7.C	91	0.600	36.760	1.050
BPP_200_300_0.1_0.8_7.C	91	0.400	36.640	1.032
BPP_200_300_0.1_0.8_7.C	91	0.600	36.760	1.045
BPP_200_300_0.1_0.8_7.C	91	0.400	36.640	1.060
BPP_200_300_0.1_0.8_7.C	91	-0.000	36.400	1.070
BPP_200_300_0.1_0.8_7.C	91	-0.000	36.400	1.114
BPP_200_300_0.1_0.8_7.C	91	0.400	36.640	1.049
BPP_200_300_0.1_0.8_7.C	91	-0.000	36.400	1.087
BPP_200_300_0.1_0.8_7.C	91	-0.000	36.400	1.060
BPP_200_300_0.1_0.8_7.C	91	0.600	36.760	1.050
BPP_200_300_0.1_0.8_8.C	92	4.800	39.680	1.074
BPP_200_300_0.1_0.8_8.C	92	4.600	39.560	1.117
BPP_200_300_0.1_0.8_8.C	92	4.600	39.560	1.091
BPP_200_300_0.1_0.8_8.C	92	5.000	39.800	1.050
BPP_200_300_0.1_0.8_8.C	92	4.800	39.680	1.101
BPP_200_300_0.1_0.8_8.C	92	4.800	39.680	1.065
BPP_200_300_0.1_0.8_8.C	92	4.600	39.560	1.070
BPP_200_300_0.1_0.8_8.C	92	4.600	39.560	1.079
BPP_200_300_0.1_0.8_8.C	92	4.800	39.680	1.053
BPP_200_300_0.1_0.8_8.C	92	4.800	39.680	1.067
BPP_200_300_0.1_0.8_9.C	99	5.200	42.720	1.127
BPP_200_300_0.1_0.8_9.C	99	5.400	42.840	1.147
BPP_200_300_0.1_0.8_9.C	99	4.600	42.360	1.247
BPP_200_300_0.1_0.8_9.C	99	4.800	42.480	1.187
BPP_200_300_0.1_0.8_9.C	99	5.200	42.720	1.164
BPP_200_300_0.1_0.8_9.C	99	4.800	42.480	1.219
BPP_200_300_0.1_0.8_9.C	99	4.000	42.000	1.234
BPP_200_300_0.1_0.8_9.C	99	4.200	42.120	1.272
BPP_200_300_0.1_0.8_9.C	99	4.200	42.120	1.295
BPP_200_300_0.1_0.8_9.C	99	5.200	42.720	1.113
BPP_200_400_0.1_0.8_0.C	101	5.000	43.400	1.847
BPP_200_400_0.1_0.8_0.C	101	5.200	43.520	1.750
BPP_200_400_0.1_0.8_0.C	101	5.400	43.640	1.653
BPP_200_400_0.1_0.8_0.C	101	5.000	43.400	1.769
BPP_200_400_0.1_0.8_0.C	101	5.200	43.520	1.707
BPP_200_400_0.1_0.8_0.C	101	5.400	43.640	1.646
BPP_200_400_0.1_0.8_0.C	101	5.400	43.640	1.717
BPP_200_400_0.1_0.8_0.C	101	5.800	43.880	1.725
BPP_200_400_0.1_0.8_0.C	101	5.400	43.640	1.644
BPP_200_400_0.1_0.8_0.C	101	5.200	43.520	1.676
BPP_200_400_0.1_0.8_1.C	95	0.400	38.240	1.530
BPP_200_400_0.1_0.8_1.C	95	0.400	38.240	1.551
BPP_200_400_0.1_0.8_1.C	95	0.400	38.240	1.558
BPP_200_400_0.1_0.8_1.C	95	0.400	38.240	1.560
BPP_200_400_0.1_0.8_1.C	95	0.400	38.240	1.537
BPP_200_400_0.1_0.8_1.C	95	0.400	38.240	1.546
BPP_200_400_0.1_0.8_1.C	95	0.400	38.240	1.537
BPP_200_400_0.1_0.8_1.C	95	0.400	38.240	1.535
BPP_200_400_0.1_0.8_1.C	95	0.400	38.240	1.543
BPP_200_400_0.1_0.8_1.C	95	0.400	38.240	1.572
BPP_200_400_0.1_0.8_2.C	100	1.800	41.080	1.621
BPP_200_400_0.1_0.8_2.C	99	1.800	40.680	1.580
BPP_200_400_0.1_0.8_2.C	99	1.800	40.680	1.629
BPP_200_400_0.1_0.8_2.C	100	1.800	41.080	1.597
BPP_200_400_0.1_0.8_2.C	99	2.000	40.800	1.597
BPP_200_400_0.1_0.8_2.C	99	1.800	40.680	1.591
BPP_200_400_0.1_0.8_2.C	100	1.800	41.080	1.605
BPP_200_400_0.1_0.8_2.C	99	1.800	40.680	1.591
BPP_200_400_0.1_0.8_2.C	99	1.800	40.680	1.597
BPP_200_400_0.1_0.8_2.C	99	1.800	40.680	1.605
BPP_200_400_0.1_0.8_3.C	96	3.200	40.320	1.581
BPP_200_400_0.1_0.8_3.C	96	3.200	40.320	1.595
BPP_200_400_0.1_0.8_3.C	97	3.200	40.720	1.547
BPP_200_400_0.1_0.8_3.C	97	3.200	40.720	1.552
BPP_200_400_0.1_0.8_3.C	97	3.200	40.720	1.556
BPP_200_400_0.1_0.8_3.C	97	3.200	40.720	1.514
BPP_200_400_0.1_0.8_3.C	96	3.200	40.320	1.575
BPP_200_400_0.1_0.8_3.C	96	3.200	40.320	1.626
BPP_200_400_0.1_0.8_3.C	97	3.200	40.720	1.615
BPP_200_400_0.1_0.8_3.C	97	3.200	40.720	1.532
BPP_200_400_0.1_0.8_4.C	93	8.000	42.000	1.492
BPP_200_400_0.1_0.8_4.C	94	8.000	42.400	1.496
BPP_200_400_0.1_0.8_4.C	93	7.800	41.880	1.501
BPP_200_400_0.1_0.8_4.C	93	8.000	42.000	1.538
BPP_200_400_0.1_0.8_4.C	93	8.000	42.000	1.548
BPP_200_400_0.1_0.8_4.C	93	7.800	41.880	1.531
BPP_200_400_0.1_0.8_4.C	93	8.200	42.120	1.497
BPP_200_400_0.1_0.8_4.C	93	8.000	42.000	1.487
BPP_200_400_0.1_0.8_4.C	93	7.800	41.880	1.554
BPP_200_400_0.1_0.8_4.C	93	8.000	42.000	1.537
BPP_200_400_0.1_0.8_5.C	88	2.600	36.760	1.406
BPP_200_400_0.1_0.8_5.C	88	2.600	36.760	1.425
BPP_200_400_0.1_0.8_5.C	88	2.800	36.880	1.427
BPP_200_400_0.1_0.8_5.C	88	3.000	37.000	1.420
BPP_200_400_0.1_0.8_5.C	88	2.800	36.880	1.436
BPP_200_400_0.1_0.8_5.C	88	2.600	36.760	1.458
BPP_200_400_0.1_0.8_5.C	88	2.600	36.760	1.418
BPP_200_400_0.1_0.8_5.C	88	2.600	36.760	1.439
BPP_200_400_0.1_0.8_5.C	88	2.400	36.640	1.429
BPP_200_400_0.1_0.8_5.C	88	2.400	36.640	1.425
BPP_200_400_0.1_0.8_6.C	91	1.800	37.480	1.461
BPP_200_400_0.1_0.8_6.C	91	1.600	37.360	1.445
BPP_200_400_0.1_0.8_6.C	91	1.800	37.480	1.460
BPP_200_400_0.1_0.8_6.C	91	1.800	37.480	1.481
BPP_200_400_0.1_0.8_6.C	91	1.600	37.360	1.476
BPP_200_400_0.1_0.8_6.C	91	1.800	37.480	1.478
BPP_200_400_0.1_0.8_6.C	91	1.600	37.360	1.489
BPP_200_400_0.1_0.8_6.C	91	1.600	37.360	1.468
BPP_200_400_0.1_0.8_6.C	91	1.800	37.480	1.477
BPP_200_400_0.1_0.8_6.C	91	1.600	37.360	1.423
BPP_200_400_0.1_0.8_7.C	96	0.200	38.520	1.564
BPP_200_400_0.1_0.8_7.C	96	0.600	38.760	1.549
BPP_200_400_0.1_0.8_7.C	96	0.600	38.760	1.541
BPP_200_400_0.1_0.8_7.C	96	0.200	38.520	1.542
BPP_200_400_0.1_0.8_7.C	95	0.200	38.120	1.583
BPP_200_400_0.1_0.8_7.C	95	0.800	38.480	1.547
BPP_200_400_0.1_0.8_7.C	96	0.600	38.760	1.532
BPP_200_400_0.1_0.8_7.C	96	0.200	38.520	1.566
BPP_200_400_0.1_0.8_7.C	95	0.600	38.360	1.536
BPP_200_400_0.1_0.8_7.C	96	0.600	38.760	1.531
BPP_200_400_0.1_0.8_8.C	95	0.800	38.480	1.552
BPP_200_400_0.1_0.8_8.C	95	0.800	38.480	1.515
BPP_200_400_0.1_0.8_8.C	95	0.800	38.480	1.542
BPP_200_400_0.1_0.8_8.C	95	0.800	38.480	1.559
BPP_200_400_0.1_0.8_8.C	95	0.800	38.480	1.516
BPP_200_400_0.1_0.8_8.C	95	0.800	38.480	1.518
BPP_200_400_0.1_0.8_8.C	95	0.800	38.480	1.569
BPP_200_400_0.1_0.8_8.C	95	0.800	38.480	1.557
BPP_200_400_0.1_0.8_8.C	95	0.800	38.480	1.587
BPP_200_400_0.1_0.8_8.C	95	0.800	38.480	1.532
BPP_200_400_0.1_0.8_9.C	97	2.000	40.000	1.532
BPP_200_400_0.1_0.8_9.C	97	2.000	40.000	1.578
BPP_200_400_0.1_0.8_9.C	97	2.000	40.000	1.545
BPP_200_400_0.1_0.8_9.C	97	2.200	40.120	1.544
BPP_200_400_0.1_0.8_9.C	97	2.000	40.000	1.520
BPP_200_400_0.1_0.8_9.C	97	2.000	40.000	1.556
BPP_200_400_0.1_0.8_9.C	97	2.000	40.000	1.540
BPP_200_400_0.1_0.8_9.C	97	2.000	40.000	1.544
BPP_200_400_0.1_0.8_9.C	97	2.000	40.000	1.582
BPP_200_400_0.1_0.8_9.C	97	2.000	40.000	1.531
BPP_200_500_0.1_0.8_0.C	101	2.200	41.720	1.985
BPP_200_500_0.1_0.8_0.C	101	4.000	42.800	1.843
BPP_200_500_0.1_0.8_0.C	101	2.800	42.080	1.876
BPP_200_500_0.1_0.8_0.C	101	2.600	41.960	1.876
BPP_200_500_0.1_0.8_0.C	101	2.400	41.840	2.019
BPP_200_500_0.1_0.8_0.C	101	2.200	41.720	1.955
BPP_200_500_0.1_0.8_0.C	101	2.400	41.840	1.903
BPP_200_500_0.1_0.8_0.C	101	3.600	42.560	1.767
BPP_200_500_0.1_0.8_0.C	101	3.400	42.440	1.943
BPP_200_500_0.1_0.8_0.C	101	3.600	42.560	1.870
BPP_200_500_0.1_0.8_1.C	93	5.400	40.440	1.772
BPP_200_500_0.1_0.8_1.C	93	5.600	40.560	1.704
BPP_200_500_0.1_0.8_1.C	93	5.600	40.560	1.767
BPP_200_500_0.1_0.8_1.C	93	5.400	40.440	1.781
BPP_200_500_0.1_0.8_1.C	93	5.400	40.440	1.740
BPP_200_500_0.1_0.8_1.C	93	5.800	40.680	1.753
BPP_200_500_0.1_0.8_1.C	93	5.800	40.680	1.741
BPP_200_500_0.1_0.8_1.C	93	5.400	40.440	1.799
BPP_200_500_0.1_0.8_1.C	93	5.000	40.200	1.773
BPP_200_500_0.1_0.8_1.C	93	5.400	40.440	1.775
BPP_200_500_0.1_0.8_2.C	87	7.200	39.120	1.610
BPP_200_500_0.1_0.8_2.C	87	7.000	39.000	1.617
BPP_200_500_0.1_0.8_2.C	87	7.000	39.000	2.626
BPP_200_500_0.1_0.8_2.C	87	7.200	39.120	1.600
BPP_200_500_0.1_0.8_2.C	87	7.200	39.120	1.607
BPP_200_500_0.1_0.8_2.C	87	7.200	39.120	1.582
BPP_200_500_0.1_0.8_2.C	87	7.200	39.120	1.663
BPP_200_500_0.1_0.8_2.C	87	7.200	39.120	1.652
BPP_200_500_0.1_0.8_2.C	87	7.000	39.000	1.606
BPP_200_500_0.1_0.8_2.C	87	7.200	39.120	1.648
BPP_200_500_0.1_0.8_3.C	93	11.400	44.040	1.808
BPP_200_500_0.1_0.8_3.C	93	11.600	44.160	1.722
BPP_200_500_0.1_0.8_3.C	93	11.400	44.040	1.714
BPP_200_500_0.1_0.8_3.C	93	11.600	44.160	1.756
BPP_200_500_0.1_0.8_3.C	93	11.400	44.040	1.713
BPP_200_500_0.1_0.8_3.C	93	11.400	44.040	2.210
BPP_200_500_0.1_0.8_3.C	93	11.400	44.040	1.709
BPP_200_500_0.1_0.8_3.C	93	11.400	44.040	1.806
BPP_200_500_0.1_0.8_3.C	93	11.400	44.040	1.734
BPP_200_500_0.1_0.8_3.C	93	11.400	44.040	2.365
BPP_200_500_0.1_0.8_4.C	92	3.400	38.840	1.691
BPP_200_500_0.1_0.8_4.C	92	3.400	38.840	1.762
BPP_200_500_0.1_0.8_4.C	93	3.000	39.000	1.672
BPP_200_500_0.1_0.8_4.C	93	3.000	39.000	1.685
BPP_200_500_0.1_0.8_4.C	93	3.000	39.000	1.726
BPP_200_500_0.1_0.8_4.C	92	3.400	38.840	1.669
BPP_200_500_0.1_0.8_4.C	92	3.200	38.720	1.687
BPP_200_500_0.1_0.8_4.C	93	3.000	39.000	1.673
BPP_200_500_0.1_0.8_4.C	92	3.400	38.840	1.671
BPP_200_500_0.1_0.8_4.C	92	3.400	38.840	1.715
BPP_200_500_0.1_0.8_5.C	97	2.000	40.000	1.827
BPP_200_500_0.1_0.8_5.C	97	1.800	39.880	1.798
BPP_200_500_0.1_0.8_5.C	97	1.800	39.880	1.790
BPP_200_500_0.1_0.8_5.C	96	2.200	39.720	1.753
BPP_200_500_0.1_0.8_5.C	97	2.000	40.000	1.801
BPP_200_500_0.1_0.8_5.C	97	1.800	39.880	1.780
BPP_200_500_0.1_0.8_5.C	97	2.000	40.000	1.810
BPP_200_500_0.1_0.8_5.C	97	2.000	40.000	1.825
BPP_200_500_0.1_0.8_5.C	97	2.000	40.000	1.811
BPP_200_500_0.1_0.8_5.C	97	1.800	39.880	1.780
BPP_200_500_0.1_0.8_6.C	97	1.800	39.880	1.762
BPP_200_500_0.1_0.8_6.C	96	2.200	39.720	1.735
BPP_200_500_0.1_0.8_6.C	97	1.800	39.880	1.746
BPP_200_500_0.1_0.8_6.C	97	1.800	39.880	1.753
BPP_200_500_0.1_0.8_6.C	96	2.000	39.600	1.762
BPP_200_500_0.1_0.8_6.C	97	1.800	39.880	1.778
BPP_200_500_0.1_0.8_6.C	97	1.800	39.880	1.790
BPP_200_500_0.1_0.8_6.C	97	1.800	39.880	1.783
BPP_200_500_0.1_0.8_6.C	97	1.800	39.880	1.773
BPP_200_500_0.1_0.8_6.C	97	1.800	39.880	1.765
BPP_200_500_0.1_0.8_7.C	90	7.800	40.680	1.757
BPP_200_500_0.1_0.8_7.C	90	9.400	41.640	1.661
BPP_200_500_0.1_0.8_7.C	90	8.800	41.280	1.702
BPP_200_500_0.1_0.8_7.C	91	9.200	41.920	1.668
BPP_200_500_0.1_0.8_7.C	90	9.200	41.520	1.663
BPP_200_500_0.1_0.8_7.C	91	8.200	41.320	1.654
BPP_200_500_0.1_0.8_7.C	91	8.800	41.680	1.664
BPP_200_500_0.1_0.8_7.C	90	9.600	41.760	1.734
BPP_200_500_0.1_0.8_7.C	90	9.000	41.400	1.647
BPP_200_500_0.1_0.8_7.C	90	9.000	41.400	1.841
BPP_200_500_0.1_0.8_8.C	107	3.600	44.960	2.343
BPP_200_500_0.1_0.8_8.C	108	3.400	45.240	2.332
BPP_200_500_0.1_0.8_8.C	107	4.200	45.320	2.387
BPP_200_500_0.1_0.8_8.C	108	3.800	45.480	2.244
BPP_200_500_0.1_0.8_8.C	107	3.400	44.840	2.361
BPP_200_500_0.1_0.8_8.C	107	4.200	45.320	2.168
BPP_200_500_0.1_0.8_8.C	107	3.800	45.080	2.364
BPP_200_500_0.1_0.8_8.C	108	5.600	46.560	2.069
BPP_200_500_0.1_0.8_8.C	107	4.600	45.560	2.207
BPP_200_500_0.1_0.8_8.C	107	5.400	46.040	2.072
BPP_200_500_0.1_0.8_9.C	96	4.000	40.800	1.744
BPP_200_500_0.1_0.8_9.C	95	3.200	39.920	1.773
BPP_200_500_0.1_0.8_9.C	94	3.600	39.760	1.770
BPP_200_500_0.1_0.8_9.C	94	3.200	39.520	1.838
BPP_200_500_0.1_0.8_9.C	95	4.200	40.520	1.816
BPP_200_500_0.1_0.8_9.C	94	5.000	40.600	1.809
BPP_200_500_0.1_0.8_9.C	94	3.600	39.760	2.012
BPP_200_500_0.1_0.8_9.C	94	4.800	40.480	1.878
BPP_200_500_0.1_0.8_9.C	95	4.200	40.520	1.839
BPP_200_500_0.1_0.8_9.C	95	3.000	39.800	2.091
BPP_200_50_0.1_0.8_0.C	84	2.000	34.800	0.240
BPP_200_50_0.1_0.8_0.C	84	2.000	34.800	0.221
BPP_200_50_0.1_0.8_0.C	84	2.000	34.800	0.222
BPP_200_50_0.1_0.8_0.C	84	2.000	34.800	0.364
BPP_200_50_0.1_0.8_0.C	84	2.200	34.920	0.231
BPP_200_50_0.1_0.8_0.C	84	2.200	34.920	0.420
BPP_200_50_0.1_0.8_0.C	84	2.000	34.800	0.221
BPP_200_50_0.1_0.8_0.C	84	2.200	34.920	0.216
BPP_200_50_0.1_0.8_0.C	84	2.000	34.800	0.216
BPP_200_50_0.1_0.8_0.C	84	2.200	34.920	0.218
BPP_200_50_0.1_0.8_1.C	93	2.800	38.880	0.249
BPP_200_50_0.1_0.8_1.C	93	2.800	38.880	0.258
BPP_200_50_0.1_0.8_1.C	93	2.800	38.880	0.251
BPP_200_50_0.1_0.8_1.C	93	2.800	38.880	0.238
BPP_200_50_0.1_0.8_1.C	93	2.800	38.880	0.256
BPP_200_50_0.1_0.8_1.C	93	2.800	38.880	0.236
BPP_200_50_0.1_0.8_1.C	93	2.800	38.880	0.245
BPP_200_50_0.1_0.8_1.C	93	2.800	38.880	0.241
BPP_200_50_0.1_0.8_1.C	93	2.800	38.880	0.246
BPP_200_50_0.1_0.8_1.C	93	2.800	38.880	0.230
BPP_200_50_0.1_0.8_2.C	88	4.800	38.080	0.229
BPP_200_50_0.1_0.8_2.C	88	4.800	38.080	0.229
BPP_200_50_0.1_0.8_2.C	87	5.800	38.280	0.222
BPP_200_50_0.1_0.8_2.C	88	4.800	38.080	0.223
BPP_200_50_0.1_0.8_2.C	88	5.200	38.320	0.244
BPP_200_50_0.1_0.8_2.C	88	4.800	38.080	0.229
BPP_200_50_0.1_0.8_2.C	88	4.800	38.080	0.226
BPP_200_50_0.1_0.8_2.C	89	4.800	38.480	0.224
BPP_200_50_0.1_0.8_2.C	88	4.800	38.080	0.232
BPP_200_50_0.1_0.8_2.C	87	6.000	38.400	0.220
BPP_200_50_0.1_0.8_3.C	93	2.800	38.880	0.232
BPP_200_50_0.1_0.8_3.C	93	2.800	38.880	0.228
BPP_200_50_0.1_0.8_3.C	93	2.800	38.880	0.229
BPP_200_50_0.1_0.8_3.C	93	2.800	38.880	0.243
BPP_200_50_0.1_0.8_3.C	93	2.800	38.880	0.233
BPP_200_50_0.1_0.8_3.C	93	2.800	38.880	0.229
BPP_200_50_0.1_0.8_3.C	93	2.800	38.880	0.233
BPP_200_50_0.1_0.8_3.C	93	2.800	38.880	0.229
BPP_200_50_0.1_0.8_3.C	93	2.800	38.880	0.243
BPP_200_50_0.1_0.8_3.C	93	2.800	38.880	0.264
BPP_200_50_0.1_0.8_4.C	94	0.200	37.720	0.241
BPP_200_50_0.1_0.8_4.C	94	0.200	37.720	0.230
BPP_200_50_0.1_0.8_4.C	94	0.200	37.720	0.261
BPP_200_50_0.1_0.8_4.C	94	0.200	37.720	0.227
BPP_200_50_0.1_0.8_4.C	93	0.200	37.320	0.249
BPP_200_50_0.1_0.8_4.C	94	0.200	37.720	0.229
BPP_200_50_0.1_0.8_4.C	93	0.200	37.320	0.241
BPP_200_50_0.1_0.8_4.C	93	0.200	37.320	0.255
BPP_200_50_0.1_0.8_4.C	93	0.200	37.320	0.242
BPP_200_50_0.1_0.8_4.C	94	0.200	37.720	0.233
BPP_200_50_0.1_0.8_5.C	96	0.200	38.520	0.243
BPP_200_50_0.1_0.8_5.C	96	0.200	38.520	0.236
BPP_200_50_0.1_0.8_5.C	96	0.200	38.520	0.238
BPP_200_50_0.1_0.8_5.C	96	0.200	38.520	0.241
BPP_200_50_0.1_0.8_5.C	96	0.200	38.520	0.231
BPP_200_50_0.1_0.8_5.C	96	0.200	38.520	0.242
BPP_200_50_0.1_0.8_5.C	96	0.200	38.520	0.236
BPP_200_50_0.1_0.8_5.C	96	0.200	38.520	0.239
BPP_200_50_0.1_0.8_5.C	95	0.200	38.120	0.237
BPP_200_50_0.1_0.8_5.C	96	0.200	38.520	0.237
BPP_200_50_0.1_0.8_6.C	98	0.200	39.320	0.254
BPP_200_50_0.1_0.8_6.C	98	0.200	39.320	0.238
BPP_200_50_0.1_0.8_6.C	98	0.200	39.320	0.253
BPP_200_50_0.1_0.8_6.C	98	0.200	39.320	0.246
BPP_200_50_0.1_0.8_6.C	98	0.200	39.320	0.241
BPP_200_50_0.1_0.8_6.C	98	0.200	39.320	0.244
BPP_200_50_0.1_0.8_6.C	98	0.200	39.320	0.247
BPP_200_50_0.1_0.8_6.C	98	0.200	39.320	0.244
BPP_200_50_0.1_0.8_6.C	98	0.200	39.320	0.260
BPP_200_50_0.1_0.8_6.C	98	0.200	39.320	0.266
BPP_200_50_0.1_0.8_7.C	90	2.600	37.560	0.229
BPP_200_50_0.1_0.8_7.C	90	2.600	37.560	0.229
BPP_200_50_0.1_0.8_7.C	89	3.000	37.400	0.224
BPP_200_50_0.1_0.8_7.C	89	2.800	37.280	0.230
BPP_200_50_0.1_0.8_7.C	89	3.200	37.520	0.239
BPP_200_50_0.1_0.8_7.C	89	3.000	37.400	0.240
BPP_200_50_0.1_0.8_7.C	90	2.600	37.560	0.236
BPP_200_50_0.1_0.8_7.C	90	2.600	37.560	0.234
BPP_200_50_0.1_0.8_7.C	89	3.000	37.400	0.232
BPP_200_50_0.1_0.8_7.C	90	2.600	37.560	0.228
BPP_200_50_0.1_0.8_8.C	87	2.200	36.120	0.239
BPP_200_50_0.1_0.8_8.C	87	2.200	36.120	0.216
BPP_200_50_0.1_0.8_8.C	87	2.200	36.120	0.223
BPP_200_50_0.1_0.8_8.C	87	2.200	36.120	0.227
BPP_200_50_0.1_0.8_8.C	87	2.200	36.120	0.224
BPP_200_50_0.1_0.8_8.C	87	2.200	36.120	0.235
BPP_200_50_0.1_0.8_8.C	87	2.200	36.120	0.226
BPP_200_50_0.1_0.8_8.C	87	2.600	36.360	0.232
BPP_200_50_0.1_0.8_8.C	87	2.200	36.120	0.227
BPP_200_50_0.1_0.8_8.C	87	2.200	36.120	0.221
BPP_200_50_0.1_0.8_9.C	91	4.200	38.920	0.240
BPP_200_50_0.1_0.8_9.C	91	4.200	38.920	0.224
BPP_200_50_0.1_0.8_9.C	91	4.200	38.920	0.234
BPP_200_50_0.1_0.8_9.C	91	4.200	38.920	0.225
BPP_200_50_0.1_0.8_9.C	91	4.200	38.920	0.230
BPP_200_50_0.1_0.8_9.C	91	4.200	38.920	0.226
BPP_200_50_0.1_0.8_9.C	91	4.200	38.920	0.227
BPP_200_50_0.1_0.8_9.C	91	4.200	38.920	0.233
BPP_200_50_0.1_0.8_9.C	91	4.200	38.920	0.241
BPP_200_50_0.1_0.8_9.C	91	4.200	38.920	0.231
BPP_200_750_0.1_0.8_0.C	93	10.600	43.560	2.452
BPP_200_750_0.1_0.8_0.C	93	10.000	43.200	2.539
BPP_200_750_0.1_0.8_0.C	93	10.000	43.200	2.454
BPP_200_750_0.1_0.8_0.C	93	10.800	43.680	2.466
BPP_200_750_0.1_0.8_0.C	93	10.200	43.320	2.490
BPP_200_750_0.1_0.8_0.C	93	10.200	43.320	2.492
BPP_200_750_0.1_0.8_0.C	93	10.000	43.200	2.444
BPP_200_750_0.1_0.8_0.C	93	10.000	43.200	2.525
BPP_200_750_0.1_0.8_0.C	93	10.200	43.320	2.441
BPP_200_750_0.1_0.8_0.C	93	10.800	43.680	2.450
BPP_200_750_0.1_0.8_1.C	92	5.200	39.920	3.141
BPP_200_750_0.1_0.8_1.C	92	7.000	41.000	2.520
BPP_200_750_0.1_0.8_1.C	92	6.400	40.640	2.453
BPP_200_750_0.1_0.8_1.C	92	6.600	40.760	2.495
BPP_200_750_0.1_0.8_1.C	92	6.600	40.760	2.433
BPP_200_750_0.1_0.8_1.C	92	7.000	41.000	2.451
BPP_200_750_0.1_0.8_1.C	92	6.800	40.880	2.470
BPP_200_750_0.1_0.8_1.C	92	6.600	40.760	2.508
BPP_200_750_0.1_0.8_1.C	92	6.800	40.880	2.471
BPP_200_750_0.1_0.8_1.C	92	6.800	40.880	2.421
BPP_200_750_0.1_0.8_2.C	94	6.000	41.200	2.516
BPP_200_750_0.1_0.8_2.C	94	6.000	41.200	2.484
BPP_200_750_0.1_0.8_2.C	94	6.200	41.320	2.531
BPP_200_750_0.1_0.8_2.C	94	6.200	41.320	3.836
BPP_200_750_0.1_0.8_2.C	94	5.800	41.080	3.837
BPP_200_750_0.1_0.8_2.C	94	6.000	41.200	3.810
BPP_200_750_0.1_0.8_2.C	94	6.000	41.200	3.075
BPP_200_750_0.1_0.8_2.C	94	6.000	41.200	3.214
BPP_200_750_0.1_0.8_2.C	94	5.800	41.080	2.561
BPP_200_750_0.1_0.8_2.C	94	6.000	41.200	2.480
BPP_200_750_0.1_0.8_3.C	93	7.400	41.640	2.572
BPP_200_750_0.1_0.8_3.C	93	7.800	41.880	2.550
BPP_200_750_0.1_0.8_3.C	93	7.600	41.760	2.512
BPP_200_750_0.1_0.8_3.C	93	8.800	42.480	2.448
BPP_200_750_0.1_0.8_3.C	93	8.600	42.360	2.436
BPP_200_750_0.1_0.8_3.C	93	8.000	42.000	2.517
BPP_200_750_0.1_0.8_3.C	93	8.800	42.480	2.544
BPP_200_750_0.1_0.8_3.C	93	9.000	42.600	2.601
BPP_200_750_0.1_0.8_3.C	93	8.400	42.240	2.641
BPP_200_750_0.1_0.8_3.C	93	9.000	42.600	2.622
BPP_200_750_0.1_0.8_4.C	94	1.600	38.560	2.523
BPP_200_750_0.1_0.8_4.C	94	1.600	38.560	3.169
BPP_200_750_0.1_0.8_4.C	94	1.600	38.560	3.625
BPP_200_750_0.1_0.8_4.C	94	1.600	38.560	3.761
BPP_200_750_0.1_0.8_4.C	94	1.600	38.560	3.772
BPP_200_750_0.1_0.8_4.C	94	1.600	38.560	3.978
BPP_200_750_0.1_0.8_4.C	94	1.600	38.560	2.532
BPP_200_750_0.1_0.8_4.C	94	1.600	38.560	3.902
BPP_200_750_0.1_0.8_4.C	94	1.600	38.560	3.862
BPP_200_750_0.1_0.8_4.C	94	1.600	38.560	3.903
BPP_200_750_0.1_0.8_5.C	90	4.800	38.880	2.463
BPP_200_750_0.1_0.8_5.C	90	3.800	38.280	2.566
BPP_200_750_0.1_0.8_5.C	90	4.600	38.760	2.551
BPP_200_750_0.1_0.8_5.C	90	3.800	38.280	2.661
BPP_200_750_0.1_0.8_5.C	90	4.600	38.760	2.657
BPP_200_750_0.1_0.8_5.C	90	4.000	38.400	2.964
BPP_200_750_0.1_0.8_5.C	90	4.400	38.640	3.109
BPP_200_750_0.1_0.8_5.C	90	4.400	38.640	3.235
BPP_200_750_0.1_0.8_5.C	90	4.400	38.640	3.638
BPP_200_750_0.1_0.8_5.C	90	4.200	38.520	3.498
BPP_200_750_0.1_0.8_6.C	93	2.600	38.760	3.943
BPP_200_750_0.1_0.8_6.C	93	2.800	38.880	3.898
BPP_200_750_0.1_0.8_6.C	94	3.000	39.400	3.812
BPP_200_750_0.1_0.8_6.C	94	2.800	39.280	3.874
BPP_200_750_0.1_0.8_6.C	94	2.800	39.280	3.791
BPP_200_750_0.1_0.8_6.C	93	3.200	39.120	3.787
BPP_200_750_0.1_0.8_6.C	94	2.600	39.160	3.894
BPP_200_750_0.1_0.8_6.C	93	2.800	38.880	3.892
BPP_200_750_0.1_0.8_6.C	93	2.800	38.880	2.451
BPP_200_750_0.1_0.8_6.C	94	2.800	39.280	2.427
BPP_200_750_0.1_0.8_7.C	95	2.800	39.680	3.922
BPP_200_750_0.1_0.8_7.C	95	2.800	39.680	3.938
BPP_200_750_0.1_0.8_7.C	95	2.600	39.560	3.929
BPP_200_750_0.1_0.8_7.C	95	2.800	39.680	3.959
BPP_200_750_0.1_0.8_7.C	95	3.200	39.920	4.009
BPP_200_750_0.1_0.8_7.C	95	2.800	39.680	3.954
BPP_200_750_0.1_0.8_7.C	95	2.800	39.680	4.037
BPP_200_750_0.1_0.8_7.C	95	3.000	39.800	3.957
BPP_200_750_0.1_0.8_7.C	96	2.600	39.960	3.892
BPP_200_750_0.1_0.8_7.C	95	2.600	39.560	3.916
BPP_200_750_0.1_0.8_8.C	90	2.000	37.200	3.738
BPP_200_750_0.1_0.8_8.C	90	2.000	37.200	3.729
BPP_200_750_0.1_0.8_8.C	90	2.000	37.200	3.725
BPP_200_750_0.1_0.8_8.C	90	2.000	37.200	2.412
BPP_200_750_0.1_0.8_8.C	90	2.000	37.200	2.456
BPP_200_750_0.1_0.8_8.C	90	2.200	37.320	2.398
BPP_200_750_0.1_0.8_8.C	90	2.200	37.320	2.400
BPP_200_750_0.1_0.8_8.C	90	2.200	37.320	2.409
BPP_200_750_0.1_0.8_8.C	90	2.200	37.320	2.394
BPP_200_750_0.1_0.8_8.C	90	2.200	37.320	2.366
BPP_200_750_0.1_0.8_9.C	101	3.600	42.560	2.759
BPP_200_750_0.1_0.8_9.C	101	3.400	42.440	2.843
BPP_200_750_0.1_0.8_9.C	101	3.400	42.440	2.790
BPP_200_750_0.1_0.8_9.C	101	3.600	42.560	2.923
BPP_200_750_0.1_0.8_9.C	101	3.400	42.440	2.951
BPP_200_750_0.1_0.8_9.C	101	3.400	42.440	2.758
BPP_200_750_0.1_0.8_9.C	102	3.600	42.960	2.757
BPP_200_750_0.1_0.8_9.C	101	3.600	42.560	2.715
BPP_200_750_0.1_0.8_9.C	101	3.400	42.440	2.904
BPP_200_750_0.1_0.8_9.C	101	3.600	42.560	2.891
BPP_200_75_0.1_0.8_0.C	91	2.600	37.960	0.303
BPP_200_75_0.1_0.8_0.C	91	2.600	37.960	0.296
BPP_200_75_0.1_0.8_0.C	90	2.800	37.680	0.290
BPP_200_75_0.1_0.8_0.C	91	2.600	37.960	0.288
BPP_200_75_0.1_0.8_0.C	91	2.600	37.960	0.285
BPP_200_75_0.1_0.8_0.C	90	3.000	37.800	0.294
BPP_200_75_0.1_0.8_0.C	91	2.800	38.080	0.287
BPP_200_75_0.1_0.8_0.C	91	2.600	37.960	0.286
BPP_200_75_0.1_0.8_0.C	91	3.000	38.200	0.290
BPP_200_75_0.1_0.8_0.C	90	3.000	37.800	0.292
BPP_200_75_0.1_0.8_1.C	92	2.600	38.360	0.289
BPP_200_75_0.1_0.8_1.C	91	3.000	38.200	0.288
BPP_200_75_0.1_0.8_1.C	92	2.600	38.360	0.286
BPP_200_75_0.1_0.8_1.C	92	2.800	38.480	0.285
BPP_200_75_0.1_0.8_1.C	92	2.600	38.360	0.291
BPP_200_75_0.1_0.8_1.C	92	2.600	38.360	0.305
BPP_200_75_0.1_0.8_1.C	92	2.800	38.480	0.290
BPP_200_75_0.1_0.8_1.C	92	2.800	38.480	0.290
BPP_200_75_0.1_0.8_1.C	91	3.000	38.200	0.290
BPP_200_75_0.1_0.8_1.C	92	2.600	38.360	0.296
BPP_200_75_0.1_0.8_2.C	90	0.200	36.120	0.299
BPP_200_75_0.1_0.8_2.C	89	0.200	35.720	0.343
BPP_200_75_0.1_0.8_2.C	89	0.200	35.720	0.283
BPP_200_75_0.1_0.8_2.C	89	0.200	35.720	0.295
BPP_200_75_0.1_0.8_2.C	89	0.200	35.720	0.293
BPP_200_75_0.1_0.8_2.C	90	0.200	36.120	0.295
BPP_200_75_0.1_0.8_2.C	89	0.200	35.720	0.289
BPP_200_75_0.1_0.8_2.C	90	0.200	36.120	0.288
BPP_200_75_0.1_0.8_2.C	90	0.200	36.120	0.284
BPP_200_75_0.1_0.8_2.C	89	0.200	35.720	0.289
BPP_200_75_0.1_0.8_3.C	106	7.000	46.600	0.319
BPP_200_75_0.1_0.8_3.C	106	6.800	46.480	0.316
BPP_200_75_0.1_0.8_3.C	106	6.600	46.360	0.312
BPP_200_75_0.1_0.8_3.C	106	6.200	46.120	0.349
BPP_200_75_0.1_0.8_3.C	106	6.800	46.480	0.354
BPP_200_75_0.1_0.8_3.C	106	6.800	46.480	0.347
BPP_200_75_0.1_0.8_3.C	106	7.000	46.600	0.322
BPP_200_75_0.1_0.8_3.C	106	6.600	46.360	0.323
BPP_200_75_0.1_0.8_3.C	106	6.600	46.360	0.316
BPP_200_75_0.1_0.8_3.C	106	6.800	46.480	0.330
BPP_200_75_0.1_0.8_4.C	94	0.800	38.080	0.326
BPP_200_75_0.1_0.8_4.C	94	0.800	38.080	0.360
BPP_200_75_0.1_0.8_4.C	94	0.800	38.080	0.321
BPP_200_75_0.1_0.8_4.C	94	0.800	38.080	0.319
BPP_200_75_0.1_0.8_4.C	94	0.600	37.960	0.324
BPP_200_75_0.1_0.8_4.C	94	1.000	38.200	0.321
BPP_200_75_0.1_0.8_4.C	94	0.800	38.080	0.326
BPP_200_75_0.1_0.8_4.C	94	0.600	37.960	0.325
BPP_200_75_0.1_0.8_4.C	94	0.800	38.080	0.309
BPP_200_75_0.1_0.8_4.C	94	1.000	38.200	0.315
BPP_200_75_0.1_0.8_5.C	92	4.200	39.320	0.298
BPP_200_75_0.1_0.8_5.C	92	4.200	39.320	0.298
BPP_200_75_0.1_0.8_5.C	92	4.200	39.320	0.299
BPP_200_75_0.1_0.8_5.C	91	4.800	39.280	0.295
BPP_200_75_0.1_0.8_5.C	92	4.200	39.320	0.296
BPP_200_75_0.1_0.8_5.C	92	4.200	39.320	0.295
BPP_200_75_0.1_0.8_5.C	92	4.200	39.320	0.301
BPP_200_75_0.1_0.8_5.C	92	4.200	39.320	0.296
BPP_200_75_0.1_0.8_5.C	91	4.800	39.280	0.302
BPP_200_75_0.1_0.8_5.C	91	4.800	39.280	0.295
BPP_200_75_0.1_0.8_6.C	88	6.200	38.920	0.283
BPP_200_75_0.1_0.8_6.C	88	6.200	38.920	0.289
BPP_200_75_0.1_0.8_6.C	88	6.200	38.920	0.288
BPP_200_75_0.1_0.8_6.C	88	6.200	38.920	0.290
BPP_200_75_0.1_0.8_6.C	88	6.200	38.920	0.288
BPP_200_75_0.1_0.8_6.C	88	6.200	38.920	0.289
BPP_200_75_0.1_0.8_6.C	88	6.200	38.920	0.290
BPP_200_75_0.1_0.8_6.C	88	6.200	38.920	0.290
BPP_200_75_0.1_0.8_6.C	88	6.200	38.920	0.289
BPP_200_75_0.1_0.8_6.C	88	6.200	38.920	0.300
BPP_200_75_0.1_0.8_7.C	95	4.400	40.640	0.301
BPP_200_75_0.1_0.8_7.C	95	4.600	40.760	0.318
BPP_200_75_0.1_0.8_7.C	94	4.000	40.000	0.330
BPP_200_75_0.1_0.8_7.C	95	4.200	40.520	0.304
BPP_200_75_0.1_0.8_7.C	95	4.000	40.400	0.310
BPP_200_75_0.1_0.8_7.C	95	4.600	40.760	0.305
BPP_200_75_0.1_0.8_7.C	96	3.600	40.560	0.303
BPP_200_75_0.1_0.8_7.C	96	4.000	40.800	0.300
BPP_200_75_0.1_0.8_7.C	95	4.000	40.400	0.318
BPP_200_75_0.1_0.8_7.C	96	3.600	40.560	0.310
BPP_200_75_0.1_0.8_8.C	89	5.600	38.960	0.301
BPP_200_75_0.1_0.8_8.C	89	5.600	38.960	0.286
BPP_200_75_0.1_0.8_8.C	89	5.600	38.960	0.294
BPP_200_75_0.1_0.8_8.C	89	5.600	38.960	0.288
BPP_200_75_0.1_0.8_8.C	89	5.600	38.960	0.290
BPP_200_75_0.1_0.8_8.C	89	5.600	38.960	0.287
BPP_200_75_0.1_0.8_8.C	89	5.600	38.960	0.290
BPP_200_75_0.1_0.8_8.C	89	5.600	38.960	0.293
BPP_200_75_0.1_0.8_8.C	89	5.600	38.960	0.294
BPP_200_75_0.1_0.8_8.C	89	5.600	38.960	0.289
BPP_200_75_0.1_0.8_9.C	96	9.400	44.040	0.318
BPP_200_75_0.1_0.8_9.C	95	10.200	44.120	0.311
BPP_200_75_0.1_0.8_9.C	96	9.400	44.040	0.326
BPP_200_75_0.1_0.8_9.C	96	9.400	44.040	0.311
BPP_200_75_0.1_0.8_9.C	95	10.000	44.000	0.308
BPP_200_75_0.1_0.8_9.C	96	9.400	44.040	0.310
BPP_200_75_0.1_0.8_9.C	96	9.400	44.040	0.310
BPP_200_75_0.1_0.8_9.C	96	9.400	44.040	0.315
BPP_200_75_0.1_0.8_9.C	95	10.000	44.000	0.316
BPP_200_75_0.1_0.8_9.C	96	9.400	44.040	0.309
BPP_50_1000_0.1_0.8_0.C	24	7.600	14.160	0.209
BPP_50_1000_0.1_0.8_0.C	24	7.600	14.160	0.208
BPP_50_1000_0.1_0.8_0.C	24	7.600	14.160	0.210
BPP_50_1000_0.1_0.8_0.C	24	7.600	14.160	0.210
BPP_50_1000_0.1_0.8_0.C	23	8.200	14.120	0.211
BPP_50_1000_0.1_0.8_0.C	24	7.600	14.160	0.218
BPP_50_1000_0.1_0.8_0.C	24	7.600	14.160	0.212
BPP_50_1000_0.1_0.8_0.C	23	8.200	14.120	0.213
BPP_50_1000_0.1_0.8_0.C	23	8.200	14.120	0.215
BPP_50_1000_0.1_0.8_0.C	24	7.600	14.160	0.210
BPP_50_1000_0.1_0.8_1.C	24	7.600	14.160	0.224
BPP_50_1000_0.1_0.8_1.C	24	7.600	14.160	0.211
BPP_50_1000_0.1_0.8_1.C	23	8.200	14.120	0.210
BPP_50_1000_0.1_0.8_1.C	23	8.200	14.120	0.237
BPP_50_1000_0.1_0.8_1.C	23	8.200	14.120	0.212
BPP_50_1000_0.1_0.8_1.C	24	7.600	14.160	0.214
BPP_50_1000_0.1_0.8_1.C	23	8.200	14.120	0.211
BPP_50_1000_0.1_0.8_1.C	23	8.200	14.120	0.213
BPP_50_1000_0.1_0.8_1.C	23	8.200	14.120	0.277
BPP_50_1000_0.1_0.8_1.C	23	8.200	14.120	0.213
BPP_50_1000_0.1_0.8_2.C	23	6.600	13.160	0.215
BPP_50_1000_0.1_0.8_2.C	23	6.600	13.160	0.214
BPP_50_1000_0.1_0.8_2.C	23	6.600	13.160	0.212
BPP_50_1000_0.1_0.8_2.C	23	6.600	13.160	0.213
BPP_50_1000_0.1_0.8_2.C	23	7.200	13.520	0.211
BPP_50_1000_0.1_0.8_2.C	23	6.600	13.160	0.214
BPP_50_1000_0.1_0.8_2.C	23	6.600	13.160	0.211
BPP_50_1000_0.1_0.8_2.C	23	6.600	13.160	0.214
BPP_50_1000_0.1_0.8_2.C	23	6.600	13.160	0.265
BPP_50_1000_0.1_0.8_2.C	23	6.600	13.160	0.208
BPP_50_1000_0.1_0.8_3.C	25	6.800	14.080	0.225
BPP_50_1000_0.1_0.8_3.C	25	6.800	14.080	0.226
BPP_50_1000_0.1_0.8_3.C	24	7.400	14.040	0.232
BPP_50_1000_0.1_0.8_3.C	25	6.800	14.080	0.222
BPP_50_1000_0.1_0.8_3.C	25	6.800	14.080	0.224
BPP_50_1000_0.1_0.8_3.C	25	6.800	14.080	0.227
BPP_50_1000_0.1_0.8_3.C	25	6.800	14.080	0.275
BPP_50_1000_0.1_0.8_3.C	25	6.800	14.080	0.223
BPP_50_1000_0.1_0.8_3.C	25	6.800	14.080	0.264
BPP_50_1000_0.1_0.8_3.C	25	6.800	14.080	0.235
BPP_50_1000_0.1_0.8_4.C	24	2.000	10.800	0.212
BPP_50_1000_0.1_0.8_4.C	24	2.200	10.920	0.213
BPP_50_1000_0.1_0.8_4.C	24	2.200	10.920	0.212
BPP_50_1000_0.1_0.8_4.C	24	2.200	10.920	0.213
BPP_50_1000_0.1_0.8_4.C	24	2.200	10.920	0.214
BPP_50_1000_0.1_0.8_4.C	25	2.000	11.200	0.218
BPP_50_1000_0.1_0.8_4.C	24	2.000	10.800	0.216
BPP_50_1000_0.1_0.8_4.C	24	2.200	10.920	0.216
BPP_50_1000_0.1_0.8_4.C	24	2.000	10.800	0.211
BPP_50_1000_0.1_0.8_4.C	24	2.200	10.920	0.223
BPP_50_1000_0.1_0.8_5.C	28	1.200	11.920	0.236
BPP_50_1000_0.1_0.8_5.C	28	1.200	11.920	0.249
BPP_50_1000_0.1_0.8_5.C	28	1.200	11.920	0.236
BPP_50_1000_0.1_0.8_5.C	28	1.200	11.920	0.240
BPP_50_1000_0.1_0.8_5.C	28	1.200	11.920	0.236
BPP_50_1000_0.1_0.8_5.C	28	1.200	11.920	0.242
BPP_50_1000_0.1_0.8_5.C	28	1.200	11.920	0.239
BPP_50_1000_0.1_0.8_5.C	28	1.200	11.920	0.240
BPP_50_1000_0.1_0.8_5.C	28	1.200	11.920	0.239
BPP_50_1000_0.1_0.8_5.C	28	1.200	11.920	0.238
BPP_50_1000_0.1_0.8_6.C	23	1.600	10.160	0.200
BPP_50_1000_0.1_0.8_6.C	23	1.600	10.160	0.199
BPP_50_1000_0.1_0.8_6.C	23	1.600	10.160	0.200
BPP_50_1000_0.1_0.8_6.C	23	1.600	10.160	0.209
BPP_50_1000_0.1_0.8_6.C	23	1.600	10.160	0.200
BPP_50_1000_0.1_0.8_6.C	23	1.600	10.160	0.203
BPP_50_1000_0.1_0.8_6.C	23	1.600	10.160	0.200
BPP_50_1000_0.1_0.8_6.C	23	1.600	10.160	0.198
BPP_50_1000_0.1_0.8_6.C	23	1.600	10.160	0.204
BPP_50_1000_0.1_0.8_6.C	23	1.600	10.160	0.212
BPP_50_1000_0.1_0.8_7.C	24	1.400	10.440	0.218
BPP_50_1000_0.1_0.8_7.C	24	1.000	10.200	0.219
BPP_50_1000_0.1_0.8_7.C	24	1.000	10.200	0.218
BPP_50_1000_0.1_0.8_7.C	24	1.200	10.320	0.221
BPP_50_1000_0.1_0.8_7.C	24	1.000	10.200	0.216
BPP_50_1000_0.1_0.8_7.C	24	1.000	10.200	0.226
BPP_50_1000_0.1_0.8_7.C	24	1.000	10.200	0.244
BPP_50_1000_0.1_0.8_7.C	24	1.000	10.200	0.218
BPP_50_1000_0.1_0.8_7.C	24	1.000	10.200	0.223
BPP_50_1000_0.1_0.8_7.C	24	1.000	10.200	0.226
BPP_50_1000_0.1_0.8_8.C	20	2.400	9.440	0.224
BPP_50_1000_0.1_0.8_8.C	20	2.400	9.440	0.196
BPP_50_1000_0.1_0.8_8.C	21	2.000	9.600	0.196
BPP_50_1000_0.1_0.8_8.C	21	2.000	9.600	0.223
BPP_50_1000_0.1_0.8_8.C	20	2.400	9.440	0.195
BPP_50_1000_0.1_0.8_8.C	20	2.400	9.440	0.220
BPP_50_1000_0.1_0.8_8.C	20	2.400	9.440	0.205
BPP_50_1000_0.1_0.8_8.C	20	2.400	9.440	0.198
BPP_50_1000_0.1_0.8_8.C	21	2.000	9.600	0.201
BPP_50_1000_0.1_0.8_8.C	20	2.400	9.440	0.197
BPP_50_1000_0.1_0.8_9.C	23	2.400	10.640	0.214
BPP_50_1000_0.1_0.8_9.C	23	2.200	10.520	0.222
BPP_50_1000_0.1_0.8_9.C	23	2.400	10.640	0.243
BPP_50_1000_0.1_0.8_9.C	23	2.400	10.640	0.211
BPP_50_1000_0.1_0.8_9.C	23	2.400	10.640	0.214
BPP_50_1000_0.1_0.8_9.C	23	2.400	10.640	0.212
BPP_50_1000_0.1_0.8_9.C	23	2.400	10.640	0.211
BPP_50_1000_0.1_0.8_9.C	23	2.400	10.640	0.215
BPP_50_1000_0.1_0.8_9.C	23	2.400	10.640	0.215
BPP_50_1000_0.1_0.8_9.C	23	2.400	10.640	0.223
BPP_50_100_0.1_0.8_0.C	30	0.200	12.120	0.021
BPP_50_100_0.1_0.8_0.C	30	0.200	12.120	0.021
BPP_50_100_0.1_0.8_0.C	30	0.200	12.120	0.022
BPP_50_100_0.1_0.8_0.C	30	0.200	12.120	0.021
BPP_50_100_0.1_0.8_0.C	30	0.200	12.120	0.022
BPP_50_100_0.1_0.8_0.C	30	0.200	12.120	0.021
BPP_50_100_0.1_0.8_0.C	30	0.200	12.120	0.022
BPP_50_100_0.1_0.8_0.C	30	0.200	12.120	0.022
BPP_50_100_0.1_0.8_0.C	30	0.200	12.120	0.020
BPP_50_100_0.1_0.8_0.C	30	0.200	12.120	0.020
BPP_50_100_0.1_0.8_1.C	27	0.600	11.160	0.021
BPP_50_100_0.1_0.8_1.C	27	0.600	11.160	0.021
BPP_50_100_0.1_0.8_1.C	27	0.600	11.160	0.020
BPP_50_100_0.1_0.8_1.C	27	0.600	11.160	0.020
BPP_50_100_0.1_0.8_1.C	27	0.600	11.160	0.020
BPP_50_100_0.1_0.8_1.C	27	0.600	11.160	0.022
BPP_50_100_0.1_0.8_1.C	27	0.600	11.160	0.026
BPP_50_100_0.1_0.8_1.C	27	0.600	11.160	0.020
BPP_50_100_0.1_0.8_1.C	27	0.600	11.160	0.021
BPP_50_100_0.1_0.8_1.C	27	0.600	11.160	0.020
BPP_50_100_0.1_0.8_2.C	24	0.800	10.080	0.019
BPP_50_100_0.1_0.8_2.C	24	0.600	9.960	0.018
BPP_50_100_0.1_0.8_2.C	24	0.600	9.960	0.019
BPP_50_100_0.1_0.8_2.C	24	0.600	9.960	0.019
BPP_50_100_0.1_0.8_2.C	24	0.800	10.080	0.019
BPP_50_100_0.1_0.8_2.C	24	0.800	10.080	0.019
BPP_50_100_0.1_0.8_2.C	24	0.600	9.960	0.019
BPP_50_100_0.1_0.8_2.C	25	0.600	10.360	0.019
BPP_50_100_0.1_0.8_2.C	24	0.600	9.960	0.019
BPP_50_100_0.1_0.8_2.C	24	0.800	10.080	0.018
BPP_50_100_0.1_0.8_3.C	21	0.600	8.760	0.017
BPP_50_100_0.1_0.8_3.C	21	0.600	8.760	0.017
BPP_50_100_0.1_0.8_3.C	21	0.600	8.760	0.017
BPP_50_100_0.1_0.8_3.C	21	0.600	8.760	0.017
BPP_50_100_0.1_0.8_3.C	21	0.600	8.760	0.017
BPP_50_100_0.1_0.8_3.C	21	0.600	8.760	0.017
BPP_50_100_0.1_0.8_3.C	21	0.600	8.760	0.019
BPP_50_100_0.1_0.8_3.C	21	0.600	8.760	0.018
BPP_50_100_0.1_0.8_3.C	21	0.600	8.760	0.017
BPP_50_100_0.1_0.8_3.C	21	0.600	8.760	0.016
BPP_50_100_0.1_0.8_4.C	26	-0.000	10.400	0.019
BPP_50_100_0.1_0.8_4.C	25	0.200	10.120	0.021
BPP_50_100_0.1_0.8_4.C	26	-0.000	10.400	0.026
BPP_50_100_0.1_0.8_4.C	26	-0.000	10.400	0.019
BPP_50_100_0.1_0.8_4.C	25	0.200	10.120	0.019
BPP_50_100_0.1_0.8_4.C	26	-0.000	10.400	0.018
BPP_50_100_0.1_0.8_4.C	26	-0.000	10.400	0.021
BPP_50_100_0.1_0.8_4.C	26	-0.000	10.400	0.020
BPP_50_100_0.1_0.8_4.C	26	-0.000	10.400	0.021
BPP_50_100_0.1_0.8_4.C	26	-0.000	10.400	0.019
BPP_50_100_0.1_0.8_5.C	24	1.000	10.200	0.018
BPP_50_100_0.1_0.8_5.C	24	1.000	10.200	0.021
BPP_50_100_0.1_0.8_5.C	24	1.000	10.200	0.017
BPP_50_100_0.1_0.8_5.C	24	1.000	10.200	0.024
BPP_50_100_0.1_0.8_5.C	24	1.000	10.200	0.018
BPP_50_100_0.1_0.8_5.C	24	1.000	10.200	0.020
BPP_50_100_0.1_0.8_5.C	24	1.000	10.200	0.018
BPP_50_100_0.1_0.8_5.C	24	1.000	10.200	0.018
BPP_50_100_0.1_0.8_5.C	24	1.000	10.200	0.027
BPP_50_100_0.1_0.8_5.C	24	1.000	10.200	0.019
BPP_50_100_0.1_0.8_6.C	25	0.800	10.480	0.019
BPP_50_100_0.1_0.8_6.C	25	0.800	10.480	0.020
BPP_50_100_0.1_0.8_6.C	25	0.800	10.480	0.019
BPP_50_100_0.1_0.8_6.C	25	0.800	10.480	0.018
BPP_50_100_0.1_0.8_6.C	25	0.800	10.480	0.020
BPP_50_100_0.1_0.8_6.C	25	0.800	10.480	0.020
BPP_50_100_0.1_0.8_6.C	25	0.800	10.480	0.020
BPP_50_100_0.1_0.8_6.C	25	0.800	10.480	0.019
BPP_50_100_0.1_0.8_6.C	25	0.800	10.480	0.021
BPP_50_100_0.1_0.8_6.C	25	0.800	10.480	0.019
BPP_50_100_0.1_0.8_7.C	25	2.200	11.320	0.019
BPP_50_100_0.1_0.8_7.C	25	2.200	11.320	0.020
BPP_50_100_0.1_0.8_7.C	24	2.400	11.040	0.020
BPP_50_100_0.1_0.8_7.C	25	2.200	11.320	0.019
BPP_50_100_0.1_0.8_7.C	25	2.200	11.320	0.019
BPP_50_100_0.1_0.8_7.C	24	2.400	11.040	0.020
BPP_50_100_0.1_0.8_7.C	25	2.200	11.320	0.020
BPP_50_100_0.1_0.8_7.C	25	2.200	11.320	0.019
BPP_50_100_0.1_0.8_7.C	24	2.800	11.280	0.020
BPP_50_100_0.1_0.8_7.C	24	2.400	11.040	0.020
BPP_50_100_0.1_0.8_8.C	21	0.400	8.640	0.018
BPP_50_100_0.1_0.8_8.C	21	0.400	8.640	0.016
BPP_50_100_0.1_0.8_8.C	21	0.400	8.640	0.017
BPP_50_100_0.1_0.8_8.C	21	0.400	8.640	0.017
BPP_50_100_0.1_0.8_8.C	21	0.400	8.640	0.018
BPP_50_100_0.1_0.8_8.C	21	0.400	8.640	0.017
BPP_50_100_0.1_0.8_8.C	21	0.400	8.640	0.016
BPP_50_100_0.1_0.8_8.C	21	0.400	8.640	0.017
BPP_50_100_0.1_0.8_8.C	21	0.400	8.640	0.018
BPP_50_100_0.1_0.8_8.C	21	0.400	8.640	0.016
BPP_50_100_0.1_0.8_9.C	23	1.400	10.040	0.018
BPP_50_100_0.1_0.8_9.C	23	1.400	10.040	0.019
BPP_50_100_0.1_0.8_9.C	23	1.600	10.160	0.018
BPP_50_100_0.1_0.8_9.C	23	1.400	10.040	0.020
BPP_50_100_0.1_0.8_9.C	24	1.400	10.440	0.017
BPP_50_100_0.1_0.8_9.C	23	1.400	10.040	0.018
BPP_50_100_0.1_0.8_9.C	24	1.400	10.440	0.018
BPP_50_100_0.1_0.8_9.C	23	1.600	10.160	0.018
BPP_50_100_0.1_0.8_9.C	23	1.400	10.040	0.019
BPP_50_100_0.1_0.8_9.C	23	1.600	10.160	0.018
BPP_50_120_0.1_0.8_0.C	26	1.000	11.000	0.027
BPP_50_120_0.1_0.8_0.C	26	1.000	11.000	0.028
BPP_50_120_0.1_0.8_0.C	26	1.000	11.000	0.027
BPP_50_120_0.1_0.8_0.C	26	1.000	11.000	0.027
BPP_50_120_0.1_0.8_0.C	26	1.000	11.000	0.027
BPP_50_120_0.1_0.8_0.C	26	1.000	11.000	0.027
BPP_50_120_0.1_0.8_0.C	26	1.000	11.000	0.027
BPP_50_120_0.1_0.8_0.C	26	1.000	11.000	0.026
BPP_50_120_0.1_0.8_0.C	26	1.000	11.000	0.027
BPP_50_120_0.1_0.8_0.C	26	1.000	11.000	0.027
BPP_50_120_0.1_0.8_1.C	22	0.000	8.800	0.023
BPP_50_120_0.1_0.8_1.C	22	0.000	8.800	0.023
BPP_50_120_0.1_0.8_1.C	21	-0.000	8.400	0.023
BPP_50_120_0.1_0.8_1.C	22	0.000	8.800	0.023
BPP_50_120_0.1_0.8_1.C	22	0.000	8.800	0.024
BPP_50_120_0.1_0.8_1.C	21	-0.000	8.400	0.023
BPP_50_120_0.1_0.8_1.C	22	0.000	8.800	0.023
BPP_50_120_0.1_0.8_1.C	22	0.000	8.800	0.023
BPP_50_120_0.1_0.8_1.C	22	0.000	8.800	0.023
BPP_50_120_0.1_0.8_1.C	22	0.000	8.800	0.022
BPP_50_120_0.1_0.8_2.C	25	3.400	12.040	0.027
BPP_50_120_0.1_0.8_2.C	25	3.400	12.040	0.028
BPP_50_120_0.1_0.8_2.C	26	3.000	12.200	0.027
BPP_50_120_0.1_0.8_2.C	25	3.400	12.040	0.027
BPP_50_120_0.1_0.8_2.C	25	3.400	12.040	0.027
BPP_50_120_0.1_0.8_2.C	25	3.400	12.040	0.027
BPP_50_120_0.1_0.8_2.C	25	3.400	12.040	0.028
BPP_50_120_0.1_0.8_2.C	25	3.400	12.040	0.026
BPP_50_120_0.1_0.8_2.C	25	3.400	12.040	0.027
BPP_50_120_0.1_0.8_2.C	26	3.000	12.200	0.027
BPP_50_120_0.1_0.8_3.C	23	1.200	9.920	0.025
BPP_50_120_0.1_0.8_3.C	23	1.200	9.920	0.024
BPP_50_120_0.1_0.8_3.C	23	1.200	9.920	0.025
BPP_50_120_0.1_0.8_3.C	23	1.200	9.920	0.026
BPP_50_120_0.1_0.8_3.C	23	1.200	9.920	0.025
BPP_50_120_0.1_0.8_3.C	23	1.200	9.920	0.025
BPP_50_120_0.1_0.8_3.C	23	1.200	9.920	0.025
BPP_50_120_0.1_0.8_3.C	23	1.200	9.920	0.025
BPP_50_120_0.1_0.8_3.C	23	1.200	9.920	0.027
BPP_50_120_0.1_0.8_3.C	23	1.200	9.920	0.025
BPP_50_120_0.1_0.8_4.C	25	4.600	12.760	0.027
BPP_50_120_0.1_0.8_4.C	25	4.600	12.760	0.027
BPP_50_120_0.1_0.8_4.C	25	4.600	12.760	0.027
BPP_50_120_0.1_0.8_4.C	26	4.200	12.920	0.026
BPP_50_120_0.1_0.8_4.C	25	4.600	12.760	0.029
BPP_50_120_0.1_0.8_4.C	26	4.200	12.920	0.026
BPP_50_120_0.1_0.8_4.C	25	4.600	12.760	0.027
BPP_50_120_0.1_0.8_4.C	25	4.600	12.760	0.028
BPP_50_120_0.1_0.8_4.C	26	4.200	12.920	0.027
BPP_50_120_0.1_0.8_4.C	25	4.600	12.760	0.027
BPP_50_120_0.1_0.8_5.C	23	0.400	9.440	0.025
BPP_50_120_0.1_0.8_5.C	23	0.400	9.440	0.025
BPP_50_120_0.1_0.8_5.C	23	0.400	9.440	0.027
BPP_50_120_0.1_0.8_5.C	23	0.400	9.440	0.025
BPP_50_120_0.1_0.8_5.C	23	0.400	9.440	0.026
BPP_50_120_0.1_0.8_5.C	23	0.400	9.440	0.025
BPP_50_120_0.1_0.8_5.C	23	0.400	9.440	0.025
BPP_50_120_0.1_0.8_5.C	23	0.400	9.440	0.026
BPP_50_120_0.1_0.8_5.C	23	0.400	9.440	0.025
BPP_50_120_0.1_0.8_5.C	23	0.400	9.440	0.026
BPP_50_120_0.1_0.8_6.C	22	2.600	10.360	0.025
BPP_50_120_0.1_0.8_6.C	22	2.600	10.360	0.027
BPP_50_120_0.1_0.8_6.C	22	2.600	10.360	0.025
BPP_50_120_0.1_0.8_6.C	22	2.600	10.360	0.024
BPP_50_120_0.1_0.8_6.C	22	2.600	10.360	0.026
BPP_50_120_0.1_0.8_6.C	22	2.600	10.360	0.025
BPP_50_120_0.1_0.8_6.C	22	2.600	10.360	0.024
BPP_50_120_0.1_0.8_6.C	22	2.600	10.360	0.024
BPP_50_120_0.1_0.8_6.C	22	2.600	10.360	0.025
BPP_50_120_0.1_0.8_6.C	22	2.600	10.360	0.025
BPP_50_120_0.1_0.8_7.C	23	4.800	12.080	0.025
BPP_50_120_0.1_0.8_7.C	23	4.600	11.960	0.025
BPP_50_120_0.1_0.8_7.C	23	4.800	12.080	0.025
BPP_50_120_0.1_0.8_7.C	22	5.400	12.040	0.026
BPP_50_120_0.1_0.8_7.C	22	5.400	12.040	0.026
BPP_50_120_0.1_0.8_7.C	22	5.400	12.040	0.026
BPP_50_120_0.1_0.8_7.C	22	5.400	12.040	0.025
BPP_50_120_0.1_0.8_7.C	23	4.800	12.080	0.025
BPP_50_120_0.1_0.8_7.C	22	5.400	12.040	0.025
BPP_50_120_0.1_0.8_7.C	23	4.800	12.080	0.027
BPP_50_120_0.1_0.8_8.C	23	2.800	10.880	0.024
BPP_50_120_0.1_0.8_8.C	23	2.600	10.760	0.025
BPP_50_120_0.1_0.8_8.C	23	2.600	10.760	0.026
BPP_50_120_0.1_0.8_8.C	24	2.400	11.040	0.025
BPP_50_120_0.1_0.8_8.C	23	2.400	10.640	0.025
BPP_50_120_0.1_0.8_8.C	23	2.600	10.760	0.025
BPP_50_120_0.1_0.8_8.C	23	2.400	10.640	0.025
BPP_50_120_0.1_0.8_8.C	23	2.400	10.640	0.025
BPP_50_120_0.1_0.8_8.C	23	2.400	10.640	0.025
BPP_50_120_0.1_0.8_8.C	23	2.400	10.640	0.024
BPP_50_120_0.1_0.8_9.C	22	4.800	11.680	0.024
BPP_50_120_0.1_0.8_9.C	22	4.400	11.440	0.025
BPP_50_120_0.1_0.8_9.C	22	4.400	11.440	0.025
BPP_50_120_0.1_0.8_9.C	22	4.400	11.440	0.025
BPP_50_120_0.1_0.8_9.C	22	4.400	11.440	0.025
BPP_50_120_0.1_0.8_9.C	22	5.000	11.800	0.025
BPP_50_120_0.1_0.8_9.C	22	4.400	11.440	0.024
BPP_50_120_0.1_0.8_9.C	22	4.400	11.440	0.025
BPP_50_120_0.1_0.8_9.C	22	4.400	11.440	0.024
BPP_50_120_0.1_0.8_9.C	22	4.400	11.440	0.027
BPP_50_125_0.1_0.8_0.C	27	1.000	11.400	0.030
BPP_50_125_0.1_0.8_0.C	27	1.000	11.400	0.030
BPP_50_125_0.1_0.8_0.C	28	1.000	11.800	0.032
BPP_50_125_0.1_0.8_0.C	27	1.200	11.520	0.031
BPP_50_125_0.1_0.8_0.C	27	1.000	11.400	0.030
BPP_50_125_0.1_0.8_0.C	27	1.000	11.400	0.030
BPP_50_125_0.1_0.8_0.C	28	1.000	11.800	0.031
BPP_50_125_0.1_0.8_0.C	27	1.400	11.640	0.031
BPP_50_125_0.1_0.8_0.C	27	1.200	11.520	0.031
BPP_50_125_0.1_0.8_0.C	27	1.200	11.520	0.031
BPP_50_125_0.1_0.8_1.C	24	0.800	10.080	0.027
BPP_50_125_0.1_0.8_1.C	24	0.800	10.080	0.027
BPP_50_125_0.1_0.8_1.C	24	0.800	10.080	0.027
BPP_50_125_0.1_0.8_1.C	24	0.800	10.080	0.028
BPP_50_125_0.1_0.8_1.C	24	0.800	10.080	0.028
BPP_50_125_0.1_0.8_1.C	24	0.800	10.080	0.027
BPP_50_125_0.1_0.8_1.C	24	0.800	10.080	0.027
BPP_50_125_0.1_0.8_1.C	24	0.800	10.080	0.028
BPP_50_125_0.1_0.8_1.C	24	0.800	10.080	0.028
BPP_50_125_0.1_0.8_1.C	24	0.800	10.080	0.028
BPP_50_125_0.1_0.8_2.C	22	0.800	9.280	0.025
BPP_50_125_0.1_0.8_2.C	22	0.800	9.280	0.026
BPP_50_125_0.1_0.8_2.C	22	0.800	9.280	0.026
BPP_50_125_0.1_0.8_2.C	22	0.800	9.280	0.025
BPP_50_125_0.1_0.8_2.C	21	1.200	9.120	0.026
BPP_50_125_0.1_0.8_2.C	21	1.400	9.240	0.025
BPP_50_125_0.1_0.8_2.C	22	0.800	9.280	0.026
BPP_50_125_0.1_0.8_2.C	22	0.800	9.280	0.025
BPP_50_125_0.1_0.8_2.C	21	1.200	9.120	0.026
BPP_50_125_0.1_0.8_2.C	22	0.800	9.280	0.025
BPP_50_125_0.1_0.8_3.C	30	3.400	14.040	0.032
BPP_50_125_0.1_0.8_3.C	30	3.400	14.040	0.031
BPP_50_125_0.1_0.8_3.C	30	3.400	14.040	0.032
BPP_50_125_0.1_0.8_3.C	30	3.400	14.040	0.032
BPP_50_125_0.1_0.8_3.C	30	3.400	14.040	0.032
BPP_50_125_0.1_0.8_3.C	30	3.400	14.040	0.031
BPP_50_125_0.1_0.8_3.C	30	3.400	14.040	0.031
BPP_50_125_0.1_0.8_3.C	30	3.400	14.040	0.032
BPP_50_125_0.1_0.8_3.C	29	3.800	13.880	0.031
BPP_50_125_0.1_0.8_3.C	30	3.400	14.040	0.032
BPP_50_125_0.1_0.8_4.C	25	1.600	10.960	0.029
BPP_50_125_0.1_0.8_4.C	25	1.600	10.960	0.030
BPP_50_125_0.1_0.8_4.C	25	1.400	10.840	0.029
BPP_50_125_0.1_0.8_4.C	25	1.600	10.960	0.029
BPP_50_125_0.1_0.8_4.C	25	1.600	10.960	0.030
BPP_50_125_0.1_0.8_4.C	25	1.600	10.960	0.029
BPP_50_125_0.1_0.8_4.C	25	1.600	10.960	0.028
BPP_50_125_0.1_0.8_4.C	25	1.600	10.960	0.029
BPP_50_125_0.1_0.8_4.C	25	1.600	10.960	0.029
BPP_50_125_0.1_0.8_4.C	25	1.600	10.960	0.029
BPP_50_125_0.1_0.8_5.C	31	2.600	13.960	0.033
BPP_50_125_0.1_0.8_5.C	31	2.600	13.960	0.031
BPP_50_125_0.1_0.8_5.C	31	2.600	13.960	0.031
BPP_50_125_0.1_0.8_5.C	31	2.600	13.960	0.032
BPP_50_125_0.1_0.8_5.C	31	2.600	13.960	0.033
BPP_50_125_0.1_0.8_5.C	31	2.600	13.960	0.033
BPP_50_125_0.1_0.8_5.C	31	2.600	13.960	0.032
BPP_50_125_0.1_0.8_5.C	31	2.600	13.960	0.032
BPP_50_125_0.1_0.8_5.C	31	2.600	13.960	0.033
BPP_50_125_0.1_0.8_5.C	31	2.600	13.960	0.032
BPP_50_125_0.1_0.8_6.C	27	2.400	12.240	0.030
BPP_50_125_0.1_0.8_6.C	27	2.400	12.240	0.030
BPP_50_125_0.1_0.8_6.C	26	2.800	12.080	0.030
BPP_50_125_0.1_0.8_6.C	27	2.400	12.240	0.030
BPP_50_125_0.1_0.8_6.C	27	2.400	12.240	0.030
BPP_50_125_0.1_0.8_6.C	26	2.800	12.080	0.030
BPP_50_125_0.1_0.8_6.C	26	2.800	12.080	0.030
BPP_50_125_0.1_0.8_6.C	26	2.800	12.080	0.030
BPP_50_125_0.1_0.8_6.C	27	2.400	12.240	0.030
BPP_50_125_0.1_0.8_6.C	27	2.400	12.240	0.030
BPP_50_125_0.1_0.8_7.C	27	2.800	12.480	0.030
BPP_50_125_0.1_0.8_7.C	27	2.400	12.240	0.029
BPP_50_125_0.1_0.8_7.C	27	2.600	12.360	0.029
BPP_50_125_0.1_0.8_7.C	27	2.400	12.240	0.032
BPP_50_125_0.1_0.8_7.C	27	2.800	12.480	0.030
BPP_50_125_0.1_0.8_7.C	27	2.400	12.240	0.030
BPP_50_125_0.1_0.8_7.C	27	2.400	12.240	0.030
BPP_50_125_0.1_0.8_7.C	27	2.600	12.360	0.030
BPP_50_125_0.1_0.8_7.C	27	2.400	12.240	0.030
BPP_50_125_0.1_0.8_7.C	27	2.400	12.240	0.031
BPP_50_125_0.1_0.8_8.C	22	2.400	10.240	0.026
BPP_50_125_0.1_0.8_8.C	22	2.400	10.240	0.025
BPP_50_125_0.1_0.8_8.C	22	2.400	10.240	0.024
BPP_50_125_0.1_0.8_8.C	22	2.600	10.360	0.025
BPP_50_125_0.1_0.8_8.C	22	2.600	10.360	0.025
BPP_50_125_0.1_0.8_8.C	22	2.600	10.360	0.026
BPP_50_125_0.1_0.8_8.C	22	2.400	10.240	0.025
BPP_50_125_0.1_0.8_8.C	22	2.600	10.360	0.024
BPP_50_125_0.1_0.8_8.C	22	2.400	10.240	0.025
BPP_50_125_0.1_0.8_8.C	22	2.600	10.360	0.026
BPP_50_125_0.1_0.8_9.C	24	3.800	11.880	0.028
BPP_50_125_0.1_0.8_9.C	25	3.600	12.160	0.028
BPP_50_125_0.1_0.8_9.C	25	3.600	12.160	0.028
BPP_50_125_0.1_0.8_9.C	25	3.800	12.280	0.027
BPP_50_125_0.1_0.8_9.C	25	3.400	12.040	0.027
BPP_50_125_0.1_0.8_9.C	25	3.600	12.160	0.029
BPP_50_125_0.1_0.8_9.C	25	3.400	12.040	0.028
BPP_50_125_0.1_0.8_9.C	25	3.600	12.160	0.029
BPP_50_125_0.1_0.8_9.C	25	3.600	12.160	0.028
BPP_50_125_0.1_0.8_9.C	25	3.400	12.040	0.028
BPP_50_150_0.1_0.8_0.C	23	0.400	9.440	0.034
BPP_50_150_0.1_0.8_0.C	23	0.400	9.440	0.034
BPP_50_150_0.1_0.8_0.C	23	0.400	9.440	0.033
BPP_50_150_0.1_0.8_0.C	23	0.400	9.440	0.034
BPP_50_150_0.1_0.8_0.C	23	0.400	9.440	0.034
BPP_50_150_0.1_0.8_0.C	23	0.400	9.440	0.034
BPP_50_150_0.1_0.8_0.C	23	0.400	9.440	0.034
BPP_50_150_0.1_0.8_0.C	23	0.400	9.440	0.034
BPP_50_150_0.1_0.8_0.C	23	0.400	9.440	0.033
BPP_50_150_0.1_0.8_0.C	23	0.400	9.440	0.034
BPP_50_150_0.1_0.8_1.C	28	1.400	12.040	0.040
BPP_50_150_0.1_0.8_1.C	28	1.400	12.040	0.039
BPP_50_150_0.1_0.8_1.C	28	1.400	12.040	0.038
BPP_50_150_0.1_0.8_1.C	28	1.400	12.040	0.039
BPP_50_150_0.1_0.8_1.C	28	1.400	12.040	0.038
BPP_50_150_0.1_0.8_1.C	28	1.400	12.040	0.039
BPP_50_150_0.1_0.8_1.C	28	1.400	12.040	0.039
BPP_50_150_0.1_0.8_1.C	28	1.400	12.040	0.039
BPP_50_150_0.1_0.8_1.C	28	1.400	12.040	0.040
BPP_50_150_0.1_0.8_1.C	28	1.400	12.040	0.039
BPP_50_150_0.1_0.8_2.C	25	3.200	11.920	0.036
BPP_50_150_0.1_0.8_2.C	25	3.000	11.800	0.036
BPP_50_150_0.1_0.8_2.C	25	3.000	11.800	0.036
BPP_50_150_0.1_0.8_2.C	25	3.000	11.800	0.035
BPP_50_150_0.1_0.8_2.C	25	3.000	11.800	0.036
BPP_50_150_0.1_0.8_2.C	25	3.000	11.800	0.036
BPP_50_150_0.1_0.8_2.C	25	3.000	11.800	0.036
BPP_50_150_0.1_0.8_2.C	25	3.000	11.800	0.035
BPP_50_150_0.1_0.8_2.C	25	3.000	11.800	0.036
BPP_50_150_0.1_0.8_2.C	25	3.000	11.800	0.035
BPP_50_150_0.1_0.8_3.C	25	3.600	12.160	0.036
BPP_50_150_0.1_0.8_3.C	25	3.800	12.280	0.036
BPP_50_150_0.1_0.8_3.C	26	3.200	12.320	0.036
BPP_50_150_0.1_0.8_3.C	25	3.600	12.160	0.036
BPP_50_150_0.1_0.8_3.C	25	3.600	12.160	0.035
BPP_50_150_0.1_0.8_3.C	25	3.600	12.160	0.036
BPP_50_150_0.1_0.8_3.C	26	3.200	12.320	0.036
BPP_50_150_0.1_0.8_3.C	25	3.600	12.160	0.036
BPP_50_150_0.1_0.8_3.C	25	3.800	12.280	0.037
BPP_50_150_0.1_0.8_3.C	25	3.600	12.160	0.037
BPP_50_150_0.1_0.8_4.C	21	0.800	8.880	0.030
BPP_50_150_0.1_0.8_4.C	21	0.800	8.880	0.030
BPP_50_150_0.1_0.8_4.C	21	0.800	8.880	0.030
BPP_50_150_0.1_0.8_4.C	21	0.800	8.880	0.030
BPP_50_150_0.1_0.8_4.C	21	0.800	8.880	0.030
BPP_50_150_0.1_0.8_4.C	21	0.800	8.880	0.031
BPP_50_150_0.1_0.8_4.C	21	0.800	8.880	0.030
BPP_50_150_0.1_0.8_4.C	21	0.800	8.880	0.029
BPP_50_150_0.1_0.8_4.C	21	0.800	8.880	0.032
BPP_50_150_0.1_0.8_4.C	21	0.800	8.880	0.031
BPP_50_150_0.1_0.8_5.C	25	1.400	10.840	0.036
BPP_50_150_0.1_0.8_5.C	25	1.400	10.840	0.035
BPP_50_150_0.1_0.8_5.C	25	1.400	10.840	0.035
BPP_50_150_0.1_0.8_5.C	25	1.400	10.840	0.036
BPP_50_150_0.1_0.8_5.C	25	1.400	10.840	0.035
BPP_50_150_0.1_0.8_5.C	25	1.400	10.840	0.036
BPP_50_150_0.1_0.8_5.C	25	1.400	10.840	0.035
BPP_50_150_0.1_0.8_5.C	25	1.400	10.840	0.035
BPP_50_150_0.1_0.8_5.C	25	1.400	10.840	0.034
BPP_50_150_0.1_0.8_5.C	25	1.400	10.840	0.035
BPP_50_150_0.1_0.8_6.C	22	1.400	9.640	0.032
BPP_50_150_0.1_0.8_6.C	22	1.400	9.640	0.045
BPP_50_150_0.1_0.8_6.C	22	1.400	9.640	0.033
BPP_50_150_0.1_0.8_6.C	22	1.400	9.640	0.032
BPP_50_150_0.1_0.8_6.C	22	1.400	9.640	0.032
BPP_50_150_0.1_0.8_6.C	22	1.400	9.640	0.032
BPP_50_150_0.1_0.8_6.C	22	1.400	9.640	0.032
BPP_50_150_0.1_0.8_6.C	22	1.400	9.640	0.032
BPP_50_150_0.1_0.8_6.C	22	1.400	9.640	0.032
BPP_50_150_0.1_0.8_6.C	22	1.400	9.640	0.033
BPP_50_150_0.1_0.8_7.C	23	1.400	10.040	0.035
BPP_50_150_0.1_0.8_7.C	23	1.400	10.040	0.036
BPP_50_150_0.1_0.8_7.C	23	1.400	10.040	0.035
BPP_50_150_0.1_0.8_7.C	23	1.400	10.040	0.036
BPP_50_150_0.1_0.8_7.C	23	1.400	10.040	0.036
BPP_50_150_0.1_0.8_7.C	23	1.400	10.040	0.034
BPP_50_150_0.1_0.8_7.C	23	1.400	10.040	0.034
BPP_50_150_0.1_0.8_7.C	23	1.400	10.040	0.036
BPP_50_150_0.1_0.8_7.C	23	1.400	10.040	0.036
BPP_50_150_0.1_0.8_7.C	23	1.400	10.040	0.035
BPP_50_150_0.1_0.8_8.C	23	0.800	9.680	0.033
BPP_50_150_0.1_0.8_8.C	23	0.800	9.680	0.033
BPP_50_150_0.1_0.8_8.C	23	0.600	9.560	0.032
BPP_50_150_0.1_0.8_8.C	23	0.800	9.680	0.034
BPP_50_150_0.1_0.8_8.C	23	0.800	9.680	0.033
BPP_50_150_0.1_0.8_8.C	23	0.800	9.680	0.032
BPP_50_150_0.1_0.8_8.C	22	1.400	9.640	0.034
BPP_50_150_0.1_0.8_8.C	23	0.800	9.680	0.033
BPP_50_150_0.1_0.8_8.C	23	0.800	9.680	0.033
BPP_50_150_0.1_0.8_8.C	23	0.800	9.680	0.033
BPP_50_150_0.1_0.8_9.C	23	1.400	10.040	0.035
BPP_50_150_0.1_0.8_9.C	23	1.400	10.040	0.034
BPP_50_150_0.1_0.8_9.C	23	1.400	10.040	0.034
BPP_50_150_0.1_0.8_9.C	23	1.400	10.040	0.034
BPP_50_150_0.1_0.8_9.C	23	1.400	10.040	0.035
BPP_50_150_0.1_0.8_9.C	23	1.400	10.040	0.035
BPP_50_150_0.1_0.8_9.C	23	1.400	10.040	0.033
BPP_50_150_0.1_0.8_9.C	23	1.400	10.040	0.035
BPP_50_150_0.1_0.8_9.C	23	1.400	10.040	0.033
BPP_50_150_0.1_0.8_9.C	23	1.400	10.040	0.035
BPP_50_200_0.1_0.8_0.C	24	2.800	11.280	0.046
BPP_50_200_0.1_0.8_0.C	24	2.800	11.280	0.046
BPP_50_200_0.1_0.8_0.C	24	2.800	11.280	0.046
BPP_50_200_0.1_0.8_0.C	24	2.800	11.280	0.048
BPP_50_200_0.1_0.8_0.C	24	2.800	11.280	0.047
BPP_50_200_0.1_0.8_0.C	24	2.800	11.280	0.047
BPP_50_200_0.1_0.8_0.C	24	2.800	11.280	0.047
BPP_50_200_0.1_0.8_0.C	24	2.800	11.280	0.047
BPP_50_200_0.1_0.8_0.C	24	2.800	11.280	0.046
BPP_50_200_0.1_0.8_0.C	24	2.800	11.280	0.046
BPP_50_200_0.1_0.8_1.C	24	0.600	9.960	0.047
BPP_50_200_0.1_0.8_1.C	25	0.200	10.120	0.046
BPP_50_200_0.1_0.8_1.C	25	0.200	10.120	0.046
BPP_50_200_0.1_0.8_1.C	25	0.200	10.120	0.045
BPP_50_200_0.1_0.8_1.C	25	0.200	10.120	0.046
BPP_50_200_0.1_0.8_1.C	25	0.200	10.120	0.045
BPP_50_200_0.1_0.8_1.C	25	0.200	10.120	0.045
BPP_50_200_0.1_0.8_1.C	25	0.200	10.120	0.046
BPP_50_200_0.1_0.8_1.C	25	0.200	10.120	0.045
BPP_50_200_0.1_0.8_1.C	25	0.200	10.120	0.045
BPP_50_200_0.1_0.8_2.C	21	0.200	8.520	0.043
BPP_50_200_0.1_0.8_2.C	21	0.200	8.520	0.042
BPP_50_200_0.1_0.8_2.C	21	0.200	8.520	0.042
BPP_50_200_0.1_0.8_2.C	21	0.200	8.520	0.042
BPP_50_200_0.1_0.8_2.C	21	0.200	8.520	0.043
BPP_50_200_0.1_0.8_2.C	21	0.200	8.520	0.043
BPP_50_200_0.1_0.8_2.C	21	0.200	8.520	0.042
BPP_50_200_0.1_0.8_2.C	21	0.200	8.520	0.041
BPP_50_200_0.1_0.8_2.C	21	0.200	8.520	0.042
BPP_50_200_0.1_0.8_2.C	21	0.200	8.520	0.043
BPP_50_200_0.1_0.8_3.C	23	0.200	9.320	0.042
BPP_50_200_0.1_0.8_3.C	23	0.200	9.320	0.044
BPP_50_200_0.1_0.8_3.C	23	0.200	9.320	0.045
BPP_50_200_0.1_0.8_3.C	23	0.200	9.320	0.044
BPP_50_200_0.1_0.8_3.C	23	0.200	9.320	0.044
BPP_50_200_0.1_0.8_3.C	23	0.200	9.320	0.043
BPP_50_200_0.1_0.8_3.C	23	0.200	9.320	0.042
BPP_50_200_0.1_0.8_3.C	23	0.200	9.320	0.043
BPP_50_200_0.1_0.8_3.C	23	0.200	9.320	0.043
BPP_50_200_0.1_0.8_3.C	23	0.200	9.320	0.045
BPP_50_200_0.1_0.8_4.C	26	1.000	11.000	0.049
BPP_50_200_0.1_0.8_4.C	26	1.000	11.000	0.049
BPP_50_200_0.1_0.8_4.C	26	1.000	11.000	0.050
BPP_50_200_0.1_0.8_4.C	26	1.000	11.000	0.049
BPP_50_200_0.1_0.8_4.C	26	1.000	11.000	0.049
BPP_50_200_0.1_0.8_4.C	26	1.000	11.000	0.049
BPP_50_200_0.1_0.8_4.C	26	1.000	11.000	0.050
BPP_50_200_0.1_0.8_4.C	26	1.000	11.000	0.050
BPP_50_200_0.1_0.8_4.C	26	1.000	11.000	0.050
BPP_50_200_0.1_0.8_4.C	26	1.000	11.000	0.048
BPP_50_200_0.1_0.8_5.C	31	1.400	13.240	0.056
BPP_50_200_0.1_0.8_5.C	30	2.000	13.200	0.056
BPP_50_200_0.1_0.8_5.C	30	2.000	13.200	0.055
BPP_50_200_0.1_0.8_5.C	31	1.400	13.240	0.054
BPP_50_200_0.1_0.8_5.C	30	2.000	13.200	0.056
BPP_50_200_0.1_0.8_5.C	31	1.400	13.240	0.057
BPP_50_200_0.1_0.8_5.C	31	1.400	13.240	0.054
BPP_50_200_0.1_0.8_5.C	30	2.000	13.200	0.056
BPP_50_200_0.1_0.8_5.C	30	2.000	13.200	0.055
BPP_50_200_0.1_0.8_5.C	31	1.400	13.240	0.054
BPP_50_200_0.1_0.8_6.C	23	0.600	9.560	0.044
BPP_50_200_0.1_0.8_6.C	23	0.600	9.560	0.044
BPP_50_200_0.1_0.8_6.C	23	0.600	9.560	0.044
BPP_50_200_0.1_0.8_6.C	23	0.600	9.560	0.042
BPP_50_200_0.1_0.8_6.C	23	0.600	9.560	0.044
BPP_50_200_0.1_0.8_6.C	23	0.600	9.560	0.055
BPP_50_200_0.1_0.8_6.C	23	0.600	9.560	0.057
BPP_50_200_0.1_0.8_6.C	23	0.600	9.560	0.043
BPP_50_200_0.1_0.8_6.C	23	0.600	9.560	0.044
BPP_50_200_0.1_0.8_6.C	23	0.600	9.560	0.044
BPP_50_200_0.1_0.8_7.C	23	4.800	12.080	0.046
BPP_50_200_0.1_0.8_7.C	23	4.800	12.080	0.045
BPP_50_200_0.1_0.8_7.C	23	4.800	12.080	0.047
BPP_50_200_0.1_0.8_7.C	24	4.200	12.120	0.045
BPP_50_200_0.1_0.8_7.C	24	4.200	12.120	0.046
BPP_50_200_0.1_0.8_7.C	24	4.200	12.120	0.045
BPP_50_200_0.1_0.8_7.C	23	4.800	12.080	0.045
BPP_50_200_0.1_0.8_7.C	24	4.200	12.120	0.047
BPP_50_200_0.1_0.8_7.C	24	4.200	12.120	0.045
BPP_50_200_0.1_0.8_7.C	24	4.200	12.120	0.045
BPP_50_200_0.1_0.8_8.C	25	0.400	10.240	0.043
BPP_50_200_0.1_0.8_8.C	25	0.400	10.240	0.053
BPP_50_200_0.1_0.8_8.C	25	0.400	10.240	0.044
BPP_50_200_0.1_0.8_8.C	25	0.400	10.240	0.044
BPP_50_200_0.1_0.8_8.C	25	0.400	10.240	0.045
BPP_50_200_0.1_0.8_8.C	25	0.400	10.240	0.044
BPP_50_200_0.1_0.8_8.C	25	0.400	10.240	0.044
BPP_50_200_0.1_0.8_8.C	25	0.400	10.240	0.044
BPP_50_200_0.1_0.8_8.C	25	0.400	10.240	0.045
BPP_50_200_0.1_0.8_8.C	25	0.400	10.240	0.044
BPP_50_200_0.1_0.8_9.C	24	4.800	12.480	0.047
BPP_50_200_0.1_0.8_9.C	23	5.400	12.440	0.046
BPP_50_200_0.1_0.8_9.C	25	4.200	12.520	0.047
BPP_50_200_0.1_0.8_9.C	24	4.600	12.360	0.048
BPP_50_200_0.1_0.8_9.C	23	5.200	12.320	0.047
BPP_50_200_0.1_0.8_9.C	24	4.600	12.360	0.047
BPP_50_200_0.1_0.8_9.C	24	4.800	12.480	0.048
BPP_50_200_0.1_0.8_9.C	24	4.600	12.360	0.048
BPP_50_200_0.1_0.8_9.C	25	4.200	12.520	0.047
BPP_50_200_0.1_0.8_9.C	24	4.600	12.360	0.047
BPP_50_300_0.1_0.8_0.C	25	2.800	11.680	0.077
BPP_50_300_0.1_0.8_0.C	25	2.800	11.680	0.074
BPP_50_300_0.1_0.8_0.C	25	2.800	11.680	0.075
BPP_50_300_0.1_0.8_0.C	25	2.800	11.680	0.075
BPP_50_300_0.1_0.8_0.C	25	2.800	11.680	0.073
BPP_50_300_0.1_0.8_0.C	25	2.800	11.680	0.075
BPP_50_300_0.1_0.8_0.C	25	2.800	11.680	0.075
BPP_50_300_0.1_0.8_0.C	25	2.800	11.680	0.075
BPP_50_300_0.1_0.8_0.C	25	2.800	11.680	0.076
BPP_50_300_0.1_0.8_0.C	25	2.800	11.680	0.076
BPP_50_300_0.1_0.8_1.C	24	2.400	11.040	0.071
BPP_50_300_0.1_0.8_1.C	24	2.600	11.160	0.071
BPP_50_300_0.1_0.8_1.C	24	2.600	11.160	0.073
BPP_50_300_0.1_0.8_1.C	24	2.200	10.920	0.072
BPP_50_300_0.1_0.8_1.C	24	2.600	11.160	0.070
BPP_50_300_0.1_0.8_1.C	24	2.600	11.160	0.072
BPP_50_300_0.1_0.8_1.C	24	3.000	11.400	0.069
BPP_50_300_0.1_0.8_1.C	24	2.600	11.160	0.070
BPP_50_300_0.1_0.8_1.C	24	2.600	11.160	0.070
BPP_50_300_0.1_0.8_1.C	24	2.400	11.040	0.070
BPP_50_300_0.1_0.8_2.C	27	3.400	12.840	0.076
BPP_50_300_0.1_0.8_2.C	27	3.400	12.840	0.077
BPP_50_300_0.1_0.8_2.C	26	4.000	12.800	0.076
BPP_50_300_0.1_0.8_2.C	27	3.400	12.840	0.076
BPP_50_300_0.1_0.8_2.C	26	3.800	12.680	0.077
BPP_50_300_0.1_0.8_2.C	26	4.000	12.800	0.078
BPP_50_300_0.1_0.8_2.C	27	3.400	12.840	0.077
BPP_50_300_0.1_0.8_2.C	26	4.000	12.800	0.078
BPP_50_300_0.1_0.8_2.C	26	4.000	12.800	0.077
BPP_50_300_0.1_0.8_2.C	27	3.400	12.840	0.077
BPP_50_300_0.1_0.8_3.C	26	3.000	12.200	0.075
BPP_50_300_0.1_0.8_3.C	26	3.000	12.200	0.075
BPP_50_300_0.1_0.8_3.C	26	3.000	12.200	0.074
BPP_50_300_0.1_0.8_3.C	26	3.000	12.200	0.074
BPP_50_300_0.1_0.8_3.C	26	3.000	12.200	0.074
BPP_50_300_0.1_0.8_3.C	26	3.000	12.200	0.075
BPP_50_300_0.1_0.8_3.C	26	3.000	12.200	0.084
BPP_50_300_0.1_0.8_3.C	26	3.000	12.200	0.074
BPP_50_300_0.1_0.8_3.C	26	3.000	12.200	0.075
BPP_50_300_0.1_0.8_3.C	26	3.000	12.200	0.074
BPP_50_300_0.1_0.8_4.C	28	3.800	13.480	0.079
BPP_50_300_0.1_0.8_4.C	28	3.800	13.480	0.079
BPP_50_300_0.1_0.8_4.C	28	3.800	13.480	0.078
BPP_50_300_0.1_0.8_4.C	28	3.800	13.480	0.078
BPP_50_300_0.1_0.8_4.C	28	3.800	13.480	0.078
BPP_50_300_0.1_0.8_4.C	28	3.800	13.480	0.079
BPP_50_300_0.1_0.8_4.C	28	3.800	13.480	0.079
BPP_50_300_0.1_0.8_4.C	28	3.800	13.480	0.079
BPP_50_300_0.1_0.8_4.C	28	3.800	13.480	0.078
BPP_50_300_0.1_0.8_4.C	28	3.800	13.480	0.078
BPP_50_300_0.1_0.8_5.C	22	4.200	11.320	0.066
BPP_50_300_0.1_0.8_5.C	23	4.000	11.600	0.068
BPP_50_300_0.1_0.8_5.C	23	4.000	11.600	0.068
BPP_50_300_0.1_0.8_5.C	22	4.200	11.320	0.065
BPP_50_300_0.1_0.8_5.C	23	4.000	11.600	0.066
BPP_50_300_0.1_0.8_5.C	23	4.000	11.600	0.066
BPP_50_300_0.1_0.8_5.C	22	4.200	11.320	0.065
BPP_50_300_0.1_0.8_5.C	23	4.000	11.600	0.066
BPP_50_300_0.1_0.8_5.C	22	4.200	11.320	0.066
BPP_50_300_0.1_0.8_5.C	23	4.000	11.600	0.065
BPP_50_300_0.1_0.8_6.C	22	3.800	11.080	0.062
BPP_50_300_0.1_0.8_6.C	21	3.800	10.680	0.062
BPP_50_300_0.1_0.8_6.C	21	3.800	10.680	0.062
BPP_50_300_0.1_0.8_6.C	21	3.800	10.680	0.062
BPP_50_300_0.1_0.8_6.C	21	4.200	10.920	0.063
BPP_50_300_0.1_0.8_6.C	21	3.800	10.680	0.063
BPP_50_300_0.1_0.8_6.C	21	3.800	10.680	0.063
BPP_50_300_0.1_0.8_6.C	21	3.800	10.680	0.063
BPP_50_300_0.1_0.8_6.C	21	3.800	10.680	0.062
BPP_50_300_0.1_0.8_6.C	22	3.800	11.080	0.062
BPP_50_300_0.1_0.8_7.C	28	2.600	12.760	0.080
BPP_50_300_0.1_0.8_7.C	28	3.200	13.120	0.077
BPP_50_300_0.1_0.8_7.C	28	3.000	13.000	0.078
BPP_50_300_0.1_0.8_7.C	28	2.600	12.760	0.078
BPP_50_300_0.1_0.8_7.C	28	2.800	12.880	0.083
BPP_50_300_0.1_0.8_7.C	28	3.000	13.000	0.081
BPP_50_300_0.1_0.8_7.C	28	3.000	13.000	0.080
BPP_50_300_0.1_0.8_7.C	28	2.600	12.760	0.078
BPP_50_300_0.1_0.8_7.C	28	2.800	12.880	0.079
BPP_50_300_0.1_0.8_7.C	28	2.600	12.760	0.080
BPP_50_300_0.1_0.8_8.C	29	3.000	13.400	0.081
BPP_50_300_0.1_0.8_8.C	29	3.000	13.400	0.080
BPP_50_300_0.1_0.8_8.C	29	3.000	13.400	0.081
BPP_50_300_0.1_0.8_8.C	29	3.000	13.400	0.081
BPP_50_300_0.1_0.8_8.C	29	3.000	13.400	0.081
BPP_50_300_0.1_0.8_8.C	29	3.000	13.400	0.081
BPP_50_300_0.1_0.8_8.C	29	3.000	13.400	0.081
BPP_50_300_0.1_0.8_8.C	29	3.000	13.400	0.080
BPP_50_300_0.1_0.8_8.C	29	3.000	13.400	0.083
BPP_50_300_0.1_0.8_8.C	29	3.000	13.400	0.082
BPP_50_300_0.1_0.8_9.C	28	2.000	12.400	0.078
BPP_50_300_0.1_0.8_9.C	28	2.000	12.400	0.080
BPP_50_300_0.1_0.8_9.C	28	1.800	12.280	0.080
BPP_50_300_0.1_0.8_9.C	28	1.800	12.280	0.078
BPP_50_300_0.1_0.8_9.C	28	1.800	12.280	0.077
BPP_50_300_0.1_0.8_9.C	28	2.000	12.400	0.079
BPP_50_300_0.1_0.8_9.C	28	1.800	12.280	0.077
BPP_50_300_0.1_0.8_9.C	28	1.800	12.280	0.077
BPP_50_300_0.1_0.8_9.C	28	1.800	12.280	0.077
BPP_50_300_0.1_0.8_9.C	28	2.000	12.400	0.077
BPP_50_400_0.1_0.8_0.C	22	0.200	8.920	0.093
BPP_50_400_0.1_0.8_0.C	22	0.200	8.920	0.093
BPP_50_400_0.1_0.8_0.C	21	0.600	8.760	0.094
BPP_50_400_0.1_0.8_0.C	22	0.200	8.920	0.092
BPP_50_400_0.1_0.8_0.C	22	0.200	8.920	0.092
BPP_50_400_0.1_0.8_0.C	21	0.600	8.760	0.092
BPP_50_400_0.1_0.8_0.C	22	0.200	8.920	0.093
BPP_50_400_0.1_0.8_0.C	22	0.200	8.920	0.093
BPP_50_400_0.1_0.8_0.C	22	0.200	8.920	0.094
BPP_50_400_0.1_0.8_0.C	22	0.200	8.920	0.095
BPP_50_400_0.1_0.8_1.C	29	0.200	11.720	0.112
BPP_50_400_0.1_0.8_1.C	29	0.200	11.720	0.112
BPP_50_400_0.1_0.8_1.C	29	0.200	11.720	0.113
BPP_50_400_0.1_0.8_1.C	29	0.200	11.720	0.114
BPP_50_400_0.1_0.8_1.C	29	0.200	11.720	0.111
BPP_50_400_0.1_0.8_1.C	29	0.200	11.720	0.112
BPP_50_400_0.1_0.8_1.C	29	0.200	11.720	0.114
BPP_50_400_0.1_0.8_1.C	29	0.200	11.720	0.114
BPP_50_400_0.1_0.8_1.C	29	0.200	11.720	0.113
BPP_50_400_0.1_0.8_1.C	29	0.200	11.720	0.113
BPP_50_400_0.1_0.8_2.C	23	1.400	10.040	0.097
BPP_50_400_0.1_0.8_2.C	23	1.400	10.040	0.097
BPP_50_400_0.1_0.8_2.C	23	1.200	9.920	0.099
BPP_50_400_0.1_0.8_2.C	23	1.200	9.920	0.096
BPP_50_400_0.1_0.8_2.C	23	1.400	10.040	0.097
BPP_50_400_0.1_0.8_2.C	23	1.200	9.920	0.098
BPP_50_400_0.1_0.8_2.C	23	1.200	9.920	0.097
BPP_50_400_0.1_0.8_2.C	23	1.400	10.040	0.097
BPP_50_400_0.1_0.8_2.C	23	1.200	9.920	0.098
BPP_50_400_0.1_0.8_2.C	23	1.200	9.920	0.098
BPP_50_400_0.1_0.8_3.C	24	2.200	10.920	0.100
BPP_50_400_0.1_0.8_3.C	24	2.200	10.920	0.103
BPP_50_400_0.1_0.8_3.C	24	2.400	11.040	0.099
BPP_50_400_0.1_0.8_3.C	24	2.400	11.040	0.098
BPP_50_400_0.1_0.8_3.C	24	2.400	11.040	0.099
BPP_50_400_0.1_0.8_3.C	24	2.400	11.040	0.100
BPP_50_400_0.1_0.8_3.C	24	2.400	11.040	0.099
BPP_50_400_0.1_0.8_3.C	24	2.200	10.920	0.099
BPP_50_400_0.1_0.8_3.C	24	2.400	11.040	0.100
BPP_50_400_0.1_0.8_3.C	24	2.400	11.040	0.099
BPP_50_400_0.1_0.8_4.C	21	1.200	9.120	0.082
BPP_50_400_0.1_0.8_4.C	21	1.200	9.120	0.082
BPP_50_400_0.1_0.8_4.C	21	1.200	9.120	0.082
BPP_50_400_0.1_0.8_4.C	21	1.200	9.120	0.082
BPP_50_400_0.1_0.8_4.C	21	1.200	9.120	0.082
BPP_50_400_0.1_0.8_4.C	21	1.200	9.120	0.083
BPP_50_400_0.1_0.8_4.C	21	1.200	9.120	0.083
BPP_50_400_0.1_0.8_4.C	21	1.200	9.120	0.083
BPP_50_400_0.1_0.8_4.C	21	1.200	9.120	0.084
BPP_50_400_0.1_0.8_4.C	21	1.200	9.120	0.084
BPP_50_400_0.1_0.8_5.C	27	4.000	13.200	0.112
BPP_50_400_0.1_0.8_5.C	28	3.600	13.360	0.112
BPP_50_400_0.1_0.8_5.C	27	4.000	13.200	0.116
BPP_50_400_0.1_0.8_5.C	27	4.000	13.200	0.111
BPP_50_400_0.1_0.8_5.C	26	4.600	13.160	0.113
BPP_50_400_0.1_0.8_5.C	27	4.000	13.200	0.113
BPP_50_400_0.1_0.8_5.C	27	4.000	13.200	0.114
BPP_50_400_0.1_0.8_5.C	27	4.200	13.320	0.115
BPP_50_400_0.1_0.8_5.C	26	4.400	13.040	0.115
BPP_50_400_0.1_0.8_5.C	26	4.600	13.160	0.113
BPP_50_400_0.1_0.8_6.C	26	7.400	14.840	0.108
BPP_50_400_0.1_0.8_6.C	27	6.800	14.880	0.109
BPP_50_400_0.1_0.8_6.C	26	7.400	14.840	0.108
BPP_50_400_0.1_0.8_6.C	26	7.400	14.840	0.109
BPP_50_400_0.1_0.8_6.C	27	6.800	14.880	0.107
BPP_50_400_0.1_0.8_6.C	27	6.800	14.880	0.107
BPP_50_400_0.1_0.8_6.C	27	6.800	14.880	0.107
BPP_50_400_0.1_0.8_6.C	26	7.400	14.840	0.109
BPP_50_400_0.1_0.8_6.C	27	6.800	14.880	0.107
BPP_50_400_0.1_0.8_6.C	27	6.800	14.880	0.112
BPP_50_400_0.1_0.8_7.C	24	1.200	10.320	0.098
BPP_50_400_0.1_0.8_7.C	24	1.200	10.320	0.098
BPP_50_400_0.1_0.8_7.C	24	1.200	10.320	0.099
BPP_50_400_0.1_0.8_7.C	24	1.200	10.320	0.098
BPP_50_400_0.1_0.8_7.C	24	1.200	10.320	0.098
BPP_50_400_0.1_0.8_7.C	24	1.200	10.320	0.099
BPP_50_400_0.1_0.8_7.C	24	1.200	10.320	0.099
BPP_50_400_0.1_0.8_7.C	24	1.200	10.320	0.098
BPP_50_400_0.1_0.8_7.C	24	1.200	10.320	0.098
BPP_50_400_0.1_0.8_7.C	24	1.200	10.320	0.097
BPP_50_400_0.1_0.8_8.C	30	6.000	15.600	0.116
BPP_50_400_0.1_0.8_8.C	30	6.000	15.600	0.117
BPP_50_400_0.1_0.8_8.C	30	6.000	15.600	0.116
BPP_50_400_0.1_0.8_8.C	30	6.000	15.600	0.119
BPP_50_400_0.1_0.8_8.C	30	6.000	15.600	0.123
BPP_50_400_0.1_0.8_8.C	30	6.000	15.600	0.114
BPP_50_400_0.1_0.8_8.C	30	6.000	15.600	0.114
BPP_50_400_0.1_0.8_8.C	30	6.000	15.600	0.115
BPP_50_400_0.1_0.8_8.C	29	6.200	15.320	0.118
BPP_50_400_0.1_0.8_8.C	30	6.000	15.600	0.118
BPP_50_400_0.1_0.8_9.C	25	6.000	13.600	0.102
BPP_50_400_0.1_0.8_9.C	25	5.800	13.480	0.101
BPP_50_400_0.1_0.8_9.C	25	5.800	13.480	0.100
BPP_50_400_0.1_0.8_9.C	25	6.200	13.720	0.103
BPP_50_400_0.1_0.8_9.C	25	6.000	13.600	0.100
BPP_50_400_0.1_0.8_9.C	25	5.800	13.480	0.101
BPP_50_400_0.1_0.8_9.C	25	5.800	13.480	0.101
BPP_50_400_0.1_0.8_9.C	25	5.800	13.480	0.102
BPP_50_400_0.1_0.8_9.C	25	6.200	13.720	0.102
BPP_50_400_0.1_0.8_9.C	25	5.800	13.480	0.100
BPP_50_500_0.1_0.8_0.C	25	2.800	11.680	0.120
BPP_50_500_0.1_0.8_0.C	25	3.200	11.920	0.119
BPP_50_500_0.1_0.8_0.C	25	3.200	11.920	0.119
BPP_50_500_0.1_0.8_0.C	25	3.200	11.920	0.119
BPP_50_500_0.1_0.8_0.C	25	3.200	11.920	0.118
BPP_50_500_0.1_0.8_0.C	25	2.800	11.680	0.118
BPP_50_500_0.1_0.8_0.C	25	2.600	11.560	0.119
BPP_50_500_0.1_0.8_0.C	25	3.000	11.800	0.118
BPP_50_500_0.1_0.8_0.C	25	2.800	11.680	0.119
BPP_50_500_0.1_0.8_0.C	25	2.800	11.680	0.118
BPP_50_500_0.1_0.8_1.C	25	-0.000	10.000	0.113
BPP_50_500_0.1_0.8_1.C	25	-0.000	10.000	0.110
BPP_50_500_0.1_0.8_1.C	25	-0.000	10.000	0.111
BPP_50_500_0.1_0.8_1.C	25	-0.000	10.000	0.111
BPP_50_500_0.1_0.8_1.C	25	-0.000	10.000	0.111
BPP_50_500_0.1_0.8_1.C	25	-0.000	10.000	0.112
BPP_50_500_0.1_0.8_1.C	25	-0.000	10.000	0.110
BPP_50_500_0.1_0.8_1.C	25	-0.000	10.000	0.111
BPP_50_500_0.1_0.8_1.C	25	-0.000	10.000	0.113
BPP_50_500_0.1_0.8_1.C	25	-0.000	10.000	0.110
BPP_50_500_0.1_0.8_2.C	26	1.400	11.240	0.117
BPP_50_500_0.1_0.8_2.C	26	1.400	11.240	0.118
BPP_50_500_0.1_0.8_2.C	26	1.400	11.240	0.117
BPP_50_500_0.1_0.8_2.C	26	1.400	11.240	0.116
BPP_50_500_0.1_0.8_2.C	26	1.400	11.240	0.125
BPP_50_500_0.1_0.8_2.C	26	1.400	11.240	0.117
BPP_50_500_0.1_0.8_2.C	26	1.400	11.240	0.117
BPP_50_500_0.1_0.8_2.C	26	1.400	11.240	0.121
BPP_50_500_0.1_0.8_2.C	26	1.400	11.240	0.118
BPP_50_500_0.1_0.8_2.C	26	1.400	11.240	0.115
BPP_50_500_0.1_0.8_3.C	22	3.200	10.720	0.104
BPP_50_500_0.1_0.8_3.C	22	3.000	10.600	0.103
BPP_50_500_0.1_0.8_3.C	22	3.000	10.600	0.103
BPP_50_500_0.1_0.8_3.C	22	3.200	10.720	0.103
BPP_50_500_0.1_0.8_3.C	22	3.000	10.600	0.106
BPP_50_500_0.1_0.8_3.C	22	3.000	10.600	0.105
BPP_50_500_0.1_0.8_3.C	22	3.000	10.600	0.105
BPP_50_500_0.1_0.8_3.C	22	3.200	10.720	0.104
BPP_50_500_0.1_0.8_3.C	22	3.000	10.600	0.103
BPP_50_500_0.1_0.8_3.C	22	3.200	10.720	0.105
BPP_50_500_0.1_0.8_4.C	22	1.400	9.640	0.100
BPP_50_500_0.1_0.8_4.C	22	1.400	9.640	0.099
BPP_50_500_0.1_0.8_4.C	22	1.400	9.640	0.099
BPP_50_500_0.1_0.8_4.C	22	1.400	9.640	0.099
BPP_50_500_0.1_0.8_4.C	22	1.400	9.640	0.101
BPP_50_500_0.1_0.8_4.C	22	1.400	9.640	0.099
BPP_50_500_0.1_0.8_4.C	22	1.400	9.640	0.101
BPP_50_500_0.1_0.8_4.C	22	1.400	9.640	0.099
BPP_50_500_0.1_0.8_4.C	22	1.400	9.640	0.099
BPP_50_500_0.1_0.8_4.C	22	1.400	9.640	0.100
BPP_50_500_0.1_0.8_5.C	26	2.600	11.960	0.119
BPP_50_500_0.1_0.8_5.C	26	2.600	11.960	0.121
BPP_50_500_0.1_0.8_5.C	26	2.600	11.960	0.119
BPP_50_500_0.1_0.8_5.C	26	2.600	11.960	0.119
BPP_50_500_0.1_0.8_5.C	26	2.600	11.960	0.119
BPP_50_500_0.1_0.8_5.C	26	2.600	11.960	0.118
BPP_50_500_0.1_0.8_5.C	26	2.600	11.960	0.118
BPP_50_500_0.1_0.8_5.C	26	2.600	11.960	0.121
BPP_50_500_0.1_0.8_5.C	26	2.600	11.960	0.119
BPP_50_500_0.1_0.8_5.C	26	2.600	11.960	0.122
BPP_50_500_0.1_0.8_6.C	23	0.800	9.680	0.112
BPP_50_500_0.1_0.8_6.C	23	0.800	9.680	0.110
BPP_50_500_0.1_0.8_6.C	23	0.800	9.680	0.109
BPP_50_500_0.1_0.8_6.C	23	0.800	9.680	0.110
BPP_50_500_0.1_0.8_6.C	23	0.800	9.680	0.110
BPP_50_500_0.1_0.8_6.C	23	0.800	9.680	0.112
BPP_50_500_0.1_0.8_6.C	23	0.800	9.680	0.111
BPP_50_500_0.1_0.8_6.C	23	0.800	9.680	0.109
BPP_50_500_0.1_0.8_6.C	23	0.800	9.680	0.110
BPP_50_500_0.1_0.8_6.C	23	0.800	9.680	0.109
BPP_50_500_0.1_0.8_7.C	27	1.200	11.520	0.118
BPP_50_500_0.1_0.8_7.C	27	1.200	11.520	0.120
BPP_50_500_0.1_0.8_7.C	27	1.200	11.520	0.125
BPP_50_500_0.1_0.8_7.C	27	1.200	11.520	0.118
BPP_50_500_0.1_0.8_7.C	27	1.200	11.520	0.118
BPP_50_500_0.1_0.8_7.C	27	1.200	11.520	0.119
BPP_50_500_0.1_0.8_7.C	27	1.200	11.520	0.119
BPP_50_500_0.1_0.8_7.C	27	1.200	11.520	0.119
BPP_50_500_0.1_0.8_7.C	27	1.200	11.520	0.120
BPP_50_500_0.1_0.8_7.C	27	1.200	11.520	0.124
BPP_50_500_0.1_0.8_8.C	27	1.800	11.880	0.122
BPP_50_500_0.1_0.8_8.C	27	1.800	11.880	0.124
BPP_50_500_0.1_0.8_8.C	27	1.800	11.880	0.122
BPP_50_500_0.1_0.8_8.C	27	1.800	11.880	0.122
BPP_50_500_0.1_0.8_8.C	27	1.800	11.880	0.124
BPP_50_500_0.1_0.8_8.C	27	1.800	11.880	0.125
BPP_50_500_0.1_0.8_8.C	27	1.800	11.880	0.123
BPP_50_500_0.1_0.8_8.C	27	1.800	11.880	0.123
BPP_50_500_0.1_0.8_8.C	27	1.800	11.880	0.123
BPP_50_500_0.1_0.8_8.C	27	1.800	11.880	0.123
BPP_50_500_0.1_0.8_9.C	25	0.800	10.480	0.121
BPP_50_500_0.1_0.8_9.C	25	0.800	10.480	0.118
BPP_50_500_0.1_0.8_9.C	25	0.800	10.480	0.117
BPP_50_500_0.1_0.8_9.C	25	0.800	10.480	0.117
BPP_50_500_0.1_0.8_9.C	25	0.800	10.480	0.119
BPP_50_500_0.1_0.8_9.C	25	0.800	10.480	0.118
BPP_50_500_0.1_0.8_9.C	25	0.800	10.480	0.120
BPP_50_500_0.1_0.8_9.C	25	0.800	10.480	0.117
BPP_50_500_0.1_0.8_9.C	25	0.800	10.480	0.120
BPP_50_500_0.1_0.8_9.C	25	0.800	10.480	0.116
BPP_50_50_0.1_0.8_0.C	24	3.400	11.640	0.013
BPP_50_50_0.1_0.8_0.C	24	3.200	11.520	0.013
BPP_50_50_0.1_0.8_0.C	24	3.200	11.520	0.014
BPP_50_50_0.1_0.8_0.C	24	3.400	11.640	0.013
BPP_50_50_0.1_0.8_0.C	25	2.800	11.680	0.013
BPP_50_50_0.1_0.8_0.C	24	3.200	11.520	0.014
BPP_50_50_0.1_0.8_0.C	24	3.400	11.640	0.013
BPP_50_50_0.1_0.8_0.C	24	3.200	11.520	0.014
BPP_50_50_0.1_0.8_0.C	24	3.200	11.520	0.014
BPP_50_50_0.1_0.8_0.C	24	3.200	11.520	0.013
BPP_50_50_0.1_0.8_1.C	29	1.000	12.200	0.014
BPP_50_50_0.1_0.8_1.C	29	1.000	12.200	0.013
BPP_50_50_0.1_0.8_1.C	29	1.000	12.200	0.014
BPP_50_50_0.1_0.8_1.C	29	1.000	12.200	0.014
BPP_50_50_0.1_0.8_1.C	29	1.000	12.200	0.015
BPP_50_50_0.1_0.8_1.C	29	1.000	12.200	0.014
BPP_50_50_0.1_0.8_1.C	29	1.000	12.200	0.015
BPP_50_50_0.1_0.8_1.C	29	1.000	12.200	0.014
BPP_50_50_0.1_0.8_1.C	29	1.000	12.200	0.015
BPP_50_50_0.1_0.8_1.C	29	1.000	12.200	0.015
BPP_50_50_0.1_0.8_2.C	26	2.400	11.840	0.013
BPP_50_50_0.1_0.8_2.C	26	2.400	11.840	0.013
BPP_50_50_0.1_0.8_2.C	26	2.400	11.840	0.013
BPP_50_50_0.1_0.8_2.C	26	2.400	11.840	0.013
BPP_50_50_0.1_0.8_2.C	26	2.400	11.840	0.014
BPP_50_50_0.1_0.8_2.C	26	2.400	11.840	0.013
BPP_50_50_0.1_0.8_2.C	26	2.400	11.840	0.013
BPP_50_50_0.1_0.8_2.C	26	2.400	11.840	0.013
BPP_50_50_0.1_0.8_2.C	26	2.400	11.840	0.014
BPP_50_50_0.1_0.8_2.C	26	2.400	11.840	0.013
BPP_50_50_0.1_0.8_3.C	21	1.600	9.360	0.012
BPP_50_50_0.1_0.8_3.C	21	1.600	9.360	0.012
BPP_50_50_0.1_0.8_3.C	21	1.600	9.360	0.013
BPP_50_50_0.1_0.8_3.C	21	1.600	9.360	0.011
BPP_50_50_0.1_0.8_3.C	21	1.600	9.360	0.012
BPP_50_50_0.1_0.8_3.C	21	1.600	9.360	0.012
BPP_50_50_0.1_0.8_3.C	21	1.600	9.360	0.012
BPP_50_50_0.1_0.8_3.C	21	1.600	9.360	0.012
BPP_50_50_0.1_0.8_3.C	21	1.600	9.360	0.011
BPP_50_50_0.1_0.8_3.C	21	1.600	9.360	0.011
BPP_50_50_0.1_0.8_4.C	25	3.800	12.280	0.014
BPP_50_50_0.1_0.8_4.C	25	3.800	12.280	0.013
BPP_50_50_0.1_0.8_4.C	25	3.800	12.280	0.014
BPP_50_50_0.1_0.8_4.C	25	3.800	12.280	0.013
BPP_50_50_0.1_0.8_4.C	25	3.800	12.280	0.013
BPP_50_50_0.1_0.8_4.C	25	3.800	12.280	0.014
BPP_50_50_0.1_0.8_4.C	25	3.800	12.280	0.014
BPP_50_50_0.1_0.8_4.C	25	3.800	12.280	0.014
BPP_50_50_0.1_0.8_4.C	25	3.800	12.280	0.014
BPP_50_50_0.1_0.8_4.C	25	3.800	12.280	0.014
BPP_50_50_0.1_0.8_5.C	25	2.600	11.560	0.014
BPP_50_50_0.1_0.8_5.C	25	2.800	11.680	0.013
BPP_50_50_0.1_0.8_5.C	25	2.600	11.560	0.013
BPP_50_50_0.1_0.8_5.C	25	2.800	11.680	0.013
BPP_50_50_0.1_0.8_5.C	25	3.000	11.800	0.013
BPP_50_50_0.1_0.8_5.C	25	3.000	11.800	0.013
BPP_50_50_0.1_0.8_5.C	25	2.600	11.560	0.014
BPP_50_50_0.1_0.8_5.C	25	3.000	11.800	0.013
BPP_50_50_0.1_0.8_5.C	25	3.200	11.920	0.013
BPP_50_50_0.1_0.8_5.C	25	2.800	11.680	0.013
BPP_50_50_0.1_0.8_6.C	25	3.800	12.280	0.014
BPP_50_50_0.1_0.8_6.C	25	3.800	12.280	0.014
BPP_50_50_0.1_0.8_6.C	25	3.800	12.280	0.014
BPP_50_50_0.1_0.8_6.C	24	4.400	12.240	0.013
BPP_50_50_0.1_0.8_6.C	24	4.200	12.120	0.014
BPP_50_50_0.1_0.8_6.C	25	3.800	12.280	0.013
BPP_50_50_0.1_0.8_6.C	25	3.800	12.280	0.014
BPP_50_50_0.1_0.8_6.C	24	4.200	12.120	0.013
BPP_50_50_0.1_0.8_6.C	25	3.800	12.280	0.014
BPP_50_50_0.1_0.8_6.C	24	4.000	12.000	0.014
BPP_50_50_0.1_0.8_7.C	25	4.600	12.760	0.014
BPP_50_50_0.1_0.8_7.C	26	4.400	13.040	0.015
BPP_50_50_0.1_0.8_7.C	26	4.400	13.040	0.014
BPP_50_50_0.1_0.8_7.C	26	4.400	13.040	0.014
BPP_50_50_0.1_0.8_7.C	25	4.800	12.880	0.013
BPP_50_50_0.1_0.8_7.C	25	4.800	12.880	0.014
BPP_50_50_0.1_0.8_7.C	25	4.600	12.760	0.014
BPP_50_50_0.1_0.8_7.C	26	4.400	13.040	0.015
BPP_50_50_0.1_0.8_7.C	26	4.400	13.040	0.013
BPP_50_50_0.1_0.8_7.C	26	4.200	12.920	0.014
BPP_50_50_0.1_0.8_8.C	24	2.800	11.280	0.014
BPP_50_50_0.1_0.8_8.C	24	2.800	11.280	0.013
BPP_50_50_0.1_0.8_8.C	24	2.800	11.280	0.014
BPP_50_50_0.1_0.8_8.C	24	2.800	11.280	0.013
BPP_50_50_0.1_0.8_8.C	24	2.800	11.280	0.013
BPP_50_50_0.1_0.8_8.C	24	2.800	11.280	0.013
BPP_50_50_0.1_0.8_8.C	24	2.800	11.280	0.013
BPP_50_50_0.1_0.8_8.C	24	2.800	11.280	0.013
BPP_50_50_0.1_0.8_8.C	24	2.800	11.280	0.013
BPP_50_50_0.1_0.8_8.C	24	3.000	11.400	0.012
BPP_50_50_0.1_0.8_9.C	25	4.200	12.520	0.014
BPP_50_50_0.1_0.8_9.C	25	4.000	12.400	0.014
BPP_50_50_0.1_0.8_9.C	25	4.200	12.520	0.013
BPP_50_50_0.1_0.8_9.C	25	4.200	12.520	0.015
BPP_50_50_0.1_0.8_9.C	25	4.200	12.520	0.014
BPP_50_50_0.1_0.8_9.C	25	4.000	12.400	0.014
BPP_50_50_0.1_0.8_9.C	25	4.000	12.400	0.013
BPP_50_50_0.1_0.8_9.C	25	4.200	12.520	0.014
BPP_50_50_0.1_0.8_9.C	25	4.000	12.400	0.014
BPP_50_50_0.1_0.8_9.C	24	4.200	12.120	0.014
BPP_50_750_0.1_0.8_0.C	31	5.000	15.400	0.197
BPP_50_750_0.1_0.8_0.C	31	5.000	15.400	0.207
BPP_50_750_0.1_0.8_0.C	31	5.000	15.400	0.201
BPP_50_750_0.1_0.8_0.C	31	4.800	15.280	0.205
BPP_50_750_0.1_0.8_0.C	31	4.800	15.280	0.227
BPP_50_750_0.1_0.8_0.C	31	5.000	15.400	0.235
BPP_50_750_0.1_0.8_0.C	31	4.800	15.280	0.214
BPP_50_750_0.1_0.8_0.C	31	5.000	15.400	0.205
BPP_50_750_0.1_0.8_0.C	31	5.000	15.400	0.198
BPP_50_750_0.1_0.8_0.C	31	5.000	15.400	0.202
BPP_50_750_0.1_0.8_1.C	23	4.200	11.720	0.157
BPP_50_750_0.1_0.8_1.C	23	3.600	11.360	0.154
BPP_50_750_0.1_0.8_1.C	23	4.200	11.720	0.155
BPP_50_750_0.1_0.8_1.C	23	3.600	11.360	0.166
BPP_50_750_0.1_0.8_1.C	23	4.400	11.840	0.154
BPP_50_750_0.1_0.8_1.C	23	4.400	11.840	0.163
BPP_50_750_0.1_0.8_1.C	23	4.200	11.720	0.153
BPP_50_750_0.1_0.8_1.C	23	4.200	11.720	0.155
BPP_50_750_0.1_0.8_1.C	23	3.600	11.360	0.155
BPP_50_750_0.1_0.8_1.C	23	4.400	11.840	0.153
BPP_50_750_0.1_0.8_2.C	27	0.000	10.800	0.178
BPP_50_750_0.1_0.8_2.C	27	0.000	10.800	0.169
BPP_50_750_0.1_0.8_2.C	27	0.000	10.800	0.167
BPP_50_750_0.1_0.8_2.C	27	0.000	10.800	0.172
BPP_50_750_0.1_0.8_2.C	27	0.000	10.800	0.169
BPP_50_750_0.1_0.8_2.C	27	0.000	10.800	0.169
BPP_50_750_0.1_0.8_2.C	27	0.000	10.800	0.178
BPP_50_750_0.1_0.8_2.C	27	0.000	10.800	0.176
BPP_50_750_0.1_0.8_2.C	27	0.000	10.800	0.174
BPP_50_750_0.1_0.8_2.C	27	0.000	10.800	0.171
BPP_50_750_0.1_0.8_3.C	26	-0.000	10.400	0.169
BPP_50_750_0.1_0.8_3.C	26	-0.000	10.400	0.179
BPP_50_750_0.1_0.8_3.C	26	-0.000	10.400	0.166
BPP_50_750_0.1_0.8_3.C	26	-0.000	10.400	0.165
BPP_50_750_0.1_0.8_3.C	26	-0.000	10.400	0.169
BPP_50_750_0.1_0.8_3.C	26	-0.000	10.400	0.169
BPP_50_750_0.1_0.8_3.C	26	-0.000	10.400	0.169
BPP_50_750_0.1_0.8_3.C	26	-0.000	10.400	0.167
BPP_50_750_0.1_0.8_3.C	26	-0.000	10.400	0.167
BPP_50_750_0.1_0.8_3.C	26	-0.000	10.400	0.166
BPP_50_750_0.1_0.8_4.C	24	0.000	9.600	0.166
BPP_50_750_0.1_0.8_4.C	24	0.000	9.600	0.161
BPP_50_750_0.1_0.8_4.C	24	0.000	9.600	0.163
BPP_50_750_0.1_0.8_4.C	24	0.000	9.600	0.162
BPP_50_750_0.1_0.8_4.C	24	0.000	9.600	0.160
BPP_50_750_0.1_0.8_4.C	24	0.000	9.600	0.168
BPP_50_750_0.1_0.8_4.C	24	0.000	9.600	0.160
BPP_50_750_0.1_0.8_4.C	24	0.000	9.600	0.161
BPP_50_750_0.1_0.8_4.C	24	0.000	9.600	0.161
BPP_50_750_0.1_0.8_4.C	24	0.000	9.600	0.161
BPP_50_750_0.1_0.8_5.C	25	-0.000	10.000	0.168
BPP_50_750_0.1_0.8_5.C	25	-0.000	10.000	0.165
BPP_50_750_0.1_0.8_5.C	25	-0.000	10.000	0.170
BPP_50_750_0.1_0.8_5.C	25	-0.000	10.000	0.168
BPP_50_750_0.1_0.8_5.C	25	-0.000	10.000	0.194
BPP_50_750_0.1_0.8_5.C	25	-0.000	10.000	0.168
BPP_50_750_0.1_0.8_5.C	25	-0.000	10.000	0.169
BPP_50_750_0.1_0.8_5.C	25	-0.000	10.000	0.212
BPP_50_750_0.1_0.8_5.C	25	-0.000	10.000	0.170
BPP_50_750_0.1_0.8_5.C	25	-0.000	10.000	0.167
BPP_50_750_0.1_0.8_6.C	25	-0.000	10.000	0.167
BPP_50_750_0.1_0.8_6.C	25	-0.000	10.000	0.167
BPP_50_750_0.1_0.8_6.C	25	-0.000	10.000	0.167
BPP_50_750_0.1_0.8_6.C	25	-0.000	10.000	0.169
BPP_50_750_0.1_0.8_6.C	25	-0.000	10.000	0.167
BPP_50_750_0.1_0.8_6.C	25	-0.000	10.000	0.166
BPP_50_750_0.1_0.8_6.C	25	-0.000	10.000	0.171
BPP_50_750_0.1_0.8_6.C	25	-0.000	10.000	0.166
BPP_50_750_0.1_0.8_6.C	25	-0.000	10.000	0.165
BPP_50_750_0.1_0.8_6.C	25	-0.000	10.000	0.188
BPP_50_750_0.1_0.8_7.C	27	2.800	12.480	0.187
BPP_50_750_0.1_0.8_7.C	27	2.800	12.480	0.188
BPP_50_750_0.1_0.8_7.C	27	2.800	12.480	0.186
BPP_50_750_0.1_0.8_7.C	27	3.000	12.600	0.213
BPP_50_750_0.1_0.8_7.C	27	2.800	12.480	0.188
BPP_50_750_0.1_0.8_7.C	27	2.800	12.480	0.185
BPP_50_750_0.1_0.8_7.C	28	2.400	12.640	0.184
BPP_50_750_0.1_0.8_7.C	27	2.800	12.480	0.187
BPP_50_750_0.1_0.8_7.C	27	2.800	12.480	0.187
BPP_50_750_0.1_0.8_7.C	27	2.800	12.480	0.185
BPP_50_750_0.1_0.8_8.C	25	0.600	10.360	0.165
BPP_50_750_0.1_0.8_8.C	25	0.400	10.240	0.165
BPP_50_750_0.1_0.8_8.C	25	0.400	10.240	0.164
BPP_50_750_0.1_0.8_8.C	25	0.400	10.240	0.166
BPP_50_750_0.1_0.8_8.C	25	0.400	10.240	0.165
BPP_50_750_0.1_0.8_8.C	25	0.600	10.360	0.165
BPP_50_750_0.1_0.8_8.C	25	0.600	10.360	0.162
BPP_50_750_0.1_0.8_8.C	25	0.600	10.360	0.165
BPP_50_750_0.1_0.8_8.C	25	0.400	10.240	0.163
BPP_50_750_0.1_0.8_8.C	25	0.400	10.240	0.166
BPP_50_750_0.1_0.8_9.C	21	0.200	8.520	0.154
BPP_50_750_0.1_0.8_9.C	21	0.200	8.520	0.157
BPP_50_750_0.1_0.8_9.C	21	0.200	8.520	0.154
BPP_50_750_0.1_0.8_9.C	21	0.200	8.520	0.154
BPP_50_750_0.1_0.8_9.C	21	0.200	8.520	0.156
BPP_50_750_0.1_0.8_9.C	21	0.200	8.520	0.154
BPP_50_750_0.1_0.8_9.C	21	0.200	8.520	0.151
BPP_50_750_0.1_0.8_9.C	21	0.200	8.520	0.156
BPP_50_750_0.1_0.8_9.C	21	0.200	8.520	0.165
BPP_50_750_0.1_0.8_9.C	21	0.200	8.520	0.149
BPP_50_75_0.1_0.8_0.C	26	0.800	10.880	0.016
BPP_50_75_0.1_0.8_0.C	27	0.200	10.920	0.015
BPP_50_75_0.1_0.8_0.C	26	0.600	10.760	0.016
BPP_50_75_0.1_0.8_0.C	26	0.800	10.880	0.015
BPP_50_75_0.1_0.8_0.C	27	0.200	10.920	0.015
BPP_50_75_0.1_0.8_0.C	26	0.800	10.880	0.016
BPP_50_75_0.1_0.8_0.C	27	0.200	10.920	0.016
BPP_50_75_0.1_0.8_0.C	26	0.600	10.760	0.015
BPP_50_75_0.1_0.8_0.C	26	0.600	10.760	0.016
BPP_50_75_0.1_0.8_0.C	26	0.800	10.880	0.016
BPP_50_75_0.1_0.8_1.C	29	1.600	12.560	0.017
BPP_50_75_0.1_0.8_1.C	29	1.600	12.560	0.016
BPP_50_75_0.1_0.8_1.C	29	1.600	12.560	0.017
BPP_50_75_0.1_0.8_1.C	29	1.600	12.560	0.017
BPP_50_75_0.1_0.8_1.C	29	1.600	12.560	0.017
BPP_50_75_0.1_0.8_1.C	29	1.600	12.560	0.017
BPP_50_75_0.1_0.8_1.C	29	1.600	12.560	0.017
BPP_50_75_0.1_0.8_1.C	29	1.600	12.560	0.017
BPP_50_75_0.1_0.8_1.C	29	1.600	12.560	0.016
BPP_50_75_0.1_0.8_1.C	29	1.600	12.560	0.017
BPP_50_75_0.1_0.8_2.C	23	1.800	10.280	0.014
BPP_50_75_0.1_0.8_2.C	23	1.800	10.280	0.015
BPP_50_75_0.1_0.8_2.C	23	1.800	10.280	0.014
BPP_50_75_0.1_0.8_2.C	23	1.800	10.280	0.015
BPP_50_75_0.1_0.8_2.C	23	1.600	10.160	0.014
BPP_50_75_0.1_0.8_2.C	23	1.800	10.280	0.014
BPP_50_75_0.1_0.8_2.C	23	1.800	10.280	0.014
BPP_50_75_0.1_0.8_2.C	23	1.800	10.280	0.015
BPP_50_75_0.1_0.8_2.C	23	1.800	10.280	0.015
BPP_50_75_0.1_0.8_2.C	23	1.800	10.280	0.014
BPP_50_75_0.1_0.8_3.C	23	7.200	13.520	0.015
BPP_50_75_0.1_0.8_3.C	24	6.400	13.440	0.015
BPP_50_75_0.1_0.8_3.C	24	6.400	13.440	0.015
BPP_50_75_0.1_0.8_3.C	23	7.000	13.400	0.015
BPP_50_75_0.1_0.8_3.C	23	7.000	13.400	0.015
BPP_50_75_0.1_0.8_3.C	23	7.000	13.400	0.015
BPP_50_75_0.1_0.8_3.C	23	7.000	13.400	0.015
BPP_50_75_0.1_0.8_3.C	23	7.000	13.400	0.015
BPP_50_75_0.1_0.8_3.C	24	6.400	13.440	0.015
BPP_50_75_0.1_0.8_3.C	23	7.000	13.400	0.015
BPP_50_75_0.1_0.8_4.C	29	5.600	14.960	0.017
BPP_50_75_0.1_0.8_4.C	29	5.600	14.960	0.017
BPP_50_75_0.1_0.8_4.C	29	5.600	14.960	0.017
BPP_50_75_0.1_0.8_4.C	29	5.600	14.960	0.017
BPP_50_75_0.1_0.8_4.C	29	5.600	14.960	0.017
BPP_50_75_0.1_0.8_4.C	29	5.600	14.960	0.017
BPP_50_75_0.1_0.8_4.C	29	5.600	14.960	0.017
BPP_50_75_0.1_0.8_4.C	29	5.600	14.960	0.017
BPP_50_75_0.1_0.8_4.C	29	5.600	14.960	0.017
BPP_50_75_0.1_0.8_4.C	29	5.600	14.960	0.017
BPP_50_75_0.1_0.8_5.C	27	1.400	11.640	0.015
BPP_50_75_0.1_0.8_5.C	27	1.400	11.640	0.015
BPP_50_75_0.1_0.8_5.C	26	1.800	11.480	0.015
BPP_50_75_0.1_0.8_5.C	26	1.800	11.480	0.016
BPP_50_75_0.1_0.8_5.C	26	1.800	11.480	0.015
BPP_50_75_0.1_0.8_5.C	26	1.800	11.480	0.016
BPP_50_75_0.1_0.8_5.C	26	1.800	11.480	0.016
BPP_50_75_0.1_0.8_5.C	26	1.800	11.480	0.016
BPP_50_75_0.1_0.8_5.C	26	1.800	11.480	0.016
BPP_50_75_0.1_0.8_5.C	26	1.800	11.480	0.015
BPP_50_75_0.1_0.8_6.C	22	1.000	9.400	0.014
BPP_50_75_0.1_0.8_6.C	22	1.000	9.400	0.014
BPP_50_75_0.1_0.8_6.C	22	1.000	9.400	0.014
BPP_50_75_0.1_0.8_6.C	22	1.000	9.400	0.014
BPP_50_75_0.1_0.8_6.C	22	1.000	9.400	0.014
BPP_50_75_0.1_0.8_6.C	22	1.000	9.400	0.014
BPP_50_75_0.1_0.8_6.C	22	1.000	9.400	0.014
BPP_50_75_0.1_0.8_6.C	22	1.000	9.400	0.014
BPP_50_75_0.1_0.8_6.C	22	1.000	9.400	0.014
BPP_50_75_0.1_0.8_6.C	22	1.000	9.400	0.014
BPP_50_75_0.1_0.8_7.C	23	0.400	9.440	0.013
BPP_50_75_0.1_0.8_7.C	23	0.400	9.440	0.014
BPP_50_75_0.1_0.8_7.C	23	0.400	9.440	0.014
BPP_50_75_0.1_0.8_7.C	23	0.400	9.440	0.014
BPP_50_75_0.1_0.8_7.C	22	0.800	9.280	0.014
BPP_50_75_0.1_0.8_7.C	22	0.600	9.160	0.014
BPP_50_75_0.1_0.8_7.C	23	0.400	9.440	0.014
BPP_50_75_0.1_0.8_7.C	22	0.800	9.280	0.014
BPP_50_75_0.1_0.8_7.C	23	0.400	9.440	0.013
BPP_50_75_0.1_0.8_7.C	22	1.000	9.400	0.014
BPP_50_75_0.1_0.8_8.C	21	0.600	8.760	0.013
BPP_50_75_0.1_0.8_8.C	21	0.600	8.760	0.014
BPP_50_75_0.1_0.8_8.C	21	0.600	8.760	0.013
BPP_50_75_0.1_0.8_8.C	21	0.600	8.760	0.013
BPP_50_75_0.1_0.8_8.C	21	0.600	8.760	0.013
BPP_50_75_0.1_0.8_8.C	21	0.600	8.760	0.013
BPP_50_75_0.1_0.8_8.C	21	0.600	8.760	0.013
BPP_50_75_0.1_0.8_8.C	21	0.600	8.760	0.013
BPP_50_75_0.1_0.8_8.C	21	0.600	8.760	0.014
BPP_50_75_0.1_0.8_8.C	21	0.600	8.760	0.013
BPP_50_75_0.1_0.8_9.C	27	1.600	11.760	0.016
BPP_50_75_0.1_0.8_9.C	27	1.600	11.760	0.016
BPP_50_75_0.1_0.8_9.C	27	1.600	11.760	0.016
BPP_50_75_0.1_0.8_9.C	27	1.800	11.880	0.016
BPP_50_75_0.1_0.8_9.C	27	1.600	11.760	0.016
BPP_50_75_0.1_0.8_9.C	27	1.400	11.640	0.016
BPP_50_75_0.1_0.8_9.C	27	1.600	11.760	0.016
BPP_50_75_0.1_0.8_9.C	27	1.600	11.760	0.016
BPP_50_75_0.1_0.8_9.C	27	1.600	11.760	0.016
BPP_50_75_0.1_0.8_9.C	27	1.600	11.760	0.016
