***************************************** BIN PACKING SOLUTION *****************************************
Parameters: alpha_1=0.4 alpha_2=0.6 t=0.2 s=1
-------------------------------------------------------------------------------------------------------------------------------------------------
INSTANCE 	 # OF BINS 	 SCHEDULING OBJECTIVE 	 BEST OBJECTIVE 	 RUNNING TIME
-------------------------------------------------------------------------------------------------------------------------------------------------
BPP_new_20_1000_1.C	13	4.000	7.600	0.011
BPP_new_20_1000_1.C	13	4.000	7.600	0.011
BPP_new_20_1000_1.C	13	4.000	7.600	0.011
BPP_new_20_1000_1.C	13	4.000	7.600	0.011
BPP_new_20_1000_1.C	13	4.000	7.600	0.011
BPP_new_20_1000_1.C	13	4.000	7.600	0.011
BPP_new_20_1000_1.C	13	4.000	7.600	0.011
BPP_new_20_1000_1.C	13	4.000	7.600	0.011
BPP_new_20_1000_1.C	13	4.000	7.600	0.011
BPP_new_20_1000_1.C	13	4.000	7.600	0.011
BPP_new_20_1000_10.C	9	1.000	4.200	0.016
BPP_new_20_1000_10.C	9	1.000	4.200	0.017
BPP_new_20_1000_10.C	9	1.000	4.200	0.017
BPP_new_20_1000_10.C	9	1.000	4.200	0.017
BPP_new_20_1000_10.C	9	1.000	4.200	0.016
BPP_new_20_1000_10.C	9	1.000	4.200	0.018
BPP_new_20_1000_10.C	9	1.000	4.200	0.017
BPP_new_20_1000_10.C	9	1.000	4.200	0.017
BPP_new_20_1000_10.C	9	1.000	4.200	0.017
BPP_new_20_1000_10.C	9	1.000	4.200	0.017
BPP_new_20_1000_2.C	11	2.800	6.080	0.021
BPP_new_20_1000_2.C	11	3.200	6.320	0.018
BPP_new_20_1000_2.C	11	3.000	6.200	0.019
BPP_new_20_1000_2.C	11	2.800	6.080	0.020
BPP_new_20_1000_2.C	10	3.800	6.280	0.019
BPP_new_20_1000_2.C	11	2.800	6.080	0.021
BPP_new_20_1000_2.C	11	3.200	6.320	0.012
BPP_new_20_1000_2.C	10	3.800	6.280	0.022
BPP_new_20_1000_2.C	11	2.800	6.080	0.019
BPP_new_20_1000_2.C	11	2.800	6.080	0.022
BPP_new_20_1000_3.C	13	5.000	8.200	0.021
BPP_new_20_1000_3.C	13	5.000	8.200	0.021
BPP_new_20_1000_3.C	13	5.000	8.200	0.020
BPP_new_20_1000_3.C	13	5.000	8.200	0.022
BPP_new_20_1000_3.C	13	5.000	8.200	0.019
BPP_new_20_1000_3.C	13	5.000	8.200	0.035
BPP_new_20_1000_3.C	13	5.000	8.200	0.020
BPP_new_20_1000_3.C	13	5.000	8.200	0.021
BPP_new_20_1000_3.C	13	5.000	8.200	0.021
BPP_new_20_1000_3.C	13	5.000	8.200	0.020
BPP_new_20_1000_4.C	8	2.400	4.640	0.016
BPP_new_20_1000_4.C	8	2.400	4.640	0.018
BPP_new_20_1000_4.C	8	2.400	4.640	0.012
BPP_new_20_1000_4.C	8	2.400	4.640	0.016
BPP_new_20_1000_4.C	8	2.400	4.640	0.012
BPP_new_20_1000_4.C	8	2.400	4.640	0.016
BPP_new_20_1000_4.C	8	2.400	4.640	0.016
BPP_new_20_1000_4.C	8	2.400	4.640	0.019
BPP_new_20_1000_4.C	8	2.400	4.640	0.016
BPP_new_20_1000_4.C	8	2.400	4.640	0.018
BPP_new_20_1000_5.C	10	1.800	5.080	0.018
BPP_new_20_1000_5.C	10	1.800	5.080	0.018
BPP_new_20_1000_5.C	10	1.600	4.960	0.019
BPP_new_20_1000_5.C	10	1.600	4.960	0.020
BPP_new_20_1000_5.C	10	2.000	5.200	0.019
BPP_new_20_1000_5.C	10	1.800	5.080	0.019
BPP_new_20_1000_5.C	10	1.400	4.840	0.018
BPP_new_20_1000_5.C	10	1.400	4.840	0.021
BPP_new_20_1000_5.C	10	1.600	4.960	0.018
BPP_new_20_1000_5.C	10	1.800	5.080	0.018
BPP_new_20_1000_6.C	11	1.800	5.480	0.017
BPP_new_20_1000_6.C	10	1.400	4.840	0.018
BPP_new_20_1000_6.C	10	1.600	4.960	0.019
BPP_new_20_1000_6.C	10	1.600	4.960	0.010
BPP_new_20_1000_6.C	11	1.800	5.480	0.024
BPP_new_20_1000_6.C	10	1.400	4.840	0.014
BPP_new_20_1000_6.C	10	1.400	4.840	0.011
BPP_new_20_1000_6.C	11	1.800	5.480	0.021
BPP_new_20_1000_6.C	11	1.200	5.120	0.017
BPP_new_20_1000_6.C	10	1.400	4.840	0.017
BPP_new_20_1000_7.C	10	1.000	4.600	0.017
BPP_new_20_1000_7.C	10	1.000	4.600	0.017
BPP_new_20_1000_7.C	10	1.000	4.600	0.017
BPP_new_20_1000_7.C	10	1.000	4.600	0.018
BPP_new_20_1000_7.C	10	1.000	4.600	0.010
BPP_new_20_1000_7.C	10	1.000	4.600	0.010
BPP_new_20_1000_7.C	10	1.000	4.600	0.010
BPP_new_20_1000_7.C	10	1.000	4.600	0.010
BPP_new_20_1000_7.C	10	1.000	4.600	0.010
BPP_new_20_1000_7.C	10	1.000	4.600	0.011
BPP_new_20_1000_8.C	10	4.000	6.400	0.010
BPP_new_20_1000_8.C	10	4.000	6.400	0.010
BPP_new_20_1000_8.C	10	4.000	6.400	0.010
BPP_new_20_1000_8.C	9	4.000	6.000	0.010
BPP_new_20_1000_8.C	10	4.000	6.400	0.010
BPP_new_20_1000_8.C	10	4.000	6.400	0.010
BPP_new_20_1000_8.C	9	3.800	5.880	0.010
BPP_new_20_1000_8.C	10	4.000	6.400	0.010
BPP_new_20_1000_8.C	10	4.000	6.400	0.010
BPP_new_20_1000_8.C	9	4.000	6.000	0.010
BPP_new_20_1000_9.C	13	3.000	7.000	0.011
BPP_new_20_1000_9.C	13	3.000	7.000	0.012
BPP_new_20_1000_9.C	13	3.000	7.000	0.012
BPP_new_20_1000_9.C	13	3.000	7.000	0.012
BPP_new_20_1000_9.C	13	3.000	7.000	0.012
BPP_new_20_1000_9.C	13	3.000	7.000	0.012
BPP_new_20_1000_9.C	13	3.000	7.000	0.012
BPP_new_20_1000_9.C	13	3.000	7.000	0.012
BPP_new_20_1000_9.C	13	3.000	7.000	0.012
BPP_new_20_1000_9.C	13	3.000	7.000	0.012
BPP_new_20_100_1.C	11	3.600	6.560	0.012
BPP_new_20_100_1.C	11	3.800	6.680	0.012
BPP_new_20_100_1.C	11	3.600	6.560	0.012
BPP_new_20_100_1.C	11	3.600	6.560	0.011
BPP_new_20_100_1.C	11	3.800	6.680	0.011
BPP_new_20_100_1.C	11	3.600	6.560	0.011
BPP_new_20_100_1.C	11	4.200	6.920	0.011
BPP_new_20_100_1.C	11	3.600	6.560	0.012
BPP_new_20_100_1.C	11	3.600	6.560	0.011
BPP_new_20_100_1.C	11	3.600	6.560	0.011
BPP_new_20_100_10.C	9	2.400	5.040	0.010
BPP_new_20_100_10.C	9	2.400	5.040	0.010
BPP_new_20_100_10.C	9	2.400	5.040	0.010
BPP_new_20_100_10.C	9	2.400	5.040	0.010
BPP_new_20_100_10.C	9	2.400	5.040	0.010
BPP_new_20_100_10.C	9	2.400	5.040	0.010
BPP_new_20_100_10.C	9	2.400	5.040	0.010
BPP_new_20_100_10.C	9	2.400	5.040	0.010
BPP_new_20_100_10.C	9	2.400	5.040	0.010
BPP_new_20_100_10.C	9	2.400	5.040	0.010
BPP_new_20_100_2.C	13	3.000	7.000	0.011
BPP_new_20_100_2.C	13	3.000	7.000	0.011
BPP_new_20_100_2.C	13	3.000	7.000	0.011
BPP_new_20_100_2.C	13	3.000	7.000	0.011
BPP_new_20_100_2.C	13	3.000	7.000	0.012
BPP_new_20_100_2.C	13	3.000	7.000	0.011
BPP_new_20_100_2.C	13	3.000	7.000	0.011
BPP_new_20_100_2.C	13	3.000	7.000	0.012
BPP_new_20_100_2.C	13	3.000	7.000	0.012
BPP_new_20_100_2.C	13	3.000	7.000	0.011
BPP_new_20_100_3.C	8	0.200	3.320	0.008
BPP_new_20_100_3.C	8	0.200	3.320	0.008
BPP_new_20_100_3.C	8	0.200	3.320	0.008
BPP_new_20_100_3.C	8	0.200	3.320	0.008
BPP_new_20_100_3.C	8	0.200	3.320	0.008
BPP_new_20_100_3.C	8	0.200	3.320	0.008
BPP_new_20_100_3.C	8	0.200	3.320	0.008
BPP_new_20_100_3.C	8	0.200	3.320	0.009
BPP_new_20_100_3.C	8	0.200	3.320	0.009
BPP_new_20_100_3.C	8	0.200	3.320	0.008
BPP_new_20_100_4.C	10	2.200	5.320	0.010
BPP_new_20_100_4.C	10	2.200	5.320	0.010
BPP_new_20_100_4.C	10	2.200	5.320	0.010
BPP_new_20_100_4.C	10	2.200	5.320	0.010
BPP_new_20_100_4.C	10	2.200	5.320	0.010
BPP_new_20_100_4.C	10	2.200	5.320	0.010
BPP_new_20_100_4.C	10	2.200	5.320	0.010
BPP_new_20_100_4.C	10	2.200	5.320	0.010
BPP_new_20_100_4.C	10	2.200	5.320	0.010
BPP_new_20_100_4.C	10	2.200	5.320	0.010
BPP_new_20_100_5.C	11	2.400	5.840	0.012
BPP_new_20_100_5.C	11	2.400	5.840	0.012
BPP_new_20_100_5.C	11	2.400	5.840	0.011
BPP_new_20_100_5.C	11	2.400	5.840	0.012
BPP_new_20_100_5.C	11	2.400	5.840	0.012
BPP_new_20_100_5.C	11	2.400	5.840	0.012
BPP_new_20_100_5.C	11	2.400	5.840	0.011
BPP_new_20_100_5.C	11	2.400	5.840	0.012
BPP_new_20_100_5.C	11	2.400	5.840	0.011
BPP_new_20_100_5.C	11	2.400	5.840	0.012
BPP_new_20_100_6.C	8	1.800	4.280	0.009
BPP_new_20_100_6.C	8	1.600	4.160	0.009
BPP_new_20_100_6.C	8	1.600	4.160	0.009
BPP_new_20_100_6.C	8	1.600	4.160	0.009
BPP_new_20_100_6.C	8	1.600	4.160	0.009
BPP_new_20_100_6.C	8	1.600	4.160	0.009
BPP_new_20_100_6.C	8	1.600	4.160	0.009
BPP_new_20_100_6.C	8	1.600	4.160	0.009
BPP_new_20_100_6.C	8	1.600	4.160	0.009
BPP_new_20_100_6.C	8	1.600	4.160	0.009
BPP_new_20_100_7.C	8	0.800	3.680	0.009
BPP_new_20_100_7.C	8	0.800	3.680	0.009
BPP_new_20_100_7.C	8	0.800	3.680	0.009
BPP_new_20_100_7.C	8	0.800	3.680	0.009
BPP_new_20_100_7.C	8	0.800	3.680	0.009
BPP_new_20_100_7.C	8	0.800	3.680	0.009
BPP_new_20_100_7.C	8	0.800	3.680	0.009
BPP_new_20_100_7.C	8	0.800	3.680	0.009
BPP_new_20_100_7.C	8	0.800	3.680	0.009
BPP_new_20_100_7.C	8	0.800	3.680	0.009
BPP_new_20_100_8.C	11	3.200	6.320	0.011
BPP_new_20_100_8.C	11	3.200	6.320	0.011
BPP_new_20_100_8.C	11	3.200	6.320	0.011
BPP_new_20_100_8.C	11	3.200	6.320	0.012
BPP_new_20_100_8.C	11	3.200	6.320	0.011
BPP_new_20_100_8.C	11	3.200	6.320	0.011
BPP_new_20_100_8.C	11	3.200	6.320	0.011
BPP_new_20_100_8.C	11	3.200	6.320	0.011
BPP_new_20_100_8.C	11	3.200	6.320	0.011
BPP_new_20_100_8.C	11	3.200	6.320	0.011
BPP_new_20_100_9.C	14	3.000	7.400	0.012
BPP_new_20_100_9.C	14	3.000	7.400	0.012
BPP_new_20_100_9.C	14	3.000	7.400	0.012
BPP_new_20_100_9.C	14	3.000	7.400	0.012
BPP_new_20_100_9.C	14	3.000	7.400	0.012
BPP_new_20_100_9.C	14	3.000	7.400	0.012
BPP_new_20_100_9.C	14	3.000	7.400	0.012
BPP_new_20_100_9.C	14	3.000	7.400	0.012
BPP_new_20_100_9.C	14	3.000	7.400	0.012
BPP_new_20_100_9.C	14	3.000	7.400	0.012
BPP_new_20_120_1.C	10	1.800	5.080	0.010
BPP_new_20_120_1.C	10	1.800	5.080	0.010
BPP_new_20_120_1.C	10	1.800	5.080	0.010
BPP_new_20_120_1.C	10	1.800	5.080	0.010
BPP_new_20_120_1.C	11	1.600	5.360	0.010
BPP_new_20_120_1.C	10	2.000	5.200	0.010
BPP_new_20_120_1.C	10	1.800	5.080	0.010
BPP_new_20_120_1.C	10	1.800	5.080	0.010
BPP_new_20_120_1.C	11	1.400	5.240	0.010
BPP_new_20_120_1.C	10	1.800	5.080	0.010
BPP_new_20_120_10.C	15	4.200	8.520	0.012
BPP_new_20_120_10.C	15	4.200	8.520	0.012
BPP_new_20_120_10.C	15	4.200	8.520	0.012
BPP_new_20_120_10.C	15	4.200	8.520	0.012
BPP_new_20_120_10.C	15	4.200	8.520	0.012
BPP_new_20_120_10.C	15	4.200	8.520	0.012
BPP_new_20_120_10.C	15	4.200	8.520	0.012
BPP_new_20_120_10.C	15	4.200	8.520	0.012
BPP_new_20_120_10.C	15	4.200	8.520	0.012
BPP_new_20_120_10.C	15	4.200	8.520	0.012
BPP_new_20_120_2.C	10	3.000	5.800	0.010
BPP_new_20_120_2.C	10	3.000	5.800	0.010
BPP_new_20_120_2.C	10	2.800	5.680	0.011
BPP_new_20_120_2.C	10	2.800	5.680	0.010
BPP_new_20_120_2.C	10	2.800	5.680	0.010
BPP_new_20_120_2.C	10	3.000	5.800	0.010
BPP_new_20_120_2.C	10	2.800	5.680	0.010
BPP_new_20_120_2.C	10	3.000	5.800	0.010
BPP_new_20_120_2.C	10	2.800	5.680	0.010
BPP_new_20_120_2.C	10	3.000	5.800	0.010
BPP_new_20_120_3.C	11	3.800	6.680	0.011
BPP_new_20_120_3.C	11	3.800	6.680	0.011
BPP_new_20_120_3.C	11	2.800	6.080	0.011
BPP_new_20_120_3.C	11	3.400	6.440	0.011
BPP_new_20_120_3.C	11	3.600	6.560	0.011
BPP_new_20_120_3.C	11	3.800	6.680	0.011
BPP_new_20_120_3.C	11	3.000	6.200	0.011
BPP_new_20_120_3.C	11	3.800	6.680	0.011
BPP_new_20_120_3.C	11	3.000	6.200	0.011
BPP_new_20_120_3.C	11	3.800	6.680	0.011
BPP_new_20_120_4.C	11	2.600	5.960	0.011
BPP_new_20_120_4.C	11	2.600	5.960	0.011
BPP_new_20_120_4.C	11	2.600	5.960	0.012
BPP_new_20_120_4.C	11	2.600	5.960	0.012
BPP_new_20_120_4.C	11	2.600	5.960	0.011
BPP_new_20_120_4.C	11	2.600	5.960	0.011
BPP_new_20_120_4.C	11	2.600	5.960	0.011
BPP_new_20_120_4.C	11	2.600	5.960	0.011
BPP_new_20_120_4.C	11	2.800	6.080	0.011
BPP_new_20_120_4.C	11	2.800	6.080	0.011
BPP_new_20_120_5.C	11	2.000	5.600	0.011
BPP_new_20_120_5.C	11	2.000	5.600	0.011
BPP_new_20_120_5.C	11	2.000	5.600	0.011
BPP_new_20_120_5.C	11	2.000	5.600	0.011
BPP_new_20_120_5.C	11	2.000	5.600	0.011
BPP_new_20_120_5.C	11	2.000	5.600	0.011
BPP_new_20_120_5.C	11	2.000	5.600	0.011
BPP_new_20_120_5.C	11	2.000	5.600	0.011
BPP_new_20_120_5.C	11	2.000	5.600	0.011
BPP_new_20_120_5.C	11	2.000	5.600	0.011
BPP_new_20_120_6.C	9	0.800	4.080	0.009
BPP_new_20_120_6.C	9	0.800	4.080	0.010
BPP_new_20_120_6.C	9	0.800	4.080	0.010
BPP_new_20_120_6.C	9	0.800	4.080	0.009
BPP_new_20_120_6.C	9	0.800	4.080	0.009
BPP_new_20_120_6.C	9	0.800	4.080	0.009
BPP_new_20_120_6.C	9	0.800	4.080	0.010
BPP_new_20_120_6.C	9	0.800	4.080	0.009
BPP_new_20_120_6.C	9	0.800	4.080	0.009
BPP_new_20_120_6.C	9	0.800	4.080	0.009
BPP_new_20_120_7.C	10	0.600	4.360	0.010
BPP_new_20_120_7.C	11	1.000	5.000	0.010
BPP_new_20_120_7.C	11	1.000	5.000	0.010
BPP_new_20_120_7.C	10	0.800	4.480	0.010
BPP_new_20_120_7.C	10	0.800	4.480	0.010
BPP_new_20_120_7.C	10	1.200	4.720	0.010
BPP_new_20_120_7.C	10	1.200	4.720	0.010
BPP_new_20_120_7.C	10	0.800	4.480	0.010
BPP_new_20_120_7.C	10	0.800	4.480	0.010
BPP_new_20_120_7.C	10	1.200	4.720	0.010
BPP_new_20_120_8.C	11	5.000	7.400	0.011
BPP_new_20_120_8.C	11	5.000	7.400	0.011
BPP_new_20_120_8.C	11	5.000	7.400	0.011
BPP_new_20_120_8.C	11	5.000	7.400	0.011
BPP_new_20_120_8.C	11	5.000	7.400	0.011
BPP_new_20_120_8.C	11	5.000	7.400	0.012
BPP_new_20_120_8.C	11	5.000	7.400	0.011
BPP_new_20_120_8.C	11	5.000	7.400	0.011
BPP_new_20_120_8.C	11	5.000	7.400	0.011
BPP_new_20_120_8.C	11	5.000	7.400	0.012
BPP_new_20_120_9.C	13	2.400	6.640	0.012
BPP_new_20_120_9.C	13	2.400	6.640	0.012
BPP_new_20_120_9.C	13	2.400	6.640	0.013
BPP_new_20_120_9.C	13	2.400	6.640	0.012
BPP_new_20_120_9.C	13	2.400	6.640	0.012
BPP_new_20_120_9.C	13	2.400	6.640	0.012
BPP_new_20_120_9.C	13	2.400	6.640	0.012
BPP_new_20_120_9.C	13	2.400	6.640	0.012
BPP_new_20_120_9.C	13	2.400	6.640	0.013
BPP_new_20_120_9.C	13	2.400	6.640	0.012
BPP_new_20_125_1.C	11	5.200	7.520	0.011
BPP_new_20_125_1.C	11	5.200	7.520	0.012
BPP_new_20_125_1.C	11	5.200	7.520	0.012
BPP_new_20_125_1.C	11	5.200	7.520	0.013
BPP_new_20_125_1.C	11	5.200	7.520	0.012
BPP_new_20_125_1.C	11	5.200	7.520	0.011
BPP_new_20_125_1.C	11	5.200	7.520	0.013
BPP_new_20_125_1.C	11	5.200	7.520	0.012
BPP_new_20_125_1.C	11	5.400	7.640	0.011
BPP_new_20_125_1.C	11	5.200	7.520	0.012
BPP_new_20_125_10.C	10	1.000	4.600	0.011
BPP_new_20_125_10.C	9	1.000	4.200	0.010
BPP_new_20_125_10.C	9	1.000	4.200	0.010
BPP_new_20_125_10.C	10	1.000	4.600	0.011
BPP_new_20_125_10.C	9	1.600	4.560	0.011
BPP_new_20_125_10.C	9	1.000	4.200	0.010
BPP_new_20_125_10.C	9	1.600	4.560	0.010
BPP_new_20_125_10.C	9	1.400	4.440	0.011
BPP_new_20_125_10.C	9	1.600	4.560	0.011
BPP_new_20_125_10.C	10	1.000	4.600	0.010
BPP_new_20_125_2.C	8	2.400	4.640	0.009
BPP_new_20_125_2.C	8	2.400	4.640	0.009
BPP_new_20_125_2.C	8	2.400	4.640	0.009
BPP_new_20_125_2.C	8	2.600	4.760	0.009
BPP_new_20_125_2.C	8	2.400	4.640	0.009
BPP_new_20_125_2.C	8	2.400	4.640	0.009
BPP_new_20_125_2.C	8	2.200	4.520	0.009
BPP_new_20_125_2.C	8	2.400	4.640	0.008
BPP_new_20_125_2.C	8	2.200	4.520	0.008
BPP_new_20_125_2.C	8	2.200	4.520	0.008
BPP_new_20_125_3.C	10	1.000	4.600	0.010
BPP_new_20_125_3.C	10	1.000	4.600	0.010
BPP_new_20_125_3.C	10	1.000	4.600	0.010
BPP_new_20_125_3.C	10	1.000	4.600	0.010
BPP_new_20_125_3.C	10	1.000	4.600	0.010
BPP_new_20_125_3.C	10	1.000	4.600	0.010
BPP_new_20_125_3.C	10	1.000	4.600	0.010
BPP_new_20_125_3.C	10	1.000	4.600	0.010
BPP_new_20_125_3.C	10	1.000	4.600	0.010
BPP_new_20_125_3.C	10	1.000	4.600	0.010
BPP_new_20_125_4.C	11	2.000	5.600	0.011
BPP_new_20_125_4.C	11	2.000	5.600	0.011
BPP_new_20_125_4.C	11	2.000	5.600	0.011
BPP_new_20_125_4.C	11	2.000	5.600	0.011
BPP_new_20_125_4.C	11	2.000	5.600	0.012
BPP_new_20_125_4.C	11	2.000	5.600	0.011
BPP_new_20_125_4.C	11	2.000	5.600	0.011
BPP_new_20_125_4.C	11	2.600	5.960	0.011
BPP_new_20_125_4.C	11	2.000	5.600	0.011
BPP_new_20_125_4.C	11	2.000	5.600	0.012
BPP_new_20_125_5.C	13	4.000	7.600	0.011
BPP_new_20_125_5.C	13	4.000	7.600	0.012
BPP_new_20_125_5.C	13	4.000	7.600	0.012
BPP_new_20_125_5.C	13	4.000	7.600	0.012
BPP_new_20_125_5.C	13	4.000	7.600	0.012
BPP_new_20_125_5.C	13	4.000	7.600	0.012
BPP_new_20_125_5.C	13	4.000	7.600	0.011
BPP_new_20_125_5.C	13	4.000	7.600	0.012
BPP_new_20_125_5.C	13	4.000	7.600	0.011
BPP_new_20_125_5.C	13	4.000	7.600	0.012
BPP_new_20_125_6.C	11	4.600	7.160	0.012
BPP_new_20_125_6.C	11	4.600	7.160	0.012
BPP_new_20_125_6.C	11	4.600	7.160	0.011
BPP_new_20_125_6.C	11	4.600	7.160	0.011
BPP_new_20_125_6.C	11	4.600	7.160	0.012
BPP_new_20_125_6.C	11	4.600	7.160	0.011
BPP_new_20_125_6.C	11	4.600	7.160	0.011
BPP_new_20_125_6.C	11	4.600	7.160	0.012
BPP_new_20_125_6.C	11	4.600	7.160	0.012
BPP_new_20_125_6.C	11	4.600	7.160	0.011
BPP_new_20_125_7.C	11	4.000	6.800	0.011
BPP_new_20_125_7.C	11	4.000	6.800	0.011
BPP_new_20_125_7.C	11	4.000	6.800	0.011
BPP_new_20_125_7.C	11	4.000	6.800	0.012
BPP_new_20_125_7.C	11	4.000	6.800	0.011
BPP_new_20_125_7.C	11	4.000	6.800	0.011
BPP_new_20_125_7.C	11	4.000	6.800	0.011
BPP_new_20_125_7.C	11	4.000	6.800	0.012
BPP_new_20_125_7.C	11	4.000	6.800	0.011
BPP_new_20_125_7.C	11	4.000	6.800	0.011
BPP_new_20_125_8.C	10	3.800	6.280	0.010
BPP_new_20_125_8.C	10	3.800	6.280	0.010
BPP_new_20_125_8.C	10	3.800	6.280	0.010
BPP_new_20_125_8.C	10	3.800	6.280	0.010
BPP_new_20_125_8.C	10	3.800	6.280	0.010
BPP_new_20_125_8.C	10	3.800	6.280	0.010
BPP_new_20_125_8.C	10	3.600	6.160	0.010
BPP_new_20_125_8.C	10	3.400	6.040	0.010
BPP_new_20_125_8.C	10	4.200	6.520	0.010
BPP_new_20_125_8.C	10	3.800	6.280	0.010
BPP_new_20_125_9.C	10	1.200	4.720	0.010
BPP_new_20_125_9.C	10	1.200	4.720	0.011
BPP_new_20_125_9.C	10	1.400	4.840	0.011
BPP_new_20_125_9.C	10	1.200	4.720	0.010
BPP_new_20_125_9.C	10	1.200	4.720	0.011
BPP_new_20_125_9.C	10	1.200	4.720	0.010
BPP_new_20_125_9.C	10	1.200	4.720	0.010
BPP_new_20_125_9.C	10	1.200	4.720	0.011
BPP_new_20_125_9.C	10	1.200	4.720	0.010
BPP_new_20_125_9.C	10	1.200	4.720	0.011
BPP_new_20_150_1.C	9	0.200	3.720	0.009
BPP_new_20_150_1.C	9	0.200	3.720	0.009
BPP_new_20_150_1.C	9	0.200	3.720	0.010
BPP_new_20_150_1.C	9	0.200	3.720	0.010
BPP_new_20_150_1.C	9	0.200	3.720	0.010
BPP_new_20_150_1.C	9	0.400	3.840	0.009
BPP_new_20_150_1.C	9	0.400	3.840	0.009
BPP_new_20_150_1.C	9	0.400	3.840	0.009
BPP_new_20_150_1.C	9	0.200	3.720	0.009
BPP_new_20_150_1.C	9	0.400	3.840	0.010
BPP_new_20_150_10.C	10	1.800	5.080	0.010
BPP_new_20_150_10.C	10	1.800	5.080	0.010
BPP_new_20_150_10.C	10	1.800	5.080	0.010
BPP_new_20_150_10.C	10	1.800	5.080	0.010
BPP_new_20_150_10.C	10	1.800	5.080	0.011
BPP_new_20_150_10.C	10	1.800	5.080	0.009
BPP_new_20_150_10.C	10	1.800	5.080	0.010
BPP_new_20_150_10.C	10	1.800	5.080	0.011
BPP_new_20_150_10.C	10	1.800	5.080	0.010
BPP_new_20_150_10.C	10	1.800	5.080	0.010
BPP_new_20_150_2.C	10	1.400	4.840	0.010
BPP_new_20_150_2.C	10	1.400	4.840	0.010
BPP_new_20_150_2.C	10	1.400	4.840	0.010
BPP_new_20_150_2.C	10	1.400	4.840	0.010
BPP_new_20_150_2.C	10	1.600	4.960	0.010
BPP_new_20_150_2.C	10	1.400	4.840	0.010
BPP_new_20_150_2.C	10	1.800	5.080	0.010
BPP_new_20_150_2.C	10	1.600	4.960	0.010
BPP_new_20_150_2.C	10	1.400	4.840	0.010
BPP_new_20_150_2.C	10	1.400	4.840	0.010
BPP_new_20_150_3.C	9	3.200	5.520	0.010
BPP_new_20_150_3.C	9	3.400	5.640	0.011
BPP_new_20_150_3.C	9	3.400	5.640	0.010
BPP_new_20_150_3.C	9	3.200	5.520	0.010
BPP_new_20_150_3.C	9	3.200	5.520	0.010
BPP_new_20_150_3.C	9	3.600	5.760	0.010
BPP_new_20_150_3.C	9	3.200	5.520	0.010
BPP_new_20_150_3.C	9	3.200	5.520	0.010
BPP_new_20_150_3.C	9	3.200	5.520	0.010
BPP_new_20_150_3.C	9	3.200	5.520	0.010
BPP_new_20_150_4.C	8	2.800	4.880	0.010
BPP_new_20_150_4.C	9	2.200	4.920	0.010
BPP_new_20_150_4.C	8	2.800	4.880	0.010
BPP_new_20_150_4.C	8	2.800	4.880	0.010
BPP_new_20_150_4.C	8	3.000	5.000	0.010
BPP_new_20_150_4.C	8	2.800	4.880	0.010
BPP_new_20_150_4.C	8	2.800	4.880	0.009
BPP_new_20_150_4.C	9	2.200	4.920	0.010
BPP_new_20_150_4.C	8	2.800	4.880	0.010
BPP_new_20_150_4.C	9	2.400	5.040	0.011
BPP_new_20_150_5.C	11	1.000	5.000	0.011
BPP_new_20_150_5.C	11	1.000	5.000	0.012
BPP_new_20_150_5.C	11	1.000	5.000	0.011
BPP_new_20_150_5.C	11	1.000	5.000	0.012
BPP_new_20_150_5.C	11	1.000	5.000	0.011
BPP_new_20_150_5.C	11	1.000	5.000	0.012
BPP_new_20_150_5.C	11	1.000	5.000	0.012
BPP_new_20_150_5.C	11	1.000	5.000	0.011
BPP_new_20_150_5.C	11	1.000	5.000	0.011
BPP_new_20_150_5.C	11	1.000	5.000	0.012
BPP_new_20_150_6.C	10	4.000	6.400	0.010
BPP_new_20_150_6.C	10	4.000	6.400	0.010
BPP_new_20_150_6.C	10	4.000	6.400	0.011
BPP_new_20_150_6.C	10	4.000	6.400	0.010
BPP_new_20_150_6.C	10	4.000	6.400	0.010
BPP_new_20_150_6.C	10	4.000	6.400	0.010
BPP_new_20_150_6.C	10	4.000	6.400	0.011
BPP_new_20_150_6.C	10	4.000	6.400	0.010
BPP_new_20_150_6.C	10	4.000	6.400	0.010
BPP_new_20_150_6.C	10	4.000	6.400	0.010
BPP_new_20_150_7.C	12	2.000	6.000	0.012
BPP_new_20_150_7.C	12	2.000	6.000	0.011
BPP_new_20_150_7.C	12	2.000	6.000	0.011
BPP_new_20_150_7.C	12	2.000	6.000	0.012
BPP_new_20_150_7.C	12	2.000	6.000	0.011
BPP_new_20_150_7.C	12	2.000	6.000	0.011
BPP_new_20_150_7.C	12	2.000	6.000	0.011
BPP_new_20_150_7.C	12	2.000	6.000	0.011
BPP_new_20_150_7.C	12	2.000	6.000	0.011
BPP_new_20_150_7.C	12	2.000	6.000	0.011
BPP_new_20_150_8.C	8	3.400	5.240	0.010
BPP_new_20_150_8.C	8	3.400	5.240	0.010
BPP_new_20_150_8.C	8	3.200	5.120	0.010
BPP_new_20_150_8.C	8	3.600	5.360	0.010
BPP_new_20_150_8.C	8	4.200	5.720	0.010
BPP_new_20_150_8.C	8	3.400	5.240	0.009
BPP_new_20_150_8.C	9	3.600	5.760	0.009
BPP_new_20_150_8.C	9	3.600	5.760	0.010
BPP_new_20_150_8.C	9	3.600	5.760	0.010
BPP_new_20_150_8.C	8	3.400	5.240	0.010
BPP_new_20_150_9.C	14	3.000	7.400	0.013
BPP_new_20_150_9.C	14	3.000	7.400	0.012
BPP_new_20_150_9.C	14	3.000	7.400	0.012
BPP_new_20_150_9.C	14	3.000	7.400	0.012
BPP_new_20_150_9.C	14	3.000	7.400	0.012
BPP_new_20_150_9.C	14	3.000	7.400	0.012
BPP_new_20_150_9.C	14	3.000	7.400	0.012
BPP_new_20_150_9.C	14	3.000	7.400	0.013
BPP_new_20_150_9.C	14	3.000	7.400	0.012
BPP_new_20_150_9.C	14	3.000	7.400	0.012
BPP_new_20_200_1.C	8	2.800	4.880	0.009
BPP_new_20_200_1.C	8	2.800	4.880	0.009
BPP_new_20_200_1.C	8	2.800	4.880	0.009
BPP_new_20_200_1.C	8	2.800	4.880	0.008
BPP_new_20_200_1.C	8	2.800	4.880	0.008
BPP_new_20_200_1.C	8	2.800	4.880	0.008
BPP_new_20_200_1.C	8	2.800	4.880	0.009
BPP_new_20_200_1.C	8	2.800	4.880	0.009
BPP_new_20_200_1.C	8	2.800	4.880	0.009
BPP_new_20_200_1.C	8	2.800	4.880	0.009
BPP_new_20_200_10.C	12	5.000	7.800	0.012
BPP_new_20_200_10.C	12	5.000	7.800	0.012
BPP_new_20_200_10.C	12	5.000	7.800	0.011
BPP_new_20_200_10.C	12	5.000	7.800	0.012
BPP_new_20_200_10.C	12	5.000	7.800	0.012
BPP_new_20_200_10.C	12	5.000	7.800	0.012
BPP_new_20_200_10.C	12	5.000	7.800	0.012
BPP_new_20_200_10.C	12	5.000	7.800	0.012
BPP_new_20_200_10.C	12	5.000	7.800	0.012
BPP_new_20_200_10.C	12	5.000	7.800	0.012
BPP_new_20_200_2.C	12	4.800	7.680	0.012
BPP_new_20_200_2.C	12	4.800	7.680	0.012
BPP_new_20_200_2.C	12	4.800	7.680	0.012
BPP_new_20_200_2.C	12	4.800	7.680	0.012
BPP_new_20_200_2.C	12	4.800	7.680	0.012
BPP_new_20_200_2.C	12	4.800	7.680	0.012
BPP_new_20_200_2.C	12	4.800	7.680	0.012
BPP_new_20_200_2.C	12	4.800	7.680	0.013
BPP_new_20_200_2.C	12	4.800	7.680	0.012
BPP_new_20_200_2.C	12	4.800	7.680	0.012
BPP_new_20_200_3.C	13	2.000	6.400	0.012
BPP_new_20_200_3.C	13	2.000	6.400	0.012
BPP_new_20_200_3.C	13	2.000	6.400	0.013
BPP_new_20_200_3.C	13	2.000	6.400	0.012
BPP_new_20_200_3.C	13	2.000	6.400	0.012
BPP_new_20_200_3.C	13	2.000	6.400	0.012
BPP_new_20_200_3.C	13	2.000	6.400	0.012
BPP_new_20_200_3.C	13	2.000	6.400	0.012
BPP_new_20_200_3.C	13	2.000	6.400	0.012
BPP_new_20_200_3.C	13	2.000	6.400	0.013
BPP_new_20_200_4.C	9	4.000	6.000	0.011
BPP_new_20_200_4.C	9	4.000	6.000	0.009
BPP_new_20_200_4.C	9	4.200	6.120	0.010
BPP_new_20_200_4.C	9	4.000	6.000	0.010
BPP_new_20_200_4.C	9	4.000	6.000	0.010
BPP_new_20_200_4.C	9	4.000	6.000	0.010
BPP_new_20_200_4.C	9	4.000	6.000	0.010
BPP_new_20_200_4.C	9	4.000	6.000	0.010
BPP_new_20_200_4.C	9	4.000	6.000	0.010
BPP_new_20_200_4.C	9	4.000	6.000	0.010
BPP_new_20_200_5.C	11	4.000	6.800	0.011
BPP_new_20_200_5.C	11	4.000	6.800	0.011
BPP_new_20_200_5.C	11	4.000	6.800	0.011
BPP_new_20_200_5.C	11	4.000	6.800	0.011
BPP_new_20_200_5.C	11	4.000	6.800	0.011
BPP_new_20_200_5.C	11	4.000	6.800	0.010
BPP_new_20_200_5.C	11	4.000	6.800	0.010
BPP_new_20_200_5.C	11	4.000	6.800	0.010
BPP_new_20_200_5.C	11	4.000	6.800	0.011
BPP_new_20_200_5.C	11	4.000	6.800	0.011
BPP_new_20_200_6.C	8	3.400	5.240	0.009
BPP_new_20_200_6.C	8	3.400	5.240	0.009
BPP_new_20_200_6.C	8	3.400	5.240	0.009
BPP_new_20_200_6.C	8	3.400	5.240	0.009
BPP_new_20_200_6.C	8	3.400	5.240	0.010
BPP_new_20_200_6.C	8	3.400	5.240	0.010
BPP_new_20_200_6.C	8	3.400	5.240	0.010
BPP_new_20_200_6.C	8	3.400	5.240	0.009
BPP_new_20_200_6.C	8	3.400	5.240	0.009
BPP_new_20_200_6.C	8	3.400	5.240	0.010
BPP_new_20_200_7.C	12	3.400	6.840	0.011
BPP_new_20_200_7.C	12	3.400	6.840	0.011
BPP_new_20_200_7.C	12	3.400	6.840	0.011
BPP_new_20_200_7.C	12	3.400	6.840	0.011
BPP_new_20_200_7.C	12	3.400	6.840	0.011
BPP_new_20_200_7.C	12	3.400	6.840	0.012
BPP_new_20_200_7.C	12	3.400	6.840	0.012
BPP_new_20_200_7.C	12	3.400	6.840	0.011
BPP_new_20_200_7.C	12	3.400	6.840	0.012
BPP_new_20_200_7.C	12	3.400	6.840	0.011
BPP_new_20_200_8.C	10	3.000	5.800	0.011
BPP_new_20_200_8.C	10	3.200	5.920	0.011
BPP_new_20_200_8.C	10	3.200	5.920	0.010
BPP_new_20_200_8.C	11	2.600	5.960	0.011
BPP_new_20_200_8.C	10	3.000	5.800	0.011
BPP_new_20_200_8.C	10	3.200	5.920	0.010
BPP_new_20_200_8.C	10	3.000	5.800	0.010
BPP_new_20_200_8.C	10	3.200	5.920	0.010
BPP_new_20_200_8.C	10	3.000	5.800	0.010
BPP_new_20_200_8.C	10	3.000	5.800	0.011
BPP_new_20_200_9.C	9	1.200	4.320	0.009
BPP_new_20_200_9.C	9	1.200	4.320	0.009
BPP_new_20_200_9.C	9	1.200	4.320	0.009
BPP_new_20_200_9.C	9	1.200	4.320	0.010
BPP_new_20_200_9.C	9	1.200	4.320	0.010
BPP_new_20_200_9.C	9	1.200	4.320	0.009
BPP_new_20_200_9.C	9	1.400	4.440	0.010
BPP_new_20_200_9.C	9	1.200	4.320	0.010
BPP_new_20_200_9.C	9	1.200	4.320	0.010
BPP_new_20_200_9.C	9	1.200	4.320	0.010
BPP_new_20_300_1.C	8	2.400	4.640	0.009
BPP_new_20_300_1.C	8	2.200	4.520	0.008
BPP_new_20_300_1.C	8	2.200	4.520	0.009
BPP_new_20_300_1.C	8	2.200	4.520	0.008
BPP_new_20_300_1.C	8	2.400	4.640	0.009
BPP_new_20_300_1.C	8	2.200	4.520	0.009
BPP_new_20_300_1.C	8	2.200	4.520	0.009
BPP_new_20_300_1.C	8	2.200	4.520	0.009
BPP_new_20_300_1.C	8	2.200	4.520	0.009
BPP_new_20_300_1.C	8	2.200	4.520	0.009
BPP_new_20_300_10.C	11	2.800	6.080	0.010
BPP_new_20_300_10.C	11	2.800	6.080	0.011
BPP_new_20_300_10.C	11	2.800	6.080	0.011
BPP_new_20_300_10.C	11	2.800	6.080	0.010
BPP_new_20_300_10.C	11	2.800	6.080	0.010
BPP_new_20_300_10.C	11	2.800	6.080	0.010
BPP_new_20_300_10.C	11	2.800	6.080	0.011
BPP_new_20_300_10.C	11	2.800	6.080	0.011
BPP_new_20_300_10.C	11	2.800	6.080	0.010
BPP_new_20_300_10.C	11	2.800	6.080	0.010
BPP_new_20_300_2.C	10	2.200	5.320	0.010
BPP_new_20_300_2.C	10	2.200	5.320	0.011
BPP_new_20_300_2.C	10	2.200	5.320	0.010
BPP_new_20_300_2.C	10	2.200	5.320	0.010
BPP_new_20_300_2.C	10	2.200	5.320	0.010
BPP_new_20_300_2.C	10	2.200	5.320	0.010
BPP_new_20_300_2.C	10	2.200	5.320	0.011
BPP_new_20_300_2.C	10	2.200	5.320	0.011
BPP_new_20_300_2.C	10	2.200	5.320	0.010
BPP_new_20_300_2.C	10	2.200	5.320	0.010
BPP_new_20_300_3.C	12	3.800	7.080	0.012
BPP_new_20_300_3.C	12	3.800	7.080	0.012
BPP_new_20_300_3.C	12	3.800	7.080	0.012
BPP_new_20_300_3.C	12	3.800	7.080	0.012
BPP_new_20_300_3.C	12	3.800	7.080	0.011
BPP_new_20_300_3.C	12	3.800	7.080	0.012
BPP_new_20_300_3.C	12	3.800	7.080	0.013
BPP_new_20_300_3.C	12	3.800	7.080	0.012
BPP_new_20_300_3.C	12	3.800	7.080	0.012
BPP_new_20_300_3.C	12	3.800	7.080	0.012
BPP_new_20_300_4.C	10	1.400	4.840	0.010
BPP_new_20_300_4.C	10	1.400	4.840	0.011
BPP_new_20_300_4.C	9	1.800	4.680	0.011
BPP_new_20_300_4.C	10	1.400	4.840	0.010
BPP_new_20_300_4.C	10	1.200	4.720	0.010
BPP_new_20_300_4.C	10	1.400	4.840	0.010
BPP_new_20_300_4.C	9	2.000	4.800	0.010
BPP_new_20_300_4.C	9	1.800	4.680	0.010
BPP_new_20_300_4.C	10	1.400	4.840	0.010
BPP_new_20_300_4.C	9	1.800	4.680	0.010
BPP_new_20_300_5.C	9	2.400	5.040	0.009
BPP_new_20_300_5.C	9	2.400	5.040	0.009
BPP_new_20_300_5.C	9	2.400	5.040	0.010
BPP_new_20_300_5.C	9	2.400	5.040	0.009
BPP_new_20_300_5.C	9	2.400	5.040	0.009
BPP_new_20_300_5.C	9	2.400	5.040	0.009
BPP_new_20_300_5.C	9	3.000	5.400	0.009
BPP_new_20_300_5.C	9	2.400	5.040	0.009
BPP_new_20_300_5.C	9	2.400	5.040	0.009
BPP_new_20_300_5.C	9	2.400	5.040	0.009
BPP_new_20_300_6.C	10	3.000	5.800	0.010
BPP_new_20_300_6.C	10	3.000	5.800	0.010
BPP_new_20_300_6.C	10	3.000	5.800	0.010
BPP_new_20_300_6.C	10	3.000	5.800	0.011
BPP_new_20_300_6.C	10	3.000	5.800	0.010
BPP_new_20_300_6.C	10	3.000	5.800	0.010
BPP_new_20_300_6.C	10	3.000	5.800	0.010
BPP_new_20_300_6.C	10	3.000	5.800	0.010
BPP_new_20_300_6.C	10	3.000	5.800	0.010
BPP_new_20_300_6.C	10	3.000	5.800	0.011
BPP_new_20_300_7.C	12	2.000	6.000	0.011
BPP_new_20_300_7.C	12	2.000	6.000	0.011
BPP_new_20_300_7.C	12	2.000	6.000	0.011
BPP_new_20_300_7.C	12	2.000	6.000	0.012
BPP_new_20_300_7.C	12	2.000	6.000	0.011
BPP_new_20_300_7.C	12	2.000	6.000	0.011
BPP_new_20_300_7.C	12	2.000	6.000	0.012
BPP_new_20_300_7.C	12	2.000	6.000	0.012
BPP_new_20_300_7.C	12	2.000	6.000	0.011
BPP_new_20_300_7.C	12	2.000	6.000	0.011
BPP_new_20_300_8.C	9	2.000	4.800	0.011
BPP_new_20_300_8.C	9	1.800	4.680	0.010
BPP_new_20_300_8.C	9	2.000	4.800	0.010
BPP_new_20_300_8.C	9	2.000	4.800	0.010
BPP_new_20_300_8.C	9	2.000	4.800	0.010
BPP_new_20_300_8.C	9	2.000	4.800	0.010
BPP_new_20_300_8.C	9	2.000	4.800	0.010
BPP_new_20_300_8.C	9	2.000	4.800	0.010
BPP_new_20_300_8.C	9	2.000	4.800	0.010
BPP_new_20_300_8.C	9	2.000	4.800	0.010
BPP_new_20_300_9.C	9	2.600	5.160	0.010
BPP_new_20_300_9.C	9	2.800	5.280	0.010
BPP_new_20_300_9.C	9	2.800	5.280	0.010
BPP_new_20_300_9.C	9	2.600	5.160	0.010
BPP_new_20_300_9.C	9	2.800	5.280	0.011
BPP_new_20_300_9.C	9	2.600	5.160	0.010
BPP_new_20_300_9.C	9	2.600	5.160	0.010
BPP_new_20_300_9.C	9	2.600	5.160	0.010
BPP_new_20_300_9.C	9	2.600	5.160	0.010
BPP_new_20_300_9.C	9	2.600	5.160	0.010
BPP_new_20_400_1.C	10	3.800	6.280	0.012
BPP_new_20_400_1.C	10	3.800	6.280	0.011
BPP_new_20_400_1.C	11	3.000	6.200	0.011
BPP_new_20_400_1.C	11	2.600	5.960	0.011
BPP_new_20_400_1.C	10	3.600	6.160	0.011
BPP_new_20_400_1.C	11	2.600	5.960	0.011
BPP_new_20_400_1.C	11	2.600	5.960	0.011
BPP_new_20_400_1.C	11	2.800	6.080	0.011
BPP_new_20_400_1.C	11	3.000	6.200	0.011
BPP_new_20_400_1.C	10	3.600	6.160	0.011
BPP_new_20_400_10.C	11	2.200	5.720	0.011
BPP_new_20_400_10.C	11	2.200	5.720	0.010
BPP_new_20_400_10.C	11	2.200	5.720	0.010
BPP_new_20_400_10.C	11	2.200	5.720	0.010
BPP_new_20_400_10.C	11	2.200	5.720	0.010
BPP_new_20_400_10.C	11	2.200	5.720	0.011
BPP_new_20_400_10.C	11	2.200	5.720	0.011
BPP_new_20_400_10.C	11	2.200	5.720	0.010
BPP_new_20_400_10.C	11	2.200	5.720	0.011
BPP_new_20_400_10.C	11	2.200	5.720	0.011
BPP_new_20_400_2.C	11	2.200	5.720	0.011
BPP_new_20_400_2.C	11	2.200	5.720	0.011
BPP_new_20_400_2.C	11	2.200	5.720	0.011
BPP_new_20_400_2.C	11	2.400	5.840	0.011
BPP_new_20_400_2.C	11	2.200	5.720	0.011
BPP_new_20_400_2.C	11	2.200	5.720	0.012
BPP_new_20_400_2.C	11	2.200	5.720	0.011
BPP_new_20_400_2.C	11	2.200	5.720	0.011
BPP_new_20_400_2.C	11	2.200	5.720	0.011
BPP_new_20_400_2.C	11	2.400	5.840	0.011
BPP_new_20_400_3.C	8	2.400	4.640	0.010
BPP_new_20_400_3.C	8	2.400	4.640	0.010
BPP_new_20_400_3.C	8	1.800	4.280	0.010
BPP_new_20_400_3.C	8	1.800	4.280	0.011
BPP_new_20_400_3.C	9	1.800	4.680	0.010
BPP_new_20_400_3.C	9	1.800	4.680	0.010
BPP_new_20_400_3.C	9	1.800	4.680	0.010
BPP_new_20_400_3.C	9	1.800	4.680	0.010
BPP_new_20_400_3.C	9	1.800	4.680	0.011
BPP_new_20_400_3.C	8	2.000	4.400	0.010
BPP_new_20_400_4.C	9	2.000	4.800	0.009
BPP_new_20_400_4.C	9	2.000	4.800	0.009
BPP_new_20_400_4.C	9	2.000	4.800	0.009
BPP_new_20_400_4.C	9	2.000	4.800	0.010
BPP_new_20_400_4.C	9	2.000	4.800	0.009
BPP_new_20_400_4.C	9	2.000	4.800	0.010
BPP_new_20_400_4.C	9	2.000	4.800	0.010
BPP_new_20_400_4.C	9	2.000	4.800	0.009
BPP_new_20_400_4.C	9	2.000	4.800	0.009
BPP_new_20_400_4.C	9	2.000	4.800	0.009
BPP_new_20_400_5.C	11	3.600	6.560	0.011
BPP_new_20_400_5.C	11	3.600	6.560	0.011
BPP_new_20_400_5.C	11	3.600	6.560	0.011
BPP_new_20_400_5.C	11	3.600	6.560	0.011
BPP_new_20_400_5.C	11	3.600	6.560	0.011
BPP_new_20_400_5.C	11	3.600	6.560	0.011
BPP_new_20_400_5.C	11	3.600	6.560	0.011
BPP_new_20_400_5.C	11	3.600	6.560	0.011
BPP_new_20_400_5.C	11	3.600	6.560	0.011
BPP_new_20_400_5.C	11	3.600	6.560	0.011
BPP_new_20_400_6.C	10	2.800	5.680	0.010
BPP_new_20_400_6.C	9	3.800	5.880	0.010
BPP_new_20_400_6.C	10	3.600	6.160	0.010
BPP_new_20_400_6.C	10	3.000	5.800	0.011
BPP_new_20_400_6.C	10	3.000	5.800	0.011
BPP_new_20_400_6.C	10	3.000	5.800	0.011
BPP_new_20_400_6.C	10	3.200	5.920	0.010
BPP_new_20_400_6.C	10	3.000	5.800	0.010
BPP_new_20_400_6.C	10	3.000	5.800	0.011
BPP_new_20_400_6.C	10	3.800	6.280	0.011
BPP_new_20_400_7.C	9	1.000	4.200	0.009
BPP_new_20_400_7.C	9	1.000	4.200	0.009
BPP_new_20_400_7.C	9	1.000	4.200	0.009
BPP_new_20_400_7.C	9	1.000	4.200	0.009
BPP_new_20_400_7.C	9	1.000	4.200	0.010
BPP_new_20_400_7.C	9	1.000	4.200	0.010
BPP_new_20_400_7.C	9	1.000	4.200	0.010
BPP_new_20_400_7.C	9	1.000	4.200	0.010
BPP_new_20_400_7.C	9	1.000	4.200	0.010
BPP_new_20_400_7.C	9	1.000	4.200	0.009
BPP_new_20_400_8.C	11	3.600	6.560	0.011
BPP_new_20_400_8.C	11	3.600	6.560	0.012
BPP_new_20_400_8.C	11	3.600	6.560	0.011
BPP_new_20_400_8.C	11	3.800	6.680	0.011
BPP_new_20_400_8.C	11	3.600	6.560	0.011
BPP_new_20_400_8.C	11	3.600	6.560	0.012
BPP_new_20_400_8.C	11	3.600	6.560	0.012
BPP_new_20_400_8.C	11	3.600	6.560	0.011
BPP_new_20_400_8.C	11	3.600	6.560	0.011
BPP_new_20_400_8.C	11	3.600	6.560	0.011
BPP_new_20_400_9.C	10	4.600	6.760	0.010
BPP_new_20_400_9.C	10	4.600	6.760	0.010
BPP_new_20_400_9.C	10	4.600	6.760	0.010
BPP_new_20_400_9.C	10	4.600	6.760	0.010
BPP_new_20_400_9.C	10	4.600	6.760	0.010
BPP_new_20_400_9.C	10	4.600	6.760	0.010
BPP_new_20_400_9.C	10	4.600	6.760	0.010
BPP_new_20_400_9.C	10	4.600	6.760	0.010
BPP_new_20_400_9.C	10	4.600	6.760	0.010
BPP_new_20_400_9.C	10	4.600	6.760	0.010
BPP_new_20_500_1.C	9	1.000	4.200	0.009
BPP_new_20_500_1.C	9	1.000	4.200	0.009
BPP_new_20_500_1.C	9	1.000	4.200	0.008
BPP_new_20_500_1.C	9	1.000	4.200	0.009
BPP_new_20_500_1.C	9	1.000	4.200	0.009
BPP_new_20_500_1.C	9	1.000	4.200	0.009
BPP_new_20_500_1.C	9	1.000	4.200	0.009
BPP_new_20_500_1.C	9	1.000	4.200	0.008
BPP_new_20_500_1.C	9	1.000	4.200	0.008
BPP_new_20_500_1.C	9	1.000	4.200	0.009
BPP_new_20_500_10.C	7	2.000	4.000	0.008
BPP_new_20_500_10.C	7	1.600	3.760	0.009
BPP_new_20_500_10.C	7	1.600	3.760	0.008
BPP_new_20_500_10.C	7	1.600	3.760	0.008
BPP_new_20_500_10.C	7	1.600	3.760	0.008
BPP_new_20_500_10.C	8	1.800	4.280	0.008
BPP_new_20_500_10.C	7	1.600	3.760	0.009
BPP_new_20_500_10.C	8	1.800	4.280	0.009
BPP_new_20_500_10.C	7	1.400	3.640	0.009
BPP_new_20_500_10.C	7	1.600	3.760	0.009
BPP_new_20_500_2.C	9	1.800	4.680	0.010
BPP_new_20_500_2.C	9	1.800	4.680	0.010
BPP_new_20_500_2.C	9	1.800	4.680	0.010
BPP_new_20_500_2.C	9	1.800	4.680	0.010
BPP_new_20_500_2.C	9	1.800	4.680	0.010
BPP_new_20_500_2.C	9	1.800	4.680	0.010
BPP_new_20_500_2.C	9	1.800	4.680	0.010
BPP_new_20_500_2.C	9	1.800	4.680	0.010
BPP_new_20_500_2.C	9	1.800	4.680	0.010
BPP_new_20_500_2.C	9	1.800	4.680	0.010
BPP_new_20_500_3.C	10	4.200	6.520	0.010
BPP_new_20_500_3.C	10	4.200	6.520	0.010
BPP_new_20_500_3.C	10	4.000	6.400	0.011
BPP_new_20_500_3.C	10	4.200	6.520	0.011
BPP_new_20_500_3.C	10	4.200	6.520	0.011
BPP_new_20_500_3.C	10	4.200	6.520	0.010
BPP_new_20_500_3.C	10	4.000	6.400	0.011
BPP_new_20_500_3.C	10	4.400	6.640	0.011
BPP_new_20_500_3.C	10	4.000	6.400	0.011
BPP_new_20_500_3.C	10	4.000	6.400	0.011
BPP_new_20_500_4.C	11	2.600	5.960	0.011
BPP_new_20_500_4.C	11	2.600	5.960	0.011
BPP_new_20_500_4.C	11	2.400	5.840	0.011
BPP_new_20_500_4.C	11	2.400	5.840	0.011
BPP_new_20_500_4.C	11	2.400	5.840	0.011
BPP_new_20_500_4.C	11	2.400	5.840	0.011
BPP_new_20_500_4.C	11	2.400	5.840	0.011
BPP_new_20_500_4.C	11	2.400	5.840	0.011
BPP_new_20_500_4.C	11	2.600	5.960	0.011
BPP_new_20_500_4.C	11	2.400	5.840	0.011
BPP_new_20_500_5.C	8	0.000	3.200	0.009
BPP_new_20_500_5.C	8	0.200	3.320	0.009
BPP_new_20_500_5.C	8	0.000	3.200	0.009
BPP_new_20_500_5.C	8	0.200	3.320	0.009
BPP_new_20_500_5.C	8	0.200	3.320	0.009
BPP_new_20_500_5.C	8	0.000	3.200	0.009
BPP_new_20_500_5.C	8	0.000	3.200	0.009
BPP_new_20_500_5.C	8	0.000	3.200	0.009
BPP_new_20_500_5.C	8	0.200	3.320	0.010
BPP_new_20_500_5.C	8	0.000	3.200	0.009
BPP_new_20_500_6.C	10	2.200	5.320	0.010
BPP_new_20_500_6.C	10	2.600	5.560	0.010
BPP_new_20_500_6.C	10	2.000	5.200	0.010
BPP_new_20_500_6.C	10	2.000	5.200	0.010
BPP_new_20_500_6.C	10	2.000	5.200	0.010
BPP_new_20_500_6.C	10	2.200	5.320	0.010
BPP_new_20_500_6.C	10	2.600	5.560	0.010
BPP_new_20_500_6.C	10	2.000	5.200	0.010
BPP_new_20_500_6.C	10	2.000	5.200	0.010
BPP_new_20_500_6.C	10	2.000	5.200	0.010
BPP_new_20_500_7.C	13	2.800	6.880	0.012
BPP_new_20_500_7.C	13	2.800	6.880	0.012
BPP_new_20_500_7.C	13	2.800	6.880	0.011
BPP_new_20_500_7.C	13	2.800	6.880	0.011
BPP_new_20_500_7.C	13	2.800	6.880	0.012
BPP_new_20_500_7.C	13	2.800	6.880	0.011
BPP_new_20_500_7.C	13	2.800	6.880	0.011
BPP_new_20_500_7.C	13	2.800	6.880	0.012
BPP_new_20_500_7.C	13	2.800	6.880	0.012
BPP_new_20_500_7.C	13	2.800	6.880	0.011
BPP_new_20_500_8.C	11	2.400	5.840	0.011
BPP_new_20_500_8.C	11	2.400	5.840	0.012
BPP_new_20_500_8.C	11	2.400	5.840	0.011
BPP_new_20_500_8.C	11	2.400	5.840	0.011
BPP_new_20_500_8.C	11	2.600	5.960	0.012
BPP_new_20_500_8.C	11	2.400	5.840	0.011
BPP_new_20_500_8.C	11	2.400	5.840	0.012
BPP_new_20_500_8.C	11	2.400	5.840	0.012
BPP_new_20_500_8.C	11	2.400	5.840	0.011
BPP_new_20_500_8.C	11	2.400	5.840	0.012
BPP_new_20_500_9.C	11	2.400	5.840	0.011
BPP_new_20_500_9.C	11	2.400	5.840	0.011
BPP_new_20_500_9.C	11	2.400	5.840	0.011
BPP_new_20_500_9.C	11	2.400	5.840	0.010
BPP_new_20_500_9.C	11	2.400	5.840	0.011
BPP_new_20_500_9.C	11	2.400	5.840	0.011
BPP_new_20_500_9.C	11	2.400	5.840	0.011
BPP_new_20_500_9.C	11	2.400	5.840	0.011
BPP_new_20_500_9.C	11	2.400	5.840	0.011
BPP_new_20_500_9.C	11	2.400	5.840	0.011
BPP_new_20_50_1.C	13	2.600	6.760	0.011
BPP_new_20_50_1.C	13	2.600	6.760	0.011
BPP_new_20_50_1.C	13	2.600	6.760	0.011
BPP_new_20_50_1.C	13	2.600	6.760	0.011
BPP_new_20_50_1.C	13	2.600	6.760	0.011
BPP_new_20_50_1.C	13	2.600	6.760	0.011
BPP_new_20_50_1.C	13	2.600	6.760	0.011
BPP_new_20_50_1.C	13	2.600	6.760	0.011
BPP_new_20_50_1.C	13	2.600	6.760	0.011
BPP_new_20_50_1.C	13	2.600	6.760	0.011
BPP_new_20_50_10.C	13	3.000	7.000	0.012
BPP_new_20_50_10.C	13	3.000	7.000	0.012
BPP_new_20_50_10.C	13	3.000	7.000	0.012
BPP_new_20_50_10.C	13	3.000	7.000	0.013
BPP_new_20_50_10.C	13	3.000	7.000	0.012
BPP_new_20_50_10.C	13	3.000	7.000	0.012
BPP_new_20_50_10.C	13	3.000	7.000	0.012
BPP_new_20_50_10.C	13	3.000	7.000	0.012
BPP_new_20_50_10.C	13	3.000	7.000	0.012
BPP_new_20_50_10.C	13	3.000	7.000	0.012
BPP_new_20_50_2.C	10	2.200	5.320	0.010
BPP_new_20_50_2.C	10	2.200	5.320	0.010
BPP_new_20_50_2.C	10	2.200	5.320	0.010
BPP_new_20_50_2.C	10	2.200	5.320	0.010
BPP_new_20_50_2.C	10	2.200	5.320	0.010
BPP_new_20_50_2.C	10	2.200	5.320	0.009
BPP_new_20_50_2.C	10	2.200	5.320	0.009
BPP_new_20_50_2.C	10	2.200	5.320	0.010
BPP_new_20_50_2.C	10	2.200	5.320	0.010
BPP_new_20_50_2.C	10	2.200	5.320	0.009
BPP_new_20_50_3.C	9	3.600	5.760	0.009
BPP_new_20_50_3.C	9	3.600	5.760	0.009
BPP_new_20_50_3.C	9	3.600	5.760	0.009
BPP_new_20_50_3.C	9	3.600	5.760	0.010
BPP_new_20_50_3.C	9	3.600	5.760	0.010
BPP_new_20_50_3.C	9	3.600	5.760	0.010
BPP_new_20_50_3.C	9	3.600	5.760	0.009
BPP_new_20_50_3.C	9	3.600	5.760	0.010
BPP_new_20_50_3.C	9	3.600	5.760	0.010
BPP_new_20_50_3.C	9	3.600	5.760	0.010
BPP_new_20_50_4.C	14	3.400	7.640	0.011
BPP_new_20_50_4.C	14	3.400	7.640	0.011
BPP_new_20_50_4.C	14	3.400	7.640	0.011
BPP_new_20_50_4.C	14	3.400	7.640	0.011
BPP_new_20_50_4.C	14	3.400	7.640	0.012
BPP_new_20_50_4.C	14	3.400	7.640	0.011
BPP_new_20_50_4.C	14	3.400	7.640	0.011
BPP_new_20_50_4.C	14	3.400	7.640	0.011
BPP_new_20_50_4.C	14	3.400	7.640	0.011
BPP_new_20_50_4.C	14	3.400	7.640	0.011
BPP_new_20_50_5.C	9	2.000	4.800	0.009
BPP_new_20_50_5.C	9	2.000	4.800	0.009
BPP_new_20_50_5.C	9	1.800	4.680	0.009
BPP_new_20_50_5.C	9	2.000	4.800	0.009
BPP_new_20_50_5.C	9	1.800	4.680	0.009
BPP_new_20_50_5.C	9	1.800	4.680	0.009
BPP_new_20_50_5.C	9	1.800	4.680	0.009
BPP_new_20_50_5.C	9	1.800	4.680	0.009
BPP_new_20_50_5.C	9	1.800	4.680	0.009
BPP_new_20_50_5.C	9	1.800	4.680	0.009
BPP_new_20_50_6.C	9	3.200	5.520	0.010
BPP_new_20_50_6.C	10	3.000	5.800	0.010
BPP_new_20_50_6.C	10	3.000	5.800	0.010
BPP_new_20_50_6.C	10	3.000	5.800	0.010
BPP_new_20_50_6.C	9	4.000	6.000	0.010
BPP_new_20_50_6.C	9	3.000	5.400	0.010
BPP_new_20_50_6.C	10	3.000	5.800	0.010
BPP_new_20_50_6.C	10	3.000	5.800	0.010
BPP_new_20_50_6.C	9	3.200	5.520	0.010
BPP_new_20_50_6.C	9	3.000	5.400	0.010
BPP_new_20_50_7.C	11	2.800	6.080	0.011
BPP_new_20_50_7.C	11	2.800	6.080	0.010
BPP_new_20_50_7.C	11	2.800	6.080	0.011
BPP_new_20_50_7.C	11	2.800	6.080	0.011
BPP_new_20_50_7.C	11	2.800	6.080	0.011
BPP_new_20_50_7.C	11	2.800	6.080	0.011
BPP_new_20_50_7.C	11	2.800	6.080	0.011
BPP_new_20_50_7.C	11	2.800	6.080	0.011
BPP_new_20_50_7.C	11	2.800	6.080	0.011
BPP_new_20_50_7.C	11	2.800	6.080	0.011
BPP_new_20_50_8.C	12	1.000	5.400	0.011
BPP_new_20_50_8.C	12	1.000	5.400	0.011
BPP_new_20_50_8.C	12	1.000	5.400	0.010
BPP_new_20_50_8.C	12	1.000	5.400	0.011
BPP_new_20_50_8.C	12	1.000	5.400	0.010
BPP_new_20_50_8.C	12	1.000	5.400	0.010
BPP_new_20_50_8.C	12	1.000	5.400	0.010
BPP_new_20_50_8.C	12	1.000	5.400	0.011
BPP_new_20_50_8.C	12	1.000	5.400	0.011
BPP_new_20_50_8.C	12	1.000	5.400	0.011
BPP_new_20_50_9.C	9	3.000	5.400	0.010
BPP_new_20_50_9.C	9	3.200	5.520	0.009
BPP_new_20_50_9.C	9	3.200	5.520	0.010
BPP_new_20_50_9.C	9	3.200	5.520	0.010
BPP_new_20_50_9.C	9	3.200	5.520	0.009
BPP_new_20_50_9.C	9	3.200	5.520	0.010
BPP_new_20_50_9.C	9	3.200	5.520	0.010
BPP_new_20_50_9.C	9	3.000	5.400	0.010
BPP_new_20_50_9.C	9	3.200	5.520	0.010
BPP_new_20_50_9.C	9	3.200	5.520	0.010
BPP_new_20_750_1.C	10	2.200	5.320	0.010
BPP_new_20_750_1.C	10	2.200	5.320	0.010
BPP_new_20_750_1.C	10	1.600	4.960	0.010
BPP_new_20_750_1.C	10	2.200	5.320	0.010
BPP_new_20_750_1.C	10	1.400	4.840	0.010
BPP_new_20_750_1.C	10	1.600	4.960	0.010
BPP_new_20_750_1.C	10	1.600	4.960	0.010
BPP_new_20_750_1.C	10	1.400	4.840	0.010
BPP_new_20_750_1.C	10	2.800	5.680	0.010
BPP_new_20_750_1.C	10	1.800	5.080	0.010
BPP_new_20_750_10.C	11	5.000	7.400	0.011
BPP_new_20_750_10.C	11	5.000	7.400	0.011
BPP_new_20_750_10.C	11	5.000	7.400	0.010
BPP_new_20_750_10.C	11	5.000	7.400	0.011
BPP_new_20_750_10.C	11	5.000	7.400	0.011
BPP_new_20_750_10.C	11	5.000	7.400	0.011
BPP_new_20_750_10.C	11	5.000	7.400	0.010
BPP_new_20_750_10.C	11	5.000	7.400	0.011
BPP_new_20_750_10.C	11	5.000	7.400	0.011
BPP_new_20_750_10.C	11	5.000	7.400	0.011
BPP_new_20_750_2.C	9	1.800	4.680	0.009
BPP_new_20_750_2.C	9	1.800	4.680	0.009
BPP_new_20_750_2.C	9	1.800	4.680	0.009
BPP_new_20_750_2.C	9	1.800	4.680	0.009
BPP_new_20_750_2.C	9	1.800	4.680	0.009
BPP_new_20_750_2.C	9	1.800	4.680	0.009
BPP_new_20_750_2.C	9	1.800	4.680	0.009
BPP_new_20_750_2.C	9	1.800	4.680	0.009
BPP_new_20_750_2.C	9	1.800	4.680	0.009
BPP_new_20_750_2.C	9	1.800	4.680	0.009
BPP_new_20_750_3.C	10	1.000	4.600	0.010
BPP_new_20_750_3.C	10	1.000	4.600	0.010
BPP_new_20_750_3.C	10	1.000	4.600	0.009
BPP_new_20_750_3.C	10	1.000	4.600	0.009
BPP_new_20_750_3.C	10	1.000	4.600	0.010
BPP_new_20_750_3.C	10	1.000	4.600	0.010
BPP_new_20_750_3.C	10	1.000	4.600	0.010
BPP_new_20_750_3.C	10	1.000	4.600	0.010
BPP_new_20_750_3.C	10	1.000	4.600	0.009
BPP_new_20_750_3.C	10	1.000	4.600	0.009
BPP_new_20_750_4.C	9	1.200	4.320	0.010
BPP_new_20_750_4.C	9	1.800	4.680	0.009
BPP_new_20_750_4.C	9	1.200	4.320	0.009
BPP_new_20_750_4.C	9	1.200	4.320	0.009
BPP_new_20_750_4.C	9	1.200	4.320	0.009
BPP_new_20_750_4.C	9	1.200	4.320	0.009
BPP_new_20_750_4.C	9	1.200	4.320	0.009
BPP_new_20_750_4.C	9	1.200	4.320	0.009
BPP_new_20_750_4.C	9	1.200	4.320	0.009
BPP_new_20_750_4.C	9	1.200	4.320	0.009
BPP_new_20_750_5.C	12	4.600	7.560	0.011
BPP_new_20_750_5.C	12	4.600	7.560	0.011
BPP_new_20_750_5.C	12	4.600	7.560	0.011
BPP_new_20_750_5.C	12	4.600	7.560	0.011
BPP_new_20_750_5.C	12	4.600	7.560	0.011
BPP_new_20_750_5.C	12	4.600	7.560	0.010
BPP_new_20_750_5.C	12	4.600	7.560	0.011
BPP_new_20_750_5.C	12	4.600	7.560	0.011
BPP_new_20_750_5.C	12	4.600	7.560	0.011
BPP_new_20_750_5.C	12	4.600	7.560	0.011
BPP_new_20_750_6.C	10	-0.000	4.000	0.010
BPP_new_20_750_6.C	10	-0.000	4.000	0.010
BPP_new_20_750_6.C	10	-0.000	4.000	0.010
BPP_new_20_750_6.C	10	-0.000	4.000	0.010
BPP_new_20_750_6.C	10	-0.000	4.000	0.010
BPP_new_20_750_6.C	10	-0.000	4.000	0.010
BPP_new_20_750_6.C	10	-0.000	4.000	0.010
BPP_new_20_750_6.C	10	-0.000	4.000	0.010
BPP_new_20_750_6.C	10	-0.000	4.000	0.010
BPP_new_20_750_6.C	10	-0.000	4.000	0.010
BPP_new_20_750_7.C	11	1.800	5.480	0.011
BPP_new_20_750_7.C	11	1.800	5.480	0.010
BPP_new_20_750_7.C	11	1.800	5.480	0.010
BPP_new_20_750_7.C	11	1.800	5.480	0.010
BPP_new_20_750_7.C	11	1.800	5.480	0.010
BPP_new_20_750_7.C	11	1.800	5.480	0.010
BPP_new_20_750_7.C	11	1.800	5.480	0.010
BPP_new_20_750_7.C	11	1.800	5.480	0.010
BPP_new_20_750_7.C	11	1.800	5.480	0.010
BPP_new_20_750_7.C	11	1.800	5.480	0.010
BPP_new_20_750_8.C	9	1.200	4.320	0.009
BPP_new_20_750_8.C	9	1.200	4.320	0.009
BPP_new_20_750_8.C	9	1.200	4.320	0.009
BPP_new_20_750_8.C	9	1.200	4.320	0.009
BPP_new_20_750_8.C	9	1.200	4.320	0.009
BPP_new_20_750_8.C	9	1.200	4.320	0.009
BPP_new_20_750_8.C	9	1.200	4.320	0.009
BPP_new_20_750_8.C	9	1.200	4.320	0.009
BPP_new_20_750_8.C	9	1.200	4.320	0.009
BPP_new_20_750_8.C	9	1.200	4.320	0.009
BPP_new_20_750_9.C	10	3.800	6.280	0.010
BPP_new_20_750_9.C	10	3.800	6.280	0.010
BPP_new_20_750_9.C	10	3.800	6.280	0.010
BPP_new_20_750_9.C	10	3.600	6.160	0.010
BPP_new_20_750_9.C	10	3.800	6.280	0.011
BPP_new_20_750_9.C	10	3.600	6.160	0.010
BPP_new_20_750_9.C	10	3.600	6.160	0.011
BPP_new_20_750_9.C	10	3.800	6.280	0.010
BPP_new_20_750_9.C	10	3.800	6.280	0.010
BPP_new_20_750_9.C	10	3.800	6.280	0.011
BPP_new_20_75_1.C	11	1.200	5.120	0.010
BPP_new_20_75_1.C	11	1.400	5.240	0.010
BPP_new_20_75_1.C	11	1.400	5.240	0.010
BPP_new_20_75_1.C	11	1.400	5.240	0.010
BPP_new_20_75_1.C	11	1.400	5.240	0.010
BPP_new_20_75_1.C	11	1.200	5.120	0.010
BPP_new_20_75_1.C	11	1.400	5.240	0.010
BPP_new_20_75_1.C	11	1.200	5.120	0.010
BPP_new_20_75_1.C	11	1.200	5.120	0.010
BPP_new_20_75_1.C	11	1.200	5.120	0.010
BPP_new_20_75_10.C	9	4.600	6.360	0.010
BPP_new_20_75_10.C	9	4.600	6.360	0.010
BPP_new_20_75_10.C	9	4.600	6.360	0.010
BPP_new_20_75_10.C	9	4.600	6.360	0.010
BPP_new_20_75_10.C	9	4.600	6.360	0.010
BPP_new_20_75_10.C	9	4.600	6.360	0.010
BPP_new_20_75_10.C	9	4.600	6.360	0.010
BPP_new_20_75_10.C	9	4.600	6.360	0.010
BPP_new_20_75_10.C	9	4.600	6.360	0.010
BPP_new_20_75_10.C	9	4.600	6.360	0.010
BPP_new_20_75_2.C	12	3.000	6.600	0.011
BPP_new_20_75_2.C	12	3.000	6.600	0.012
BPP_new_20_75_2.C	12	3.000	6.600	0.011
BPP_new_20_75_2.C	12	3.000	6.600	0.011
BPP_new_20_75_2.C	12	3.000	6.600	0.011
BPP_new_20_75_2.C	12	3.000	6.600	0.012
BPP_new_20_75_2.C	12	3.000	6.600	0.012
BPP_new_20_75_2.C	12	3.000	6.600	0.011
BPP_new_20_75_2.C	12	3.000	6.600	0.011
BPP_new_20_75_2.C	12	3.000	6.600	0.011
BPP_new_20_75_3.C	10	2.600	5.560	0.011
BPP_new_20_75_3.C	10	2.600	5.560	0.010
BPP_new_20_75_3.C	10	2.600	5.560	0.011
BPP_new_20_75_3.C	10	2.600	5.560	0.011
BPP_new_20_75_3.C	10	2.600	5.560	0.011
BPP_new_20_75_3.C	10	2.600	5.560	0.010
BPP_new_20_75_3.C	10	2.600	5.560	0.010
BPP_new_20_75_3.C	10	2.600	5.560	0.011
BPP_new_20_75_3.C	10	2.600	5.560	0.011
BPP_new_20_75_3.C	10	2.600	5.560	0.010
BPP_new_20_75_4.C	10	4.200	6.520	0.010
BPP_new_20_75_4.C	10	4.200	6.520	0.010
BPP_new_20_75_4.C	10	4.200	6.520	0.010
BPP_new_20_75_4.C	10	4.200	6.520	0.010
BPP_new_20_75_4.C	10	4.200	6.520	0.010
BPP_new_20_75_4.C	10	4.200	6.520	0.010
BPP_new_20_75_4.C	10	4.200	6.520	0.010
BPP_new_20_75_4.C	10	4.200	6.520	0.010
BPP_new_20_75_4.C	10	4.200	6.520	0.010
BPP_new_20_75_4.C	10	4.200	6.520	0.010
BPP_new_20_75_5.C	10	5.200	7.120	0.011
BPP_new_20_75_5.C	10	5.200	7.120	0.011
BPP_new_20_75_5.C	10	5.200	7.120	0.011
BPP_new_20_75_5.C	10	5.200	7.120	0.011
BPP_new_20_75_5.C	10	5.200	7.120	0.010
BPP_new_20_75_5.C	10	5.200	7.120	0.011
BPP_new_20_75_5.C	10	5.200	7.120	0.010
BPP_new_20_75_5.C	10	5.200	7.120	0.010
BPP_new_20_75_5.C	10	5.200	7.120	0.010
BPP_new_20_75_5.C	10	5.200	7.120	0.010
BPP_new_20_75_6.C	6	2.600	3.960	0.008
BPP_new_20_75_6.C	6	2.600	3.960	0.008
BPP_new_20_75_6.C	6	2.800	4.080	0.008
BPP_new_20_75_6.C	6	2.800	4.080	0.008
BPP_new_20_75_6.C	6	2.600	3.960	0.008
BPP_new_20_75_6.C	6	2.600	3.960	0.008
BPP_new_20_75_6.C	6	2.800	4.080	0.008
BPP_new_20_75_6.C	6	2.600	3.960	0.008
BPP_new_20_75_6.C	6	2.800	4.080	0.008
BPP_new_20_75_6.C	7	2.600	4.360	0.008
BPP_new_20_75_7.C	9	1.800	4.680	0.009
BPP_new_20_75_7.C	9	1.800	4.680	0.009
BPP_new_20_75_7.C	9	1.800	4.680	0.009
BPP_new_20_75_7.C	9	1.800	4.680	0.009
BPP_new_20_75_7.C	9	1.800	4.680	0.009
BPP_new_20_75_7.C	9	1.800	4.680	0.009
BPP_new_20_75_7.C	9	1.800	4.680	0.009
BPP_new_20_75_7.C	9	1.800	4.680	0.009
BPP_new_20_75_7.C	9	1.800	4.680	0.009
BPP_new_20_75_7.C	9	1.800	4.680	0.009
BPP_new_20_75_8.C	8	2.800	4.880	0.008
BPP_new_20_75_8.C	8	2.600	4.760	0.009
BPP_new_20_75_8.C	8	2.800	4.880	0.009
BPP_new_20_75_8.C	8	2.600	4.760	0.008
BPP_new_20_75_8.C	8	2.800	4.880	0.008
BPP_new_20_75_8.C	8	2.600	4.760	0.008
BPP_new_20_75_8.C	8	2.800	4.880	0.008
BPP_new_20_75_8.C	8	3.000	5.000	0.008
BPP_new_20_75_8.C	8	3.000	5.000	0.009
BPP_new_20_75_8.C	8	2.600	4.760	0.009
BPP_new_20_75_9.C	10	4.400	6.640	0.010
BPP_new_20_75_9.C	10	4.400	6.640	0.010
BPP_new_20_75_9.C	10	4.400	6.640	0.010
BPP_new_20_75_9.C	10	4.400	6.640	0.010
BPP_new_20_75_9.C	10	4.400	6.640	0.010
BPP_new_20_75_9.C	10	4.400	6.640	0.010
BPP_new_20_75_9.C	10	4.400	6.640	0.010
BPP_new_20_75_9.C	10	4.400	6.640	0.010
BPP_new_20_75_9.C	10	4.400	6.640	0.010
BPP_new_20_75_9.C	10	4.400	6.640	0.010
HBPP_02015007_09180.C	10	1.000	4.600	0.009
HBPP_02015007_09180.C	10	1.000	4.600	0.009
HBPP_02015007_09180.C	10	1.000	4.600	0.009
HBPP_02015007_09180.C	10	1.000	4.600	0.009
HBPP_02015007_09180.C	10	1.000	4.600	0.010
HBPP_02015007_09180.C	10	1.000	4.600	0.009
HBPP_02015007_09180.C	10	1.000	4.600	0.009
HBPP_02015007_09180.C	10	1.000	4.600	0.009
HBPP_02015007_09180.C	10	1.000	4.600	0.009
HBPP_02015007_09180.C	10	1.000	4.600	0.009
HBPP_04000107_06970.C	16	3.400	8.440	0.035
HBPP_04000107_06970.C	16	3.800	8.680	0.036
HBPP_04000107_06970.C	16	3.400	8.440	0.035
HBPP_04000107_06970.C	16	3.600	8.560	0.035
HBPP_04000107_06970.C	17	3.200	8.720	0.036
HBPP_04000107_06970.C	16	3.400	8.440	0.037
HBPP_04000107_06970.C	16	3.600	8.560	0.037
HBPP_04000107_06970.C	16	3.600	8.560	0.036
HBPP_04000107_06970.C	16	3.400	8.440	0.036
HBPP_04000107_06970.C	16	3.600	8.560	0.036
HBPP_04005007_06120.C	16	3.400	8.440	0.035
HBPP_04005007_06120.C	16	3.000	8.200	0.035
HBPP_04005007_06120.C	16	2.600	7.960	0.035
HBPP_04005007_06120.C	16	3.400	8.440	0.035
HBPP_04005007_06120.C	16	2.600	7.960	0.034
HBPP_04005007_06120.C	16	2.400	7.840	0.034
HBPP_04005007_06120.C	16	3.400	8.440	0.035
HBPP_04005007_06120.C	16	3.000	8.200	0.034
HBPP_04005007_06120.C	16	3.200	8.320	0.035
HBPP_04005007_06120.C	16	3.400	8.440	0.036
HBPP_04005009_03610.C	20	3.600	10.160	0.043
HBPP_04005009_03610.C	21	3.600	10.560	0.043
HBPP_04005009_03610.C	21	3.600	10.560	0.042
HBPP_04005009_03610.C	21	3.800	10.680	0.043
HBPP_04005009_03610.C	21	3.600	10.560	0.041
HBPP_04005009_03610.C	21	3.600	10.560	0.042
HBPP_04005009_03610.C	21	3.600	10.560	0.043
HBPP_04005009_03610.C	21	3.800	10.680	0.044
HBPP_04005009_03610.C	21	3.800	10.680	0.043
HBPP_04005009_03610.C	20	3.400	10.040	0.042
HBPP_06000106_07820.C	22	3.800	11.080	0.079
HBPP_06000106_07820.C	22	3.800	11.080	0.081
HBPP_06000106_07820.C	22	3.800	11.080	0.081
HBPP_06000106_07820.C	22	3.800	11.080	0.080
HBPP_06000106_07820.C	22	3.800	11.080	0.082
HBPP_06000106_07820.C	22	3.800	11.080	0.082
HBPP_06000106_07820.C	22	3.800	11.080	0.082
HBPP_06000106_07820.C	22	3.800	11.080	0.080
HBPP_06000106_07820.C	22	3.800	11.080	0.081
HBPP_06000106_07820.C	22	3.800	11.080	0.080
HBPP_06000110_01950.C	29	4.200	14.120	0.091
HBPP_06000110_01950.C	28	4.400	13.840	0.094
HBPP_06000110_01950.C	28	4.000	13.600	0.091
HBPP_06000110_01950.C	28	4.200	13.720	0.089
HBPP_06000110_01950.C	28	4.000	13.600	0.093
HBPP_06000110_01950.C	28	4.200	13.720	0.090
HBPP_06000110_01950.C	28	4.800	14.080	0.093
HBPP_06000110_01950.C	29	4.200	14.120	0.092
HBPP_06000110_01950.C	28	4.200	13.720	0.089
HBPP_06000110_01950.C	28	4.200	13.720	0.092
HBPP_06005007_00330.C	25	3.600	12.160	0.081
HBPP_06005007_00330.C	25	3.600	12.160	0.080
HBPP_06005007_00330.C	25	3.600	12.160	0.082
HBPP_06005007_00330.C	25	3.600	12.160	0.080
HBPP_06005007_00330.C	25	3.600	12.160	0.084
HBPP_06005007_00330.C	25	3.600	12.160	0.081
HBPP_06005007_00330.C	25	3.600	12.160	0.083
HBPP_06005007_00330.C	25	3.600	12.160	0.083
HBPP_06005007_00330.C	25	3.600	12.160	0.082
HBPP_06005007_00330.C	25	3.600	12.160	0.083
HBPP_06005007_03820.C	23	2.600	10.760	0.080
HBPP_06005007_03820.C	23	2.600	10.760	0.079
HBPP_06005007_03820.C	23	2.600	10.760	0.080
HBPP_06005007_03820.C	23	2.600	10.760	0.078
HBPP_06005007_03820.C	23	2.400	10.640	0.079
HBPP_06005007_03820.C	23	2.600	10.760	0.080
HBPP_06005007_03820.C	23	2.600	10.760	0.079
HBPP_06005007_03820.C	23	2.400	10.640	0.080
HBPP_06005007_03820.C	23	2.600	10.760	0.078
HBPP_06005007_03820.C	23	2.600	10.760	0.079
HBPP_06005008_07550.C	25	4.000	12.400	0.088
HBPP_06005008_07550.C	25	4.000	12.400	0.088
HBPP_06005008_07550.C	25	4.000	12.400	0.089
HBPP_06005008_07550.C	25	4.000	12.400	0.087
HBPP_06005008_07550.C	25	4.000	12.400	0.088
HBPP_06005008_07550.C	25	4.000	12.400	0.087
HBPP_06005008_07550.C	25	3.200	11.920	0.088
HBPP_06005008_07550.C	25	4.000	12.400	0.091
HBPP_06005008_07550.C	25	4.000	12.400	0.090
HBPP_06005008_07550.C	25	4.000	12.400	0.089
HBPP_06015006_00670.C	27	3.200	12.720	0.089
HBPP_06015006_00670.C	27	3.600	12.960	0.090
HBPP_06015006_00670.C	27	4.000	13.200	0.091
HBPP_06015006_00670.C	27	4.600	13.560	0.089
HBPP_06015006_00670.C	27	3.400	12.840	0.088
HBPP_06015006_00670.C	26	2.800	12.080	0.089
HBPP_06015006_00670.C	27	4.600	13.560	0.090
HBPP_06015006_00670.C	27	3.400	12.840	0.090
HBPP_06015006_00670.C	27	4.600	13.560	0.089
HBPP_06015006_00670.C	27	3.400	12.840	0.089
HBPP_06015009_04030.C	32	5.800	16.280	0.102
HBPP_06015009_04030.C	32	5.400	16.040	0.100
HBPP_06015009_04030.C	32	5.800	16.280	0.101
HBPP_06015009_04030.C	33	5.000	16.200	0.100
HBPP_06015009_04030.C	32	5.800	16.280	0.099
HBPP_06015009_04030.C	32	5.800	16.280	0.101
HBPP_06015009_04030.C	32	5.800	16.280	0.101
HBPP_06015009_04030.C	32	5.800	16.280	0.100
HBPP_06015009_04030.C	32	5.800	16.280	0.102
HBPP_06015009_04030.C	32	5.800	16.280	0.100
HBPP_06015010_07710.C	36	4.000	16.800	0.104
HBPP_06015010_07710.C	36	4.000	16.800	0.106
HBPP_06015010_07710.C	35	3.800	16.280	0.105
HBPP_06015010_07710.C	36	4.000	16.800	0.107
HBPP_06015010_07710.C	36	4.000	16.800	0.104
HBPP_06015010_07710.C	36	4.000	16.800	0.108
HBPP_06015010_07710.C	36	4.000	16.800	0.107
HBPP_06015010_07710.C	36	4.000	16.800	0.106
HBPP_06015010_07710.C	36	4.000	16.800	0.105
HBPP_06015010_07710.C	35	3.800	16.280	0.107
HBPP_06025005_06390.C	26	6.400	14.240	0.082
HBPP_06025005_06390.C	26	6.400	14.240	0.080
HBPP_06025005_06390.C	26	6.400	14.240	0.078
HBPP_06025005_06390.C	26	6.400	14.240	0.082
HBPP_06025005_06390.C	26	6.400	14.240	0.081
HBPP_06025005_06390.C	26	6.400	14.240	0.081
HBPP_06025005_06390.C	26	6.400	14.240	0.080
HBPP_06025005_06390.C	26	6.400	14.240	0.081
HBPP_06025005_06390.C	26	6.400	14.240	0.081
HBPP_06025005_06390.C	26	6.400	14.240	0.080
HBPP_08000107_06240.C	30	6.800	16.080	0.168
HBPP_08000107_06240.C	30	6.800	16.080	0.167
HBPP_08000107_06240.C	30	6.800	16.080	0.172
HBPP_08000107_06240.C	30	6.800	16.080	0.165
HBPP_08000107_06240.C	30	6.800	16.080	0.163
HBPP_08000107_06240.C	30	6.800	16.080	0.169
HBPP_08000107_06240.C	30	6.800	16.080	0.166
HBPP_08000107_06240.C	29	7.400	16.040	0.166
HBPP_08000107_06240.C	30	6.800	16.080	0.169
HBPP_08000107_06240.C	30	5.600	15.360	0.167
HBPP_08005006_08620.C	28	6.800	15.280	0.148
HBPP_08005006_08620.C	28	6.600	15.160	0.146
HBPP_08005006_08620.C	29	6.400	15.440	0.148
HBPP_08005006_08620.C	29	6.400	15.440	0.147
HBPP_08005006_08620.C	28	6.600	15.160	0.144
HBPP_08005006_08620.C	29	6.400	15.440	0.147
HBPP_08005006_08620.C	28	6.400	15.040	0.147
HBPP_08005006_08620.C	28	7.000	15.400	0.146
HBPP_08005006_08620.C	28	6.400	15.040	0.147
HBPP_08005006_08620.C	29	6.400	15.440	0.150
HBPP_08005007_03940.C	32	6.200	16.520	0.156
HBPP_08005007_03940.C	32	6.200	16.520	0.157
HBPP_08005007_03940.C	32	6.200	16.520	0.152
HBPP_08005007_03940.C	32	6.000	16.400	0.153
HBPP_08005007_03940.C	32	6.200	16.520	0.156
HBPP_08005007_03940.C	32	6.200	16.520	0.159
HBPP_08005007_03940.C	31	6.800	16.480	0.155
HBPP_08005007_03940.C	31	6.600	16.360	0.157
HBPP_08005007_03940.C	32	6.200	16.520	0.158
HBPP_08005007_03940.C	32	6.200	16.520	0.157
HBPP_10000107_05080.C	40	7.000	20.200	0.282
HBPP_10000107_05080.C	40	7.200	20.320	0.285
HBPP_10000107_05080.C	40	7.000	20.200	0.289
HBPP_10000107_05080.C	40	7.200	20.320	0.286
HBPP_10000107_05080.C	40	7.200	20.320	0.282
HBPP_10000107_05080.C	40	7.200	20.320	0.284
HBPP_10000107_05080.C	40	7.000	20.200	0.286
HBPP_10000107_05080.C	40	7.200	20.320	0.288
HBPP_10000107_05080.C	40	7.000	20.200	0.285
HBPP_10000107_05080.C	40	7.200	20.320	0.285
HBPP_10000107_07330.C	38	4.800	18.080	0.275
HBPP_10000107_07330.C	38	4.800	18.080	0.267
HBPP_10000107_07330.C	38	4.800	18.080	0.268
HBPP_10000107_07330.C	38	4.800	18.080	0.274
HBPP_10000107_07330.C	38	4.800	18.080	0.278
HBPP_10000107_07330.C	38	4.800	18.080	0.270
HBPP_10000107_07330.C	38	4.800	18.080	0.271
HBPP_10000107_07330.C	38	4.800	18.080	0.273
HBPP_10000107_07330.C	38	4.800	18.080	0.271
HBPP_10000107_07330.C	38	4.800	18.080	0.275
HBPP_10000108_02570.C	42	7.200	21.120	0.305
HBPP_10000108_02570.C	42	7.400	21.240	0.296
HBPP_10000108_02570.C	42	7.200	21.120	0.300
HBPP_10000108_02570.C	42	7.200	21.120	0.293
HBPP_10000108_02570.C	42	6.600	20.760	0.322
HBPP_10000108_02570.C	41	7.400	20.840	0.309
HBPP_10000108_02570.C	42	7.400	21.240	0.302
HBPP_10000108_02570.C	41	7.400	20.840	0.288
HBPP_10000108_02570.C	42	7.800	21.480	0.323
HBPP_10000108_02570.C	42	8.000	21.600	0.295
HBPP_10015007_04640.C	49	6.600	23.560	0.346
HBPP_10015007_04640.C	49	6.600	23.560	0.319
HBPP_10015007_04640.C	48	6.400	23.040	0.318
HBPP_10015007_04640.C	49	6.600	23.560	0.315
HBPP_10015007_04640.C	49	6.600	23.560	0.314
HBPP_10015007_04640.C	49	6.600	23.560	0.339
HBPP_10015007_04640.C	48	7.000	23.400	0.316
HBPP_10015007_04640.C	49	6.600	23.560	0.369
HBPP_10015007_04640.C	49	6.600	23.560	0.310
HBPP_10015007_04640.C	49	6.400	23.440	0.319
HBPP_12000107_08940.C	49	7.600	24.160	0.555
HBPP_12000107_08940.C	49	7.600	24.160	0.456
HBPP_12000107_08940.C	49	7.600	24.160	0.447
HBPP_12000107_08940.C	49	7.600	24.160	0.457
HBPP_12000107_08940.C	49	7.600	24.160	0.460
HBPP_12000107_08940.C	49	7.600	24.160	0.453
HBPP_12000107_08940.C	49	7.600	24.160	0.451
HBPP_12000107_08940.C	49	7.600	24.160	0.459
HBPP_12000107_08940.C	49	7.600	24.160	0.443
HBPP_12000107_08940.C	49	7.600	24.160	0.446
HBPP_12000108_00350.C	48	4.200	21.720	0.456
HBPP_12000108_00350.C	48	4.200	21.720	0.444
HBPP_12000108_00350.C	48	4.200	21.720	0.483
HBPP_12000108_00350.C	48	4.200	21.720	0.451
HBPP_12000108_00350.C	48	4.200	21.720	0.446
HBPP_12000108_00350.C	48	4.200	21.720	0.470
HBPP_12000108_00350.C	48	4.200	21.720	0.466
HBPP_12000108_00350.C	48	4.200	21.720	0.451
HBPP_12000108_00350.C	48	4.200	21.720	0.468
HBPP_12000108_00350.C	48	4.200	21.720	0.447
HBPP_12000109_09170.C	62	6.200	28.520	0.517
HBPP_12000109_09170.C	62	6.200	28.520	0.539
HBPP_12000109_09170.C	62	6.200	28.520	0.527
HBPP_12000109_09170.C	62	6.000	28.400	0.523
HBPP_12000109_09170.C	62	6.200	28.520	0.524
HBPP_12000109_09170.C	62	6.200	28.520	0.526
HBPP_12000109_09170.C	62	6.200	28.520	0.537
HBPP_12000109_09170.C	62	6.200	28.520	0.542
HBPP_12000109_09170.C	62	6.200	28.520	0.519
HBPP_12000109_09170.C	62	6.200	28.520	0.526
HBPP_12000110_06550.C	66	7.800	31.080	0.567
HBPP_12000110_06550.C	66	7.800	31.080	0.561
HBPP_12000110_06550.C	65	6.800	30.080	0.552
HBPP_12000110_06550.C	66	7.800	31.080	0.557
HBPP_12000110_06550.C	66	7.800	31.080	0.560
HBPP_12000110_06550.C	66	7.800	31.080	0.562
HBPP_12000110_06550.C	65	7.000	30.200	0.563
HBPP_12000110_06550.C	66	7.800	31.080	0.560
HBPP_12000110_06550.C	66	7.800	31.080	0.564
HBPP_12000110_06550.C	66	7.800	31.080	0.558
HBPP_12005007_01380.C	57	8.400	27.840	0.497
HBPP_12005007_01380.C	57	7.400	27.240	0.500
HBPP_12005007_01380.C	57	8.200	27.720	0.493
HBPP_12005007_01380.C	56	7.400	26.840	0.487
HBPP_12005007_01380.C	57	7.000	27.000	0.490
HBPP_12005007_01380.C	57	7.000	27.000	0.499
HBPP_12005007_01380.C	57	8.200	27.720	0.493
HBPP_12005007_01380.C	58	8.000	28.000	0.567
HBPP_12005007_01380.C	57	7.400	27.240	0.492
HBPP_12005007_01380.C	57	7.600	27.360	0.507
HBPP_12005007_01800.C	48	6.800	23.280	0.438
HBPP_12005007_01800.C	48	6.800	23.280	0.441
HBPP_12005007_01800.C	48	6.800	23.280	0.440
HBPP_12005007_01800.C	48	6.800	23.280	0.436
HBPP_12005007_01800.C	48	6.800	23.280	0.452
HBPP_12005007_01800.C	48	6.800	23.280	0.441
HBPP_12005007_01800.C	48	6.800	23.280	0.444
HBPP_12005007_01800.C	48	6.800	23.280	0.438
HBPP_12005007_01800.C	48	6.800	23.280	0.441
HBPP_12005007_01800.C	48	6.800	23.280	0.443
HBPP_12005007_03240.C	47	5.200	21.920	0.427
HBPP_12005007_03240.C	47	5.200	21.920	0.425
HBPP_12005007_03240.C	47	5.200	21.920	0.423
HBPP_12005007_03240.C	47	5.200	21.920	0.420
HBPP_12005007_03240.C	47	5.200	21.920	0.428
HBPP_12005007_03240.C	47	5.200	21.920	0.426
HBPP_12005007_03240.C	47	5.200	21.920	0.422
HBPP_12005007_03240.C	47	5.200	21.920	0.424
HBPP_12005007_03240.C	47	5.200	21.920	0.426
HBPP_12005007_03240.C	47	5.200	21.920	0.432
HBPP_12005008_04500.C	61	9.200	29.920	0.520
HBPP_12005008_04500.C	60	8.400	29.040	0.514
HBPP_12005008_04500.C	60	9.000	29.400	0.518
HBPP_12005008_04500.C	61	9.200	29.920	0.530
HBPP_12005008_04500.C	61	9.200	29.920	0.536
HBPP_12005008_04500.C	61	9.200	29.920	0.548
HBPP_12005008_04500.C	61	9.200	29.920	0.531
HBPP_12005008_04500.C	61	9.200	29.920	0.527
HBPP_12005008_04500.C	60	8.800	29.280	0.521
HBPP_12005008_04500.C	60	9.800	29.880	0.526
HBPP_12015007_01650.C	58	7.800	27.880	0.483
HBPP_12015007_01650.C	58	7.800	27.880	0.478
HBPP_12015007_01650.C	58	7.800	27.880	0.487
HBPP_12015007_01650.C	58	7.800	27.880	0.484
HBPP_12015007_01650.C	58	7.800	27.880	0.485
HBPP_12015007_01650.C	57	8.400	27.840	0.479
HBPP_12015007_01650.C	58	7.800	27.880	0.482
HBPP_12015007_01650.C	58	7.800	27.880	0.484
HBPP_12015007_01650.C	58	7.800	27.880	0.487
HBPP_12015007_01650.C	58	7.800	27.880	0.485
HBPP_12015009_07400.C	66	10.000	32.400	0.542
HBPP_12015009_07400.C	66	10.000	32.400	0.534
HBPP_12015009_07400.C	66	10.000	32.400	0.534
HBPP_12015009_07400.C	66	10.000	32.400	0.528
HBPP_12015009_07400.C	66	10.000	32.400	0.547
HBPP_12015009_07400.C	66	10.000	32.400	0.539
HBPP_12015009_07400.C	66	10.000	32.400	0.535
HBPP_12015009_07400.C	66	10.000	32.400	0.539
HBPP_12015009_07400.C	66	10.000	32.400	0.539
HBPP_12015009_07400.C	66	10.000	32.400	0.541
HBPP_14005010_04470.C	85	12.400	41.440	0.871
HBPP_14005010_04470.C	85	12.600	41.560	0.892
HBPP_14005010_04470.C	86	13.600	42.560	0.863
HBPP_14005010_04470.C	85	12.600	41.560	0.868
HBPP_14005010_04470.C	85	12.600	41.560	0.901
HBPP_14005010_04470.C	86	13.600	42.560	0.884
HBPP_14005010_04470.C	85	12.600	41.560	0.917
HBPP_14005010_04470.C	85	12.000	41.200	0.864
HBPP_14005010_04470.C	86	13.200	42.320	0.882
HBPP_14005010_04470.C	85	12.600	41.560	0.867
HBPP_14015007_01210.C	69	8.800	32.880	0.727
HBPP_14015007_01210.C	69	8.800	32.880	0.726
HBPP_14015007_01210.C	69	8.800	32.880	0.755
HBPP_14015007_01210.C	69	8.800	32.880	0.739
HBPP_14015007_01210.C	69	8.800	32.880	0.715
HBPP_14015007_01210.C	69	8.800	32.880	0.710
HBPP_14015007_01210.C	69	8.800	32.880	0.719
HBPP_14015007_01210.C	69	8.800	32.880	0.730
HBPP_14015007_01210.C	69	8.800	32.880	0.730
HBPP_14015007_01210.C	69	8.800	32.880	0.719
HBPP_14015008_03730.C	71	8.800	33.680	0.749
HBPP_14015008_03730.C	71	8.800	33.680	0.753
HBPP_14015008_03730.C	71	8.800	33.680	0.746
HBPP_14015008_03730.C	71	8.800	33.680	0.755
HBPP_14015008_03730.C	71	8.800	33.680	0.751
HBPP_14015008_03730.C	71	8.800	33.680	0.755
HBPP_14015008_03730.C	71	8.800	33.680	0.754
HBPP_14015008_03730.C	71	8.800	33.680	0.754
HBPP_14015008_03730.C	71	8.800	33.680	0.759
HBPP_14015008_03730.C	71	8.800	33.680	0.752
HBPP_16000107_00140.C	68	16.800	37.280	1.077
HBPP_16000107_00140.C	67	17.000	37.000	1.082
HBPP_16000107_00140.C	67	15.800	36.280	1.052
HBPP_16000107_00140.C	68	16.800	37.280	1.060
HBPP_16000107_00140.C	67	15.800	36.280	1.062
HBPP_16000107_00140.C	68	16.800	37.280	1.057
HBPP_16000107_00140.C	68	16.800	37.280	1.081
HBPP_16000107_00140.C	68	16.800	37.280	1.054
HBPP_16000107_00140.C	68	16.800	37.280	1.082
HBPP_16000107_00140.C	67	16.800	36.880	1.055
HBPP_16000108_01490.C	74	14.400	38.240	1.116
HBPP_16000108_01490.C	74	14.400	38.240	1.094
HBPP_16000108_01490.C	74	14.400	38.240	1.110
HBPP_16000108_01490.C	74	14.400	38.240	1.122
HBPP_16000108_01490.C	74	14.400	38.240	1.103
HBPP_16000108_01490.C	73	15.000	38.200	1.116
HBPP_16000108_01490.C	73	13.800	37.480	1.137
HBPP_16000108_01490.C	73	14.600	37.960	1.116
HBPP_16000108_01490.C	74	14.400	38.240	1.101
HBPP_16000108_01490.C	74	14.400	38.240	1.091
HBPP_16000110_02790.C	90	17.200	46.320	1.248
HBPP_16000110_02790.C	91	18.200	47.320	1.233
HBPP_16000110_02790.C	91	18.200	47.320	1.207
HBPP_16000110_02790.C	91	18.200	47.320	1.204
HBPP_16000110_02790.C	91	18.200	47.320	1.202
HBPP_16000110_02790.C	91	18.200	47.320	1.207
HBPP_16000110_02790.C	91	18.200	47.320	1.200
HBPP_16000110_02790.C	91	18.200	47.320	1.202
HBPP_16000110_02790.C	89	18.800	46.880	1.233
HBPP_16000110_02790.C	91	18.200	47.320	1.224
HBPP_16005009_00010.C	85	16.200	43.720	1.098
HBPP_16005009_00010.C	85	16.200	43.720	1.113
HBPP_16005009_00010.C	85	16.000	43.600	1.118
HBPP_16005009_00010.C	85	16.200	43.720	1.120
HBPP_16005009_00010.C	85	16.200	43.720	1.101
HBPP_16005009_00010.C	85	16.200	43.720	1.137
HBPP_16005009_00010.C	84	16.200	43.320	1.102
HBPP_16005009_00010.C	85	16.200	43.720	1.104
HBPP_16005009_00010.C	85	16.200	43.720	1.107
HBPP_16005009_00010.C	85	16.200	43.720	1.097
HBPP_16005009_01610.C	87	13.800	43.080	1.129
HBPP_16005009_01610.C	87	13.800	43.080	1.149
HBPP_16005009_01610.C	86	14.400	43.040	1.157
HBPP_16005009_01610.C	87	13.800	43.080	1.148
HBPP_16005009_01610.C	87	13.800	43.080	1.112
HBPP_16005009_01610.C	87	13.800	43.080	1.113
HBPP_16005009_01610.C	87	13.800	43.080	1.140
HBPP_16005009_01610.C	87	13.800	43.080	1.131
HBPP_16005009_01610.C	87	13.800	43.080	1.168
HBPP_16005009_01610.C	86	14.200	42.920	1.117
HBPP_16015007_02060.C	81	12.400	39.840	1.135
HBPP_16015007_02060.C	81	12.400	39.840	1.089
HBPP_16015007_02060.C	80	12.600	39.560	1.085
HBPP_16015007_02060.C	81	12.400	39.840	1.125
HBPP_16015007_02060.C	80	12.600	39.560	1.181
HBPP_16015007_02060.C	81	12.400	39.840	1.085
HBPP_16015007_02060.C	81	12.400	39.840	1.102
HBPP_16015007_02060.C	81	12.400	39.840	1.067
HBPP_16015007_02060.C	81	12.400	39.840	1.123
HBPP_16015007_02060.C	81	12.400	39.840	1.072
HBPP_16015009_09810.C	92	15.400	46.040	1.156
HBPP_16015009_09810.C	91	14.400	45.040	1.144
HBPP_16015009_09810.C	92	15.400	46.040	1.161
HBPP_16015009_09810.C	92	15.400	46.040	1.179
HBPP_16015009_09810.C	92	14.200	45.320	1.154
HBPP_16015009_09810.C	92	15.400	46.040	1.174
HBPP_16015009_09810.C	92	15.400	46.040	1.271
HBPP_16015009_09810.C	92	15.400	46.040	1.166
HBPP_16015009_09810.C	92	15.400	46.040	1.161
HBPP_16015009_09810.C	92	15.400	46.040	1.197
HBPP_18000108_03590.C	86	11.200	41.120	1.444
HBPP_18000108_03590.C	86	11.200	41.120	1.413
HBPP_18000108_03590.C	86	11.200	41.120	1.441
HBPP_18000108_03590.C	86	11.200	41.120	1.420
HBPP_18000108_03590.C	85	10.600	40.360	1.447
HBPP_18000108_03590.C	86	11.200	41.120	1.479
HBPP_18000108_03590.C	85	10.600	40.360	1.434
HBPP_18000108_03590.C	86	11.200	41.120	1.459
HBPP_18000108_03590.C	85	11.600	40.960	1.428
HBPP_18000108_03590.C	86	11.200	41.120	1.426
HBPP_18000108_07160.C	84	11.800	40.680	1.444
HBPP_18000108_07160.C	84	11.800	40.680	1.448
HBPP_18000108_07160.C	84	11.800	40.680	1.449
HBPP_18000108_07160.C	84	11.800	40.680	1.462
HBPP_18000108_07160.C	84	11.800	40.680	1.471
HBPP_18000108_07160.C	84	11.800	40.680	1.455
HBPP_18000108_07160.C	84	11.800	40.680	1.454
HBPP_18000108_07160.C	83	10.800	39.680	1.476
HBPP_18000108_07160.C	84	11.800	40.680	1.460
HBPP_18000108_07160.C	83	10.800	39.680	1.478
HBPP_18000110_04390.C	94	9.800	43.480	1.559
HBPP_18000110_04390.C	94	9.800	43.480	1.561
HBPP_18000110_04390.C	94	9.800	43.480	1.560
HBPP_18000110_04390.C	94	9.800	43.480	1.592
HBPP_18000110_04390.C	94	9.800	43.480	1.578
HBPP_18000110_04390.C	94	9.800	43.480	1.602
HBPP_18000110_04390.C	94	9.800	43.480	1.573
HBPP_18000110_04390.C	94	9.800	43.480	1.547
HBPP_18000110_04390.C	94	9.800	43.480	1.558
HBPP_18000110_04390.C	94	9.800	43.480	1.566
HBPP_18015008_08210.C	97	18.000	49.600	1.563
HBPP_18015008_08210.C	97	17.400	49.240	1.576
HBPP_18015008_08210.C	97	19.200	50.320	1.576
HBPP_18015008_08210.C	97	19.200	50.320	1.573
HBPP_18015008_08210.C	97	19.200	50.320	1.570
HBPP_18015008_08210.C	97	19.200	50.320	1.555
HBPP_18015008_08210.C	98	17.600	49.760	1.569
HBPP_18015008_08210.C	96	18.200	49.320	1.583
HBPP_18015008_08210.C	96	18.200	49.320	1.552
HBPP_18015008_08210.C	99	17.000	49.800	1.559
HBPP_18015010_06050.C	114	13.000	53.400	1.766
HBPP_18015010_06050.C	113	13.200	53.120	1.759
HBPP_18015010_06050.C	113	13.200	53.120	1.774
HBPP_18015010_06050.C	114	13.400	53.640	1.777
HBPP_18015010_06050.C	113	13.000	53.000	1.841
HBPP_18015010_06050.C	114	13.400	53.640	1.843
HBPP_18015010_06050.C	114	13.000	53.400	1.810
HBPP_18015010_06050.C	114	13.400	53.640	1.860
HBPP_18015010_06050.C	114	13.400	53.640	1.769
HBPP_18015010_06050.C	113	13.600	53.360	1.852
HBPP_20000107_01190.C	84	8.000	38.400	1.731
HBPP_20000107_01190.C	84	8.000	38.400	1.738
HBPP_20000107_01190.C	84	8.000	38.400	1.699
HBPP_20000107_01190.C	84	8.000	38.400	1.745
HBPP_20000107_01190.C	84	8.000	38.400	1.730
HBPP_20000107_01190.C	84	8.000	38.400	1.810
HBPP_20000107_01190.C	84	8.000	38.400	1.765
HBPP_20000107_01190.C	84	8.000	38.400	1.749
HBPP_20000107_01190.C	84	8.000	38.400	1.717
HBPP_20000107_01190.C	84	8.000	38.400	1.731
HBPP_20000108_00250.C	85	15.800	43.480	1.807
HBPP_20000108_00250.C	85	15.800	43.480	1.832
HBPP_20000108_00250.C	84	15.000	42.600	1.809
HBPP_20000108_00250.C	85	15.800	43.480	1.832
HBPP_20000108_00250.C	85	15.800	43.480	1.786
HBPP_20000108_00250.C	85	15.800	43.480	1.817
HBPP_20000108_00250.C	85	15.800	43.480	1.807
HBPP_20000108_00250.C	85	15.800	43.480	1.827
HBPP_20000108_00250.C	85	15.800	43.480	1.842
HBPP_20000108_00250.C	85	15.800	43.480	1.807
HBPP_20000108_01750.C	95	17.000	48.200	1.999
HBPP_20000108_01750.C	94	17.400	48.040	1.972
HBPP_20000108_01750.C	96	17.000	48.600	2.001
HBPP_20000108_01750.C	96	17.000	48.600	1.995
HBPP_20000108_01750.C	96	17.000	48.600	2.057
HBPP_20000108_01750.C	96	17.000	48.600	2.022
HBPP_20000108_01750.C	96	17.000	48.600	1.969
HBPP_20000108_01750.C	96	17.000	48.600	1.959
HBPP_20000108_01750.C	96	17.000	48.600	1.994
HBPP_20000108_01750.C	96	17.000	48.600	2.022
HBPP_20005008_01240.C	94	13.600	45.760	1.902
HBPP_20005008_01240.C	94	13.600	45.760	1.906
HBPP_20005008_01240.C	94	13.600	45.760	1.919
HBPP_20005008_01240.C	94	13.600	45.760	1.962
HBPP_20005008_01240.C	94	13.600	45.760	1.916
HBPP_20005008_01240.C	94	13.600	45.760	1.939
HBPP_20005008_01240.C	94	13.600	45.760	1.906
HBPP_20005008_01240.C	94	13.600	45.760	1.933
HBPP_20005008_01240.C	94	13.600	45.760	1.953
HBPP_20005008_01240.C	94	13.600	45.760	1.902
HBPP_20005009_02000.C	104	14.400	50.240	2.067
HBPP_20005009_02000.C	105	15.200	51.120	2.089
HBPP_20005009_02000.C	104	15.400	50.840	2.067
HBPP_20005009_02000.C	104	14.200	50.120	2.023
HBPP_20005009_02000.C	103	15.200	50.320	2.008
HBPP_20005009_02000.C	105	15.200	51.120	2.032
HBPP_20005009_02000.C	103	14.600	49.960	2.070
HBPP_20005009_02000.C	105	15.200	51.120	2.146
HBPP_20005009_02000.C	105	15.200	51.120	2.100
HBPP_20005009_02000.C	105	15.200	51.120	2.026
HBPP_20005010_09530.C	112	12.200	52.120	2.206
HBPP_20005010_09530.C	111	11.200	51.120	2.104
HBPP_20005010_09530.C	112	12.200	52.120	2.107
HBPP_20005010_09530.C	111	11.200	51.120	2.131
HBPP_20005010_09530.C	112	12.200	52.120	2.092
HBPP_20005010_09530.C	111	12.400	51.840	2.142
HBPP_20005010_09530.C	112	12.200	52.120	2.157
HBPP_20005010_09530.C	111	11.200	51.120	2.183
HBPP_20005010_09530.C	112	12.200	52.120	2.135
HBPP_20005010_09530.C	112	12.200	52.120	2.098
HBPP_20015007_06370.C	91	11.400	43.240	1.685
HBPP_20015007_06370.C	91	11.400	43.240	1.709
HBPP_20015007_06370.C	91	11.400	43.240	1.743
HBPP_20015007_06370.C	91	11.400	43.240	1.720
HBPP_20015007_06370.C	91	11.400	43.240	1.688
HBPP_20015007_06370.C	91	11.400	43.240	1.707
HBPP_20015007_06370.C	91	11.400	43.240	1.692
HBPP_20015007_06370.C	91	11.400	43.240	1.706
HBPP_20015007_06370.C	91	11.400	43.240	1.704
HBPP_20015007_06370.C	91	11.400	43.240	1.709
HBPP_20015009_02720.C	121	20.600	60.760	2.300
HBPP_20015009_02720.C	121	20.600	60.760	2.319
HBPP_20015009_02720.C	121	20.600	60.760	2.276
HBPP_20015009_02720.C	121	20.600	60.760	2.320
HBPP_20015009_02720.C	121	20.600	60.760	2.239
HBPP_20015009_02720.C	121	20.600	60.760	2.293
HBPP_20015009_02720.C	121	20.600	60.760	2.319
HBPP_20015009_02720.C	121	20.600	60.760	2.262
HBPP_20015009_02720.C	121	20.600	60.760	2.252
HBPP_20015009_02720.C	121	20.600	60.760	2.238
BPP_100_1000_0.1_0.8_0.C	51	1.000	21.000	0.326
BPP_100_1000_0.1_0.8_0.C	50	1.600	20.960	0.322
BPP_100_1000_0.1_0.8_0.C	51	1.200	21.120	0.327
BPP_100_1000_0.1_0.8_0.C	50	0.600	20.360	0.321
BPP_100_1000_0.1_0.8_0.C	49	2.400	21.040	0.321
BPP_100_1000_0.1_0.8_0.C	49	2.400	21.040	0.319
BPP_100_1000_0.1_0.8_0.C	50	1.200	20.720	0.318
BPP_100_1000_0.1_0.8_0.C	49	1.200	20.320	0.321
BPP_100_1000_0.1_0.8_0.C	50	1.000	20.600	0.322
BPP_100_1000_0.1_0.8_0.C	50	1.200	20.720	0.320
BPP_100_1000_0.1_0.8_1.C	50	1.800	21.080	0.324
BPP_100_1000_0.1_0.8_1.C	50	1.800	21.080	0.316
BPP_100_1000_0.1_0.8_1.C	50	1.800	21.080	0.345
BPP_100_1000_0.1_0.8_1.C	50	1.800	21.080	0.328
BPP_100_1000_0.1_0.8_1.C	50	1.800	21.080	0.320
BPP_100_1000_0.1_0.8_1.C	49	2.000	20.800	0.342
BPP_100_1000_0.1_0.8_1.C	50	1.800	21.080	0.343
BPP_100_1000_0.1_0.8_1.C	49	1.600	20.560	0.320
BPP_100_1000_0.1_0.8_1.C	50	1.800	21.080	0.319
BPP_100_1000_0.1_0.8_1.C	50	1.800	21.080	0.336
BPP_100_1000_0.1_0.8_2.C	48	3.200	21.120	0.329
BPP_100_1000_0.1_0.8_2.C	48	3.200	21.120	0.348
BPP_100_1000_0.1_0.8_2.C	48	3.200	21.120	0.322
BPP_100_1000_0.1_0.8_2.C	48	3.000	21.000	0.320
BPP_100_1000_0.1_0.8_2.C	48	3.200	21.120	0.327
BPP_100_1000_0.1_0.8_2.C	48	3.200	21.120	0.323
BPP_100_1000_0.1_0.8_2.C	48	3.200	21.120	0.336
BPP_100_1000_0.1_0.8_2.C	48	3.200	21.120	0.335
BPP_100_1000_0.1_0.8_2.C	48	3.200	21.120	0.330
BPP_100_1000_0.1_0.8_2.C	48	3.200	21.120	0.324
BPP_100_1000_0.1_0.8_3.C	48	1.400	20.040	0.322
BPP_100_1000_0.1_0.8_3.C	48	1.600	20.160	0.319
BPP_100_1000_0.1_0.8_3.C	48	1.600	20.160	0.315
BPP_100_1000_0.1_0.8_3.C	48	1.600	20.160	0.319
BPP_100_1000_0.1_0.8_3.C	48	1.600	20.160	0.319
BPP_100_1000_0.1_0.8_3.C	48	1.600	20.160	0.324
BPP_100_1000_0.1_0.8_3.C	48	1.600	20.160	0.314
BPP_100_1000_0.1_0.8_3.C	48	1.600	20.160	0.317
BPP_100_1000_0.1_0.8_3.C	48	1.600	20.160	0.312
BPP_100_1000_0.1_0.8_3.C	48	1.600	20.160	0.318
BPP_100_1000_0.1_0.8_4.C	49	1.200	20.320	0.328
BPP_100_1000_0.1_0.8_4.C	49	1.200	20.320	0.318
BPP_100_1000_0.1_0.8_4.C	49	1.000	20.200	0.322
BPP_100_1000_0.1_0.8_4.C	49	1.200	20.320	0.323
BPP_100_1000_0.1_0.8_4.C	47	2.400	20.240	0.317
BPP_100_1000_0.1_0.8_4.C	49	1.200	20.320	0.321
BPP_100_1000_0.1_0.8_4.C	49	1.200	20.320	0.321
BPP_100_1000_0.1_0.8_4.C	49	1.200	20.320	0.323
BPP_100_1000_0.1_0.8_4.C	49	1.200	20.320	0.331
BPP_100_1000_0.1_0.8_4.C	49	1.200	20.320	0.326
BPP_100_1000_0.1_0.8_5.C	49	6.000	23.200	0.315
BPP_100_1000_0.1_0.8_5.C	50	6.000	23.600	0.318
BPP_100_1000_0.1_0.8_5.C	49	6.200	23.320	0.328
BPP_100_1000_0.1_0.8_5.C	49	6.200	23.320	0.320
BPP_100_1000_0.1_0.8_5.C	50	5.800	23.480	0.324
BPP_100_1000_0.1_0.8_5.C	50	6.200	23.720	0.321
BPP_100_1000_0.1_0.8_5.C	49	6.400	23.440	0.331
BPP_100_1000_0.1_0.8_5.C	49	6.000	23.200	0.318
BPP_100_1000_0.1_0.8_5.C	49	6.200	23.320	0.316
BPP_100_1000_0.1_0.8_5.C	49	6.400	23.440	0.313
BPP_100_1000_0.1_0.8_6.C	49	3.200	21.520	0.308
BPP_100_1000_0.1_0.8_6.C	49	3.200	21.520	0.316
BPP_100_1000_0.1_0.8_6.C	49	3.200	21.520	0.321
BPP_100_1000_0.1_0.8_6.C	48	3.800	21.480	0.314
BPP_100_1000_0.1_0.8_6.C	49	3.200	21.520	0.313
BPP_100_1000_0.1_0.8_6.C	48	3.600	21.360	0.310
BPP_100_1000_0.1_0.8_6.C	49	3.200	21.520	0.309
BPP_100_1000_0.1_0.8_6.C	49	3.200	21.520	0.310
BPP_100_1000_0.1_0.8_6.C	49	3.000	21.400	0.331
BPP_100_1000_0.1_0.8_6.C	49	3.200	21.520	0.310
BPP_100_1000_0.1_0.8_7.C	49	2.600	21.160	0.332
BPP_100_1000_0.1_0.8_7.C	50	2.200	21.320	0.327
BPP_100_1000_0.1_0.8_7.C	50	2.600	21.560	0.339
BPP_100_1000_0.1_0.8_7.C	50	2.400	21.440	0.329
BPP_100_1000_0.1_0.8_7.C	49	3.000	21.400	0.326
BPP_100_1000_0.1_0.8_7.C	50	2.800	21.680	0.328
BPP_100_1000_0.1_0.8_7.C	50	2.600	21.560	0.332
BPP_100_1000_0.1_0.8_7.C	49	2.600	21.160	0.327
BPP_100_1000_0.1_0.8_7.C	50	2.800	21.680	0.337
BPP_100_1000_0.1_0.8_7.C	49	2.400	21.040	0.327
BPP_100_1000_0.1_0.8_8.C	55	3.400	24.040	0.350
BPP_100_1000_0.1_0.8_8.C	53	4.200	23.720	0.353
BPP_100_1000_0.1_0.8_8.C	54	3.000	23.400	0.347
BPP_100_1000_0.1_0.8_8.C	54	2.800	23.280	0.374
BPP_100_1000_0.1_0.8_8.C	54	2.400	23.040	0.368
BPP_100_1000_0.1_0.8_8.C	54	4.000	24.000	0.350
BPP_100_1000_0.1_0.8_8.C	55	2.400	23.440	0.383
BPP_100_1000_0.1_0.8_8.C	54	4.000	24.000	0.349
BPP_100_1000_0.1_0.8_8.C	54	2.200	22.920	0.350
BPP_100_1000_0.1_0.8_8.C	54	4.400	24.240	0.354
BPP_100_1000_0.1_0.8_9.C	47	2.600	20.360	0.328
BPP_100_1000_0.1_0.8_9.C	47	2.600	20.360	0.322
BPP_100_1000_0.1_0.8_9.C	47	2.600	20.360	0.328
BPP_100_1000_0.1_0.8_9.C	47	2.600	20.360	0.315
BPP_100_1000_0.1_0.8_9.C	47	2.600	20.360	0.312
BPP_100_1000_0.1_0.8_9.C	47	2.600	20.360	0.321
BPP_100_1000_0.1_0.8_9.C	47	2.600	20.360	0.323
BPP_100_1000_0.1_0.8_9.C	47	2.600	20.360	0.310
BPP_100_1000_0.1_0.8_9.C	47	2.600	20.360	0.317
BPP_100_1000_0.1_0.8_9.C	47	2.600	20.360	0.310
BPP_100_100_0.1_0.8_0.C	51	4.200	22.920	0.348
BPP_100_100_0.1_0.8_0.C	51	4.200	22.920	0.342
BPP_100_100_0.1_0.8_0.C	51	4.200	22.920	0.344
BPP_100_100_0.1_0.8_0.C	51	4.200	22.920	0.343
BPP_100_100_0.1_0.8_0.C	51	4.200	22.920	0.345
BPP_100_100_0.1_0.8_0.C	51	4.200	22.920	0.338
BPP_100_100_0.1_0.8_0.C	51	4.200	22.920	0.347
BPP_100_100_0.1_0.8_0.C	51	4.200	22.920	0.340
BPP_100_100_0.1_0.8_0.C	51	4.200	22.920	0.348
BPP_100_100_0.1_0.8_0.C	51	4.200	22.920	0.335
BPP_100_100_0.1_0.8_1.C	51	2.800	22.080	0.350
BPP_100_100_0.1_0.8_1.C	51	2.800	22.080	0.351
BPP_100_100_0.1_0.8_1.C	51	2.800	22.080	0.353
BPP_100_100_0.1_0.8_1.C	51	2.800	22.080	0.349
BPP_100_100_0.1_0.8_1.C	51	2.800	22.080	0.349
BPP_100_100_0.1_0.8_1.C	51	2.800	22.080	0.342
BPP_100_100_0.1_0.8_1.C	51	2.800	22.080	0.350
BPP_100_100_0.1_0.8_1.C	51	2.800	22.080	0.347
BPP_100_100_0.1_0.8_1.C	51	2.800	22.080	0.344
BPP_100_100_0.1_0.8_1.C	51	2.800	22.080	0.366
BPP_100_100_0.1_0.8_2.C	45	2.600	19.560	0.317
BPP_100_100_0.1_0.8_2.C	45	2.600	19.560	0.316
BPP_100_100_0.1_0.8_2.C	45	2.600	19.560	0.312
BPP_100_100_0.1_0.8_2.C	45	2.600	19.560	0.315
BPP_100_100_0.1_0.8_2.C	45	2.600	19.560	0.323
BPP_100_100_0.1_0.8_2.C	45	2.600	19.560	0.318
BPP_100_100_0.1_0.8_2.C	45	2.600	19.560	0.312
BPP_100_100_0.1_0.8_2.C	45	2.600	19.560	0.317
BPP_100_100_0.1_0.8_2.C	45	2.600	19.560	0.339
BPP_100_100_0.1_0.8_2.C	45	2.600	19.560	0.317
BPP_100_100_0.1_0.8_3.C	52	4.600	23.560	0.347
BPP_100_100_0.1_0.8_3.C	52	5.200	23.920	0.349
BPP_100_100_0.1_0.8_3.C	52	5.200	23.920	0.356
BPP_100_100_0.1_0.8_3.C	51	5.800	23.880	0.356
BPP_100_100_0.1_0.8_3.C	53	4.600	23.960	0.349
BPP_100_100_0.1_0.8_3.C	53	4.600	23.960	0.352
BPP_100_100_0.1_0.8_3.C	53	3.600	23.360	0.386
BPP_100_100_0.1_0.8_3.C	52	5.200	23.920	0.346
BPP_100_100_0.1_0.8_3.C	53	4.600	23.960	0.358
BPP_100_100_0.1_0.8_3.C	52	5.000	23.800	0.366
BPP_100_100_0.1_0.8_4.C	59	0.800	24.080	0.382
BPP_100_100_0.1_0.8_4.C	59	0.800	24.080	0.382
BPP_100_100_0.1_0.8_4.C	60	1.200	24.720	0.402
BPP_100_100_0.1_0.8_4.C	60	1.000	24.600	0.385
BPP_100_100_0.1_0.8_4.C	60	1.000	24.600	0.382
BPP_100_100_0.1_0.8_4.C	60	1.200	24.720	0.384
BPP_100_100_0.1_0.8_4.C	59	1.000	24.200	0.402
BPP_100_100_0.1_0.8_4.C	60	0.600	24.360	0.377
BPP_100_100_0.1_0.8_4.C	60	1.200	24.720	0.441
BPP_100_100_0.1_0.8_4.C	59	1.200	24.320	0.396
BPP_100_100_0.1_0.8_5.C	54	1.800	22.680	0.357
BPP_100_100_0.1_0.8_5.C	54	1.600	22.560	0.373
BPP_100_100_0.1_0.8_5.C	54	1.800	22.680	0.356
BPP_100_100_0.1_0.8_5.C	54	1.800	22.680	0.362
BPP_100_100_0.1_0.8_5.C	54	1.800	22.680	0.360
BPP_100_100_0.1_0.8_5.C	54	1.800	22.680	0.364
BPP_100_100_0.1_0.8_5.C	54	1.800	22.680	0.366
BPP_100_100_0.1_0.8_5.C	54	1.600	22.560	0.365
BPP_100_100_0.1_0.8_5.C	54	1.800	22.680	0.358
BPP_100_100_0.1_0.8_5.C	54	1.800	22.680	0.354
BPP_100_100_0.1_0.8_6.C	49	1.200	20.320	0.338
BPP_100_100_0.1_0.8_6.C	49	1.000	20.200	0.331
BPP_100_100_0.1_0.8_6.C	49	1.200	20.320	0.334
BPP_100_100_0.1_0.8_6.C	49	1.200	20.320	0.330
BPP_100_100_0.1_0.8_6.C	49	1.200	20.320	0.342
BPP_100_100_0.1_0.8_6.C	49	1.200	20.320	0.334
BPP_100_100_0.1_0.8_6.C	49	1.200	20.320	0.336
BPP_100_100_0.1_0.8_6.C	49	1.200	20.320	0.343
BPP_100_100_0.1_0.8_6.C	49	1.200	20.320	0.344
BPP_100_100_0.1_0.8_6.C	49	1.200	20.320	0.339
BPP_100_100_0.1_0.8_7.C	51	1.600	21.360	0.321
BPP_100_100_0.1_0.8_7.C	52	1.400	21.640	0.322
BPP_100_100_0.1_0.8_7.C	52	0.800	21.280	0.325
BPP_100_100_0.1_0.8_7.C	53	0.800	21.680	0.329
BPP_100_100_0.1_0.8_7.C	52	1.000	21.400	0.335
BPP_100_100_0.1_0.8_7.C	51	1.200	21.120	0.336
BPP_100_100_0.1_0.8_7.C	51	1.600	21.360	0.327
BPP_100_100_0.1_0.8_7.C	52	1.200	21.520	0.328
BPP_100_100_0.1_0.8_7.C	52	1.400	21.640	0.327
BPP_100_100_0.1_0.8_7.C	52	1.200	21.520	0.340
BPP_100_100_0.1_0.8_8.C	48	1.200	19.920	0.326
BPP_100_100_0.1_0.8_8.C	48	1.200	19.920	0.315
BPP_100_100_0.1_0.8_8.C	48	1.200	19.920	0.321
BPP_100_100_0.1_0.8_8.C	48	1.200	19.920	0.343
BPP_100_100_0.1_0.8_8.C	48	1.200	19.920	0.326
BPP_100_100_0.1_0.8_8.C	48	1.200	19.920	0.322
BPP_100_100_0.1_0.8_8.C	48	1.200	19.920	0.323
BPP_100_100_0.1_0.8_8.C	48	1.200	19.920	0.314
BPP_100_100_0.1_0.8_8.C	48	1.200	19.920	0.325
BPP_100_100_0.1_0.8_8.C	48	1.200	19.920	0.323
BPP_100_100_0.1_0.8_9.C	51	0.800	20.880	0.349
BPP_100_100_0.1_0.8_9.C	51	0.800	20.880	0.338
BPP_100_100_0.1_0.8_9.C	51	1.000	21.000	0.335
BPP_100_100_0.1_0.8_9.C	51	1.000	21.000	0.341
BPP_100_100_0.1_0.8_9.C	51	1.000	21.000	0.332
BPP_100_100_0.1_0.8_9.C	51	1.000	21.000	0.343
BPP_100_100_0.1_0.8_9.C	51	1.000	21.000	0.351
BPP_100_100_0.1_0.8_9.C	51	1.000	21.000	0.339
BPP_100_100_0.1_0.8_9.C	51	1.000	21.000	0.349
BPP_100_100_0.1_0.8_9.C	51	1.000	21.000	0.367
BPP_100_120_0.1_0.8_0.C	46	7.400	22.840	0.350
BPP_100_120_0.1_0.8_0.C	48	5.600	22.560	0.316
BPP_100_120_0.1_0.8_0.C	47	6.200	22.520	0.324
BPP_100_120_0.1_0.8_0.C	47	6.200	22.520	0.325
BPP_100_120_0.1_0.8_0.C	47	6.800	22.880	0.330
BPP_100_120_0.1_0.8_0.C	48	6.200	22.920	0.328
BPP_100_120_0.1_0.8_0.C	48	5.600	22.560	0.314
BPP_100_120_0.1_0.8_0.C	48	6.200	22.920	0.322
BPP_100_120_0.1_0.8_0.C	48	6.200	22.920	0.318
BPP_100_120_0.1_0.8_0.C	47	6.200	22.520	0.325
BPP_100_120_0.1_0.8_1.C	50	7.000	24.200	0.331
BPP_100_120_0.1_0.8_1.C	50	7.000	24.200	0.327
BPP_100_120_0.1_0.8_1.C	50	7.000	24.200	0.319
BPP_100_120_0.1_0.8_1.C	50	7.000	24.200	0.323
BPP_100_120_0.1_0.8_1.C	50	7.000	24.200	0.327
BPP_100_120_0.1_0.8_1.C	50	7.000	24.200	0.336
BPP_100_120_0.1_0.8_1.C	50	7.000	24.200	0.330
BPP_100_120_0.1_0.8_1.C	50	7.000	24.200	0.319
BPP_100_120_0.1_0.8_1.C	50	7.000	24.200	0.331
BPP_100_120_0.1_0.8_1.C	50	7.000	24.200	0.354
BPP_100_120_0.1_0.8_2.C	50	1.800	21.080	0.323
BPP_100_120_0.1_0.8_2.C	50	1.800	21.080	0.324
BPP_100_120_0.1_0.8_2.C	50	1.800	21.080	0.316
BPP_100_120_0.1_0.8_2.C	49	2.200	20.920	0.313
BPP_100_120_0.1_0.8_2.C	50	1.800	21.080	0.348
BPP_100_120_0.1_0.8_2.C	50	1.800	21.080	0.322
BPP_100_120_0.1_0.8_2.C	50	1.800	21.080	0.316
BPP_100_120_0.1_0.8_2.C	50	1.800	21.080	0.330
BPP_100_120_0.1_0.8_2.C	50	1.800	21.080	0.319
BPP_100_120_0.1_0.8_2.C	50	1.800	21.080	0.313
BPP_100_120_0.1_0.8_3.C	56	0.600	22.760	0.373
BPP_100_120_0.1_0.8_3.C	56	0.600	22.760	0.356
BPP_100_120_0.1_0.8_3.C	55	1.200	22.720	0.395
BPP_100_120_0.1_0.8_3.C	56	0.600	22.760	0.369
BPP_100_120_0.1_0.8_3.C	56	0.600	22.760	0.363
BPP_100_120_0.1_0.8_3.C	55	1.000	22.600	0.391
BPP_100_120_0.1_0.8_3.C	55	1.200	22.720	0.355
BPP_100_120_0.1_0.8_3.C	56	0.600	22.760	0.357
BPP_100_120_0.1_0.8_3.C	56	0.600	22.760	0.380
BPP_100_120_0.1_0.8_3.C	56	0.600	22.760	0.366
BPP_100_120_0.1_0.8_4.C	53	1.000	21.800	0.338
BPP_100_120_0.1_0.8_4.C	53	1.000	21.800	0.346
BPP_100_120_0.1_0.8_4.C	53	1.000	21.800	0.342
BPP_100_120_0.1_0.8_4.C	53	1.000	21.800	0.341
BPP_100_120_0.1_0.8_4.C	53	1.000	21.800	0.354
BPP_100_120_0.1_0.8_4.C	52	1.600	21.760	0.356
BPP_100_120_0.1_0.8_4.C	53	1.000	21.800	0.341
BPP_100_120_0.1_0.8_4.C	52	1.200	21.520	0.333
BPP_100_120_0.1_0.8_4.C	51	2.000	21.600	0.334
BPP_100_120_0.1_0.8_4.C	53	1.000	21.800	0.336
BPP_100_120_0.1_0.8_5.C	48	4.600	21.960	0.309
BPP_100_120_0.1_0.8_5.C	48	5.400	22.440	0.309
BPP_100_120_0.1_0.8_5.C	47	6.200	22.520	0.309
BPP_100_120_0.1_0.8_5.C	47	5.600	22.160	0.305
BPP_100_120_0.1_0.8_5.C	47	4.800	21.680	0.310
BPP_100_120_0.1_0.8_5.C	47	5.800	22.280	0.315
BPP_100_120_0.1_0.8_5.C	48	5.600	22.560	0.315
BPP_100_120_0.1_0.8_5.C	48	5.000	22.200	0.306
BPP_100_120_0.1_0.8_5.C	48	5.600	22.560	0.311
BPP_100_120_0.1_0.8_5.C	48	5.200	22.320	0.306
BPP_100_120_0.1_0.8_6.C	49	5.800	23.080	0.325
BPP_100_120_0.1_0.8_6.C	49	5.800	23.080	0.323
BPP_100_120_0.1_0.8_6.C	49	5.800	23.080	0.329
BPP_100_120_0.1_0.8_6.C	49	5.800	23.080	0.323
BPP_100_120_0.1_0.8_6.C	49	5.800	23.080	0.324
BPP_100_120_0.1_0.8_6.C	49	5.800	23.080	0.323
BPP_100_120_0.1_0.8_6.C	49	5.800	23.080	0.333
BPP_100_120_0.1_0.8_6.C	48	6.400	23.040	0.321
BPP_100_120_0.1_0.8_6.C	49	5.800	23.080	0.319
BPP_100_120_0.1_0.8_6.C	49	5.800	23.080	0.316
BPP_100_120_0.1_0.8_7.C	58	2.600	24.760	0.364
BPP_100_120_0.1_0.8_7.C	58	2.600	24.760	0.365
BPP_100_120_0.1_0.8_7.C	58	2.600	24.760	0.369
BPP_100_120_0.1_0.8_7.C	58	2.600	24.760	0.360
BPP_100_120_0.1_0.8_7.C	58	2.600	24.760	0.369
BPP_100_120_0.1_0.8_7.C	58	2.600	24.760	0.356
BPP_100_120_0.1_0.8_7.C	58	2.600	24.760	0.358
BPP_100_120_0.1_0.8_7.C	58	2.600	24.760	0.372
BPP_100_120_0.1_0.8_7.C	58	2.600	24.760	0.368
BPP_100_120_0.1_0.8_7.C	58	2.600	24.760	0.358
BPP_100_120_0.1_0.8_8.C	47	3.400	20.840	0.303
BPP_100_120_0.1_0.8_8.C	47	3.400	20.840	0.305
BPP_100_120_0.1_0.8_8.C	47	3.400	20.840	0.306
BPP_100_120_0.1_0.8_8.C	47	3.400	20.840	0.314
BPP_100_120_0.1_0.8_8.C	47	3.400	20.840	0.307
BPP_100_120_0.1_0.8_8.C	47	3.400	20.840	0.308
BPP_100_120_0.1_0.8_8.C	47	3.400	20.840	0.303
BPP_100_120_0.1_0.8_8.C	47	3.400	20.840	0.314
BPP_100_120_0.1_0.8_8.C	47	3.400	20.840	0.305
BPP_100_120_0.1_0.8_8.C	47	3.400	20.840	0.313
BPP_100_120_0.1_0.8_9.C	49	1.600	20.560	0.320
BPP_100_120_0.1_0.8_9.C	49	1.600	20.560	0.318
BPP_100_120_0.1_0.8_9.C	49	1.600	20.560	0.322
BPP_100_120_0.1_0.8_9.C	49	1.600	20.560	0.315
BPP_100_120_0.1_0.8_9.C	49	1.600	20.560	0.325
BPP_100_120_0.1_0.8_9.C	49	1.600	20.560	0.327
BPP_100_120_0.1_0.8_9.C	49	1.600	20.560	0.327
BPP_100_120_0.1_0.8_9.C	47	2.000	20.000	0.330
BPP_100_120_0.1_0.8_9.C	49	1.600	20.560	0.323
BPP_100_120_0.1_0.8_9.C	49	1.600	20.560	0.321
BPP_100_125_0.1_0.8_0.C	52	8.400	25.840	0.333
BPP_100_125_0.1_0.8_0.C	52	8.400	25.840	0.334
BPP_100_125_0.1_0.8_0.C	52	8.400	25.840	0.335
BPP_100_125_0.1_0.8_0.C	52	9.000	26.200	0.332
BPP_100_125_0.1_0.8_0.C	52	8.400	25.840	0.338
BPP_100_125_0.1_0.8_0.C	51	10.400	26.640	0.336
BPP_100_125_0.1_0.8_0.C	52	8.400	25.840	0.333
BPP_100_125_0.1_0.8_0.C	52	9.800	26.680	0.331
BPP_100_125_0.1_0.8_0.C	52	8.400	25.840	0.329
BPP_100_125_0.1_0.8_0.C	53	9.400	26.840	0.339
BPP_100_125_0.1_0.8_1.C	51	11.000	27.000	0.322
BPP_100_125_0.1_0.8_1.C	51	11.000	27.000	0.330
BPP_100_125_0.1_0.8_1.C	51	11.000	27.000	0.324
BPP_100_125_0.1_0.8_1.C	51	11.000	27.000	0.318
BPP_100_125_0.1_0.8_1.C	51	11.000	27.000	0.326
BPP_100_125_0.1_0.8_1.C	51	11.000	27.000	0.328
BPP_100_125_0.1_0.8_1.C	51	11.000	27.000	0.320
BPP_100_125_0.1_0.8_1.C	51	11.000	27.000	0.355
BPP_100_125_0.1_0.8_1.C	51	11.000	27.000	0.325
BPP_100_125_0.1_0.8_1.C	51	11.000	27.000	0.325
BPP_100_125_0.1_0.8_2.C	51	1.600	21.360	0.354
BPP_100_125_0.1_0.8_2.C	51	2.000	21.600	0.334
BPP_100_125_0.1_0.8_2.C	51	1.400	21.240	0.332
BPP_100_125_0.1_0.8_2.C	50	2.600	21.560	0.339
BPP_100_125_0.1_0.8_2.C	51	1.800	21.480	0.330
BPP_100_125_0.1_0.8_2.C	51	1.400	21.240	0.330
BPP_100_125_0.1_0.8_2.C	52	1.400	21.640	0.329
BPP_100_125_0.1_0.8_2.C	51	2.000	21.600	0.337
BPP_100_125_0.1_0.8_2.C	52	1.400	21.640	0.333
BPP_100_125_0.1_0.8_2.C	51	1.600	21.360	0.335
BPP_100_125_0.1_0.8_3.C	48	1.000	19.800	0.322
BPP_100_125_0.1_0.8_3.C	48	0.600	19.560	0.323
BPP_100_125_0.1_0.8_3.C	49	0.600	19.960	0.317
BPP_100_125_0.1_0.8_3.C	48	1.000	19.800	0.319
BPP_100_125_0.1_0.8_3.C	48	0.600	19.560	0.319
BPP_100_125_0.1_0.8_3.C	47	1.400	19.640	0.356
BPP_100_125_0.1_0.8_3.C	48	1.200	19.920	0.321
BPP_100_125_0.1_0.8_3.C	47	1.800	19.880	0.317
BPP_100_125_0.1_0.8_3.C	48	0.600	19.560	0.319
BPP_100_125_0.1_0.8_3.C	47	1.400	19.640	0.323
BPP_100_125_0.1_0.8_4.C	53	4.200	23.720	0.376
BPP_100_125_0.1_0.8_4.C	53	4.200	23.720	0.328
BPP_100_125_0.1_0.8_4.C	51	4.400	23.040	0.333
BPP_100_125_0.1_0.8_4.C	52	4.800	23.680	0.332
BPP_100_125_0.1_0.8_4.C	53	4.200	23.720	0.332
BPP_100_125_0.1_0.8_4.C	52	4.600	23.560	0.334
BPP_100_125_0.1_0.8_4.C	53	4.200	23.720	0.328
BPP_100_125_0.1_0.8_4.C	53	4.200	23.720	0.329
BPP_100_125_0.1_0.8_4.C	53	4.200	23.720	0.332
BPP_100_125_0.1_0.8_4.C	52	4.400	23.440	0.334
BPP_100_125_0.1_0.8_5.C	47	5.200	21.920	0.314
BPP_100_125_0.1_0.8_5.C	48	4.400	21.840	0.320
BPP_100_125_0.1_0.8_5.C	49	4.400	22.240	0.321
BPP_100_125_0.1_0.8_5.C	48	4.200	21.720	0.315
BPP_100_125_0.1_0.8_5.C	48	4.600	21.960	0.318
BPP_100_125_0.1_0.8_5.C	49	4.000	22.000	0.316
BPP_100_125_0.1_0.8_5.C	48	5.000	22.200	0.315
BPP_100_125_0.1_0.8_5.C	48	4.600	21.960	0.312
BPP_100_125_0.1_0.8_5.C	49	4.000	22.000	0.316
BPP_100_125_0.1_0.8_5.C	49	4.200	22.120	0.329
BPP_100_125_0.1_0.8_6.C	55	3.400	24.040	0.356
BPP_100_125_0.1_0.8_6.C	55	3.600	24.160	0.373
BPP_100_125_0.1_0.8_6.C	55	3.400	24.040	0.362
BPP_100_125_0.1_0.8_6.C	55	3.400	24.040	0.356
BPP_100_125_0.1_0.8_6.C	55	3.600	24.160	0.357
BPP_100_125_0.1_0.8_6.C	54	3.600	23.760	0.360
BPP_100_125_0.1_0.8_6.C	55	3.400	24.040	0.369
BPP_100_125_0.1_0.8_6.C	54	3.400	23.640	0.365
BPP_100_125_0.1_0.8_6.C	54	3.600	23.760	0.361
BPP_100_125_0.1_0.8_6.C	55	3.200	23.920	0.362
BPP_100_125_0.1_0.8_7.C	56	6.600	26.360	0.361
BPP_100_125_0.1_0.8_7.C	56	6.400	26.240	0.350
BPP_100_125_0.1_0.8_7.C	56	6.600	26.360	0.356
BPP_100_125_0.1_0.8_7.C	56	6.400	26.240	0.362
BPP_100_125_0.1_0.8_7.C	55	6.800	26.080	0.374
BPP_100_125_0.1_0.8_7.C	55	6.400	25.840	0.353
BPP_100_125_0.1_0.8_7.C	56	6.600	26.360	0.351
BPP_100_125_0.1_0.8_7.C	56	6.200	26.120	0.357
BPP_100_125_0.1_0.8_7.C	56	6.600	26.360	0.354
BPP_100_125_0.1_0.8_7.C	56	6.400	26.240	0.356
BPP_100_125_0.1_0.8_8.C	47	3.400	20.840	0.311
BPP_100_125_0.1_0.8_8.C	47	3.400	20.840	0.307
BPP_100_125_0.1_0.8_8.C	47	3.400	20.840	0.307
BPP_100_125_0.1_0.8_8.C	47	3.400	20.840	0.305
BPP_100_125_0.1_0.8_8.C	47	3.400	20.840	0.308
BPP_100_125_0.1_0.8_8.C	47	3.400	20.840	0.308
BPP_100_125_0.1_0.8_8.C	47	3.400	20.840	0.321
BPP_100_125_0.1_0.8_8.C	47	3.400	20.840	0.309
BPP_100_125_0.1_0.8_8.C	47	3.400	20.840	0.306
BPP_100_125_0.1_0.8_8.C	47	3.400	20.840	0.310
BPP_100_125_0.1_0.8_9.C	50	2.400	21.440	0.343
BPP_100_125_0.1_0.8_9.C	50	2.400	21.440	0.331
BPP_100_125_0.1_0.8_9.C	50	2.400	21.440	0.334
BPP_100_125_0.1_0.8_9.C	50	2.400	21.440	0.335
BPP_100_125_0.1_0.8_9.C	50	2.400	21.440	0.333
BPP_100_125_0.1_0.8_9.C	50	2.400	21.440	0.331
BPP_100_125_0.1_0.8_9.C	50	2.400	21.440	0.333
BPP_100_125_0.1_0.8_9.C	50	2.400	21.440	0.332
BPP_100_125_0.1_0.8_9.C	50	2.400	21.440	0.334
BPP_100_125_0.1_0.8_9.C	50	2.400	21.440	0.333
BPP_100_150_0.1_0.8_0.C	58	3.200	25.120	0.373
BPP_100_150_0.1_0.8_0.C	58	3.000	25.000	0.375
BPP_100_150_0.1_0.8_0.C	58	3.200	25.120	0.372
BPP_100_150_0.1_0.8_0.C	59	3.000	25.400	0.374
BPP_100_150_0.1_0.8_0.C	58	3.200	25.120	0.377
BPP_100_150_0.1_0.8_0.C	58	3.400	25.240	0.377
BPP_100_150_0.1_0.8_0.C	58	3.000	25.000	0.376
BPP_100_150_0.1_0.8_0.C	58	3.400	25.240	0.379
BPP_100_150_0.1_0.8_0.C	58	3.200	25.120	0.372
BPP_100_150_0.1_0.8_0.C	57	3.200	24.720	0.374
BPP_100_150_0.1_0.8_1.C	51	4.000	22.800	0.326
BPP_100_150_0.1_0.8_1.C	51	4.200	22.920	0.335
BPP_100_150_0.1_0.8_1.C	52	3.800	23.080	0.324
BPP_100_150_0.1_0.8_1.C	50	4.800	22.880	0.323
BPP_100_150_0.1_0.8_1.C	51	4.400	23.040	0.336
BPP_100_150_0.1_0.8_1.C	52	3.800	23.080	0.330
BPP_100_150_0.1_0.8_1.C	51	4.000	22.800	0.326
BPP_100_150_0.1_0.8_1.C	52	3.800	23.080	0.326
BPP_100_150_0.1_0.8_1.C	50	4.600	22.760	0.328
BPP_100_150_0.1_0.8_1.C	50	4.400	22.640	0.327
BPP_100_150_0.1_0.8_2.C	47	5.400	22.040	0.309
BPP_100_150_0.1_0.8_2.C	47	5.400	22.040	0.304
BPP_100_150_0.1_0.8_2.C	48	4.200	21.720	0.307
BPP_100_150_0.1_0.8_2.C	47	5.200	21.920	0.302
BPP_100_150_0.1_0.8_2.C	47	5.400	22.040	0.344
BPP_100_150_0.1_0.8_2.C	46	5.600	21.760	0.304
BPP_100_150_0.1_0.8_2.C	47	5.400	22.040	0.308
BPP_100_150_0.1_0.8_2.C	47	5.400	22.040	0.301
BPP_100_150_0.1_0.8_2.C	47	5.400	22.040	0.304
BPP_100_150_0.1_0.8_2.C	47	5.400	22.040	0.302
BPP_100_150_0.1_0.8_3.C	47	2.800	20.480	0.312
BPP_100_150_0.1_0.8_3.C	47	2.800	20.480	0.313
BPP_100_150_0.1_0.8_3.C	47	2.800	20.480	0.313
BPP_100_150_0.1_0.8_3.C	47	2.800	20.480	0.311
BPP_100_150_0.1_0.8_3.C	47	2.800	20.480	0.377
BPP_100_150_0.1_0.8_3.C	47	2.800	20.480	0.309
BPP_100_150_0.1_0.8_3.C	47	2.800	20.480	0.307
BPP_100_150_0.1_0.8_3.C	47	2.800	20.480	0.308
BPP_100_150_0.1_0.8_3.C	47	2.800	20.480	0.318
BPP_100_150_0.1_0.8_3.C	47	2.800	20.480	0.306
BPP_100_150_0.1_0.8_4.C	55	2.400	23.440	0.365
BPP_100_150_0.1_0.8_4.C	54	2.400	23.040	0.365
BPP_100_150_0.1_0.8_4.C	55	2.400	23.440	0.367
BPP_100_150_0.1_0.8_4.C	55	2.400	23.440	0.367
BPP_100_150_0.1_0.8_4.C	55	2.400	23.440	0.368
BPP_100_150_0.1_0.8_4.C	55	2.400	23.440	0.364
BPP_100_150_0.1_0.8_4.C	55	2.400	23.440	0.385
BPP_100_150_0.1_0.8_4.C	55	2.400	23.440	0.359
BPP_100_150_0.1_0.8_4.C	54	2.800	23.280	0.368
BPP_100_150_0.1_0.8_4.C	55	2.400	23.440	0.368
BPP_100_150_0.1_0.8_5.C	51	3.200	22.320	0.337
BPP_100_150_0.1_0.8_5.C	51	3.200	22.320	0.344
BPP_100_150_0.1_0.8_5.C	51	3.200	22.320	0.341
BPP_100_150_0.1_0.8_5.C	51	3.200	22.320	0.337
BPP_100_150_0.1_0.8_5.C	51	3.200	22.320	0.341
BPP_100_150_0.1_0.8_5.C	51	3.200	22.320	0.340
BPP_100_150_0.1_0.8_5.C	51	3.200	22.320	0.331
BPP_100_150_0.1_0.8_5.C	51	3.200	22.320	0.338
BPP_100_150_0.1_0.8_5.C	51	3.200	22.320	0.346
BPP_100_150_0.1_0.8_5.C	51	3.200	22.320	0.328
BPP_100_150_0.1_0.8_6.C	50	1.400	20.840	0.315
BPP_100_150_0.1_0.8_6.C	50	1.400	20.840	0.324
BPP_100_150_0.1_0.8_6.C	50	1.400	20.840	0.319
BPP_100_150_0.1_0.8_6.C	50	1.400	20.840	0.318
BPP_100_150_0.1_0.8_6.C	50	1.400	20.840	0.322
BPP_100_150_0.1_0.8_6.C	50	1.400	20.840	0.316
BPP_100_150_0.1_0.8_6.C	50	1.400	20.840	0.313
BPP_100_150_0.1_0.8_6.C	50	1.400	20.840	0.314
BPP_100_150_0.1_0.8_6.C	50	1.400	20.840	0.321
BPP_100_150_0.1_0.8_6.C	50	1.400	20.840	0.315
BPP_100_150_0.1_0.8_7.C	51	1.200	21.120	0.337
BPP_100_150_0.1_0.8_7.C	51	1.200	21.120	0.339
BPP_100_150_0.1_0.8_7.C	50	1.400	20.840	0.346
BPP_100_150_0.1_0.8_7.C	51	1.200	21.120	0.349
BPP_100_150_0.1_0.8_7.C	50	1.600	20.960	0.339
BPP_100_150_0.1_0.8_7.C	51	1.200	21.120	0.345
BPP_100_150_0.1_0.8_7.C	51	1.200	21.120	0.350
BPP_100_150_0.1_0.8_7.C	51	1.200	21.120	0.338
BPP_100_150_0.1_0.8_7.C	51	1.200	21.120	0.337
BPP_100_150_0.1_0.8_7.C	51	1.200	21.120	0.341
BPP_100_150_0.1_0.8_8.C	51	2.000	21.600	0.338
BPP_100_150_0.1_0.8_8.C	52	1.800	21.880	0.338
BPP_100_150_0.1_0.8_8.C	52	1.400	21.640	0.368
BPP_100_150_0.1_0.8_8.C	51	1.600	21.360	0.353
BPP_100_150_0.1_0.8_8.C	52	2.000	22.000	0.341
BPP_100_150_0.1_0.8_8.C	52	2.000	22.000	0.341
BPP_100_150_0.1_0.8_8.C	51	2.000	21.600	0.337
BPP_100_150_0.1_0.8_8.C	51	2.600	21.960	0.372
BPP_100_150_0.1_0.8_8.C	52	2.000	22.000	0.339
BPP_100_150_0.1_0.8_8.C	52	2.000	22.000	0.343
BPP_100_150_0.1_0.8_9.C	50	3.200	21.920	0.326
BPP_100_150_0.1_0.8_9.C	50	3.200	21.920	0.335
BPP_100_150_0.1_0.8_9.C	50	3.200	21.920	0.323
BPP_100_150_0.1_0.8_9.C	50	3.200	21.920	0.322
BPP_100_150_0.1_0.8_9.C	49	3.000	21.400	0.342
BPP_100_150_0.1_0.8_9.C	49	3.400	21.640	0.320
BPP_100_150_0.1_0.8_9.C	50	3.200	21.920	0.321
BPP_100_150_0.1_0.8_9.C	50	3.200	21.920	0.326
BPP_100_150_0.1_0.8_9.C	50	3.000	21.800	0.322
BPP_100_150_0.1_0.8_9.C	50	3.200	21.920	0.319
BPP_100_200_0.1_0.8_0.C	51	4.400	23.040	0.322
BPP_100_200_0.1_0.8_0.C	51	4.800	23.280	0.327
BPP_100_200_0.1_0.8_0.C	50	4.000	22.400	0.323
BPP_100_200_0.1_0.8_0.C	51	4.800	23.280	0.322
BPP_100_200_0.1_0.8_0.C	50	5.000	23.000	0.332
BPP_100_200_0.1_0.8_0.C	51	4.800	23.280	0.340
BPP_100_200_0.1_0.8_0.C	50	3.800	22.280	0.329
BPP_100_200_0.1_0.8_0.C	51	4.800	23.280	0.322
BPP_100_200_0.1_0.8_0.C	51	4.800	23.280	0.324
BPP_100_200_0.1_0.8_0.C	51	4.800	23.280	0.332
BPP_100_200_0.1_0.8_1.C	53	6.400	25.040	0.353
BPP_100_200_0.1_0.8_1.C	53	6.200	24.920	0.351
BPP_100_200_0.1_0.8_1.C	53	7.000	25.400	0.344
BPP_100_200_0.1_0.8_1.C	55	5.200	25.120	0.350
BPP_100_200_0.1_0.8_1.C	54	6.600	25.560	0.381
BPP_100_200_0.1_0.8_1.C	53	7.000	25.400	0.363
BPP_100_200_0.1_0.8_1.C	53	6.800	25.280	0.366
BPP_100_200_0.1_0.8_1.C	54	6.600	25.560	0.344
BPP_100_200_0.1_0.8_1.C	54	6.600	25.560	0.345
BPP_100_200_0.1_0.8_1.C	53	7.000	25.400	0.355
BPP_100_200_0.1_0.8_2.C	51	2.400	21.840	0.332
BPP_100_200_0.1_0.8_2.C	51	2.400	21.840	0.325
BPP_100_200_0.1_0.8_2.C	50	2.800	21.680	0.328
BPP_100_200_0.1_0.8_2.C	51	2.400	21.840	0.332
BPP_100_200_0.1_0.8_2.C	51	2.600	21.960	0.331
BPP_100_200_0.1_0.8_2.C	51	2.200	21.720	0.346
BPP_100_200_0.1_0.8_2.C	51	2.600	21.960	0.332
BPP_100_200_0.1_0.8_2.C	50	3.200	21.920	0.330
BPP_100_200_0.1_0.8_2.C	51	2.400	21.840	0.330
BPP_100_200_0.1_0.8_2.C	50	3.400	22.040	0.334
BPP_100_200_0.1_0.8_3.C	49	3.200	21.520	0.343
BPP_100_200_0.1_0.8_3.C	49	3.200	21.520	0.325
BPP_100_200_0.1_0.8_3.C	49	3.400	21.640	0.327
BPP_100_200_0.1_0.8_3.C	50	2.800	21.680	0.323
BPP_100_200_0.1_0.8_3.C	49	3.000	21.400	0.323
BPP_100_200_0.1_0.8_3.C	49	3.200	21.520	0.321
BPP_100_200_0.1_0.8_3.C	49	3.400	21.640	0.326
BPP_100_200_0.1_0.8_3.C	48	3.000	21.000	0.324
BPP_100_200_0.1_0.8_3.C	49	3.400	21.640	0.329
BPP_100_200_0.1_0.8_3.C	49	3.400	21.640	0.326
BPP_100_200_0.1_0.8_4.C	52	2.000	22.000	0.335
BPP_100_200_0.1_0.8_4.C	52	2.000	22.000	0.333
BPP_100_200_0.1_0.8_4.C	52	2.400	22.240	0.339
BPP_100_200_0.1_0.8_4.C	51	3.200	22.320	0.339
BPP_100_200_0.1_0.8_4.C	51	3.800	22.680	0.335
BPP_100_200_0.1_0.8_4.C	51	3.400	22.440	0.337
BPP_100_200_0.1_0.8_4.C	51	3.400	22.440	0.352
BPP_100_200_0.1_0.8_4.C	51	3.400	22.440	0.343
BPP_100_200_0.1_0.8_4.C	51	2.800	22.080	0.335
BPP_100_200_0.1_0.8_4.C	52	2.600	22.360	0.361
BPP_100_200_0.1_0.8_5.C	56	5.800	25.880	0.370
BPP_100_200_0.1_0.8_5.C	56	6.000	26.000	0.404
BPP_100_200_0.1_0.8_5.C	56	5.800	25.880	0.369
BPP_100_200_0.1_0.8_5.C	56	6.000	26.000	0.373
BPP_100_200_0.1_0.8_5.C	56	5.800	25.880	0.375
BPP_100_200_0.1_0.8_5.C	56	5.800	25.880	0.376
BPP_100_200_0.1_0.8_5.C	56	6.000	26.000	0.369
BPP_100_200_0.1_0.8_5.C	56	6.000	26.000	0.377
BPP_100_200_0.1_0.8_5.C	56	6.000	26.000	0.368
BPP_100_200_0.1_0.8_5.C	56	6.000	26.000	0.393
BPP_100_200_0.1_0.8_6.C	56	4.600	25.160	0.373
BPP_100_200_0.1_0.8_6.C	56	4.600	25.160	0.362
BPP_100_200_0.1_0.8_6.C	55	4.600	24.760	0.373
BPP_100_200_0.1_0.8_6.C	56	4.600	25.160	0.379
BPP_100_200_0.1_0.8_6.C	56	4.600	25.160	0.364
BPP_100_200_0.1_0.8_6.C	56	4.600	25.160	0.370
BPP_100_200_0.1_0.8_6.C	56	4.600	25.160	0.366
BPP_100_200_0.1_0.8_6.C	56	4.600	25.160	0.368
BPP_100_200_0.1_0.8_6.C	56	4.600	25.160	0.367
BPP_100_200_0.1_0.8_6.C	56	4.600	25.160	0.364
BPP_100_200_0.1_0.8_7.C	50	5.000	23.000	0.320
BPP_100_200_0.1_0.8_7.C	50	5.000	23.000	0.324
BPP_100_200_0.1_0.8_7.C	50	5.000	23.000	0.323
BPP_100_200_0.1_0.8_7.C	50	5.000	23.000	0.322
BPP_100_200_0.1_0.8_7.C	50	5.000	23.000	0.324
BPP_100_200_0.1_0.8_7.C	50	5.000	23.000	0.322
BPP_100_200_0.1_0.8_7.C	50	5.000	23.000	0.318
BPP_100_200_0.1_0.8_7.C	50	5.000	23.000	0.320
BPP_100_200_0.1_0.8_7.C	50	5.000	23.000	0.321
BPP_100_200_0.1_0.8_7.C	50	5.000	23.000	0.320
BPP_100_200_0.1_0.8_8.C	56	2.800	24.080	0.384
BPP_100_200_0.1_0.8_8.C	56	2.800	24.080	0.388
BPP_100_200_0.1_0.8_8.C	56	2.800	24.080	0.381
BPP_100_200_0.1_0.8_8.C	56	2.800	24.080	0.385
BPP_100_200_0.1_0.8_8.C	56	2.800	24.080	0.401
BPP_100_200_0.1_0.8_8.C	56	2.800	24.080	0.374
BPP_100_200_0.1_0.8_8.C	56	2.800	24.080	0.392
BPP_100_200_0.1_0.8_8.C	56	2.800	24.080	0.376
BPP_100_200_0.1_0.8_8.C	56	2.800	24.080	0.378
BPP_100_200_0.1_0.8_8.C	56	2.800	24.080	0.439
BPP_100_200_0.1_0.8_9.C	61	4.400	27.040	0.377
BPP_100_200_0.1_0.8_9.C	60	4.600	26.760	0.370
BPP_100_200_0.1_0.8_9.C	61	4.400	27.040	0.376
BPP_100_200_0.1_0.8_9.C	61	4.400	27.040	0.376
BPP_100_200_0.1_0.8_9.C	61	4.400	27.040	0.374
BPP_100_200_0.1_0.8_9.C	61	4.400	27.040	0.376
BPP_100_200_0.1_0.8_9.C	61	4.400	27.040	0.374
BPP_100_200_0.1_0.8_9.C	60	4.800	26.880	0.374
BPP_100_200_0.1_0.8_9.C	61	4.400	27.040	0.375
BPP_100_200_0.1_0.8_9.C	61	3.400	26.440	0.377
BPP_100_300_0.1_0.8_0.C	49	3.000	21.400	0.336
BPP_100_300_0.1_0.8_0.C	50	2.800	21.680	0.329
BPP_100_300_0.1_0.8_0.C	49	3.000	21.400	0.332
BPP_100_300_0.1_0.8_0.C	50	3.000	21.800	0.330
BPP_100_300_0.1_0.8_0.C	50	3.000	21.800	0.330
BPP_100_300_0.1_0.8_0.C	49	3.200	21.520	0.334
BPP_100_300_0.1_0.8_0.C	50	3.000	21.800	0.329
BPP_100_300_0.1_0.8_0.C	50	3.000	21.800	0.342
BPP_100_300_0.1_0.8_0.C	50	3.000	21.800	0.330
BPP_100_300_0.1_0.8_0.C	49	3.600	21.760	0.332
BPP_100_300_0.1_0.8_1.C	47	5.200	21.920	0.331
BPP_100_300_0.1_0.8_1.C	47	5.200	21.920	0.343
BPP_100_300_0.1_0.8_1.C	47	5.000	21.800	0.311
BPP_100_300_0.1_0.8_1.C	46	5.400	21.640	0.300
BPP_100_300_0.1_0.8_1.C	48	4.800	22.080	0.300
BPP_100_300_0.1_0.8_1.C	48	4.800	22.080	0.333
BPP_100_300_0.1_0.8_1.C	47	5.000	21.800	0.318
BPP_100_300_0.1_0.8_1.C	46	5.400	21.640	0.321
BPP_100_300_0.1_0.8_1.C	48	4.800	22.080	0.309
BPP_100_300_0.1_0.8_1.C	46	3.800	20.680	0.325
BPP_100_300_0.1_0.8_2.C	51	6.800	24.480	0.327
BPP_100_300_0.1_0.8_2.C	51	6.800	24.480	0.372
BPP_100_300_0.1_0.8_2.C	51	6.600	24.360	0.323
BPP_100_300_0.1_0.8_2.C	51	6.600	24.360	0.317
BPP_100_300_0.1_0.8_2.C	50	7.400	24.440	0.353
BPP_100_300_0.1_0.8_2.C	51	7.600	24.960	0.319
BPP_100_300_0.1_0.8_2.C	51	6.800	24.480	0.340
BPP_100_300_0.1_0.8_2.C	50	7.800	24.680	0.322
BPP_100_300_0.1_0.8_2.C	52	7.200	25.120	0.332
BPP_100_300_0.1_0.8_2.C	51	7.400	24.840	0.327
BPP_100_300_0.1_0.8_3.C	52	7.800	25.480	0.353
BPP_100_300_0.1_0.8_3.C	52	8.000	25.600	0.357
BPP_100_300_0.1_0.8_3.C	52	8.000	25.600	0.360
BPP_100_300_0.1_0.8_3.C	52	8.000	25.600	0.356
BPP_100_300_0.1_0.8_3.C	52	8.000	25.600	0.360
BPP_100_300_0.1_0.8_3.C	52	8.000	25.600	0.386
BPP_100_300_0.1_0.8_3.C	52	8.000	25.600	0.377
BPP_100_300_0.1_0.8_3.C	52	8.000	25.600	0.381
BPP_100_300_0.1_0.8_3.C	52	8.000	25.600	0.365
BPP_100_300_0.1_0.8_3.C	52	8.000	25.600	0.355
BPP_100_300_0.1_0.8_4.C	48	4.200	21.720	0.335
BPP_100_300_0.1_0.8_4.C	48	4.400	21.840	0.304
BPP_100_300_0.1_0.8_4.C	48	4.400	21.840	0.305
BPP_100_300_0.1_0.8_4.C	48	4.400	21.840	0.313
BPP_100_300_0.1_0.8_4.C	48	4.400	21.840	0.312
BPP_100_300_0.1_0.8_4.C	48	4.400	21.840	0.309
BPP_100_300_0.1_0.8_4.C	48	4.400	21.840	0.316
BPP_100_300_0.1_0.8_4.C	48	4.400	21.840	0.306
BPP_100_300_0.1_0.8_4.C	48	4.200	21.720	0.318
BPP_100_300_0.1_0.8_4.C	48	4.400	21.840	0.333
BPP_100_300_0.1_0.8_5.C	56	3.000	24.200	0.365
BPP_100_300_0.1_0.8_5.C	56	3.000	24.200	0.427
BPP_100_300_0.1_0.8_5.C	56	3.000	24.200	0.378
BPP_100_300_0.1_0.8_5.C	56	3.000	24.200	0.364
BPP_100_300_0.1_0.8_5.C	56	3.000	24.200	0.361
BPP_100_300_0.1_0.8_5.C	56	3.000	24.200	0.364
BPP_100_300_0.1_0.8_5.C	56	3.000	24.200	0.363
BPP_100_300_0.1_0.8_5.C	56	3.000	24.200	0.365
BPP_100_300_0.1_0.8_5.C	56	3.000	24.200	0.361
BPP_100_300_0.1_0.8_5.C	56	3.000	24.200	0.359
BPP_100_300_0.1_0.8_6.C	47	1.800	19.880	0.326
BPP_100_300_0.1_0.8_6.C	47	1.800	19.880	0.328
BPP_100_300_0.1_0.8_6.C	47	1.800	19.880	0.342
BPP_100_300_0.1_0.8_6.C	47	1.800	19.880	0.328
BPP_100_300_0.1_0.8_6.C	47	1.800	19.880	0.356
BPP_100_300_0.1_0.8_6.C	47	1.800	19.880	0.337
BPP_100_300_0.1_0.8_6.C	47	1.800	19.880	0.337
BPP_100_300_0.1_0.8_6.C	47	1.800	19.880	0.328
BPP_100_300_0.1_0.8_6.C	47	1.800	19.880	0.332
BPP_100_300_0.1_0.8_6.C	47	1.800	19.880	0.349
BPP_100_300_0.1_0.8_7.C	53	5.400	24.440	0.364
BPP_100_300_0.1_0.8_7.C	54	4.200	24.120	0.355
BPP_100_300_0.1_0.8_7.C	55	4.400	24.640	0.356
BPP_100_300_0.1_0.8_7.C	55	4.000	24.400	0.358
BPP_100_300_0.1_0.8_7.C	53	4.400	23.840	0.361
BPP_100_300_0.1_0.8_7.C	53	5.400	24.440	0.362
BPP_100_300_0.1_0.8_7.C	54	5.400	24.840	0.360
BPP_100_300_0.1_0.8_7.C	55	3.800	24.280	0.351
BPP_100_300_0.1_0.8_7.C	53	4.400	23.840	0.348
BPP_100_300_0.1_0.8_7.C	55	4.600	24.760	0.357
BPP_100_300_0.1_0.8_8.C	51	1.600	21.360	0.322
BPP_100_300_0.1_0.8_8.C	51	1.600	21.360	0.324
BPP_100_300_0.1_0.8_8.C	51	1.600	21.360	0.334
BPP_100_300_0.1_0.8_8.C	51	1.600	21.360	0.326
BPP_100_300_0.1_0.8_8.C	51	1.600	21.360	0.322
BPP_100_300_0.1_0.8_8.C	51	1.600	21.360	0.324
BPP_100_300_0.1_0.8_8.C	51	1.600	21.360	0.331
BPP_100_300_0.1_0.8_8.C	51	1.600	21.360	0.326
BPP_100_300_0.1_0.8_8.C	51	1.600	21.360	0.325
BPP_100_300_0.1_0.8_8.C	51	1.600	21.360	0.326
BPP_100_300_0.1_0.8_9.C	51	0.600	20.760	0.338
BPP_100_300_0.1_0.8_9.C	51	1.000	21.000	0.356
BPP_100_300_0.1_0.8_9.C	49	1.400	20.440	0.343
BPP_100_300_0.1_0.8_9.C	52	0.600	21.160	0.337
BPP_100_300_0.1_0.8_9.C	50	1.400	20.840	0.337
BPP_100_300_0.1_0.8_9.C	50	1.000	20.600	0.340
BPP_100_300_0.1_0.8_9.C	51	1.200	21.120	0.341
BPP_100_300_0.1_0.8_9.C	51	0.600	20.760	0.345
BPP_100_300_0.1_0.8_9.C	50	1.200	20.720	0.347
BPP_100_300_0.1_0.8_9.C	50	1.200	20.720	0.336
BPP_100_400_0.1_0.8_0.C	49	3.200	21.520	0.322
BPP_100_400_0.1_0.8_0.C	49	3.000	21.400	0.321
BPP_100_400_0.1_0.8_0.C	49	3.200	21.520	0.320
BPP_100_400_0.1_0.8_0.C	49	3.200	21.520	0.337
BPP_100_400_0.1_0.8_0.C	49	3.200	21.520	0.338
BPP_100_400_0.1_0.8_0.C	49	3.200	21.520	0.325
BPP_100_400_0.1_0.8_0.C	49	3.200	21.520	0.326
BPP_100_400_0.1_0.8_0.C	49	3.200	21.520	0.325
BPP_100_400_0.1_0.8_0.C	49	3.200	21.520	0.320
BPP_100_400_0.1_0.8_0.C	49	3.200	21.520	0.320
BPP_100_400_0.1_0.8_1.C	49	3.200	21.520	0.328
BPP_100_400_0.1_0.8_1.C	49	3.200	21.520	0.319
BPP_100_400_0.1_0.8_1.C	49	3.200	21.520	0.334
BPP_100_400_0.1_0.8_1.C	49	3.000	21.400	0.317
BPP_100_400_0.1_0.8_1.C	49	3.200	21.520	0.319
BPP_100_400_0.1_0.8_1.C	49	3.200	21.520	0.359
BPP_100_400_0.1_0.8_1.C	49	3.200	21.520	0.318
BPP_100_400_0.1_0.8_1.C	49	3.200	21.520	0.331
BPP_100_400_0.1_0.8_1.C	49	3.200	21.520	0.357
BPP_100_400_0.1_0.8_1.C	49	3.200	21.520	0.316
BPP_100_400_0.1_0.8_2.C	51	2.600	21.960	0.324
BPP_100_400_0.1_0.8_2.C	50	4.000	22.400	0.321
BPP_100_400_0.1_0.8_2.C	50	3.000	21.800	0.329
BPP_100_400_0.1_0.8_2.C	51	3.000	22.200	0.322
BPP_100_400_0.1_0.8_2.C	51	2.800	22.080	0.323
BPP_100_400_0.1_0.8_2.C	51	2.800	22.080	0.328
BPP_100_400_0.1_0.8_2.C	50	4.000	22.400	0.325
BPP_100_400_0.1_0.8_2.C	52	2.800	22.480	0.326
BPP_100_400_0.1_0.8_2.C	51	3.000	22.200	0.333
BPP_100_400_0.1_0.8_2.C	51	3.400	22.440	0.325
BPP_100_400_0.1_0.8_3.C	52	2.600	22.360	0.336
BPP_100_400_0.1_0.8_3.C	52	2.600	22.360	0.337
BPP_100_400_0.1_0.8_3.C	52	2.600	22.360	0.343
BPP_100_400_0.1_0.8_3.C	51	2.600	21.960	0.336
BPP_100_400_0.1_0.8_3.C	52	2.600	22.360	0.336
BPP_100_400_0.1_0.8_3.C	52	2.600	22.360	0.338
BPP_100_400_0.1_0.8_3.C	51	2.800	22.080	0.337
BPP_100_400_0.1_0.8_3.C	52	2.600	22.360	0.337
BPP_100_400_0.1_0.8_3.C	51	2.600	21.960	0.341
BPP_100_400_0.1_0.8_3.C	52	2.600	22.360	0.337
BPP_100_400_0.1_0.8_4.C	51	2.800	22.080	0.329
BPP_100_400_0.1_0.8_4.C	52	2.000	22.000	0.330
BPP_100_400_0.1_0.8_4.C	51	2.200	21.720	0.329
BPP_100_400_0.1_0.8_4.C	53	1.600	22.160	0.330
BPP_100_400_0.1_0.8_4.C	52	2.000	22.000	0.338
BPP_100_400_0.1_0.8_4.C	52	2.000	22.000	0.333
BPP_100_400_0.1_0.8_4.C	51	3.000	22.200	0.331
BPP_100_400_0.1_0.8_4.C	52	1.600	21.760	0.342
BPP_100_400_0.1_0.8_4.C	53	1.600	22.160	0.330
BPP_100_400_0.1_0.8_4.C	52	1.600	21.760	0.345
BPP_100_400_0.1_0.8_5.C	48	1.800	20.280	0.343
BPP_100_400_0.1_0.8_5.C	49	2.000	20.800	0.342
BPP_100_400_0.1_0.8_5.C	48	2.200	20.520	0.326
BPP_100_400_0.1_0.8_5.C	48	1.800	20.280	0.351
BPP_100_400_0.1_0.8_5.C	48	1.800	20.280	0.325
BPP_100_400_0.1_0.8_5.C	48	2.200	20.520	0.326
BPP_100_400_0.1_0.8_5.C	48	2.400	20.640	0.329
BPP_100_400_0.1_0.8_5.C	48	1.800	20.280	0.327
BPP_100_400_0.1_0.8_5.C	49	1.800	20.680	0.324
BPP_100_400_0.1_0.8_5.C	48	2.200	20.520	0.326
BPP_100_400_0.1_0.8_6.C	54	0.600	21.960	0.368
BPP_100_400_0.1_0.8_6.C	54	0.600	21.960	0.367
BPP_100_400_0.1_0.8_6.C	54	0.600	21.960	0.368
BPP_100_400_0.1_0.8_6.C	54	0.600	21.960	0.364
BPP_100_400_0.1_0.8_6.C	54	0.600	21.960	0.365
BPP_100_400_0.1_0.8_6.C	54	0.600	21.960	0.375
BPP_100_400_0.1_0.8_6.C	54	0.600	21.960	0.368
BPP_100_400_0.1_0.8_6.C	54	0.600	21.960	0.364
BPP_100_400_0.1_0.8_6.C	54	0.600	21.960	0.366
BPP_100_400_0.1_0.8_6.C	54	0.600	21.960	0.367
BPP_100_400_0.1_0.8_7.C	51	1.600	21.360	0.333
BPP_100_400_0.1_0.8_7.C	51	1.600	21.360	0.362
BPP_100_400_0.1_0.8_7.C	50	2.200	21.320	0.334
BPP_100_400_0.1_0.8_7.C	51	1.600	21.360	0.338
BPP_100_400_0.1_0.8_7.C	51	1.600	21.360	0.333
BPP_100_400_0.1_0.8_7.C	51	1.600	21.360	0.329
BPP_100_400_0.1_0.8_7.C	51	1.600	21.360	0.329
BPP_100_400_0.1_0.8_7.C	51	1.600	21.360	0.330
BPP_100_400_0.1_0.8_7.C	50	1.800	21.080	0.346
BPP_100_400_0.1_0.8_7.C	51	1.600	21.360	0.359
BPP_100_400_0.1_0.8_8.C	53	5.800	24.680	0.338
BPP_100_400_0.1_0.8_8.C	53	5.800	24.680	0.336
BPP_100_400_0.1_0.8_8.C	53	5.800	24.680	0.343
BPP_100_400_0.1_0.8_8.C	53	5.800	24.680	0.338
BPP_100_400_0.1_0.8_8.C	53	5.200	24.320	0.336
BPP_100_400_0.1_0.8_8.C	53	5.600	24.560	0.332
BPP_100_400_0.1_0.8_8.C	53	5.800	24.680	0.342
BPP_100_400_0.1_0.8_8.C	53	5.800	24.680	0.334
BPP_100_400_0.1_0.8_8.C	53	5.800	24.680	0.342
BPP_100_400_0.1_0.8_8.C	53	5.800	24.680	0.338
BPP_100_400_0.1_0.8_9.C	53	3.400	23.240	0.341
BPP_100_400_0.1_0.8_9.C	53	3.400	23.240	0.345
BPP_100_400_0.1_0.8_9.C	53	3.400	23.240	0.336
BPP_100_400_0.1_0.8_9.C	53	3.400	23.240	0.345
BPP_100_400_0.1_0.8_9.C	53	3.400	23.240	0.335
BPP_100_400_0.1_0.8_9.C	51	4.600	23.160	0.332
BPP_100_400_0.1_0.8_9.C	53	3.400	23.240	0.340
BPP_100_400_0.1_0.8_9.C	53	3.400	23.240	0.350
BPP_100_400_0.1_0.8_9.C	53	3.400	23.240	0.334
BPP_100_400_0.1_0.8_9.C	53	3.400	23.240	0.334
BPP_100_500_0.1_0.8_0.C	47	5.400	22.040	0.310
BPP_100_500_0.1_0.8_0.C	47	5.400	22.040	0.307
BPP_100_500_0.1_0.8_0.C	47	5.400	22.040	0.309
BPP_100_500_0.1_0.8_0.C	46	5.000	21.400	0.305
BPP_100_500_0.1_0.8_0.C	47	5.400	22.040	0.321
BPP_100_500_0.1_0.8_0.C	47	5.400	22.040	0.312
BPP_100_500_0.1_0.8_0.C	46	5.400	21.640	0.304
BPP_100_500_0.1_0.8_0.C	46	4.800	21.280	0.309
BPP_100_500_0.1_0.8_0.C	47	5.400	22.040	0.305
BPP_100_500_0.1_0.8_0.C	47	5.400	22.040	0.316
BPP_100_500_0.1_0.8_1.C	53	2.600	22.760	0.365
BPP_100_500_0.1_0.8_1.C	53	2.600	22.760	0.340
BPP_100_500_0.1_0.8_1.C	53	3.400	23.240	0.351
BPP_100_500_0.1_0.8_1.C	53	3.400	23.240	0.345
BPP_100_500_0.1_0.8_1.C	53	3.200	23.120	0.341
BPP_100_500_0.1_0.8_1.C	53	3.400	23.240	0.347
BPP_100_500_0.1_0.8_1.C	54	2.600	23.160	0.345
BPP_100_500_0.1_0.8_1.C	54	2.200	22.920	0.344
BPP_100_500_0.1_0.8_1.C	53	2.800	22.880	0.353
BPP_100_500_0.1_0.8_1.C	53	3.400	23.240	0.341
BPP_100_500_0.1_0.8_2.C	51	1.800	21.480	0.331
BPP_100_500_0.1_0.8_2.C	51	1.800	21.480	0.328
BPP_100_500_0.1_0.8_2.C	50	1.400	20.840	0.322
BPP_100_500_0.1_0.8_2.C	51	1.800	21.480	0.327
BPP_100_500_0.1_0.8_2.C	51	1.800	21.480	0.354
BPP_100_500_0.1_0.8_2.C	51	1.400	21.240	0.349
BPP_100_500_0.1_0.8_2.C	51	1.800	21.480	0.326
BPP_100_500_0.1_0.8_2.C	51	1.800	21.480	0.323
BPP_100_500_0.1_0.8_2.C	50	1.800	21.080	0.325
BPP_100_500_0.1_0.8_2.C	51	1.800	21.480	0.327
BPP_100_500_0.1_0.8_3.C	52	12.600	28.360	0.349
BPP_100_500_0.1_0.8_3.C	52	12.600	28.360	0.354
BPP_100_500_0.1_0.8_3.C	52	12.600	28.360	0.356
BPP_100_500_0.1_0.8_3.C	52	12.600	28.360	0.353
BPP_100_500_0.1_0.8_3.C	52	12.600	28.360	0.358
BPP_100_500_0.1_0.8_3.C	52	12.600	28.360	0.352
BPP_100_500_0.1_0.8_3.C	52	12.600	28.360	0.362
BPP_100_500_0.1_0.8_3.C	52	12.600	28.360	0.366
BPP_100_500_0.1_0.8_3.C	52	12.600	28.360	0.385
BPP_100_500_0.1_0.8_3.C	52	12.600	28.360	0.352
BPP_100_500_0.1_0.8_4.C	52	7.800	25.480	0.333
BPP_100_500_0.1_0.8_4.C	52	7.800	25.480	0.337
BPP_100_500_0.1_0.8_4.C	52	7.800	25.480	0.341
BPP_100_500_0.1_0.8_4.C	52	7.800	25.480	0.328
BPP_100_500_0.1_0.8_4.C	52	7.800	25.480	0.345
BPP_100_500_0.1_0.8_4.C	52	7.800	25.480	0.334
BPP_100_500_0.1_0.8_4.C	52	7.800	25.480	0.331
BPP_100_500_0.1_0.8_4.C	52	7.800	25.480	0.332
BPP_100_500_0.1_0.8_4.C	52	7.800	25.480	0.332
BPP_100_500_0.1_0.8_4.C	52	7.800	25.480	0.332
BPP_100_500_0.1_0.8_5.C	55	2.400	23.440	0.365
BPP_100_500_0.1_0.8_5.C	57	1.600	23.760	0.370
BPP_100_500_0.1_0.8_5.C	56	2.000	23.600	0.367
BPP_100_500_0.1_0.8_5.C	57	1.600	23.760	0.367
BPP_100_500_0.1_0.8_5.C	57	1.600	23.760	0.369
BPP_100_500_0.1_0.8_5.C	57	1.600	23.760	0.390
BPP_100_500_0.1_0.8_5.C	56	2.000	23.600	0.367
BPP_100_500_0.1_0.8_5.C	56	1.800	23.480	0.370
BPP_100_500_0.1_0.8_5.C	57	1.600	23.760	0.370
BPP_100_500_0.1_0.8_5.C	57	1.400	23.640	0.388
BPP_100_500_0.1_0.8_6.C	54	2.800	23.280	0.338
BPP_100_500_0.1_0.8_6.C	53	3.600	23.360	0.336
BPP_100_500_0.1_0.8_6.C	52	3.600	22.960	0.348
BPP_100_500_0.1_0.8_6.C	53	3.800	23.480	0.334
BPP_100_500_0.1_0.8_6.C	53	3.400	23.240	0.335
BPP_100_500_0.1_0.8_6.C	53	3.400	23.240	0.335
BPP_100_500_0.1_0.8_6.C	53	3.200	23.120	0.335
BPP_100_500_0.1_0.8_6.C	52	4.800	23.680	0.332
BPP_100_500_0.1_0.8_6.C	53	3.600	23.360	0.343
BPP_100_500_0.1_0.8_6.C	52	4.000	23.200	0.338
BPP_100_500_0.1_0.8_7.C	54	3.400	23.640	0.343
BPP_100_500_0.1_0.8_7.C	52	3.600	22.960	0.360
BPP_100_500_0.1_0.8_7.C	54	3.400	23.640	0.341
BPP_100_500_0.1_0.8_7.C	53	3.400	23.240	0.341
BPP_100_500_0.1_0.8_7.C	54	3.400	23.640	0.362
BPP_100_500_0.1_0.8_7.C	53	3.600	23.360	0.352
BPP_100_500_0.1_0.8_7.C	53	3.800	23.480	0.342
BPP_100_500_0.1_0.8_7.C	53	3.600	23.360	0.344
BPP_100_500_0.1_0.8_7.C	53	3.400	23.240	0.344
BPP_100_500_0.1_0.8_7.C	52	3.600	22.960	0.343
BPP_100_500_0.1_0.8_8.C	51	4.000	22.800	0.346
BPP_100_500_0.1_0.8_8.C	50	4.000	22.400	0.339
BPP_100_500_0.1_0.8_8.C	51	4.000	22.800	0.328
BPP_100_500_0.1_0.8_8.C	51	4.000	22.800	0.328
BPP_100_500_0.1_0.8_8.C	51	4.000	22.800	0.329
BPP_100_500_0.1_0.8_8.C	50	4.600	22.760	0.329
BPP_100_500_0.1_0.8_8.C	51	4.000	22.800	0.328
BPP_100_500_0.1_0.8_8.C	51	4.000	22.800	0.332
BPP_100_500_0.1_0.8_8.C	51	4.000	22.800	0.339
BPP_100_500_0.1_0.8_8.C	51	4.000	22.800	0.330
BPP_100_500_0.1_0.8_9.C	49	4.600	22.360	0.313
BPP_100_500_0.1_0.8_9.C	49	4.200	22.120	0.311
BPP_100_500_0.1_0.8_9.C	49	4.600	22.360	0.314
BPP_100_500_0.1_0.8_9.C	50	3.800	22.280	0.309
BPP_100_500_0.1_0.8_9.C	48	4.200	21.720	0.313
BPP_100_500_0.1_0.8_9.C	49	4.400	22.240	0.330
BPP_100_500_0.1_0.8_9.C	49	4.200	22.120	0.336
BPP_100_500_0.1_0.8_9.C	50	4.000	22.400	0.313
BPP_100_500_0.1_0.8_9.C	49	4.200	22.120	0.314
BPP_100_500_0.1_0.8_9.C	50	4.000	22.400	0.314
BPP_100_50_0.1_0.8_0.C	48	2.200	20.520	0.314
BPP_100_50_0.1_0.8_0.C	48	2.200	20.520	0.313
BPP_100_50_0.1_0.8_0.C	48	2.200	20.520	0.314
BPP_100_50_0.1_0.8_0.C	48	2.200	20.520	0.310
BPP_100_50_0.1_0.8_0.C	48	2.200	20.520	0.311
BPP_100_50_0.1_0.8_0.C	47	2.800	20.480	0.309
BPP_100_50_0.1_0.8_0.C	48	2.200	20.520	0.310
BPP_100_50_0.1_0.8_0.C	48	2.200	20.520	0.312
BPP_100_50_0.1_0.8_0.C	48	2.200	20.520	0.306
BPP_100_50_0.1_0.8_0.C	48	2.200	20.520	0.309
BPP_100_50_0.1_0.8_1.C	47	6.000	22.400	0.315
BPP_100_50_0.1_0.8_1.C	47	6.000	22.400	0.312
BPP_100_50_0.1_0.8_1.C	47	6.000	22.400	0.340
BPP_100_50_0.1_0.8_1.C	47	6.000	22.400	0.321
BPP_100_50_0.1_0.8_1.C	47	6.000	22.400	0.315
BPP_100_50_0.1_0.8_1.C	47	6.000	22.400	0.313
BPP_100_50_0.1_0.8_1.C	47	6.000	22.400	0.312
BPP_100_50_0.1_0.8_1.C	47	6.000	22.400	0.316
BPP_100_50_0.1_0.8_1.C	47	6.000	22.400	0.313
BPP_100_50_0.1_0.8_1.C	47	6.000	22.400	0.318
BPP_100_50_0.1_0.8_2.C	54	5.000	24.600	0.362
BPP_100_50_0.1_0.8_2.C	54	5.000	24.600	0.403
BPP_100_50_0.1_0.8_2.C	54	5.000	24.600	0.360
BPP_100_50_0.1_0.8_2.C	54	5.000	24.600	0.358
BPP_100_50_0.1_0.8_2.C	54	5.000	24.600	0.358
BPP_100_50_0.1_0.8_2.C	54	5.000	24.600	0.350
BPP_100_50_0.1_0.8_2.C	54	5.000	24.600	0.381
BPP_100_50_0.1_0.8_2.C	54	5.000	24.600	0.357
BPP_100_50_0.1_0.8_2.C	54	5.000	24.600	0.371
BPP_100_50_0.1_0.8_2.C	54	5.000	24.600	0.354
BPP_100_50_0.1_0.8_3.C	51	5.200	23.520	0.330
BPP_100_50_0.1_0.8_3.C	51	5.400	23.640	0.330
BPP_100_50_0.1_0.8_3.C	51	5.400	23.640	0.327
BPP_100_50_0.1_0.8_3.C	51	5.400	23.640	0.327
BPP_100_50_0.1_0.8_3.C	51	5.400	23.640	0.328
BPP_100_50_0.1_0.8_3.C	51	5.400	23.640	0.332
BPP_100_50_0.1_0.8_3.C	51	5.400	23.640	0.332
BPP_100_50_0.1_0.8_3.C	51	5.400	23.640	0.348
BPP_100_50_0.1_0.8_3.C	51	5.400	23.640	0.330
BPP_100_50_0.1_0.8_3.C	51	5.400	23.640	0.341
BPP_100_50_0.1_0.8_4.C	45	2.000	19.200	0.303
BPP_100_50_0.1_0.8_4.C	45	1.800	19.080	0.297
BPP_100_50_0.1_0.8_4.C	46	1.400	19.240	0.301
BPP_100_50_0.1_0.8_4.C	46	1.600	19.360	0.306
BPP_100_50_0.1_0.8_4.C	45	2.200	19.320	0.299
BPP_100_50_0.1_0.8_4.C	45	1.600	18.960	0.301
BPP_100_50_0.1_0.8_4.C	45	1.600	18.960	0.307
BPP_100_50_0.1_0.8_4.C	46	1.800	19.480	0.297
BPP_100_50_0.1_0.8_4.C	45	1.600	18.960	0.297
BPP_100_50_0.1_0.8_4.C	46	1.400	19.240	0.300
BPP_100_50_0.1_0.8_5.C	45	2.200	19.320	0.307
BPP_100_50_0.1_0.8_5.C	46	1.600	19.360	0.309
BPP_100_50_0.1_0.8_5.C	46	1.600	19.360	0.311
BPP_100_50_0.1_0.8_5.C	46	1.800	19.480	0.311
BPP_100_50_0.1_0.8_5.C	46	1.800	19.480	0.308
BPP_100_50_0.1_0.8_5.C	46	2.200	19.720	0.308
BPP_100_50_0.1_0.8_5.C	46	1.400	19.240	0.324
BPP_100_50_0.1_0.8_5.C	46	1.800	19.480	0.308
BPP_100_50_0.1_0.8_5.C	46	1.800	19.480	0.310
BPP_100_50_0.1_0.8_5.C	46	1.600	19.360	0.308
BPP_100_50_0.1_0.8_6.C	47	2.200	20.120	0.314
BPP_100_50_0.1_0.8_6.C	48	1.600	20.160	0.316
BPP_100_50_0.1_0.8_6.C	48	1.400	20.040	0.315
BPP_100_50_0.1_0.8_6.C	48	1.400	20.040	0.314
BPP_100_50_0.1_0.8_6.C	48	1.400	20.040	0.319
BPP_100_50_0.1_0.8_6.C	48	1.600	20.160	0.310
BPP_100_50_0.1_0.8_6.C	47	2.200	20.120	0.318
BPP_100_50_0.1_0.8_6.C	48	1.400	20.040	0.315
BPP_100_50_0.1_0.8_6.C	48	1.400	20.040	0.311
BPP_100_50_0.1_0.8_6.C	47	1.600	19.760	0.346
BPP_100_50_0.1_0.8_7.C	50	1.800	21.080	0.333
BPP_100_50_0.1_0.8_7.C	50	1.800	21.080	0.332
BPP_100_50_0.1_0.8_7.C	50	1.600	20.960	0.336
BPP_100_50_0.1_0.8_7.C	50	1.600	20.960	0.388
BPP_100_50_0.1_0.8_7.C	50	1.800	21.080	0.340
BPP_100_50_0.1_0.8_7.C	49	1.600	20.560	0.335
BPP_100_50_0.1_0.8_7.C	50	1.800	21.080	0.331
BPP_100_50_0.1_0.8_7.C	49	1.600	20.560	0.331
BPP_100_50_0.1_0.8_7.C	50	1.600	20.960	0.337
BPP_100_50_0.1_0.8_7.C	50	1.600	20.960	0.335
BPP_100_50_0.1_0.8_8.C	51	4.400	23.040	0.361
BPP_100_50_0.1_0.8_8.C	51	4.400	23.040	0.353
BPP_100_50_0.1_0.8_8.C	51	4.400	23.040	0.350
BPP_100_50_0.1_0.8_8.C	51	4.400	23.040	0.353
BPP_100_50_0.1_0.8_8.C	51	4.400	23.040	0.359
BPP_100_50_0.1_0.8_8.C	51	4.400	23.040	0.349
BPP_100_50_0.1_0.8_8.C	51	4.400	23.040	0.354
BPP_100_50_0.1_0.8_8.C	51	4.400	23.040	0.353
BPP_100_50_0.1_0.8_8.C	51	4.400	23.040	0.355
BPP_100_50_0.1_0.8_8.C	51	4.400	23.040	0.357
BPP_100_50_0.1_0.8_9.C	50	4.600	22.760	0.344
BPP_100_50_0.1_0.8_9.C	50	4.600	22.760	0.336
BPP_100_50_0.1_0.8_9.C	50	4.600	22.760	0.341
BPP_100_50_0.1_0.8_9.C	50	4.600	22.760	0.350
BPP_100_50_0.1_0.8_9.C	50	4.600	22.760	0.339
BPP_100_50_0.1_0.8_9.C	50	4.600	22.760	0.351
BPP_100_50_0.1_0.8_9.C	50	4.600	22.760	0.340
BPP_100_50_0.1_0.8_9.C	50	4.600	22.760	0.339
BPP_100_50_0.1_0.8_9.C	50	4.600	22.760	0.350
BPP_100_50_0.1_0.8_9.C	50	4.600	22.760	0.339
BPP_100_750_0.1_0.8_0.C	50	2.000	21.200	0.324
BPP_100_750_0.1_0.8_0.C	50	2.000	21.200	0.329
BPP_100_750_0.1_0.8_0.C	50	2.000	21.200	0.331
BPP_100_750_0.1_0.8_0.C	50	2.000	21.200	0.321
BPP_100_750_0.1_0.8_0.C	50	2.000	21.200	0.323
BPP_100_750_0.1_0.8_0.C	50	2.000	21.200	0.328
BPP_100_750_0.1_0.8_0.C	50	2.000	21.200	0.319
BPP_100_750_0.1_0.8_0.C	50	2.000	21.200	0.324
BPP_100_750_0.1_0.8_0.C	50	2.000	21.200	0.324
BPP_100_750_0.1_0.8_0.C	50	2.000	21.200	0.324
BPP_100_750_0.1_0.8_1.C	49	2.000	20.800	0.315
BPP_100_750_0.1_0.8_1.C	49	2.000	20.800	0.319
BPP_100_750_0.1_0.8_1.C	49	2.000	20.800	0.318
BPP_100_750_0.1_0.8_1.C	49	2.000	20.800	0.322
BPP_100_750_0.1_0.8_1.C	49	2.000	20.800	0.321
BPP_100_750_0.1_0.8_1.C	49	2.000	20.800	0.318
BPP_100_750_0.1_0.8_1.C	49	2.000	20.800	0.344
BPP_100_750_0.1_0.8_1.C	47	2.400	20.240	0.316
BPP_100_750_0.1_0.8_1.C	48	2.600	20.760	0.317
BPP_100_750_0.1_0.8_1.C	49	2.000	20.800	0.319
BPP_100_750_0.1_0.8_2.C	49	2.000	20.800	0.318
BPP_100_750_0.1_0.8_2.C	49	2.000	20.800	0.316
BPP_100_750_0.1_0.8_2.C	48	2.400	20.640	0.313
BPP_100_750_0.1_0.8_2.C	49	2.000	20.800	0.322
BPP_100_750_0.1_0.8_2.C	49	2.000	20.800	0.313
BPP_100_750_0.1_0.8_2.C	49	2.000	20.800	0.314
BPP_100_750_0.1_0.8_2.C	49	2.000	20.800	0.315
BPP_100_750_0.1_0.8_2.C	49	2.000	20.800	0.311
BPP_100_750_0.1_0.8_2.C	49	2.000	20.800	0.321
BPP_100_750_0.1_0.8_2.C	49	2.000	20.800	0.319
BPP_100_750_0.1_0.8_3.C	53	3.000	23.000	0.329
BPP_100_750_0.1_0.8_3.C	51	3.800	22.680	0.329
BPP_100_750_0.1_0.8_3.C	53	2.800	22.880	0.334
BPP_100_750_0.1_0.8_3.C	51	3.200	22.320	0.328
BPP_100_750_0.1_0.8_3.C	52	3.000	22.600	0.331
BPP_100_750_0.1_0.8_3.C	52	3.200	22.720	0.343
BPP_100_750_0.1_0.8_3.C	52	3.000	22.600	0.330
BPP_100_750_0.1_0.8_3.C	53	3.000	23.000	0.335
BPP_100_750_0.1_0.8_3.C	53	3.000	23.000	0.336
BPP_100_750_0.1_0.8_3.C	53	3.000	23.000	0.335
BPP_100_750_0.1_0.8_4.C	56	4.200	24.920	0.353
BPP_100_750_0.1_0.8_4.C	55	5.200	25.120	0.354
BPP_100_750_0.1_0.8_4.C	56	4.000	24.800	0.358
BPP_100_750_0.1_0.8_4.C	56	3.600	24.560	0.355
BPP_100_750_0.1_0.8_4.C	56	3.600	24.560	0.356
BPP_100_750_0.1_0.8_4.C	56	3.800	24.680	0.355
BPP_100_750_0.1_0.8_4.C	56	4.400	25.040	0.357
BPP_100_750_0.1_0.8_4.C	54	4.000	24.000	0.354
BPP_100_750_0.1_0.8_4.C	57	3.600	24.960	0.362
BPP_100_750_0.1_0.8_4.C	55	4.000	24.400	0.356
BPP_100_750_0.1_0.8_5.C	53	0.400	21.440	0.350
BPP_100_750_0.1_0.8_5.C	53	0.000	21.200	0.338
BPP_100_750_0.1_0.8_5.C	53	0.400	21.440	0.336
BPP_100_750_0.1_0.8_5.C	53	0.400	21.440	0.338
BPP_100_750_0.1_0.8_5.C	52	1.000	21.400	0.339
BPP_100_750_0.1_0.8_5.C	53	0.400	21.440	0.340
BPP_100_750_0.1_0.8_5.C	53	0.400	21.440	0.336
BPP_100_750_0.1_0.8_5.C	53	0.400	21.440	0.339
BPP_100_750_0.1_0.8_5.C	53	0.400	21.440	0.340
BPP_100_750_0.1_0.8_5.C	53	0.400	21.440	0.363
BPP_100_750_0.1_0.8_6.C	50	0.200	20.120	0.329
BPP_100_750_0.1_0.8_6.C	50	0.200	20.120	0.320
BPP_100_750_0.1_0.8_6.C	49	0.600	19.960	0.319
BPP_100_750_0.1_0.8_6.C	50	0.200	20.120	0.315
BPP_100_750_0.1_0.8_6.C	50	0.200	20.120	0.345
BPP_100_750_0.1_0.8_6.C	49	0.200	19.720	0.319
BPP_100_750_0.1_0.8_6.C	50	0.200	20.120	0.317
BPP_100_750_0.1_0.8_6.C	50	0.200	20.120	0.334
BPP_100_750_0.1_0.8_6.C	50	0.200	20.120	0.317
BPP_100_750_0.1_0.8_6.C	50	0.200	20.120	0.358
BPP_100_750_0.1_0.8_7.C	54	0.000	21.600	0.372
BPP_100_750_0.1_0.8_7.C	54	0.000	21.600	0.352
BPP_100_750_0.1_0.8_7.C	53	0.400	21.440	0.356
BPP_100_750_0.1_0.8_7.C	54	0.000	21.600	0.354
BPP_100_750_0.1_0.8_7.C	54	0.000	21.600	0.349
BPP_100_750_0.1_0.8_7.C	53	0.000	21.200	0.350
BPP_100_750_0.1_0.8_7.C	54	0.000	21.600	0.356
BPP_100_750_0.1_0.8_7.C	54	0.000	21.600	0.376
BPP_100_750_0.1_0.8_7.C	54	0.000	21.600	0.362
BPP_100_750_0.1_0.8_7.C	54	0.000	21.600	0.354
BPP_100_750_0.1_0.8_8.C	49	1.000	20.200	0.309
BPP_100_750_0.1_0.8_8.C	48	1.000	19.800	0.309
BPP_100_750_0.1_0.8_8.C	49	1.000	20.200	0.318
BPP_100_750_0.1_0.8_8.C	49	1.000	20.200	0.309
BPP_100_750_0.1_0.8_8.C	49	0.800	20.080	0.309
BPP_100_750_0.1_0.8_8.C	49	1.000	20.200	0.308
BPP_100_750_0.1_0.8_8.C	47	2.000	20.000	0.308
BPP_100_750_0.1_0.8_8.C	49	1.000	20.200	0.308
BPP_100_750_0.1_0.8_8.C	49	1.400	20.440	0.305
BPP_100_750_0.1_0.8_8.C	48	1.000	19.800	0.311
BPP_100_750_0.1_0.8_9.C	48	0.800	19.680	0.316
BPP_100_750_0.1_0.8_9.C	48	0.800	19.680	0.314
BPP_100_750_0.1_0.8_9.C	48	0.800	19.680	0.325
BPP_100_750_0.1_0.8_9.C	48	0.800	19.680	0.320
BPP_100_750_0.1_0.8_9.C	48	0.800	19.680	0.326
BPP_100_750_0.1_0.8_9.C	48	0.800	19.680	0.318
BPP_100_750_0.1_0.8_9.C	48	0.800	19.680	0.316
BPP_100_750_0.1_0.8_9.C	48	0.800	19.680	0.323
BPP_100_750_0.1_0.8_9.C	48	0.800	19.680	0.316
BPP_100_750_0.1_0.8_9.C	48	0.800	19.680	0.325
BPP_100_75_0.1_0.8_0.C	54	0.000	21.600	0.362
BPP_100_75_0.1_0.8_0.C	54	0.000	21.600	0.353
BPP_100_75_0.1_0.8_0.C	54	0.000	21.600	0.349
BPP_100_75_0.1_0.8_0.C	54	0.000	21.600	0.358
BPP_100_75_0.1_0.8_0.C	54	0.000	21.600	0.352
BPP_100_75_0.1_0.8_0.C	54	0.000	21.600	0.354
BPP_100_75_0.1_0.8_0.C	54	0.000	21.600	0.365
BPP_100_75_0.1_0.8_0.C	53	0.000	21.200	0.363
BPP_100_75_0.1_0.8_0.C	53	0.400	21.440	0.356
BPP_100_75_0.1_0.8_0.C	54	0.000	21.600	0.348
BPP_100_75_0.1_0.8_1.C	50	4.200	22.520	0.348
BPP_100_75_0.1_0.8_1.C	50	4.200	22.520	0.350
BPP_100_75_0.1_0.8_1.C	50	4.200	22.520	0.353
BPP_100_75_0.1_0.8_1.C	50	4.200	22.520	0.355
BPP_100_75_0.1_0.8_1.C	50	4.200	22.520	0.347
BPP_100_75_0.1_0.8_1.C	50	4.200	22.520	0.352
BPP_100_75_0.1_0.8_1.C	50	4.200	22.520	0.352
BPP_100_75_0.1_0.8_1.C	50	4.200	22.520	0.360
BPP_100_75_0.1_0.8_1.C	50	4.200	22.520	0.349
BPP_100_75_0.1_0.8_1.C	50	4.200	22.520	0.357
BPP_100_75_0.1_0.8_2.C	51	7.200	24.720	0.328
BPP_100_75_0.1_0.8_2.C	51	7.600	24.960	0.326
BPP_100_75_0.1_0.8_2.C	51	7.800	25.080	0.325
BPP_100_75_0.1_0.8_2.C	51	7.000	24.600	0.340
BPP_100_75_0.1_0.8_2.C	51	7.600	24.960	0.326
BPP_100_75_0.1_0.8_2.C	51	7.200	24.720	0.324
BPP_100_75_0.1_0.8_2.C	51	7.200	24.720	0.323
BPP_100_75_0.1_0.8_2.C	51	7.000	24.600	0.328
BPP_100_75_0.1_0.8_2.C	50	7.600	24.560	0.324
BPP_100_75_0.1_0.8_2.C	50	7.400	24.440	0.324
BPP_100_75_0.1_0.8_3.C	55	2.400	23.440	0.378
BPP_100_75_0.1_0.8_3.C	55	2.400	23.440	0.388
BPP_100_75_0.1_0.8_3.C	55	2.400	23.440	0.421
BPP_100_75_0.1_0.8_3.C	55	2.400	23.440	0.380
BPP_100_75_0.1_0.8_3.C	55	2.400	23.440	0.383
BPP_100_75_0.1_0.8_3.C	55	2.400	23.440	0.377
BPP_100_75_0.1_0.8_3.C	55	2.400	23.440	0.382
BPP_100_75_0.1_0.8_3.C	55	2.400	23.440	0.375
BPP_100_75_0.1_0.8_3.C	55	2.400	23.440	0.370
BPP_100_75_0.1_0.8_3.C	55	2.400	23.440	0.381
BPP_100_75_0.1_0.8_4.C	50	0.600	20.360	0.326
BPP_100_75_0.1_0.8_4.C	50	0.400	20.240	0.329
BPP_100_75_0.1_0.8_4.C	50	0.600	20.360	0.333
BPP_100_75_0.1_0.8_4.C	50	0.600	20.360	0.326
BPP_100_75_0.1_0.8_4.C	50	0.600	20.360	0.336
BPP_100_75_0.1_0.8_4.C	50	0.600	20.360	0.333
BPP_100_75_0.1_0.8_4.C	50	0.600	20.360	0.366
BPP_100_75_0.1_0.8_4.C	50	0.600	20.360	0.332
BPP_100_75_0.1_0.8_4.C	50	0.600	20.360	0.327
BPP_100_75_0.1_0.8_4.C	50	0.600	20.360	0.329
BPP_100_75_0.1_0.8_5.C	52	0.600	21.160	0.326
BPP_100_75_0.1_0.8_5.C	52	1.000	21.400	0.325
BPP_100_75_0.1_0.8_5.C	53	0.600	21.560	0.326
BPP_100_75_0.1_0.8_5.C	52	1.000	21.400	0.332
BPP_100_75_0.1_0.8_5.C	53	1.200	21.920	0.334
BPP_100_75_0.1_0.8_5.C	53	0.600	21.560	0.323
BPP_100_75_0.1_0.8_5.C	52	0.400	21.040	0.326
BPP_100_75_0.1_0.8_5.C	52	1.200	21.520	0.328
BPP_100_75_0.1_0.8_5.C	51	1.600	21.360	0.326
BPP_100_75_0.1_0.8_5.C	52	0.600	21.160	0.329
BPP_100_75_0.1_0.8_6.C	48	0.600	19.560	0.317
BPP_100_75_0.1_0.8_6.C	48	1.200	19.920	0.321
BPP_100_75_0.1_0.8_6.C	49	0.600	19.960	0.322
BPP_100_75_0.1_0.8_6.C	48	0.600	19.560	0.315
BPP_100_75_0.1_0.8_6.C	49	0.600	19.960	0.346
BPP_100_75_0.1_0.8_6.C	48	0.600	19.560	0.318
BPP_100_75_0.1_0.8_6.C	48	1.000	19.800	0.320
BPP_100_75_0.1_0.8_6.C	48	0.800	19.680	0.322
BPP_100_75_0.1_0.8_6.C	49	0.800	20.080	0.317
BPP_100_75_0.1_0.8_6.C	49	0.600	19.960	0.313
BPP_100_75_0.1_0.8_7.C	52	0.400	21.040	0.335
BPP_100_75_0.1_0.8_7.C	52	0.600	21.160	0.333
BPP_100_75_0.1_0.8_7.C	52	0.600	21.160	0.335
BPP_100_75_0.1_0.8_7.C	51	1.000	21.000	0.334
BPP_100_75_0.1_0.8_7.C	52	0.200	20.920	0.340
BPP_100_75_0.1_0.8_7.C	52	0.600	21.160	0.337
BPP_100_75_0.1_0.8_7.C	52	0.600	21.160	0.340
BPP_100_75_0.1_0.8_7.C	51	1.000	21.000	0.336
BPP_100_75_0.1_0.8_7.C	51	0.800	20.880	0.342
BPP_100_75_0.1_0.8_7.C	52	0.600	21.160	0.333
BPP_100_75_0.1_0.8_8.C	51	0.200	20.520	0.338
BPP_100_75_0.1_0.8_8.C	52	0.200	20.920	0.338
BPP_100_75_0.1_0.8_8.C	52	0.200	20.920	0.343
BPP_100_75_0.1_0.8_8.C	51	0.400	20.640	0.344
BPP_100_75_0.1_0.8_8.C	51	0.400	20.640	0.339
BPP_100_75_0.1_0.8_8.C	52	0.400	21.040	0.341
BPP_100_75_0.1_0.8_8.C	51	0.400	20.640	0.346
BPP_100_75_0.1_0.8_8.C	51	0.400	20.640	0.340
BPP_100_75_0.1_0.8_8.C	51	0.800	20.880	0.337
BPP_100_75_0.1_0.8_8.C	51	0.800	20.880	0.375
BPP_100_75_0.1_0.8_9.C	53	0.800	21.680	0.356
BPP_100_75_0.1_0.8_9.C	53	0.800	21.680	0.371
BPP_100_75_0.1_0.8_9.C	53	0.800	21.680	0.362
BPP_100_75_0.1_0.8_9.C	53	0.800	21.680	0.365
BPP_100_75_0.1_0.8_9.C	53	0.800	21.680	0.361
BPP_100_75_0.1_0.8_9.C	54	0.200	21.720	0.377
BPP_100_75_0.1_0.8_9.C	53	0.400	21.440	0.370
BPP_100_75_0.1_0.8_9.C	53	0.600	21.560	0.358
BPP_100_75_0.1_0.8_9.C	53	0.800	21.680	0.381
BPP_100_75_0.1_0.8_9.C	54	0.200	21.720	0.373
BPP_200_1000_0.1_0.8_0.C	105	1.600	42.960	2.062
BPP_200_1000_0.1_0.8_0.C	105	1.600	42.960	2.003
BPP_200_1000_0.1_0.8_0.C	105	1.600	42.960	2.079
BPP_200_1000_0.1_0.8_0.C	105	1.600	42.960	2.034
BPP_200_1000_0.1_0.8_0.C	105	1.600	42.960	1.988
BPP_200_1000_0.1_0.8_0.C	105	1.600	42.960	2.014
BPP_200_1000_0.1_0.8_0.C	105	1.600	42.960	1.992
BPP_200_1000_0.1_0.8_0.C	105	1.600	42.960	1.997
BPP_200_1000_0.1_0.8_0.C	105	1.600	42.960	1.984
BPP_200_1000_0.1_0.8_0.C	102	2.400	42.240	1.976
BPP_200_1000_0.1_0.8_1.C	104	2.400	43.040	2.174
BPP_200_1000_0.1_0.8_1.C	104	2.400	43.040	2.137
BPP_200_1000_0.1_0.8_1.C	104	2.400	43.040	2.159
BPP_200_1000_0.1_0.8_1.C	104	2.400	43.040	2.151
BPP_200_1000_0.1_0.8_1.C	104	2.400	43.040	2.128
BPP_200_1000_0.1_0.8_1.C	104	2.400	43.040	2.119
BPP_200_1000_0.1_0.8_1.C	104	2.400	43.040	2.232
BPP_200_1000_0.1_0.8_1.C	104	2.400	43.040	2.154
BPP_200_1000_0.1_0.8_1.C	104	2.400	43.040	2.298
BPP_200_1000_0.1_0.8_1.C	104	2.400	43.040	2.117
BPP_200_1000_0.1_0.8_2.C	105	1.600	42.960	2.071
BPP_200_1000_0.1_0.8_2.C	102	2.600	42.360	2.047
BPP_200_1000_0.1_0.8_2.C	104	3.000	43.400	2.099
BPP_200_1000_0.1_0.8_2.C	105	1.600	42.960	2.059
BPP_200_1000_0.1_0.8_2.C	105	1.800	43.080	2.154
BPP_200_1000_0.1_0.8_2.C	105	1.400	42.840	2.088
BPP_200_1000_0.1_0.8_2.C	105	1.600	42.960	2.080
BPP_200_1000_0.1_0.8_2.C	106	1.400	43.240	2.099
BPP_200_1000_0.1_0.8_2.C	105	1.600	42.960	2.059
BPP_200_1000_0.1_0.8_2.C	105	1.600	42.960	2.077
BPP_200_1000_0.1_0.8_3.C	99	4.000	42.000	2.008
BPP_200_1000_0.1_0.8_3.C	100	5.000	43.000	2.059
BPP_200_1000_0.1_0.8_3.C	100	5.000	43.000	2.023
BPP_200_1000_0.1_0.8_3.C	102	3.600	42.960	2.061
BPP_200_1000_0.1_0.8_3.C	101	3.800	42.680	2.043
BPP_200_1000_0.1_0.8_3.C	100	3.800	42.280	2.041
BPP_200_1000_0.1_0.8_3.C	100	4.800	42.880	2.047
BPP_200_1000_0.1_0.8_3.C	102	3.400	42.840	2.054
BPP_200_1000_0.1_0.8_3.C	100	5.000	43.000	2.001
BPP_200_1000_0.1_0.8_3.C	100	5.000	43.000	2.067
BPP_200_1000_0.1_0.8_4.C	101	4.600	43.160	1.968
BPP_200_1000_0.1_0.8_4.C	102	3.600	42.960	1.985
BPP_200_1000_0.1_0.8_4.C	99	5.200	42.720	1.985
BPP_200_1000_0.1_0.8_4.C	101	4.600	43.160	1.976
BPP_200_1000_0.1_0.8_4.C	99	5.000	42.600	1.958
BPP_200_1000_0.1_0.8_4.C	100	4.000	42.400	1.967
BPP_200_1000_0.1_0.8_4.C	101	4.400	43.040	1.987
BPP_200_1000_0.1_0.8_4.C	100	5.200	43.120	1.971
BPP_200_1000_0.1_0.8_4.C	101	4.200	42.920	1.994
BPP_200_1000_0.1_0.8_4.C	99	5.000	42.600	1.954
BPP_200_1000_0.1_0.8_5.C	103	0.400	41.440	1.932
BPP_200_1000_0.1_0.8_5.C	104	0.600	41.960	1.956
BPP_200_1000_0.1_0.8_5.C	104	0.600	41.960	1.919
BPP_200_1000_0.1_0.8_5.C	101	2.600	41.960	1.954
BPP_200_1000_0.1_0.8_5.C	104	0.600	41.960	1.900
BPP_200_1000_0.1_0.8_5.C	104	0.600	41.960	1.916
BPP_200_1000_0.1_0.8_5.C	104	0.600	41.960	1.908
BPP_200_1000_0.1_0.8_5.C	104	0.600	41.960	1.988
BPP_200_1000_0.1_0.8_5.C	104	0.600	41.960	1.987
BPP_200_1000_0.1_0.8_5.C	104	0.600	41.960	1.936
BPP_200_1000_0.1_0.8_6.C	98	1.000	39.800	1.946
BPP_200_1000_0.1_0.8_6.C	98	1.000	39.800	1.979
BPP_200_1000_0.1_0.8_6.C	98	1.000	39.800	1.961
BPP_200_1000_0.1_0.8_6.C	98	1.000	39.800	1.987
BPP_200_1000_0.1_0.8_6.C	98	1.000	39.800	1.940
BPP_200_1000_0.1_0.8_6.C	98	1.000	39.800	1.953
BPP_200_1000_0.1_0.8_6.C	98	1.000	39.800	1.954
BPP_200_1000_0.1_0.8_6.C	98	1.000	39.800	1.970
BPP_200_1000_0.1_0.8_6.C	98	1.000	39.800	1.952
BPP_200_1000_0.1_0.8_6.C	98	1.000	39.800	1.969
BPP_200_1000_0.1_0.8_7.C	109	0.400	43.840	2.342
BPP_200_1000_0.1_0.8_7.C	107	0.400	43.040	2.246
BPP_200_1000_0.1_0.8_7.C	109	0.200	43.720	2.203
BPP_200_1000_0.1_0.8_7.C	109	0.400	43.840	2.201
BPP_200_1000_0.1_0.8_7.C	109	0.400	43.840	2.236
BPP_200_1000_0.1_0.8_7.C	108	0.400	43.440	2.186
BPP_200_1000_0.1_0.8_7.C	109	-0.000	43.600	2.282
BPP_200_1000_0.1_0.8_7.C	108	0.400	43.440	2.209
BPP_200_1000_0.1_0.8_7.C	109	0.400	43.840	2.236
BPP_200_1000_0.1_0.8_7.C	109	0.400	43.840	2.202
BPP_200_1000_0.1_0.8_8.C	101	1.800	41.480	1.896
BPP_200_1000_0.1_0.8_8.C	100	1.800	41.080	1.956
BPP_200_1000_0.1_0.8_8.C	101	1.800	41.480	1.931
BPP_200_1000_0.1_0.8_8.C	101	1.800	41.480	1.908
BPP_200_1000_0.1_0.8_8.C	101	1.800	41.480	1.901
BPP_200_1000_0.1_0.8_8.C	102	0.800	41.280	1.884
BPP_200_1000_0.1_0.8_8.C	101	1.800	41.480	1.876
BPP_200_1000_0.1_0.8_8.C	101	1.800	41.480	1.948
BPP_200_1000_0.1_0.8_8.C	99	2.600	41.160	1.917
BPP_200_1000_0.1_0.8_8.C	101	1.800	41.480	1.850
BPP_200_1000_0.1_0.8_9.C	98	1.800	40.280	1.904
BPP_200_1000_0.1_0.8_9.C	96	2.800	40.080	1.918
BPP_200_1000_0.1_0.8_9.C	98	1.800	40.280	1.934
BPP_200_1000_0.1_0.8_9.C	98	1.600	40.160	1.920
BPP_200_1000_0.1_0.8_9.C	98	1.800	40.280	1.907
BPP_200_1000_0.1_0.8_9.C	96	3.000	40.200	1.908
BPP_200_1000_0.1_0.8_9.C	98	1.800	40.280	1.901
BPP_200_1000_0.1_0.8_9.C	98	1.800	40.280	1.936
BPP_200_1000_0.1_0.8_9.C	98	1.800	40.280	1.959
BPP_200_1000_0.1_0.8_9.C	98	1.800	40.280	1.917
BPP_200_100_0.1_0.8_0.C	105	1.000	42.600	2.011
BPP_200_100_0.1_0.8_0.C	103	1.600	42.160	1.966
BPP_200_100_0.1_0.8_0.C	105	1.000	42.600	1.970
BPP_200_100_0.1_0.8_0.C	105	1.000	42.600	2.082
BPP_200_100_0.1_0.8_0.C	105	1.000	42.600	1.989
BPP_200_100_0.1_0.8_0.C	105	1.000	42.600	2.041
BPP_200_100_0.1_0.8_0.C	105	1.000	42.600	2.086
BPP_200_100_0.1_0.8_0.C	105	1.000	42.600	2.040
BPP_200_100_0.1_0.8_0.C	105	1.000	42.600	2.073
BPP_200_100_0.1_0.8_0.C	105	1.000	42.600	2.039
BPP_200_100_0.1_0.8_1.C	104	6.000	45.200	2.081
BPP_200_100_0.1_0.8_1.C	105	5.000	45.000	2.102
BPP_200_100_0.1_0.8_1.C	104	4.400	44.240	2.073
BPP_200_100_0.1_0.8_1.C	103	5.200	44.320	2.121
BPP_200_100_0.1_0.8_1.C	106	5.600	45.760	2.112
BPP_200_100_0.1_0.8_1.C	104	5.400	44.840	2.131
BPP_200_100_0.1_0.8_1.C	104	5.400	44.840	2.136
BPP_200_100_0.1_0.8_1.C	104	5.400	44.840	2.090
BPP_200_100_0.1_0.8_1.C	103	4.600	43.960	2.110
BPP_200_100_0.1_0.8_1.C	103	5.200	44.320	2.081
BPP_200_100_0.1_0.8_2.C	96	1.000	39.000	2.222
BPP_200_100_0.1_0.8_2.C	96	1.000	39.000	2.268
BPP_200_100_0.1_0.8_2.C	96	1.000	39.000	2.304
BPP_200_100_0.1_0.8_2.C	96	1.000	39.000	2.244
BPP_200_100_0.1_0.8_2.C	96	1.000	39.000	2.272
BPP_200_100_0.1_0.8_2.C	96	1.000	39.000	2.303
BPP_200_100_0.1_0.8_2.C	96	1.000	39.000	2.254
BPP_200_100_0.1_0.8_2.C	96	1.000	39.000	2.325
BPP_200_100_0.1_0.8_2.C	96	1.000	39.000	2.319
BPP_200_100_0.1_0.8_2.C	96	1.000	39.000	2.272
BPP_200_100_0.1_0.8_3.C	99	2.000	40.800	2.183
BPP_200_100_0.1_0.8_3.C	99	2.000	40.800	2.173
BPP_200_100_0.1_0.8_3.C	99	1.800	40.680	2.235
BPP_200_100_0.1_0.8_3.C	99	2.000	40.800	2.156
BPP_200_100_0.1_0.8_3.C	99	2.000	40.800	2.158
BPP_200_100_0.1_0.8_3.C	99	2.000	40.800	2.161
BPP_200_100_0.1_0.8_3.C	99	2.000	40.800	2.142
BPP_200_100_0.1_0.8_3.C	99	2.000	40.800	2.159
BPP_200_100_0.1_0.8_3.C	99	2.000	40.800	2.159
BPP_200_100_0.1_0.8_3.C	98	1.600	40.160	2.162
BPP_200_100_0.1_0.8_4.C	104	3.400	43.640	2.247
BPP_200_100_0.1_0.8_4.C	104	3.400	43.640	2.246
BPP_200_100_0.1_0.8_4.C	104	3.400	43.640	2.189
BPP_200_100_0.1_0.8_4.C	104	3.400	43.640	2.218
BPP_200_100_0.1_0.8_4.C	104	3.400	43.640	2.231
BPP_200_100_0.1_0.8_4.C	103	3.400	43.240	2.218
BPP_200_100_0.1_0.8_4.C	104	3.400	43.640	2.219
BPP_200_100_0.1_0.8_4.C	104	3.400	43.640	2.238
BPP_200_100_0.1_0.8_4.C	104	3.400	43.640	2.277
BPP_200_100_0.1_0.8_4.C	104	3.400	43.640	2.284
BPP_200_100_0.1_0.8_5.C	98	2.000	40.400	1.951
BPP_200_100_0.1_0.8_5.C	98	2.000	40.400	1.978
BPP_200_100_0.1_0.8_5.C	98	2.000	40.400	2.075
BPP_200_100_0.1_0.8_5.C	98	2.000	40.400	1.978
BPP_200_100_0.1_0.8_5.C	98	2.000	40.400	2.007
BPP_200_100_0.1_0.8_5.C	98	2.000	40.400	1.949
BPP_200_100_0.1_0.8_5.C	98	2.000	40.400	1.930
BPP_200_100_0.1_0.8_5.C	98	2.000	40.400	1.931
BPP_200_100_0.1_0.8_5.C	98	2.000	40.400	1.917
BPP_200_100_0.1_0.8_5.C	98	2.000	40.400	1.924
BPP_200_100_0.1_0.8_6.C	97	1.000	39.400	1.916
BPP_200_100_0.1_0.8_6.C	97	1.000	39.400	1.914
BPP_200_100_0.1_0.8_6.C	97	1.000	39.400	1.954
BPP_200_100_0.1_0.8_6.C	97	1.000	39.400	1.944
BPP_200_100_0.1_0.8_6.C	97	1.000	39.400	1.922
BPP_200_100_0.1_0.8_6.C	97	1.000	39.400	1.936
BPP_200_100_0.1_0.8_6.C	97	1.000	39.400	1.999
BPP_200_100_0.1_0.8_6.C	97	1.000	39.400	2.042
BPP_200_100_0.1_0.8_6.C	97	1.000	39.400	1.895
BPP_200_100_0.1_0.8_6.C	97	1.000	39.400	1.922
BPP_200_100_0.1_0.8_7.C	98	5.600	42.560	1.939
BPP_200_100_0.1_0.8_7.C	98	5.600	42.560	1.969
BPP_200_100_0.1_0.8_7.C	98	5.600	42.560	1.950
BPP_200_100_0.1_0.8_7.C	98	5.600	42.560	1.920
BPP_200_100_0.1_0.8_7.C	98	5.600	42.560	1.967
BPP_200_100_0.1_0.8_7.C	98	5.600	42.560	1.934
BPP_200_100_0.1_0.8_7.C	98	5.600	42.560	1.966
BPP_200_100_0.1_0.8_7.C	98	5.600	42.560	1.995
BPP_200_100_0.1_0.8_7.C	97	6.200	42.520	1.961
BPP_200_100_0.1_0.8_7.C	98	5.600	42.560	1.912
BPP_200_100_0.1_0.8_8.C	104	10.000	47.600	2.047
BPP_200_100_0.1_0.8_8.C	104	10.000	47.600	2.028
BPP_200_100_0.1_0.8_8.C	104	10.000	47.600	2.020
BPP_200_100_0.1_0.8_8.C	104	10.000	47.600	2.118
BPP_200_100_0.1_0.8_8.C	104	10.000	47.600	2.027
BPP_200_100_0.1_0.8_8.C	104	10.000	47.600	2.021
BPP_200_100_0.1_0.8_8.C	104	10.000	47.600	2.036
BPP_200_100_0.1_0.8_8.C	104	10.000	47.600	2.058
BPP_200_100_0.1_0.8_8.C	104	10.000	47.600	2.052
BPP_200_100_0.1_0.8_8.C	104	10.000	47.600	2.078
BPP_200_100_0.1_0.8_9.C	104	3.200	43.520	2.152
BPP_200_100_0.1_0.8_9.C	104	3.200	43.520	2.054
BPP_200_100_0.1_0.8_9.C	104	3.200	43.520	2.079
BPP_200_100_0.1_0.8_9.C	103	2.800	42.880	2.053
BPP_200_100_0.1_0.8_9.C	104	3.200	43.520	2.050
BPP_200_100_0.1_0.8_9.C	104	3.200	43.520	2.050
BPP_200_100_0.1_0.8_9.C	104	3.200	43.520	2.057
BPP_200_100_0.1_0.8_9.C	104	3.200	43.520	2.092
BPP_200_100_0.1_0.8_9.C	103	3.000	43.000	2.085
BPP_200_100_0.1_0.8_9.C	104	3.200	43.520	2.050
BPP_200_120_0.1_0.8_0.C	100	7.400	44.440	1.973
BPP_200_120_0.1_0.8_0.C	100	7.400	44.440	2.047
BPP_200_120_0.1_0.8_0.C	100	7.400	44.440	1.976
BPP_200_120_0.1_0.8_0.C	100	7.400	44.440	1.998
BPP_200_120_0.1_0.8_0.C	100	7.400	44.440	1.969
BPP_200_120_0.1_0.8_0.C	100	7.400	44.440	2.006
BPP_200_120_0.1_0.8_0.C	100	7.400	44.440	2.039
BPP_200_120_0.1_0.8_0.C	100	7.400	44.440	1.960
BPP_200_120_0.1_0.8_0.C	100	7.400	44.440	2.032
BPP_200_120_0.1_0.8_0.C	100	7.400	44.440	1.972
BPP_200_120_0.1_0.8_1.C	92	0.800	37.280	1.901
BPP_200_120_0.1_0.8_1.C	92	0.800	37.280	1.847
BPP_200_120_0.1_0.8_1.C	92	0.800	37.280	1.894
BPP_200_120_0.1_0.8_1.C	92	0.800	37.280	1.851
BPP_200_120_0.1_0.8_1.C	92	0.800	37.280	1.846
BPP_200_120_0.1_0.8_1.C	92	0.800	37.280	1.834
BPP_200_120_0.1_0.8_1.C	92	0.600	37.160	1.841
BPP_200_120_0.1_0.8_1.C	92	0.800	37.280	1.839
BPP_200_120_0.1_0.8_1.C	92	0.800	37.280	1.848
BPP_200_120_0.1_0.8_1.C	92	0.600	37.160	1.843
BPP_200_120_0.1_0.8_2.C	113	0.200	45.320	2.227
BPP_200_120_0.1_0.8_2.C	113	0.200	45.320	2.202
BPP_200_120_0.1_0.8_2.C	113	0.200	45.320	2.340
BPP_200_120_0.1_0.8_2.C	113	0.200	45.320	2.275
BPP_200_120_0.1_0.8_2.C	113	0.200	45.320	2.301
BPP_200_120_0.1_0.8_2.C	113	0.200	45.320	2.283
BPP_200_120_0.1_0.8_2.C	113	0.200	45.320	2.315
BPP_200_120_0.1_0.8_2.C	113	0.200	45.320	2.232
BPP_200_120_0.1_0.8_2.C	113	0.200	45.320	2.196
BPP_200_120_0.1_0.8_2.C	113	0.200	45.320	2.197
BPP_200_120_0.1_0.8_3.C	98	6.200	42.920	1.891
BPP_200_120_0.1_0.8_3.C	98	6.200	42.920	1.872
BPP_200_120_0.1_0.8_3.C	98	6.200	42.920	1.871
BPP_200_120_0.1_0.8_3.C	98	6.200	42.920	1.914
BPP_200_120_0.1_0.8_3.C	98	6.200	42.920	1.913
BPP_200_120_0.1_0.8_3.C	98	6.200	42.920	1.895
BPP_200_120_0.1_0.8_3.C	98	6.200	42.920	1.961
BPP_200_120_0.1_0.8_3.C	98	6.200	42.920	1.902
BPP_200_120_0.1_0.8_3.C	98	6.200	42.920	1.874
BPP_200_120_0.1_0.8_3.C	98	6.200	42.920	1.898
BPP_200_120_0.1_0.8_4.C	107	2.800	44.480	2.023
BPP_200_120_0.1_0.8_4.C	106	3.400	44.440	2.047
BPP_200_120_0.1_0.8_4.C	107	2.800	44.480	2.048
BPP_200_120_0.1_0.8_4.C	105	2.400	43.440	2.021
BPP_200_120_0.1_0.8_4.C	107	3.000	44.600	2.027
BPP_200_120_0.1_0.8_4.C	107	3.000	44.600	2.077
BPP_200_120_0.1_0.8_4.C	107	3.000	44.600	2.112
BPP_200_120_0.1_0.8_4.C	107	3.000	44.600	2.025
BPP_200_120_0.1_0.8_4.C	107	3.000	44.600	2.053
BPP_200_120_0.1_0.8_4.C	107	3.000	44.600	2.039
BPP_200_120_0.1_0.8_5.C	102	2.800	42.480	2.063
BPP_200_120_0.1_0.8_5.C	102	2.200	42.120	2.072
BPP_200_120_0.1_0.8_5.C	102	3.400	42.840	2.046
BPP_200_120_0.1_0.8_5.C	102	3.400	42.840	2.098
BPP_200_120_0.1_0.8_5.C	103	3.200	43.120	2.072
BPP_200_120_0.1_0.8_5.C	103	3.000	43.000	2.083
BPP_200_120_0.1_0.8_5.C	103	3.200	43.120	2.073
BPP_200_120_0.1_0.8_5.C	102	2.000	42.000	2.075
BPP_200_120_0.1_0.8_5.C	103	2.800	42.880	2.088
BPP_200_120_0.1_0.8_5.C	103	3.200	43.120	2.113
BPP_200_120_0.1_0.8_6.C	102	2.400	42.240	1.886
BPP_200_120_0.1_0.8_6.C	102	2.400	42.240	1.901
BPP_200_120_0.1_0.8_6.C	102	2.400	42.240	1.918
BPP_200_120_0.1_0.8_6.C	102	2.400	42.240	1.896
BPP_200_120_0.1_0.8_6.C	102	2.400	42.240	1.894
BPP_200_120_0.1_0.8_6.C	102	2.400	42.240	1.912
BPP_200_120_0.1_0.8_6.C	102	2.400	42.240	1.868
BPP_200_120_0.1_0.8_6.C	101	2.800	42.080	1.896
BPP_200_120_0.1_0.8_6.C	102	2.400	42.240	1.907
BPP_200_120_0.1_0.8_6.C	102	2.400	42.240	1.900
BPP_200_120_0.1_0.8_7.C	102	5.600	44.160	2.041
BPP_200_120_0.1_0.8_7.C	102	5.600	44.160	2.082
BPP_200_120_0.1_0.8_7.C	102	5.600	44.160	2.043
BPP_200_120_0.1_0.8_7.C	102	5.600	44.160	2.045
BPP_200_120_0.1_0.8_7.C	102	5.600	44.160	2.013
BPP_200_120_0.1_0.8_7.C	102	5.600	44.160	2.017
BPP_200_120_0.1_0.8_7.C	102	5.600	44.160	2.039
BPP_200_120_0.1_0.8_7.C	102	5.600	44.160	2.033
BPP_200_120_0.1_0.8_7.C	102	5.400	44.040	2.025
BPP_200_120_0.1_0.8_7.C	102	5.600	44.160	2.019
BPP_200_120_0.1_0.8_8.C	96	9.200	43.920	2.005
BPP_200_120_0.1_0.8_8.C	96	9.200	43.920	2.055
BPP_200_120_0.1_0.8_8.C	96	9.200	43.920	2.023
BPP_200_120_0.1_0.8_8.C	96	9.200	43.920	2.001
BPP_200_120_0.1_0.8_8.C	96	9.200	43.920	2.046
BPP_200_120_0.1_0.8_8.C	96	9.200	43.920	2.185
BPP_200_120_0.1_0.8_8.C	96	9.200	43.920	2.080
BPP_200_120_0.1_0.8_8.C	96	9.200	43.920	1.997
BPP_200_120_0.1_0.8_8.C	96	9.200	43.920	2.045
BPP_200_120_0.1_0.8_8.C	96	9.200	43.920	2.034
BPP_200_120_0.1_0.8_9.C	108	6.800	47.280	2.248
BPP_200_120_0.1_0.8_9.C	108	6.800	47.280	2.262
BPP_200_120_0.1_0.8_9.C	108	6.800	47.280	2.299
BPP_200_120_0.1_0.8_9.C	108	6.800	47.280	2.228
BPP_200_120_0.1_0.8_9.C	108	6.800	47.280	2.195
BPP_200_120_0.1_0.8_9.C	108	6.800	47.280	2.217
BPP_200_120_0.1_0.8_9.C	108	6.800	47.280	2.233
BPP_200_120_0.1_0.8_9.C	108	6.800	47.280	2.265
BPP_200_120_0.1_0.8_9.C	108	6.800	47.280	2.238
BPP_200_120_0.1_0.8_9.C	108	6.800	47.280	2.245
BPP_200_125_0.1_0.8_0.C	104	6.600	45.560	1.935
BPP_200_125_0.1_0.8_0.C	103	6.800	45.280	1.959
BPP_200_125_0.1_0.8_0.C	104	6.600	45.560	1.954
BPP_200_125_0.1_0.8_0.C	104	6.600	45.560	1.967
BPP_200_125_0.1_0.8_0.C	104	6.600	45.560	1.978
BPP_200_125_0.1_0.8_0.C	104	6.600	45.560	1.945
BPP_200_125_0.1_0.8_0.C	104	5.800	45.080	1.947
BPP_200_125_0.1_0.8_0.C	104	6.600	45.560	1.959
BPP_200_125_0.1_0.8_0.C	104	6.600	45.560	1.928
BPP_200_125_0.1_0.8_0.C	104	6.400	45.440	2.007
BPP_200_125_0.1_0.8_1.C	110	5.000	47.000	2.131
BPP_200_125_0.1_0.8_1.C	110	6.200	47.720	2.111
BPP_200_125_0.1_0.8_1.C	110	6.400	47.840	2.079
BPP_200_125_0.1_0.8_1.C	111	6.000	48.000	2.141
BPP_200_125_0.1_0.8_1.C	111	5.400	47.640	2.131
BPP_200_125_0.1_0.8_1.C	109	5.800	47.080	2.122
BPP_200_125_0.1_0.8_1.C	109	5.200	46.720	2.111
BPP_200_125_0.1_0.8_1.C	111	6.000	48.000	2.173
BPP_200_125_0.1_0.8_1.C	111	6.000	48.000	2.085
BPP_200_125_0.1_0.8_1.C	111	5.800	47.880	2.110
BPP_200_125_0.1_0.8_2.C	100	5.400	43.240	2.146
BPP_200_125_0.1_0.8_2.C	100	5.400	43.240	2.094
BPP_200_125_0.1_0.8_2.C	100	5.400	43.240	2.066
BPP_200_125_0.1_0.8_2.C	100	5.400	43.240	2.063
BPP_200_125_0.1_0.8_2.C	100	5.400	43.240	2.120
BPP_200_125_0.1_0.8_2.C	100	5.200	43.120	2.098
BPP_200_125_0.1_0.8_2.C	98	6.400	43.040	2.143
BPP_200_125_0.1_0.8_2.C	100	5.200	43.120	2.070
BPP_200_125_0.1_0.8_2.C	100	5.400	43.240	2.072
BPP_200_125_0.1_0.8_2.C	100	5.400	43.240	2.058
BPP_200_125_0.1_0.8_3.C	100	10.200	46.120	2.115
BPP_200_125_0.1_0.8_3.C	100	10.200	46.120	2.177
BPP_200_125_0.1_0.8_3.C	100	10.200	46.120	2.122
BPP_200_125_0.1_0.8_3.C	100	10.200	46.120	2.113
BPP_200_125_0.1_0.8_3.C	100	10.200	46.120	2.200
BPP_200_125_0.1_0.8_3.C	100	10.200	46.120	2.143
BPP_200_125_0.1_0.8_3.C	99	10.800	46.080	2.141
BPP_200_125_0.1_0.8_3.C	100	10.200	46.120	2.146
BPP_200_125_0.1_0.8_3.C	100	10.200	46.120	2.142
BPP_200_125_0.1_0.8_3.C	100	10.200	46.120	2.149
BPP_200_125_0.1_0.8_4.C	100	8.400	45.040	1.919
BPP_200_125_0.1_0.8_4.C	100	8.400	45.040	1.996
BPP_200_125_0.1_0.8_4.C	100	8.400	45.040	1.969
BPP_200_125_0.1_0.8_4.C	100	8.400	45.040	1.955
BPP_200_125_0.1_0.8_4.C	100	8.200	44.920	1.915
BPP_200_125_0.1_0.8_4.C	100	8.400	45.040	1.923
BPP_200_125_0.1_0.8_4.C	100	8.400	45.040	1.960
BPP_200_125_0.1_0.8_4.C	100	8.400	45.040	1.925
BPP_200_125_0.1_0.8_4.C	100	8.400	45.040	1.937
BPP_200_125_0.1_0.8_4.C	100	8.400	45.040	1.964
BPP_200_125_0.1_0.8_5.C	107	4.800	45.680	2.207
BPP_200_125_0.1_0.8_5.C	107	6.000	46.400	2.191
BPP_200_125_0.1_0.8_5.C	107	6.000	46.400	2.206
BPP_200_125_0.1_0.8_5.C	107	6.000	46.400	2.222
BPP_200_125_0.1_0.8_5.C	105	6.400	45.840	2.174
BPP_200_125_0.1_0.8_5.C	105	5.200	45.120	2.207
BPP_200_125_0.1_0.8_5.C	107	6.000	46.400	2.162
BPP_200_125_0.1_0.8_5.C	107	6.000	46.400	2.202
BPP_200_125_0.1_0.8_5.C	105	5.000	45.000	2.248
BPP_200_125_0.1_0.8_5.C	107	6.000	46.400	2.203
BPP_200_125_0.1_0.8_6.C	101	2.800	42.080	2.211
BPP_200_125_0.1_0.8_6.C	101	2.800	42.080	2.181
BPP_200_125_0.1_0.8_6.C	101	2.800	42.080	2.233
BPP_200_125_0.1_0.8_6.C	101	2.800	42.080	2.190
BPP_200_125_0.1_0.8_6.C	101	2.800	42.080	2.198
BPP_200_125_0.1_0.8_6.C	101	2.800	42.080	2.186
BPP_200_125_0.1_0.8_6.C	101	2.800	42.080	2.222
BPP_200_125_0.1_0.8_6.C	101	2.800	42.080	2.187
BPP_200_125_0.1_0.8_6.C	101	2.800	42.080	2.264
BPP_200_125_0.1_0.8_6.C	101	2.800	42.080	2.187
BPP_200_125_0.1_0.8_7.C	94	4.600	40.360	2.032
BPP_200_125_0.1_0.8_7.C	94	4.600	40.360	2.003
BPP_200_125_0.1_0.8_7.C	94	4.600	40.360	2.015
BPP_200_125_0.1_0.8_7.C	94	4.600	40.360	1.994
BPP_200_125_0.1_0.8_7.C	94	4.600	40.360	2.002
BPP_200_125_0.1_0.8_7.C	94	4.600	40.360	1.976
BPP_200_125_0.1_0.8_7.C	94	4.600	40.360	2.037
BPP_200_125_0.1_0.8_7.C	94	4.600	40.360	2.042
BPP_200_125_0.1_0.8_7.C	94	4.600	40.360	2.054
BPP_200_125_0.1_0.8_7.C	94	4.600	40.360	2.049
BPP_200_125_0.1_0.8_8.C	102	4.800	43.680	2.208
BPP_200_125_0.1_0.8_8.C	101	3.800	42.680	2.191
BPP_200_125_0.1_0.8_8.C	102	4.800	43.680	2.178
BPP_200_125_0.1_0.8_8.C	101	3.800	42.680	2.147
BPP_200_125_0.1_0.8_8.C	102	4.800	43.680	2.187
BPP_200_125_0.1_0.8_8.C	102	4.800	43.680	2.248
BPP_200_125_0.1_0.8_8.C	102	4.800	43.680	2.186
BPP_200_125_0.1_0.8_8.C	102	4.800	43.680	2.181
BPP_200_125_0.1_0.8_8.C	102	4.800	43.680	2.228
BPP_200_125_0.1_0.8_8.C	102	4.800	43.680	2.159
BPP_200_125_0.1_0.8_9.C	102	1.800	41.880	2.043
BPP_200_125_0.1_0.8_9.C	102	1.800	41.880	2.007
BPP_200_125_0.1_0.8_9.C	102	1.800	41.880	2.052
BPP_200_125_0.1_0.8_9.C	102	1.800	41.880	2.056
BPP_200_125_0.1_0.8_9.C	102	1.800	41.880	2.079
BPP_200_125_0.1_0.8_9.C	102	1.800	41.880	2.065
BPP_200_125_0.1_0.8_9.C	102	1.800	41.880	2.037
BPP_200_125_0.1_0.8_9.C	102	1.800	41.880	2.096
BPP_200_125_0.1_0.8_9.C	102	1.800	41.880	2.032
BPP_200_125_0.1_0.8_9.C	102	1.800	41.880	2.121
BPP_200_150_0.1_0.8_0.C	103	2.200	42.520	1.948
BPP_200_150_0.1_0.8_0.C	103	2.200	42.520	1.954
BPP_200_150_0.1_0.8_0.C	101	2.800	42.080	1.950
BPP_200_150_0.1_0.8_0.C	102	2.600	42.360	1.949
BPP_200_150_0.1_0.8_0.C	102	3.000	42.600	1.992
BPP_200_150_0.1_0.8_0.C	102	2.200	42.120	1.946
BPP_200_150_0.1_0.8_0.C	102	2.400	42.240	1.947
BPP_200_150_0.1_0.8_0.C	103	2.200	42.520	1.964
BPP_200_150_0.1_0.8_0.C	102	2.000	42.000	1.937
BPP_200_150_0.1_0.8_0.C	101	2.400	41.840	1.991
BPP_200_150_0.1_0.8_1.C	103	3.800	43.480	2.069
BPP_200_150_0.1_0.8_1.C	103	3.800	43.480	2.063
BPP_200_150_0.1_0.8_1.C	103	3.800	43.480	2.046
BPP_200_150_0.1_0.8_1.C	103	3.800	43.480	2.059
BPP_200_150_0.1_0.8_1.C	103	3.800	43.480	2.052
BPP_200_150_0.1_0.8_1.C	103	3.800	43.480	2.049
BPP_200_150_0.1_0.8_1.C	103	3.800	43.480	2.077
BPP_200_150_0.1_0.8_1.C	103	3.800	43.480	2.054
BPP_200_150_0.1_0.8_1.C	103	3.800	43.480	2.080
BPP_200_150_0.1_0.8_1.C	103	3.600	43.360	2.093
BPP_200_150_0.1_0.8_2.C	100	5.000	43.000	1.930
BPP_200_150_0.1_0.8_2.C	100	5.000	43.000	1.941
BPP_200_150_0.1_0.8_2.C	100	3.400	42.040	1.989
BPP_200_150_0.1_0.8_2.C	100	5.000	43.000	1.962
BPP_200_150_0.1_0.8_2.C	100	5.000	43.000	1.993
BPP_200_150_0.1_0.8_2.C	100	4.800	42.880	1.952
BPP_200_150_0.1_0.8_2.C	100	5.000	43.000	1.977
BPP_200_150_0.1_0.8_2.C	100	5.000	43.000	1.954
BPP_200_150_0.1_0.8_2.C	100	5.000	43.000	1.956
BPP_200_150_0.1_0.8_2.C	100	5.000	43.000	1.989
BPP_200_150_0.1_0.8_3.C	103	7.200	45.520	1.999
BPP_200_150_0.1_0.8_3.C	103	7.200	45.520	2.004
BPP_200_150_0.1_0.8_3.C	103	7.200	45.520	1.983
BPP_200_150_0.1_0.8_3.C	103	7.200	45.520	2.044
BPP_200_150_0.1_0.8_3.C	102	6.800	44.880	2.001
BPP_200_150_0.1_0.8_3.C	103	7.200	45.520	2.028
BPP_200_150_0.1_0.8_3.C	103	7.200	45.520	1.985
BPP_200_150_0.1_0.8_3.C	103	7.200	45.520	2.022
BPP_200_150_0.1_0.8_3.C	103	7.200	45.520	1.977
BPP_200_150_0.1_0.8_3.C	103	7.200	45.520	1.997
BPP_200_150_0.1_0.8_4.C	110	8.000	48.800	2.072
BPP_200_150_0.1_0.8_4.C	110	8.000	48.800	2.092
BPP_200_150_0.1_0.8_4.C	110	8.000	48.800	2.117
BPP_200_150_0.1_0.8_4.C	110	8.000	48.800	2.101
BPP_200_150_0.1_0.8_4.C	110	8.000	48.800	2.086
BPP_200_150_0.1_0.8_4.C	109	7.000	47.800	2.164
BPP_200_150_0.1_0.8_4.C	110	7.800	48.680	2.096
BPP_200_150_0.1_0.8_4.C	110	8.000	48.800	2.122
BPP_200_150_0.1_0.8_4.C	109	8.200	48.520	2.090
BPP_200_150_0.1_0.8_4.C	109	7.400	48.040	2.092
BPP_200_150_0.1_0.8_5.C	103	6.000	44.800	2.088
BPP_200_150_0.1_0.8_5.C	103	6.000	44.800	2.123
BPP_200_150_0.1_0.8_5.C	103	6.000	44.800	2.098
BPP_200_150_0.1_0.8_5.C	103	6.000	44.800	2.087
BPP_200_150_0.1_0.8_5.C	103	6.000	44.800	2.091
BPP_200_150_0.1_0.8_5.C	102	6.600	44.760	2.099
BPP_200_150_0.1_0.8_5.C	103	6.000	44.800	2.086
BPP_200_150_0.1_0.8_5.C	102	6.200	44.520	2.125
BPP_200_150_0.1_0.8_5.C	103	6.000	44.800	2.085
BPP_200_150_0.1_0.8_5.C	103	6.000	44.800	2.075
BPP_200_150_0.1_0.8_6.C	107	3.000	44.600	2.317
BPP_200_150_0.1_0.8_6.C	107	3.000	44.600	2.272
BPP_200_150_0.1_0.8_6.C	107	3.000	44.600	2.306
BPP_200_150_0.1_0.8_6.C	107	3.000	44.600	2.306
BPP_200_150_0.1_0.8_6.C	107	3.000	44.600	2.301
BPP_200_150_0.1_0.8_6.C	107	3.000	44.600	2.272
BPP_200_150_0.1_0.8_6.C	107	3.000	44.600	2.302
BPP_200_150_0.1_0.8_6.C	107	3.000	44.600	2.329
BPP_200_150_0.1_0.8_6.C	107	3.000	44.600	2.275
BPP_200_150_0.1_0.8_6.C	107	3.000	44.600	2.276
BPP_200_150_0.1_0.8_7.C	108	10.200	49.320	2.133
BPP_200_150_0.1_0.8_7.C	108	11.000	49.800	2.124
BPP_200_150_0.1_0.8_7.C	107	10.600	49.160	2.153
BPP_200_150_0.1_0.8_7.C	107	10.600	49.160	2.169
BPP_200_150_0.1_0.8_7.C	107	10.600	49.160	2.153
BPP_200_150_0.1_0.8_7.C	109	10.400	49.840	2.263
BPP_200_150_0.1_0.8_7.C	108	11.600	50.160	2.166
BPP_200_150_0.1_0.8_7.C	108	11.600	50.160	2.304
BPP_200_150_0.1_0.8_7.C	107	11.000	49.400	2.212
BPP_200_150_0.1_0.8_7.C	107	10.600	49.160	2.165
BPP_200_150_0.1_0.8_8.C	104	3.000	43.400	2.093
BPP_200_150_0.1_0.8_8.C	104	3.000	43.400	2.065
BPP_200_150_0.1_0.8_8.C	104	3.000	43.400	2.073
BPP_200_150_0.1_0.8_8.C	102	4.000	43.200	2.079
BPP_200_150_0.1_0.8_8.C	104	3.000	43.400	2.121
BPP_200_150_0.1_0.8_8.C	104	3.000	43.400	2.118
BPP_200_150_0.1_0.8_8.C	104	3.000	43.400	2.091
BPP_200_150_0.1_0.8_8.C	104	3.000	43.400	2.170
BPP_200_150_0.1_0.8_8.C	103	3.400	43.240	2.143
BPP_200_150_0.1_0.8_8.C	104	3.000	43.400	2.075
BPP_200_150_0.1_0.8_9.C	101	2.400	41.840	2.005
BPP_200_150_0.1_0.8_9.C	102	2.200	42.120	2.048
BPP_200_150_0.1_0.8_9.C	102	2.200	42.120	2.072
BPP_200_150_0.1_0.8_9.C	102	2.200	42.120	2.029
BPP_200_150_0.1_0.8_9.C	102	2.200	42.120	2.041
BPP_200_150_0.1_0.8_9.C	100	3.200	41.920	2.027
BPP_200_150_0.1_0.8_9.C	102	2.200	42.120	2.111
BPP_200_150_0.1_0.8_9.C	99	3.800	41.880	2.035
BPP_200_150_0.1_0.8_9.C	101	2.600	41.960	2.030
BPP_200_150_0.1_0.8_9.C	102	2.200	42.120	2.036
BPP_200_200_0.1_0.8_0.C	103	0.400	41.440	2.160
BPP_200_200_0.1_0.8_0.C	103	0.200	41.320	2.127
BPP_200_200_0.1_0.8_0.C	103	0.400	41.440	2.174
BPP_200_200_0.1_0.8_0.C	102	0.200	40.920	2.115
BPP_200_200_0.1_0.8_0.C	103	0.200	41.320	2.127
BPP_200_200_0.1_0.8_0.C	103	0.400	41.440	2.141
BPP_200_200_0.1_0.8_0.C	102	0.800	41.280	2.139
BPP_200_200_0.1_0.8_0.C	103	0.400	41.440	2.125
BPP_200_200_0.1_0.8_0.C	103	0.400	41.440	2.172
BPP_200_200_0.1_0.8_0.C	103	0.400	41.440	2.134
BPP_200_200_0.1_0.8_1.C	104	9.800	47.480	2.022
BPP_200_200_0.1_0.8_1.C	103	9.200	46.720	2.101
BPP_200_200_0.1_0.8_1.C	103	10.000	47.200	1.991
BPP_200_200_0.1_0.8_1.C	104	9.800	47.480	2.099
BPP_200_200_0.1_0.8_1.C	104	9.800	47.480	2.016
BPP_200_200_0.1_0.8_1.C	104	9.800	47.480	2.131
BPP_200_200_0.1_0.8_1.C	104	9.800	47.480	2.019
BPP_200_200_0.1_0.8_1.C	102	10.800	47.280	2.012
BPP_200_200_0.1_0.8_1.C	104	9.800	47.480	2.011
BPP_200_200_0.1_0.8_1.C	104	9.800	47.480	2.075
BPP_200_200_0.1_0.8_2.C	95	8.400	43.040	1.770
BPP_200_200_0.1_0.8_2.C	95	8.400	43.040	1.770
BPP_200_200_0.1_0.8_2.C	92	8.400	41.840	1.793
BPP_200_200_0.1_0.8_2.C	94	9.000	43.000	1.858
BPP_200_200_0.1_0.8_2.C	93	8.400	42.240	1.856
BPP_200_200_0.1_0.8_2.C	93	8.400	42.240	1.800
BPP_200_200_0.1_0.8_2.C	94	8.800	42.880	1.827
BPP_200_200_0.1_0.8_2.C	94	9.000	43.000	1.825
BPP_200_200_0.1_0.8_2.C	95	8.200	42.920	1.783
BPP_200_200_0.1_0.8_2.C	91	10.200	42.520	1.777
BPP_200_200_0.1_0.8_3.C	99	3.600	41.760	2.057
BPP_200_200_0.1_0.8_3.C	99	3.600	41.760	2.179
BPP_200_200_0.1_0.8_3.C	99	3.600	41.760	2.077
BPP_200_200_0.1_0.8_3.C	98	3.800	41.480	1.998
BPP_200_200_0.1_0.8_3.C	99	3.600	41.760	2.035
BPP_200_200_0.1_0.8_3.C	99	3.600	41.760	2.039
BPP_200_200_0.1_0.8_3.C	99	3.600	41.760	2.005
BPP_200_200_0.1_0.8_3.C	99	3.600	41.760	2.007
BPP_200_200_0.1_0.8_3.C	99	3.600	41.760	2.005
BPP_200_200_0.1_0.8_3.C	99	3.600	41.760	2.005
BPP_200_200_0.1_0.8_4.C	101	6.800	44.480	1.989
BPP_200_200_0.1_0.8_4.C	102	7.400	45.240	2.026
BPP_200_200_0.1_0.8_4.C	102	7.400	45.240	2.008
BPP_200_200_0.1_0.8_4.C	102	7.400	45.240	1.995
BPP_200_200_0.1_0.8_4.C	101	6.400	44.240	1.981
BPP_200_200_0.1_0.8_4.C	101	7.400	44.840	2.011
BPP_200_200_0.1_0.8_4.C	102	7.400	45.240	1.987
BPP_200_200_0.1_0.8_4.C	102	7.400	45.240	1.958
BPP_200_200_0.1_0.8_4.C	101	7.800	45.080	2.003
BPP_200_200_0.1_0.8_4.C	102	7.400	45.240	2.011
BPP_200_200_0.1_0.8_5.C	100	0.600	40.360	2.143
BPP_200_200_0.1_0.8_5.C	100	0.600	40.360	2.045
BPP_200_200_0.1_0.8_5.C	100	0.600	40.360	2.046
BPP_200_200_0.1_0.8_5.C	99	1.200	40.320	2.075
BPP_200_200_0.1_0.8_5.C	100	0.600	40.360	2.103
BPP_200_200_0.1_0.8_5.C	100	0.600	40.360	2.068
BPP_200_200_0.1_0.8_5.C	100	0.600	40.360	2.104
BPP_200_200_0.1_0.8_5.C	100	0.600	40.360	2.106
BPP_200_200_0.1_0.8_5.C	100	0.600	40.360	2.097
BPP_200_200_0.1_0.8_5.C	100	0.600	40.360	2.095
BPP_200_200_0.1_0.8_6.C	106	1.600	43.360	2.078
BPP_200_200_0.1_0.8_6.C	106	1.600	43.360	2.048
BPP_200_200_0.1_0.8_6.C	106	1.600	43.360	2.057
BPP_200_200_0.1_0.8_6.C	106	1.600	43.360	2.059
BPP_200_200_0.1_0.8_6.C	106	1.600	43.360	2.058
BPP_200_200_0.1_0.8_6.C	106	1.600	43.360	2.062
BPP_200_200_0.1_0.8_6.C	106	1.600	43.360	2.118
BPP_200_200_0.1_0.8_6.C	106	1.600	43.360	2.072
BPP_200_200_0.1_0.8_6.C	106	1.600	43.360	2.047
BPP_200_200_0.1_0.8_6.C	106	1.600	43.360	2.033
BPP_200_200_0.1_0.8_7.C	101	2.400	41.840	1.954
BPP_200_200_0.1_0.8_7.C	101	2.400	41.840	1.972
BPP_200_200_0.1_0.8_7.C	100	1.800	41.080	1.918
BPP_200_200_0.1_0.8_7.C	101	2.400	41.840	1.930
BPP_200_200_0.1_0.8_7.C	101	2.400	41.840	1.969
BPP_200_200_0.1_0.8_7.C	101	1.400	41.240	1.964
BPP_200_200_0.1_0.8_7.C	101	2.400	41.840	1.927
BPP_200_200_0.1_0.8_7.C	101	2.400	41.840	1.971
BPP_200_200_0.1_0.8_7.C	101	2.400	41.840	1.993
BPP_200_200_0.1_0.8_7.C	100	2.600	41.560	1.940
BPP_200_200_0.1_0.8_8.C	105	4.400	44.640	2.154
BPP_200_200_0.1_0.8_8.C	105	4.400	44.640	2.204
BPP_200_200_0.1_0.8_8.C	105	4.400	44.640	2.145
BPP_200_200_0.1_0.8_8.C	105	4.400	44.640	2.185
BPP_200_200_0.1_0.8_8.C	105	4.400	44.640	2.213
BPP_200_200_0.1_0.8_8.C	105	4.400	44.640	2.197
BPP_200_200_0.1_0.8_8.C	105	4.400	44.640	2.209
BPP_200_200_0.1_0.8_8.C	105	4.400	44.640	2.168
BPP_200_200_0.1_0.8_8.C	105	4.400	44.640	2.263
BPP_200_200_0.1_0.8_8.C	104	5.000	44.600	2.182
BPP_200_200_0.1_0.8_9.C	103	4.600	43.960	2.066
BPP_200_200_0.1_0.8_9.C	102	5.000	43.800	2.028
BPP_200_200_0.1_0.8_9.C	102	3.600	42.960	2.029
BPP_200_200_0.1_0.8_9.C	103	4.600	43.960	2.036
BPP_200_200_0.1_0.8_9.C	102	4.800	43.680	2.083
BPP_200_200_0.1_0.8_9.C	103	4.600	43.960	2.117
BPP_200_200_0.1_0.8_9.C	103	4.600	43.960	2.078
BPP_200_200_0.1_0.8_9.C	103	4.600	43.960	2.030
BPP_200_200_0.1_0.8_9.C	102	4.800	43.680	2.111
BPP_200_200_0.1_0.8_9.C	103	4.600	43.960	2.030
BPP_200_300_0.1_0.8_0.C	100	-0.000	40.000	2.019
BPP_200_300_0.1_0.8_0.C	100	-0.000	40.000	2.046
BPP_200_300_0.1_0.8_0.C	100	-0.000	40.000	2.064
BPP_200_300_0.1_0.8_0.C	99	0.400	39.840	2.039
BPP_200_300_0.1_0.8_0.C	100	-0.000	40.000	2.034
BPP_200_300_0.1_0.8_0.C	100	-0.000	40.000	2.036
BPP_200_300_0.1_0.8_0.C	100	-0.000	40.000	2.026
BPP_200_300_0.1_0.8_0.C	100	-0.000	40.000	2.033
BPP_200_300_0.1_0.8_0.C	100	-0.000	40.000	2.029
BPP_200_300_0.1_0.8_0.C	100	-0.000	40.000	2.031
BPP_200_300_0.1_0.8_1.C	106	3.600	44.560	2.106
BPP_200_300_0.1_0.8_1.C	102	3.400	42.840	2.143
BPP_200_300_0.1_0.8_1.C	105	4.200	44.520	2.163
BPP_200_300_0.1_0.8_1.C	106	3.600	44.560	2.166
BPP_200_300_0.1_0.8_1.C	106	3.600	44.560	2.124
BPP_200_300_0.1_0.8_1.C	105	4.000	44.400	2.114
BPP_200_300_0.1_0.8_1.C	105	3.800	44.280	2.183
BPP_200_300_0.1_0.8_1.C	104	4.600	44.360	2.192
BPP_200_300_0.1_0.8_1.C	103	4.200	43.720	2.133
BPP_200_300_0.1_0.8_1.C	106	3.600	44.560	2.107
BPP_200_300_0.1_0.8_2.C	104	0.600	41.960	2.182
BPP_200_300_0.1_0.8_2.C	104	0.600	41.960	2.179
BPP_200_300_0.1_0.8_2.C	104	0.600	41.960	2.154
BPP_200_300_0.1_0.8_2.C	104	0.600	41.960	2.148
BPP_200_300_0.1_0.8_2.C	104	0.600	41.960	2.205
BPP_200_300_0.1_0.8_2.C	104	0.600	41.960	2.196
BPP_200_300_0.1_0.8_2.C	104	0.600	41.960	2.182
BPP_200_300_0.1_0.8_2.C	104	0.600	41.960	2.196
BPP_200_300_0.1_0.8_2.C	104	0.600	41.960	2.186
BPP_200_300_0.1_0.8_2.C	104	0.600	41.960	2.181
BPP_200_300_0.1_0.8_3.C	108	9.600	48.960	2.212
BPP_200_300_0.1_0.8_3.C	108	9.600	48.960	2.223
BPP_200_300_0.1_0.8_3.C	108	9.600	48.960	2.230
BPP_200_300_0.1_0.8_3.C	108	9.600	48.960	2.239
BPP_200_300_0.1_0.8_3.C	108	9.600	48.960	2.214
BPP_200_300_0.1_0.8_3.C	108	9.600	48.960	2.215
BPP_200_300_0.1_0.8_3.C	108	9.600	48.960	2.228
BPP_200_300_0.1_0.8_3.C	108	9.600	48.960	2.227
BPP_200_300_0.1_0.8_3.C	108	9.600	48.960	2.264
BPP_200_300_0.1_0.8_3.C	108	9.600	48.960	2.218
BPP_200_300_0.1_0.8_4.C	103	10.000	47.200	1.953
BPP_200_300_0.1_0.8_4.C	104	9.000	47.000	1.958
BPP_200_300_0.1_0.8_4.C	104	9.400	47.240	1.942
BPP_200_300_0.1_0.8_4.C	104	9.400	47.240	1.937
BPP_200_300_0.1_0.8_4.C	102	10.200	46.920	1.980
BPP_200_300_0.1_0.8_4.C	104	9.400	47.240	1.927
BPP_200_300_0.1_0.8_4.C	104	9.400	47.240	1.967
BPP_200_300_0.1_0.8_4.C	104	9.400	47.240	1.990
BPP_200_300_0.1_0.8_4.C	104	9.400	47.240	2.008
BPP_200_300_0.1_0.8_4.C	103	10.000	47.200	1.971
BPP_200_300_0.1_0.8_5.C	96	1.800	39.480	2.095
BPP_200_300_0.1_0.8_5.C	96	1.800	39.480	2.045
BPP_200_300_0.1_0.8_5.C	96	1.800	39.480	2.059
BPP_200_300_0.1_0.8_5.C	96	1.800	39.480	2.069
BPP_200_300_0.1_0.8_5.C	96	1.800	39.480	2.039
BPP_200_300_0.1_0.8_5.C	96	1.800	39.480	2.098
BPP_200_300_0.1_0.8_5.C	96	1.800	39.480	2.054
BPP_200_300_0.1_0.8_5.C	96	1.800	39.480	2.102
BPP_200_300_0.1_0.8_5.C	96	1.800	39.480	2.047
BPP_200_300_0.1_0.8_5.C	96	1.800	39.480	2.002
BPP_200_300_0.1_0.8_6.C	106	4.200	44.920	2.114
BPP_200_300_0.1_0.8_6.C	105	4.800	44.880	2.083
BPP_200_300_0.1_0.8_6.C	106	4.200	44.920	2.196
BPP_200_300_0.1_0.8_6.C	106	4.200	44.920	2.099
BPP_200_300_0.1_0.8_6.C	105	4.000	44.400	2.081
BPP_200_300_0.1_0.8_6.C	106	4.200	44.920	2.064
BPP_200_300_0.1_0.8_6.C	103	5.800	44.680	2.082
BPP_200_300_0.1_0.8_6.C	103	5.600	44.560	2.089
BPP_200_300_0.1_0.8_6.C	106	3.800	44.680	2.110
BPP_200_300_0.1_0.8_6.C	106	4.200	44.920	2.094
BPP_200_300_0.1_0.8_7.C	100	3.400	42.040	1.907
BPP_200_300_0.1_0.8_7.C	100	3.400	42.040	1.939
BPP_200_300_0.1_0.8_7.C	100	3.400	42.040	1.935
BPP_200_300_0.1_0.8_7.C	100	3.400	42.040	1.996
BPP_200_300_0.1_0.8_7.C	100	3.400	42.040	1.948
BPP_200_300_0.1_0.8_7.C	100	3.400	42.040	1.928
BPP_200_300_0.1_0.8_7.C	100	3.400	42.040	1.955
BPP_200_300_0.1_0.8_7.C	100	3.400	42.040	1.972
BPP_200_300_0.1_0.8_7.C	102	2.000	42.000	1.924
BPP_200_300_0.1_0.8_7.C	100	3.400	42.040	1.957
BPP_200_300_0.1_0.8_8.C	100	5.400	43.240	2.046
BPP_200_300_0.1_0.8_8.C	100	5.400	43.240	2.044
BPP_200_300_0.1_0.8_8.C	99	4.400	42.240	2.034
BPP_200_300_0.1_0.8_8.C	100	5.400	43.240	2.025
BPP_200_300_0.1_0.8_8.C	100	5.400	43.240	2.032
BPP_200_300_0.1_0.8_8.C	100	5.400	43.240	2.064
BPP_200_300_0.1_0.8_8.C	100	5.400	43.240	2.018
BPP_200_300_0.1_0.8_8.C	99	4.400	42.240	2.020
BPP_200_300_0.1_0.8_8.C	100	5.400	43.240	2.022
BPP_200_300_0.1_0.8_8.C	100	5.400	43.240	2.041
BPP_200_300_0.1_0.8_9.C	106	3.400	44.440	2.134
BPP_200_300_0.1_0.8_9.C	106	3.400	44.440	2.169
BPP_200_300_0.1_0.8_9.C	106	3.400	44.440	2.162
BPP_200_300_0.1_0.8_9.C	106	3.400	44.440	2.156
BPP_200_300_0.1_0.8_9.C	106	3.400	44.440	2.104
BPP_200_300_0.1_0.8_9.C	106	3.400	44.440	2.101
BPP_200_300_0.1_0.8_9.C	106	3.400	44.440	2.142
BPP_200_300_0.1_0.8_9.C	106	3.400	44.440	2.190
BPP_200_300_0.1_0.8_9.C	106	3.400	44.440	2.128
BPP_200_300_0.1_0.8_9.C	106	3.400	44.440	2.168
BPP_200_400_0.1_0.8_0.C	111	11.600	51.360	2.079
BPP_200_400_0.1_0.8_0.C	107	14.200	51.320	2.112
BPP_200_400_0.1_0.8_0.C	111	11.800	51.480	2.105
BPP_200_400_0.1_0.8_0.C	111	11.800	51.480	2.114
BPP_200_400_0.1_0.8_0.C	111	11.800	51.480	2.222
BPP_200_400_0.1_0.8_0.C	111	11.800	51.480	2.213
BPP_200_400_0.1_0.8_0.C	110	10.800	50.480	2.116
BPP_200_400_0.1_0.8_0.C	110	10.800	50.480	2.130
BPP_200_400_0.1_0.8_0.C	111	11.800	51.480	2.112
BPP_200_400_0.1_0.8_0.C	111	11.800	51.480	2.096
BPP_200_400_0.1_0.8_1.C	103	0.600	41.560	1.983
BPP_200_400_0.1_0.8_1.C	103	0.400	41.440	1.980
BPP_200_400_0.1_0.8_1.C	104	0.600	41.960	1.979
BPP_200_400_0.1_0.8_1.C	104	0.800	42.080	1.971
BPP_200_400_0.1_0.8_1.C	102	0.800	41.280	1.980
BPP_200_400_0.1_0.8_1.C	103	1.400	42.040	1.979
BPP_200_400_0.1_0.8_1.C	104	0.800	42.080	2.071
BPP_200_400_0.1_0.8_1.C	104	0.600	41.960	2.018
BPP_200_400_0.1_0.8_1.C	103	0.600	41.560	2.025
BPP_200_400_0.1_0.8_1.C	103	0.400	41.440	1.971
BPP_200_400_0.1_0.8_2.C	109	2.000	44.800	2.127
BPP_200_400_0.1_0.8_2.C	109	2.800	45.280	2.122
BPP_200_400_0.1_0.8_2.C	110	2.000	45.200	2.147
BPP_200_400_0.1_0.8_2.C	110	2.200	45.320	2.092
BPP_200_400_0.1_0.8_2.C	109	2.600	45.160	2.096
BPP_200_400_0.1_0.8_2.C	110	2.000	45.200	2.191
BPP_200_400_0.1_0.8_2.C	109	2.400	45.040	2.119
BPP_200_400_0.1_0.8_2.C	109	2.800	45.280	2.135
BPP_200_400_0.1_0.8_2.C	109	2.200	44.920	2.136
BPP_200_400_0.1_0.8_2.C	108	2.400	44.640	2.104
BPP_200_400_0.1_0.8_3.C	104	4.800	44.480	2.245
BPP_200_400_0.1_0.8_3.C	104	4.800	44.480	2.229
BPP_200_400_0.1_0.8_3.C	104	4.800	44.480	2.206
BPP_200_400_0.1_0.8_3.C	104	4.800	44.480	2.242
BPP_200_400_0.1_0.8_3.C	104	4.800	44.480	2.202
BPP_200_400_0.1_0.8_3.C	104	4.600	44.360	2.244
BPP_200_400_0.1_0.8_3.C	104	4.800	44.480	2.245
BPP_200_400_0.1_0.8_3.C	104	4.800	44.480	2.288
BPP_200_400_0.1_0.8_3.C	104	4.800	44.480	2.259
BPP_200_400_0.1_0.8_3.C	104	4.800	44.480	2.252
BPP_200_400_0.1_0.8_4.C	101	10.000	46.400	2.025
BPP_200_400_0.1_0.8_4.C	101	9.800	46.280	2.031
BPP_200_400_0.1_0.8_4.C	101	10.000	46.400	2.028
BPP_200_400_0.1_0.8_4.C	101	10.000	46.400	2.054
BPP_200_400_0.1_0.8_4.C	101	10.000	46.400	2.028
BPP_200_400_0.1_0.8_4.C	101	10.000	46.400	2.036
BPP_200_400_0.1_0.8_4.C	101	10.000	46.400	2.017
BPP_200_400_0.1_0.8_4.C	101	10.000	46.400	2.010
BPP_200_400_0.1_0.8_4.C	101	10.000	46.400	2.027
BPP_200_400_0.1_0.8_4.C	101	10.000	46.400	2.032
BPP_200_400_0.1_0.8_5.C	95	4.600	40.760	1.907
BPP_200_400_0.1_0.8_5.C	95	4.600	40.760	1.851
BPP_200_400_0.1_0.8_5.C	95	4.600	40.760	1.914
BPP_200_400_0.1_0.8_5.C	94	5.000	40.600	1.857
BPP_200_400_0.1_0.8_5.C	95	4.600	40.760	1.864
BPP_200_400_0.1_0.8_5.C	95	4.600	40.760	1.872
BPP_200_400_0.1_0.8_5.C	95	4.400	40.640	1.907
BPP_200_400_0.1_0.8_5.C	95	4.600	40.760	1.889
BPP_200_400_0.1_0.8_5.C	95	4.400	40.640	2.019
BPP_200_400_0.1_0.8_5.C	95	4.400	40.640	1.877
BPP_200_400_0.1_0.8_6.C	97	2.000	40.000	1.971
BPP_200_400_0.1_0.8_6.C	97	2.000	40.000	2.014
BPP_200_400_0.1_0.8_6.C	97	2.000	40.000	2.038
BPP_200_400_0.1_0.8_6.C	97	2.000	40.000	2.002
BPP_200_400_0.1_0.8_6.C	97	2.000	40.000	1.994
BPP_200_400_0.1_0.8_6.C	97	2.000	40.000	2.042
BPP_200_400_0.1_0.8_6.C	97	2.000	40.000	2.040
BPP_200_400_0.1_0.8_6.C	97	2.000	40.000	1.978
BPP_200_400_0.1_0.8_6.C	97	2.000	40.000	2.104
BPP_200_400_0.1_0.8_6.C	97	2.000	40.000	2.032
BPP_200_400_0.1_0.8_7.C	105	2.800	43.680	1.990
BPP_200_400_0.1_0.8_7.C	105	2.800	43.680	1.987
BPP_200_400_0.1_0.8_7.C	104	2.400	43.040	1.990
BPP_200_400_0.1_0.8_7.C	105	1.600	42.960	2.016
BPP_200_400_0.1_0.8_7.C	105	2.800	43.680	1.993
BPP_200_400_0.1_0.8_7.C	105	2.800	43.680	1.989
BPP_200_400_0.1_0.8_7.C	105	2.800	43.680	2.008
BPP_200_400_0.1_0.8_7.C	105	2.800	43.680	2.016
BPP_200_400_0.1_0.8_7.C	105	2.800	43.680	1.964
BPP_200_400_0.1_0.8_7.C	105	2.800	43.680	2.050
BPP_200_400_0.1_0.8_8.C	102	0.800	41.280	2.097
BPP_200_400_0.1_0.8_8.C	102	0.800	41.280	2.041
BPP_200_400_0.1_0.8_8.C	102	0.800	41.280	2.085
BPP_200_400_0.1_0.8_8.C	102	0.800	41.280	2.092
BPP_200_400_0.1_0.8_8.C	102	0.800	41.280	2.013
BPP_200_400_0.1_0.8_8.C	102	0.800	41.280	2.031
BPP_200_400_0.1_0.8_8.C	102	0.800	41.280	2.049
BPP_200_400_0.1_0.8_8.C	102	0.800	41.280	2.042
BPP_200_400_0.1_0.8_8.C	102	0.800	41.280	2.060
BPP_200_400_0.1_0.8_8.C	102	0.800	41.280	2.058
BPP_200_400_0.1_0.8_9.C	104	2.400	43.040	2.101
BPP_200_400_0.1_0.8_9.C	104	2.400	43.040	2.137
BPP_200_400_0.1_0.8_9.C	103	3.000	43.000	2.127
BPP_200_400_0.1_0.8_9.C	104	2.400	43.040	2.147
BPP_200_400_0.1_0.8_9.C	104	2.400	43.040	2.099
BPP_200_400_0.1_0.8_9.C	104	2.400	43.040	2.133
BPP_200_400_0.1_0.8_9.C	104	2.400	43.040	2.101
BPP_200_400_0.1_0.8_9.C	104	2.400	43.040	2.121
BPP_200_400_0.1_0.8_9.C	104	2.400	43.040	2.145
BPP_200_400_0.1_0.8_9.C	104	2.400	43.040	2.127
BPP_200_500_0.1_0.8_0.C	109	3.200	45.520	2.094
BPP_200_500_0.1_0.8_0.C	109	3.200	45.520	2.118
BPP_200_500_0.1_0.8_0.C	109	3.200	45.520	2.096
BPP_200_500_0.1_0.8_0.C	109	3.200	45.520	2.149
BPP_200_500_0.1_0.8_0.C	109	3.200	45.520	2.119
BPP_200_500_0.1_0.8_0.C	109	3.200	45.520	2.089
BPP_200_500_0.1_0.8_0.C	109	3.200	45.520	2.104
BPP_200_500_0.1_0.8_0.C	109	3.200	45.520	2.091
BPP_200_500_0.1_0.8_0.C	109	3.200	45.520	2.112
BPP_200_500_0.1_0.8_0.C	109	3.200	45.520	2.083
BPP_200_500_0.1_0.8_1.C	101	8.200	45.320	2.099
BPP_200_500_0.1_0.8_1.C	101	8.200	45.320	2.058
BPP_200_500_0.1_0.8_1.C	101	8.200	45.320	2.055
BPP_200_500_0.1_0.8_1.C	101	8.200	45.320	2.054
BPP_200_500_0.1_0.8_1.C	101	8.200	45.320	2.085
BPP_200_500_0.1_0.8_1.C	101	8.200	45.320	2.055
BPP_200_500_0.1_0.8_1.C	101	8.200	45.320	2.068
BPP_200_500_0.1_0.8_1.C	101	8.200	45.320	2.068
BPP_200_500_0.1_0.8_1.C	101	8.200	45.320	2.061
BPP_200_500_0.1_0.8_1.C	101	8.200	45.320	2.041
BPP_200_500_0.1_0.8_2.C	91	9.600	42.160	1.907
BPP_200_500_0.1_0.8_2.C	91	10.200	42.520	1.924
BPP_200_500_0.1_0.8_2.C	92	10.000	42.800	1.915
BPP_200_500_0.1_0.8_2.C	92	10.000	42.800	1.950
BPP_200_500_0.1_0.8_2.C	91	10.000	42.400	1.915
BPP_200_500_0.1_0.8_2.C	91	10.200	42.520	1.919
BPP_200_500_0.1_0.8_2.C	92	10.000	42.800	1.900
BPP_200_500_0.1_0.8_2.C	91	10.200	42.520	1.920
BPP_200_500_0.1_0.8_2.C	91	10.000	42.400	1.881
BPP_200_500_0.1_0.8_2.C	92	10.000	42.800	1.906
BPP_200_500_0.1_0.8_3.C	103	12.800	48.880	2.124
BPP_200_500_0.1_0.8_3.C	103	12.600	48.760	2.135
BPP_200_500_0.1_0.8_3.C	103	12.800	48.880	2.096
BPP_200_500_0.1_0.8_3.C	103	12.800	48.880	2.110
BPP_200_500_0.1_0.8_3.C	102	13.200	48.720	2.153
BPP_200_500_0.1_0.8_3.C	103	12.800	48.880	2.124
BPP_200_500_0.1_0.8_3.C	103	12.800	48.880	2.113
BPP_200_500_0.1_0.8_3.C	103	12.800	48.880	2.129
BPP_200_500_0.1_0.8_3.C	103	12.800	48.880	2.132
BPP_200_500_0.1_0.8_3.C	103	12.800	48.880	2.136
BPP_200_500_0.1_0.8_4.C	103	3.400	43.240	2.040
BPP_200_500_0.1_0.8_4.C	101	4.000	42.800	2.036
BPP_200_500_0.1_0.8_4.C	100	5.200	43.120	2.050
BPP_200_500_0.1_0.8_4.C	103	3.400	43.240	2.042
BPP_200_500_0.1_0.8_4.C	101	4.600	43.160	2.022
BPP_200_500_0.1_0.8_4.C	101	3.800	42.680	2.027
BPP_200_500_0.1_0.8_4.C	103	3.400	43.240	2.037
BPP_200_500_0.1_0.8_4.C	99	5.200	42.720	2.053
BPP_200_500_0.1_0.8_4.C	100	4.000	42.400	2.101
BPP_200_500_0.1_0.8_4.C	101	3.800	42.680	2.042
BPP_200_500_0.1_0.8_5.C	105	2.800	43.680	2.119
BPP_200_500_0.1_0.8_5.C	106	3.000	44.200	2.124
BPP_200_500_0.1_0.8_5.C	106	2.400	43.840	2.070
BPP_200_500_0.1_0.8_5.C	106	2.800	44.080	2.090
BPP_200_500_0.1_0.8_5.C	106	3.800	44.680	2.096
BPP_200_500_0.1_0.8_5.C	106	3.000	44.200	2.074
BPP_200_500_0.1_0.8_5.C	106	2.000	43.600	2.176
BPP_200_500_0.1_0.8_5.C	103	4.000	43.600	2.117
BPP_200_500_0.1_0.8_5.C	105	4.000	44.400	2.089
BPP_200_500_0.1_0.8_5.C	104	4.400	44.240	2.132
BPP_200_500_0.1_0.8_6.C	104	2.600	43.160	2.197
BPP_200_500_0.1_0.8_6.C	103	3.600	43.360	2.224
BPP_200_500_0.1_0.8_6.C	103	3.600	43.360	2.218
BPP_200_500_0.1_0.8_6.C	103	2.600	42.760	2.250
BPP_200_500_0.1_0.8_6.C	103	3.600	43.360	2.231
BPP_200_500_0.1_0.8_6.C	103	3.600	43.360	2.231
BPP_200_500_0.1_0.8_6.C	103	3.600	43.360	2.204
BPP_200_500_0.1_0.8_6.C	103	3.600	43.360	2.279
BPP_200_500_0.1_0.8_6.C	103	3.600	43.360	2.227
BPP_200_500_0.1_0.8_6.C	103	3.600	43.360	2.185
BPP_200_500_0.1_0.8_7.C	99	8.800	44.880	2.015
BPP_200_500_0.1_0.8_7.C	99	8.800	44.880	2.047
BPP_200_500_0.1_0.8_7.C	99	8.800	44.880	2.074
BPP_200_500_0.1_0.8_7.C	99	8.800	44.880	2.021
BPP_200_500_0.1_0.8_7.C	99	8.800	44.880	2.012
BPP_200_500_0.1_0.8_7.C	99	8.800	44.880	2.009
BPP_200_500_0.1_0.8_7.C	99	8.800	44.880	1.997
BPP_200_500_0.1_0.8_7.C	99	8.800	44.880	2.002
BPP_200_500_0.1_0.8_7.C	99	8.800	44.880	1.997
BPP_200_500_0.1_0.8_7.C	99	8.800	44.880	2.009
BPP_200_500_0.1_0.8_8.C	116	5.800	49.880	2.301
BPP_200_500_0.1_0.8_8.C	115	6.400	49.840	2.298
BPP_200_500_0.1_0.8_8.C	116	6.400	50.240	2.324
BPP_200_500_0.1_0.8_8.C	115	7.000	50.200	2.288
BPP_200_500_0.1_0.8_8.C	116	6.400	50.240	2.322
BPP_200_500_0.1_0.8_8.C	115	5.400	49.240	2.395
BPP_200_500_0.1_0.8_8.C	116	6.400	50.240	2.318
BPP_200_500_0.1_0.8_8.C	116	6.400	50.240	2.301
BPP_200_500_0.1_0.8_8.C	116	6.400	50.240	2.316
BPP_200_500_0.1_0.8_8.C	116	6.400	50.240	2.361
BPP_200_500_0.1_0.8_9.C	104	7.400	46.040	2.107
BPP_200_500_0.1_0.8_9.C	104	7.400	46.040	2.047
BPP_200_500_0.1_0.8_9.C	104	7.400	46.040	2.095
BPP_200_500_0.1_0.8_9.C	104	7.400	46.040	2.071
BPP_200_500_0.1_0.8_9.C	104	7.400	46.040	2.086
BPP_200_500_0.1_0.8_9.C	104	7.400	46.040	2.140
BPP_200_500_0.1_0.8_9.C	104	7.400	46.040	2.236
BPP_200_500_0.1_0.8_9.C	104	7.400	46.040	2.085
BPP_200_500_0.1_0.8_9.C	104	7.400	46.040	2.136
BPP_200_500_0.1_0.8_9.C	104	7.400	46.040	2.098
BPP_200_50_0.1_0.8_0.C	89	3.800	37.880	1.863
BPP_200_50_0.1_0.8_0.C	89	3.600	37.760	1.883
BPP_200_50_0.1_0.8_0.C	89	3.800	37.880	1.836
BPP_200_50_0.1_0.8_0.C	89	3.800	37.880	1.963
BPP_200_50_0.1_0.8_0.C	89	3.800	37.880	1.838
BPP_200_50_0.1_0.8_0.C	89	3.800	37.880	1.813
BPP_200_50_0.1_0.8_0.C	89	3.600	37.760	1.834
BPP_200_50_0.1_0.8_0.C	89	3.600	37.760	1.832
BPP_200_50_0.1_0.8_0.C	89	3.800	37.880	1.830
BPP_200_50_0.1_0.8_0.C	89	3.600	37.760	1.831
BPP_200_50_0.1_0.8_1.C	100	3.400	42.040	2.013
BPP_200_50_0.1_0.8_1.C	100	3.200	41.920	1.985
BPP_200_50_0.1_0.8_1.C	101	3.200	42.320	2.005
BPP_200_50_0.1_0.8_1.C	100	3.800	42.280	2.001
BPP_200_50_0.1_0.8_1.C	101	3.600	42.560	2.002
BPP_200_50_0.1_0.8_1.C	100	3.200	41.920	1.991
BPP_200_50_0.1_0.8_1.C	101	3.600	42.560	1.989
BPP_200_50_0.1_0.8_1.C	100	3.400	42.040	2.000
BPP_200_50_0.1_0.8_1.C	101	3.600	42.560	1.997
BPP_200_50_0.1_0.8_1.C	101	3.200	42.320	1.981
BPP_200_50_0.1_0.8_2.C	93	6.600	41.160	1.806
BPP_200_50_0.1_0.8_2.C	93	6.600	41.160	1.826
BPP_200_50_0.1_0.8_2.C	92	7.000	41.000	1.836
BPP_200_50_0.1_0.8_2.C	92	7.200	41.120	1.837
BPP_200_50_0.1_0.8_2.C	92	7.800	41.480	1.812
BPP_200_50_0.1_0.8_2.C	93	7.200	41.520	1.835
BPP_200_50_0.1_0.8_2.C	92	7.600	41.360	1.842
BPP_200_50_0.1_0.8_2.C	93	7.000	41.400	1.820
BPP_200_50_0.1_0.8_2.C	93	7.000	41.400	1.831
BPP_200_50_0.1_0.8_2.C	92	7.200	41.120	1.806
BPP_200_50_0.1_0.8_3.C	104	3.000	43.400	2.007
BPP_200_50_0.1_0.8_3.C	102	4.400	43.440	2.007
BPP_200_50_0.1_0.8_3.C	102	4.400	43.440	2.006
BPP_200_50_0.1_0.8_3.C	102	3.200	42.720	2.030
BPP_200_50_0.1_0.8_3.C	102	4.400	43.440	1.998
BPP_200_50_0.1_0.8_3.C	102	3.200	42.720	2.098
BPP_200_50_0.1_0.8_3.C	101	3.400	42.440	1.996
BPP_200_50_0.1_0.8_3.C	101	5.000	43.400	2.029
BPP_200_50_0.1_0.8_3.C	102	4.000	43.200	2.007
BPP_200_50_0.1_0.8_3.C	103	3.400	43.240	2.132
BPP_200_50_0.1_0.8_4.C	102	0.200	40.920	2.022
BPP_200_50_0.1_0.8_4.C	102	0.200	40.920	1.996
BPP_200_50_0.1_0.8_4.C	102	0.200	40.920	1.979
BPP_200_50_0.1_0.8_4.C	102	0.200	40.920	2.044
BPP_200_50_0.1_0.8_4.C	102	0.200	40.920	1.991
BPP_200_50_0.1_0.8_4.C	102	0.200	40.920	2.026
BPP_200_50_0.1_0.8_4.C	102	0.200	40.920	2.046
BPP_200_50_0.1_0.8_4.C	102	0.200	40.920	2.000
BPP_200_50_0.1_0.8_4.C	102	0.200	40.920	2.009
BPP_200_50_0.1_0.8_4.C	102	0.200	40.920	2.032
BPP_200_50_0.1_0.8_5.C	105	0.600	42.360	2.062
BPP_200_50_0.1_0.8_5.C	105	0.600	42.360	2.075
BPP_200_50_0.1_0.8_5.C	105	0.600	42.360	2.114
BPP_200_50_0.1_0.8_5.C	104	0.800	42.080	2.115
BPP_200_50_0.1_0.8_5.C	105	0.600	42.360	2.141
BPP_200_50_0.1_0.8_5.C	105	0.600	42.360	2.116
BPP_200_50_0.1_0.8_5.C	105	0.600	42.360	2.077
BPP_200_50_0.1_0.8_5.C	105	0.600	42.360	2.109
BPP_200_50_0.1_0.8_5.C	105	0.600	42.360	2.079
BPP_200_50_0.1_0.8_5.C	105	0.600	42.360	2.069
BPP_200_50_0.1_0.8_6.C	107	1.400	43.640	2.142
BPP_200_50_0.1_0.8_6.C	107	1.400	43.640	2.144
BPP_200_50_0.1_0.8_6.C	107	1.400	43.640	2.088
BPP_200_50_0.1_0.8_6.C	106	1.200	43.120	2.054
BPP_200_50_0.1_0.8_6.C	107	1.400	43.640	2.257
BPP_200_50_0.1_0.8_6.C	106	1.000	43.000	2.075
BPP_200_50_0.1_0.8_6.C	107	1.400	43.640	2.084
BPP_200_50_0.1_0.8_6.C	106	1.200	43.120	2.101
BPP_200_50_0.1_0.8_6.C	107	1.200	43.520	2.127
BPP_200_50_0.1_0.8_6.C	107	1.400	43.640	2.039
BPP_200_50_0.1_0.8_7.C	96	3.200	40.320	1.937
BPP_200_50_0.1_0.8_7.C	96	3.400	40.440	1.921
BPP_200_50_0.1_0.8_7.C	97	2.800	40.480	1.959
BPP_200_50_0.1_0.8_7.C	97	2.800	40.480	1.920
BPP_200_50_0.1_0.8_7.C	97	2.800	40.480	1.978
BPP_200_50_0.1_0.8_7.C	96	3.200	40.320	1.957
BPP_200_50_0.1_0.8_7.C	97	2.800	40.480	1.926
BPP_200_50_0.1_0.8_7.C	95	3.400	40.040	1.957
BPP_200_50_0.1_0.8_7.C	96	3.000	40.200	1.912
BPP_200_50_0.1_0.8_7.C	97	2.800	40.480	1.951
BPP_200_50_0.1_0.8_8.C	95	3.400	40.040	1.896
BPP_200_50_0.1_0.8_8.C	95	3.400	40.040	1.902
BPP_200_50_0.1_0.8_8.C	94	3.800	39.880	2.016
BPP_200_50_0.1_0.8_8.C	94	3.800	39.880	1.959
BPP_200_50_0.1_0.8_8.C	95	3.400	40.040	1.912
BPP_200_50_0.1_0.8_8.C	95	3.400	40.040	1.926
BPP_200_50_0.1_0.8_8.C	95	3.400	40.040	1.931
BPP_200_50_0.1_0.8_8.C	95	3.400	40.040	1.930
BPP_200_50_0.1_0.8_8.C	95	3.400	40.040	1.887
BPP_200_50_0.1_0.8_8.C	95	3.400	40.040	1.929
BPP_200_50_0.1_0.8_9.C	99	5.600	42.960	1.985
BPP_200_50_0.1_0.8_9.C	99	5.800	43.080	2.084
BPP_200_50_0.1_0.8_9.C	98	4.600	41.960	1.987
BPP_200_50_0.1_0.8_9.C	99	5.600	42.960	2.045
BPP_200_50_0.1_0.8_9.C	99	5.600	42.960	1.985
BPP_200_50_0.1_0.8_9.C	100	4.600	42.760	1.987
BPP_200_50_0.1_0.8_9.C	99	4.600	42.360	2.021
BPP_200_50_0.1_0.8_9.C	100	4.400	42.640	2.043
BPP_200_50_0.1_0.8_9.C	98	4.200	41.720	1.989
BPP_200_50_0.1_0.8_9.C	100	4.600	42.760	2.012
BPP_200_750_0.1_0.8_0.C	101	13.200	48.320	2.039
BPP_200_750_0.1_0.8_0.C	104	12.200	48.920	2.051
BPP_200_750_0.1_0.8_0.C	103	12.800	48.880	2.048
BPP_200_750_0.1_0.8_0.C	103	11.200	47.920	2.074
BPP_200_750_0.1_0.8_0.C	104	12.200	48.920	2.037
BPP_200_750_0.1_0.8_0.C	104	12.200	48.920	2.079
BPP_200_750_0.1_0.8_0.C	104	12.200	48.920	2.078
BPP_200_750_0.1_0.8_0.C	104	12.200	48.920	2.124
BPP_200_750_0.1_0.8_0.C	104	12.200	48.920	2.114
BPP_200_750_0.1_0.8_0.C	104	12.200	48.920	2.057
BPP_200_750_0.1_0.8_1.C	100	8.400	45.040	2.043
BPP_200_750_0.1_0.8_1.C	101	9.400	46.040	2.033
BPP_200_750_0.1_0.8_1.C	101	9.400	46.040	2.008
BPP_200_750_0.1_0.8_1.C	101	9.400	46.040	2.003
BPP_200_750_0.1_0.8_1.C	101	9.400	46.040	2.031
BPP_200_750_0.1_0.8_1.C	101	9.400	46.040	2.034
BPP_200_750_0.1_0.8_1.C	101	9.400	46.040	1.993
BPP_200_750_0.1_0.8_1.C	101	9.400	46.040	2.008
BPP_200_750_0.1_0.8_1.C	101	9.400	46.040	2.001
BPP_200_750_0.1_0.8_1.C	101	9.400	46.040	2.004
BPP_200_750_0.1_0.8_2.C	101	7.400	44.840	2.104
BPP_200_750_0.1_0.8_2.C	101	7.400	44.840	2.083
BPP_200_750_0.1_0.8_2.C	101	7.400	44.840	2.122
BPP_200_750_0.1_0.8_2.C	101	7.400	44.840	2.079
BPP_200_750_0.1_0.8_2.C	101	7.400	44.840	2.135
BPP_200_750_0.1_0.8_2.C	101	7.400	44.840	2.078
BPP_200_750_0.1_0.8_2.C	101	7.400	44.840	2.107
BPP_200_750_0.1_0.8_2.C	101	7.400	44.840	2.156
BPP_200_750_0.1_0.8_2.C	101	7.400	44.840	2.129
BPP_200_750_0.1_0.8_2.C	101	7.400	44.840	2.092
BPP_200_750_0.1_0.8_3.C	103	11.600	48.160	2.024
BPP_200_750_0.1_0.8_3.C	102	11.400	47.640	2.030
BPP_200_750_0.1_0.8_3.C	102	12.000	48.000	2.037
BPP_200_750_0.1_0.8_3.C	103	11.600	48.160	1.976
BPP_200_750_0.1_0.8_3.C	103	11.600	48.160	2.112
BPP_200_750_0.1_0.8_3.C	102	10.600	47.160	1.986
BPP_200_750_0.1_0.8_3.C	103	11.600	48.160	2.058
BPP_200_750_0.1_0.8_3.C	101	11.400	47.240	1.997
BPP_200_750_0.1_0.8_3.C	103	11.600	48.160	1.987
BPP_200_750_0.1_0.8_3.C	103	11.600	48.160	2.050
BPP_200_750_0.1_0.8_4.C	102	2.200	42.120	2.066
BPP_200_750_0.1_0.8_4.C	101	2.400	41.840	2.040
BPP_200_750_0.1_0.8_4.C	102	2.200	42.120	2.038
BPP_200_750_0.1_0.8_4.C	101	2.400	41.840	2.019
BPP_200_750_0.1_0.8_4.C	102	2.000	42.000	2.036
BPP_200_750_0.1_0.8_4.C	102	2.200	42.120	2.040
BPP_200_750_0.1_0.8_4.C	101	2.600	41.960	2.063
BPP_200_750_0.1_0.8_4.C	103	1.800	42.280	2.031
BPP_200_750_0.1_0.8_4.C	102	2.000	42.000	2.048
BPP_200_750_0.1_0.8_4.C	101	2.000	41.600	2.039
BPP_200_750_0.1_0.8_5.C	98	6.800	43.280	1.855
BPP_200_750_0.1_0.8_5.C	98	6.800	43.280	1.882
BPP_200_750_0.1_0.8_5.C	98	6.800	43.280	1.877
BPP_200_750_0.1_0.8_5.C	98	6.800	43.280	1.959
BPP_200_750_0.1_0.8_5.C	98	6.800	43.280	1.886
BPP_200_750_0.1_0.8_5.C	98	6.800	43.280	1.911
BPP_200_750_0.1_0.8_5.C	98	6.800	43.280	1.900
BPP_200_750_0.1_0.8_5.C	98	6.800	43.280	1.851
BPP_200_750_0.1_0.8_5.C	98	6.800	43.280	1.952
BPP_200_750_0.1_0.8_5.C	98	6.800	43.280	1.865
BPP_200_750_0.1_0.8_6.C	105	4.200	44.520	1.962
BPP_200_750_0.1_0.8_6.C	105	4.200	44.520	1.934
BPP_200_750_0.1_0.8_6.C	105	4.200	44.520	1.996
BPP_200_750_0.1_0.8_6.C	101	6.000	44.000	1.919
BPP_200_750_0.1_0.8_6.C	105	4.200	44.520	1.935
BPP_200_750_0.1_0.8_6.C	104	4.400	44.240	1.951
BPP_200_750_0.1_0.8_6.C	103	5.400	44.440	2.003
BPP_200_750_0.1_0.8_6.C	105	4.200	44.520	2.051
BPP_200_750_0.1_0.8_6.C	105	4.200	44.520	1.954
BPP_200_750_0.1_0.8_6.C	104	4.600	44.360	1.984
BPP_200_750_0.1_0.8_7.C	104	4.600	44.360	2.017
BPP_200_750_0.1_0.8_7.C	104	4.400	44.240	2.056
BPP_200_750_0.1_0.8_7.C	104	4.600	44.360	1.992
BPP_200_750_0.1_0.8_7.C	104	4.400	44.240	2.024
BPP_200_750_0.1_0.8_7.C	104	4.600	44.360	1.994
BPP_200_750_0.1_0.8_7.C	103	3.400	43.240	2.012
BPP_200_750_0.1_0.8_7.C	104	4.600	44.360	1.997
BPP_200_750_0.1_0.8_7.C	104	4.600	44.360	1.998
BPP_200_750_0.1_0.8_7.C	104	4.600	44.360	2.032
BPP_200_750_0.1_0.8_7.C	104	4.600	44.360	2.053
BPP_200_750_0.1_0.8_8.C	100	3.600	42.160	2.054
BPP_200_750_0.1_0.8_8.C	100	3.600	42.160	2.069
BPP_200_750_0.1_0.8_8.C	99	4.200	42.120	2.044
BPP_200_750_0.1_0.8_8.C	100	3.600	42.160	2.034
BPP_200_750_0.1_0.8_8.C	100	3.600	42.160	2.037
BPP_200_750_0.1_0.8_8.C	100	3.600	42.160	2.078
BPP_200_750_0.1_0.8_8.C	98	4.200	41.720	2.089
BPP_200_750_0.1_0.8_8.C	100	3.600	42.160	2.028
BPP_200_750_0.1_0.8_8.C	100	3.600	42.160	2.048
BPP_200_750_0.1_0.8_8.C	100	3.600	42.160	2.141
BPP_200_750_0.1_0.8_9.C	107	3.800	45.080	2.301
BPP_200_750_0.1_0.8_9.C	107	3.800	45.080	2.308
BPP_200_750_0.1_0.8_9.C	107	3.800	45.080	2.221
BPP_200_750_0.1_0.8_9.C	107	3.800	45.080	2.271
BPP_200_750_0.1_0.8_9.C	107	3.800	45.080	2.271
BPP_200_750_0.1_0.8_9.C	107	3.800	45.080	2.271
BPP_200_750_0.1_0.8_9.C	107	3.800	45.080	2.284
BPP_200_750_0.1_0.8_9.C	107	3.800	45.080	2.269
BPP_200_750_0.1_0.8_9.C	107	3.800	45.080	2.264
BPP_200_750_0.1_0.8_9.C	107	3.800	45.080	2.251
BPP_200_75_0.1_0.8_0.C	99	4.000	42.000	2.015
BPP_200_75_0.1_0.8_0.C	98	4.400	41.840	1.953
BPP_200_75_0.1_0.8_0.C	99	4.000	42.000	2.013
BPP_200_75_0.1_0.8_0.C	99	3.000	41.400	1.982
BPP_200_75_0.1_0.8_0.C	99	4.000	42.000	2.070
BPP_200_75_0.1_0.8_0.C	99	4.000	42.000	2.070
BPP_200_75_0.1_0.8_0.C	97	4.400	41.440	1.973
BPP_200_75_0.1_0.8_0.C	98	3.600	41.360	2.028
BPP_200_75_0.1_0.8_0.C	99	4.000	42.000	1.973
BPP_200_75_0.1_0.8_0.C	98	4.400	41.840	2.015
BPP_200_75_0.1_0.8_1.C	102	2.600	42.360	2.142
BPP_200_75_0.1_0.8_1.C	102	2.600	42.360	2.214
BPP_200_75_0.1_0.8_1.C	102	2.600	42.360	2.211
BPP_200_75_0.1_0.8_1.C	101	3.200	42.320	2.138
BPP_200_75_0.1_0.8_1.C	102	2.600	42.360	2.217
BPP_200_75_0.1_0.8_1.C	101	3.000	42.200	2.181
BPP_200_75_0.1_0.8_1.C	102	2.600	42.360	2.173
BPP_200_75_0.1_0.8_1.C	101	3.000	42.200	2.153
BPP_200_75_0.1_0.8_1.C	102	2.600	42.360	2.159
BPP_200_75_0.1_0.8_1.C	102	2.600	42.360	2.183
BPP_200_75_0.1_0.8_2.C	95	0.200	38.120	2.090
BPP_200_75_0.1_0.8_2.C	95	0.200	38.120	2.079
BPP_200_75_0.1_0.8_2.C	95	0.200	38.120	2.087
BPP_200_75_0.1_0.8_2.C	95	0.200	38.120	2.110
BPP_200_75_0.1_0.8_2.C	95	0.200	38.120	2.142
BPP_200_75_0.1_0.8_2.C	95	0.200	38.120	2.091
BPP_200_75_0.1_0.8_2.C	95	0.200	38.120	2.108
BPP_200_75_0.1_0.8_2.C	95	0.200	38.120	2.115
BPP_200_75_0.1_0.8_2.C	95	0.200	38.120	2.092
BPP_200_75_0.1_0.8_2.C	95	0.200	38.120	2.092
BPP_200_75_0.1_0.8_3.C	110	4.200	46.520	2.358
BPP_200_75_0.1_0.8_3.C	110	4.200	46.520	2.425
BPP_200_75_0.1_0.8_3.C	110	4.200	46.520	2.284
BPP_200_75_0.1_0.8_3.C	110	4.200	46.520	2.277
BPP_200_75_0.1_0.8_3.C	110	4.200	46.520	2.310
BPP_200_75_0.1_0.8_3.C	110	4.200	46.520	2.271
BPP_200_75_0.1_0.8_3.C	109	4.600	46.360	2.277
BPP_200_75_0.1_0.8_3.C	110	4.200	46.520	2.287
BPP_200_75_0.1_0.8_3.C	109	4.800	46.480	2.309
BPP_200_75_0.1_0.8_3.C	110	4.200	46.520	2.302
BPP_200_75_0.1_0.8_4.C	103	1.800	42.280	2.082
BPP_200_75_0.1_0.8_4.C	104	1.600	42.560	2.102
BPP_200_75_0.1_0.8_4.C	104	1.600	42.560	2.084
BPP_200_75_0.1_0.8_4.C	103	1.200	41.920	2.103
BPP_200_75_0.1_0.8_4.C	104	1.600	42.560	2.090
BPP_200_75_0.1_0.8_4.C	104	1.600	42.560	2.120
BPP_200_75_0.1_0.8_4.C	104	1.600	42.560	2.100
BPP_200_75_0.1_0.8_4.C	104	1.600	42.560	2.060
BPP_200_75_0.1_0.8_4.C	104	1.600	42.560	2.086
BPP_200_75_0.1_0.8_4.C	104	1.600	42.560	2.086
BPP_200_75_0.1_0.8_5.C	99	4.800	42.480	2.035
BPP_200_75_0.1_0.8_5.C	99	4.800	42.480	2.038
BPP_200_75_0.1_0.8_5.C	99	4.800	42.480	2.042
BPP_200_75_0.1_0.8_5.C	99	4.800	42.480	2.005
BPP_200_75_0.1_0.8_5.C	99	4.800	42.480	2.007
BPP_200_75_0.1_0.8_5.C	99	4.800	42.480	2.087
BPP_200_75_0.1_0.8_5.C	99	4.800	42.480	2.064
BPP_200_75_0.1_0.8_5.C	99	4.800	42.480	2.019
BPP_200_75_0.1_0.8_5.C	99	4.800	42.480	1.993
BPP_200_75_0.1_0.8_5.C	99	4.800	42.480	2.039
BPP_200_75_0.1_0.8_6.C	94	7.400	42.040	1.953
BPP_200_75_0.1_0.8_6.C	94	7.000	41.800	1.963
BPP_200_75_0.1_0.8_6.C	94	7.000	41.800	2.071
BPP_200_75_0.1_0.8_6.C	94	7.400	42.040	1.962
BPP_200_75_0.1_0.8_6.C	93	7.600	41.760	1.950
BPP_200_75_0.1_0.8_6.C	93	7.000	41.400	1.984
BPP_200_75_0.1_0.8_6.C	93	7.000	41.400	1.956
BPP_200_75_0.1_0.8_6.C	94	6.800	41.680	2.003
BPP_200_75_0.1_0.8_6.C	93	7.200	41.520	1.954
BPP_200_75_0.1_0.8_6.C	93	7.400	41.640	1.950
BPP_200_75_0.1_0.8_7.C	102	4.800	43.680	2.134
BPP_200_75_0.1_0.8_7.C	103	4.800	44.080	2.123
BPP_200_75_0.1_0.8_7.C	104	4.400	44.240	2.144
BPP_200_75_0.1_0.8_7.C	104	4.400	44.240	2.156
BPP_200_75_0.1_0.8_7.C	104	4.400	44.240	2.147
BPP_200_75_0.1_0.8_7.C	104	4.400	44.240	2.148
BPP_200_75_0.1_0.8_7.C	104	4.400	44.240	2.175
BPP_200_75_0.1_0.8_7.C	103	4.600	43.960	2.227
BPP_200_75_0.1_0.8_7.C	104	4.400	44.240	2.152
BPP_200_75_0.1_0.8_7.C	103	4.800	44.080	2.267
BPP_200_75_0.1_0.8_8.C	96	6.800	42.480	2.156
BPP_200_75_0.1_0.8_8.C	96	6.800	42.480	2.077
BPP_200_75_0.1_0.8_8.C	96	6.800	42.480	2.042
BPP_200_75_0.1_0.8_8.C	96	6.800	42.480	2.026
BPP_200_75_0.1_0.8_8.C	96	6.800	42.480	2.065
BPP_200_75_0.1_0.8_8.C	95	7.000	42.200	2.041
BPP_200_75_0.1_0.8_8.C	96	6.600	42.360	2.114
BPP_200_75_0.1_0.8_8.C	96	6.800	42.480	2.045
BPP_200_75_0.1_0.8_8.C	96	6.800	42.480	2.049
BPP_200_75_0.1_0.8_8.C	96	6.800	42.480	2.004
BPP_200_75_0.1_0.8_9.C	103	10.600	47.560	2.162
BPP_200_75_0.1_0.8_9.C	103	10.600	47.560	2.109
BPP_200_75_0.1_0.8_9.C	102	10.600	47.160	2.095
BPP_200_75_0.1_0.8_9.C	103	10.600	47.560	2.260
BPP_200_75_0.1_0.8_9.C	103	10.600	47.560	2.168
BPP_200_75_0.1_0.8_9.C	103	10.600	47.560	2.139
BPP_200_75_0.1_0.8_9.C	102	10.400	47.040	2.144
BPP_200_75_0.1_0.8_9.C	103	10.600	47.560	2.125
BPP_200_75_0.1_0.8_9.C	104	9.600	47.360	2.156
BPP_200_75_0.1_0.8_9.C	103	10.600	47.560	2.131
BPP_50_1000_0.1_0.8_0.C	24	8.200	14.520	0.067
BPP_50_1000_0.1_0.8_0.C	24	9.200	15.120	0.067
BPP_50_1000_0.1_0.8_0.C	24	9.400	15.240	0.066
BPP_50_1000_0.1_0.8_0.C	24	9.400	15.240	0.066
BPP_50_1000_0.1_0.8_0.C	24	8.400	14.640	0.067
BPP_50_1000_0.1_0.8_0.C	24	9.000	15.000	0.066
BPP_50_1000_0.1_0.8_0.C	24	9.600	15.360	0.068
BPP_50_1000_0.1_0.8_0.C	24	9.400	15.240	0.066
BPP_50_1000_0.1_0.8_0.C	24	9.200	15.120	0.068
BPP_50_1000_0.1_0.8_0.C	24	9.600	15.360	0.066
BPP_50_1000_0.1_0.8_1.C	24	8.400	14.640	0.065
BPP_50_1000_0.1_0.8_1.C	24	8.200	14.520	0.066
BPP_50_1000_0.1_0.8_1.C	24	9.400	15.240	0.066
BPP_50_1000_0.1_0.8_1.C	24	9.400	15.240	0.066
BPP_50_1000_0.1_0.8_1.C	24	8.400	14.640	0.067
BPP_50_1000_0.1_0.8_1.C	24	7.800	14.280	0.066
BPP_50_1000_0.1_0.8_1.C	24	8.400	14.640	0.067
BPP_50_1000_0.1_0.8_1.C	24	9.400	15.240	0.066
BPP_50_1000_0.1_0.8_1.C	24	8.000	14.400	0.069
BPP_50_1000_0.1_0.8_1.C	24	9.200	15.120	0.067
BPP_50_1000_0.1_0.8_2.C	23	8.400	14.240	0.066
BPP_50_1000_0.1_0.8_2.C	23	8.400	14.240	0.068
BPP_50_1000_0.1_0.8_2.C	23	8.400	14.240	0.066
BPP_50_1000_0.1_0.8_2.C	23	8.400	14.240	0.065
BPP_50_1000_0.1_0.8_2.C	23	8.400	14.240	0.064
BPP_50_1000_0.1_0.8_2.C	23	8.400	14.240	0.066
BPP_50_1000_0.1_0.8_2.C	23	8.400	14.240	0.066
BPP_50_1000_0.1_0.8_2.C	23	8.400	14.240	0.068
BPP_50_1000_0.1_0.8_2.C	23	8.400	14.240	0.066
BPP_50_1000_0.1_0.8_2.C	23	8.400	14.240	0.066
BPP_50_1000_0.1_0.8_3.C	26	8.000	15.200	0.070
BPP_50_1000_0.1_0.8_3.C	26	7.200	14.720	0.069
BPP_50_1000_0.1_0.8_3.C	25	8.600	15.160	0.074
BPP_50_1000_0.1_0.8_3.C	26	7.000	14.600	0.069
BPP_50_1000_0.1_0.8_3.C	26	7.000	14.600	0.072
BPP_50_1000_0.1_0.8_3.C	26	7.200	14.720	0.070
BPP_50_1000_0.1_0.8_3.C	26	7.200	14.720	0.072
BPP_50_1000_0.1_0.8_3.C	26	7.200	14.720	0.069
BPP_50_1000_0.1_0.8_3.C	25	7.400	14.440	0.069
BPP_50_1000_0.1_0.8_3.C	25	7.800	14.680	0.069
BPP_50_1000_0.1_0.8_4.C	26	3.000	12.200	0.069
BPP_50_1000_0.1_0.8_4.C	25	3.400	12.040	0.068
BPP_50_1000_0.1_0.8_4.C	26	3.000	12.200	0.067
BPP_50_1000_0.1_0.8_4.C	26	2.800	12.080	0.071
BPP_50_1000_0.1_0.8_4.C	26	3.000	12.200	0.068
BPP_50_1000_0.1_0.8_4.C	26	2.800	12.080	0.068
BPP_50_1000_0.1_0.8_4.C	26	3.000	12.200	0.068
BPP_50_1000_0.1_0.8_4.C	26	2.600	11.960	0.068
BPP_50_1000_0.1_0.8_4.C	26	3.000	12.200	0.068
BPP_50_1000_0.1_0.8_4.C	26	3.000	12.200	0.068
BPP_50_1000_0.1_0.8_5.C	29	2.800	13.280	0.075
BPP_50_1000_0.1_0.8_5.C	29	2.200	12.920	0.075
BPP_50_1000_0.1_0.8_5.C	29	2.600	13.160	0.074
BPP_50_1000_0.1_0.8_5.C	30	2.000	13.200	0.074
BPP_50_1000_0.1_0.8_5.C	29	2.600	13.160	0.075
BPP_50_1000_0.1_0.8_5.C	29	2.200	12.920	0.073
BPP_50_1000_0.1_0.8_5.C	29	1.800	12.680	0.076
BPP_50_1000_0.1_0.8_5.C	29	2.800	13.280	0.076
BPP_50_1000_0.1_0.8_5.C	29	2.600	13.160	0.076
BPP_50_1000_0.1_0.8_5.C	29	2.000	12.800	0.075
BPP_50_1000_0.1_0.8_6.C	24	3.000	11.400	0.068
BPP_50_1000_0.1_0.8_6.C	24	2.800	11.280	0.066
BPP_50_1000_0.1_0.8_6.C	24	2.800	11.280	0.066
BPP_50_1000_0.1_0.8_6.C	24	3.200	11.520	0.064
BPP_50_1000_0.1_0.8_6.C	24	2.800	11.280	0.067
BPP_50_1000_0.1_0.8_6.C	24	3.200	11.520	0.067
BPP_50_1000_0.1_0.8_6.C	24	3.400	11.640	0.066
BPP_50_1000_0.1_0.8_6.C	24	3.000	11.400	0.066
BPP_50_1000_0.1_0.8_6.C	25	3.000	11.800	0.065
BPP_50_1000_0.1_0.8_6.C	24	3.000	11.400	0.066
BPP_50_1000_0.1_0.8_7.C	25	2.200	11.320	0.068
BPP_50_1000_0.1_0.8_7.C	25	2.000	11.200	0.069
BPP_50_1000_0.1_0.8_7.C	25	2.200	11.320	0.067
BPP_50_1000_0.1_0.8_7.C	26	2.200	11.720	0.066
BPP_50_1000_0.1_0.8_7.C	25	2.400	11.440	0.066
BPP_50_1000_0.1_0.8_7.C	25	1.800	11.080	0.068
BPP_50_1000_0.1_0.8_7.C	25	2.200	11.320	0.068
BPP_50_1000_0.1_0.8_7.C	25	2.400	11.440	0.068
BPP_50_1000_0.1_0.8_7.C	25	2.200	11.320	0.065
BPP_50_1000_0.1_0.8_7.C	24	2.800	11.280	0.067
BPP_50_1000_0.1_0.8_8.C	21	2.400	9.840	0.060
BPP_50_1000_0.1_0.8_8.C	21	2.400	9.840	0.059
BPP_50_1000_0.1_0.8_8.C	21	2.400	9.840	0.058
BPP_50_1000_0.1_0.8_8.C	21	2.400	9.840	0.060
BPP_50_1000_0.1_0.8_8.C	21	2.400	9.840	0.059
BPP_50_1000_0.1_0.8_8.C	21	2.400	9.840	0.060
BPP_50_1000_0.1_0.8_8.C	21	2.400	9.840	0.061
BPP_50_1000_0.1_0.8_8.C	21	2.400	9.840	0.059
BPP_50_1000_0.1_0.8_8.C	21	2.400	9.840	0.061
BPP_50_1000_0.1_0.8_8.C	21	2.400	9.840	0.059
BPP_50_1000_0.1_0.8_9.C	24	2.400	11.040	0.065
BPP_50_1000_0.1_0.8_9.C	24	2.400	11.040	0.067
BPP_50_1000_0.1_0.8_9.C	24	2.400	11.040	0.065
BPP_50_1000_0.1_0.8_9.C	24	2.000	10.800	0.065
BPP_50_1000_0.1_0.8_9.C	24	2.400	11.040	0.066
BPP_50_1000_0.1_0.8_9.C	24	2.200	10.920	0.065
BPP_50_1000_0.1_0.8_9.C	24	2.000	10.800	0.065
BPP_50_1000_0.1_0.8_9.C	24	2.400	11.040	0.064
BPP_50_1000_0.1_0.8_9.C	24	2.200	10.920	0.064
BPP_50_1000_0.1_0.8_9.C	24	2.200	10.920	0.064
BPP_50_100_0.1_0.8_0.C	30	0.200	12.120	0.078
BPP_50_100_0.1_0.8_0.C	31	0.200	12.520	0.080
BPP_50_100_0.1_0.8_0.C	31	0.200	12.520	0.077
BPP_50_100_0.1_0.8_0.C	30	0.400	12.240	0.079
BPP_50_100_0.1_0.8_0.C	30	0.200	12.120	0.081
BPP_50_100_0.1_0.8_0.C	30	0.200	12.120	0.077
BPP_50_100_0.1_0.8_0.C	30	0.200	12.120	0.077
BPP_50_100_0.1_0.8_0.C	30	0.200	12.120	0.080
BPP_50_100_0.1_0.8_0.C	30	0.800	12.480	0.078
BPP_50_100_0.1_0.8_0.C	30	0.200	12.120	0.078
BPP_50_100_0.1_0.8_1.C	28	0.600	11.560	0.071
BPP_50_100_0.1_0.8_1.C	28	0.600	11.560	0.070
BPP_50_100_0.1_0.8_1.C	28	0.600	11.560	0.070
BPP_50_100_0.1_0.8_1.C	28	0.600	11.560	0.070
BPP_50_100_0.1_0.8_1.C	28	0.600	11.560	0.071
BPP_50_100_0.1_0.8_1.C	28	0.600	11.560	0.069
BPP_50_100_0.1_0.8_1.C	28	0.600	11.560	0.069
BPP_50_100_0.1_0.8_1.C	28	0.600	11.560	0.073
BPP_50_100_0.1_0.8_1.C	28	0.600	11.560	0.072
BPP_50_100_0.1_0.8_1.C	28	0.600	11.560	0.068
BPP_50_100_0.1_0.8_2.C	26	0.800	10.880	0.066
BPP_50_100_0.1_0.8_2.C	26	0.800	10.880	0.068
BPP_50_100_0.1_0.8_2.C	26	0.600	10.760	0.066
BPP_50_100_0.1_0.8_2.C	26	0.600	10.760	0.065
BPP_50_100_0.1_0.8_2.C	26	0.600	10.760	0.066
BPP_50_100_0.1_0.8_2.C	26	0.800	10.880	0.069
BPP_50_100_0.1_0.8_2.C	26	0.800	10.880	0.067
BPP_50_100_0.1_0.8_2.C	25	1.200	10.720	0.067
BPP_50_100_0.1_0.8_2.C	26	0.800	10.880	0.066
BPP_50_100_0.1_0.8_2.C	25	1.400	10.840	0.065
BPP_50_100_0.1_0.8_3.C	22	1.000	9.400	0.060
BPP_50_100_0.1_0.8_3.C	22	0.600	9.160	0.061
BPP_50_100_0.1_0.8_3.C	21	1.000	9.000	0.062
BPP_50_100_0.1_0.8_3.C	22	1.000	9.400	0.059
BPP_50_100_0.1_0.8_3.C	21	1.600	9.360	0.058
BPP_50_100_0.1_0.8_3.C	22	0.800	9.280	0.060
BPP_50_100_0.1_0.8_3.C	21	1.600	9.360	0.059
BPP_50_100_0.1_0.8_3.C	21	1.400	9.240	0.060
BPP_50_100_0.1_0.8_3.C	22	1.000	9.400	0.062
BPP_50_100_0.1_0.8_3.C	22	0.800	9.280	0.059
BPP_50_100_0.1_0.8_4.C	27	0.000	10.800	0.070
BPP_50_100_0.1_0.8_4.C	26	0.800	10.880	0.069
BPP_50_100_0.1_0.8_4.C	27	0.200	10.920	0.072
BPP_50_100_0.1_0.8_4.C	27	0.200	10.920	0.070
BPP_50_100_0.1_0.8_4.C	27	0.200	10.920	0.073
BPP_50_100_0.1_0.8_4.C	27	0.200	10.920	0.072
BPP_50_100_0.1_0.8_4.C	26	0.400	10.640	0.069
BPP_50_100_0.1_0.8_4.C	26	0.800	10.880	0.071
BPP_50_100_0.1_0.8_4.C	27	0.200	10.920	0.070
BPP_50_100_0.1_0.8_4.C	27	0.200	10.920	0.070
BPP_50_100_0.1_0.8_5.C	24	1.600	10.560	0.069
BPP_50_100_0.1_0.8_5.C	24	1.800	10.680	0.069
BPP_50_100_0.1_0.8_5.C	24	1.800	10.680	0.071
BPP_50_100_0.1_0.8_5.C	25	1.200	10.720	0.069
BPP_50_100_0.1_0.8_5.C	24	1.400	10.440	0.069
BPP_50_100_0.1_0.8_5.C	24	1.400	10.440	0.075
BPP_50_100_0.1_0.8_5.C	25	1.200	10.720	0.068
BPP_50_100_0.1_0.8_5.C	25	1.200	10.720	0.070
BPP_50_100_0.1_0.8_5.C	25	1.200	10.720	0.070
BPP_50_100_0.1_0.8_5.C	24	1.400	10.440	0.069
BPP_50_100_0.1_0.8_6.C	26	0.800	10.880	0.071
BPP_50_100_0.1_0.8_6.C	26	1.000	11.000	0.072
BPP_50_100_0.1_0.8_6.C	25	1.200	10.720	0.071
BPP_50_100_0.1_0.8_6.C	26	0.800	10.880	0.072
BPP_50_100_0.1_0.8_6.C	26	0.800	10.880	0.071
BPP_50_100_0.1_0.8_6.C	26	1.000	11.000	0.075
BPP_50_100_0.1_0.8_6.C	26	1.000	11.000	0.070
BPP_50_100_0.1_0.8_6.C	26	1.000	11.000	0.072
BPP_50_100_0.1_0.8_6.C	25	1.200	10.720	0.069
BPP_50_100_0.1_0.8_6.C	26	1.000	11.000	0.071
BPP_50_100_0.1_0.8_7.C	26	3.400	12.440	0.069
BPP_50_100_0.1_0.8_7.C	26	3.200	12.320	0.067
BPP_50_100_0.1_0.8_7.C	25	3.600	12.160	0.068
BPP_50_100_0.1_0.8_7.C	26	3.000	12.200	0.067
BPP_50_100_0.1_0.8_7.C	26	3.200	12.320	0.068
BPP_50_100_0.1_0.8_7.C	25	3.400	12.040	0.068
BPP_50_100_0.1_0.8_7.C	25	3.400	12.040	0.066
BPP_50_100_0.1_0.8_7.C	25	4.000	12.400	0.069
BPP_50_100_0.1_0.8_7.C	27	2.200	12.120	0.072
BPP_50_100_0.1_0.8_7.C	26	3.200	12.320	0.071
BPP_50_100_0.1_0.8_8.C	22	1.200	9.520	0.062
BPP_50_100_0.1_0.8_8.C	22	1.600	9.760	0.063
BPP_50_100_0.1_0.8_8.C	22	1.200	9.520	0.064
BPP_50_100_0.1_0.8_8.C	22	1.200	9.520	0.064
BPP_50_100_0.1_0.8_8.C	22	1.000	9.400	0.062
BPP_50_100_0.1_0.8_8.C	22	1.400	9.640	0.063
BPP_50_100_0.1_0.8_8.C	22	1.200	9.520	0.069
BPP_50_100_0.1_0.8_8.C	22	1.400	9.640	0.062
BPP_50_100_0.1_0.8_8.C	23	0.600	9.560	0.062
BPP_50_100_0.1_0.8_8.C	22	1.200	9.520	0.061
BPP_50_100_0.1_0.8_9.C	23	1.600	10.160	0.065
BPP_50_100_0.1_0.8_9.C	23	2.200	10.520	0.064
BPP_50_100_0.1_0.8_9.C	24	1.600	10.560	0.063
BPP_50_100_0.1_0.8_9.C	24	1.600	10.560	0.064
BPP_50_100_0.1_0.8_9.C	24	1.400	10.440	0.064
BPP_50_100_0.1_0.8_9.C	24	1.600	10.560	0.065
BPP_50_100_0.1_0.8_9.C	24	1.600	10.560	0.063
BPP_50_100_0.1_0.8_9.C	24	1.600	10.560	0.064
BPP_50_100_0.1_0.8_9.C	24	1.600	10.560	0.063
BPP_50_100_0.1_0.8_9.C	24	1.400	10.440	0.065
BPP_50_120_0.1_0.8_0.C	27	1.000	11.400	0.072
BPP_50_120_0.1_0.8_0.C	27	1.000	11.400	0.073
BPP_50_120_0.1_0.8_0.C	27	1.000	11.400	0.070
BPP_50_120_0.1_0.8_0.C	27	1.000	11.400	0.070
BPP_50_120_0.1_0.8_0.C	27	1.000	11.400	0.071
BPP_50_120_0.1_0.8_0.C	27	1.000	11.400	0.071
BPP_50_120_0.1_0.8_0.C	27	1.000	11.400	0.072
BPP_50_120_0.1_0.8_0.C	27	1.000	11.400	0.071
BPP_50_120_0.1_0.8_0.C	27	1.000	11.400	0.072
BPP_50_120_0.1_0.8_0.C	27	1.000	11.400	0.070
BPP_50_120_0.1_0.8_1.C	22	0.400	9.040	0.061
BPP_50_120_0.1_0.8_1.C	22	0.400	9.040	0.060
BPP_50_120_0.1_0.8_1.C	22	0.400	9.040	0.060
BPP_50_120_0.1_0.8_1.C	22	0.400	9.040	0.063
BPP_50_120_0.1_0.8_1.C	22	0.400	9.040	0.061
BPP_50_120_0.1_0.8_1.C	22	0.400	9.040	0.060
BPP_50_120_0.1_0.8_1.C	22	0.400	9.040	0.062
BPP_50_120_0.1_0.8_1.C	22	0.400	9.040	0.059
BPP_50_120_0.1_0.8_1.C	22	0.400	9.040	0.062
BPP_50_120_0.1_0.8_1.C	22	0.400	9.040	0.062
BPP_50_120_0.1_0.8_2.C	27	3.000	12.600	0.070
BPP_50_120_0.1_0.8_2.C	27	3.000	12.600	0.068
BPP_50_120_0.1_0.8_2.C	27	3.000	12.600	0.070
BPP_50_120_0.1_0.8_2.C	27	3.000	12.600	0.069
BPP_50_120_0.1_0.8_2.C	27	3.000	12.600	0.069
BPP_50_120_0.1_0.8_2.C	27	3.000	12.600	0.071
BPP_50_120_0.1_0.8_2.C	27	3.000	12.600	0.070
BPP_50_120_0.1_0.8_2.C	27	3.000	12.600	0.070
BPP_50_120_0.1_0.8_2.C	27	3.000	12.600	0.069
BPP_50_120_0.1_0.8_2.C	26	3.200	12.320	0.068
BPP_50_120_0.1_0.8_3.C	23	1.400	10.040	0.063
BPP_50_120_0.1_0.8_3.C	23	1.400	10.040	0.064
BPP_50_120_0.1_0.8_3.C	23	1.400	10.040	0.064
BPP_50_120_0.1_0.8_3.C	23	1.400	10.040	0.064
BPP_50_120_0.1_0.8_3.C	23	1.400	10.040	0.064
BPP_50_120_0.1_0.8_3.C	23	1.400	10.040	0.064
BPP_50_120_0.1_0.8_3.C	23	1.400	10.040	0.064
BPP_50_120_0.1_0.8_3.C	23	1.400	10.040	0.063
BPP_50_120_0.1_0.8_3.C	23	1.400	10.040	0.065
BPP_50_120_0.1_0.8_3.C	23	1.400	10.040	0.064
BPP_50_120_0.1_0.8_4.C	27	5.400	14.040	0.071
BPP_50_120_0.1_0.8_4.C	26	5.800	13.880	0.070
BPP_50_120_0.1_0.8_4.C	27	5.200	13.920	0.071
BPP_50_120_0.1_0.8_4.C	27	5.200	13.920	0.070
BPP_50_120_0.1_0.8_4.C	27	5.800	14.280	0.071
BPP_50_120_0.1_0.8_4.C	26	5.600	13.760	0.070
BPP_50_120_0.1_0.8_4.C	26	6.000	14.000	0.073
BPP_50_120_0.1_0.8_4.C	27	5.200	13.920	0.070
BPP_50_120_0.1_0.8_4.C	27	5.400	14.040	0.069
BPP_50_120_0.1_0.8_4.C	27	5.400	14.040	0.071
BPP_50_120_0.1_0.8_5.C	23	1.400	10.040	0.062
BPP_50_120_0.1_0.8_5.C	24	0.800	10.080	0.063
BPP_50_120_0.1_0.8_5.C	24	0.600	9.960	0.062
BPP_50_120_0.1_0.8_5.C	24	0.600	9.960	0.061
BPP_50_120_0.1_0.8_5.C	24	0.800	10.080	0.061
BPP_50_120_0.1_0.8_5.C	23	1.200	9.920	0.063
BPP_50_120_0.1_0.8_5.C	24	0.800	10.080	0.064
BPP_50_120_0.1_0.8_5.C	24	0.600	9.960	0.062
BPP_50_120_0.1_0.8_5.C	24	0.400	9.840	0.062
BPP_50_120_0.1_0.8_5.C	24	0.600	9.960	0.062
BPP_50_120_0.1_0.8_6.C	23	2.800	10.880	0.064
BPP_50_120_0.1_0.8_6.C	23	3.800	11.480	0.064
BPP_50_120_0.1_0.8_6.C	23	3.800	11.480	0.064
BPP_50_120_0.1_0.8_6.C	23	3.800	11.480	0.062
BPP_50_120_0.1_0.8_6.C	23	3.800	11.480	0.063
BPP_50_120_0.1_0.8_6.C	23	3.800	11.480	0.063
BPP_50_120_0.1_0.8_6.C	23	3.800	11.480	0.064
BPP_50_120_0.1_0.8_6.C	23	3.800	11.480	0.063
BPP_50_120_0.1_0.8_6.C	23	3.800	11.480	0.065
BPP_50_120_0.1_0.8_6.C	23	3.800	11.480	0.063
BPP_50_120_0.1_0.8_7.C	24	4.800	12.480	0.064
BPP_50_120_0.1_0.8_7.C	24	5.600	12.960	0.064
BPP_50_120_0.1_0.8_7.C	23	5.400	12.440	0.064
BPP_50_120_0.1_0.8_7.C	24	6.000	13.200	0.067
BPP_50_120_0.1_0.8_7.C	24	5.400	12.840	0.063
BPP_50_120_0.1_0.8_7.C	24	5.000	12.600	0.064
BPP_50_120_0.1_0.8_7.C	24	5.200	12.720	0.065
BPP_50_120_0.1_0.8_7.C	23	5.800	12.680	0.064
BPP_50_120_0.1_0.8_7.C	24	6.200	13.320	0.066
BPP_50_120_0.1_0.8_7.C	24	5.200	12.720	0.064
BPP_50_120_0.1_0.8_8.C	24	3.400	11.640	0.065
BPP_50_120_0.1_0.8_8.C	25	3.000	11.800	0.065
BPP_50_120_0.1_0.8_8.C	25	3.000	11.800	0.065
BPP_50_120_0.1_0.8_8.C	25	3.000	11.800	0.069
BPP_50_120_0.1_0.8_8.C	24	3.400	11.640	0.066
BPP_50_120_0.1_0.8_8.C	25	3.000	11.800	0.065
BPP_50_120_0.1_0.8_8.C	25	2.800	11.680	0.064
BPP_50_120_0.1_0.8_8.C	25	3.000	11.800	0.066
BPP_50_120_0.1_0.8_8.C	25	3.000	11.800	0.064
BPP_50_120_0.1_0.8_8.C	25	3.000	11.800	0.064
BPP_50_120_0.1_0.8_9.C	24	4.800	12.480	0.064
BPP_50_120_0.1_0.8_9.C	24	4.600	12.360	0.062
BPP_50_120_0.1_0.8_9.C	23	5.000	12.200	0.063
BPP_50_120_0.1_0.8_9.C	23	5.200	12.320	0.063
BPP_50_120_0.1_0.8_9.C	23	5.400	12.440	0.062
BPP_50_120_0.1_0.8_9.C	24	4.800	12.480	0.062
BPP_50_120_0.1_0.8_9.C	23	5.400	12.440	0.064
BPP_50_120_0.1_0.8_9.C	23	5.200	12.320	0.063
BPP_50_120_0.1_0.8_9.C	23	5.200	12.320	0.063
BPP_50_120_0.1_0.8_9.C	23	5.200	12.320	0.063
BPP_50_125_0.1_0.8_0.C	27	1.600	11.760	0.073
BPP_50_125_0.1_0.8_0.C	28	1.200	11.920	0.073
BPP_50_125_0.1_0.8_0.C	27	1.400	11.640	0.077
BPP_50_125_0.1_0.8_0.C	28	1.200	11.920	0.073
BPP_50_125_0.1_0.8_0.C	28	1.200	11.920	0.074
BPP_50_125_0.1_0.8_0.C	28	1.200	11.920	0.074
BPP_50_125_0.1_0.8_0.C	27	1.800	11.880	0.073
BPP_50_125_0.1_0.8_0.C	28	1.200	11.920	0.072
BPP_50_125_0.1_0.8_0.C	28	1.200	11.920	0.072
BPP_50_125_0.1_0.8_0.C	27	1.400	11.640	0.072
BPP_50_125_0.1_0.8_1.C	25	1.000	10.600	0.071
BPP_50_125_0.1_0.8_1.C	25	1.200	10.720	0.071
BPP_50_125_0.1_0.8_1.C	25	1.400	10.840	0.067
BPP_50_125_0.1_0.8_1.C	25	1.200	10.720	0.067
BPP_50_125_0.1_0.8_1.C	25	1.000	10.600	0.067
BPP_50_125_0.1_0.8_1.C	25	1.000	10.600	0.067
BPP_50_125_0.1_0.8_1.C	25	1.000	10.600	0.066
BPP_50_125_0.1_0.8_1.C	25	1.000	10.600	0.066
BPP_50_125_0.1_0.8_1.C	24	1.400	10.440	0.067
BPP_50_125_0.1_0.8_1.C	25	1.000	10.600	0.066
BPP_50_125_0.1_0.8_2.C	23	1.000	9.800	0.060
BPP_50_125_0.1_0.8_2.C	22	1.800	9.880	0.058
BPP_50_125_0.1_0.8_2.C	22	1.800	9.880	0.060
BPP_50_125_0.1_0.8_2.C	22	1.600	9.760	0.059
BPP_50_125_0.1_0.8_2.C	23	1.200	9.920	0.063
BPP_50_125_0.1_0.8_2.C	22	1.600	9.760	0.060
BPP_50_125_0.1_0.8_2.C	22	1.600	9.760	0.060
BPP_50_125_0.1_0.8_2.C	22	1.200	9.520	0.061
BPP_50_125_0.1_0.8_2.C	22	1.800	9.880	0.058
BPP_50_125_0.1_0.8_2.C	22	1.600	9.760	0.059
BPP_50_125_0.1_0.8_3.C	29	3.800	13.880	0.074
BPP_50_125_0.1_0.8_3.C	29	3.800	13.880	0.076
BPP_50_125_0.1_0.8_3.C	29	4.000	14.000	0.075
BPP_50_125_0.1_0.8_3.C	30	3.400	14.040	0.075
BPP_50_125_0.1_0.8_3.C	30	3.400	14.040	0.077
BPP_50_125_0.1_0.8_3.C	29	3.800	13.880	0.076
BPP_50_125_0.1_0.8_3.C	30	3.400	14.040	0.075
BPP_50_125_0.1_0.8_3.C	29	4.000	14.000	0.077
BPP_50_125_0.1_0.8_3.C	30	3.600	14.160	0.077
BPP_50_125_0.1_0.8_3.C	29	4.200	14.120	0.076
BPP_50_125_0.1_0.8_4.C	26	2.800	12.080	0.071
BPP_50_125_0.1_0.8_4.C	27	2.600	12.360	0.070
BPP_50_125_0.1_0.8_4.C	27	2.000	12.000	0.069
BPP_50_125_0.1_0.8_4.C	27	2.000	12.000	0.069
BPP_50_125_0.1_0.8_4.C	27	2.200	12.120	0.069
BPP_50_125_0.1_0.8_4.C	28	2.200	12.520	0.070
BPP_50_125_0.1_0.8_4.C	27	2.400	12.240	0.071
BPP_50_125_0.1_0.8_4.C	27	2.000	12.000	0.070
BPP_50_125_0.1_0.8_4.C	26	3.400	12.440	0.070
BPP_50_125_0.1_0.8_4.C	27	2.400	12.240	0.071
BPP_50_125_0.1_0.8_5.C	31	2.800	14.080	0.079
BPP_50_125_0.1_0.8_5.C	31	3.400	14.440	0.078
BPP_50_125_0.1_0.8_5.C	31	2.800	14.080	0.078
BPP_50_125_0.1_0.8_5.C	31	3.800	14.680	0.080
BPP_50_125_0.1_0.8_5.C	31	3.000	14.200	0.080
BPP_50_125_0.1_0.8_5.C	31	2.800	14.080	0.078
BPP_50_125_0.1_0.8_5.C	31	2.800	14.080	0.079
BPP_50_125_0.1_0.8_5.C	31	3.800	14.680	0.078
BPP_50_125_0.1_0.8_5.C	31	2.600	13.960	0.081
BPP_50_125_0.1_0.8_5.C	31	2.800	14.080	0.079
BPP_50_125_0.1_0.8_6.C	27	2.400	12.240	0.071
BPP_50_125_0.1_0.8_6.C	27	2.400	12.240	0.072
BPP_50_125_0.1_0.8_6.C	27	2.400	12.240	0.071
BPP_50_125_0.1_0.8_6.C	27	2.400	12.240	0.071
BPP_50_125_0.1_0.8_6.C	27	2.400	12.240	0.071
BPP_50_125_0.1_0.8_6.C	27	2.400	12.240	0.072
BPP_50_125_0.1_0.8_6.C	27	2.400	12.240	0.072
BPP_50_125_0.1_0.8_6.C	27	2.400	12.240	0.072
BPP_50_125_0.1_0.8_6.C	27	2.400	12.240	0.071
BPP_50_125_0.1_0.8_6.C	27	2.400	12.240	0.071
BPP_50_125_0.1_0.8_7.C	28	3.800	13.480	0.075
BPP_50_125_0.1_0.8_7.C	28	4.000	13.600	0.077
BPP_50_125_0.1_0.8_7.C	28	3.800	13.480	0.074
BPP_50_125_0.1_0.8_7.C	28	4.600	13.960	0.074
BPP_50_125_0.1_0.8_7.C	28	3.800	13.480	0.074
BPP_50_125_0.1_0.8_7.C	28	4.000	13.600	0.074
BPP_50_125_0.1_0.8_7.C	28	3.400	13.240	0.075
BPP_50_125_0.1_0.8_7.C	28	4.800	14.080	0.075
BPP_50_125_0.1_0.8_7.C	28	3.800	13.480	0.073
BPP_50_125_0.1_0.8_7.C	27	5.400	14.040	0.075
BPP_50_125_0.1_0.8_8.C	23	4.000	11.600	0.063
BPP_50_125_0.1_0.8_8.C	23	3.800	11.480	0.062
BPP_50_125_0.1_0.8_8.C	23	3.600	11.360	0.062
BPP_50_125_0.1_0.8_8.C	23	3.800	11.480	0.062
BPP_50_125_0.1_0.8_8.C	22	4.400	11.440	0.061
BPP_50_125_0.1_0.8_8.C	23	3.600	11.360	0.062
BPP_50_125_0.1_0.8_8.C	23	4.400	11.840	0.063
BPP_50_125_0.1_0.8_8.C	23	4.000	11.600	0.061
BPP_50_125_0.1_0.8_8.C	23	4.200	11.720	0.062
BPP_50_125_0.1_0.8_8.C	23	3.600	11.360	0.061
BPP_50_125_0.1_0.8_9.C	26	4.600	13.160	0.068
BPP_50_125_0.1_0.8_9.C	25	4.800	12.880	0.067
BPP_50_125_0.1_0.8_9.C	26	4.400	13.040	0.068
BPP_50_125_0.1_0.8_9.C	26	4.600	13.160	0.068
BPP_50_125_0.1_0.8_9.C	26	4.600	13.160	0.068
BPP_50_125_0.1_0.8_9.C	26	4.600	13.160	0.069
BPP_50_125_0.1_0.8_9.C	25	4.800	12.880	0.067
BPP_50_125_0.1_0.8_9.C	26	4.600	13.160	0.068
BPP_50_125_0.1_0.8_9.C	25	5.200	13.120	0.068
BPP_50_125_0.1_0.8_9.C	26	4.600	13.160	0.068
BPP_50_150_0.1_0.8_0.C	24	0.400	9.840	0.066
BPP_50_150_0.1_0.8_0.C	24	0.400	9.840	0.064
BPP_50_150_0.1_0.8_0.C	24	0.400	9.840	0.064
BPP_50_150_0.1_0.8_0.C	24	0.400	9.840	0.064
BPP_50_150_0.1_0.8_0.C	24	0.400	9.840	0.065
BPP_50_150_0.1_0.8_0.C	24	0.400	9.840	0.063
BPP_50_150_0.1_0.8_0.C	24	0.400	9.840	0.064
BPP_50_150_0.1_0.8_0.C	24	0.400	9.840	0.062
BPP_50_150_0.1_0.8_0.C	24	0.400	9.840	0.064
BPP_50_150_0.1_0.8_0.C	24	0.400	9.840	0.064
BPP_50_150_0.1_0.8_1.C	28	1.800	12.280	0.079
BPP_50_150_0.1_0.8_1.C	29	1.400	12.440	0.077
BPP_50_150_0.1_0.8_1.C	28	1.400	12.040	0.077
BPP_50_150_0.1_0.8_1.C	28	1.400	12.040	0.076
BPP_50_150_0.1_0.8_1.C	28	1.400	12.040	0.077
BPP_50_150_0.1_0.8_1.C	29	1.400	12.440	0.075
BPP_50_150_0.1_0.8_1.C	28	1.800	12.280	0.077
BPP_50_150_0.1_0.8_1.C	28	1.400	12.040	0.076
BPP_50_150_0.1_0.8_1.C	28	1.400	12.040	0.075
BPP_50_150_0.1_0.8_1.C	28	1.400	12.040	0.077
BPP_50_150_0.1_0.8_2.C	26	3.600	12.560	0.070
BPP_50_150_0.1_0.8_2.C	26	4.000	12.800	0.070
BPP_50_150_0.1_0.8_2.C	25	4.600	12.760	0.070
BPP_50_150_0.1_0.8_2.C	26	3.600	12.560	0.073
BPP_50_150_0.1_0.8_2.C	27	3.400	12.840	0.071
BPP_50_150_0.1_0.8_2.C	26	3.600	12.560	0.069
BPP_50_150_0.1_0.8_2.C	26	3.600	12.560	0.070
BPP_50_150_0.1_0.8_2.C	27	3.400	12.840	0.070
BPP_50_150_0.1_0.8_2.C	26	4.000	12.800	0.072
BPP_50_150_0.1_0.8_2.C	26	3.400	12.440	0.070
BPP_50_150_0.1_0.8_3.C	26	3.600	12.560	0.068
BPP_50_150_0.1_0.8_3.C	26	3.600	12.560	0.071
BPP_50_150_0.1_0.8_3.C	26	3.600	12.560	0.071
BPP_50_150_0.1_0.8_3.C	26	3.400	12.440	0.073
BPP_50_150_0.1_0.8_3.C	26	3.200	12.320	0.070
BPP_50_150_0.1_0.8_3.C	26	3.400	12.440	0.069
BPP_50_150_0.1_0.8_3.C	26	3.400	12.440	0.071
BPP_50_150_0.1_0.8_3.C	26	3.800	12.680	0.070
BPP_50_150_0.1_0.8_3.C	25	4.000	12.400	0.071
BPP_50_150_0.1_0.8_3.C	26	3.400	12.440	0.070
BPP_50_150_0.1_0.8_4.C	21	2.000	9.600	0.059
BPP_50_150_0.1_0.8_4.C	22	1.400	9.640	0.058
BPP_50_150_0.1_0.8_4.C	22	1.200	9.520	0.058
BPP_50_150_0.1_0.8_4.C	21	2.200	9.720	0.058
BPP_50_150_0.1_0.8_4.C	22	1.600	9.760	0.059
BPP_50_150_0.1_0.8_4.C	22	1.200	9.520	0.061
BPP_50_150_0.1_0.8_4.C	21	2.200	9.720	0.060
BPP_50_150_0.1_0.8_4.C	21	1.400	9.240	0.059
BPP_50_150_0.1_0.8_4.C	21	2.200	9.720	0.058
BPP_50_150_0.1_0.8_4.C	21	1.800	9.480	0.066
BPP_50_150_0.1_0.8_5.C	25	1.800	11.080	0.074
BPP_50_150_0.1_0.8_5.C	25	2.400	11.440	0.067
BPP_50_150_0.1_0.8_5.C	26	1.800	11.480	0.066
BPP_50_150_0.1_0.8_5.C	26	1.800	11.480	0.066
BPP_50_150_0.1_0.8_5.C	26	1.800	11.480	0.067
BPP_50_150_0.1_0.8_5.C	26	1.800	11.480	0.067
BPP_50_150_0.1_0.8_5.C	26	1.800	11.480	0.068
BPP_50_150_0.1_0.8_5.C	25	2.000	11.200	0.069
BPP_50_150_0.1_0.8_5.C	26	1.800	11.480	0.068
BPP_50_150_0.1_0.8_5.C	26	1.800	11.480	0.068
BPP_50_150_0.1_0.8_6.C	24	2.400	11.040	0.065
BPP_50_150_0.1_0.8_6.C	24	1.800	10.680	0.067
BPP_50_150_0.1_0.8_6.C	23	1.800	10.280	0.068
BPP_50_150_0.1_0.8_6.C	23	2.600	10.760	0.063
BPP_50_150_0.1_0.8_6.C	24	2.200	10.920	0.066
BPP_50_150_0.1_0.8_6.C	24	1.800	10.680	0.065
BPP_50_150_0.1_0.8_6.C	24	1.800	10.680	0.063
BPP_50_150_0.1_0.8_6.C	24	2.000	10.800	0.065
BPP_50_150_0.1_0.8_6.C	24	2.400	11.040	0.067
BPP_50_150_0.1_0.8_6.C	24	2.000	10.800	0.066
BPP_50_150_0.1_0.8_7.C	24	1.800	10.680	0.063
BPP_50_150_0.1_0.8_7.C	24	1.800	10.680	0.063
BPP_50_150_0.1_0.8_7.C	24	2.000	10.800	0.063
BPP_50_150_0.1_0.8_7.C	24	1.400	10.440	0.065
BPP_50_150_0.1_0.8_7.C	24	1.600	10.560	0.065
BPP_50_150_0.1_0.8_7.C	24	1.800	10.680	0.065
BPP_50_150_0.1_0.8_7.C	24	1.600	10.560	0.066
BPP_50_150_0.1_0.8_7.C	24	2.000	10.800	0.062
BPP_50_150_0.1_0.8_7.C	24	1.400	10.440	0.064
BPP_50_150_0.1_0.8_7.C	24	1.600	10.560	0.063
BPP_50_150_0.1_0.8_8.C	24	1.600	10.560	0.065
BPP_50_150_0.1_0.8_8.C	24	1.400	10.440	0.068
BPP_50_150_0.1_0.8_8.C	24	1.400	10.440	0.072
BPP_50_150_0.1_0.8_8.C	25	1.400	10.840	0.065
BPP_50_150_0.1_0.8_8.C	24	1.800	10.680	0.063
BPP_50_150_0.1_0.8_8.C	24	1.800	10.680	0.063
BPP_50_150_0.1_0.8_8.C	24	1.600	10.560	0.063
BPP_50_150_0.1_0.8_8.C	24	1.400	10.440	0.063
BPP_50_150_0.1_0.8_8.C	24	1.800	10.680	0.063
BPP_50_150_0.1_0.8_8.C	24	1.400	10.440	0.065
BPP_50_150_0.1_0.8_9.C	24	1.400	10.440	0.064
BPP_50_150_0.1_0.8_9.C	24	1.600	10.560	0.065
BPP_50_150_0.1_0.8_9.C	24	1.400	10.440	0.064
BPP_50_150_0.1_0.8_9.C	24	1.600	10.560	0.063
BPP_50_150_0.1_0.8_9.C	24	1.600	10.560	0.064
BPP_50_150_0.1_0.8_9.C	24	1.400	10.440	0.064
BPP_50_150_0.1_0.8_9.C	23	2.000	10.400	0.063
BPP_50_150_0.1_0.8_9.C	23	2.000	10.400	0.064
BPP_50_150_0.1_0.8_9.C	24	1.400	10.440	0.063
BPP_50_150_0.1_0.8_9.C	24	1.600	10.560	0.064
BPP_50_200_0.1_0.8_0.C	26	3.600	12.560	0.071
BPP_50_200_0.1_0.8_0.C	26	3.800	12.680	0.071
BPP_50_200_0.1_0.8_0.C	26	3.600	12.560	0.071
BPP_50_200_0.1_0.8_0.C	26	4.000	12.800	0.070
BPP_50_200_0.1_0.8_0.C	26	3.800	12.680	0.071
BPP_50_200_0.1_0.8_0.C	26	3.800	12.680	0.071
BPP_50_200_0.1_0.8_0.C	26	2.800	12.080	0.069
BPP_50_200_0.1_0.8_0.C	26	3.400	12.440	0.070
BPP_50_200_0.1_0.8_0.C	26	3.200	12.320	0.072
BPP_50_200_0.1_0.8_0.C	26	3.600	12.560	0.071
BPP_50_200_0.1_0.8_1.C	25	1.600	10.960	0.067
BPP_50_200_0.1_0.8_1.C	25	1.600	10.960	0.067
BPP_50_200_0.1_0.8_1.C	25	1.600	10.960	0.069
BPP_50_200_0.1_0.8_1.C	25	1.600	10.960	0.067
BPP_50_200_0.1_0.8_1.C	25	1.200	10.720	0.067
BPP_50_200_0.1_0.8_1.C	25	1.400	10.840	0.068
BPP_50_200_0.1_0.8_1.C	25	1.600	10.960	0.068
BPP_50_200_0.1_0.8_1.C	25	1.600	10.960	0.067
BPP_50_200_0.1_0.8_1.C	25	1.600	10.960	0.067
BPP_50_200_0.1_0.8_1.C	25	1.200	10.720	0.068
BPP_50_200_0.1_0.8_2.C	22	0.800	9.280	0.062
BPP_50_200_0.1_0.8_2.C	22	0.800	9.280	0.063
BPP_50_200_0.1_0.8_2.C	22	1.000	9.400	0.065
BPP_50_200_0.1_0.8_2.C	22	0.600	9.160	0.063
BPP_50_200_0.1_0.8_2.C	22	1.000	9.400	0.062
BPP_50_200_0.1_0.8_2.C	22	0.800	9.280	0.062
BPP_50_200_0.1_0.8_2.C	22	0.800	9.280	0.061
BPP_50_200_0.1_0.8_2.C	22	0.800	9.280	0.063
BPP_50_200_0.1_0.8_2.C	22	0.600	9.160	0.064
BPP_50_200_0.1_0.8_2.C	22	0.800	9.280	0.062
BPP_50_200_0.1_0.8_3.C	24	1.800	10.680	0.064
BPP_50_200_0.1_0.8_3.C	24	1.600	10.560	0.065
BPP_50_200_0.1_0.8_3.C	24	1.800	10.680	0.064
BPP_50_200_0.1_0.8_3.C	24	0.400	9.840	0.065
BPP_50_200_0.1_0.8_3.C	25	1.000	10.600	0.066
BPP_50_200_0.1_0.8_3.C	24	1.600	10.560	0.064
BPP_50_200_0.1_0.8_3.C	24	1.800	10.680	0.064
BPP_50_200_0.1_0.8_3.C	24	0.600	9.960	0.064
BPP_50_200_0.1_0.8_3.C	24	1.800	10.680	0.064
BPP_50_200_0.1_0.8_3.C	24	1.800	10.680	0.064
BPP_50_200_0.1_0.8_4.C	27	1.000	11.400	0.072
BPP_50_200_0.1_0.8_4.C	27	1.000	11.400	0.070
BPP_50_200_0.1_0.8_4.C	27	1.000	11.400	0.073
BPP_50_200_0.1_0.8_4.C	27	1.000	11.400	0.071
BPP_50_200_0.1_0.8_4.C	27	1.000	11.400	0.071
BPP_50_200_0.1_0.8_4.C	27	1.000	11.400	0.070
BPP_50_200_0.1_0.8_4.C	27	1.000	11.400	0.071
BPP_50_200_0.1_0.8_4.C	27	1.000	11.400	0.071
BPP_50_200_0.1_0.8_4.C	27	1.000	11.400	0.071
BPP_50_200_0.1_0.8_4.C	27	1.000	11.400	0.071
BPP_50_200_0.1_0.8_5.C	31	2.000	13.600	0.078
BPP_50_200_0.1_0.8_5.C	31	1.400	13.240	0.079
BPP_50_200_0.1_0.8_5.C	31	1.600	13.360	0.079
BPP_50_200_0.1_0.8_5.C	31	1.800	13.480	0.097
BPP_50_200_0.1_0.8_5.C	31	2.000	13.600	0.079
BPP_50_200_0.1_0.8_5.C	31	1.400	13.240	0.079
BPP_50_200_0.1_0.8_5.C	32	1.400	13.640	0.078
BPP_50_200_0.1_0.8_5.C	31	1.800	13.480	0.078
BPP_50_200_0.1_0.8_5.C	31	1.600	13.360	0.079
BPP_50_200_0.1_0.8_5.C	31	1.400	13.240	0.079
BPP_50_200_0.1_0.8_6.C	25	1.000	10.600	0.068
BPP_50_200_0.1_0.8_6.C	25	1.000	10.600	0.066
BPP_50_200_0.1_0.8_6.C	25	1.000	10.600	0.066
BPP_50_200_0.1_0.8_6.C	25	1.000	10.600	0.067
BPP_50_200_0.1_0.8_6.C	25	1.000	10.600	0.066
BPP_50_200_0.1_0.8_6.C	25	1.000	10.600	0.065
BPP_50_200_0.1_0.8_6.C	25	1.000	10.600	0.067
BPP_50_200_0.1_0.8_6.C	25	1.000	10.600	0.067
BPP_50_200_0.1_0.8_6.C	24	1.600	10.560	0.065
BPP_50_200_0.1_0.8_6.C	25	1.000	10.600	0.068
BPP_50_200_0.1_0.8_7.C	24	4.200	12.120	0.071
BPP_50_200_0.1_0.8_7.C	24	4.400	12.240	0.061
BPP_50_200_0.1_0.8_7.C	24	4.600	12.360	0.064
BPP_50_200_0.1_0.8_7.C	24	4.400	12.240	0.062
BPP_50_200_0.1_0.8_7.C	24	4.600	12.360	0.063
BPP_50_200_0.1_0.8_7.C	24	4.600	12.360	0.063
BPP_50_200_0.1_0.8_7.C	24	4.600	12.360	0.065
BPP_50_200_0.1_0.8_7.C	24	4.600	12.360	0.064
BPP_50_200_0.1_0.8_7.C	24	4.600	12.360	0.063
BPP_50_200_0.1_0.8_7.C	24	4.400	12.240	0.062
BPP_50_200_0.1_0.8_8.C	25	1.600	10.960	0.068
BPP_50_200_0.1_0.8_8.C	26	0.800	10.880	0.069
BPP_50_200_0.1_0.8_8.C	26	0.400	10.640	0.067
BPP_50_200_0.1_0.8_8.C	26	0.400	10.640	0.067
BPP_50_200_0.1_0.8_8.C	26	0.400	10.640	0.068
BPP_50_200_0.1_0.8_8.C	25	1.600	10.960	0.068
BPP_50_200_0.1_0.8_8.C	26	0.600	10.760	0.067
BPP_50_200_0.1_0.8_8.C	26	0.600	10.760	0.068
BPP_50_200_0.1_0.8_8.C	25	0.800	10.480	0.071
BPP_50_200_0.1_0.8_8.C	26	0.400	10.640	0.067
BPP_50_200_0.1_0.8_9.C	24	4.800	12.480	0.063
BPP_50_200_0.1_0.8_9.C	24	4.800	12.480	0.064
BPP_50_200_0.1_0.8_9.C	24	4.800	12.480	0.065
BPP_50_200_0.1_0.8_9.C	24	4.800	12.480	0.063
BPP_50_200_0.1_0.8_9.C	24	4.800	12.480	0.063
BPP_50_200_0.1_0.8_9.C	24	4.800	12.480	0.064
BPP_50_200_0.1_0.8_9.C	24	4.800	12.480	0.063
BPP_50_200_0.1_0.8_9.C	24	4.800	12.480	0.065
BPP_50_200_0.1_0.8_9.C	24	4.800	12.480	0.064
BPP_50_200_0.1_0.8_9.C	24	4.800	12.480	0.064
BPP_50_300_0.1_0.8_0.C	26	2.800	12.080	0.068
BPP_50_300_0.1_0.8_0.C	26	2.800	12.080	0.073
BPP_50_300_0.1_0.8_0.C	26	2.800	12.080	0.070
BPP_50_300_0.1_0.8_0.C	26	2.800	12.080	0.070
BPP_50_300_0.1_0.8_0.C	26	2.800	12.080	0.071
BPP_50_300_0.1_0.8_0.C	26	2.800	12.080	0.070
BPP_50_300_0.1_0.8_0.C	26	2.800	12.080	0.072
BPP_50_300_0.1_0.8_0.C	26	2.800	12.080	0.087
BPP_50_300_0.1_0.8_0.C	26	2.800	12.080	0.068
BPP_50_300_0.1_0.8_0.C	25	3.000	11.800	0.068
BPP_50_300_0.1_0.8_1.C	26	3.000	12.200	0.068
BPP_50_300_0.1_0.8_1.C	26	3.000	12.200	0.067
BPP_50_300_0.1_0.8_1.C	26	3.000	12.200	0.070
BPP_50_300_0.1_0.8_1.C	26	2.800	12.080	0.072
BPP_50_300_0.1_0.8_1.C	25	3.400	12.040	0.074
BPP_50_300_0.1_0.8_1.C	26	3.000	12.200	0.069
BPP_50_300_0.1_0.8_1.C	26	3.000	12.200	0.067
BPP_50_300_0.1_0.8_1.C	26	3.000	12.200	0.070
BPP_50_300_0.1_0.8_1.C	26	3.000	12.200	0.069
BPP_50_300_0.1_0.8_1.C	26	3.000	12.200	0.070
BPP_50_300_0.1_0.8_2.C	27	5.400	14.040	0.076
BPP_50_300_0.1_0.8_2.C	27	5.200	13.920	0.075
BPP_50_300_0.1_0.8_2.C	27	4.000	13.200	0.077
BPP_50_300_0.1_0.8_2.C	27	4.600	13.560	0.075
BPP_50_300_0.1_0.8_2.C	27	4.800	13.680	0.075
BPP_50_300_0.1_0.8_2.C	27	4.400	13.440	0.076
BPP_50_300_0.1_0.8_2.C	27	4.200	13.320	0.076
BPP_50_300_0.1_0.8_2.C	27	4.000	13.200	0.075
BPP_50_300_0.1_0.8_2.C	27	4.000	13.200	0.076
BPP_50_300_0.1_0.8_2.C	27	4.600	13.560	0.074
BPP_50_300_0.1_0.8_3.C	27	4.000	13.200	0.071
BPP_50_300_0.1_0.8_3.C	27	3.800	13.080	0.071
BPP_50_300_0.1_0.8_3.C	27	3.600	12.960	0.073
BPP_50_300_0.1_0.8_3.C	26	4.200	12.920	0.073
BPP_50_300_0.1_0.8_3.C	27	3.800	13.080	0.072
BPP_50_300_0.1_0.8_3.C	27	4.000	13.200	0.074
BPP_50_300_0.1_0.8_3.C	27	3.600	12.960	0.072
BPP_50_300_0.1_0.8_3.C	27	4.000	13.200	0.072
BPP_50_300_0.1_0.8_3.C	26	4.400	13.040	0.069
BPP_50_300_0.1_0.8_3.C	27	3.800	13.080	0.071
BPP_50_300_0.1_0.8_4.C	29	5.200	14.720	0.076
BPP_50_300_0.1_0.8_4.C	30	4.000	14.400	0.076
BPP_50_300_0.1_0.8_4.C	29	4.800	14.480	0.076
BPP_50_300_0.1_0.8_4.C	28	5.400	14.440	0.076
BPP_50_300_0.1_0.8_4.C	29	5.000	14.600	0.075
BPP_50_300_0.1_0.8_4.C	29	5.000	14.600	0.075
BPP_50_300_0.1_0.8_4.C	29	5.000	14.600	0.076
BPP_50_300_0.1_0.8_4.C	29	4.400	14.240	0.075
BPP_50_300_0.1_0.8_4.C	29	5.200	14.720	0.077
BPP_50_300_0.1_0.8_4.C	29	5.000	14.600	0.077
BPP_50_300_0.1_0.8_5.C	24	4.000	12.000	0.064
BPP_50_300_0.1_0.8_5.C	23	5.000	12.200	0.065
BPP_50_300_0.1_0.8_5.C	24	4.400	12.240	0.066
BPP_50_300_0.1_0.8_5.C	23	4.800	12.080	0.065
BPP_50_300_0.1_0.8_5.C	24	4.400	12.240	0.064
BPP_50_300_0.1_0.8_5.C	23	5.200	12.320	0.067
BPP_50_300_0.1_0.8_5.C	24	5.000	12.600	0.064
BPP_50_300_0.1_0.8_5.C	23	5.400	12.440	0.065
BPP_50_300_0.1_0.8_5.C	23	5.600	12.560	0.065
BPP_50_300_0.1_0.8_5.C	24	4.400	12.240	0.065
BPP_50_300_0.1_0.8_6.C	22	4.000	11.200	0.063
BPP_50_300_0.1_0.8_6.C	22	4.000	11.200	0.063
BPP_50_300_0.1_0.8_6.C	22	4.000	11.200	0.062
BPP_50_300_0.1_0.8_6.C	22	4.000	11.200	0.062
BPP_50_300_0.1_0.8_6.C	22	4.000	11.200	0.062
BPP_50_300_0.1_0.8_6.C	22	4.000	11.200	0.063
BPP_50_300_0.1_0.8_6.C	22	4.000	11.200	0.062
BPP_50_300_0.1_0.8_6.C	22	4.000	11.200	0.062
BPP_50_300_0.1_0.8_6.C	22	4.000	11.200	0.064
BPP_50_300_0.1_0.8_6.C	22	4.000	11.200	0.065
BPP_50_300_0.1_0.8_7.C	29	3.600	13.760	0.075
BPP_50_300_0.1_0.8_7.C	29	3.800	13.880	0.074
BPP_50_300_0.1_0.8_7.C	29	3.800	13.880	0.075
BPP_50_300_0.1_0.8_7.C	29	3.800	13.880	0.074
BPP_50_300_0.1_0.8_7.C	29	4.000	14.000	0.073
BPP_50_300_0.1_0.8_7.C	28	4.400	13.840	0.074
BPP_50_300_0.1_0.8_7.C	29	4.000	14.000	0.074
BPP_50_300_0.1_0.8_7.C	29	4.000	14.000	0.077
BPP_50_300_0.1_0.8_7.C	30	3.600	14.160	0.074
BPP_50_300_0.1_0.8_7.C	29	2.800	13.280	0.075
BPP_50_300_0.1_0.8_8.C	29	3.000	13.400	0.077
BPP_50_300_0.1_0.8_8.C	29	3.600	13.760	0.078
BPP_50_300_0.1_0.8_8.C	30	3.400	14.040	0.076
BPP_50_300_0.1_0.8_8.C	30	3.400	14.040	0.077
BPP_50_300_0.1_0.8_8.C	29	3.200	13.520	0.076
BPP_50_300_0.1_0.8_8.C	29	3.200	13.520	0.081
BPP_50_300_0.1_0.8_8.C	29	3.200	13.520	0.077
BPP_50_300_0.1_0.8_8.C	29	3.400	13.640	0.075
BPP_50_300_0.1_0.8_8.C	29	3.800	13.880	0.085
BPP_50_300_0.1_0.8_8.C	29	3.600	13.760	0.079
BPP_50_300_0.1_0.8_9.C	29	2.600	13.160	0.076
BPP_50_300_0.1_0.8_9.C	29	2.400	13.040	0.078
BPP_50_300_0.1_0.8_9.C	29	2.400	13.040	0.079
BPP_50_300_0.1_0.8_9.C	29	2.800	13.280	0.077
BPP_50_300_0.1_0.8_9.C	28	3.400	13.240	0.076
BPP_50_300_0.1_0.8_9.C	30	2.200	13.320	0.078
BPP_50_300_0.1_0.8_9.C	28	2.000	12.400	0.075
BPP_50_300_0.1_0.8_9.C	29	3.400	13.640	0.076
BPP_50_300_0.1_0.8_9.C	29	3.200	13.520	0.076
BPP_50_300_0.1_0.8_9.C	29	2.400	13.040	0.076
BPP_50_400_0.1_0.8_0.C	23	0.800	9.680	0.061
BPP_50_400_0.1_0.8_0.C	23	0.800	9.680	0.062
BPP_50_400_0.1_0.8_0.C	23	0.400	9.440	0.062
BPP_50_400_0.1_0.8_0.C	22	1.200	9.520	0.061
BPP_50_400_0.1_0.8_0.C	23	0.800	9.680	0.069
BPP_50_400_0.1_0.8_0.C	23	0.400	9.440	0.060
BPP_50_400_0.1_0.8_0.C	23	0.800	9.680	0.061
BPP_50_400_0.1_0.8_0.C	22	1.000	9.400	0.062
BPP_50_400_0.1_0.8_0.C	23	0.400	9.440	0.062
BPP_50_400_0.1_0.8_0.C	23	0.800	9.680	0.061
BPP_50_400_0.1_0.8_1.C	29	0.600	11.960	0.076
BPP_50_400_0.1_0.8_1.C	29	0.200	11.720	0.076
BPP_50_400_0.1_0.8_1.C	29	0.600	11.960	0.077
BPP_50_400_0.1_0.8_1.C	29	0.600	11.960	0.076
BPP_50_400_0.1_0.8_1.C	29	0.800	12.080	0.077
BPP_50_400_0.1_0.8_1.C	29	0.800	12.080	0.075
BPP_50_400_0.1_0.8_1.C	29	0.600	11.960	0.075
BPP_50_400_0.1_0.8_1.C	30	0.200	12.120	0.077
BPP_50_400_0.1_0.8_1.C	30	0.200	12.120	0.077
BPP_50_400_0.1_0.8_1.C	30	0.200	12.120	0.076
BPP_50_400_0.1_0.8_2.C	24	1.600	10.560	0.069
BPP_50_400_0.1_0.8_2.C	24	1.600	10.560	0.068
BPP_50_400_0.1_0.8_2.C	24	1.600	10.560	0.068
BPP_50_400_0.1_0.8_2.C	24	1.600	10.560	0.067
BPP_50_400_0.1_0.8_2.C	24	1.600	10.560	0.068
BPP_50_400_0.1_0.8_2.C	24	1.600	10.560	0.068
BPP_50_400_0.1_0.8_2.C	24	1.600	10.560	0.066
BPP_50_400_0.1_0.8_2.C	24	1.600	10.560	0.069
BPP_50_400_0.1_0.8_2.C	24	1.600	10.560	0.067
BPP_50_400_0.1_0.8_2.C	24	1.600	10.560	0.067
BPP_50_400_0.1_0.8_3.C	26	3.200	12.320	0.064
BPP_50_400_0.1_0.8_3.C	26	3.200	12.320	0.063
BPP_50_400_0.1_0.8_3.C	25	3.400	12.040	0.064
BPP_50_400_0.1_0.8_3.C	25	3.400	12.040	0.064
BPP_50_400_0.1_0.8_3.C	25	3.400	12.040	0.065
BPP_50_400_0.1_0.8_3.C	25	2.200	11.320	0.063
BPP_50_400_0.1_0.8_3.C	25	3.400	12.040	0.063
BPP_50_400_0.1_0.8_3.C	25	3.400	12.040	0.064
BPP_50_400_0.1_0.8_3.C	25	3.400	12.040	0.066
BPP_50_400_0.1_0.8_3.C	25	3.400	12.040	0.064
BPP_50_400_0.1_0.8_4.C	22	1.600	9.760	0.061
BPP_50_400_0.1_0.8_4.C	22	1.400	9.640	0.061
BPP_50_400_0.1_0.8_4.C	22	2.600	10.360	0.066
BPP_50_400_0.1_0.8_4.C	23	1.200	9.920	0.063
BPP_50_400_0.1_0.8_4.C	22	2.400	10.240	0.061
BPP_50_400_0.1_0.8_4.C	22	2.600	10.360	0.061
BPP_50_400_0.1_0.8_4.C	23	1.200	9.920	0.061
BPP_50_400_0.1_0.8_4.C	22	1.400	9.640	0.061
BPP_50_400_0.1_0.8_4.C	22	2.600	10.360	0.062
BPP_50_400_0.1_0.8_4.C	22	2.800	10.480	0.065
BPP_50_400_0.1_0.8_5.C	29	3.600	13.760	0.071
BPP_50_400_0.1_0.8_5.C	28	4.000	13.600	0.070
BPP_50_400_0.1_0.8_5.C	28	4.000	13.600	0.071
BPP_50_400_0.1_0.8_5.C	29	3.600	13.760	0.072
BPP_50_400_0.1_0.8_5.C	29	3.600	13.760	0.070
BPP_50_400_0.1_0.8_5.C	29	3.600	13.760	0.071
BPP_50_400_0.1_0.8_5.C	28	4.000	13.600	0.070
BPP_50_400_0.1_0.8_5.C	28	4.200	13.720	0.070
BPP_50_400_0.1_0.8_5.C	28	4.000	13.600	0.070
BPP_50_400_0.1_0.8_5.C	28	3.800	13.480	0.071
BPP_50_400_0.1_0.8_6.C	27	8.400	15.840	0.073
BPP_50_400_0.1_0.8_6.C	26	9.000	15.800	0.073
BPP_50_400_0.1_0.8_6.C	27	8.400	15.840	0.077
BPP_50_400_0.1_0.8_6.C	27	8.400	15.840	0.073
BPP_50_400_0.1_0.8_6.C	27	8.400	15.840	0.072
BPP_50_400_0.1_0.8_6.C	27	8.200	15.720	0.075
BPP_50_400_0.1_0.8_6.C	27	8.400	15.840	0.074
BPP_50_400_0.1_0.8_6.C	26	9.000	15.800	0.072
BPP_50_400_0.1_0.8_6.C	27	8.400	15.840	0.074
BPP_50_400_0.1_0.8_6.C	27	8.400	15.840	0.072
BPP_50_400_0.1_0.8_7.C	25	1.400	10.840	0.070
BPP_50_400_0.1_0.8_7.C	25	1.400	10.840	0.068
BPP_50_400_0.1_0.8_7.C	25	1.400	10.840	0.069
BPP_50_400_0.1_0.8_7.C	25	1.400	10.840	0.069
BPP_50_400_0.1_0.8_7.C	25	1.400	10.840	0.070
BPP_50_400_0.1_0.8_7.C	25	1.400	10.840	0.070
BPP_50_400_0.1_0.8_7.C	25	1.400	10.840	0.069
BPP_50_400_0.1_0.8_7.C	25	1.400	10.840	0.069
BPP_50_400_0.1_0.8_7.C	25	1.400	10.840	0.068
BPP_50_400_0.1_0.8_7.C	25	1.400	10.840	0.069
BPP_50_400_0.1_0.8_8.C	30	6.400	15.840	0.081
BPP_50_400_0.1_0.8_8.C	30	6.200	15.720	0.080
BPP_50_400_0.1_0.8_8.C	30	6.200	15.720	0.082
BPP_50_400_0.1_0.8_8.C	30	6.400	15.840	0.080
BPP_50_400_0.1_0.8_8.C	30	6.800	16.080	0.079
BPP_50_400_0.1_0.8_8.C	31	6.400	16.240	0.080
BPP_50_400_0.1_0.8_8.C	30	6.600	15.960	0.079
BPP_50_400_0.1_0.8_8.C	31	6.400	16.240	0.081
BPP_50_400_0.1_0.8_8.C	30	6.400	15.840	0.081
BPP_50_400_0.1_0.8_8.C	30	6.400	15.840	0.079
BPP_50_400_0.1_0.8_9.C	26	7.200	14.720	0.073
BPP_50_400_0.1_0.8_9.C	27	6.000	14.400	0.073
BPP_50_400_0.1_0.8_9.C	26	7.400	14.840	0.070
BPP_50_400_0.1_0.8_9.C	26	7.200	14.720	0.071
BPP_50_400_0.1_0.8_9.C	26	7.600	14.960	0.071
BPP_50_400_0.1_0.8_9.C	26	7.000	14.600	0.072
BPP_50_400_0.1_0.8_9.C	27	6.000	14.400	0.072
BPP_50_400_0.1_0.8_9.C	26	7.600	14.960	0.070
BPP_50_400_0.1_0.8_9.C	26	6.000	14.000	0.073
BPP_50_400_0.1_0.8_9.C	26	7.400	14.840	0.071
BPP_50_500_0.1_0.8_0.C	27	2.600	12.360	0.069
BPP_50_500_0.1_0.8_0.C	26	3.000	12.200	0.069
BPP_50_500_0.1_0.8_0.C	26	3.200	12.320	0.069
BPP_50_500_0.1_0.8_0.C	26	2.800	12.080	0.067
BPP_50_500_0.1_0.8_0.C	26	3.200	12.320	0.068
BPP_50_500_0.1_0.8_0.C	26	2.800	12.080	0.068
BPP_50_500_0.1_0.8_0.C	26	3.200	12.320	0.069
BPP_50_500_0.1_0.8_0.C	26	3.200	12.320	0.069
BPP_50_500_0.1_0.8_0.C	26	3.000	12.200	0.069
BPP_50_500_0.1_0.8_0.C	27	2.800	12.480	0.068
BPP_50_500_0.1_0.8_1.C	26	0.800	10.880	0.071
BPP_50_500_0.1_0.8_1.C	25	1.000	10.600	0.070
BPP_50_500_0.1_0.8_1.C	26	-0.000	10.400	0.070
BPP_50_500_0.1_0.8_1.C	25	1.200	10.720	0.070
BPP_50_500_0.1_0.8_1.C	25	1.000	10.600	0.071
BPP_50_500_0.1_0.8_1.C	26	0.600	10.760	0.074
BPP_50_500_0.1_0.8_1.C	25	0.800	10.480	0.071
BPP_50_500_0.1_0.8_1.C	25	0.600	10.360	0.070
BPP_50_500_0.1_0.8_1.C	25	0.800	10.480	0.070
BPP_50_500_0.1_0.8_1.C	25	1.400	10.840	0.070
BPP_50_500_0.1_0.8_2.C	27	1.200	11.520	0.070
BPP_50_500_0.1_0.8_2.C	27	1.200	11.520	0.070
BPP_50_500_0.1_0.8_2.C	27	1.200	11.520	0.069
BPP_50_500_0.1_0.8_2.C	27	1.200	11.520	0.071
BPP_50_500_0.1_0.8_2.C	27	1.200	11.520	0.070
BPP_50_500_0.1_0.8_2.C	27	1.200	11.520	0.069
BPP_50_500_0.1_0.8_2.C	27	1.200	11.520	0.070
BPP_50_500_0.1_0.8_2.C	27	1.200	11.520	0.072
BPP_50_500_0.1_0.8_2.C	27	1.200	11.520	0.072
BPP_50_500_0.1_0.8_2.C	27	1.200	11.520	0.070
BPP_50_500_0.1_0.8_3.C	23	4.400	11.840	0.063
BPP_50_500_0.1_0.8_3.C	24	4.200	12.120	0.064
BPP_50_500_0.1_0.8_3.C	24	4.000	12.000	0.063
BPP_50_500_0.1_0.8_3.C	23	4.800	12.080	0.063
BPP_50_500_0.1_0.8_3.C	24	4.200	12.120	0.064
BPP_50_500_0.1_0.8_3.C	23	4.200	11.720	0.063
BPP_50_500_0.1_0.8_3.C	24	3.800	11.880	0.064
BPP_50_500_0.1_0.8_3.C	23	4.400	11.840	0.063
BPP_50_500_0.1_0.8_3.C	24	4.400	12.240	0.063
BPP_50_500_0.1_0.8_3.C	24	4.200	12.120	0.063
BPP_50_500_0.1_0.8_4.C	23	2.000	10.400	0.060
BPP_50_500_0.1_0.8_4.C	23	1.800	10.280	0.061
BPP_50_500_0.1_0.8_4.C	23	1.800	10.280	0.063
BPP_50_500_0.1_0.8_4.C	23	1.600	10.160	0.060
BPP_50_500_0.1_0.8_4.C	22	2.000	10.000	0.061
BPP_50_500_0.1_0.8_4.C	23	2.000	10.400	0.063
BPP_50_500_0.1_0.8_4.C	23	2.000	10.400	0.060
BPP_50_500_0.1_0.8_4.C	22	2.400	10.240	0.062
BPP_50_500_0.1_0.8_4.C	23	2.000	10.400	0.062
BPP_50_500_0.1_0.8_4.C	23	2.000	10.400	0.061
BPP_50_500_0.1_0.8_5.C	27	3.200	12.720	0.071
BPP_50_500_0.1_0.8_5.C	27	3.400	12.840	0.071
BPP_50_500_0.1_0.8_5.C	27	3.200	12.720	0.070
BPP_50_500_0.1_0.8_5.C	27	3.400	12.840	0.071
BPP_50_500_0.1_0.8_5.C	28	2.800	12.880	0.072
BPP_50_500_0.1_0.8_5.C	27	3.400	12.840	0.071
BPP_50_500_0.1_0.8_5.C	27	3.400	12.840	0.070
BPP_50_500_0.1_0.8_5.C	27	3.200	12.720	0.070
BPP_50_500_0.1_0.8_5.C	27	3.000	12.600	0.072
BPP_50_500_0.1_0.8_5.C	27	3.400	12.840	0.071
BPP_50_500_0.1_0.8_6.C	23	1.400	10.040	0.062
BPP_50_500_0.1_0.8_6.C	24	0.800	10.080	0.063
BPP_50_500_0.1_0.8_6.C	23	1.400	10.040	0.064
BPP_50_500_0.1_0.8_6.C	24	0.800	10.080	0.064
BPP_50_500_0.1_0.8_6.C	23	1.200	9.920	0.063
BPP_50_500_0.1_0.8_6.C	23	0.800	9.680	0.063
BPP_50_500_0.1_0.8_6.C	23	1.400	10.040	0.062
BPP_50_500_0.1_0.8_6.C	23	1.200	9.920	0.063
BPP_50_500_0.1_0.8_6.C	24	0.800	10.080	0.065
BPP_50_500_0.1_0.8_6.C	24	0.800	10.080	0.061
BPP_50_500_0.1_0.8_7.C	28	2.000	12.400	0.068
BPP_50_500_0.1_0.8_7.C	28	1.800	12.280	0.069
BPP_50_500_0.1_0.8_7.C	27	2.800	12.480	0.070
BPP_50_500_0.1_0.8_7.C	28	2.400	12.640	0.071
BPP_50_500_0.1_0.8_7.C	27	2.600	12.360	0.070
BPP_50_500_0.1_0.8_7.C	27	2.400	12.240	0.071
BPP_50_500_0.1_0.8_7.C	28	2.200	12.520	0.072
BPP_50_500_0.1_0.8_7.C	27	2.600	12.360	0.070
BPP_50_500_0.1_0.8_7.C	28	2.400	12.640	0.069
BPP_50_500_0.1_0.8_7.C	28	1.800	12.280	0.071
BPP_50_500_0.1_0.8_8.C	27	2.200	12.120	0.072
BPP_50_500_0.1_0.8_8.C	28	1.800	12.280	0.072
BPP_50_500_0.1_0.8_8.C	28	2.000	12.400	0.073
BPP_50_500_0.1_0.8_8.C	28	1.800	12.280	0.071
BPP_50_500_0.1_0.8_8.C	28	2.000	12.400	0.071
BPP_50_500_0.1_0.8_8.C	28	1.800	12.280	0.073
BPP_50_500_0.1_0.8_8.C	28	2.000	12.400	0.071
BPP_50_500_0.1_0.8_8.C	28	2.000	12.400	0.072
BPP_50_500_0.1_0.8_8.C	28	1.800	12.280	0.072
BPP_50_500_0.1_0.8_8.C	27	2.400	12.240	0.072
BPP_50_500_0.1_0.8_9.C	26	0.800	10.880	0.068
BPP_50_500_0.1_0.8_9.C	27	0.800	11.280	0.069
BPP_50_500_0.1_0.8_9.C	26	0.800	10.880	0.068
BPP_50_500_0.1_0.8_9.C	26	0.800	10.880	0.070
BPP_50_500_0.1_0.8_9.C	26	0.800	10.880	0.069
BPP_50_500_0.1_0.8_9.C	27	0.800	11.280	0.070
BPP_50_500_0.1_0.8_9.C	27	0.800	11.280	0.072
BPP_50_500_0.1_0.8_9.C	26	1.000	11.000	0.070
BPP_50_500_0.1_0.8_9.C	26	1.000	11.000	0.072
BPP_50_500_0.1_0.8_9.C	26	0.800	10.880	0.069
BPP_50_50_0.1_0.8_0.C	25	3.400	12.040	0.070
BPP_50_50_0.1_0.8_0.C	25	3.600	12.160	0.069
BPP_50_50_0.1_0.8_0.C	25	3.200	11.920	0.070
BPP_50_50_0.1_0.8_0.C	25	3.400	12.040	0.070
BPP_50_50_0.1_0.8_0.C	26	3.400	12.440	0.071
BPP_50_50_0.1_0.8_0.C	25	3.800	12.280	0.070
BPP_50_50_0.1_0.8_0.C	25	3.200	11.920	0.073
BPP_50_50_0.1_0.8_0.C	26	2.800	12.080	0.069
BPP_50_50_0.1_0.8_0.C	25	4.000	12.400	0.069
BPP_50_50_0.1_0.8_0.C	26	2.800	12.080	0.072
BPP_50_50_0.1_0.8_1.C	29	1.600	12.560	0.080
BPP_50_50_0.1_0.8_1.C	29	1.400	12.440	0.078
BPP_50_50_0.1_0.8_1.C	29	1.200	12.320	0.076
BPP_50_50_0.1_0.8_1.C	29	1.200	12.320	0.078
BPP_50_50_0.1_0.8_1.C	29	1.600	12.560	0.084
BPP_50_50_0.1_0.8_1.C	29	1.200	12.320	0.077
BPP_50_50_0.1_0.8_1.C	29	1.400	12.440	0.076
BPP_50_50_0.1_0.8_1.C	29	1.200	12.320	0.078
BPP_50_50_0.1_0.8_1.C	29	1.400	12.440	0.080
BPP_50_50_0.1_0.8_1.C	29	1.200	12.320	0.080
BPP_50_50_0.1_0.8_2.C	27	3.000	12.600	0.072
BPP_50_50_0.1_0.8_2.C	27	2.800	12.480	0.071
BPP_50_50_0.1_0.8_2.C	28	2.400	12.640	0.072
BPP_50_50_0.1_0.8_2.C	27	3.200	12.720	0.070
BPP_50_50_0.1_0.8_2.C	27	2.600	12.360	0.070
BPP_50_50_0.1_0.8_2.C	27	3.000	12.600	0.071
BPP_50_50_0.1_0.8_2.C	27	3.000	12.600	0.071
BPP_50_50_0.1_0.8_2.C	27	2.800	12.480	0.072
BPP_50_50_0.1_0.8_2.C	27	2.800	12.480	0.072
BPP_50_50_0.1_0.8_2.C	28	2.400	12.640	0.071
BPP_50_50_0.1_0.8_3.C	22	1.600	9.760	0.061
BPP_50_50_0.1_0.8_3.C	22	1.600	9.760	0.061
BPP_50_50_0.1_0.8_3.C	22	1.600	9.760	0.060
BPP_50_50_0.1_0.8_3.C	22	1.600	9.760	0.068
BPP_50_50_0.1_0.8_3.C	22	1.600	9.760	0.062
BPP_50_50_0.1_0.8_3.C	22	1.600	9.760	0.062
BPP_50_50_0.1_0.8_3.C	22	1.600	9.760	0.062
BPP_50_50_0.1_0.8_3.C	22	1.600	9.760	0.062
BPP_50_50_0.1_0.8_3.C	22	1.600	9.760	0.062
BPP_50_50_0.1_0.8_3.C	22	1.600	9.760	0.062
BPP_50_50_0.1_0.8_4.C	25	4.200	12.520	0.070
BPP_50_50_0.1_0.8_4.C	26	4.000	12.800	0.070
BPP_50_50_0.1_0.8_4.C	26	4.000	12.800	0.068
BPP_50_50_0.1_0.8_4.C	26	4.000	12.800	0.068
BPP_50_50_0.1_0.8_4.C	26	4.000	12.800	0.069
BPP_50_50_0.1_0.8_4.C	26	4.000	12.800	0.068
BPP_50_50_0.1_0.8_4.C	26	4.000	12.800	0.067
BPP_50_50_0.1_0.8_4.C	26	4.000	12.800	0.068
BPP_50_50_0.1_0.8_4.C	26	4.200	12.920	0.068
BPP_50_50_0.1_0.8_4.C	26	4.200	12.920	0.067
BPP_50_50_0.1_0.8_5.C	26	2.800	12.080	0.073
BPP_50_50_0.1_0.8_5.C	26	2.800	12.080	0.074
BPP_50_50_0.1_0.8_5.C	26	2.800	12.080	0.073
BPP_50_50_0.1_0.8_5.C	26	2.800	12.080	0.072
BPP_50_50_0.1_0.8_5.C	26	2.800	12.080	0.074
BPP_50_50_0.1_0.8_5.C	26	2.800	12.080	0.072
BPP_50_50_0.1_0.8_5.C	26	2.800	12.080	0.074
BPP_50_50_0.1_0.8_5.C	26	2.800	12.080	0.075
BPP_50_50_0.1_0.8_5.C	26	2.800	12.080	0.073
BPP_50_50_0.1_0.8_5.C	26	2.600	11.960	0.073
BPP_50_50_0.1_0.8_6.C	25	4.200	12.520	0.069
BPP_50_50_0.1_0.8_6.C	25	4.000	12.400	0.066
BPP_50_50_0.1_0.8_6.C	25	4.200	12.520	0.067
BPP_50_50_0.1_0.8_6.C	25	4.200	12.520	0.068
BPP_50_50_0.1_0.8_6.C	24	4.200	12.120	0.068
BPP_50_50_0.1_0.8_6.C	25	4.200	12.520	0.066
BPP_50_50_0.1_0.8_6.C	25	4.000	12.400	0.067
BPP_50_50_0.1_0.8_6.C	25	4.000	12.400	0.066
BPP_50_50_0.1_0.8_6.C	25	4.200	12.520	0.068
BPP_50_50_0.1_0.8_6.C	25	4.200	12.520	0.070
BPP_50_50_0.1_0.8_7.C	27	5.200	13.920	0.072
BPP_50_50_0.1_0.8_7.C	27	4.800	13.680	0.070
BPP_50_50_0.1_0.8_7.C	26	5.200	13.520	0.069
BPP_50_50_0.1_0.8_7.C	26	4.600	13.160	0.070
BPP_50_50_0.1_0.8_7.C	26	5.000	13.400	0.073
BPP_50_50_0.1_0.8_7.C	26	5.200	13.520	0.070
BPP_50_50_0.1_0.8_7.C	26	5.600	13.760	0.070
BPP_50_50_0.1_0.8_7.C	26	4.800	13.280	0.071
BPP_50_50_0.1_0.8_7.C	27	4.400	13.440	0.069
BPP_50_50_0.1_0.8_7.C	27	4.800	13.680	0.068
BPP_50_50_0.1_0.8_8.C	25	4.000	12.400	0.067
BPP_50_50_0.1_0.8_8.C	24	4.400	12.240	0.068
BPP_50_50_0.1_0.8_8.C	24	4.400	12.240	0.065
BPP_50_50_0.1_0.8_8.C	25	4.000	12.400	0.068
BPP_50_50_0.1_0.8_8.C	25	4.000	12.400	0.069
BPP_50_50_0.1_0.8_8.C	25	4.000	12.400	0.066
BPP_50_50_0.1_0.8_8.C	25	4.000	12.400	0.067
BPP_50_50_0.1_0.8_8.C	25	4.000	12.400	0.066
BPP_50_50_0.1_0.8_8.C	25	4.000	12.400	0.066
BPP_50_50_0.1_0.8_8.C	25	4.000	12.400	0.067
BPP_50_50_0.1_0.8_9.C	26	5.000	13.400	0.073
BPP_50_50_0.1_0.8_9.C	26	5.000	13.400	0.072
BPP_50_50_0.1_0.8_9.C	26	5.800	13.880	0.069
BPP_50_50_0.1_0.8_9.C	26	5.400	13.640	0.070
BPP_50_50_0.1_0.8_9.C	26	5.000	13.400	0.070
BPP_50_50_0.1_0.8_9.C	26	5.000	13.400	0.069
BPP_50_50_0.1_0.8_9.C	26	5.000	13.400	0.072
BPP_50_50_0.1_0.8_9.C	26	5.200	13.520	0.071
BPP_50_50_0.1_0.8_9.C	26	5.000	13.400	0.072
BPP_50_50_0.1_0.8_9.C	26	5.400	13.640	0.072
BPP_50_750_0.1_0.8_0.C	31	5.000	15.400	0.081
BPP_50_750_0.1_0.8_0.C	31	5.000	15.400	0.081
BPP_50_750_0.1_0.8_0.C	31	5.000	15.400	0.082
BPP_50_750_0.1_0.8_0.C	31	4.800	15.280	0.079
BPP_50_750_0.1_0.8_0.C	31	4.800	15.280	0.080
BPP_50_750_0.1_0.8_0.C	31	5.000	15.400	0.079
BPP_50_750_0.1_0.8_0.C	31	5.200	15.520	0.086
BPP_50_750_0.1_0.8_0.C	31	5.000	15.400	0.081
BPP_50_750_0.1_0.8_0.C	31	5.000	15.400	0.082
BPP_50_750_0.1_0.8_0.C	31	5.000	15.400	0.081
BPP_50_750_0.1_0.8_1.C	24	6.000	13.200	0.065
BPP_50_750_0.1_0.8_1.C	24	5.400	12.840	0.066
BPP_50_750_0.1_0.8_1.C	24	6.200	13.320	0.065
BPP_50_750_0.1_0.8_1.C	24	6.200	13.320	0.064
BPP_50_750_0.1_0.8_1.C	24	6.400	13.440	0.065
BPP_50_750_0.1_0.8_1.C	24	6.200	13.320	0.066
BPP_50_750_0.1_0.8_1.C	24	6.200	13.320	0.066
BPP_50_750_0.1_0.8_1.C	24	6.000	13.200	0.066
BPP_50_750_0.1_0.8_1.C	24	5.800	13.080	0.066
BPP_50_750_0.1_0.8_1.C	24	4.600	12.360	0.065
BPP_50_750_0.1_0.8_2.C	27	0.000	10.800	0.074
BPP_50_750_0.1_0.8_2.C	27	0.000	10.800	0.074
BPP_50_750_0.1_0.8_2.C	27	0.000	10.800	0.074
BPP_50_750_0.1_0.8_2.C	27	0.000	10.800	0.073
BPP_50_750_0.1_0.8_2.C	27	0.000	10.800	0.072
BPP_50_750_0.1_0.8_2.C	27	0.000	10.800	0.071
BPP_50_750_0.1_0.8_2.C	27	0.000	10.800	0.072
BPP_50_750_0.1_0.8_2.C	27	0.000	10.800	0.073
BPP_50_750_0.1_0.8_2.C	27	0.000	10.800	0.073
BPP_50_750_0.1_0.8_2.C	27	0.000	10.800	0.075
BPP_50_750_0.1_0.8_3.C	26	-0.000	10.400	0.071
BPP_50_750_0.1_0.8_3.C	26	-0.000	10.400	0.072
BPP_50_750_0.1_0.8_3.C	26	-0.000	10.400	0.070
BPP_50_750_0.1_0.8_3.C	26	-0.000	10.400	0.071
BPP_50_750_0.1_0.8_3.C	26	-0.000	10.400	0.069
BPP_50_750_0.1_0.8_3.C	26	-0.000	10.400	0.070
BPP_50_750_0.1_0.8_3.C	26	-0.000	10.400	0.070
BPP_50_750_0.1_0.8_3.C	26	-0.000	10.400	0.069
BPP_50_750_0.1_0.8_3.C	26	-0.000	10.400	0.071
BPP_50_750_0.1_0.8_3.C	26	-0.000	10.400	0.069
BPP_50_750_0.1_0.8_4.C	25	-0.000	10.000	0.067
BPP_50_750_0.1_0.8_4.C	26	-0.000	10.400	0.068
BPP_50_750_0.1_0.8_4.C	26	-0.000	10.400	0.067
BPP_50_750_0.1_0.8_4.C	26	-0.000	10.400	0.068
BPP_50_750_0.1_0.8_4.C	25	0.200	10.120	0.068
BPP_50_750_0.1_0.8_4.C	25	0.000	10.000	0.067
BPP_50_750_0.1_0.8_4.C	26	-0.000	10.400	0.068
BPP_50_750_0.1_0.8_4.C	26	-0.000	10.400	0.066
BPP_50_750_0.1_0.8_4.C	25	0.400	10.240	0.068
BPP_50_750_0.1_0.8_4.C	25	0.200	10.120	0.068
BPP_50_750_0.1_0.8_5.C	27	0.200	10.920	0.072
BPP_50_750_0.1_0.8_5.C	27	0.000	10.800	0.073
BPP_50_750_0.1_0.8_5.C	27	0.000	10.800	0.073
BPP_50_750_0.1_0.8_5.C	26	-0.000	10.400	0.073
BPP_50_750_0.1_0.8_5.C	27	0.000	10.800	0.072
BPP_50_750_0.1_0.8_5.C	27	0.200	10.920	0.071
BPP_50_750_0.1_0.8_5.C	27	0.000	10.800	0.073
BPP_50_750_0.1_0.8_5.C	27	0.000	10.800	0.072
BPP_50_750_0.1_0.8_5.C	27	0.000	10.800	0.072
BPP_50_750_0.1_0.8_5.C	27	0.200	10.920	0.075
BPP_50_750_0.1_0.8_6.C	26	-0.000	10.400	0.071
BPP_50_750_0.1_0.8_6.C	26	0.600	10.760	0.072
BPP_50_750_0.1_0.8_6.C	26	0.600	10.760	0.071
BPP_50_750_0.1_0.8_6.C	26	0.400	10.640	0.072
BPP_50_750_0.1_0.8_6.C	26	0.200	10.520	0.071
BPP_50_750_0.1_0.8_6.C	27	0.000	10.800	0.071
BPP_50_750_0.1_0.8_6.C	26	0.200	10.520	0.072
BPP_50_750_0.1_0.8_6.C	26	0.200	10.520	0.070
BPP_50_750_0.1_0.8_6.C	26	-0.000	10.400	0.070
BPP_50_750_0.1_0.8_6.C	26	-0.000	10.400	0.069
BPP_50_750_0.1_0.8_7.C	28	2.600	12.760	0.073
BPP_50_750_0.1_0.8_7.C	28	2.800	12.880	0.072
BPP_50_750_0.1_0.8_7.C	28	2.800	12.880	0.071
BPP_50_750_0.1_0.8_7.C	28	2.600	12.760	0.073
BPP_50_750_0.1_0.8_7.C	28	2.800	12.880	0.072
BPP_50_750_0.1_0.8_7.C	28	3.000	13.000	0.074
BPP_50_750_0.1_0.8_7.C	28	2.800	12.880	0.074
BPP_50_750_0.1_0.8_7.C	27	3.200	12.720	0.073
BPP_50_750_0.1_0.8_7.C	28	3.000	13.000	0.071
BPP_50_750_0.1_0.8_7.C	28	3.000	13.000	0.072
BPP_50_750_0.1_0.8_8.C	26	0.600	10.760	0.066
BPP_50_750_0.1_0.8_8.C	26	0.800	10.880	0.067
BPP_50_750_0.1_0.8_8.C	26	0.600	10.760	0.066
BPP_50_750_0.1_0.8_8.C	26	0.600	10.760	0.065
BPP_50_750_0.1_0.8_8.C	26	0.800	10.880	0.065
BPP_50_750_0.1_0.8_8.C	26	0.800	10.880	0.067
BPP_50_750_0.1_0.8_8.C	27	0.400	11.040	0.066
BPP_50_750_0.1_0.8_8.C	26	0.800	10.880	0.066
BPP_50_750_0.1_0.8_8.C	26	0.600	10.760	0.068
BPP_50_750_0.1_0.8_8.C	26	0.600	10.760	0.066
BPP_50_750_0.1_0.8_9.C	22	0.200	8.920	0.060
BPP_50_750_0.1_0.8_9.C	22	0.200	8.920	0.060
BPP_50_750_0.1_0.8_9.C	22	0.200	8.920	0.062
BPP_50_750_0.1_0.8_9.C	22	0.200	8.920	0.061
BPP_50_750_0.1_0.8_9.C	22	0.200	8.920	0.058
BPP_50_750_0.1_0.8_9.C	22	0.200	8.920	0.060
BPP_50_750_0.1_0.8_9.C	22	0.200	8.920	0.059
BPP_50_750_0.1_0.8_9.C	22	0.200	8.920	0.061
BPP_50_750_0.1_0.8_9.C	22	0.200	8.920	0.061
BPP_50_750_0.1_0.8_9.C	22	0.200	8.920	0.060
BPP_50_75_0.1_0.8_0.C	28	0.400	11.440	0.072
BPP_50_75_0.1_0.8_0.C	28	0.400	11.440	0.073
BPP_50_75_0.1_0.8_0.C	27	0.800	11.280	0.073
BPP_50_75_0.1_0.8_0.C	28	0.200	11.320	0.075
BPP_50_75_0.1_0.8_0.C	28	0.400	11.440	0.072
BPP_50_75_0.1_0.8_0.C	28	0.400	11.440	0.073
BPP_50_75_0.1_0.8_0.C	27	0.400	11.040	0.072
BPP_50_75_0.1_0.8_0.C	27	0.400	11.040	0.073
BPP_50_75_0.1_0.8_0.C	27	0.600	11.160	0.072
BPP_50_75_0.1_0.8_0.C	27	0.200	10.920	0.072
BPP_50_75_0.1_0.8_1.C	30	2.000	13.200	0.078
BPP_50_75_0.1_0.8_1.C	30	2.000	13.200	0.077
BPP_50_75_0.1_0.8_1.C	30	2.200	13.320	0.079
BPP_50_75_0.1_0.8_1.C	30	1.800	13.080	0.077
BPP_50_75_0.1_0.8_1.C	29	3.000	13.400	0.077
BPP_50_75_0.1_0.8_1.C	30	2.200	13.320	0.077
BPP_50_75_0.1_0.8_1.C	30	2.400	13.440	0.076
BPP_50_75_0.1_0.8_1.C	29	2.400	13.040	0.078
BPP_50_75_0.1_0.8_1.C	30	2.000	13.200	0.078
BPP_50_75_0.1_0.8_1.C	29	2.200	12.920	0.077
BPP_50_75_0.1_0.8_2.C	24	2.200	10.920	0.063
BPP_50_75_0.1_0.8_2.C	24	2.800	11.280	0.064
BPP_50_75_0.1_0.8_2.C	24	1.800	10.680	0.063
BPP_50_75_0.1_0.8_2.C	24	2.600	11.160	0.064
BPP_50_75_0.1_0.8_2.C	24	2.200	10.920	0.063
BPP_50_75_0.1_0.8_2.C	24	2.000	10.800	0.063
BPP_50_75_0.1_0.8_2.C	25	2.000	11.200	0.063
BPP_50_75_0.1_0.8_2.C	24	1.800	10.680	0.063
BPP_50_75_0.1_0.8_2.C	24	1.800	10.680	0.065
BPP_50_75_0.1_0.8_2.C	24	2.800	11.280	0.065
BPP_50_75_0.1_0.8_3.C	23	7.000	13.400	0.066
BPP_50_75_0.1_0.8_3.C	23	7.000	13.400	0.066
BPP_50_75_0.1_0.8_3.C	24	6.600	13.560	0.066
BPP_50_75_0.1_0.8_3.C	24	6.600	13.560	0.068
BPP_50_75_0.1_0.8_3.C	24	6.400	13.440	0.068
BPP_50_75_0.1_0.8_3.C	24	6.600	13.560	0.065
BPP_50_75_0.1_0.8_3.C	24	6.400	13.440	0.066
BPP_50_75_0.1_0.8_3.C	23	7.000	13.400	0.066
BPP_50_75_0.1_0.8_3.C	24	6.600	13.560	0.066
BPP_50_75_0.1_0.8_3.C	24	6.600	13.560	0.066
BPP_50_75_0.1_0.8_4.C	30	5.600	15.360	0.074
BPP_50_75_0.1_0.8_4.C	30	5.600	15.360	0.074
BPP_50_75_0.1_0.8_4.C	30	5.600	15.360	0.074
BPP_50_75_0.1_0.8_4.C	29	6.000	15.200	0.075
BPP_50_75_0.1_0.8_4.C	30	5.600	15.360	0.074
BPP_50_75_0.1_0.8_4.C	30	5.600	15.360	0.073
BPP_50_75_0.1_0.8_4.C	30	5.600	15.360	0.073
BPP_50_75_0.1_0.8_4.C	29	5.600	14.960	0.073
BPP_50_75_0.1_0.8_4.C	30	5.600	15.360	0.073
BPP_50_75_0.1_0.8_4.C	29	5.600	14.960	0.074
BPP_50_75_0.1_0.8_5.C	28	1.800	12.280	0.074
BPP_50_75_0.1_0.8_5.C	28	1.600	12.160	0.074
BPP_50_75_0.1_0.8_5.C	27	2.400	12.240	0.074
BPP_50_75_0.1_0.8_5.C	27	1.800	11.880	0.074
BPP_50_75_0.1_0.8_5.C	28	1.600	12.160	0.078
BPP_50_75_0.1_0.8_5.C	27	2.000	12.000	0.082
BPP_50_75_0.1_0.8_5.C	28	1.600	12.160	0.073
BPP_50_75_0.1_0.8_5.C	28	1.800	12.280	0.072
BPP_50_75_0.1_0.8_5.C	28	1.600	12.160	0.074
BPP_50_75_0.1_0.8_5.C	27	2.000	12.000	0.074
BPP_50_75_0.1_0.8_6.C	24	1.200	10.320	0.065
BPP_50_75_0.1_0.8_6.C	23	1.600	10.160	0.063
BPP_50_75_0.1_0.8_6.C	23	1.000	9.800	0.064
BPP_50_75_0.1_0.8_6.C	23	1.600	10.160	0.064
BPP_50_75_0.1_0.8_6.C	23	1.400	10.040	0.066
BPP_50_75_0.1_0.8_6.C	23	2.000	10.400	0.064
BPP_50_75_0.1_0.8_6.C	23	1.400	10.040	0.064
BPP_50_75_0.1_0.8_6.C	23	1.400	10.040	0.064
BPP_50_75_0.1_0.8_6.C	23	1.400	10.040	0.063
BPP_50_75_0.1_0.8_6.C	23	1.400	10.040	0.065
BPP_50_75_0.1_0.8_7.C	24	1.600	10.560	0.064
BPP_50_75_0.1_0.8_7.C	24	1.600	10.560	0.065
BPP_50_75_0.1_0.8_7.C	24	1.600	10.560	0.065
BPP_50_75_0.1_0.8_7.C	24	1.600	10.560	0.066
BPP_50_75_0.1_0.8_7.C	24	1.200	10.320	0.064
BPP_50_75_0.1_0.8_7.C	24	1.600	10.560	0.065
BPP_50_75_0.1_0.8_7.C	24	1.600	10.560	0.065
BPP_50_75_0.1_0.8_7.C	24	1.000	10.200	0.065
BPP_50_75_0.1_0.8_7.C	24	1.200	10.320	0.064
BPP_50_75_0.1_0.8_7.C	24	1.600	10.560	0.065
BPP_50_75_0.1_0.8_8.C	22	0.600	9.160	0.063
BPP_50_75_0.1_0.8_8.C	22	0.600	9.160	0.060
BPP_50_75_0.1_0.8_8.C	22	0.600	9.160	0.058
BPP_50_75_0.1_0.8_8.C	22	0.600	9.160	0.059
BPP_50_75_0.1_0.8_8.C	22	0.600	9.160	0.058
BPP_50_75_0.1_0.8_8.C	22	0.600	9.160	0.057
BPP_50_75_0.1_0.8_8.C	22	0.600	9.160	0.058
BPP_50_75_0.1_0.8_8.C	22	0.600	9.160	0.057
BPP_50_75_0.1_0.8_8.C	22	0.600	9.160	0.060
BPP_50_75_0.1_0.8_8.C	22	0.600	9.160	0.059
BPP_50_75_0.1_0.8_9.C	29	1.200	12.320	0.075
BPP_50_75_0.1_0.8_9.C	28	1.200	11.920	0.077
BPP_50_75_0.1_0.8_9.C	28	1.200	11.920	0.078
BPP_50_75_0.1_0.8_9.C	28	1.200	11.920	0.076
BPP_50_75_0.1_0.8_9.C	28	1.200	11.920	0.074
BPP_50_75_0.1_0.8_9.C	27	1.600	11.760	0.075
BPP_50_75_0.1_0.8_9.C	28	1.200	11.920	0.074
BPP_50_75_0.1_0.8_9.C	27	1.600	11.760	0.075
BPP_50_75_0.1_0.8_9.C	28	1.400	12.040	0.075
BPP_50_75_0.1_0.8_9.C	28	1.200	11.920	0.076
