***************************************** BIN PACKING SOLUTION *****************************************
Parameters: alpha_1=0.4 alpha_2=0.6 t=0.2 s=1
-------------------------------------------------------------------------------------------------------------------------------------------------
INSTANCE 	 # OF BINS 	 SCHEDULING OBJECTIVE 	 BEST OBJECTIVE 	 RUNNING TIME
-------------------------------------------------------------------------------------------------------------------------------------------------
BPP_new_20_1000_1.C	13	4.000	7.600	0.051
BPP_new_20_1000_1.C	13	4.000	7.600	0.051
BPP_new_20_1000_1.C	13	4.000	7.600	0.050
BPP_new_20_1000_1.C	13	4.000	7.600	0.050
BPP_new_20_1000_1.C	13	4.000	7.600	0.049
BPP_new_20_1000_1.C	13	4.000	7.600	0.050
BPP_new_20_1000_1.C	13	4.000	7.600	0.050
BPP_new_20_1000_1.C	13	4.000	7.600	0.050
BPP_new_20_1000_1.C	13	4.000	7.600	0.051
BPP_new_20_1000_1.C	13	4.000	7.600	0.050
BPP_new_20_1000_10.C	9	1.000	4.200	0.034
BPP_new_20_1000_10.C	9	1.000	4.200	0.034
BPP_new_20_1000_10.C	9	1.000	4.200	0.034
BPP_new_20_1000_10.C	9	1.000	4.200	0.034
BPP_new_20_1000_10.C	9	1.000	4.200	0.034
BPP_new_20_1000_10.C	9	1.000	4.200	0.034
BPP_new_20_1000_10.C	9	1.000	4.200	0.034
BPP_new_20_1000_10.C	9	1.000	4.200	0.034
BPP_new_20_1000_10.C	9	1.000	4.200	0.034
BPP_new_20_1000_10.C	9	1.000	4.200	0.034
BPP_new_20_1000_2.C	10	3.000	5.800	0.048
BPP_new_20_1000_2.C	10	3.000	5.800	0.103
BPP_new_20_1000_2.C	10	3.000	5.800	0.088
BPP_new_20_1000_2.C	11	2.600	5.960	0.096
BPP_new_20_1000_2.C	10	3.000	5.800	0.079
BPP_new_20_1000_2.C	10	3.000	5.800	0.084
BPP_new_20_1000_2.C	10	3.000	5.800	0.086
BPP_new_20_1000_2.C	10	3.000	5.800	0.085
BPP_new_20_1000_2.C	10	3.000	5.800	0.085
BPP_new_20_1000_2.C	10	3.000	5.800	0.085
BPP_new_20_1000_3.C	13	5.000	8.200	0.105
BPP_new_20_1000_3.C	13	5.000	8.200	0.102
BPP_new_20_1000_3.C	13	5.000	8.200	0.101
BPP_new_20_1000_3.C	13	5.000	8.200	0.101
BPP_new_20_1000_3.C	13	5.000	8.200	0.103
BPP_new_20_1000_3.C	13	5.000	8.200	0.101
BPP_new_20_1000_3.C	13	5.000	8.200	0.105
BPP_new_20_1000_3.C	13	5.000	8.200	0.102
BPP_new_20_1000_3.C	13	5.000	8.200	0.107
BPP_new_20_1000_3.C	13	5.000	8.200	0.107
BPP_new_20_1000_4.C	8	2.400	4.640	0.045
BPP_new_20_1000_4.C	8	2.400	4.640	0.089
BPP_new_20_1000_4.C	8	2.400	4.640	0.075
BPP_new_20_1000_4.C	8	2.400	4.640	0.075
BPP_new_20_1000_4.C	8	2.400	4.640	0.076
BPP_new_20_1000_4.C	8	2.400	4.640	0.081
BPP_new_20_1000_4.C	8	2.400	4.640	0.084
BPP_new_20_1000_4.C	8	2.600	4.760	0.078
BPP_new_20_1000_4.C	8	2.400	4.640	0.074
BPP_new_20_1000_4.C	8	2.400	4.640	0.078
BPP_new_20_1000_5.C	10	1.400	4.840	0.086
BPP_new_20_1000_5.C	10	1.400	4.840	0.088
BPP_new_20_1000_5.C	10	1.400	4.840	0.087
BPP_new_20_1000_5.C	10	1.400	4.840	0.087
BPP_new_20_1000_5.C	10	1.400	4.840	0.087
BPP_new_20_1000_5.C	10	1.400	4.840	0.086
BPP_new_20_1000_5.C	10	1.400	4.840	0.086
BPP_new_20_1000_5.C	10	1.400	4.840	0.086
BPP_new_20_1000_5.C	10	1.400	4.840	0.087
BPP_new_20_1000_5.C	10	1.400	4.840	0.088
BPP_new_20_1000_6.C	10	1.400	4.840	0.057
BPP_new_20_1000_6.C	10	1.400	4.840	0.091
BPP_new_20_1000_6.C	10	1.400	4.840	0.097
BPP_new_20_1000_6.C	10	1.400	4.840	0.089
BPP_new_20_1000_6.C	10	1.400	4.840	0.089
BPP_new_20_1000_6.C	10	1.400	4.840	0.091
BPP_new_20_1000_6.C	10	1.400	4.840	0.090
BPP_new_20_1000_6.C	10	1.400	4.840	0.087
BPP_new_20_1000_6.C	10	1.400	4.840	0.093
BPP_new_20_1000_6.C	10	1.400	4.840	0.087
BPP_new_20_1000_7.C	10	1.000	4.600	0.087
BPP_new_20_1000_7.C	10	1.000	4.600	0.053
BPP_new_20_1000_7.C	10	1.000	4.600	0.085
BPP_new_20_1000_7.C	10	1.000	4.600	0.083
BPP_new_20_1000_7.C	10	1.000	4.600	0.084
BPP_new_20_1000_7.C	10	1.000	4.600	0.087
BPP_new_20_1000_7.C	10	1.000	4.600	0.084
BPP_new_20_1000_7.C	10	1.000	4.600	0.083
BPP_new_20_1000_7.C	10	1.000	4.600	0.082
BPP_new_20_1000_7.C	10	1.000	4.600	0.084
BPP_new_20_1000_8.C	9	3.000	5.400	0.039
BPP_new_20_1000_8.C	9	3.000	5.400	0.038
BPP_new_20_1000_8.C	9	3.200	5.520	0.038
BPP_new_20_1000_8.C	9	3.000	5.400	0.037
BPP_new_20_1000_8.C	9	3.000	5.400	0.038
BPP_new_20_1000_8.C	9	3.000	5.400	0.037
BPP_new_20_1000_8.C	9	3.000	5.400	0.038
BPP_new_20_1000_8.C	9	3.000	5.400	0.038
BPP_new_20_1000_8.C	9	3.000	5.400	0.037
BPP_new_20_1000_8.C	9	3.000	5.400	0.038
BPP_new_20_1000_9.C	13	3.000	7.000	0.051
BPP_new_20_1000_9.C	13	3.000	7.000	0.049
BPP_new_20_1000_9.C	13	3.000	7.000	0.048
BPP_new_20_1000_9.C	13	3.000	7.000	0.051
BPP_new_20_1000_9.C	13	3.000	7.000	0.051
BPP_new_20_1000_9.C	13	3.000	7.000	0.053
BPP_new_20_1000_9.C	13	3.000	7.000	0.051
BPP_new_20_1000_9.C	13	3.000	7.000	0.051
BPP_new_20_1000_9.C	13	3.000	7.000	0.051
BPP_new_20_1000_9.C	13	3.000	7.000	0.051
BPP_new_20_100_1.C	11	3.600	6.560	0.004
BPP_new_20_100_1.C	11	3.600	6.560	0.004
BPP_new_20_100_1.C	11	3.600	6.560	0.004
BPP_new_20_100_1.C	11	3.600	6.560	0.004
BPP_new_20_100_1.C	11	3.800	6.680	0.004
BPP_new_20_100_1.C	11	3.800	6.680	0.004
BPP_new_20_100_1.C	11	3.800	6.680	0.004
BPP_new_20_100_1.C	11	3.600	6.560	0.004
BPP_new_20_100_1.C	11	3.600	6.560	0.004
BPP_new_20_100_1.C	11	3.600	6.560	0.004
BPP_new_20_100_10.C	9	2.400	5.040	0.003
BPP_new_20_100_10.C	9	2.400	5.040	0.003
BPP_new_20_100_10.C	9	2.400	5.040	0.003
BPP_new_20_100_10.C	9	2.400	5.040	0.004
BPP_new_20_100_10.C	9	2.400	5.040	0.003
BPP_new_20_100_10.C	9	2.400	5.040	0.003
BPP_new_20_100_10.C	9	2.400	5.040	0.004
BPP_new_20_100_10.C	9	2.400	5.040	0.003
BPP_new_20_100_10.C	9	2.400	5.040	0.004
BPP_new_20_100_10.C	9	2.400	5.040	0.004
BPP_new_20_100_2.C	13	3.000	7.000	0.004
BPP_new_20_100_2.C	13	3.000	7.000	0.004
BPP_new_20_100_2.C	13	3.000	7.000	0.004
BPP_new_20_100_2.C	13	3.000	7.000	0.004
BPP_new_20_100_2.C	13	3.000	7.000	0.004
BPP_new_20_100_2.C	13	3.000	7.000	0.004
BPP_new_20_100_2.C	13	3.000	7.000	0.004
BPP_new_20_100_2.C	13	3.000	7.000	0.004
BPP_new_20_100_2.C	13	3.000	7.000	0.004
BPP_new_20_100_2.C	13	3.000	7.000	0.004
BPP_new_20_100_3.C	8	0.200	3.320	0.003
BPP_new_20_100_3.C	8	0.200	3.320	0.003
BPP_new_20_100_3.C	8	0.200	3.320	0.003
BPP_new_20_100_3.C	8	0.200	3.320	0.003
BPP_new_20_100_3.C	8	0.200	3.320	0.004
BPP_new_20_100_3.C	8	0.200	3.320	0.003
BPP_new_20_100_3.C	8	0.200	3.320	0.003
BPP_new_20_100_3.C	8	0.200	3.320	0.003
BPP_new_20_100_3.C	8	0.200	3.320	0.003
BPP_new_20_100_3.C	8	0.200	3.320	0.004
BPP_new_20_100_4.C	10	2.200	5.320	0.004
BPP_new_20_100_4.C	10	2.200	5.320	0.003
BPP_new_20_100_4.C	10	2.200	5.320	0.004
BPP_new_20_100_4.C	10	2.200	5.320	0.004
BPP_new_20_100_4.C	10	2.200	5.320	0.004
BPP_new_20_100_4.C	10	2.200	5.320	0.004
BPP_new_20_100_4.C	10	2.200	5.320	0.004
BPP_new_20_100_4.C	10	2.200	5.320	0.004
BPP_new_20_100_4.C	10	2.200	5.320	0.004
BPP_new_20_100_4.C	10	2.200	5.320	0.004
BPP_new_20_100_5.C	11	2.400	5.840	0.004
BPP_new_20_100_5.C	11	2.600	5.960	0.004
BPP_new_20_100_5.C	11	2.600	5.960	0.004
BPP_new_20_100_5.C	11	2.800	6.080	0.004
BPP_new_20_100_5.C	11	2.400	5.840	0.004
BPP_new_20_100_5.C	11	2.800	6.080	0.004
BPP_new_20_100_5.C	11	2.400	5.840	0.004
BPP_new_20_100_5.C	11	2.400	5.840	0.004
BPP_new_20_100_5.C	11	2.600	5.960	0.004
BPP_new_20_100_5.C	11	2.400	5.840	0.004
BPP_new_20_100_6.C	8	1.600	4.160	0.003
BPP_new_20_100_6.C	8	1.600	4.160	0.003
BPP_new_20_100_6.C	8	1.600	4.160	0.003
BPP_new_20_100_6.C	8	1.600	4.160	0.003
BPP_new_20_100_6.C	8	1.600	4.160	0.003
BPP_new_20_100_6.C	8	1.600	4.160	0.003
BPP_new_20_100_6.C	8	1.600	4.160	0.003
BPP_new_20_100_6.C	8	1.600	4.160	0.003
BPP_new_20_100_6.C	8	1.600	4.160	0.003
BPP_new_20_100_6.C	8	1.600	4.160	0.003
BPP_new_20_100_7.C	8	0.800	3.680	0.003
BPP_new_20_100_7.C	8	0.800	3.680	0.003
BPP_new_20_100_7.C	8	0.800	3.680	0.003
BPP_new_20_100_7.C	8	0.800	3.680	0.003
BPP_new_20_100_7.C	8	0.800	3.680	0.003
BPP_new_20_100_7.C	8	0.800	3.680	0.003
BPP_new_20_100_7.C	8	0.800	3.680	0.003
BPP_new_20_100_7.C	8	0.800	3.680	0.003
BPP_new_20_100_7.C	8	0.800	3.680	0.003
BPP_new_20_100_7.C	8	0.800	3.680	0.003
BPP_new_20_100_8.C	11	3.200	6.320	0.004
BPP_new_20_100_8.C	11	3.200	6.320	0.004
BPP_new_20_100_8.C	11	3.200	6.320	0.004
BPP_new_20_100_8.C	11	3.200	6.320	0.004
BPP_new_20_100_8.C	11	3.200	6.320	0.004
BPP_new_20_100_8.C	11	3.200	6.320	0.004
BPP_new_20_100_8.C	11	3.200	6.320	0.004
BPP_new_20_100_8.C	11	3.200	6.320	0.004
BPP_new_20_100_8.C	11	3.200	6.320	0.004
BPP_new_20_100_8.C	11	3.200	6.320	0.004
BPP_new_20_100_9.C	14	3.000	7.400	0.005
BPP_new_20_100_9.C	14	3.000	7.400	0.005
BPP_new_20_100_9.C	14	3.000	7.400	0.005
BPP_new_20_100_9.C	14	3.000	7.400	0.005
BPP_new_20_100_9.C	14	3.000	7.400	0.004
BPP_new_20_100_9.C	14	3.000	7.400	0.004
BPP_new_20_100_9.C	14	3.000	7.400	0.004
BPP_new_20_100_9.C	14	3.000	7.400	0.004
BPP_new_20_100_9.C	14	3.000	7.400	0.004
BPP_new_20_100_9.C	14	3.000	7.400	0.004
BPP_new_20_120_1.C	10	1.800	5.080	0.004
BPP_new_20_120_1.C	10	1.800	5.080	0.004
BPP_new_20_120_1.C	10	1.800	5.080	0.004
BPP_new_20_120_1.C	10	1.800	5.080	0.004
BPP_new_20_120_1.C	10	1.800	5.080	0.004
BPP_new_20_120_1.C	10	1.800	5.080	0.004
BPP_new_20_120_1.C	10	1.800	5.080	0.004
BPP_new_20_120_1.C	10	1.800	5.080	0.004
BPP_new_20_120_1.C	10	1.800	5.080	0.004
BPP_new_20_120_1.C	10	1.800	5.080	0.004
BPP_new_20_120_10.C	15	4.200	8.520	0.005
BPP_new_20_120_10.C	15	4.200	8.520	0.005
BPP_new_20_120_10.C	15	4.200	8.520	0.005
BPP_new_20_120_10.C	15	4.200	8.520	0.005
BPP_new_20_120_10.C	15	4.200	8.520	0.005
BPP_new_20_120_10.C	15	4.200	8.520	0.005
BPP_new_20_120_10.C	15	4.200	8.520	0.005
BPP_new_20_120_10.C	15	4.200	8.520	0.005
BPP_new_20_120_10.C	15	4.200	8.520	0.005
BPP_new_20_120_10.C	15	4.200	8.520	0.005
BPP_new_20_120_2.C	10	2.800	5.680	0.004
BPP_new_20_120_2.C	10	2.800	5.680	0.004
BPP_new_20_120_2.C	10	2.800	5.680	0.004
BPP_new_20_120_2.C	10	2.800	5.680	0.004
BPP_new_20_120_2.C	10	2.800	5.680	0.004
BPP_new_20_120_2.C	10	2.800	5.680	0.004
BPP_new_20_120_2.C	10	2.800	5.680	0.004
BPP_new_20_120_2.C	10	2.800	5.680	0.004
BPP_new_20_120_2.C	10	2.800	5.680	0.004
BPP_new_20_120_2.C	10	2.800	5.680	0.003
BPP_new_20_120_3.C	11	2.800	6.080	0.004
BPP_new_20_120_3.C	11	2.800	6.080	0.004
BPP_new_20_120_3.C	11	2.800	6.080	0.004
BPP_new_20_120_3.C	11	2.800	6.080	0.004
BPP_new_20_120_3.C	11	2.800	6.080	0.004
BPP_new_20_120_3.C	11	2.800	6.080	0.004
BPP_new_20_120_3.C	11	2.800	6.080	0.004
BPP_new_20_120_3.C	11	2.800	6.080	0.004
BPP_new_20_120_3.C	11	2.800	6.080	0.004
BPP_new_20_120_3.C	11	2.800	6.080	0.004
BPP_new_20_120_4.C	11	2.600	5.960	0.004
BPP_new_20_120_4.C	11	2.600	5.960	0.004
BPP_new_20_120_4.C	11	2.600	5.960	0.004
BPP_new_20_120_4.C	11	2.600	5.960	0.004
BPP_new_20_120_4.C	11	2.600	5.960	0.004
BPP_new_20_120_4.C	11	2.600	5.960	0.004
BPP_new_20_120_4.C	11	2.600	5.960	0.004
BPP_new_20_120_4.C	11	2.600	5.960	0.004
BPP_new_20_120_4.C	11	2.600	5.960	0.004
BPP_new_20_120_4.C	11	2.600	5.960	0.004
BPP_new_20_120_5.C	11	2.000	5.600	0.004
BPP_new_20_120_5.C	11	2.000	5.600	0.004
BPP_new_20_120_5.C	11	2.000	5.600	0.004
BPP_new_20_120_5.C	11	2.000	5.600	0.004
BPP_new_20_120_5.C	11	2.000	5.600	0.004
BPP_new_20_120_5.C	11	2.000	5.600	0.004
BPP_new_20_120_5.C	11	2.000	5.600	0.004
BPP_new_20_120_5.C	11	2.000	5.600	0.004
BPP_new_20_120_5.C	11	2.000	5.600	0.004
BPP_new_20_120_5.C	11	2.000	5.600	0.004
BPP_new_20_120_6.C	9	0.800	4.080	0.003
BPP_new_20_120_6.C	9	0.800	4.080	0.003
BPP_new_20_120_6.C	9	0.800	4.080	0.003
BPP_new_20_120_6.C	9	0.800	4.080	0.003
BPP_new_20_120_6.C	9	0.800	4.080	0.003
BPP_new_20_120_6.C	9	0.800	4.080	0.004
BPP_new_20_120_6.C	9	0.800	4.080	0.003
BPP_new_20_120_6.C	9	0.800	4.080	0.003
BPP_new_20_120_6.C	9	0.800	4.080	0.003
BPP_new_20_120_6.C	9	0.800	4.080	0.003
BPP_new_20_120_7.C	10	0.800	4.480	0.004
BPP_new_20_120_7.C	10	0.600	4.360	0.004
BPP_new_20_120_7.C	10	0.600	4.360	0.004
BPP_new_20_120_7.C	10	0.600	4.360	0.004
BPP_new_20_120_7.C	10	0.600	4.360	0.004
BPP_new_20_120_7.C	10	0.600	4.360	0.004
BPP_new_20_120_7.C	10	1.000	4.600	0.004
BPP_new_20_120_7.C	10	0.600	4.360	0.004
BPP_new_20_120_7.C	10	0.600	4.360	0.004
BPP_new_20_120_7.C	10	0.600	4.360	0.004
BPP_new_20_120_8.C	11	5.000	7.400	0.004
BPP_new_20_120_8.C	11	5.000	7.400	0.004
BPP_new_20_120_8.C	11	5.000	7.400	0.004
BPP_new_20_120_8.C	11	5.000	7.400	0.004
BPP_new_20_120_8.C	11	5.000	7.400	0.004
BPP_new_20_120_8.C	11	5.000	7.400	0.004
BPP_new_20_120_8.C	11	5.000	7.400	0.004
BPP_new_20_120_8.C	11	5.000	7.400	0.004
BPP_new_20_120_8.C	11	5.000	7.400	0.004
BPP_new_20_120_8.C	11	5.000	7.400	0.004
BPP_new_20_120_9.C	13	2.400	6.640	0.005
BPP_new_20_120_9.C	13	2.400	6.640	0.004
BPP_new_20_120_9.C	13	2.400	6.640	0.004
BPP_new_20_120_9.C	13	2.400	6.640	0.005
BPP_new_20_120_9.C	13	2.400	6.640	0.004
BPP_new_20_120_9.C	13	2.400	6.640	0.005
BPP_new_20_120_9.C	13	2.400	6.640	0.005
BPP_new_20_120_9.C	13	2.400	6.640	0.005
BPP_new_20_120_9.C	13	2.400	6.640	0.005
BPP_new_20_120_9.C	13	2.400	6.640	0.005
BPP_new_20_125_1.C	11	5.400	7.640	0.005
BPP_new_20_125_1.C	11	5.200	7.520	0.005
BPP_new_20_125_1.C	11	5.200	7.520	0.005
BPP_new_20_125_1.C	11	5.400	7.640	0.005
BPP_new_20_125_1.C	11	5.400	7.640	0.005
BPP_new_20_125_1.C	11	5.200	7.520	0.005
BPP_new_20_125_1.C	11	5.200	7.520	0.005
BPP_new_20_125_1.C	12	4.800	7.680	0.006
BPP_new_20_125_1.C	11	5.400	7.640	0.005
BPP_new_20_125_1.C	11	5.400	7.640	0.005
BPP_new_20_125_10.C	9	1.000	4.200	0.004
BPP_new_20_125_10.C	9	1.000	4.200	0.004
BPP_new_20_125_10.C	9	1.000	4.200	0.004
BPP_new_20_125_10.C	9	1.000	4.200	0.004
BPP_new_20_125_10.C	9	1.000	4.200	0.004
BPP_new_20_125_10.C	9	1.000	4.200	0.004
BPP_new_20_125_10.C	9	1.000	4.200	0.004
BPP_new_20_125_10.C	9	1.000	4.200	0.004
BPP_new_20_125_10.C	9	1.000	4.200	0.004
BPP_new_20_125_10.C	9	1.000	4.200	0.004
BPP_new_20_125_2.C	8	2.200	4.520	0.003
BPP_new_20_125_2.C	8	2.200	4.520	0.003
BPP_new_20_125_2.C	8	2.200	4.520	0.003
BPP_new_20_125_2.C	8	2.200	4.520	0.004
BPP_new_20_125_2.C	8	2.200	4.520	0.003
BPP_new_20_125_2.C	8	2.200	4.520	0.003
BPP_new_20_125_2.C	8	2.200	4.520	0.003
BPP_new_20_125_2.C	8	2.200	4.520	0.003
BPP_new_20_125_2.C	8	2.200	4.520	0.004
BPP_new_20_125_2.C	8	2.200	4.520	0.004
BPP_new_20_125_3.C	10	1.000	4.600	0.004
BPP_new_20_125_3.C	10	1.000	4.600	0.004
BPP_new_20_125_3.C	10	1.000	4.600	0.004
BPP_new_20_125_3.C	10	1.000	4.600	0.003
BPP_new_20_125_3.C	10	1.000	4.600	0.004
BPP_new_20_125_3.C	10	1.000	4.600	0.004
BPP_new_20_125_3.C	10	1.000	4.600	0.004
BPP_new_20_125_3.C	10	1.000	4.600	0.004
BPP_new_20_125_3.C	10	1.000	4.600	0.004
BPP_new_20_125_3.C	10	1.000	4.600	0.004
BPP_new_20_125_4.C	11	2.000	5.600	0.004
BPP_new_20_125_4.C	11	2.000	5.600	0.004
BPP_new_20_125_4.C	11	2.000	5.600	0.004
BPP_new_20_125_4.C	11	2.000	5.600	0.004
BPP_new_20_125_4.C	11	2.000	5.600	0.005
BPP_new_20_125_4.C	11	2.000	5.600	0.004
BPP_new_20_125_4.C	11	2.000	5.600	0.004
BPP_new_20_125_4.C	11	2.000	5.600	0.004
BPP_new_20_125_4.C	11	2.000	5.600	0.004
BPP_new_20_125_4.C	11	2.000	5.600	0.004
BPP_new_20_125_5.C	13	4.000	7.600	0.005
BPP_new_20_125_5.C	13	4.000	7.600	0.004
BPP_new_20_125_5.C	13	4.000	7.600	0.005
BPP_new_20_125_5.C	13	4.000	7.600	0.005
BPP_new_20_125_5.C	13	4.000	7.600	0.005
BPP_new_20_125_5.C	13	4.000	7.600	0.005
BPP_new_20_125_5.C	13	4.000	7.600	0.005
BPP_new_20_125_5.C	13	4.000	7.600	0.005
BPP_new_20_125_5.C	13	4.000	7.600	0.004
BPP_new_20_125_5.C	13	4.000	7.600	0.005
BPP_new_20_125_6.C	11	4.800	7.280	0.004
BPP_new_20_125_6.C	11	4.800	7.280	0.005
BPP_new_20_125_6.C	11	5.000	7.400	0.005
BPP_new_20_125_6.C	11	5.000	7.400	0.004
BPP_new_20_125_6.C	11	4.800	7.280	0.005
BPP_new_20_125_6.C	11	5.000	7.400	0.004
BPP_new_20_125_6.C	11	5.000	7.400	0.004
BPP_new_20_125_6.C	11	5.000	7.400	0.004
BPP_new_20_125_6.C	11	5.000	7.400	0.004
BPP_new_20_125_6.C	11	4.800	7.280	0.005
BPP_new_20_125_7.C	11	4.000	6.800	0.004
BPP_new_20_125_7.C	11	4.000	6.800	0.004
BPP_new_20_125_7.C	11	4.000	6.800	0.004
BPP_new_20_125_7.C	11	4.000	6.800	0.004
BPP_new_20_125_7.C	11	4.000	6.800	0.004
BPP_new_20_125_7.C	11	4.000	6.800	0.004
BPP_new_20_125_7.C	11	4.000	6.800	0.004
BPP_new_20_125_7.C	11	4.000	6.800	0.004
BPP_new_20_125_7.C	11	4.000	6.800	0.004
BPP_new_20_125_7.C	11	4.000	6.800	0.004
BPP_new_20_125_8.C	10	3.400	6.040	0.004
BPP_new_20_125_8.C	10	3.400	6.040	0.004
BPP_new_20_125_8.C	10	3.400	6.040	0.004
BPP_new_20_125_8.C	10	3.400	6.040	0.004
BPP_new_20_125_8.C	10	3.400	6.040	0.004
BPP_new_20_125_8.C	10	3.400	6.040	0.004
BPP_new_20_125_8.C	10	3.400	6.040	0.004
BPP_new_20_125_8.C	10	3.400	6.040	0.004
BPP_new_20_125_8.C	10	3.400	6.040	0.004
BPP_new_20_125_8.C	10	3.400	6.040	0.004
BPP_new_20_125_9.C	10	1.200	4.720	0.004
BPP_new_20_125_9.C	10	1.200	4.720	0.004
BPP_new_20_125_9.C	10	1.200	4.720	0.004
BPP_new_20_125_9.C	10	1.200	4.720	0.004
BPP_new_20_125_9.C	10	1.200	4.720	0.004
BPP_new_20_125_9.C	10	1.200	4.720	0.004
BPP_new_20_125_9.C	10	1.200	4.720	0.004
BPP_new_20_125_9.C	10	1.200	4.720	0.004
BPP_new_20_125_9.C	10	1.200	4.720	0.004
BPP_new_20_125_9.C	10	1.200	4.720	0.004
BPP_new_20_150_1.C	9	0.200	3.720	0.004
BPP_new_20_150_1.C	9	0.200	3.720	0.004
BPP_new_20_150_1.C	9	0.200	3.720	0.004
BPP_new_20_150_1.C	9	0.200	3.720	0.004
BPP_new_20_150_1.C	9	0.200	3.720	0.004
BPP_new_20_150_1.C	9	0.200	3.720	0.004
BPP_new_20_150_1.C	9	0.200	3.720	0.004
BPP_new_20_150_1.C	9	0.200	3.720	0.004
BPP_new_20_150_1.C	9	0.200	3.720	0.004
BPP_new_20_150_1.C	9	0.200	3.720	0.004
BPP_new_20_150_10.C	10	1.800	5.080	0.004
BPP_new_20_150_10.C	10	1.800	5.080	0.004
BPP_new_20_150_10.C	10	1.800	5.080	0.004
BPP_new_20_150_10.C	10	1.800	5.080	0.004
BPP_new_20_150_10.C	10	1.800	5.080	0.004
BPP_new_20_150_10.C	10	1.800	5.080	0.004
BPP_new_20_150_10.C	10	1.800	5.080	0.004
BPP_new_20_150_10.C	10	1.800	5.080	0.004
BPP_new_20_150_10.C	10	1.800	5.080	0.004
BPP_new_20_150_10.C	10	1.800	5.080	0.004
BPP_new_20_150_2.C	10	1.400	4.840	0.004
BPP_new_20_150_2.C	10	1.400	4.840	0.004
BPP_new_20_150_2.C	10	1.400	4.840	0.005
BPP_new_20_150_2.C	10	1.400	4.840	0.005
BPP_new_20_150_2.C	10	1.400	4.840	0.004
BPP_new_20_150_2.C	10	1.400	4.840	0.004
BPP_new_20_150_2.C	10	1.400	4.840	0.004
BPP_new_20_150_2.C	10	1.400	4.840	0.004
BPP_new_20_150_2.C	10	1.400	4.840	0.004
BPP_new_20_150_2.C	10	1.400	4.840	0.004
BPP_new_20_150_3.C	9	3.600	5.760	0.004
BPP_new_20_150_3.C	9	3.600	5.760	0.004
BPP_new_20_150_3.C	9	3.600	5.760	0.004
BPP_new_20_150_3.C	9	3.600	5.760	0.004
BPP_new_20_150_3.C	9	3.600	5.760	0.004
BPP_new_20_150_3.C	9	3.600	5.760	0.004
BPP_new_20_150_3.C	9	3.600	5.760	0.004
BPP_new_20_150_3.C	9	3.600	5.760	0.005
BPP_new_20_150_3.C	9	3.600	5.760	0.004
BPP_new_20_150_3.C	9	3.600	5.760	0.004
BPP_new_20_150_4.C	9	2.200	4.920	0.004
BPP_new_20_150_4.C	9	2.200	4.920	0.004
BPP_new_20_150_4.C	9	2.200	4.920	0.004
BPP_new_20_150_4.C	9	2.200	4.920	0.004
BPP_new_20_150_4.C	9	2.200	4.920	0.004
BPP_new_20_150_4.C	9	2.200	4.920	0.004
BPP_new_20_150_4.C	9	2.200	4.920	0.004
BPP_new_20_150_4.C	9	2.200	4.920	0.004
BPP_new_20_150_4.C	9	2.200	4.920	0.004
BPP_new_20_150_4.C	9	2.200	4.920	0.004
BPP_new_20_150_5.C	11	1.000	5.000	0.005
BPP_new_20_150_5.C	11	1.000	5.000	0.006
BPP_new_20_150_5.C	11	1.000	5.000	0.005
BPP_new_20_150_5.C	11	1.000	5.000	0.005
BPP_new_20_150_5.C	11	1.000	5.000	0.005
BPP_new_20_150_5.C	11	1.000	5.000	0.005
BPP_new_20_150_5.C	11	1.000	5.000	0.005
BPP_new_20_150_5.C	11	1.000	5.000	0.005
BPP_new_20_150_5.C	11	1.000	5.000	0.005
BPP_new_20_150_5.C	11	1.000	5.000	0.005
BPP_new_20_150_6.C	10	4.000	6.400	0.005
BPP_new_20_150_6.C	10	4.000	6.400	0.005
BPP_new_20_150_6.C	10	4.200	6.520	0.005
BPP_new_20_150_6.C	10	4.200	6.520	0.005
BPP_new_20_150_6.C	10	4.200	6.520	0.005
BPP_new_20_150_6.C	11	3.800	6.680	0.005
BPP_new_20_150_6.C	10	4.000	6.400	0.005
BPP_new_20_150_6.C	11	3.800	6.680	0.005
BPP_new_20_150_6.C	10	4.200	6.520	0.005
BPP_new_20_150_6.C	10	4.200	6.520	0.005
BPP_new_20_150_7.C	12	2.000	6.000	0.005
BPP_new_20_150_7.C	12	2.000	6.000	0.005
BPP_new_20_150_7.C	12	2.000	6.000	0.005
BPP_new_20_150_7.C	12	2.000	6.000	0.005
BPP_new_20_150_7.C	12	2.000	6.000	0.006
BPP_new_20_150_7.C	12	2.000	6.000	0.005
BPP_new_20_150_7.C	12	2.000	6.000	0.005
BPP_new_20_150_7.C	12	2.000	6.000	0.005
BPP_new_20_150_7.C	12	2.000	6.000	0.005
BPP_new_20_150_7.C	12	2.000	6.000	0.005
BPP_new_20_150_8.C	8	3.200	5.120	0.004
BPP_new_20_150_8.C	8	3.200	5.120	0.004
BPP_new_20_150_8.C	8	3.200	5.120	0.004
BPP_new_20_150_8.C	8	3.200	5.120	0.004
BPP_new_20_150_8.C	8	3.200	5.120	0.004
BPP_new_20_150_8.C	8	3.200	5.120	0.004
BPP_new_20_150_8.C	8	3.200	5.120	0.004
BPP_new_20_150_8.C	8	3.200	5.120	0.004
BPP_new_20_150_8.C	8	3.200	5.120	0.004
BPP_new_20_150_8.C	8	3.200	5.120	0.004
BPP_new_20_150_9.C	14	3.000	7.400	0.005
BPP_new_20_150_9.C	14	3.000	7.400	0.005
BPP_new_20_150_9.C	14	3.000	7.400	0.005
BPP_new_20_150_9.C	14	3.000	7.400	0.006
BPP_new_20_150_9.C	14	3.000	7.400	0.006
BPP_new_20_150_9.C	14	3.000	7.400	0.006
BPP_new_20_150_9.C	14	3.000	7.400	0.005
BPP_new_20_150_9.C	14	3.000	7.400	0.005
BPP_new_20_150_9.C	14	3.000	7.400	0.005
BPP_new_20_150_9.C	14	3.000	7.400	0.005
BPP_new_20_200_1.C	8	2.800	4.880	0.004
BPP_new_20_200_1.C	8	2.800	4.880	0.004
BPP_new_20_200_1.C	8	2.800	4.880	0.005
BPP_new_20_200_1.C	8	2.800	4.880	0.005
BPP_new_20_200_1.C	8	2.800	4.880	0.005
BPP_new_20_200_1.C	8	2.800	4.880	0.004
BPP_new_20_200_1.C	8	2.800	4.880	0.004
BPP_new_20_200_1.C	8	2.800	4.880	0.005
BPP_new_20_200_1.C	8	2.800	4.880	0.004
BPP_new_20_200_1.C	8	2.800	4.880	0.005
BPP_new_20_200_10.C	12	5.000	7.800	0.006
BPP_new_20_200_10.C	12	5.000	7.800	0.006
BPP_new_20_200_10.C	12	5.000	7.800	0.006
BPP_new_20_200_10.C	12	5.000	7.800	0.006
BPP_new_20_200_10.C	12	5.000	7.800	0.007
BPP_new_20_200_10.C	12	5.000	7.800	0.007
BPP_new_20_200_10.C	12	5.000	7.800	0.006
BPP_new_20_200_10.C	12	5.000	7.800	0.006
BPP_new_20_200_10.C	12	5.000	7.800	0.006
BPP_new_20_200_10.C	12	5.000	7.800	0.006
BPP_new_20_200_2.C	12	5.000	7.800	0.006
BPP_new_20_200_2.C	12	4.800	7.680	0.006
BPP_new_20_200_2.C	12	4.800	7.680	0.006
BPP_new_20_200_2.C	12	4.800	7.680	0.006
BPP_new_20_200_2.C	12	4.800	7.680	0.006
BPP_new_20_200_2.C	12	4.800	7.680	0.006
BPP_new_20_200_2.C	12	4.800	7.680	0.006
BPP_new_20_200_2.C	12	4.800	7.680	0.006
BPP_new_20_200_2.C	12	4.800	7.680	0.006
BPP_new_20_200_2.C	12	4.800	7.680	0.006
BPP_new_20_200_3.C	13	2.000	6.400	0.006
BPP_new_20_200_3.C	13	2.000	6.400	0.005
BPP_new_20_200_3.C	13	2.000	6.400	0.006
BPP_new_20_200_3.C	13	2.000	6.400	0.006
BPP_new_20_200_3.C	13	2.000	6.400	0.006
BPP_new_20_200_3.C	13	2.000	6.400	0.006
BPP_new_20_200_3.C	13	2.000	6.400	0.006
BPP_new_20_200_3.C	13	2.000	6.400	0.006
BPP_new_20_200_3.C	13	2.000	6.400	0.006
BPP_new_20_200_3.C	13	2.000	6.400	0.006
BPP_new_20_200_4.C	9	4.000	6.000	0.005
BPP_new_20_200_4.C	9	4.000	6.000	0.005
BPP_new_20_200_4.C	9	4.000	6.000	0.005
BPP_new_20_200_4.C	9	4.000	6.000	0.005
BPP_new_20_200_4.C	9	4.000	6.000	0.005
BPP_new_20_200_4.C	9	4.000	6.000	0.005
BPP_new_20_200_4.C	9	4.000	6.000	0.005
BPP_new_20_200_4.C	9	4.000	6.000	0.005
BPP_new_20_200_4.C	9	4.000	6.000	0.005
BPP_new_20_200_4.C	9	4.000	6.000	0.005
BPP_new_20_200_5.C	11	4.200	6.920	0.006
BPP_new_20_200_5.C	11	4.000	6.800	0.006
BPP_new_20_200_5.C	11	4.000	6.800	0.006
BPP_new_20_200_5.C	11	4.000	6.800	0.006
BPP_new_20_200_5.C	11	4.000	6.800	0.006
BPP_new_20_200_5.C	11	4.000	6.800	0.006
BPP_new_20_200_5.C	11	4.000	6.800	0.006
BPP_new_20_200_5.C	11	4.200	6.920	0.006
BPP_new_20_200_5.C	11	4.000	6.800	0.006
BPP_new_20_200_5.C	11	4.000	6.800	0.006
BPP_new_20_200_6.C	8	3.400	5.240	0.004
BPP_new_20_200_6.C	8	3.400	5.240	0.004
BPP_new_20_200_6.C	8	3.400	5.240	0.004
BPP_new_20_200_6.C	8	3.400	5.240	0.005
BPP_new_20_200_6.C	8	3.400	5.240	0.004
BPP_new_20_200_6.C	8	3.400	5.240	0.005
BPP_new_20_200_6.C	8	3.400	5.240	0.005
BPP_new_20_200_6.C	8	3.400	5.240	0.004
BPP_new_20_200_6.C	8	3.400	5.240	0.005
BPP_new_20_200_6.C	8	3.400	5.240	0.004
BPP_new_20_200_7.C	12	3.400	6.840	0.006
BPP_new_20_200_7.C	12	3.400	6.840	0.006
BPP_new_20_200_7.C	12	3.400	6.840	0.006
BPP_new_20_200_7.C	12	3.400	6.840	0.006
BPP_new_20_200_7.C	12	3.400	6.840	0.007
BPP_new_20_200_7.C	12	3.400	6.840	0.006
BPP_new_20_200_7.C	12	3.400	6.840	0.006
BPP_new_20_200_7.C	12	3.400	6.840	0.006
BPP_new_20_200_7.C	12	3.400	6.840	0.007
BPP_new_20_200_7.C	12	3.400	6.840	0.006
BPP_new_20_200_8.C	10	3.000	5.800	0.005
BPP_new_20_200_8.C	10	3.000	5.800	0.005
BPP_new_20_200_8.C	10	3.000	5.800	0.006
BPP_new_20_200_8.C	10	3.000	5.800	0.005
BPP_new_20_200_8.C	10	3.000	5.800	0.005
BPP_new_20_200_8.C	10	3.000	5.800	0.005
BPP_new_20_200_8.C	10	3.000	5.800	0.005
BPP_new_20_200_8.C	10	3.000	5.800	0.005
BPP_new_20_200_8.C	10	3.000	5.800	0.005
BPP_new_20_200_8.C	10	3.000	5.800	0.005
BPP_new_20_200_9.C	9	1.200	4.320	0.005
BPP_new_20_200_9.C	9	1.200	4.320	0.005
BPP_new_20_200_9.C	9	1.200	4.320	0.005
BPP_new_20_200_9.C	9	1.200	4.320	0.005
BPP_new_20_200_9.C	9	1.200	4.320	0.005
BPP_new_20_200_9.C	9	1.200	4.320	0.005
BPP_new_20_200_9.C	9	1.200	4.320	0.005
BPP_new_20_200_9.C	9	1.200	4.320	0.004
BPP_new_20_200_9.C	9	1.200	4.320	0.005
BPP_new_20_200_9.C	9	1.200	4.320	0.005
BPP_new_20_300_1.C	8	2.000	4.400	0.008
BPP_new_20_300_1.C	8	2.000	4.400	0.009
BPP_new_20_300_1.C	8	2.000	4.400	0.009
BPP_new_20_300_1.C	8	2.000	4.400	0.009
BPP_new_20_300_1.C	8	2.000	4.400	0.009
BPP_new_20_300_1.C	8	2.000	4.400	0.009
BPP_new_20_300_1.C	8	2.000	4.400	0.009
BPP_new_20_300_1.C	8	2.000	4.400	0.009
BPP_new_20_300_1.C	8	2.000	4.400	0.009
BPP_new_20_300_1.C	8	2.000	4.400	0.009
BPP_new_20_300_10.C	11	2.800	6.080	0.012
BPP_new_20_300_10.C	11	2.800	6.080	0.011
BPP_new_20_300_10.C	11	2.800	6.080	0.012
BPP_new_20_300_10.C	11	2.800	6.080	0.012
BPP_new_20_300_10.C	11	2.800	6.080	0.012
BPP_new_20_300_10.C	11	2.800	6.080	0.012
BPP_new_20_300_10.C	11	2.800	6.080	0.012
BPP_new_20_300_10.C	11	2.800	6.080	0.012
BPP_new_20_300_10.C	11	2.800	6.080	0.012
BPP_new_20_300_10.C	11	2.800	6.080	0.011
BPP_new_20_300_2.C	10	2.200	5.320	0.011
BPP_new_20_300_2.C	10	2.200	5.320	0.011
BPP_new_20_300_2.C	10	2.200	5.320	0.011
BPP_new_20_300_2.C	10	2.200	5.320	0.011
BPP_new_20_300_2.C	10	2.200	5.320	0.011
BPP_new_20_300_2.C	10	2.200	5.320	0.011
BPP_new_20_300_2.C	10	2.200	5.320	0.011
BPP_new_20_300_2.C	10	2.200	5.320	0.010
BPP_new_20_300_2.C	10	2.200	5.320	0.010
BPP_new_20_300_2.C	10	2.200	5.320	0.011
BPP_new_20_300_3.C	12	3.800	7.080	0.012
BPP_new_20_300_3.C	12	4.000	7.200	0.012
BPP_new_20_300_3.C	12	3.800	7.080	0.012
BPP_new_20_300_3.C	12	4.000	7.200	0.012
BPP_new_20_300_3.C	12	4.000	7.200	0.012
BPP_new_20_300_3.C	12	4.000	7.200	0.012
BPP_new_20_300_3.C	12	3.800	7.080	0.012
BPP_new_20_300_3.C	12	3.800	7.080	0.013
BPP_new_20_300_3.C	12	3.800	7.080	0.012
BPP_new_20_300_3.C	12	3.800	7.080	0.012
BPP_new_20_300_4.C	9	1.400	4.440	0.010
BPP_new_20_300_4.C	9	1.800	4.680	0.010
BPP_new_20_300_4.C	9	1.400	4.440	0.010
BPP_new_20_300_4.C	9	1.400	4.440	0.011
BPP_new_20_300_4.C	9	1.600	4.560	0.010
BPP_new_20_300_4.C	9	1.400	4.440	0.010
BPP_new_20_300_4.C	9	1.800	4.680	0.010
BPP_new_20_300_4.C	9	1.800	4.680	0.010
BPP_new_20_300_4.C	9	1.400	4.440	0.010
BPP_new_20_300_4.C	9	1.800	4.680	0.010
BPP_new_20_300_5.C	9	1.800	4.680	0.009
BPP_new_20_300_5.C	9	1.800	4.680	0.009
BPP_new_20_300_5.C	9	1.800	4.680	0.010
BPP_new_20_300_5.C	9	1.800	4.680	0.009
BPP_new_20_300_5.C	9	1.800	4.680	0.009
BPP_new_20_300_5.C	9	1.800	4.680	0.009
BPP_new_20_300_5.C	9	1.800	4.680	0.009
BPP_new_20_300_5.C	9	1.800	4.680	0.009
BPP_new_20_300_5.C	9	1.800	4.680	0.009
BPP_new_20_300_5.C	9	1.800	4.680	0.010
BPP_new_20_300_6.C	10	3.000	5.800	0.011
BPP_new_20_300_6.C	10	3.000	5.800	0.010
BPP_new_20_300_6.C	10	3.000	5.800	0.010
BPP_new_20_300_6.C	10	3.000	5.800	0.010
BPP_new_20_300_6.C	10	3.000	5.800	0.011
BPP_new_20_300_6.C	10	3.000	5.800	0.010
BPP_new_20_300_6.C	10	3.000	5.800	0.010
BPP_new_20_300_6.C	10	3.000	5.800	0.010
BPP_new_20_300_6.C	10	3.000	5.800	0.011
BPP_new_20_300_6.C	10	3.000	5.800	0.010
BPP_new_20_300_7.C	12	2.000	6.000	0.011
BPP_new_20_300_7.C	12	2.000	6.000	0.011
BPP_new_20_300_7.C	12	2.000	6.000	0.012
BPP_new_20_300_7.C	12	2.000	6.000	0.012
BPP_new_20_300_7.C	12	2.000	6.000	0.012
BPP_new_20_300_7.C	12	2.000	6.000	0.012
BPP_new_20_300_7.C	12	2.000	6.000	0.012
BPP_new_20_300_7.C	12	2.000	6.000	0.011
BPP_new_20_300_7.C	12	2.000	6.000	0.011
BPP_new_20_300_7.C	12	2.000	6.000	0.012
BPP_new_20_300_8.C	9	2.000	4.800	0.011
BPP_new_20_300_8.C	9	2.000	4.800	0.010
BPP_new_20_300_8.C	9	2.000	4.800	0.010
BPP_new_20_300_8.C	9	2.000	4.800	0.010
BPP_new_20_300_8.C	9	2.000	4.800	0.010
BPP_new_20_300_8.C	9	2.000	4.800	0.011
BPP_new_20_300_8.C	9	2.000	4.800	0.010
BPP_new_20_300_8.C	9	2.000	4.800	0.009
BPP_new_20_300_8.C	9	1.800	4.680	0.010
BPP_new_20_300_8.C	9	2.000	4.800	0.010
BPP_new_20_300_9.C	9	2.800	5.280	0.010
BPP_new_20_300_9.C	9	2.600	5.160	0.010
BPP_new_20_300_9.C	9	2.600	5.160	0.009
BPP_new_20_300_9.C	9	2.600	5.160	0.010
BPP_new_20_300_9.C	9	2.600	5.160	0.009
BPP_new_20_300_9.C	9	2.600	5.160	0.009
BPP_new_20_300_9.C	9	2.600	5.160	0.010
BPP_new_20_300_9.C	9	2.800	5.280	0.010
BPP_new_20_300_9.C	9	2.800	5.280	0.010
BPP_new_20_300_9.C	9	2.800	5.280	0.010
BPP_new_20_400_1.C	11	2.600	5.960	0.017
BPP_new_20_400_1.C	11	2.600	5.960	0.017
BPP_new_20_400_1.C	11	2.600	5.960	0.017
BPP_new_20_400_1.C	11	2.600	5.960	0.018
BPP_new_20_400_1.C	11	2.600	5.960	0.018
BPP_new_20_400_1.C	11	2.600	5.960	0.018
BPP_new_20_400_1.C	11	2.600	5.960	0.018
BPP_new_20_400_1.C	11	2.600	5.960	0.018
BPP_new_20_400_1.C	11	2.600	5.960	0.018
BPP_new_20_400_1.C	11	2.600	5.960	0.017
BPP_new_20_400_10.C	11	2.200	5.720	0.019
BPP_new_20_400_10.C	11	2.200	5.720	0.018
BPP_new_20_400_10.C	11	2.200	5.720	0.019
BPP_new_20_400_10.C	11	2.200	5.720	0.019
BPP_new_20_400_10.C	11	2.200	5.720	0.018
BPP_new_20_400_10.C	11	2.200	5.720	0.020
BPP_new_20_400_10.C	11	2.200	5.720	0.019
BPP_new_20_400_10.C	11	2.200	5.720	0.019
BPP_new_20_400_10.C	11	2.200	5.720	0.018
BPP_new_20_400_10.C	11	2.200	5.720	0.018
BPP_new_20_400_2.C	11	2.200	5.720	0.018
BPP_new_20_400_2.C	11	2.200	5.720	0.018
BPP_new_20_400_2.C	11	2.200	5.720	0.018
BPP_new_20_400_2.C	11	2.200	5.720	0.018
BPP_new_20_400_2.C	11	2.200	5.720	0.018
BPP_new_20_400_2.C	11	2.200	5.720	0.018
BPP_new_20_400_2.C	11	2.200	5.720	0.019
BPP_new_20_400_2.C	11	2.200	5.720	0.018
BPP_new_20_400_2.C	11	2.200	5.720	0.019
BPP_new_20_400_2.C	11	2.200	5.720	0.018
BPP_new_20_400_3.C	8	1.600	4.160	0.015
BPP_new_20_400_3.C	8	1.600	4.160	0.015
BPP_new_20_400_3.C	8	1.600	4.160	0.014
BPP_new_20_400_3.C	8	1.600	4.160	0.014
BPP_new_20_400_3.C	8	1.600	4.160	0.014
BPP_new_20_400_3.C	8	1.600	4.160	0.015
BPP_new_20_400_3.C	8	1.600	4.160	0.014
BPP_new_20_400_3.C	8	1.600	4.160	0.014
BPP_new_20_400_3.C	8	1.600	4.160	0.015
BPP_new_20_400_3.C	8	1.600	4.160	0.015
BPP_new_20_400_4.C	9	2.000	4.800	0.016
BPP_new_20_400_4.C	9	2.000	4.800	0.016
BPP_new_20_400_4.C	9	2.000	4.800	0.016
BPP_new_20_400_4.C	9	2.000	4.800	0.016
BPP_new_20_400_4.C	9	2.000	4.800	0.016
BPP_new_20_400_4.C	9	2.000	4.800	0.016
BPP_new_20_400_4.C	9	2.000	4.800	0.017
BPP_new_20_400_4.C	9	2.000	4.800	0.017
BPP_new_20_400_4.C	9	2.000	4.800	0.016
BPP_new_20_400_4.C	9	2.000	4.800	0.016
BPP_new_20_400_5.C	11	3.600	6.560	0.019
BPP_new_20_400_5.C	11	3.600	6.560	0.019
BPP_new_20_400_5.C	11	3.600	6.560	0.019
BPP_new_20_400_5.C	11	3.600	6.560	0.019
BPP_new_20_400_5.C	11	3.600	6.560	0.019
BPP_new_20_400_5.C	11	3.600	6.560	0.019
BPP_new_20_400_5.C	11	3.600	6.560	0.019
BPP_new_20_400_5.C	11	3.600	6.560	0.019
BPP_new_20_400_5.C	11	3.600	6.560	0.019
BPP_new_20_400_5.C	11	3.600	6.560	0.019
BPP_new_20_400_6.C	9	2.800	5.280	0.017
BPP_new_20_400_6.C	9	2.800	5.280	0.017
BPP_new_20_400_6.C	9	2.800	5.280	0.017
BPP_new_20_400_6.C	9	3.400	5.640	0.017
BPP_new_20_400_6.C	9	2.800	5.280	0.016
BPP_new_20_400_6.C	9	2.800	5.280	0.017
BPP_new_20_400_6.C	9	2.800	5.280	0.017
BPP_new_20_400_6.C	9	2.800	5.280	0.016
BPP_new_20_400_6.C	9	2.800	5.280	0.017
BPP_new_20_400_6.C	9	3.000	5.400	0.016
BPP_new_20_400_7.C	9	1.000	4.200	0.015
BPP_new_20_400_7.C	9	1.000	4.200	0.016
BPP_new_20_400_7.C	9	1.000	4.200	0.015
BPP_new_20_400_7.C	9	1.000	4.200	0.015
BPP_new_20_400_7.C	9	1.000	4.200	0.015
BPP_new_20_400_7.C	9	1.000	4.200	0.015
BPP_new_20_400_7.C	9	1.000	4.200	0.015
BPP_new_20_400_7.C	9	1.000	4.200	0.015
BPP_new_20_400_7.C	9	1.000	4.200	0.015
BPP_new_20_400_7.C	9	1.000	4.200	0.015
BPP_new_20_400_8.C	11	4.000	6.800	0.020
BPP_new_20_400_8.C	11	4.000	6.800	0.020
BPP_new_20_400_8.C	11	4.000	6.800	0.020
BPP_new_20_400_8.C	11	3.800	6.680	0.020
BPP_new_20_400_8.C	11	4.000	6.800	0.020
BPP_new_20_400_8.C	11	4.000	6.800	0.020
BPP_new_20_400_8.C	11	4.000	6.800	0.020
BPP_new_20_400_8.C	11	4.000	6.800	0.019
BPP_new_20_400_8.C	11	4.000	6.800	0.019
BPP_new_20_400_8.C	11	4.000	6.800	0.019
BPP_new_20_400_9.C	10	4.800	6.880	0.019
BPP_new_20_400_9.C	10	4.800	6.880	0.019
BPP_new_20_400_9.C	10	4.800	6.880	0.019
BPP_new_20_400_9.C	9	5.600	6.960	0.019
BPP_new_20_400_9.C	10	4.800	6.880	0.019
BPP_new_20_400_9.C	10	4.800	6.880	0.018
BPP_new_20_400_9.C	9	5.600	6.960	0.019
BPP_new_20_400_9.C	9	5.600	6.960	0.018
BPP_new_20_400_9.C	9	5.600	6.960	0.019
BPP_new_20_400_9.C	10	4.800	6.880	0.019
BPP_new_20_500_1.C	8	1.600	4.160	0.017
BPP_new_20_500_1.C	8	1.600	4.160	0.017
BPP_new_20_500_1.C	8	1.600	4.160	0.017
BPP_new_20_500_1.C	8	1.600	4.160	0.017
BPP_new_20_500_1.C	8	1.600	4.160	0.017
BPP_new_20_500_1.C	8	1.600	4.160	0.017
BPP_new_20_500_1.C	8	1.600	4.160	0.017
BPP_new_20_500_1.C	8	1.600	4.160	0.017
BPP_new_20_500_1.C	8	1.600	4.160	0.017
BPP_new_20_500_1.C	8	1.600	4.160	0.017
BPP_new_20_500_10.C	7	1.400	3.640	0.015
BPP_new_20_500_10.C	7	1.400	3.640	0.016
BPP_new_20_500_10.C	7	1.400	3.640	0.016
BPP_new_20_500_10.C	7	1.400	3.640	0.015
BPP_new_20_500_10.C	7	1.400	3.640	0.015
BPP_new_20_500_10.C	7	1.400	3.640	0.015
BPP_new_20_500_10.C	7	1.400	3.640	0.015
BPP_new_20_500_10.C	7	1.400	3.640	0.015
BPP_new_20_500_10.C	7	1.400	3.640	0.015
BPP_new_20_500_10.C	7	1.400	3.640	0.015
BPP_new_20_500_2.C	9	1.800	4.680	0.018
BPP_new_20_500_2.C	9	1.800	4.680	0.018
BPP_new_20_500_2.C	9	1.800	4.680	0.018
BPP_new_20_500_2.C	9	1.800	4.680	0.019
BPP_new_20_500_2.C	9	1.800	4.680	0.018
BPP_new_20_500_2.C	9	1.800	4.680	0.019
BPP_new_20_500_2.C	9	1.800	4.680	0.019
BPP_new_20_500_2.C	9	1.800	4.680	0.019
BPP_new_20_500_2.C	9	1.800	4.680	0.019
BPP_new_20_500_2.C	9	1.800	4.680	0.019
BPP_new_20_500_3.C	10	4.000	6.400	0.022
BPP_new_20_500_3.C	10	4.000	6.400	0.022
BPP_new_20_500_3.C	10	4.000	6.400	0.021
BPP_new_20_500_3.C	10	4.000	6.400	0.022
BPP_new_20_500_3.C	10	4.000	6.400	0.021
BPP_new_20_500_3.C	10	4.000	6.400	0.021
BPP_new_20_500_3.C	10	4.000	6.400	0.022
BPP_new_20_500_3.C	10	4.000	6.400	0.022
BPP_new_20_500_3.C	10	4.000	6.400	0.021
BPP_new_20_500_3.C	10	4.000	6.400	0.022
BPP_new_20_500_4.C	11	2.400	5.840	0.021
BPP_new_20_500_4.C	11	2.400	5.840	0.021
BPP_new_20_500_4.C	11	2.400	5.840	0.022
BPP_new_20_500_4.C	11	2.400	5.840	0.021
BPP_new_20_500_4.C	11	2.400	5.840	0.021
BPP_new_20_500_4.C	11	2.400	5.840	0.021
BPP_new_20_500_4.C	11	2.400	5.840	0.021
BPP_new_20_500_4.C	11	2.400	5.840	0.021
BPP_new_20_500_4.C	11	2.400	5.840	0.021
BPP_new_20_500_4.C	11	2.400	5.840	0.021
BPP_new_20_500_5.C	8	0.000	3.200	0.015
BPP_new_20_500_5.C	8	0.000	3.200	0.016
BPP_new_20_500_5.C	8	0.000	3.200	0.015
BPP_new_20_500_5.C	8	0.000	3.200	0.015
BPP_new_20_500_5.C	8	0.000	3.200	0.015
BPP_new_20_500_5.C	8	0.000	3.200	0.015
BPP_new_20_500_5.C	8	0.000	3.200	0.015
BPP_new_20_500_5.C	8	0.000	3.200	0.015
BPP_new_20_500_5.C	8	0.000	3.200	0.015
BPP_new_20_500_5.C	8	0.000	3.200	0.015
BPP_new_20_500_6.C	10	2.000	5.200	0.020
BPP_new_20_500_6.C	10	2.000	5.200	0.020
BPP_new_20_500_6.C	10	2.000	5.200	0.020
BPP_new_20_500_6.C	10	2.000	5.200	0.020
BPP_new_20_500_6.C	10	2.000	5.200	0.020
BPP_new_20_500_6.C	10	2.000	5.200	0.020
BPP_new_20_500_6.C	10	2.000	5.200	0.020
BPP_new_20_500_6.C	10	2.000	5.200	0.020
BPP_new_20_500_6.C	10	2.000	5.200	0.021
BPP_new_20_500_6.C	10	2.000	5.200	0.020
BPP_new_20_500_7.C	13	2.800	6.880	0.024
BPP_new_20_500_7.C	13	2.800	6.880	0.024
BPP_new_20_500_7.C	13	2.800	6.880	0.024
BPP_new_20_500_7.C	13	2.800	6.880	0.024
BPP_new_20_500_7.C	13	2.800	6.880	0.024
BPP_new_20_500_7.C	13	2.800	6.880	0.024
BPP_new_20_500_7.C	13	2.800	6.880	0.024
BPP_new_20_500_7.C	13	2.800	6.880	0.024
BPP_new_20_500_7.C	13	2.800	6.880	0.024
BPP_new_20_500_7.C	13	2.800	6.880	0.024
BPP_new_20_500_8.C	12	2.200	6.120	0.023
BPP_new_20_500_8.C	12	2.200	6.120	0.024
BPP_new_20_500_8.C	11	2.400	5.840	0.023
BPP_new_20_500_8.C	11	2.400	5.840	0.023
BPP_new_20_500_8.C	12	2.200	6.120	0.023
BPP_new_20_500_8.C	11	2.400	5.840	0.023
BPP_new_20_500_8.C	11	2.400	5.840	0.023
BPP_new_20_500_8.C	12	2.200	6.120	0.023
BPP_new_20_500_8.C	11	2.400	5.840	0.023
BPP_new_20_500_8.C	11	2.400	5.840	0.023
BPP_new_20_500_9.C	11	2.400	5.840	0.022
BPP_new_20_500_9.C	11	2.400	5.840	0.022
BPP_new_20_500_9.C	11	2.400	5.840	0.021
BPP_new_20_500_9.C	11	2.400	5.840	0.022
BPP_new_20_500_9.C	11	2.400	5.840	0.021
BPP_new_20_500_9.C	11	2.400	5.840	0.021
BPP_new_20_500_9.C	11	2.400	5.840	0.021
BPP_new_20_500_9.C	11	2.400	5.840	0.022
BPP_new_20_500_9.C	11	2.400	5.840	0.022
BPP_new_20_500_9.C	11	2.400	5.840	0.021
BPP_new_20_50_1.C	13	2.600	6.760	0.004
BPP_new_20_50_1.C	13	2.600	6.760	0.004
BPP_new_20_50_1.C	13	2.600	6.760	0.004
BPP_new_20_50_1.C	13	2.600	6.760	0.004
BPP_new_20_50_1.C	13	2.600	6.760	0.004
BPP_new_20_50_1.C	13	2.600	6.760	0.004
BPP_new_20_50_1.C	13	2.600	6.760	0.004
BPP_new_20_50_1.C	13	2.600	6.760	0.004
BPP_new_20_50_1.C	13	2.600	6.760	0.004
BPP_new_20_50_1.C	13	2.600	6.760	0.004
BPP_new_20_50_10.C	13	3.000	7.000	0.003
BPP_new_20_50_10.C	13	3.000	7.000	0.003
BPP_new_20_50_10.C	13	3.000	7.000	0.003
BPP_new_20_50_10.C	13	3.000	7.000	0.003
BPP_new_20_50_10.C	13	3.000	7.000	0.003
BPP_new_20_50_10.C	13	3.000	7.000	0.003
BPP_new_20_50_10.C	13	3.000	7.000	0.003
BPP_new_20_50_10.C	13	3.000	7.000	0.003
BPP_new_20_50_10.C	13	3.000	7.000	0.003
BPP_new_20_50_10.C	13	3.000	7.000	0.003
BPP_new_20_50_2.C	10	2.200	5.320	0.003
BPP_new_20_50_2.C	10	2.200	5.320	0.003
BPP_new_20_50_2.C	10	2.200	5.320	0.003
BPP_new_20_50_2.C	10	2.200	5.320	0.003
BPP_new_20_50_2.C	10	2.200	5.320	0.003
BPP_new_20_50_2.C	10	2.200	5.320	0.003
BPP_new_20_50_2.C	10	2.200	5.320	0.003
BPP_new_20_50_2.C	10	2.200	5.320	0.003
BPP_new_20_50_2.C	10	2.200	5.320	0.003
BPP_new_20_50_2.C	10	2.200	5.320	0.003
BPP_new_20_50_3.C	9	3.600	5.760	0.003
BPP_new_20_50_3.C	9	3.600	5.760	0.003
BPP_new_20_50_3.C	9	3.600	5.760	0.003
BPP_new_20_50_3.C	9	3.600	5.760	0.003
BPP_new_20_50_3.C	9	3.600	5.760	0.003
BPP_new_20_50_3.C	9	3.600	5.760	0.003
BPP_new_20_50_3.C	9	3.600	5.760	0.003
BPP_new_20_50_3.C	9	3.600	5.760	0.003
BPP_new_20_50_3.C	9	3.600	5.760	0.003
BPP_new_20_50_3.C	9	3.600	5.760	0.003
BPP_new_20_50_4.C	14	3.600	7.760	0.004
BPP_new_20_50_4.C	14	3.600	7.760	0.004
BPP_new_20_50_4.C	14	3.600	7.760	0.004
BPP_new_20_50_4.C	14	3.600	7.760	0.004
BPP_new_20_50_4.C	14	3.400	7.640	0.004
BPP_new_20_50_4.C	14	3.400	7.640	0.004
BPP_new_20_50_4.C	14	3.400	7.640	0.004
BPP_new_20_50_4.C	14	3.600	7.760	0.004
BPP_new_20_50_4.C	14	3.400	7.640	0.004
BPP_new_20_50_4.C	14	3.600	7.760	0.004
BPP_new_20_50_5.C	9	1.800	4.680	0.003
BPP_new_20_50_5.C	9	1.800	4.680	0.003
BPP_new_20_50_5.C	9	1.800	4.680	0.003
BPP_new_20_50_5.C	9	1.800	4.680	0.003
BPP_new_20_50_5.C	9	1.800	4.680	0.003
BPP_new_20_50_5.C	9	1.800	4.680	0.003
BPP_new_20_50_5.C	9	1.800	4.680	0.003
BPP_new_20_50_5.C	9	1.800	4.680	0.003
BPP_new_20_50_5.C	9	1.800	4.680	0.003
BPP_new_20_50_5.C	9	1.800	4.680	0.003
BPP_new_20_50_6.C	9	3.000	5.400	0.003
BPP_new_20_50_6.C	9	3.000	5.400	0.003
BPP_new_20_50_6.C	9	3.000	5.400	0.003
BPP_new_20_50_6.C	9	3.000	5.400	0.003
BPP_new_20_50_6.C	9	3.000	5.400	0.003
BPP_new_20_50_6.C	9	3.000	5.400	0.003
BPP_new_20_50_6.C	9	3.000	5.400	0.003
BPP_new_20_50_6.C	9	3.000	5.400	0.003
BPP_new_20_50_6.C	9	3.000	5.400	0.003
BPP_new_20_50_6.C	9	3.000	5.400	0.003
BPP_new_20_50_7.C	11	2.800	6.080	0.003
BPP_new_20_50_7.C	11	2.800	6.080	0.003
BPP_new_20_50_7.C	11	2.800	6.080	0.003
BPP_new_20_50_7.C	11	2.800	6.080	0.003
BPP_new_20_50_7.C	11	2.800	6.080	0.003
BPP_new_20_50_7.C	11	2.800	6.080	0.003
BPP_new_20_50_7.C	11	2.800	6.080	0.003
BPP_new_20_50_7.C	11	2.800	6.080	0.003
BPP_new_20_50_7.C	11	2.800	6.080	0.003
BPP_new_20_50_7.C	11	2.800	6.080	0.003
BPP_new_20_50_8.C	12	1.000	5.400	0.003
BPP_new_20_50_8.C	12	1.000	5.400	0.003
BPP_new_20_50_8.C	12	1.000	5.400	0.003
BPP_new_20_50_8.C	12	1.000	5.400	0.003
BPP_new_20_50_8.C	12	1.000	5.400	0.003
BPP_new_20_50_8.C	12	1.000	5.400	0.003
BPP_new_20_50_8.C	12	1.000	5.400	0.003
BPP_new_20_50_8.C	12	1.000	5.400	0.003
BPP_new_20_50_8.C	12	1.000	5.400	0.003
BPP_new_20_50_8.C	12	1.000	5.400	0.003
BPP_new_20_50_9.C	9	3.200	5.520	0.003
BPP_new_20_50_9.C	9	3.200	5.520	0.003
BPP_new_20_50_9.C	9	3.200	5.520	0.003
BPP_new_20_50_9.C	9	3.200	5.520	0.003
BPP_new_20_50_9.C	9	3.200	5.520	0.003
BPP_new_20_50_9.C	9	3.000	5.400	0.003
BPP_new_20_50_9.C	9	3.200	5.520	0.003
BPP_new_20_50_9.C	9	3.000	5.400	0.003
BPP_new_20_50_9.C	9	3.000	5.400	0.003
BPP_new_20_50_9.C	9	3.200	5.520	0.003
BPP_new_20_750_1.C	10	1.400	4.840	0.029
BPP_new_20_750_1.C	10	1.400	4.840	0.029
BPP_new_20_750_1.C	10	1.400	4.840	0.029
BPP_new_20_750_1.C	10	1.400	4.840	0.029
BPP_new_20_750_1.C	10	1.400	4.840	0.028
BPP_new_20_750_1.C	10	1.400	4.840	0.029
BPP_new_20_750_1.C	10	1.400	4.840	0.028
BPP_new_20_750_1.C	10	1.400	4.840	0.029
BPP_new_20_750_1.C	10	1.400	4.840	0.030
BPP_new_20_750_1.C	10	1.400	4.840	0.029
BPP_new_20_750_10.C	11	5.000	7.400	0.032
BPP_new_20_750_10.C	11	5.000	7.400	0.032
BPP_new_20_750_10.C	11	5.000	7.400	0.033
BPP_new_20_750_10.C	11	5.000	7.400	0.032
BPP_new_20_750_10.C	11	5.000	7.400	0.033
BPP_new_20_750_10.C	11	5.000	7.400	0.032
BPP_new_20_750_10.C	11	5.000	7.400	0.032
BPP_new_20_750_10.C	11	5.000	7.400	0.032
BPP_new_20_750_10.C	11	5.000	7.400	0.033
BPP_new_20_750_10.C	11	5.000	7.400	0.032
BPP_new_20_750_2.C	9	1.800	4.680	0.026
BPP_new_20_750_2.C	9	1.800	4.680	0.026
BPP_new_20_750_2.C	9	1.800	4.680	0.026
BPP_new_20_750_2.C	9	1.800	4.680	0.026
BPP_new_20_750_2.C	9	1.800	4.680	0.026
BPP_new_20_750_2.C	9	1.800	4.680	0.026
BPP_new_20_750_2.C	9	1.800	4.680	0.026
BPP_new_20_750_2.C	9	1.800	4.680	0.026
BPP_new_20_750_2.C	9	1.800	4.680	0.026
BPP_new_20_750_2.C	9	1.800	4.680	0.026
BPP_new_20_750_3.C	10	1.000	4.600	0.028
BPP_new_20_750_3.C	10	1.000	4.600	0.028
BPP_new_20_750_3.C	10	1.000	4.600	0.028
BPP_new_20_750_3.C	10	1.000	4.600	0.028
BPP_new_20_750_3.C	10	1.000	4.600	0.027
BPP_new_20_750_3.C	10	1.000	4.600	0.028
BPP_new_20_750_3.C	10	1.000	4.600	0.027
BPP_new_20_750_3.C	10	1.000	4.600	0.028
BPP_new_20_750_3.C	10	1.000	4.600	0.028
BPP_new_20_750_3.C	10	1.000	4.600	0.028
BPP_new_20_750_4.C	9	1.200	4.320	0.026
BPP_new_20_750_4.C	9	1.200	4.320	0.026
BPP_new_20_750_4.C	9	1.200	4.320	0.026
BPP_new_20_750_4.C	9	1.200	4.320	0.026
BPP_new_20_750_4.C	9	1.200	4.320	0.025
BPP_new_20_750_4.C	9	1.200	4.320	0.026
BPP_new_20_750_4.C	9	1.200	4.320	0.025
BPP_new_20_750_4.C	9	1.200	4.320	0.026
BPP_new_20_750_4.C	9	1.200	4.320	0.026
BPP_new_20_750_4.C	9	1.200	4.320	0.026
BPP_new_20_750_5.C	12	4.600	7.560	0.036
BPP_new_20_750_5.C	12	4.600	7.560	0.035
BPP_new_20_750_5.C	12	4.600	7.560	0.036
BPP_new_20_750_5.C	12	4.600	7.560	0.036
BPP_new_20_750_5.C	12	4.600	7.560	0.036
BPP_new_20_750_5.C	12	4.600	7.560	0.037
BPP_new_20_750_5.C	12	4.600	7.560	0.036
BPP_new_20_750_5.C	12	4.600	7.560	0.037
BPP_new_20_750_5.C	12	4.600	7.560	0.036
BPP_new_20_750_5.C	12	4.600	7.560	0.036
BPP_new_20_750_6.C	10	-0.000	4.000	0.029
BPP_new_20_750_6.C	10	-0.000	4.000	0.028
BPP_new_20_750_6.C	10	-0.000	4.000	0.028
BPP_new_20_750_6.C	10	-0.000	4.000	0.028
BPP_new_20_750_6.C	10	-0.000	4.000	0.029
BPP_new_20_750_6.C	10	-0.000	4.000	0.029
BPP_new_20_750_6.C	10	-0.000	4.000	0.028
BPP_new_20_750_6.C	10	-0.000	4.000	0.028
BPP_new_20_750_6.C	10	-0.000	4.000	0.028
BPP_new_20_750_6.C	10	-0.000	4.000	0.028
BPP_new_20_750_7.C	11	1.800	5.480	0.034
BPP_new_20_750_7.C	11	1.800	5.480	0.032
BPP_new_20_750_7.C	11	1.800	5.480	0.032
BPP_new_20_750_7.C	11	1.800	5.480	0.033
BPP_new_20_750_7.C	11	1.800	5.480	0.033
BPP_new_20_750_7.C	11	1.800	5.480	0.032
BPP_new_20_750_7.C	11	1.800	5.480	0.032
BPP_new_20_750_7.C	11	1.800	5.480	0.033
BPP_new_20_750_7.C	11	1.800	5.480	0.032
BPP_new_20_750_7.C	11	1.800	5.480	0.032
BPP_new_20_750_8.C	9	1.200	4.320	0.030
BPP_new_20_750_8.C	9	1.200	4.320	0.027
BPP_new_20_750_8.C	9	1.200	4.320	0.025
BPP_new_20_750_8.C	9	1.200	4.320	0.026
BPP_new_20_750_8.C	9	1.200	4.320	0.025
BPP_new_20_750_8.C	9	1.200	4.320	0.025
BPP_new_20_750_8.C	9	1.200	4.320	0.025
BPP_new_20_750_8.C	9	1.200	4.320	0.026
BPP_new_20_750_8.C	9	1.200	4.320	0.025
BPP_new_20_750_8.C	9	1.200	4.320	0.025
BPP_new_20_750_9.C	10	3.600	6.160	0.033
BPP_new_20_750_9.C	10	3.600	6.160	0.033
BPP_new_20_750_9.C	10	3.600	6.160	0.033
BPP_new_20_750_9.C	10	3.600	6.160	0.032
BPP_new_20_750_9.C	10	3.600	6.160	0.032
BPP_new_20_750_9.C	10	3.600	6.160	0.032
BPP_new_20_750_9.C	10	3.600	6.160	0.032
BPP_new_20_750_9.C	10	3.600	6.160	0.032
BPP_new_20_750_9.C	10	3.600	6.160	0.033
BPP_new_20_750_9.C	10	3.600	6.160	0.033
BPP_new_20_75_1.C	11	1.200	5.120	0.003
BPP_new_20_75_1.C	11	1.200	5.120	0.004
BPP_new_20_75_1.C	11	1.200	5.120	0.003
BPP_new_20_75_1.C	11	1.200	5.120	0.004
BPP_new_20_75_1.C	11	1.200	5.120	0.003
BPP_new_20_75_1.C	11	1.200	5.120	0.003
BPP_new_20_75_1.C	11	1.200	5.120	0.003
BPP_new_20_75_1.C	11	1.200	5.120	0.004
BPP_new_20_75_1.C	11	1.200	5.120	0.003
BPP_new_20_75_1.C	11	1.200	5.120	0.004
BPP_new_20_75_10.C	9	4.600	6.360	0.003
BPP_new_20_75_10.C	9	4.600	6.360	0.003
BPP_new_20_75_10.C	9	4.600	6.360	0.003
BPP_new_20_75_10.C	9	4.600	6.360	0.003
BPP_new_20_75_10.C	9	4.600	6.360	0.003
BPP_new_20_75_10.C	9	4.600	6.360	0.003
BPP_new_20_75_10.C	9	4.600	6.360	0.003
BPP_new_20_75_10.C	9	4.600	6.360	0.003
BPP_new_20_75_10.C	9	4.600	6.360	0.003
BPP_new_20_75_10.C	9	4.600	6.360	0.003
BPP_new_20_75_2.C	12	3.000	6.600	0.003
BPP_new_20_75_2.C	12	3.000	6.600	0.004
BPP_new_20_75_2.C	12	3.000	6.600	0.003
BPP_new_20_75_2.C	12	3.000	6.600	0.003
BPP_new_20_75_2.C	12	3.000	6.600	0.003
BPP_new_20_75_2.C	12	3.000	6.600	0.004
BPP_new_20_75_2.C	12	3.000	6.600	0.003
BPP_new_20_75_2.C	12	3.000	6.600	0.004
BPP_new_20_75_2.C	12	3.000	6.600	0.004
BPP_new_20_75_2.C	12	3.000	6.600	0.003
BPP_new_20_75_3.C	10	2.200	5.320	0.003
BPP_new_20_75_3.C	10	2.200	5.320	0.003
BPP_new_20_75_3.C	10	2.200	5.320	0.003
BPP_new_20_75_3.C	10	2.200	5.320	0.003
BPP_new_20_75_3.C	10	2.200	5.320	0.003
BPP_new_20_75_3.C	10	2.200	5.320	0.003
BPP_new_20_75_3.C	10	2.200	5.320	0.003
BPP_new_20_75_3.C	10	2.200	5.320	0.003
BPP_new_20_75_3.C	10	2.200	5.320	0.003
BPP_new_20_75_3.C	10	2.200	5.320	0.003
BPP_new_20_75_4.C	10	4.200	6.520	0.003
BPP_new_20_75_4.C	10	4.400	6.640	0.003
BPP_new_20_75_4.C	10	4.400	6.640	0.003
BPP_new_20_75_4.C	10	4.400	6.640	0.003
BPP_new_20_75_4.C	10	4.200	6.520	0.003
BPP_new_20_75_4.C	10	4.400	6.640	0.004
BPP_new_20_75_4.C	10	4.400	6.640	0.004
BPP_new_20_75_4.C	10	4.200	6.520	0.004
BPP_new_20_75_4.C	10	4.200	6.520	0.004
BPP_new_20_75_4.C	10	4.400	6.640	0.004
BPP_new_20_75_5.C	11	5.000	7.400	0.003
BPP_new_20_75_5.C	11	5.000	7.400	0.003
BPP_new_20_75_5.C	11	5.000	7.400	0.003
BPP_new_20_75_5.C	10	5.600	7.360	0.003
BPP_new_20_75_5.C	11	5.000	7.400	0.003
BPP_new_20_75_5.C	10	5.200	7.120	0.003
BPP_new_20_75_5.C	10	5.400	7.240	0.003
BPP_new_20_75_5.C	10	5.600	7.360	0.003
BPP_new_20_75_5.C	11	5.000	7.400	0.003
BPP_new_20_75_5.C	11	5.000	7.400	0.003
BPP_new_20_75_6.C	6	2.600	3.960	0.002
BPP_new_20_75_6.C	6	2.600	3.960	0.002
BPP_new_20_75_6.C	6	2.600	3.960	0.002
BPP_new_20_75_6.C	6	2.600	3.960	0.002
BPP_new_20_75_6.C	6	2.600	3.960	0.003
BPP_new_20_75_6.C	6	2.600	3.960	0.002
BPP_new_20_75_6.C	6	2.600	3.960	0.003
BPP_new_20_75_6.C	6	2.600	3.960	0.002
BPP_new_20_75_6.C	6	2.600	3.960	0.003
BPP_new_20_75_6.C	6	2.600	3.960	0.002
BPP_new_20_75_7.C	9	1.800	4.680	0.003
BPP_new_20_75_7.C	9	1.800	4.680	0.003
BPP_new_20_75_7.C	9	1.800	4.680	0.003
BPP_new_20_75_7.C	9	1.800	4.680	0.003
BPP_new_20_75_7.C	9	1.800	4.680	0.003
BPP_new_20_75_7.C	9	1.800	4.680	0.003
BPP_new_20_75_7.C	9	1.800	4.680	0.003
BPP_new_20_75_7.C	9	1.800	4.680	0.003
BPP_new_20_75_7.C	9	1.800	4.680	0.003
BPP_new_20_75_7.C	9	1.800	4.680	0.003
BPP_new_20_75_8.C	8	2.600	4.760	0.003
BPP_new_20_75_8.C	8	2.600	4.760	0.003
BPP_new_20_75_8.C	8	2.600	4.760	0.003
BPP_new_20_75_8.C	8	2.600	4.760	0.003
BPP_new_20_75_8.C	8	2.600	4.760	0.003
BPP_new_20_75_8.C	8	2.600	4.760	0.003
BPP_new_20_75_8.C	8	2.600	4.760	0.003
BPP_new_20_75_8.C	8	2.600	4.760	0.004
BPP_new_20_75_8.C	8	2.600	4.760	0.003
BPP_new_20_75_8.C	8	2.600	4.760	0.003
BPP_new_20_75_9.C	10	4.400	6.640	0.003
BPP_new_20_75_9.C	10	4.400	6.640	0.003
BPP_new_20_75_9.C	10	4.400	6.640	0.003
BPP_new_20_75_9.C	10	4.400	6.640	0.003
BPP_new_20_75_9.C	10	4.400	6.640	0.003
BPP_new_20_75_9.C	10	4.400	6.640	0.003
BPP_new_20_75_9.C	10	4.400	6.640	0.003
BPP_new_20_75_9.C	10	4.400	6.640	0.003
BPP_new_20_75_9.C	10	4.400	6.640	0.004
BPP_new_20_75_9.C	10	4.400	6.640	0.003
HBPP_02015007_09180.C	10	1.000	4.600	0.038
HBPP_02015007_09180.C	10	1.000	4.600	0.039
HBPP_02015007_09180.C	10	1.000	4.600	0.039
HBPP_02015007_09180.C	10	1.000	4.600	0.040
HBPP_02015007_09180.C	10	1.000	4.600	0.038
HBPP_02015007_09180.C	10	1.000	4.600	0.037
HBPP_02015007_09180.C	10	1.000	4.600	0.038
HBPP_02015007_09180.C	10	1.000	4.600	0.040
HBPP_02015007_09180.C	10	1.000	4.600	0.038
HBPP_02015007_09180.C	10	1.000	4.600	0.039
HBPP_04000107_06970.C	16	3.200	8.320	0.111
HBPP_04000107_06970.C	16	3.200	8.320	0.111
HBPP_04000107_06970.C	16	2.800	8.080	0.112
HBPP_04000107_06970.C	16	3.000	8.200	0.110
HBPP_04000107_06970.C	16	2.600	7.960	0.111
HBPP_04000107_06970.C	16	3.400	8.440	0.110
HBPP_04000107_06970.C	16	3.000	8.200	0.112
HBPP_04000107_06970.C	16	2.600	7.960	0.111
HBPP_04000107_06970.C	16	2.600	7.960	0.111
HBPP_04000107_06970.C	16	2.600	7.960	0.110
HBPP_04005007_06120.C	16	2.200	7.720	0.113
HBPP_04005007_06120.C	16	2.400	7.840	0.114
HBPP_04005007_06120.C	16	2.200	7.720	0.130
HBPP_04005007_06120.C	16	2.200	7.720	0.128
HBPP_04005007_06120.C	16	2.200	7.720	0.120
HBPP_04005007_06120.C	16	2.200	7.720	0.131
HBPP_04005007_06120.C	16	2.200	7.720	0.129
HBPP_04005007_06120.C	16	2.200	7.720	0.129
HBPP_04005007_06120.C	16	2.200	7.720	0.130
HBPP_04005007_06120.C	16	2.200	7.720	0.137
HBPP_04005009_03610.C	20	2.800	9.680	0.168
HBPP_04005009_03610.C	20	2.800	9.680	0.159
HBPP_04005009_03610.C	20	2.800	9.680	0.155
HBPP_04005009_03610.C	20	2.800	9.680	0.165
HBPP_04005009_03610.C	20	2.800	9.680	0.161
HBPP_04005009_03610.C	20	2.800	9.680	0.158
HBPP_04005009_03610.C	20	2.800	9.680	0.163
HBPP_04005009_03610.C	20	2.800	9.680	0.150
HBPP_04005009_03610.C	20	2.800	9.680	0.169
HBPP_04005009_03610.C	20	2.800	9.680	0.173
HBPP_06000106_07820.C	21	2.800	10.080	0.289
HBPP_06000106_07820.C	21	2.800	10.080	0.254
HBPP_06000106_07820.C	21	2.800	10.080	0.245
HBPP_06000106_07820.C	21	2.800	10.080	0.268
HBPP_06000106_07820.C	21	2.600	9.960	0.241
HBPP_06000106_07820.C	21	2.400	9.840	0.256
HBPP_06000106_07820.C	21	2.800	10.080	0.274
HBPP_06000106_07820.C	21	2.800	10.080	0.263
HBPP_06000106_07820.C	21	2.800	10.080	0.274
HBPP_06000106_07820.C	21	2.600	9.960	0.268
HBPP_06000110_01950.C	27	3.000	12.600	0.306
HBPP_06000110_01950.C	27	3.000	12.600	0.356
HBPP_06000110_01950.C	27	3.000	12.600	0.315
HBPP_06000110_01950.C	27	3.000	12.600	0.393
HBPP_06000110_01950.C	27	3.000	12.600	0.373
HBPP_06000110_01950.C	27	3.000	12.600	0.331
HBPP_06000110_01950.C	27	3.000	12.600	0.322
HBPP_06000110_01950.C	27	3.000	12.600	0.329
HBPP_06000110_01950.C	27	3.000	12.600	0.356
HBPP_06000110_01950.C	27	3.000	12.600	0.310
HBPP_06005007_00330.C	23	4.200	11.720	0.291
HBPP_06005007_00330.C	23	4.200	11.720	0.286
HBPP_06005007_00330.C	23	4.000	11.600	0.290
HBPP_06005007_00330.C	23	4.000	11.600	0.325
HBPP_06005007_00330.C	23	4.200	11.720	0.283
HBPP_06005007_00330.C	23	4.200	11.720	0.289
HBPP_06005007_00330.C	23	4.200	11.720	0.307
HBPP_06005007_00330.C	23	3.800	11.480	0.302
HBPP_06005007_00330.C	23	4.000	11.600	0.299
HBPP_06005007_00330.C	23	4.000	11.600	0.288
HBPP_06005007_03820.C	22	1.400	9.640	0.276
HBPP_06005007_03820.C	22	1.400	9.640	0.279
HBPP_06005007_03820.C	22	1.400	9.640	0.266
HBPP_06005007_03820.C	22	1.600	9.760	0.272
HBPP_06005007_03820.C	22	1.400	9.640	0.276
HBPP_06005007_03820.C	22	1.400	9.640	0.274
HBPP_06005007_03820.C	22	1.400	9.640	0.260
HBPP_06005007_03820.C	22	1.400	9.640	0.298
HBPP_06005007_03820.C	22	1.400	9.640	0.277
HBPP_06005007_03820.C	22	1.400	9.640	0.273
HBPP_06005008_07550.C	24	3.400	11.640	0.320
HBPP_06005008_07550.C	24	3.400	11.640	0.288
HBPP_06005008_07550.C	24	3.200	11.520	0.313
HBPP_06005008_07550.C	24	3.400	11.640	0.295
HBPP_06005008_07550.C	24	3.400	11.640	0.273
HBPP_06005008_07550.C	24	3.400	11.640	0.296
HBPP_06005008_07550.C	24	3.400	11.640	0.291
HBPP_06005008_07550.C	24	3.200	11.520	0.309
HBPP_06005008_07550.C	24	3.400	11.640	0.299
HBPP_06005008_07550.C	24	3.400	11.640	0.311
HBPP_06015006_00670.C	25	2.000	11.200	0.345
HBPP_06015006_00670.C	26	2.000	11.600	0.330
HBPP_06015006_00670.C	25	1.600	10.960	0.310
HBPP_06015006_00670.C	26	2.000	11.600	0.337
HBPP_06015006_00670.C	26	2.000	11.600	0.332
HBPP_06015006_00670.C	25	2.600	11.560	0.343
HBPP_06015006_00670.C	25	2.200	11.320	0.265
HBPP_06015006_00670.C	25	2.000	11.200	0.268
HBPP_06015006_00670.C	25	2.000	11.200	0.270
HBPP_06015006_00670.C	25	2.000	11.200	0.275
HBPP_06015009_04030.C	31	5.200	15.520	0.383
HBPP_06015009_04030.C	31	5.400	15.640	0.359
HBPP_06015009_04030.C	31	5.200	15.520	0.359
HBPP_06015009_04030.C	32	4.600	15.560	0.371
HBPP_06015009_04030.C	32	4.600	15.560	0.372
HBPP_06015009_04030.C	32	4.600	15.560	0.369
HBPP_06015009_04030.C	31	5.400	15.640	0.400
HBPP_06015009_04030.C	31	5.200	15.520	0.410
HBPP_06015009_04030.C	31	5.200	15.520	0.369
HBPP_06015009_04030.C	31	5.200	15.520	0.383
HBPP_06015010_07710.C	34	2.800	15.280	0.434
HBPP_06015010_07710.C	34	2.800	15.280	0.431
HBPP_06015010_07710.C	34	2.800	15.280	0.415
HBPP_06015010_07710.C	34	2.800	15.280	0.412
HBPP_06015010_07710.C	34	2.600	15.160	0.469
HBPP_06015010_07710.C	34	2.800	15.280	0.437
HBPP_06015010_07710.C	34	3.200	15.520	0.448
HBPP_06015010_07710.C	34	2.800	15.280	0.431
HBPP_06015010_07710.C	34	2.800	15.280	0.394
HBPP_06015010_07710.C	34	2.400	15.040	0.439
HBPP_06025005_06390.C	24	5.200	12.720	0.306
HBPP_06025005_06390.C	24	5.000	12.600	0.299
HBPP_06025005_06390.C	24	5.200	12.720	0.304
HBPP_06025005_06390.C	24	5.200	12.720	0.330
HBPP_06025005_06390.C	24	5.600	12.960	0.321
HBPP_06025005_06390.C	25	5.000	13.000	0.321
HBPP_06025005_06390.C	24	5.200	12.720	0.311
HBPP_06025005_06390.C	24	5.000	12.600	0.341
HBPP_06025005_06390.C	24	5.200	12.720	0.340
HBPP_06025005_06390.C	24	5.000	12.600	0.327
HBPP_08000107_06240.C	28	5.800	14.680	0.540
HBPP_08000107_06240.C	28	6.000	14.800	0.549
HBPP_08000107_06240.C	28	5.800	14.680	0.563
HBPP_08000107_06240.C	28	6.000	14.800	0.556
HBPP_08000107_06240.C	28	5.800	14.680	0.544
HBPP_08000107_06240.C	28	5.800	14.680	0.544
HBPP_08000107_06240.C	28	5.800	14.680	0.512
HBPP_08000107_06240.C	28	6.000	14.800	0.549
HBPP_08000107_06240.C	28	5.800	14.680	0.524
HBPP_08000107_06240.C	28	5.600	14.560	0.513
HBPP_08005006_08620.C	28	5.400	14.440	0.543
HBPP_08005006_08620.C	28	5.200	14.320	0.541
HBPP_08005006_08620.C	28	5.400	14.440	0.539
HBPP_08005006_08620.C	28	5.200	14.320	0.595
HBPP_08005006_08620.C	28	5.400	14.440	0.518
HBPP_08005006_08620.C	28	5.400	14.440	0.541
HBPP_08005006_08620.C	28	5.400	14.440	0.583
HBPP_08005006_08620.C	28	5.200	14.320	0.567
HBPP_08005006_08620.C	28	5.200	14.320	0.553
HBPP_08005006_08620.C	28	5.200	14.320	0.541
HBPP_08005007_03940.C	29	5.400	14.840	0.573
HBPP_08005007_03940.C	29	5.400	14.840	0.511
HBPP_08005007_03940.C	29	5.400	14.840	0.576
HBPP_08005007_03940.C	29	5.400	14.840	0.586
HBPP_08005007_03940.C	29	5.200	14.720	0.510
HBPP_08005007_03940.C	29	5.400	14.840	0.549
HBPP_08005007_03940.C	29	5.600	14.960	0.532
HBPP_08005007_03940.C	29	5.400	14.840	0.579
HBPP_08005007_03940.C	29	5.400	14.840	0.515
HBPP_08005007_03940.C	29	5.400	14.840	0.566
HBPP_10000107_05080.C	38	5.400	18.440	0.979
HBPP_10000107_05080.C	38	5.400	18.440	1.014
HBPP_10000107_05080.C	38	5.400	18.440	0.969
HBPP_10000107_05080.C	38	5.400	18.440	1.007
HBPP_10000107_05080.C	38	5.000	18.200	1.014
HBPP_10000107_05080.C	38	5.200	18.320	0.994
HBPP_10000107_05080.C	38	5.400	18.440	1.041
HBPP_10000107_05080.C	38	5.400	18.440	0.997
HBPP_10000107_05080.C	38	5.200	18.320	0.997
HBPP_10000107_05080.C	38	5.400	18.440	1.034
HBPP_10000107_07330.C	36	4.000	16.800	0.982
HBPP_10000107_07330.C	36	4.000	16.800	0.921
HBPP_10000107_07330.C	36	3.800	16.680	0.990
HBPP_10000107_07330.C	36	4.000	16.800	0.946
HBPP_10000107_07330.C	36	3.800	16.680	0.907
HBPP_10000107_07330.C	36	4.000	16.800	0.980
HBPP_10000107_07330.C	36	3.800	16.680	0.962
HBPP_10000107_07330.C	36	4.000	16.800	0.979
HBPP_10000107_07330.C	36	4.000	16.800	0.969
HBPP_10000107_07330.C	36	4.000	16.800	0.958
HBPP_10000108_02570.C	39	4.600	18.360	0.657
HBPP_10000108_02570.C	39	4.600	18.360	0.654
HBPP_10000108_02570.C	39	4.600	18.360	0.656
HBPP_10000108_02570.C	39	4.600	18.360	0.654
HBPP_10000108_02570.C	39	4.600	18.360	0.665
HBPP_10000108_02570.C	39	4.600	18.360	0.653
HBPP_10000108_02570.C	39	4.600	18.360	0.677
HBPP_10000108_02570.C	39	4.600	18.360	0.653
HBPP_10000108_02570.C	39	4.600	18.360	0.657
HBPP_10000108_02570.C	39	4.600	18.360	0.657
HBPP_10015007_04640.C	46	3.800	20.680	0.796
HBPP_10015007_04640.C	46	3.800	20.680	0.798
HBPP_10015007_04640.C	46	4.000	20.800	0.838
HBPP_10015007_04640.C	46	3.600	20.560	0.807
HBPP_10015007_04640.C	46	3.800	20.680	0.803
HBPP_10015007_04640.C	46	3.800	20.680	0.798
HBPP_10015007_04640.C	46	3.800	20.680	0.858
HBPP_10015007_04640.C	46	3.800	20.680	0.822
HBPP_10015007_04640.C	46	3.800	20.680	0.822
HBPP_10015007_04640.C	46	3.800	20.680	0.794
HBPP_12000107_08940.C	46	6.400	22.240	0.924
HBPP_12000107_08940.C	46	6.400	22.240	0.921
HBPP_12000107_08940.C	46	6.400	22.240	0.937
HBPP_12000107_08940.C	46	6.400	22.240	0.957
HBPP_12000107_08940.C	46	6.400	22.240	0.980
HBPP_12000107_08940.C	46	6.400	22.240	0.942
HBPP_12000107_08940.C	46	6.400	22.240	0.948
HBPP_12000107_08940.C	46	6.400	22.240	0.987
HBPP_12000107_08940.C	46	6.400	22.240	0.964
HBPP_12000107_08940.C	46	6.400	22.240	0.925
HBPP_12000108_00350.C	45	2.000	19.200	0.924
HBPP_12000108_00350.C	45	2.000	19.200	0.916
HBPP_12000108_00350.C	45	1.600	18.960	0.970
HBPP_12000108_00350.C	45	2.200	19.320	0.918
HBPP_12000108_00350.C	45	1.800	19.080	0.920
HBPP_12000108_00350.C	45	2.200	19.320	0.996
HBPP_12000108_00350.C	45	2.200	19.320	0.919
HBPP_12000108_00350.C	45	1.800	19.080	0.913
HBPP_12000108_00350.C	45	2.000	19.200	0.929
HBPP_12000108_00350.C	45	1.600	18.960	0.939
HBPP_12000109_09170.C	58	3.400	25.240	1.174
HBPP_12000109_09170.C	58	3.800	25.480	1.181
HBPP_12000109_09170.C	58	3.600	25.360	1.139
HBPP_12000109_09170.C	58	3.600	25.360	1.146
HBPP_12000109_09170.C	58	3.200	25.120	1.187
HBPP_12000109_09170.C	59	3.200	25.520	1.143
HBPP_12000109_09170.C	59	3.200	25.520	1.159
HBPP_12000109_09170.C	59	3.200	25.520	1.204
HBPP_12000109_09170.C	58	3.600	25.360	1.148
HBPP_12000109_09170.C	58	3.200	25.120	1.203
HBPP_12000110_06550.C	62	3.800	27.080	1.278
HBPP_12000110_06550.C	62	4.000	27.200	1.222
HBPP_12000110_06550.C	62	4.000	27.200	1.240
HBPP_12000110_06550.C	62	4.000	27.200	1.265
HBPP_12000110_06550.C	62	3.400	26.840	1.240
HBPP_12000110_06550.C	62	3.600	26.960	1.260
HBPP_12000110_06550.C	62	4.000	27.200	1.251
HBPP_12000110_06550.C	62	4.000	27.200	1.232
HBPP_12000110_06550.C	62	4.000	27.200	1.243
HBPP_12000110_06550.C	62	4.000	27.200	1.223
HBPP_12005007_01380.C	53	3.400	23.240	1.103
HBPP_12005007_01380.C	53	3.200	23.120	1.109
HBPP_12005007_01380.C	53	3.200	23.120	1.088
HBPP_12005007_01380.C	53	3.200	23.120	1.096
HBPP_12005007_01380.C	53	3.400	23.240	1.112
HBPP_12005007_01380.C	53	3.200	23.120	1.093
HBPP_12005007_01380.C	53	3.400	23.240	1.092
HBPP_12005007_01380.C	53	3.200	23.120	1.096
HBPP_12005007_01380.C	53	3.400	23.240	1.100
HBPP_12005007_01380.C	53	3.200	23.120	1.130
HBPP_12005007_01800.C	45	5.000	21.000	1.242
HBPP_12005007_01800.C	45	5.000	21.000	1.333
HBPP_12005007_01800.C	45	5.000	21.000	1.507
HBPP_12005007_01800.C	45	4.800	20.880	1.571
HBPP_12005007_01800.C	45	5.000	21.000	1.542
HBPP_12005007_01800.C	45	5.000	21.000	1.562
HBPP_12005007_01800.C	45	5.000	21.000	1.564
HBPP_12005007_01800.C	45	5.200	21.120	1.577
HBPP_12005007_01800.C	45	5.000	21.000	1.623
HBPP_12005007_01800.C	45	5.000	21.000	1.556
HBPP_12005007_03240.C	44	4.000	20.000	1.599
HBPP_12005007_03240.C	44	4.200	20.120	1.604
HBPP_12005007_03240.C	44	4.000	20.000	1.554
HBPP_12005007_03240.C	44	4.000	20.000	1.550
HBPP_12005007_03240.C	44	4.000	20.000	1.571
HBPP_12005007_03240.C	44	4.000	20.000	1.523
HBPP_12005007_03240.C	44	4.200	20.120	1.586
HBPP_12005007_03240.C	44	4.200	20.120	0.914
HBPP_12005007_03240.C	44	4.200	20.120	0.909
HBPP_12005007_03240.C	44	4.200	20.120	0.923
HBPP_12005008_04500.C	55	5.800	25.480	1.141
HBPP_12005008_04500.C	55	5.800	25.480	1.151
HBPP_12005008_04500.C	55	5.800	25.480	1.150
HBPP_12005008_04500.C	55	5.800	25.480	1.139
HBPP_12005008_04500.C	55	5.800	25.480	1.169
HBPP_12005008_04500.C	55	5.800	25.480	1.183
HBPP_12005008_04500.C	55	5.600	25.360	1.749
HBPP_12005008_04500.C	56	5.600	25.760	1.947
HBPP_12005008_04500.C	55	5.800	25.480	1.988
HBPP_12005008_04500.C	55	6.000	25.600	2.029
HBPP_12015007_01650.C	54	6.000	25.200	1.279
HBPP_12015007_01650.C	55	5.000	25.000	1.435
HBPP_12015007_01650.C	55	5.000	25.000	1.415
HBPP_12015007_01650.C	54	5.800	25.080	1.493
HBPP_12015007_01650.C	55	5.200	25.120	1.711
HBPP_12015007_01650.C	55	5.400	25.240	1.737
HBPP_12015007_01650.C	54	6.000	25.200	1.706
HBPP_12015007_01650.C	55	5.200	25.120	1.870
HBPP_12015007_01650.C	54	5.600	24.960	1.748
HBPP_12015007_01650.C	55	5.400	25.240	1.773
HBPP_12015009_07400.C	63	7.800	29.880	1.288
HBPP_12015009_07400.C	63	7.600	29.760	1.291
HBPP_12015009_07400.C	63	7.600	29.760	1.289
HBPP_12015009_07400.C	63	7.600	29.760	1.296
HBPP_12015009_07400.C	63	7.600	29.760	1.292
HBPP_12015009_07400.C	63	7.800	29.880	1.310
HBPP_12015009_07400.C	63	7.400	29.640	1.297
HBPP_12015009_07400.C	63	7.600	29.760	1.290
HBPP_12015009_07400.C	63	7.600	29.760	2.215
HBPP_12015009_07400.C	63	8.200	30.120	2.257
HBPP_14005010_04470.C	81	10.200	38.520	1.891
HBPP_14005010_04470.C	82	10.600	39.160	1.938
HBPP_14005010_04470.C	81	10.800	38.880	1.878
HBPP_14005010_04470.C	81	11.200	39.120	1.901
HBPP_14005010_04470.C	81	10.600	38.760	1.896
HBPP_14005010_04470.C	81	11.000	39.000	1.952
HBPP_14005010_04470.C	82	10.600	39.160	1.922
HBPP_14005010_04470.C	81	11.000	39.000	1.902
HBPP_14005010_04470.C	81	11.200	39.120	1.953
HBPP_14005010_04470.C	81	10.600	38.760	1.888
HBPP_14015007_01210.C	64	6.000	29.200	1.616
HBPP_14015007_01210.C	65	5.800	29.480	2.844
HBPP_14015007_01210.C	65	5.800	29.480	2.787
HBPP_14015007_01210.C	65	6.200	29.720	2.980
HBPP_14015007_01210.C	65	5.600	29.360	1.577
HBPP_14015007_01210.C	65	5.800	29.480	2.948
HBPP_14015007_01210.C	64	6.000	29.200	2.856
HBPP_14015007_01210.C	65	5.800	29.480	2.927
HBPP_14015007_01210.C	64	6.000	29.200	2.818
HBPP_14015007_01210.C	65	6.000	29.600	3.059
HBPP_14015008_03730.C	68	5.200	30.320	2.953
HBPP_14015008_03730.C	67	6.200	30.520	2.814
HBPP_14015008_03730.C	67	5.000	29.800	1.605
HBPP_14015008_03730.C	67	5.600	30.160	1.603
HBPP_14015008_03730.C	67	5.400	30.040	1.591
HBPP_14015008_03730.C	67	5.600	30.160	1.643
HBPP_14015008_03730.C	68	5.600	30.560	1.605
HBPP_14015008_03730.C	67	5.600	30.160	1.617
HBPP_14015008_03730.C	67	5.400	30.040	1.595
HBPP_14015008_03730.C	67	5.400	30.040	1.604
HBPP_16000107_00140.C	63	14.400	33.840	3.166
HBPP_16000107_00140.C	63	14.200	33.720	3.081
HBPP_16000107_00140.C	63	14.400	33.840	3.248
HBPP_16000107_00140.C	63	14.200	33.720	3.184
HBPP_16000107_00140.C	62	14.800	33.680	3.137
HBPP_16000107_00140.C	63	14.200	33.720	3.168
HBPP_16000107_00140.C	62	14.800	33.680	3.120
HBPP_16000107_00140.C	63	14.200	33.720	3.151
HBPP_16000107_00140.C	63	14.400	33.840	3.139
HBPP_16000107_00140.C	63	14.200	33.720	3.291
HBPP_16000108_01490.C	67	13.400	34.840	3.140
HBPP_16000108_01490.C	67	13.000	34.600	2.838
HBPP_16000108_01490.C	67	13.200	34.720	1.877
HBPP_16000108_01490.C	67	13.200	34.720	1.940
HBPP_16000108_01490.C	67	13.200	34.720	1.858
HBPP_16000108_01490.C	67	13.200	34.720	1.863
HBPP_16000108_01490.C	67	12.800	34.480	1.886
HBPP_16000108_01490.C	67	13.000	34.600	1.870
HBPP_16000108_01490.C	67	13.200	34.720	1.951
HBPP_16000108_01490.C	67	13.000	34.600	3.273
HBPP_16000110_02790.C	85	17.000	44.200	4.134
HBPP_16000110_02790.C	85	17.200	44.320	4.085
HBPP_16000110_02790.C	85	17.200	44.320	4.051
HBPP_16000110_02790.C	85	17.000	44.200	4.160
HBPP_16000110_02790.C	85	16.200	43.720	2.613
HBPP_16000110_02790.C	86	16.400	44.240	2.681
HBPP_16000110_02790.C	85	17.200	44.320	2.925
HBPP_16000110_02790.C	86	16.400	44.240	3.076
HBPP_16000110_02790.C	85	16.000	43.600	3.157
HBPP_16000110_02790.C	85	16.800	44.080	3.346
HBPP_16005009_00010.C	80	13.800	40.280	2.235
HBPP_16005009_00010.C	79	15.200	40.720	2.276
HBPP_16005009_00010.C	81	14.200	40.920	2.299
HBPP_16005009_00010.C	80	14.200	40.520	2.256
HBPP_16005009_00010.C	79	15.200	40.720	2.373
HBPP_16005009_00010.C	80	14.000	40.400	2.597
HBPP_16005009_00010.C	80	14.200	40.520	2.665
HBPP_16005009_00010.C	80	14.400	40.640	3.029
HBPP_16005009_00010.C	80	14.000	40.400	2.309
HBPP_16005009_00010.C	80	14.200	40.520	2.303
HBPP_16005009_01610.C	80	12.200	39.320	2.272
HBPP_16005009_01610.C	80	12.400	39.440	2.236
HBPP_16005009_01610.C	80	12.200	39.320	2.287
HBPP_16005009_01610.C	80	12.600	39.560	2.275
HBPP_16005009_01610.C	80	11.800	39.080	2.256
HBPP_16005009_01610.C	80	11.800	39.080	2.237
HBPP_16005009_01610.C	80	11.600	38.960	2.255
HBPP_16005009_01610.C	80	12.400	39.440	2.221
HBPP_16005009_01610.C	80	11.600	38.960	2.251
HBPP_16005009_01610.C	80	11.800	39.080	2.305
HBPP_16015007_02060.C	75	9.200	35.520	2.124
HBPP_16015007_02060.C	75	9.800	35.880	2.158
HBPP_16015007_02060.C	76	9.200	35.920	2.123
HBPP_16015007_02060.C	75	9.400	35.640	2.139
HBPP_16015007_02060.C	75	9.000	35.400	2.129
HBPP_16015007_02060.C	75	9.400	35.640	2.124
HBPP_16015007_02060.C	75	8.600	35.160	2.137
HBPP_16015007_02060.C	75	9.000	35.400	2.156
HBPP_16015007_02060.C	75	8.800	35.280	2.158
HBPP_16015007_02060.C	75	8.600	35.160	2.196
HBPP_16015009_09810.C	86	12.400	41.840	2.514
HBPP_16015009_09810.C	86	12.400	41.840	4.370
HBPP_16015009_09810.C	87	12.200	42.120	2.561
HBPP_16015009_09810.C	87	12.000	42.000	2.472
HBPP_16015009_09810.C	86	12.600	41.960	2.503
HBPP_16015009_09810.C	87	11.800	41.880	2.590
HBPP_16015009_09810.C	87	12.000	42.000	3.284
HBPP_16015009_09810.C	87	12.400	42.240	2.520
HBPP_16015009_09810.C	87	12.000	42.000	2.514
HBPP_16015009_09810.C	87	11.600	41.760	2.533
HBPP_18000108_03590.C	77	9.600	36.560	4.300
HBPP_18000108_03590.C	77	10.000	36.800	2.923
HBPP_18000108_03590.C	77	9.600	36.560	2.840
HBPP_18000108_03590.C	77	10.400	37.040	2.836
HBPP_18000108_03590.C	77	10.600	37.160	2.786
HBPP_18000108_03590.C	77	10.400	37.040	2.837
HBPP_18000108_03590.C	77	9.800	36.680	2.849
HBPP_18000108_03590.C	77	9.800	36.680	2.811
HBPP_18000108_03590.C	77	10.000	36.800	2.798
HBPP_18000108_03590.C	77	10.200	36.920	2.926
HBPP_18000108_07160.C	78	11.000	37.800	3.638
HBPP_18000108_07160.C	79	10.600	37.960	2.955
HBPP_18000108_07160.C	79	10.400	37.840	3.815
HBPP_18000108_07160.C	79	11.000	38.200	2.759
HBPP_18000108_07160.C	78	12.000	38.400	2.774
HBPP_18000108_07160.C	78	12.000	38.400	2.789
HBPP_18000108_07160.C	79	11.000	38.200	2.780
HBPP_18000108_07160.C	78	10.800	37.680	2.912
HBPP_18000108_07160.C	78	11.800	38.280	2.843
HBPP_18000108_07160.C	79	10.600	37.960	2.912
HBPP_18000110_04390.C	90	10.600	42.360	3.254
HBPP_18000110_04390.C	90	10.200	42.120	3.326
HBPP_18000110_04390.C	90	10.200	42.120	3.595
HBPP_18000110_04390.C	90	9.800	41.880	4.004
HBPP_18000110_04390.C	90	9.800	41.880	4.349
HBPP_18000110_04390.C	90	10.200	42.120	4.767
HBPP_18000110_04390.C	90	10.200	42.120	4.570
HBPP_18000110_04390.C	90	10.000	42.000	4.821
HBPP_18000110_04390.C	90	9.800	41.880	3.151
HBPP_18000110_04390.C	90	10.200	42.120	3.207
HBPP_18015008_08210.C	89	15.200	44.720	3.309
HBPP_18015008_08210.C	89	15.400	44.840	3.350
HBPP_18015008_08210.C	89	15.600	44.960	3.306
HBPP_18015008_08210.C	89	15.400	44.840	3.323
HBPP_18015008_08210.C	89	15.400	44.840	3.402
HBPP_18015008_08210.C	89	15.400	44.840	3.299
HBPP_18015008_08210.C	89	15.400	44.840	3.268
HBPP_18015008_08210.C	89	15.400	44.840	3.279
HBPP_18015008_08210.C	89	15.200	44.720	3.269
HBPP_18015008_08210.C	89	15.200	44.720	3.322
HBPP_18015010_06050.C	109	11.000	50.200	5.652
HBPP_18015010_06050.C	109	10.800	50.080	5.783
HBPP_18015010_06050.C	109	11.200	50.320	3.868
HBPP_18015010_06050.C	109	11.000	50.200	3.921
HBPP_18015010_06050.C	109	10.800	50.080	3.975
HBPP_18015010_06050.C	109	10.800	50.080	3.946
HBPP_18015010_06050.C	109	11.000	50.200	3.993
HBPP_18015010_06050.C	109	10.400	49.840	4.029
HBPP_18015010_06050.C	109	10.800	50.080	4.032
HBPP_18015010_06050.C	109	10.600	49.960	3.888
HBPP_20000107_01190.C	78	4.600	33.960	3.525
HBPP_20000107_01190.C	78	5.000	34.200	3.455
HBPP_20000107_01190.C	78	4.800	34.080	3.794
HBPP_20000107_01190.C	78	4.400	33.840	3.904
HBPP_20000107_01190.C	78	4.400	33.840	3.402
HBPP_20000107_01190.C	78	4.800	34.080	3.427
HBPP_20000107_01190.C	78	3.600	33.360	3.441
HBPP_20000107_01190.C	78	4.600	33.960	3.425
HBPP_20000107_01190.C	78	4.400	33.840	3.449
HBPP_20000107_01190.C	78	4.400	33.840	3.414
HBPP_20000108_00250.C	79	13.200	39.520	4.486
HBPP_20000108_00250.C	79	12.800	39.280	4.816
HBPP_20000108_00250.C	79	13.400	39.640	5.049
HBPP_20000108_00250.C	79	13.400	39.640	4.950
HBPP_20000108_00250.C	78	13.200	39.120	3.472
HBPP_20000108_00250.C	78	13.000	39.000	3.482
HBPP_20000108_00250.C	78	13.000	39.000	4.871
HBPP_20000108_00250.C	79	13.000	39.400	3.458
HBPP_20000108_00250.C	79	12.600	39.160	4.659
HBPP_20000108_00250.C	79	13.400	39.640	4.793
HBPP_20000108_01750.C	88	15.600	44.560	3.790
HBPP_20000108_01750.C	87	16.000	44.400	3.901
HBPP_20000108_01750.C	88	15.400	44.440	3.875
HBPP_20000108_01750.C	87	16.800	44.880	4.402
HBPP_20000108_01750.C	87	15.000	43.800	4.985
HBPP_20000108_01750.C	87	15.600	44.160	5.356
HBPP_20000108_01750.C	87	16.000	44.400	4.504
HBPP_20000108_01750.C	87	14.800	43.680	4.796
HBPP_20000108_01750.C	88	15.200	44.320	5.157
HBPP_20000108_01750.C	87	14.600	43.560	3.804
HBPP_20005008_01240.C	88	10.000	41.200	3.931
HBPP_20005008_01240.C	88	9.800	41.080	3.917
HBPP_20005008_01240.C	88	10.200	41.320	3.927
HBPP_20005008_01240.C	88	9.800	41.080	4.042
HBPP_20005008_01240.C	88	9.800	41.080	3.970
HBPP_20005008_01240.C	88	9.800	41.080	3.923
HBPP_20005008_01240.C	88	10.400	41.440	3.865
HBPP_20005008_01240.C	88	9.800	41.080	3.855
HBPP_20005008_01240.C	87	11.000	41.400	3.878
HBPP_20005008_01240.C	88	10.000	41.200	3.875
HBPP_20005009_02000.C	96	11.800	45.480	5.902
HBPP_20005009_02000.C	96	12.000	45.600	6.138
HBPP_20005009_02000.C	96	11.800	45.480	5.502
HBPP_20005009_02000.C	96	11.400	45.240	6.061
HBPP_20005009_02000.C	96	11.600	45.360	4.301
HBPP_20005009_02000.C	96	11.000	45.000	4.201
HBPP_20005009_02000.C	97	11.000	45.400	4.197
HBPP_20005009_02000.C	96	11.000	45.000	4.247
HBPP_20005009_02000.C	96	11.400	45.240	4.242
HBPP_20005009_02000.C	96	11.800	45.480	4.327
HBPP_20005010_09530.C	106	10.200	48.520	4.690
HBPP_20005010_09530.C	105	10.600	48.360	4.683
HBPP_20005010_09530.C	106	9.800	48.280	4.770
HBPP_20005010_09530.C	105	10.600	48.360	4.690
HBPP_20005010_09530.C	106	9.800	48.280	4.780
HBPP_20005010_09530.C	105	10.600	48.360	4.741
HBPP_20005010_09530.C	105	10.600	48.360	4.679
HBPP_20005010_09530.C	106	10.400	48.640	4.733
HBPP_20005010_09530.C	106	9.400	48.040	4.665
HBPP_20005010_09530.C	105	10.800	48.480	4.697
HBPP_20015007_06370.C	86	10.000	40.400	3.841
HBPP_20015007_06370.C	86	10.600	40.760	3.914
HBPP_20015007_06370.C	86	9.600	40.160	3.907
HBPP_20015007_06370.C	86	10.200	40.520	3.833
HBPP_20015007_06370.C	86	10.200	40.520	3.839
HBPP_20015007_06370.C	86	9.400	40.040	3.960
HBPP_20015007_06370.C	86	10.400	40.640	3.903
HBPP_20015007_06370.C	86	9.600	40.160	3.941
HBPP_20015007_06370.C	86	9.600	40.160	4.208
HBPP_20015007_06370.C	86	9.600	40.160	4.702
HBPP_20015009_02720.C	115	17.600	56.560	7.685
HBPP_20015009_02720.C	115	16.800	56.080	7.114
HBPP_20015009_02720.C	115	17.800	56.680	7.152
HBPP_20015009_02720.C	115	17.600	56.560	7.358
HBPP_20015009_02720.C	115	16.800	56.080	6.826
HBPP_20015009_02720.C	115	17.200	56.320	5.200
HBPP_20015009_02720.C	115	16.800	56.080	5.082
HBPP_20015009_02720.C	115	17.000	56.200	5.101
HBPP_20015009_02720.C	115	17.400	56.440	5.192
HBPP_20015009_02720.C	115	17.200	56.320	5.076
BPP_100_1000_0.1_0.8_0.C	46	0.800	18.880	1.219
BPP_100_1000_0.1_0.8_0.C	46	1.000	19.000	1.257
BPP_100_1000_0.1_0.8_0.C	46	0.800	18.880	1.265
BPP_100_1000_0.1_0.8_0.C	47	0.800	19.280	1.281
BPP_100_1000_0.1_0.8_0.C	46	0.800	18.880	1.316
BPP_100_1000_0.1_0.8_0.C	46	0.800	18.880	1.299
BPP_100_1000_0.1_0.8_0.C	46	0.800	18.880	1.209
BPP_100_1000_0.1_0.8_0.C	46	0.800	18.880	0.789
BPP_100_1000_0.1_0.8_0.C	46	1.400	19.240	0.791
BPP_100_1000_0.1_0.8_0.C	46	1.400	19.240	0.793
BPP_100_1000_0.1_0.8_1.C	47	-0.000	18.800	0.806
BPP_100_1000_0.1_0.8_1.C	47	-0.000	18.800	0.797
BPP_100_1000_0.1_0.8_1.C	47	-0.000	18.800	0.795
BPP_100_1000_0.1_0.8_1.C	47	-0.000	18.800	0.809
BPP_100_1000_0.1_0.8_1.C	47	-0.000	18.800	0.799
BPP_100_1000_0.1_0.8_1.C	47	-0.000	18.800	0.819
BPP_100_1000_0.1_0.8_1.C	47	-0.000	18.800	0.795
BPP_100_1000_0.1_0.8_1.C	47	-0.000	18.800	0.797
BPP_100_1000_0.1_0.8_1.C	47	-0.000	18.800	0.798
BPP_100_1000_0.1_0.8_1.C	47	-0.000	18.800	0.807
BPP_100_1000_0.1_0.8_2.C	45	1.400	18.840	0.789
BPP_100_1000_0.1_0.8_2.C	45	1.400	18.840	0.877
BPP_100_1000_0.1_0.8_2.C	45	1.600	18.960	0.894
BPP_100_1000_0.1_0.8_2.C	45	1.600	18.960	0.832
BPP_100_1000_0.1_0.8_2.C	45	1.400	18.840	0.814
BPP_100_1000_0.1_0.8_2.C	45	1.400	18.840	0.776
BPP_100_1000_0.1_0.8_2.C	45	1.600	18.960	0.782
BPP_100_1000_0.1_0.8_2.C	45	1.400	18.840	0.774
BPP_100_1000_0.1_0.8_2.C	45	1.600	18.960	0.782
BPP_100_1000_0.1_0.8_2.C	45	1.400	18.840	0.785
BPP_100_1000_0.1_0.8_3.C	46	1.000	19.000	0.789
BPP_100_1000_0.1_0.8_3.C	45	1.000	18.600	0.794
BPP_100_1000_0.1_0.8_3.C	45	1.400	18.840	0.790
BPP_100_1000_0.1_0.8_3.C	46	1.000	19.000	0.794
BPP_100_1000_0.1_0.8_3.C	45	1.200	18.720	0.793
BPP_100_1000_0.1_0.8_3.C	45	1.000	18.600	0.794
BPP_100_1000_0.1_0.8_3.C	45	1.000	18.600	0.850
BPP_100_1000_0.1_0.8_3.C	45	1.000	18.600	0.793
BPP_100_1000_0.1_0.8_3.C	45	1.000	18.600	0.792
BPP_100_1000_0.1_0.8_3.C	45	1.200	18.720	0.795
BPP_100_1000_0.1_0.8_4.C	45	1.000	18.600	0.791
BPP_100_1000_0.1_0.8_4.C	45	1.000	18.600	0.788
BPP_100_1000_0.1_0.8_4.C	45	1.000	18.600	0.834
BPP_100_1000_0.1_0.8_4.C	45	1.000	18.600	0.788
BPP_100_1000_0.1_0.8_4.C	45	1.000	18.600	0.788
BPP_100_1000_0.1_0.8_4.C	45	1.000	18.600	0.807
BPP_100_1000_0.1_0.8_4.C	45	1.000	18.600	0.779
BPP_100_1000_0.1_0.8_4.C	45	1.000	18.600	0.788
BPP_100_1000_0.1_0.8_4.C	45	1.000	18.600	0.796
BPP_100_1000_0.1_0.8_4.C	45	1.000	18.600	0.793
BPP_100_1000_0.1_0.8_5.C	47	4.200	21.320	0.819
BPP_100_1000_0.1_0.8_5.C	47	4.200	21.320	0.818
BPP_100_1000_0.1_0.8_5.C	46	5.000	21.400	0.819
BPP_100_1000_0.1_0.8_5.C	47	4.200	21.320	0.813
BPP_100_1000_0.1_0.8_5.C	46	5.000	21.400	0.822
BPP_100_1000_0.1_0.8_5.C	47	4.200	21.320	0.823
BPP_100_1000_0.1_0.8_5.C	47	4.200	21.320	0.826
BPP_100_1000_0.1_0.8_5.C	47	4.200	21.320	0.828
BPP_100_1000_0.1_0.8_5.C	46	5.000	21.400	0.839
BPP_100_1000_0.1_0.8_5.C	46	5.000	21.400	0.834
BPP_100_1000_0.1_0.8_6.C	45	3.600	20.160	1.577
BPP_100_1000_0.1_0.8_6.C	45	3.600	20.160	1.713
BPP_100_1000_0.1_0.8_6.C	45	3.600	20.160	0.782
BPP_100_1000_0.1_0.8_6.C	45	3.400	20.040	0.775
BPP_100_1000_0.1_0.8_6.C	45	3.400	20.040	0.775
BPP_100_1000_0.1_0.8_6.C	45	3.400	20.040	0.811
BPP_100_1000_0.1_0.8_6.C	45	3.400	20.040	0.771
BPP_100_1000_0.1_0.8_6.C	45	3.600	20.160	0.776
BPP_100_1000_0.1_0.8_6.C	45	3.400	20.040	0.779
BPP_100_1000_0.1_0.8_6.C	45	3.400	20.040	0.793
BPP_100_1000_0.1_0.8_7.C	46	2.600	19.960	0.782
BPP_100_1000_0.1_0.8_7.C	46	1.800	19.480	0.792
BPP_100_1000_0.1_0.8_7.C	46	2.600	19.960	0.802
BPP_100_1000_0.1_0.8_7.C	46	2.400	19.840	0.785
BPP_100_1000_0.1_0.8_7.C	46	2.600	19.960	0.786
BPP_100_1000_0.1_0.8_7.C	46	2.600	19.960	0.799
BPP_100_1000_0.1_0.8_7.C	46	2.600	19.960	1.270
BPP_100_1000_0.1_0.8_7.C	46	2.800	20.080	1.249
BPP_100_1000_0.1_0.8_7.C	47	2.000	20.000	1.243
BPP_100_1000_0.1_0.8_7.C	47	1.600	19.760	1.268
BPP_100_1000_0.1_0.8_8.C	51	1.400	21.240	1.239
BPP_100_1000_0.1_0.8_8.C	51	1.400	21.240	1.299
BPP_100_1000_0.1_0.8_8.C	51	1.400	21.240	0.857
BPP_100_1000_0.1_0.8_8.C	51	1.400	21.240	0.945
BPP_100_1000_0.1_0.8_8.C	51	1.400	21.240	0.961
BPP_100_1000_0.1_0.8_8.C	51	1.400	21.240	0.972
BPP_100_1000_0.1_0.8_8.C	51	1.400	21.240	0.961
BPP_100_1000_0.1_0.8_8.C	51	1.400	21.240	0.998
BPP_100_1000_0.1_0.8_8.C	51	1.400	21.240	0.947
BPP_100_1000_0.1_0.8_8.C	51	1.400	21.240	1.038
BPP_100_1000_0.1_0.8_9.C	44	2.600	19.160	0.853
BPP_100_1000_0.1_0.8_9.C	44	2.600	19.160	0.925
BPP_100_1000_0.1_0.8_9.C	44	2.600	19.160	0.800
BPP_100_1000_0.1_0.8_9.C	44	2.600	19.160	0.870
BPP_100_1000_0.1_0.8_9.C	44	3.000	19.400	0.860
BPP_100_1000_0.1_0.8_9.C	44	2.800	19.280	0.933
BPP_100_1000_0.1_0.8_9.C	44	2.800	19.280	0.993
BPP_100_1000_0.1_0.8_9.C	44	2.600	19.160	0.938
BPP_100_1000_0.1_0.8_9.C	44	3.000	19.400	1.039
BPP_100_1000_0.1_0.8_9.C	44	3.200	19.520	1.033
BPP_100_100_0.1_0.8_0.C	48	4.400	21.840	0.095
BPP_100_100_0.1_0.8_0.C	48	4.200	21.720	0.099
BPP_100_100_0.1_0.8_0.C	48	4.800	22.080	0.101
BPP_100_100_0.1_0.8_0.C	48	4.800	22.080	0.096
BPP_100_100_0.1_0.8_0.C	48	4.600	21.960	0.092
BPP_100_100_0.1_0.8_0.C	48	4.800	22.080	0.094
BPP_100_100_0.1_0.8_0.C	48	4.800	22.080	0.095
BPP_100_100_0.1_0.8_0.C	48	4.000	21.600	0.097
BPP_100_100_0.1_0.8_0.C	48	4.800	22.080	0.095
BPP_100_100_0.1_0.8_0.C	48	4.800	22.080	0.097
BPP_100_100_0.1_0.8_1.C	49	2.000	20.800	0.100
BPP_100_100_0.1_0.8_1.C	49	2.000	20.800	0.100
BPP_100_100_0.1_0.8_1.C	49	2.000	20.800	0.106
BPP_100_100_0.1_0.8_1.C	49	2.000	20.800	0.186
BPP_100_100_0.1_0.8_1.C	49	2.000	20.800	0.102
BPP_100_100_0.1_0.8_1.C	49	1.800	20.680	0.097
BPP_100_100_0.1_0.8_1.C	49	1.800	20.680	0.096
BPP_100_100_0.1_0.8_1.C	49	1.800	20.680	0.095
BPP_100_100_0.1_0.8_1.C	49	2.000	20.800	0.092
BPP_100_100_0.1_0.8_1.C	49	1.800	20.680	0.092
BPP_100_100_0.1_0.8_2.C	43	2.600	18.760	0.087
BPP_100_100_0.1_0.8_2.C	43	2.800	18.880	0.082
BPP_100_100_0.1_0.8_2.C	43	2.600	18.760	0.087
BPP_100_100_0.1_0.8_2.C	43	2.800	18.880	0.087
BPP_100_100_0.1_0.8_2.C	43	2.800	18.880	0.087
BPP_100_100_0.1_0.8_2.C	43	2.600	18.760	0.086
BPP_100_100_0.1_0.8_2.C	43	2.800	18.880	0.083
BPP_100_100_0.1_0.8_2.C	43	2.600	18.760	0.085
BPP_100_100_0.1_0.8_2.C	43	2.800	18.880	0.084
BPP_100_100_0.1_0.8_2.C	43	2.600	18.760	0.083
BPP_100_100_0.1_0.8_3.C	49	2.800	21.280	0.095
BPP_100_100_0.1_0.8_3.C	49	3.000	21.400	0.096
BPP_100_100_0.1_0.8_3.C	48	3.000	21.000	0.096
BPP_100_100_0.1_0.8_3.C	49	3.000	21.400	0.093
BPP_100_100_0.1_0.8_3.C	49	2.800	21.280	0.094
BPP_100_100_0.1_0.8_3.C	49	2.800	21.280	0.095
BPP_100_100_0.1_0.8_3.C	49	2.800	21.280	0.093
BPP_100_100_0.1_0.8_3.C	49	3.000	21.400	0.090
BPP_100_100_0.1_0.8_3.C	49	3.000	21.400	0.092
BPP_100_100_0.1_0.8_3.C	49	3.000	21.400	0.095
BPP_100_100_0.1_0.8_4.C	58	1.000	23.800	0.102
BPP_100_100_0.1_0.8_4.C	58	1.000	23.800	0.105
BPP_100_100_0.1_0.8_4.C	58	0.800	23.680	0.106
BPP_100_100_0.1_0.8_4.C	58	1.000	23.800	0.109
BPP_100_100_0.1_0.8_4.C	58	1.000	23.800	0.107
BPP_100_100_0.1_0.8_4.C	58	0.800	23.680	0.106
BPP_100_100_0.1_0.8_4.C	58	0.800	23.680	0.105
BPP_100_100_0.1_0.8_4.C	58	1.000	23.800	0.106
BPP_100_100_0.1_0.8_4.C	58	1.000	23.800	0.106
BPP_100_100_0.1_0.8_4.C	58	0.800	23.680	0.106
BPP_100_100_0.1_0.8_5.C	52	1.600	21.760	0.114
BPP_100_100_0.1_0.8_5.C	51	2.000	21.600	0.098
BPP_100_100_0.1_0.8_5.C	52	1.800	21.880	0.098
BPP_100_100_0.1_0.8_5.C	51	1.800	21.480	0.097
BPP_100_100_0.1_0.8_5.C	52	1.800	21.880	0.097
BPP_100_100_0.1_0.8_5.C	52	1.800	21.880	0.097
BPP_100_100_0.1_0.8_5.C	51	2.200	21.720	0.096
BPP_100_100_0.1_0.8_5.C	52	1.800	21.880	0.099
BPP_100_100_0.1_0.8_5.C	52	1.800	21.880	0.097
BPP_100_100_0.1_0.8_5.C	51	1.800	21.480	0.098
BPP_100_100_0.1_0.8_6.C	47	0.200	18.920	0.107
BPP_100_100_0.1_0.8_6.C	47	0.200	18.920	0.095
BPP_100_100_0.1_0.8_6.C	47	0.200	18.920	0.091
BPP_100_100_0.1_0.8_6.C	47	0.200	18.920	0.089
BPP_100_100_0.1_0.8_6.C	47	0.200	18.920	0.093
BPP_100_100_0.1_0.8_6.C	47	0.200	18.920	0.091
BPP_100_100_0.1_0.8_6.C	47	0.200	18.920	0.091
BPP_100_100_0.1_0.8_6.C	47	0.200	18.920	0.091
BPP_100_100_0.1_0.8_6.C	47	0.200	18.920	0.091
BPP_100_100_0.1_0.8_6.C	47	0.200	18.920	0.090
BPP_100_100_0.1_0.8_7.C	48	0.200	19.320	0.090
BPP_100_100_0.1_0.8_7.C	48	0.000	19.200	0.093
BPP_100_100_0.1_0.8_7.C	48	0.000	19.200	0.094
BPP_100_100_0.1_0.8_7.C	48	0.200	19.320	0.090
BPP_100_100_0.1_0.8_7.C	48	0.200	19.320	0.094
BPP_100_100_0.1_0.8_7.C	48	0.400	19.440	0.093
BPP_100_100_0.1_0.8_7.C	48	0.400	19.440	0.094
BPP_100_100_0.1_0.8_7.C	48	0.400	19.440	0.094
BPP_100_100_0.1_0.8_7.C	48	0.400	19.440	0.094
BPP_100_100_0.1_0.8_7.C	48	0.400	19.440	0.093
BPP_100_100_0.1_0.8_8.C	46	0.000	18.400	0.090
BPP_100_100_0.1_0.8_8.C	46	0.000	18.400	0.093
BPP_100_100_0.1_0.8_8.C	46	0.000	18.400	0.091
BPP_100_100_0.1_0.8_8.C	46	0.000	18.400	0.097
BPP_100_100_0.1_0.8_8.C	46	0.000	18.400	0.094
BPP_100_100_0.1_0.8_8.C	46	0.000	18.400	0.089
BPP_100_100_0.1_0.8_8.C	46	0.000	18.400	0.089
BPP_100_100_0.1_0.8_8.C	46	0.000	18.400	0.093
BPP_100_100_0.1_0.8_8.C	46	0.000	18.400	0.089
BPP_100_100_0.1_0.8_8.C	46	0.000	18.400	0.096
BPP_100_100_0.1_0.8_9.C	47	0.600	19.160	0.095
BPP_100_100_0.1_0.8_9.C	48	0.000	19.200	0.093
BPP_100_100_0.1_0.8_9.C	48	0.000	19.200	0.094
BPP_100_100_0.1_0.8_9.C	48	0.000	19.200	0.095
BPP_100_100_0.1_0.8_9.C	48	0.000	19.200	0.096
BPP_100_100_0.1_0.8_9.C	48	0.000	19.200	0.091
BPP_100_100_0.1_0.8_9.C	48	0.000	19.200	0.094
BPP_100_100_0.1_0.8_9.C	47	0.600	19.160	0.096
BPP_100_100_0.1_0.8_9.C	48	0.000	19.200	0.091
BPP_100_100_0.1_0.8_9.C	47	0.600	19.160	0.097
BPP_100_120_0.1_0.8_0.C	44	4.600	20.360	0.099
BPP_100_120_0.1_0.8_0.C	44	4.800	20.480	0.099
BPP_100_120_0.1_0.8_0.C	44	5.000	20.600	0.107
BPP_100_120_0.1_0.8_0.C	44	4.600	20.360	0.099
BPP_100_120_0.1_0.8_0.C	44	4.800	20.480	0.102
BPP_100_120_0.1_0.8_0.C	44	4.600	20.360	0.103
BPP_100_120_0.1_0.8_0.C	44	4.600	20.360	0.102
BPP_100_120_0.1_0.8_0.C	44	5.000	20.600	0.098
BPP_100_120_0.1_0.8_0.C	44	4.800	20.480	0.100
BPP_100_120_0.1_0.8_0.C	44	4.600	20.360	0.103
BPP_100_120_0.1_0.8_1.C	46	5.800	21.880	0.105
BPP_100_120_0.1_0.8_1.C	46	5.600	21.760	0.106
BPP_100_120_0.1_0.8_1.C	46	5.400	21.640	0.109
BPP_100_120_0.1_0.8_1.C	46	5.600	21.760	0.105
BPP_100_120_0.1_0.8_1.C	46	5.600	21.760	0.103
BPP_100_120_0.1_0.8_1.C	47	5.400	22.040	0.105
BPP_100_120_0.1_0.8_1.C	46	5.600	21.760	0.108
BPP_100_120_0.1_0.8_1.C	46	5.600	21.760	0.113
BPP_100_120_0.1_0.8_1.C	46	5.600	21.760	0.110
BPP_100_120_0.1_0.8_1.C	46	5.600	21.760	0.107
BPP_100_120_0.1_0.8_2.C	46	1.200	19.120	0.112
BPP_100_120_0.1_0.8_2.C	46	0.600	18.760	0.106
BPP_100_120_0.1_0.8_2.C	46	0.800	18.880	0.106
BPP_100_120_0.1_0.8_2.C	46	1.000	19.000	0.104
BPP_100_120_0.1_0.8_2.C	47	0.600	19.160	0.105
BPP_100_120_0.1_0.8_2.C	47	0.400	19.040	0.107
BPP_100_120_0.1_0.8_2.C	46	0.600	18.760	0.107
BPP_100_120_0.1_0.8_2.C	46	0.800	18.880	0.109
BPP_100_120_0.1_0.8_2.C	46	1.000	19.000	0.104
BPP_100_120_0.1_0.8_2.C	46	1.000	19.000	0.108
BPP_100_120_0.1_0.8_3.C	51	0.000	20.400	0.114
BPP_100_120_0.1_0.8_3.C	52	-0.000	20.800	0.110
BPP_100_120_0.1_0.8_3.C	52	-0.000	20.800	0.110
BPP_100_120_0.1_0.8_3.C	51	0.200	20.520	0.115
BPP_100_120_0.1_0.8_3.C	52	-0.000	20.800	0.113
BPP_100_120_0.1_0.8_3.C	51	0.400	20.640	0.113
BPP_100_120_0.1_0.8_3.C	51	0.400	20.640	0.113
BPP_100_120_0.1_0.8_3.C	51	0.000	20.400	0.114
BPP_100_120_0.1_0.8_3.C	52	-0.000	20.800	0.114
BPP_100_120_0.1_0.8_3.C	52	-0.000	20.800	0.113
BPP_100_120_0.1_0.8_4.C	48	0.800	19.680	0.112
BPP_100_120_0.1_0.8_4.C	48	0.800	19.680	0.109
BPP_100_120_0.1_0.8_4.C	49	0.400	19.840	0.110
BPP_100_120_0.1_0.8_4.C	48	0.600	19.560	0.111
BPP_100_120_0.1_0.8_4.C	48	0.800	19.680	0.113
BPP_100_120_0.1_0.8_4.C	49	0.800	20.080	0.111
BPP_100_120_0.1_0.8_4.C	48	0.800	19.680	0.106
BPP_100_120_0.1_0.8_4.C	48	0.800	19.680	0.110
BPP_100_120_0.1_0.8_4.C	48	0.800	19.680	0.109
BPP_100_120_0.1_0.8_4.C	49	0.800	20.080	0.107
BPP_100_120_0.1_0.8_5.C	45	1.600	18.960	0.103
BPP_100_120_0.1_0.8_5.C	44	2.200	18.920	0.101
BPP_100_120_0.1_0.8_5.C	45	1.600	18.960	0.107
BPP_100_120_0.1_0.8_5.C	44	2.000	18.800	0.105
BPP_100_120_0.1_0.8_5.C	45	1.600	18.960	0.104
BPP_100_120_0.1_0.8_5.C	44	2.200	18.920	0.104
BPP_100_120_0.1_0.8_5.C	45	1.600	18.960	0.103
BPP_100_120_0.1_0.8_5.C	44	2.200	18.920	0.106
BPP_100_120_0.1_0.8_5.C	44	2.200	18.920	0.103
BPP_100_120_0.1_0.8_5.C	45	1.600	18.960	0.102
BPP_100_120_0.1_0.8_6.C	46	3.600	20.560	0.107
BPP_100_120_0.1_0.8_6.C	46	3.800	20.680	0.106
BPP_100_120_0.1_0.8_6.C	46	4.000	20.800	0.106
BPP_100_120_0.1_0.8_6.C	46	4.000	20.800	0.107
BPP_100_120_0.1_0.8_6.C	46	3.800	20.680	0.105
BPP_100_120_0.1_0.8_6.C	46	3.800	20.680	0.110
BPP_100_120_0.1_0.8_6.C	46	3.800	20.680	0.103
BPP_100_120_0.1_0.8_6.C	46	3.800	20.680	0.106
BPP_100_120_0.1_0.8_6.C	46	3.400	20.440	0.105
BPP_100_120_0.1_0.8_6.C	46	3.800	20.680	0.106
BPP_100_120_0.1_0.8_7.C	54	2.400	23.040	0.120
BPP_100_120_0.1_0.8_7.C	54	2.600	23.160	0.121
BPP_100_120_0.1_0.8_7.C	54	2.400	23.040	0.117
BPP_100_120_0.1_0.8_7.C	54	2.600	23.160	0.117
BPP_100_120_0.1_0.8_7.C	54	2.400	23.040	0.119
BPP_100_120_0.1_0.8_7.C	54	2.600	23.160	0.121
BPP_100_120_0.1_0.8_7.C	54	2.600	23.160	0.121
BPP_100_120_0.1_0.8_7.C	54	2.400	23.040	0.119
BPP_100_120_0.1_0.8_7.C	54	2.600	23.160	0.119
BPP_100_120_0.1_0.8_7.C	54	2.600	23.160	0.122
BPP_100_120_0.1_0.8_8.C	46	2.400	19.840	0.119
BPP_100_120_0.1_0.8_8.C	45	3.200	19.920	0.106
BPP_100_120_0.1_0.8_8.C	46	2.600	19.960	0.106
BPP_100_120_0.1_0.8_8.C	46	2.600	19.960	0.109
BPP_100_120_0.1_0.8_8.C	44	3.800	19.880	0.107
BPP_100_120_0.1_0.8_8.C	45	3.000	19.800	0.108
BPP_100_120_0.1_0.8_8.C	44	3.800	19.880	0.108
BPP_100_120_0.1_0.8_8.C	45	3.200	19.920	0.108
BPP_100_120_0.1_0.8_8.C	46	2.600	19.960	0.108
BPP_100_120_0.1_0.8_8.C	46	2.600	19.960	0.109
BPP_100_120_0.1_0.8_9.C	45	2.000	19.200	0.108
BPP_100_120_0.1_0.8_9.C	45	1.800	19.080	0.111
BPP_100_120_0.1_0.8_9.C	45	2.000	19.200	0.106
BPP_100_120_0.1_0.8_9.C	45	2.000	19.200	0.107
BPP_100_120_0.1_0.8_9.C	45	2.000	19.200	0.105
BPP_100_120_0.1_0.8_9.C	45	1.600	18.960	0.101
BPP_100_120_0.1_0.8_9.C	46	1.400	19.240	0.106
BPP_100_120_0.1_0.8_9.C	45	1.800	19.080	0.106
BPP_100_120_0.1_0.8_9.C	45	2.000	19.200	0.108
BPP_100_120_0.1_0.8_9.C	45	2.000	19.200	0.106
BPP_100_125_0.1_0.8_0.C	48	8.000	24.000	0.123
BPP_100_125_0.1_0.8_0.C	48	8.000	24.000	0.113
BPP_100_125_0.1_0.8_0.C	48	8.000	24.000	0.115
BPP_100_125_0.1_0.8_0.C	48	8.200	24.120	0.115
BPP_100_125_0.1_0.8_0.C	48	7.800	23.880	0.111
BPP_100_125_0.1_0.8_0.C	48	7.800	23.880	0.109
BPP_100_125_0.1_0.8_0.C	48	8.000	24.000	0.114
BPP_100_125_0.1_0.8_0.C	48	7.800	23.880	0.115
BPP_100_125_0.1_0.8_0.C	48	8.000	24.000	0.114
BPP_100_125_0.1_0.8_0.C	48	8.000	24.000	0.114
BPP_100_125_0.1_0.8_1.C	47	9.800	24.680	0.114
BPP_100_125_0.1_0.8_1.C	47	9.800	24.680	0.115
BPP_100_125_0.1_0.8_1.C	48	9.200	24.720	0.114
BPP_100_125_0.1_0.8_1.C	47	9.800	24.680	0.113
BPP_100_125_0.1_0.8_1.C	47	9.800	24.680	0.116
BPP_100_125_0.1_0.8_1.C	47	9.800	24.680	0.112
BPP_100_125_0.1_0.8_1.C	48	9.000	24.600	0.115
BPP_100_125_0.1_0.8_1.C	48	9.200	24.720	0.116
BPP_100_125_0.1_0.8_1.C	47	9.800	24.680	0.112
BPP_100_125_0.1_0.8_1.C	47	9.800	24.680	0.111
BPP_100_125_0.1_0.8_2.C	47	1.200	19.520	0.115
BPP_100_125_0.1_0.8_2.C	47	1.200	19.520	0.117
BPP_100_125_0.1_0.8_2.C	47	1.200	19.520	0.111
BPP_100_125_0.1_0.8_2.C	47	1.200	19.520	0.111
BPP_100_125_0.1_0.8_2.C	47	1.200	19.520	0.108
BPP_100_125_0.1_0.8_2.C	47	1.200	19.520	0.111
BPP_100_125_0.1_0.8_2.C	47	1.200	19.520	0.107
BPP_100_125_0.1_0.8_2.C	47	1.200	19.520	0.111
BPP_100_125_0.1_0.8_2.C	47	1.200	19.520	0.113
BPP_100_125_0.1_0.8_2.C	47	1.200	19.520	0.110
BPP_100_125_0.1_0.8_3.C	45	0.800	18.480	0.108
BPP_100_125_0.1_0.8_3.C	45	0.600	18.360	0.108
BPP_100_125_0.1_0.8_3.C	45	0.600	18.360	0.109
BPP_100_125_0.1_0.8_3.C	45	0.600	18.360	0.108
BPP_100_125_0.1_0.8_3.C	45	0.400	18.240	0.108
BPP_100_125_0.1_0.8_3.C	45	0.600	18.360	0.110
BPP_100_125_0.1_0.8_3.C	45	0.600	18.360	0.108
BPP_100_125_0.1_0.8_3.C	45	1.000	18.600	0.108
BPP_100_125_0.1_0.8_3.C	45	0.600	18.360	0.108
BPP_100_125_0.1_0.8_3.C	45	0.800	18.480	0.105
BPP_100_125_0.1_0.8_4.C	48	4.200	21.720	0.112
BPP_100_125_0.1_0.8_4.C	48	4.200	21.720	0.110
BPP_100_125_0.1_0.8_4.C	48	4.200	21.720	0.112
BPP_100_125_0.1_0.8_4.C	48	4.200	21.720	0.113
BPP_100_125_0.1_0.8_4.C	48	4.200	21.720	0.110
BPP_100_125_0.1_0.8_4.C	48	4.200	21.720	0.109
BPP_100_125_0.1_0.8_4.C	48	4.200	21.720	0.113
BPP_100_125_0.1_0.8_4.C	48	4.200	21.720	0.111
BPP_100_125_0.1_0.8_4.C	48	4.200	21.720	0.113
BPP_100_125_0.1_0.8_4.C	48	4.200	21.720	0.113
BPP_100_125_0.1_0.8_5.C	45	3.800	20.280	0.108
BPP_100_125_0.1_0.8_5.C	45	3.800	20.280	0.103
BPP_100_125_0.1_0.8_5.C	45	3.600	20.160	0.108
BPP_100_125_0.1_0.8_5.C	45	4.000	20.400	0.107
BPP_100_125_0.1_0.8_5.C	45	3.600	20.160	0.105
BPP_100_125_0.1_0.8_5.C	45	3.800	20.280	0.107
BPP_100_125_0.1_0.8_5.C	45	4.000	20.400	0.108
BPP_100_125_0.1_0.8_5.C	45	3.800	20.280	0.106
BPP_100_125_0.1_0.8_5.C	45	3.800	20.280	0.108
BPP_100_125_0.1_0.8_5.C	45	3.800	20.280	0.107
BPP_100_125_0.1_0.8_6.C	52	2.000	22.000	0.120
BPP_100_125_0.1_0.8_6.C	52	2.000	22.000	0.119
BPP_100_125_0.1_0.8_6.C	52	2.000	22.000	0.115
BPP_100_125_0.1_0.8_6.C	52	2.000	22.000	0.119
BPP_100_125_0.1_0.8_6.C	51	2.200	21.720	0.119
BPP_100_125_0.1_0.8_6.C	52	2.000	22.000	0.117
BPP_100_125_0.1_0.8_6.C	52	2.200	22.120	0.119
BPP_100_125_0.1_0.8_6.C	51	2.600	21.960	0.122
BPP_100_125_0.1_0.8_6.C	52	2.200	22.120	0.119
BPP_100_125_0.1_0.8_6.C	52	2.000	22.000	0.119
BPP_100_125_0.1_0.8_7.C	53	6.400	25.040	0.126
BPP_100_125_0.1_0.8_7.C	53	6.400	25.040	0.126
BPP_100_125_0.1_0.8_7.C	53	6.400	25.040	0.132
BPP_100_125_0.1_0.8_7.C	53	6.400	25.040	0.122
BPP_100_125_0.1_0.8_7.C	53	6.200	24.920	0.125
BPP_100_125_0.1_0.8_7.C	54	6.000	25.200	0.125
BPP_100_125_0.1_0.8_7.C	53	6.400	25.040	0.122
BPP_100_125_0.1_0.8_7.C	54	6.200	25.320	0.121
BPP_100_125_0.1_0.8_7.C	53	6.200	24.920	0.125
BPP_100_125_0.1_0.8_7.C	53	6.400	25.040	0.123
BPP_100_125_0.1_0.8_8.C	44	2.200	18.920	0.102
BPP_100_125_0.1_0.8_8.C	44	2.200	18.920	0.101
BPP_100_125_0.1_0.8_8.C	44	2.200	18.920	0.104
BPP_100_125_0.1_0.8_8.C	44	2.200	18.920	0.103
BPP_100_125_0.1_0.8_8.C	43	2.200	18.520	0.104
BPP_100_125_0.1_0.8_8.C	44	2.200	18.920	0.101
BPP_100_125_0.1_0.8_8.C	44	2.200	18.920	0.101
BPP_100_125_0.1_0.8_8.C	44	2.200	18.920	0.101
BPP_100_125_0.1_0.8_8.C	44	2.200	18.920	0.102
BPP_100_125_0.1_0.8_8.C	43	2.200	18.520	0.103
BPP_100_125_0.1_0.8_9.C	48	2.200	20.520	0.111
BPP_100_125_0.1_0.8_9.C	48	2.200	20.520	0.105
BPP_100_125_0.1_0.8_9.C	48	2.200	20.520	0.109
BPP_100_125_0.1_0.8_9.C	48	2.200	20.520	0.108
BPP_100_125_0.1_0.8_9.C	48	2.200	20.520	0.111
BPP_100_125_0.1_0.8_9.C	48	2.200	20.520	0.111
BPP_100_125_0.1_0.8_9.C	48	2.200	20.520	0.110
BPP_100_125_0.1_0.8_9.C	48	2.200	20.520	0.108
BPP_100_125_0.1_0.8_9.C	48	2.200	20.520	0.110
BPP_100_125_0.1_0.8_9.C	48	2.200	20.520	0.110
BPP_100_150_0.1_0.8_0.C	57	3.000	24.600	0.146
BPP_100_150_0.1_0.8_0.C	57	3.000	24.600	0.150
BPP_100_150_0.1_0.8_0.C	57	3.000	24.600	0.158
BPP_100_150_0.1_0.8_0.C	57	3.000	24.600	0.147
BPP_100_150_0.1_0.8_0.C	57	3.000	24.600	0.150
BPP_100_150_0.1_0.8_0.C	57	3.000	24.600	0.151
BPP_100_150_0.1_0.8_0.C	57	3.000	24.600	0.150
BPP_100_150_0.1_0.8_0.C	57	3.000	24.600	0.153
BPP_100_150_0.1_0.8_0.C	57	3.000	24.600	0.147
BPP_100_150_0.1_0.8_0.C	57	3.000	24.600	0.151
BPP_100_150_0.1_0.8_1.C	47	3.600	20.960	0.128
BPP_100_150_0.1_0.8_1.C	48	3.000	21.000	0.135
BPP_100_150_0.1_0.8_1.C	47	3.200	20.720	0.133
BPP_100_150_0.1_0.8_1.C	47	3.400	20.840	0.133
BPP_100_150_0.1_0.8_1.C	47	4.000	21.200	0.159
BPP_100_150_0.1_0.8_1.C	47	3.200	20.720	0.128
BPP_100_150_0.1_0.8_1.C	47	3.400	20.840	0.132
BPP_100_150_0.1_0.8_1.C	47	3.400	20.840	0.138
BPP_100_150_0.1_0.8_1.C	47	3.400	20.840	0.134
BPP_100_150_0.1_0.8_1.C	48	3.200	21.120	0.134
BPP_100_150_0.1_0.8_2.C	44	4.400	20.240	0.123
BPP_100_150_0.1_0.8_2.C	44	4.400	20.240	0.125
BPP_100_150_0.1_0.8_2.C	44	4.400	20.240	0.123
BPP_100_150_0.1_0.8_2.C	44	4.400	20.240	0.122
BPP_100_150_0.1_0.8_2.C	44	4.400	20.240	0.127
BPP_100_150_0.1_0.8_2.C	44	4.400	20.240	0.125
BPP_100_150_0.1_0.8_2.C	44	4.400	20.240	0.125
BPP_100_150_0.1_0.8_2.C	44	4.400	20.240	0.126
BPP_100_150_0.1_0.8_2.C	44	4.400	20.240	0.126
BPP_100_150_0.1_0.8_2.C	44	4.400	20.240	0.126
BPP_100_150_0.1_0.8_3.C	45	1.600	18.960	0.126
BPP_100_150_0.1_0.8_3.C	45	1.600	18.960	0.127
BPP_100_150_0.1_0.8_3.C	45	1.600	18.960	0.125
BPP_100_150_0.1_0.8_3.C	45	1.600	18.960	0.127
BPP_100_150_0.1_0.8_3.C	45	1.600	18.960	0.126
BPP_100_150_0.1_0.8_3.C	45	1.600	18.960	0.126
BPP_100_150_0.1_0.8_3.C	45	1.600	18.960	0.128
BPP_100_150_0.1_0.8_3.C	45	1.600	18.960	0.127
BPP_100_150_0.1_0.8_3.C	45	1.600	18.960	0.129
BPP_100_150_0.1_0.8_3.C	45	1.600	18.960	0.129
BPP_100_150_0.1_0.8_4.C	51	1.600	21.360	0.139
BPP_100_150_0.1_0.8_4.C	51	1.600	21.360	0.140
BPP_100_150_0.1_0.8_4.C	51	1.600	21.360	0.140
BPP_100_150_0.1_0.8_4.C	51	1.600	21.360	0.139
BPP_100_150_0.1_0.8_4.C	51	1.600	21.360	0.141
BPP_100_150_0.1_0.8_4.C	51	1.600	21.360	0.141
BPP_100_150_0.1_0.8_4.C	51	1.600	21.360	0.138
BPP_100_150_0.1_0.8_4.C	51	1.600	21.360	0.139
BPP_100_150_0.1_0.8_4.C	51	1.600	21.360	0.139
BPP_100_150_0.1_0.8_4.C	51	1.600	21.360	0.139
BPP_100_150_0.1_0.8_5.C	48	4.000	21.600	0.138
BPP_100_150_0.1_0.8_5.C	48	4.600	21.960	0.135
BPP_100_150_0.1_0.8_5.C	48	4.200	21.720	0.135
BPP_100_150_0.1_0.8_5.C	48	4.400	21.840	0.138
BPP_100_150_0.1_0.8_5.C	48	4.400	21.840	0.131
BPP_100_150_0.1_0.8_5.C	48	4.200	21.720	0.135
BPP_100_150_0.1_0.8_5.C	48	4.400	21.840	0.135
BPP_100_150_0.1_0.8_5.C	48	4.200	21.720	0.135
BPP_100_150_0.1_0.8_5.C	48	4.200	21.720	0.135
BPP_100_150_0.1_0.8_5.C	48	4.200	21.720	0.137
BPP_100_150_0.1_0.8_6.C	46	0.600	18.760	0.130
BPP_100_150_0.1_0.8_6.C	46	0.600	18.760	0.139
BPP_100_150_0.1_0.8_6.C	46	0.600	18.760	0.130
BPP_100_150_0.1_0.8_6.C	46	0.600	18.760	0.131
BPP_100_150_0.1_0.8_6.C	46	0.600	18.760	0.130
BPP_100_150_0.1_0.8_6.C	46	0.400	18.640	0.130
BPP_100_150_0.1_0.8_6.C	46	0.600	18.760	0.130
BPP_100_150_0.1_0.8_6.C	46	0.600	18.760	0.131
BPP_100_150_0.1_0.8_6.C	46	0.600	18.760	0.131
BPP_100_150_0.1_0.8_6.C	46	0.600	18.760	0.132
BPP_100_150_0.1_0.8_7.C	48	1.200	19.920	0.132
BPP_100_150_0.1_0.8_7.C	48	1.200	19.920	0.135
BPP_100_150_0.1_0.8_7.C	48	1.200	19.920	0.136
BPP_100_150_0.1_0.8_7.C	48	1.200	19.920	0.135
BPP_100_150_0.1_0.8_7.C	48	1.200	19.920	0.136
BPP_100_150_0.1_0.8_7.C	48	1.200	19.920	0.130
BPP_100_150_0.1_0.8_7.C	48	1.200	19.920	0.131
BPP_100_150_0.1_0.8_7.C	48	1.200	19.920	0.131
BPP_100_150_0.1_0.8_7.C	47	1.600	19.760	0.132
BPP_100_150_0.1_0.8_7.C	48	1.200	19.920	0.135
BPP_100_150_0.1_0.8_8.C	48	1.600	20.160	0.134
BPP_100_150_0.1_0.8_8.C	48	1.400	20.040	0.135
BPP_100_150_0.1_0.8_8.C	48	1.400	20.040	0.137
BPP_100_150_0.1_0.8_8.C	48	1.200	19.920	0.136
BPP_100_150_0.1_0.8_8.C	48	1.400	20.040	0.134
BPP_100_150_0.1_0.8_8.C	48	1.600	20.160	0.137
BPP_100_150_0.1_0.8_8.C	48	1.400	20.040	0.136
BPP_100_150_0.1_0.8_8.C	48	1.600	20.160	0.136
BPP_100_150_0.1_0.8_8.C	48	1.600	20.160	0.145
BPP_100_150_0.1_0.8_8.C	48	1.200	19.920	0.132
BPP_100_150_0.1_0.8_9.C	46	0.200	18.520	0.130
BPP_100_150_0.1_0.8_9.C	46	0.400	18.640	0.129
BPP_100_150_0.1_0.8_9.C	46	0.400	18.640	0.131
BPP_100_150_0.1_0.8_9.C	46	0.200	18.520	0.130
BPP_100_150_0.1_0.8_9.C	46	0.200	18.520	0.127
BPP_100_150_0.1_0.8_9.C	46	0.200	18.520	0.129
BPP_100_150_0.1_0.8_9.C	46	0.400	18.640	0.131
BPP_100_150_0.1_0.8_9.C	46	0.400	18.640	0.130
BPP_100_150_0.1_0.8_9.C	46	0.200	18.520	0.137
BPP_100_150_0.1_0.8_9.C	46	0.200	18.520	0.126
BPP_100_200_0.1_0.8_0.C	47	4.000	21.200	0.180
BPP_100_200_0.1_0.8_0.C	47	4.000	21.200	0.173
BPP_100_200_0.1_0.8_0.C	47	3.800	21.080	0.176
BPP_100_200_0.1_0.8_0.C	47	4.000	21.200	0.172
BPP_100_200_0.1_0.8_0.C	47	4.000	21.200	0.169
BPP_100_200_0.1_0.8_0.C	47	4.000	21.200	0.172
BPP_100_200_0.1_0.8_0.C	47	4.000	21.200	0.167
BPP_100_200_0.1_0.8_0.C	47	3.800	21.080	0.168
BPP_100_200_0.1_0.8_0.C	47	4.000	21.200	0.169
BPP_100_200_0.1_0.8_0.C	47	3.800	21.080	0.169
BPP_100_200_0.1_0.8_1.C	50	5.400	23.240	0.186
BPP_100_200_0.1_0.8_1.C	50	5.600	23.360	0.179
BPP_100_200_0.1_0.8_1.C	50	5.400	23.240	0.174
BPP_100_200_0.1_0.8_1.C	50	5.800	23.480	0.176
BPP_100_200_0.1_0.8_1.C	50	5.400	23.240	0.177
BPP_100_200_0.1_0.8_1.C	50	5.400	23.240	0.177
BPP_100_200_0.1_0.8_1.C	50	5.800	23.480	0.169
BPP_100_200_0.1_0.8_1.C	50	5.400	23.240	0.176
BPP_100_200_0.1_0.8_1.C	50	5.800	23.480	0.177
BPP_100_200_0.1_0.8_1.C	50	5.400	23.240	0.176
BPP_100_200_0.1_0.8_2.C	46	2.400	19.840	0.166
BPP_100_200_0.1_0.8_2.C	46	2.400	19.840	0.168
BPP_100_200_0.1_0.8_2.C	46	2.400	19.840	0.167
BPP_100_200_0.1_0.8_2.C	46	2.600	19.960	0.165
BPP_100_200_0.1_0.8_2.C	46	2.600	19.960	0.168
BPP_100_200_0.1_0.8_2.C	46	2.600	19.960	0.167
BPP_100_200_0.1_0.8_2.C	46	2.600	19.960	0.167
BPP_100_200_0.1_0.8_2.C	47	2.000	20.000	0.166
BPP_100_200_0.1_0.8_2.C	46	2.600	19.960	0.173
BPP_100_200_0.1_0.8_2.C	46	2.600	19.960	0.163
BPP_100_200_0.1_0.8_3.C	45	2.400	19.440	0.164
BPP_100_200_0.1_0.8_3.C	46	2.200	19.720	0.158
BPP_100_200_0.1_0.8_3.C	46	2.200	19.720	0.163
BPP_100_200_0.1_0.8_3.C	45	2.400	19.440	0.173
BPP_100_200_0.1_0.8_3.C	45	2.200	19.320	0.164
BPP_100_200_0.1_0.8_3.C	46	2.200	19.720	0.165
BPP_100_200_0.1_0.8_3.C	45	2.200	19.320	0.162
BPP_100_200_0.1_0.8_3.C	45	2.400	19.440	0.171
BPP_100_200_0.1_0.8_3.C	45	2.200	19.320	0.205
BPP_100_200_0.1_0.8_3.C	46	2.200	19.720	0.161
BPP_100_200_0.1_0.8_4.C	47	2.400	20.240	0.171
BPP_100_200_0.1_0.8_4.C	47	2.600	20.360	0.165
BPP_100_200_0.1_0.8_4.C	48	1.800	20.280	0.164
BPP_100_200_0.1_0.8_4.C	48	1.800	20.280	0.168
BPP_100_200_0.1_0.8_4.C	48	1.800	20.280	0.171
BPP_100_200_0.1_0.8_4.C	48	1.800	20.280	0.171
BPP_100_200_0.1_0.8_4.C	48	1.800	20.280	0.170
BPP_100_200_0.1_0.8_4.C	48	1.800	20.280	0.170
BPP_100_200_0.1_0.8_4.C	48	1.800	20.280	0.170
BPP_100_200_0.1_0.8_4.C	48	1.800	20.280	0.182
BPP_100_200_0.1_0.8_5.C	55	5.200	25.120	0.181
BPP_100_200_0.1_0.8_5.C	53	6.400	25.040	0.185
BPP_100_200_0.1_0.8_5.C	53	6.400	25.040	0.187
BPP_100_200_0.1_0.8_5.C	54	5.800	25.080	0.184
BPP_100_200_0.1_0.8_5.C	53	6.200	24.920	0.188
BPP_100_200_0.1_0.8_5.C	54	5.800	25.080	0.189
BPP_100_200_0.1_0.8_5.C	53	6.600	25.160	0.182
BPP_100_200_0.1_0.8_5.C	53	6.400	25.040	0.195
BPP_100_200_0.1_0.8_5.C	53	6.600	25.160	0.185
BPP_100_200_0.1_0.8_5.C	54	5.800	25.080	0.185
BPP_100_200_0.1_0.8_6.C	52	3.400	22.840	0.192
BPP_100_200_0.1_0.8_6.C	52	3.400	22.840	0.183
BPP_100_200_0.1_0.8_6.C	52	3.200	22.720	0.180
BPP_100_200_0.1_0.8_6.C	52	3.400	22.840	0.181
BPP_100_200_0.1_0.8_6.C	52	3.400	22.840	0.178
BPP_100_200_0.1_0.8_6.C	52	3.400	22.840	0.180
BPP_100_200_0.1_0.8_6.C	52	3.400	22.840	0.187
BPP_100_200_0.1_0.8_6.C	52	3.400	22.840	0.182
BPP_100_200_0.1_0.8_6.C	52	3.400	22.840	0.178
BPP_100_200_0.1_0.8_6.C	52	3.400	22.840	0.203
BPP_100_200_0.1_0.8_7.C	46	6.000	22.000	0.167
BPP_100_200_0.1_0.8_7.C	46	5.600	21.760	0.172
BPP_100_200_0.1_0.8_7.C	46	5.800	21.880	0.169
BPP_100_200_0.1_0.8_7.C	46	5.800	21.880	0.171
BPP_100_200_0.1_0.8_7.C	46	5.800	21.880	0.169
BPP_100_200_0.1_0.8_7.C	46	5.600	21.760	0.169
BPP_100_200_0.1_0.8_7.C	46	5.800	21.880	0.163
BPP_100_200_0.1_0.8_7.C	46	5.800	21.880	0.173
BPP_100_200_0.1_0.8_7.C	47	5.000	21.800	0.169
BPP_100_200_0.1_0.8_7.C	46	5.800	21.880	0.165
BPP_100_200_0.1_0.8_8.C	52	3.200	22.720	0.183
BPP_100_200_0.1_0.8_8.C	52	3.000	22.600	0.185
BPP_100_200_0.1_0.8_8.C	52	2.800	22.480	0.188
BPP_100_200_0.1_0.8_8.C	53	2.800	22.880	0.186
BPP_100_200_0.1_0.8_8.C	53	2.800	22.880	0.186
BPP_100_200_0.1_0.8_8.C	52	2.800	22.480	0.180
BPP_100_200_0.1_0.8_8.C	52	2.800	22.480	0.183
BPP_100_200_0.1_0.8_8.C	53	2.800	22.880	0.185
BPP_100_200_0.1_0.8_8.C	52	2.800	22.480	0.187
BPP_100_200_0.1_0.8_8.C	52	3.200	22.720	0.191
BPP_100_200_0.1_0.8_9.C	58	4.600	25.960	0.196
BPP_100_200_0.1_0.8_9.C	58	4.800	26.080	0.223
BPP_100_200_0.1_0.8_9.C	57	4.800	25.680	0.192
BPP_100_200_0.1_0.8_9.C	58	4.800	26.080	0.190
BPP_100_200_0.1_0.8_9.C	58	4.800	26.080	0.200
BPP_100_200_0.1_0.8_9.C	57	4.800	25.680	0.194
BPP_100_200_0.1_0.8_9.C	58	4.800	26.080	0.196
BPP_100_200_0.1_0.8_9.C	57	5.000	25.800	0.195
BPP_100_200_0.1_0.8_9.C	58	4.600	25.960	0.195
BPP_100_200_0.1_0.8_9.C	58	4.800	26.080	0.190
BPP_100_300_0.1_0.8_0.C	47	2.000	20.000	0.271
BPP_100_300_0.1_0.8_0.C	47	2.000	20.000	0.264
BPP_100_300_0.1_0.8_0.C	46	2.800	20.080	0.269
BPP_100_300_0.1_0.8_0.C	47	2.000	20.000	0.263
BPP_100_300_0.1_0.8_0.C	47	2.000	20.000	0.264
BPP_100_300_0.1_0.8_0.C	46	2.400	19.840	0.269
BPP_100_300_0.1_0.8_0.C	47	2.000	20.000	0.265
BPP_100_300_0.1_0.8_0.C	47	2.000	20.000	0.273
BPP_100_300_0.1_0.8_0.C	46	2.400	19.840	0.272
BPP_100_300_0.1_0.8_0.C	46	2.200	19.720	0.274
BPP_100_300_0.1_0.8_1.C	44	2.600	19.160	0.250
BPP_100_300_0.1_0.8_1.C	44	2.600	19.160	0.249
BPP_100_300_0.1_0.8_1.C	44	2.600	19.160	0.250
BPP_100_300_0.1_0.8_1.C	44	2.400	19.040	0.254
BPP_100_300_0.1_0.8_1.C	44	2.400	19.040	0.254
BPP_100_300_0.1_0.8_1.C	44	2.600	19.160	0.274
BPP_100_300_0.1_0.8_1.C	44	2.600	19.160	0.254
BPP_100_300_0.1_0.8_1.C	44	2.600	19.160	0.255
BPP_100_300_0.1_0.8_1.C	44	2.600	19.160	0.258
BPP_100_300_0.1_0.8_1.C	44	2.400	19.040	0.258
BPP_100_300_0.1_0.8_2.C	47	6.400	22.640	0.273
BPP_100_300_0.1_0.8_2.C	47	6.400	22.640	0.282
BPP_100_300_0.1_0.8_2.C	47	6.600	22.760	0.271
BPP_100_300_0.1_0.8_2.C	47	6.400	22.640	0.281
BPP_100_300_0.1_0.8_2.C	47	6.200	22.520	0.273
BPP_100_300_0.1_0.8_2.C	47	6.400	22.640	0.288
BPP_100_300_0.1_0.8_2.C	47	6.200	22.520	0.291
BPP_100_300_0.1_0.8_2.C	47	6.200	22.520	0.307
BPP_100_300_0.1_0.8_2.C	47	6.200	22.520	0.281
BPP_100_300_0.1_0.8_2.C	48	5.600	22.560	0.276
BPP_100_300_0.1_0.8_3.C	51	7.600	24.960	0.297
BPP_100_300_0.1_0.8_3.C	51	7.800	25.080	0.295
BPP_100_300_0.1_0.8_3.C	52	7.200	25.120	0.291
BPP_100_300_0.1_0.8_3.C	51	7.600	24.960	0.304
BPP_100_300_0.1_0.8_3.C	50	8.200	24.920	0.291
BPP_100_300_0.1_0.8_3.C	52	7.200	25.120	0.295
BPP_100_300_0.1_0.8_3.C	52	7.200	25.120	0.289
BPP_100_300_0.1_0.8_3.C	51	7.600	24.960	0.305
BPP_100_300_0.1_0.8_3.C	51	7.600	24.960	0.292
BPP_100_300_0.1_0.8_3.C	51	7.600	24.960	0.283
BPP_100_300_0.1_0.8_4.C	44	3.200	19.520	0.255
BPP_100_300_0.1_0.8_4.C	44	3.000	19.400	0.252
BPP_100_300_0.1_0.8_4.C	44	3.200	19.520	0.257
BPP_100_300_0.1_0.8_4.C	44	3.200	19.520	0.254
BPP_100_300_0.1_0.8_4.C	44	3.200	19.520	0.258
BPP_100_300_0.1_0.8_4.C	44	3.200	19.520	0.264
BPP_100_300_0.1_0.8_4.C	45	2.600	19.560	0.258
BPP_100_300_0.1_0.8_4.C	44	3.200	19.520	0.258
BPP_100_300_0.1_0.8_4.C	44	3.200	19.520	0.264
BPP_100_300_0.1_0.8_4.C	44	3.200	19.520	0.267
BPP_100_300_0.1_0.8_5.C	53	2.600	22.760	0.295
BPP_100_300_0.1_0.8_5.C	53	2.600	22.760	0.288
BPP_100_300_0.1_0.8_5.C	53	3.200	23.120	0.300
BPP_100_300_0.1_0.8_5.C	53	2.600	22.760	0.299
BPP_100_300_0.1_0.8_5.C	53	2.400	22.640	0.290
BPP_100_300_0.1_0.8_5.C	53	3.200	23.120	0.293
BPP_100_300_0.1_0.8_5.C	53	2.800	22.880	0.330
BPP_100_300_0.1_0.8_5.C	53	2.400	22.640	0.293
BPP_100_300_0.1_0.8_5.C	53	3.000	23.000	0.314
BPP_100_300_0.1_0.8_5.C	53	3.000	23.000	0.295
BPP_100_300_0.1_0.8_6.C	44	2.200	18.920	0.256
BPP_100_300_0.1_0.8_6.C	44	2.200	18.920	0.255
BPP_100_300_0.1_0.8_6.C	44	2.000	18.800	0.274
BPP_100_300_0.1_0.8_6.C	44	2.200	18.920	0.258
BPP_100_300_0.1_0.8_6.C	44	1.800	18.680	0.254
BPP_100_300_0.1_0.8_6.C	44	1.800	18.680	0.254
BPP_100_300_0.1_0.8_6.C	44	1.800	18.680	0.258
BPP_100_300_0.1_0.8_6.C	44	2.200	18.920	0.262
BPP_100_300_0.1_0.8_6.C	44	2.200	18.920	0.257
BPP_100_300_0.1_0.8_6.C	44	2.200	18.920	0.260
BPP_100_300_0.1_0.8_7.C	50	3.200	21.920	0.305
BPP_100_300_0.1_0.8_7.C	51	3.200	22.320	0.293
BPP_100_300_0.1_0.8_7.C	50	3.400	22.040	0.301
BPP_100_300_0.1_0.8_7.C	50	3.400	22.040	0.284
BPP_100_300_0.1_0.8_7.C	50	3.800	22.280	0.286
BPP_100_300_0.1_0.8_7.C	51	3.200	22.320	0.288
BPP_100_300_0.1_0.8_7.C	51	3.400	22.440	0.292
BPP_100_300_0.1_0.8_7.C	51	3.200	22.320	0.288
BPP_100_300_0.1_0.8_7.C	51	3.400	22.440	0.301
BPP_100_300_0.1_0.8_7.C	51	3.200	22.320	0.285
BPP_100_300_0.1_0.8_8.C	48	1.000	19.800	0.262
BPP_100_300_0.1_0.8_8.C	48	1.000	19.800	0.265
BPP_100_300_0.1_0.8_8.C	47	1.600	19.760	0.263
BPP_100_300_0.1_0.8_8.C	48	0.800	19.680	0.263
BPP_100_300_0.1_0.8_8.C	48	1.000	19.800	0.263
BPP_100_300_0.1_0.8_8.C	48	1.000	19.800	0.270
BPP_100_300_0.1_0.8_8.C	48	1.000	19.800	0.273
BPP_100_300_0.1_0.8_8.C	48	1.000	19.800	0.269
BPP_100_300_0.1_0.8_8.C	48	1.000	19.800	0.269
BPP_100_300_0.1_0.8_8.C	48	1.000	19.800	0.263
BPP_100_300_0.1_0.8_9.C	47	0.400	19.040	0.279
BPP_100_300_0.1_0.8_9.C	47	0.400	19.040	0.273
BPP_100_300_0.1_0.8_9.C	47	0.400	19.040	0.272
BPP_100_300_0.1_0.8_9.C	47	0.400	19.040	0.267
BPP_100_300_0.1_0.8_9.C	47	0.400	19.040	0.267
BPP_100_300_0.1_0.8_9.C	47	0.400	19.040	0.268
BPP_100_300_0.1_0.8_9.C	47	0.600	19.160	0.270
BPP_100_300_0.1_0.8_9.C	47	0.400	19.040	0.277
BPP_100_300_0.1_0.8_9.C	48	0.400	19.440	0.276
BPP_100_300_0.1_0.8_9.C	47	0.400	19.040	0.275
BPP_100_400_0.1_0.8_0.C	46	2.200	19.720	0.369
BPP_100_400_0.1_0.8_0.C	46	2.800	20.080	0.368
BPP_100_400_0.1_0.8_0.C	46	2.400	19.840	0.366
BPP_100_400_0.1_0.8_0.C	46	2.800	20.080	0.368
BPP_100_400_0.1_0.8_0.C	46	2.600	19.960	0.370
BPP_100_400_0.1_0.8_0.C	46	2.400	19.840	0.367
BPP_100_400_0.1_0.8_0.C	46	2.400	19.840	0.368
BPP_100_400_0.1_0.8_0.C	46	2.600	19.960	0.371
BPP_100_400_0.1_0.8_0.C	46	2.200	19.720	0.364
BPP_100_400_0.1_0.8_0.C	46	2.400	19.840	0.368
BPP_100_400_0.1_0.8_1.C	47	2.800	20.480	0.388
BPP_100_400_0.1_0.8_1.C	46	3.600	20.560	0.416
BPP_100_400_0.1_0.8_1.C	47	2.800	20.480	0.380
BPP_100_400_0.1_0.8_1.C	47	2.800	20.480	0.382
BPP_100_400_0.1_0.8_1.C	47	2.800	20.480	0.382
BPP_100_400_0.1_0.8_1.C	47	2.800	20.480	0.390
BPP_100_400_0.1_0.8_1.C	47	2.800	20.480	0.386
BPP_100_400_0.1_0.8_1.C	46	3.200	20.320	0.387
BPP_100_400_0.1_0.8_1.C	47	2.800	20.480	0.390
BPP_100_400_0.1_0.8_1.C	46	3.400	20.440	0.400
BPP_100_400_0.1_0.8_2.C	48	2.400	20.640	0.391
BPP_100_400_0.1_0.8_2.C	47	3.000	20.600	0.411
BPP_100_400_0.1_0.8_2.C	48	2.400	20.640	0.395
BPP_100_400_0.1_0.8_2.C	48	2.400	20.640	0.404
BPP_100_400_0.1_0.8_2.C	48	2.400	20.640	0.400
BPP_100_400_0.1_0.8_2.C	48	2.400	20.640	0.392
BPP_100_400_0.1_0.8_2.C	48	2.400	20.640	0.399
BPP_100_400_0.1_0.8_2.C	48	2.400	20.640	0.392
BPP_100_400_0.1_0.8_2.C	48	2.400	20.640	0.408
BPP_100_400_0.1_0.8_2.C	48	2.400	20.640	0.403
BPP_100_400_0.1_0.8_3.C	49	2.400	21.040	0.393
BPP_100_400_0.1_0.8_3.C	49	2.400	21.040	0.381
BPP_100_400_0.1_0.8_3.C	49	2.400	21.040	0.387
BPP_100_400_0.1_0.8_3.C	49	2.400	21.040	0.392
BPP_100_400_0.1_0.8_3.C	49	2.400	21.040	0.396
BPP_100_400_0.1_0.8_3.C	49	2.400	21.040	0.389
BPP_100_400_0.1_0.8_3.C	49	2.400	21.040	0.387
BPP_100_400_0.1_0.8_3.C	49	2.400	21.040	0.387
BPP_100_400_0.1_0.8_3.C	49	2.400	21.040	0.387
BPP_100_400_0.1_0.8_3.C	49	2.400	21.040	0.386
BPP_100_400_0.1_0.8_4.C	48	1.600	20.160	0.389
BPP_100_400_0.1_0.8_4.C	48	1.400	20.040	0.398
BPP_100_400_0.1_0.8_4.C	48	1.600	20.160	0.385
BPP_100_400_0.1_0.8_4.C	48	1.400	20.040	0.386
BPP_100_400_0.1_0.8_4.C	49	1.400	20.440	0.386
BPP_100_400_0.1_0.8_4.C	49	1.400	20.440	0.387
BPP_100_400_0.1_0.8_4.C	48	1.600	20.160	0.386
BPP_100_400_0.1_0.8_4.C	48	1.600	20.160	0.387
BPP_100_400_0.1_0.8_4.C	48	1.400	20.040	0.388
BPP_100_400_0.1_0.8_4.C	48	1.600	20.160	0.389
BPP_100_400_0.1_0.8_5.C	46	1.400	19.240	0.373
BPP_100_400_0.1_0.8_5.C	46	1.400	19.240	0.380
BPP_100_400_0.1_0.8_5.C	46	1.400	19.240	0.386
BPP_100_400_0.1_0.8_5.C	46	1.400	19.240	0.377
BPP_100_400_0.1_0.8_5.C	46	1.400	19.240	0.375
BPP_100_400_0.1_0.8_5.C	46	1.400	19.240	0.402
BPP_100_400_0.1_0.8_5.C	46	1.400	19.240	0.375
BPP_100_400_0.1_0.8_5.C	46	1.400	19.240	0.375
BPP_100_400_0.1_0.8_5.C	46	1.400	19.240	0.380
BPP_100_400_0.1_0.8_5.C	46	1.400	19.240	0.379
BPP_100_400_0.1_0.8_6.C	49	0.400	19.840	0.394
BPP_100_400_0.1_0.8_6.C	49	0.400	19.840	0.390
BPP_100_400_0.1_0.8_6.C	50	0.400	20.240	0.415
BPP_100_400_0.1_0.8_6.C	49	0.400	19.840	0.394
BPP_100_400_0.1_0.8_6.C	49	1.000	20.200	0.418
BPP_100_400_0.1_0.8_6.C	49	0.400	19.840	0.394
BPP_100_400_0.1_0.8_6.C	49	0.400	19.840	0.395
BPP_100_400_0.1_0.8_6.C	49	0.400	19.840	0.396
BPP_100_400_0.1_0.8_6.C	49	0.400	19.840	0.389
BPP_100_400_0.1_0.8_6.C	50	0.400	20.240	0.398
BPP_100_400_0.1_0.8_7.C	48	1.400	20.040	0.387
BPP_100_400_0.1_0.8_7.C	48	1.400	20.040	0.381
BPP_100_400_0.1_0.8_7.C	48	1.400	20.040	0.388
BPP_100_400_0.1_0.8_7.C	48	1.400	20.040	0.391
BPP_100_400_0.1_0.8_7.C	48	1.400	20.040	0.386
BPP_100_400_0.1_0.8_7.C	48	1.400	20.040	0.396
BPP_100_400_0.1_0.8_7.C	48	1.400	20.040	0.387
BPP_100_400_0.1_0.8_7.C	48	1.400	20.040	0.390
BPP_100_400_0.1_0.8_7.C	48	1.600	20.160	0.386
BPP_100_400_0.1_0.8_7.C	48	1.400	20.040	0.386
BPP_100_400_0.1_0.8_8.C	49	5.200	22.720	0.412
BPP_100_400_0.1_0.8_8.C	49	5.200	22.720	0.383
BPP_100_400_0.1_0.8_8.C	49	5.200	22.720	0.386
BPP_100_400_0.1_0.8_8.C	49	5.000	22.600	0.387
BPP_100_400_0.1_0.8_8.C	49	5.200	22.720	0.386
BPP_100_400_0.1_0.8_8.C	49	5.200	22.720	0.392
BPP_100_400_0.1_0.8_8.C	49	5.400	22.840	0.388
BPP_100_400_0.1_0.8_8.C	48	5.600	22.560	0.393
BPP_100_400_0.1_0.8_8.C	49	5.000	22.600	0.394
BPP_100_400_0.1_0.8_8.C	48	5.400	22.440	0.410
BPP_100_400_0.1_0.8_9.C	49	2.000	20.800	0.398
BPP_100_400_0.1_0.8_9.C	49	2.000	20.800	0.388
BPP_100_400_0.1_0.8_9.C	49	2.600	21.160	0.392
BPP_100_400_0.1_0.8_9.C	49	2.000	20.800	0.392
BPP_100_400_0.1_0.8_9.C	49	2.000	20.800	0.400
BPP_100_400_0.1_0.8_9.C	49	2.200	20.920	0.397
BPP_100_400_0.1_0.8_9.C	49	2.400	21.040	0.401
BPP_100_400_0.1_0.8_9.C	49	2.200	20.920	0.395
BPP_100_400_0.1_0.8_9.C	49	2.200	20.920	0.400
BPP_100_400_0.1_0.8_9.C	49	2.400	21.040	0.394
BPP_100_500_0.1_0.8_0.C	44	4.000	20.000	0.523
BPP_100_500_0.1_0.8_0.C	44	3.800	19.880	0.405
BPP_100_500_0.1_0.8_0.C	44	4.000	20.000	0.417
BPP_100_500_0.1_0.8_0.C	44	3.600	19.760	0.396
BPP_100_500_0.1_0.8_0.C	44	3.800	19.880	0.443
BPP_100_500_0.1_0.8_0.C	44	4.000	20.000	0.396
BPP_100_500_0.1_0.8_0.C	44	3.800	19.880	0.398
BPP_100_500_0.1_0.8_0.C	44	3.800	19.880	0.401
BPP_100_500_0.1_0.8_0.C	44	3.800	19.880	0.395
BPP_100_500_0.1_0.8_0.C	44	3.600	19.760	0.459
BPP_100_500_0.1_0.8_1.C	50	1.600	20.960	0.446
BPP_100_500_0.1_0.8_1.C	50	1.600	20.960	0.487
BPP_100_500_0.1_0.8_1.C	50	1.600	20.960	0.501
BPP_100_500_0.1_0.8_1.C	50	1.600	20.960	0.465
BPP_100_500_0.1_0.8_1.C	50	1.600	20.960	0.546
BPP_100_500_0.1_0.8_1.C	50	1.600	20.960	0.476
BPP_100_500_0.1_0.8_1.C	50	1.600	20.960	0.450
BPP_100_500_0.1_0.8_1.C	50	1.600	20.960	0.455
BPP_100_500_0.1_0.8_1.C	50	1.600	20.960	0.514
BPP_100_500_0.1_0.8_1.C	50	1.400	20.840	0.490
BPP_100_500_0.1_0.8_2.C	47	0.200	18.920	0.496
BPP_100_500_0.1_0.8_2.C	47	0.200	18.920	0.505
BPP_100_500_0.1_0.8_2.C	47	0.200	18.920	0.419
BPP_100_500_0.1_0.8_2.C	47	0.200	18.920	0.436
BPP_100_500_0.1_0.8_2.C	47	0.200	18.920	0.429
BPP_100_500_0.1_0.8_2.C	47	0.400	19.040	0.435
BPP_100_500_0.1_0.8_2.C	48	0.200	19.320	0.431
BPP_100_500_0.1_0.8_2.C	47	0.200	18.920	0.494
BPP_100_500_0.1_0.8_2.C	47	0.200	18.920	0.427
BPP_100_500_0.1_0.8_2.C	47	0.200	18.920	0.423
BPP_100_500_0.1_0.8_3.C	51	10.600	26.760	0.452
BPP_100_500_0.1_0.8_3.C	51	10.600	26.760	0.452
BPP_100_500_0.1_0.8_3.C	51	10.600	26.760	0.477
BPP_100_500_0.1_0.8_3.C	51	10.600	26.760	0.460
BPP_100_500_0.1_0.8_3.C	50	11.200	26.720	0.453
BPP_100_500_0.1_0.8_3.C	51	10.600	26.760	0.451
BPP_100_500_0.1_0.8_3.C	51	10.600	26.760	0.448
BPP_100_500_0.1_0.8_3.C	51	10.600	26.760	0.460
BPP_100_500_0.1_0.8_3.C	51	10.600	26.760	0.490
BPP_100_500_0.1_0.8_3.C	51	10.600	26.760	0.450
BPP_100_500_0.1_0.8_4.C	48	7.800	23.880	0.429
BPP_100_500_0.1_0.8_4.C	48	7.200	23.520	0.452
BPP_100_500_0.1_0.8_4.C	48	7.400	23.640	0.433
BPP_100_500_0.1_0.8_4.C	48	7.600	23.760	0.434
BPP_100_500_0.1_0.8_4.C	48	7.400	23.640	0.460
BPP_100_500_0.1_0.8_4.C	49	6.600	23.560	0.431
BPP_100_500_0.1_0.8_4.C	48	7.400	23.640	0.437
BPP_100_500_0.1_0.8_4.C	48	7.000	23.400	0.434
BPP_100_500_0.1_0.8_4.C	48	7.400	23.640	0.441
BPP_100_500_0.1_0.8_4.C	48	7.200	23.520	0.431
BPP_100_500_0.1_0.8_5.C	54	1.000	22.200	0.478
BPP_100_500_0.1_0.8_5.C	54	1.000	22.200	0.473
BPP_100_500_0.1_0.8_5.C	54	1.000	22.200	0.480
BPP_100_500_0.1_0.8_5.C	54	1.000	22.200	0.473
BPP_100_500_0.1_0.8_5.C	54	1.000	22.200	0.491
BPP_100_500_0.1_0.8_5.C	55	1.000	22.600	0.481
BPP_100_500_0.1_0.8_5.C	54	1.000	22.200	0.490
BPP_100_500_0.1_0.8_5.C	54	1.000	22.200	0.544
BPP_100_500_0.1_0.8_5.C	54	1.000	22.200	0.506
BPP_100_500_0.1_0.8_5.C	54	1.000	22.200	0.474
BPP_100_500_0.1_0.8_6.C	49	2.600	21.160	0.479
BPP_100_500_0.1_0.8_6.C	50	2.400	21.440	0.522
BPP_100_500_0.1_0.8_6.C	50	2.200	21.320	0.549
BPP_100_500_0.1_0.8_6.C	50	2.400	21.440	0.497
BPP_100_500_0.1_0.8_6.C	50	2.400	21.440	0.560
BPP_100_500_0.1_0.8_6.C	50	2.400	21.440	0.739
BPP_100_500_0.1_0.8_6.C	49	2.800	21.280	0.529
BPP_100_500_0.1_0.8_6.C	50	2.400	21.440	0.531
BPP_100_500_0.1_0.8_6.C	50	2.400	21.440	0.548
BPP_100_500_0.1_0.8_6.C	50	2.200	21.320	0.533
BPP_100_500_0.1_0.8_7.C	50	3.000	21.800	0.438
BPP_100_500_0.1_0.8_7.C	50	3.200	21.920	0.440
BPP_100_500_0.1_0.8_7.C	50	3.000	21.800	0.451
BPP_100_500_0.1_0.8_7.C	50	3.000	21.800	0.478
BPP_100_500_0.1_0.8_7.C	50	3.400	22.040	0.576
BPP_100_500_0.1_0.8_7.C	50	3.000	21.800	0.628
BPP_100_500_0.1_0.8_7.C	50	3.000	21.800	0.441
BPP_100_500_0.1_0.8_7.C	50	3.000	21.800	0.445
BPP_100_500_0.1_0.8_7.C	50	3.000	21.800	0.443
BPP_100_500_0.1_0.8_7.C	50	3.000	21.800	0.441
BPP_100_500_0.1_0.8_8.C	48	2.600	20.760	0.488
BPP_100_500_0.1_0.8_8.C	48	2.600	20.760	0.503
BPP_100_500_0.1_0.8_8.C	48	2.600	20.760	0.499
BPP_100_500_0.1_0.8_8.C	48	2.600	20.760	0.513
BPP_100_500_0.1_0.8_8.C	48	2.600	20.760	0.537
BPP_100_500_0.1_0.8_8.C	48	2.600	20.760	0.489
BPP_100_500_0.1_0.8_8.C	48	2.600	20.760	0.540
BPP_100_500_0.1_0.8_8.C	48	2.600	20.760	0.442
BPP_100_500_0.1_0.8_8.C	48	2.600	20.760	0.431
BPP_100_500_0.1_0.8_8.C	48	2.600	20.760	0.455
BPP_100_500_0.1_0.8_9.C	47	3.600	20.960	0.424
BPP_100_500_0.1_0.8_9.C	47	3.600	20.960	0.422
BPP_100_500_0.1_0.8_9.C	47	3.600	20.960	0.423
BPP_100_500_0.1_0.8_9.C	47	3.600	20.960	0.432
BPP_100_500_0.1_0.8_9.C	47	3.600	20.960	0.422
BPP_100_500_0.1_0.8_9.C	46	4.200	20.920	0.429
BPP_100_500_0.1_0.8_9.C	47	3.600	20.960	0.424
BPP_100_500_0.1_0.8_9.C	47	3.600	20.960	0.423
BPP_100_500_0.1_0.8_9.C	47	3.600	20.960	0.423
BPP_100_500_0.1_0.8_9.C	47	3.600	20.960	0.423
BPP_100_50_0.1_0.8_0.C	44	0.400	17.840	0.042
BPP_100_50_0.1_0.8_0.C	44	0.600	17.960	0.044
BPP_100_50_0.1_0.8_0.C	44	0.600	17.960	0.044
BPP_100_50_0.1_0.8_0.C	44	0.600	17.960	0.047
BPP_100_50_0.1_0.8_0.C	44	0.400	17.840	0.045
BPP_100_50_0.1_0.8_0.C	44	0.600	17.960	0.045
BPP_100_50_0.1_0.8_0.C	44	0.600	17.960	0.045
BPP_100_50_0.1_0.8_0.C	44	0.400	17.840	0.045
BPP_100_50_0.1_0.8_0.C	44	0.600	17.960	0.045
BPP_100_50_0.1_0.8_0.C	44	0.600	17.960	0.047
BPP_100_50_0.1_0.8_1.C	45	3.600	20.160	0.047
BPP_100_50_0.1_0.8_1.C	45	3.600	20.160	0.048
BPP_100_50_0.1_0.8_1.C	45	4.000	20.400	0.046
BPP_100_50_0.1_0.8_1.C	45	3.600	20.160	0.048
BPP_100_50_0.1_0.8_1.C	45	3.600	20.160	0.047
BPP_100_50_0.1_0.8_1.C	45	3.800	20.280	0.047
BPP_100_50_0.1_0.8_1.C	45	3.400	20.040	0.051
BPP_100_50_0.1_0.8_1.C	45	4.000	20.400	0.047
BPP_100_50_0.1_0.8_1.C	45	3.800	20.280	0.050
BPP_100_50_0.1_0.8_1.C	45	4.000	20.400	0.047
BPP_100_50_0.1_0.8_2.C	51	6.600	24.360	0.059
BPP_100_50_0.1_0.8_2.C	51	6.400	24.240	0.054
BPP_100_50_0.1_0.8_2.C	51	6.400	24.240	0.053
BPP_100_50_0.1_0.8_2.C	51	6.400	24.240	0.049
BPP_100_50_0.1_0.8_2.C	51	6.400	24.240	0.049
BPP_100_50_0.1_0.8_2.C	51	6.400	24.240	0.054
BPP_100_50_0.1_0.8_2.C	51	6.400	24.240	0.053
BPP_100_50_0.1_0.8_2.C	51	6.800	24.480	0.049
BPP_100_50_0.1_0.8_2.C	51	6.600	24.360	0.051
BPP_100_50_0.1_0.8_2.C	51	6.400	24.240	0.052
BPP_100_50_0.1_0.8_3.C	48	3.600	21.360	0.048
BPP_100_50_0.1_0.8_3.C	47	4.000	21.200	0.051
BPP_100_50_0.1_0.8_3.C	47	4.000	21.200	0.048
BPP_100_50_0.1_0.8_3.C	48	3.600	21.360	0.050
BPP_100_50_0.1_0.8_3.C	47	4.200	21.320	0.048
BPP_100_50_0.1_0.8_3.C	48	3.400	21.240	0.050
BPP_100_50_0.1_0.8_3.C	48	3.800	21.480	0.048
BPP_100_50_0.1_0.8_3.C	47	4.200	21.320	0.050
BPP_100_50_0.1_0.8_3.C	48	4.000	21.600	0.049
BPP_100_50_0.1_0.8_3.C	47	4.000	21.200	0.050
BPP_100_50_0.1_0.8_4.C	43	1.400	18.040	0.045
BPP_100_50_0.1_0.8_4.C	43	1.400	18.040	0.046
BPP_100_50_0.1_0.8_4.C	43	1.400	18.040	0.047
BPP_100_50_0.1_0.8_4.C	43	1.400	18.040	0.048
BPP_100_50_0.1_0.8_4.C	43	1.400	18.040	0.046
BPP_100_50_0.1_0.8_4.C	43	1.400	18.040	0.045
BPP_100_50_0.1_0.8_4.C	43	1.400	18.040	0.048
BPP_100_50_0.1_0.8_4.C	43	1.400	18.040	0.045
BPP_100_50_0.1_0.8_4.C	43	1.400	18.040	0.047
BPP_100_50_0.1_0.8_4.C	43	1.400	18.040	0.046
BPP_100_50_0.1_0.8_5.C	43	1.600	18.160	0.045
BPP_100_50_0.1_0.8_5.C	43	1.400	18.040	0.047
BPP_100_50_0.1_0.8_5.C	43	1.400	18.040	0.045
BPP_100_50_0.1_0.8_5.C	43	1.400	18.040	0.046
BPP_100_50_0.1_0.8_5.C	43	1.600	18.160	0.045
BPP_100_50_0.1_0.8_5.C	43	1.400	18.040	0.045
BPP_100_50_0.1_0.8_5.C	43	1.600	18.160	0.044
BPP_100_50_0.1_0.8_5.C	43	1.400	18.040	0.044
BPP_100_50_0.1_0.8_5.C	43	1.600	18.160	0.045
BPP_100_50_0.1_0.8_5.C	43	1.400	18.040	0.044
BPP_100_50_0.1_0.8_6.C	45	1.400	18.840	0.046
BPP_100_50_0.1_0.8_6.C	45	1.400	18.840	0.048
BPP_100_50_0.1_0.8_6.C	45	1.400	18.840	0.047
BPP_100_50_0.1_0.8_6.C	45	1.400	18.840	0.046
BPP_100_50_0.1_0.8_6.C	45	1.400	18.840	0.046
BPP_100_50_0.1_0.8_6.C	45	1.400	18.840	0.046
BPP_100_50_0.1_0.8_6.C	45	1.400	18.840	0.048
BPP_100_50_0.1_0.8_6.C	45	1.400	18.840	0.047
BPP_100_50_0.1_0.8_6.C	45	1.400	18.840	0.046
BPP_100_50_0.1_0.8_6.C	45	1.400	18.840	0.047
BPP_100_50_0.1_0.8_7.C	47	1.400	19.640	0.050
BPP_100_50_0.1_0.8_7.C	47	1.400	19.640	0.047
BPP_100_50_0.1_0.8_7.C	47	1.400	19.640	0.050
BPP_100_50_0.1_0.8_7.C	47	1.400	19.640	0.048
BPP_100_50_0.1_0.8_7.C	47	1.400	19.640	0.047
BPP_100_50_0.1_0.8_7.C	47	1.400	19.640	0.047
BPP_100_50_0.1_0.8_7.C	47	1.400	19.640	0.049
BPP_100_50_0.1_0.8_7.C	47	1.400	19.640	0.049
BPP_100_50_0.1_0.8_7.C	46	1.400	19.240	0.048
BPP_100_50_0.1_0.8_7.C	47	1.400	19.640	0.046
BPP_100_50_0.1_0.8_8.C	49	3.000	21.400	0.052
BPP_100_50_0.1_0.8_8.C	48	3.600	21.360	0.051
BPP_100_50_0.1_0.8_8.C	48	4.000	21.600	0.050
BPP_100_50_0.1_0.8_8.C	48	3.600	21.360	0.049
BPP_100_50_0.1_0.8_8.C	48	3.600	21.360	0.052
BPP_100_50_0.1_0.8_8.C	48	3.800	21.480	0.050
BPP_100_50_0.1_0.8_8.C	48	3.000	21.000	0.052
BPP_100_50_0.1_0.8_8.C	48	3.800	21.480	0.051
BPP_100_50_0.1_0.8_8.C	48	3.600	21.360	0.052
BPP_100_50_0.1_0.8_8.C	48	3.600	21.360	0.050
BPP_100_50_0.1_0.8_9.C	47	4.800	21.680	0.050
BPP_100_50_0.1_0.8_9.C	47	4.800	21.680	0.047
BPP_100_50_0.1_0.8_9.C	47	5.000	21.800	0.050
BPP_100_50_0.1_0.8_9.C	47	5.000	21.800	0.049
BPP_100_50_0.1_0.8_9.C	47	4.800	21.680	0.049
BPP_100_50_0.1_0.8_9.C	47	4.800	21.680	0.049
BPP_100_50_0.1_0.8_9.C	47	5.000	21.800	0.049
BPP_100_50_0.1_0.8_9.C	47	4.800	21.680	0.048
BPP_100_50_0.1_0.8_9.C	47	4.600	21.560	0.047
BPP_100_50_0.1_0.8_9.C	47	5.200	21.920	0.050
BPP_100_750_0.1_0.8_0.C	46	2.000	19.600	0.603
BPP_100_750_0.1_0.8_0.C	46	2.000	19.600	0.601
BPP_100_750_0.1_0.8_0.C	46	2.000	19.600	0.624
BPP_100_750_0.1_0.8_0.C	46	2.000	19.600	0.618
BPP_100_750_0.1_0.8_0.C	46	2.000	19.600	0.604
BPP_100_750_0.1_0.8_0.C	46	2.000	19.600	0.600
BPP_100_750_0.1_0.8_0.C	46	2.000	19.600	0.605
BPP_100_750_0.1_0.8_0.C	46	2.000	19.600	0.647
BPP_100_750_0.1_0.8_0.C	45	2.000	19.200	0.637
BPP_100_750_0.1_0.8_0.C	45	2.000	19.200	0.665
BPP_100_750_0.1_0.8_1.C	45	2.000	19.200	0.600
BPP_100_750_0.1_0.8_1.C	45	2.000	19.200	0.596
BPP_100_750_0.1_0.8_1.C	45	2.000	19.200	0.598
BPP_100_750_0.1_0.8_1.C	45	2.000	19.200	0.599
BPP_100_750_0.1_0.8_1.C	45	2.400	19.440	0.599
BPP_100_750_0.1_0.8_1.C	45	2.000	19.200	0.598
BPP_100_750_0.1_0.8_1.C	45	2.000	19.200	0.598
BPP_100_750_0.1_0.8_1.C	45	2.000	19.200	0.602
BPP_100_750_0.1_0.8_1.C	45	2.000	19.200	0.619
BPP_100_750_0.1_0.8_1.C	45	2.000	19.200	0.600
BPP_100_750_0.1_0.8_2.C	45	2.000	19.200	0.609
BPP_100_750_0.1_0.8_2.C	45	2.000	19.200	0.598
BPP_100_750_0.1_0.8_2.C	45	2.000	19.200	0.604
BPP_100_750_0.1_0.8_2.C	45	2.000	19.200	0.648
BPP_100_750_0.1_0.8_2.C	45	2.000	19.200	0.619
BPP_100_750_0.1_0.8_2.C	45	2.000	19.200	0.620
BPP_100_750_0.1_0.8_2.C	45	2.000	19.200	0.622
BPP_100_750_0.1_0.8_2.C	45	2.000	19.200	0.675
BPP_100_750_0.1_0.8_2.C	45	2.000	19.200	0.620
BPP_100_750_0.1_0.8_2.C	45	2.000	19.200	0.640
BPP_100_750_0.1_0.8_3.C	49	2.800	21.280	0.644
BPP_100_750_0.1_0.8_3.C	49	2.800	21.280	0.687
BPP_100_750_0.1_0.8_3.C	49	2.800	21.280	0.641
BPP_100_750_0.1_0.8_3.C	49	2.800	21.280	0.645
BPP_100_750_0.1_0.8_3.C	49	2.800	21.280	0.647
BPP_100_750_0.1_0.8_3.C	49	2.800	21.280	0.744
BPP_100_750_0.1_0.8_3.C	49	2.800	21.280	0.650
BPP_100_750_0.1_0.8_3.C	49	2.600	21.160	0.647
BPP_100_750_0.1_0.8_3.C	49	2.600	21.160	0.647
BPP_100_750_0.1_0.8_3.C	49	3.000	21.400	0.679
BPP_100_750_0.1_0.8_4.C	52	3.600	22.960	0.701
BPP_100_750_0.1_0.8_4.C	52	3.600	22.960	0.689
BPP_100_750_0.1_0.8_4.C	52	3.600	22.960	0.682
BPP_100_750_0.1_0.8_4.C	52	3.600	22.960	0.702
BPP_100_750_0.1_0.8_4.C	52	3.600	22.960	0.673
BPP_100_750_0.1_0.8_4.C	52	3.600	22.960	0.683
BPP_100_750_0.1_0.8_4.C	52	3.600	22.960	0.717
BPP_100_750_0.1_0.8_4.C	52	3.600	22.960	0.686
BPP_100_750_0.1_0.8_4.C	52	3.600	22.960	0.675
BPP_100_750_0.1_0.8_4.C	52	3.600	22.960	0.728
BPP_100_750_0.1_0.8_5.C	50	-0.000	20.000	0.646
BPP_100_750_0.1_0.8_5.C	50	-0.000	20.000	0.656
BPP_100_750_0.1_0.8_5.C	50	-0.000	20.000	0.653
BPP_100_750_0.1_0.8_5.C	50	-0.000	20.000	0.647
BPP_100_750_0.1_0.8_5.C	50	-0.000	20.000	0.652
BPP_100_750_0.1_0.8_5.C	50	-0.000	20.000	0.656
BPP_100_750_0.1_0.8_5.C	50	-0.000	20.000	0.657
BPP_100_750_0.1_0.8_5.C	50	-0.000	20.000	0.660
BPP_100_750_0.1_0.8_5.C	50	-0.000	20.000	0.659
BPP_100_750_0.1_0.8_5.C	50	-0.000	20.000	0.651
BPP_100_750_0.1_0.8_6.C	46	0.000	18.400	0.596
BPP_100_750_0.1_0.8_6.C	45	0.400	18.240	0.600
BPP_100_750_0.1_0.8_6.C	45	-0.000	18.000	0.621
BPP_100_750_0.1_0.8_6.C	45	-0.000	18.000	0.601
BPP_100_750_0.1_0.8_6.C	45	-0.000	18.000	0.645
BPP_100_750_0.1_0.8_6.C	45	0.000	18.000	0.631
BPP_100_750_0.1_0.8_6.C	46	0.000	18.400	0.608
BPP_100_750_0.1_0.8_6.C	45	-0.000	18.000	0.599
BPP_100_750_0.1_0.8_6.C	45	0.400	18.240	0.595
BPP_100_750_0.1_0.8_6.C	45	-0.000	18.000	0.609
BPP_100_750_0.1_0.8_7.C	51	0.000	20.400	0.643
BPP_100_750_0.1_0.8_7.C	51	0.000	20.400	0.645
BPP_100_750_0.1_0.8_7.C	51	0.000	20.400	0.638
BPP_100_750_0.1_0.8_7.C	51	0.000	20.400	0.644
BPP_100_750_0.1_0.8_7.C	51	0.000	20.400	0.633
BPP_100_750_0.1_0.8_7.C	51	0.000	20.400	0.640
BPP_100_750_0.1_0.8_7.C	51	0.000	20.400	0.715
BPP_100_750_0.1_0.8_7.C	51	0.000	20.400	0.683
BPP_100_750_0.1_0.8_7.C	51	0.000	20.400	0.645
BPP_100_750_0.1_0.8_7.C	51	0.000	20.400	0.649
BPP_100_750_0.1_0.8_8.C	45	0.800	18.480	0.685
BPP_100_750_0.1_0.8_8.C	45	0.800	18.480	0.648
BPP_100_750_0.1_0.8_8.C	45	0.800	18.480	0.617
BPP_100_750_0.1_0.8_8.C	45	0.800	18.480	0.663
BPP_100_750_0.1_0.8_8.C	45	0.800	18.480	0.635
BPP_100_750_0.1_0.8_8.C	45	0.800	18.480	0.659
BPP_100_750_0.1_0.8_8.C	45	0.800	18.480	0.625
BPP_100_750_0.1_0.8_8.C	45	0.800	18.480	0.660
BPP_100_750_0.1_0.8_8.C	45	0.800	18.480	0.654
BPP_100_750_0.1_0.8_8.C	45	0.800	18.480	0.657
BPP_100_750_0.1_0.8_9.C	45	0.800	18.480	0.629
BPP_100_750_0.1_0.8_9.C	45	0.800	18.480	0.654
BPP_100_750_0.1_0.8_9.C	44	0.800	18.080	0.626
BPP_100_750_0.1_0.8_9.C	45	0.800	18.480	0.796
BPP_100_750_0.1_0.8_9.C	45	0.800	18.480	0.731
BPP_100_750_0.1_0.8_9.C	45	0.800	18.480	0.859
BPP_100_750_0.1_0.8_9.C	45	0.800	18.480	0.965
BPP_100_750_0.1_0.8_9.C	45	0.800	18.480	0.905
BPP_100_750_0.1_0.8_9.C	44	0.800	18.080	0.602
BPP_100_750_0.1_0.8_9.C	44	0.800	18.080	0.603
BPP_100_75_0.1_0.8_0.C	51	0.000	20.400	0.078
BPP_100_75_0.1_0.8_0.C	51	0.000	20.400	0.075
BPP_100_75_0.1_0.8_0.C	51	0.000	20.400	0.077
BPP_100_75_0.1_0.8_0.C	51	0.000	20.400	0.079
BPP_100_75_0.1_0.8_0.C	51	0.000	20.400	0.076
BPP_100_75_0.1_0.8_0.C	51	0.000	20.400	0.077
BPP_100_75_0.1_0.8_0.C	51	0.000	20.400	0.077
BPP_100_75_0.1_0.8_0.C	51	0.000	20.400	0.075
BPP_100_75_0.1_0.8_0.C	51	0.000	20.400	0.075
BPP_100_75_0.1_0.8_0.C	51	0.000	20.400	0.077
BPP_100_75_0.1_0.8_1.C	48	3.400	21.240	0.072
BPP_100_75_0.1_0.8_1.C	47	3.600	20.960	0.072
BPP_100_75_0.1_0.8_1.C	47	3.600	20.960	0.073
BPP_100_75_0.1_0.8_1.C	47	3.800	21.080	0.074
BPP_100_75_0.1_0.8_1.C	47	3.600	20.960	0.072
BPP_100_75_0.1_0.8_1.C	47	3.600	20.960	0.072
BPP_100_75_0.1_0.8_1.C	47	3.600	20.960	0.072
BPP_100_75_0.1_0.8_1.C	47	3.600	20.960	0.071
BPP_100_75_0.1_0.8_1.C	47	3.800	21.080	0.072
BPP_100_75_0.1_0.8_1.C	47	3.600	20.960	0.074
BPP_100_75_0.1_0.8_2.C	47	5.800	22.280	0.073
BPP_100_75_0.1_0.8_2.C	47	5.800	22.280	0.073
BPP_100_75_0.1_0.8_2.C	47	5.800	22.280	0.073
BPP_100_75_0.1_0.8_2.C	47	5.600	22.160	0.073
BPP_100_75_0.1_0.8_2.C	47	6.000	22.400	0.072
BPP_100_75_0.1_0.8_2.C	47	6.000	22.400	0.073
BPP_100_75_0.1_0.8_2.C	47	5.800	22.280	0.071
BPP_100_75_0.1_0.8_2.C	47	5.800	22.280	0.074
BPP_100_75_0.1_0.8_2.C	47	5.800	22.280	0.072
BPP_100_75_0.1_0.8_2.C	47	5.600	22.160	0.073
BPP_100_75_0.1_0.8_3.C	52	2.600	22.360	0.079
BPP_100_75_0.1_0.8_3.C	52	2.000	22.000	0.080
BPP_100_75_0.1_0.8_3.C	52	1.800	21.880	0.078
BPP_100_75_0.1_0.8_3.C	52	2.200	22.120	0.078
BPP_100_75_0.1_0.8_3.C	52	2.000	22.000	0.078
BPP_100_75_0.1_0.8_3.C	52	2.200	22.120	0.078
BPP_100_75_0.1_0.8_3.C	52	2.400	22.240	0.078
BPP_100_75_0.1_0.8_3.C	52	2.000	22.000	0.080
BPP_100_75_0.1_0.8_3.C	53	1.800	22.280	0.077
BPP_100_75_0.1_0.8_3.C	52	2.400	22.240	0.078
BPP_100_75_0.1_0.8_4.C	49	0.200	19.720	0.077
BPP_100_75_0.1_0.8_4.C	49	0.200	19.720	0.075
BPP_100_75_0.1_0.8_4.C	49	0.200	19.720	0.078
BPP_100_75_0.1_0.8_4.C	49	0.200	19.720	0.075
BPP_100_75_0.1_0.8_4.C	49	0.400	19.840	0.077
BPP_100_75_0.1_0.8_4.C	49	0.200	19.720	0.076
BPP_100_75_0.1_0.8_4.C	49	0.200	19.720	0.082
BPP_100_75_0.1_0.8_4.C	49	0.200	19.720	0.075
BPP_100_75_0.1_0.8_4.C	49	0.400	19.840	0.077
BPP_100_75_0.1_0.8_4.C	49	0.200	19.720	0.075
BPP_100_75_0.1_0.8_5.C	49	0.400	19.840	0.076
BPP_100_75_0.1_0.8_5.C	49	0.200	19.720	0.077
BPP_100_75_0.1_0.8_5.C	48	0.800	19.680	0.078
BPP_100_75_0.1_0.8_5.C	49	0.200	19.720	0.078
BPP_100_75_0.1_0.8_5.C	49	0.200	19.720	0.077
BPP_100_75_0.1_0.8_5.C	49	0.200	19.720	0.077
BPP_100_75_0.1_0.8_5.C	49	0.200	19.720	0.078
BPP_100_75_0.1_0.8_5.C	49	0.200	19.720	0.079
BPP_100_75_0.1_0.8_5.C	48	0.400	19.440	0.076
BPP_100_75_0.1_0.8_5.C	49	0.200	19.720	0.079
BPP_100_75_0.1_0.8_6.C	45	0.400	18.240	0.074
BPP_100_75_0.1_0.8_6.C	45	0.400	18.240	0.072
BPP_100_75_0.1_0.8_6.C	45	0.400	18.240	0.071
BPP_100_75_0.1_0.8_6.C	45	0.400	18.240	0.072
BPP_100_75_0.1_0.8_6.C	45	0.400	18.240	0.072
BPP_100_75_0.1_0.8_6.C	45	0.400	18.240	0.071
BPP_100_75_0.1_0.8_6.C	45	0.400	18.240	0.071
BPP_100_75_0.1_0.8_6.C	45	0.400	18.240	0.074
BPP_100_75_0.1_0.8_6.C	45	0.400	18.240	0.071
BPP_100_75_0.1_0.8_6.C	45	0.400	18.240	0.073
BPP_100_75_0.1_0.8_7.C	48	0.200	19.320	0.075
BPP_100_75_0.1_0.8_7.C	49	0.200	19.720	0.076
BPP_100_75_0.1_0.8_7.C	48	0.600	19.560	0.074
BPP_100_75_0.1_0.8_7.C	49	0.200	19.720	0.075
BPP_100_75_0.1_0.8_7.C	49	0.200	19.720	0.075
BPP_100_75_0.1_0.8_7.C	49	0.200	19.720	0.076
BPP_100_75_0.1_0.8_7.C	48	0.400	19.440	0.074
BPP_100_75_0.1_0.8_7.C	49	0.200	19.720	0.075
BPP_100_75_0.1_0.8_7.C	49	0.200	19.720	0.074
BPP_100_75_0.1_0.8_7.C	49	0.200	19.720	0.075
BPP_100_75_0.1_0.8_8.C	48	0.200	19.320	0.075
BPP_100_75_0.1_0.8_8.C	48	0.200	19.320	0.073
BPP_100_75_0.1_0.8_8.C	48	0.200	19.320	0.077
BPP_100_75_0.1_0.8_8.C	48	0.200	19.320	0.075
BPP_100_75_0.1_0.8_8.C	48	0.200	19.320	0.075
BPP_100_75_0.1_0.8_8.C	48	0.200	19.320	0.075
BPP_100_75_0.1_0.8_8.C	48	0.200	19.320	0.074
BPP_100_75_0.1_0.8_8.C	48	0.200	19.320	0.074
BPP_100_75_0.1_0.8_8.C	48	0.200	19.320	0.075
BPP_100_75_0.1_0.8_8.C	48	0.200	19.320	0.074
BPP_100_75_0.1_0.8_9.C	50	0.200	20.120	0.077
BPP_100_75_0.1_0.8_9.C	50	0.200	20.120	0.078
BPP_100_75_0.1_0.8_9.C	50	0.200	20.120	0.077
BPP_100_75_0.1_0.8_9.C	50	0.200	20.120	0.076
BPP_100_75_0.1_0.8_9.C	50	0.200	20.120	0.078
BPP_100_75_0.1_0.8_9.C	50	0.200	20.120	0.076
BPP_100_75_0.1_0.8_9.C	50	0.200	20.120	0.078
BPP_100_75_0.1_0.8_9.C	51	0.200	20.520	0.077
BPP_100_75_0.1_0.8_9.C	50	0.200	20.120	0.078
BPP_100_75_0.1_0.8_9.C	50	0.200	20.120	0.079
BPP_200_1000_0.1_0.8_0.C	95	-0.000	38.000	4.360
BPP_200_1000_0.1_0.8_0.C	95	-0.000	38.000	4.262
BPP_200_1000_0.1_0.8_0.C	95	-0.000	38.000	4.337
BPP_200_1000_0.1_0.8_0.C	95	-0.000	38.000	4.276
BPP_200_1000_0.1_0.8_0.C	95	-0.000	38.000	4.305
BPP_200_1000_0.1_0.8_0.C	95	-0.000	38.000	4.303
BPP_200_1000_0.1_0.8_0.C	95	-0.000	38.000	4.305
BPP_200_1000_0.1_0.8_0.C	95	-0.000	38.000	4.427
BPP_200_1000_0.1_0.8_0.C	95	-0.000	38.000	4.396
BPP_200_1000_0.1_0.8_0.C	95	-0.000	38.000	4.296
BPP_200_1000_0.1_0.8_1.C	95	1.800	39.080	5.863
BPP_200_1000_0.1_0.8_1.C	95	2.000	39.200	4.328
BPP_200_1000_0.1_0.8_1.C	95	2.200	39.320	4.188
BPP_200_1000_0.1_0.8_1.C	95	2.200	39.320	4.276
BPP_200_1000_0.1_0.8_1.C	95	1.800	39.080	4.230
BPP_200_1000_0.1_0.8_1.C	95	2.200	39.320	4.291
BPP_200_1000_0.1_0.8_1.C	95	1.800	39.080	4.224
BPP_200_1000_0.1_0.8_1.C	95	2.200	39.320	4.266
BPP_200_1000_0.1_0.8_1.C	95	2.200	39.320	4.252
BPP_200_1000_0.1_0.8_1.C	95	2.000	39.200	4.257
BPP_200_1000_0.1_0.8_2.C	95	1.600	38.960	4.333
BPP_200_1000_0.1_0.8_2.C	96	1.000	39.000	4.276
BPP_200_1000_0.1_0.8_2.C	96	1.000	39.000	4.268
BPP_200_1000_0.1_0.8_2.C	96	1.000	39.000	4.315
BPP_200_1000_0.1_0.8_2.C	95	1.400	38.840	4.305
BPP_200_1000_0.1_0.8_2.C	96	1.000	39.000	4.322
BPP_200_1000_0.1_0.8_2.C	95	2.000	39.200	4.347
BPP_200_1000_0.1_0.8_2.C	95	1.600	38.960	4.344
BPP_200_1000_0.1_0.8_2.C	96	1.000	39.000	4.289
BPP_200_1000_0.1_0.8_2.C	96	1.000	39.000	4.287
BPP_200_1000_0.1_0.8_3.C	92	2.800	38.480	4.197
BPP_200_1000_0.1_0.8_3.C	92	3.000	38.600	4.153
BPP_200_1000_0.1_0.8_3.C	92	3.000	38.600	4.400
BPP_200_1000_0.1_0.8_3.C	92	2.800	38.480	4.976
BPP_200_1000_0.1_0.8_3.C	92	2.800	38.480	5.226
BPP_200_1000_0.1_0.8_3.C	92	2.600	38.360	5.539
BPP_200_1000_0.1_0.8_3.C	91	2.200	37.720	5.563
BPP_200_1000_0.1_0.8_3.C	92	2.600	38.360	5.903
BPP_200_1000_0.1_0.8_3.C	93	2.200	38.520	6.198
BPP_200_1000_0.1_0.8_3.C	92	3.000	38.600	6.417
BPP_200_1000_0.1_0.8_4.C	93	2.800	38.880	4.189
BPP_200_1000_0.1_0.8_4.C	93	3.400	39.240	4.422
BPP_200_1000_0.1_0.8_4.C	93	3.200	39.120	4.564
BPP_200_1000_0.1_0.8_4.C	93	2.800	38.880	4.273
BPP_200_1000_0.1_0.8_4.C	93	2.800	38.880	4.169
BPP_200_1000_0.1_0.8_4.C	93	3.000	39.000	4.272
BPP_200_1000_0.1_0.8_4.C	93	3.200	39.120	4.200
BPP_200_1000_0.1_0.8_4.C	93	2.800	38.880	4.134
BPP_200_1000_0.1_0.8_4.C	93	2.800	38.880	6.035
BPP_200_1000_0.1_0.8_4.C	93	3.200	39.120	6.045
BPP_200_1000_0.1_0.8_5.C	93	0.000	37.200	4.215
BPP_200_1000_0.1_0.8_5.C	93	0.000	37.200	4.205
BPP_200_1000_0.1_0.8_5.C	93	0.000	37.200	4.218
BPP_200_1000_0.1_0.8_5.C	93	0.000	37.200	4.242
BPP_200_1000_0.1_0.8_5.C	93	0.000	37.200	4.245
BPP_200_1000_0.1_0.8_5.C	93	0.000	37.200	4.247
BPP_200_1000_0.1_0.8_5.C	93	0.000	37.200	4.267
BPP_200_1000_0.1_0.8_5.C	93	0.000	37.200	4.250
BPP_200_1000_0.1_0.8_5.C	93	0.000	37.200	4.229
BPP_200_1000_0.1_0.8_5.C	93	0.200	37.320	4.232
BPP_200_1000_0.1_0.8_6.C	92	1.000	37.400	4.256
BPP_200_1000_0.1_0.8_6.C	92	1.000	37.400	4.183
BPP_200_1000_0.1_0.8_6.C	92	1.000	37.400	4.168
BPP_200_1000_0.1_0.8_6.C	92	1.000	37.400	4.133
BPP_200_1000_0.1_0.8_6.C	92	0.800	37.280	4.163
BPP_200_1000_0.1_0.8_6.C	92	1.000	37.400	4.190
BPP_200_1000_0.1_0.8_6.C	92	0.800	37.280	4.201
BPP_200_1000_0.1_0.8_6.C	92	1.000	37.400	4.184
BPP_200_1000_0.1_0.8_6.C	92	1.000	37.400	4.217
BPP_200_1000_0.1_0.8_6.C	92	1.000	37.400	4.205
BPP_200_1000_0.1_0.8_7.C	101	0.200	40.520	4.435
BPP_200_1000_0.1_0.8_7.C	101	0.000	40.400	4.486
BPP_200_1000_0.1_0.8_7.C	101	0.000	40.400	4.553
BPP_200_1000_0.1_0.8_7.C	102	0.000	40.800	4.505
BPP_200_1000_0.1_0.8_7.C	100	1.200	40.720	4.491
BPP_200_1000_0.1_0.8_7.C	101	0.000	40.400	4.510
BPP_200_1000_0.1_0.8_7.C	101	0.200	40.520	4.459
BPP_200_1000_0.1_0.8_7.C	101	0.000	40.400	4.451
BPP_200_1000_0.1_0.8_7.C	101	0.000	40.400	4.423
BPP_200_1000_0.1_0.8_7.C	102	0.000	40.800	4.502
BPP_200_1000_0.1_0.8_8.C	91	0.800	36.880	4.177
BPP_200_1000_0.1_0.8_8.C	91	0.800	36.880	4.145
BPP_200_1000_0.1_0.8_8.C	91	0.600	36.760	4.251
BPP_200_1000_0.1_0.8_8.C	91	0.800	36.880	4.194
BPP_200_1000_0.1_0.8_8.C	91	0.800	36.880	4.212
BPP_200_1000_0.1_0.8_8.C	91	0.800	36.880	4.122
BPP_200_1000_0.1_0.8_8.C	91	0.800	36.880	4.169
BPP_200_1000_0.1_0.8_8.C	91	0.800	36.880	4.202
BPP_200_1000_0.1_0.8_8.C	91	0.600	36.760	4.315
BPP_200_1000_0.1_0.8_8.C	91	0.800	36.880	4.216
BPP_200_1000_0.1_0.8_9.C	89	1.800	36.680	3.990
BPP_200_1000_0.1_0.8_9.C	89	1.800	36.680	4.019
BPP_200_1000_0.1_0.8_9.C	89	1.800	36.680	4.027
BPP_200_1000_0.1_0.8_9.C	89	1.800	36.680	4.009
BPP_200_1000_0.1_0.8_9.C	89	1.800	36.680	3.994
BPP_200_1000_0.1_0.8_9.C	89	1.800	36.680	4.023
BPP_200_1000_0.1_0.8_9.C	89	1.800	36.680	3.994
BPP_200_1000_0.1_0.8_9.C	89	1.800	36.680	4.021
BPP_200_1000_0.1_0.8_9.C	89	1.800	36.680	4.029
BPP_200_1000_0.1_0.8_9.C	89	1.800	36.680	4.079
BPP_200_100_0.1_0.8_0.C	95	0.200	38.120	0.351
BPP_200_100_0.1_0.8_0.C	95	0.200	38.120	0.358
BPP_200_100_0.1_0.8_0.C	95	0.200	38.120	0.364
BPP_200_100_0.1_0.8_0.C	96	0.200	38.520	0.357
BPP_200_100_0.1_0.8_0.C	95	0.200	38.120	0.365
BPP_200_100_0.1_0.8_0.C	96	0.200	38.520	0.366
BPP_200_100_0.1_0.8_0.C	95	0.200	38.120	0.350
BPP_200_100_0.1_0.8_0.C	96	0.200	38.520	0.361
BPP_200_100_0.1_0.8_0.C	95	0.200	38.120	0.365
BPP_200_100_0.1_0.8_0.C	95	0.800	38.480	0.364
BPP_200_100_0.1_0.8_1.C	95	3.000	39.800	0.363
BPP_200_100_0.1_0.8_1.C	95	3.000	39.800	0.372
BPP_200_100_0.1_0.8_1.C	95	2.800	39.680	0.383
BPP_200_100_0.1_0.8_1.C	95	2.600	39.560	0.430
BPP_200_100_0.1_0.8_1.C	95	3.000	39.800	0.354
BPP_200_100_0.1_0.8_1.C	95	2.400	39.440	0.373
BPP_200_100_0.1_0.8_1.C	95	3.000	39.800	0.358
BPP_200_100_0.1_0.8_1.C	95	2.400	39.440	0.360
BPP_200_100_0.1_0.8_1.C	95	3.000	39.800	0.371
BPP_200_100_0.1_0.8_1.C	95	3.000	39.800	0.362
BPP_200_100_0.1_0.8_2.C	89	1.000	36.200	0.346
BPP_200_100_0.1_0.8_2.C	89	0.400	35.840	0.339
BPP_200_100_0.1_0.8_2.C	89	1.000	36.200	0.337
BPP_200_100_0.1_0.8_2.C	89	1.000	36.200	0.327
BPP_200_100_0.1_0.8_2.C	89	0.800	36.080	0.330
BPP_200_100_0.1_0.8_2.C	89	1.000	36.200	0.403
BPP_200_100_0.1_0.8_2.C	89	0.800	36.080	0.327
BPP_200_100_0.1_0.8_2.C	89	1.000	36.200	0.340
BPP_200_100_0.1_0.8_2.C	89	1.000	36.200	0.343
BPP_200_100_0.1_0.8_2.C	89	0.800	36.080	0.348
BPP_200_100_0.1_0.8_3.C	91	1.400	37.240	0.344
BPP_200_100_0.1_0.8_3.C	92	1.200	37.520	0.362
BPP_200_100_0.1_0.8_3.C	92	1.200	37.520	0.346
BPP_200_100_0.1_0.8_3.C	92	1.600	37.760	0.339
BPP_200_100_0.1_0.8_3.C	92	1.400	37.640	0.372
BPP_200_100_0.1_0.8_3.C	91	1.200	37.120	0.345
BPP_200_100_0.1_0.8_3.C	92	1.400	37.640	0.362
BPP_200_100_0.1_0.8_3.C	92	1.200	37.520	0.360
BPP_200_100_0.1_0.8_3.C	91	1.600	37.360	0.358
BPP_200_100_0.1_0.8_3.C	91	1.400	37.240	0.345
BPP_200_100_0.1_0.8_4.C	96	2.600	39.960	0.357
BPP_200_100_0.1_0.8_4.C	95	2.800	39.680	0.365
BPP_200_100_0.1_0.8_4.C	96	2.600	39.960	0.363
BPP_200_100_0.1_0.8_4.C	96	2.600	39.960	0.356
BPP_200_100_0.1_0.8_4.C	96	2.600	39.960	0.355
BPP_200_100_0.1_0.8_4.C	96	2.600	39.960	0.390
BPP_200_100_0.1_0.8_4.C	95	2.800	39.680	0.367
BPP_200_100_0.1_0.8_4.C	96	2.800	40.080	0.371
BPP_200_100_0.1_0.8_4.C	96	2.600	39.960	0.365
BPP_200_100_0.1_0.8_4.C	95	2.600	39.560	0.350
BPP_200_100_0.1_0.8_5.C	92	2.200	38.120	0.353
BPP_200_100_0.1_0.8_5.C	92	1.800	37.880	0.373
BPP_200_100_0.1_0.8_5.C	93	1.600	38.160	0.362
BPP_200_100_0.1_0.8_5.C	92	2.000	38.000	0.347
BPP_200_100_0.1_0.8_5.C	92	2.400	38.240	0.348
BPP_200_100_0.1_0.8_5.C	92	2.000	38.000	0.378
BPP_200_100_0.1_0.8_5.C	92	1.800	37.880	0.368
BPP_200_100_0.1_0.8_5.C	92	2.200	38.120	0.373
BPP_200_100_0.1_0.8_5.C	92	2.000	38.000	0.364
BPP_200_100_0.1_0.8_5.C	92	2.200	38.120	0.362
BPP_200_100_0.1_0.8_6.C	91	0.600	36.760	0.343
BPP_200_100_0.1_0.8_6.C	91	0.600	36.760	0.354
BPP_200_100_0.1_0.8_6.C	91	0.600	36.760	0.347
BPP_200_100_0.1_0.8_6.C	91	0.600	36.760	0.338
BPP_200_100_0.1_0.8_6.C	91	0.600	36.760	0.348
BPP_200_100_0.1_0.8_6.C	91	0.600	36.760	0.361
BPP_200_100_0.1_0.8_6.C	91	0.600	36.760	0.360
BPP_200_100_0.1_0.8_6.C	91	0.600	36.760	0.360
BPP_200_100_0.1_0.8_6.C	91	0.600	36.760	0.348
BPP_200_100_0.1_0.8_6.C	91	0.600	36.760	0.349
BPP_200_100_0.1_0.8_7.C	90	4.400	38.640	0.348
BPP_200_100_0.1_0.8_7.C	90	3.800	38.280	0.341
BPP_200_100_0.1_0.8_7.C	90	4.400	38.640	0.356
BPP_200_100_0.1_0.8_7.C	90	4.400	38.640	0.358
BPP_200_100_0.1_0.8_7.C	90	3.800	38.280	0.354
BPP_200_100_0.1_0.8_7.C	90	4.000	38.400	0.378
BPP_200_100_0.1_0.8_7.C	90	4.000	38.400	0.351
BPP_200_100_0.1_0.8_7.C	89	4.600	38.360	0.352
BPP_200_100_0.1_0.8_7.C	90	4.400	38.640	0.349
BPP_200_100_0.1_0.8_7.C	90	4.400	38.640	0.342
BPP_200_100_0.1_0.8_8.C	97	8.200	43.720	0.372
BPP_200_100_0.1_0.8_8.C	97	8.200	43.720	0.373
BPP_200_100_0.1_0.8_8.C	97	8.600	43.960	0.378
BPP_200_100_0.1_0.8_8.C	97	8.200	43.720	0.369
BPP_200_100_0.1_0.8_8.C	97	8.200	43.720	0.369
BPP_200_100_0.1_0.8_8.C	97	9.000	44.200	0.375
BPP_200_100_0.1_0.8_8.C	97	8.600	43.960	0.374
BPP_200_100_0.1_0.8_8.C	97	8.400	43.840	0.352
BPP_200_100_0.1_0.8_8.C	97	8.200	43.720	0.372
BPP_200_100_0.1_0.8_8.C	97	8.000	43.600	0.371
BPP_200_100_0.1_0.8_9.C	97	1.400	39.640	0.391
BPP_200_100_0.1_0.8_9.C	97	1.400	39.640	0.370
BPP_200_100_0.1_0.8_9.C	97	1.400	39.640	0.374
BPP_200_100_0.1_0.8_9.C	97	1.400	39.640	0.389
BPP_200_100_0.1_0.8_9.C	97	1.400	39.640	0.378
BPP_200_100_0.1_0.8_9.C	96	1.400	39.240	0.358
BPP_200_100_0.1_0.8_9.C	97	1.600	39.760	0.370
BPP_200_100_0.1_0.8_9.C	96	1.600	39.360	0.372
BPP_200_100_0.1_0.8_9.C	97	1.400	39.640	0.356
BPP_200_100_0.1_0.8_9.C	96	1.800	39.480	0.357
BPP_200_120_0.1_0.8_0.C	92	7.800	41.480	0.402
BPP_200_120_0.1_0.8_0.C	92	8.000	41.600	0.417
BPP_200_120_0.1_0.8_0.C	92	8.000	41.600	0.404
BPP_200_120_0.1_0.8_0.C	92	8.200	41.720	0.415
BPP_200_120_0.1_0.8_0.C	92	7.800	41.480	0.403
BPP_200_120_0.1_0.8_0.C	92	8.000	41.600	0.420
BPP_200_120_0.1_0.8_0.C	92	8.000	41.600	0.430
BPP_200_120_0.1_0.8_0.C	92	7.800	41.480	0.421
BPP_200_120_0.1_0.8_0.C	92	7.800	41.480	0.403
BPP_200_120_0.1_0.8_0.C	92	7.800	41.480	0.417
BPP_200_120_0.1_0.8_1.C	85	-0.000	34.000	0.395
BPP_200_120_0.1_0.8_1.C	86	-0.000	34.400	0.540
BPP_200_120_0.1_0.8_1.C	86	-0.000	34.400	0.380
BPP_200_120_0.1_0.8_1.C	86	-0.000	34.400	0.397
BPP_200_120_0.1_0.8_1.C	86	-0.000	34.400	0.369
BPP_200_120_0.1_0.8_1.C	86	-0.000	34.400	0.372
BPP_200_120_0.1_0.8_1.C	85	-0.000	34.000	0.372
BPP_200_120_0.1_0.8_1.C	86	-0.000	34.400	0.370
BPP_200_120_0.1_0.8_1.C	86	-0.000	34.400	0.400
BPP_200_120_0.1_0.8_1.C	86	-0.000	34.400	0.385
BPP_200_120_0.1_0.8_2.C	102	0.800	41.280	0.454
BPP_200_120_0.1_0.8_2.C	102	0.800	41.280	0.461
BPP_200_120_0.1_0.8_2.C	102	0.800	41.280	0.455
BPP_200_120_0.1_0.8_2.C	102	1.000	41.400	0.446
BPP_200_120_0.1_0.8_2.C	102	1.000	41.400	0.455
BPP_200_120_0.1_0.8_2.C	103	0.600	41.560	0.456
BPP_200_120_0.1_0.8_2.C	102	0.600	41.160	0.459
BPP_200_120_0.1_0.8_2.C	102	0.600	41.160	0.457
BPP_200_120_0.1_0.8_2.C	102	0.800	41.280	0.456
BPP_200_120_0.1_0.8_2.C	102	0.800	41.280	0.456
BPP_200_120_0.1_0.8_3.C	91	4.200	38.920	0.429
BPP_200_120_0.1_0.8_3.C	91	4.400	39.040	0.461
BPP_200_120_0.1_0.8_3.C	91	4.200	38.920	0.397
BPP_200_120_0.1_0.8_3.C	91	4.400	39.040	0.397
BPP_200_120_0.1_0.8_3.C	91	4.000	38.800	0.396
BPP_200_120_0.1_0.8_3.C	91	4.400	39.040	0.441
BPP_200_120_0.1_0.8_3.C	91	4.400	39.040	0.392
BPP_200_120_0.1_0.8_3.C	91	4.400	39.040	0.391
BPP_200_120_0.1_0.8_3.C	91	4.400	39.040	0.393
BPP_200_120_0.1_0.8_3.C	91	4.200	38.920	0.412
BPP_200_120_0.1_0.8_4.C	98	2.000	40.400	0.430
BPP_200_120_0.1_0.8_4.C	98	2.000	40.400	0.421
BPP_200_120_0.1_0.8_4.C	98	2.000	40.400	0.455
BPP_200_120_0.1_0.8_4.C	99	2.000	40.800	0.445
BPP_200_120_0.1_0.8_4.C	98	2.200	40.520	0.426
BPP_200_120_0.1_0.8_4.C	99	2.000	40.800	0.425
BPP_200_120_0.1_0.8_4.C	98	2.000	40.400	0.439
BPP_200_120_0.1_0.8_4.C	98	2.000	40.400	0.429
BPP_200_120_0.1_0.8_4.C	98	2.000	40.400	0.438
BPP_200_120_0.1_0.8_4.C	98	2.000	40.400	0.427
BPP_200_120_0.1_0.8_5.C	95	2.000	39.200	0.405
BPP_200_120_0.1_0.8_5.C	95	2.000	39.200	0.444
BPP_200_120_0.1_0.8_5.C	95	2.000	39.200	0.432
BPP_200_120_0.1_0.8_5.C	94	2.000	38.800	0.431
BPP_200_120_0.1_0.8_5.C	94	2.200	38.920	0.429
BPP_200_120_0.1_0.8_5.C	95	2.000	39.200	0.439
BPP_200_120_0.1_0.8_5.C	95	2.000	39.200	0.428
BPP_200_120_0.1_0.8_5.C	95	2.000	39.200	0.437
BPP_200_120_0.1_0.8_5.C	95	2.000	39.200	0.412
BPP_200_120_0.1_0.8_5.C	95	2.000	39.200	0.428
BPP_200_120_0.1_0.8_6.C	92	1.400	37.640	0.424
BPP_200_120_0.1_0.8_6.C	92	1.600	37.760	0.408
BPP_200_120_0.1_0.8_6.C	92	1.000	37.400	0.397
BPP_200_120_0.1_0.8_6.C	92	1.200	37.520	0.416
BPP_200_120_0.1_0.8_6.C	92	0.800	37.280	0.437
BPP_200_120_0.1_0.8_6.C	92	0.800	37.280	0.419
BPP_200_120_0.1_0.8_6.C	92	1.400	37.640	0.407
BPP_200_120_0.1_0.8_6.C	92	0.800	37.280	0.402
BPP_200_120_0.1_0.8_6.C	92	1.200	37.520	0.412
BPP_200_120_0.1_0.8_6.C	92	1.600	37.760	0.416
BPP_200_120_0.1_0.8_7.C	95	3.600	40.160	0.427
BPP_200_120_0.1_0.8_7.C	95	3.400	40.040	0.425
BPP_200_120_0.1_0.8_7.C	94	4.200	40.120	0.428
BPP_200_120_0.1_0.8_7.C	95	3.400	40.040	0.419
BPP_200_120_0.1_0.8_7.C	94	4.000	40.000	0.420
BPP_200_120_0.1_0.8_7.C	95	3.400	40.040	0.423
BPP_200_120_0.1_0.8_7.C	94	3.400	39.640	0.460
BPP_200_120_0.1_0.8_7.C	95	3.600	40.160	0.422
BPP_200_120_0.1_0.8_7.C	94	4.200	40.120	0.425
BPP_200_120_0.1_0.8_7.C	95	3.400	40.040	0.417
BPP_200_120_0.1_0.8_8.C	90	8.400	41.040	0.398
BPP_200_120_0.1_0.8_8.C	90	8.600	41.160	0.411
BPP_200_120_0.1_0.8_8.C	90	8.600	41.160	0.411
BPP_200_120_0.1_0.8_8.C	90	8.600	41.160	0.401
BPP_200_120_0.1_0.8_8.C	90	8.600	41.160	0.398
BPP_200_120_0.1_0.8_8.C	90	8.600	41.160	0.387
BPP_200_120_0.1_0.8_8.C	90	8.600	41.160	0.393
BPP_200_120_0.1_0.8_8.C	90	8.400	41.040	0.392
BPP_200_120_0.1_0.8_8.C	90	8.600	41.160	0.397
BPP_200_120_0.1_0.8_8.C	89	9.000	41.000	0.420
BPP_200_120_0.1_0.8_9.C	99	8.000	44.400	0.425
BPP_200_120_0.1_0.8_9.C	100	7.400	44.440	0.448
BPP_200_120_0.1_0.8_9.C	99	7.600	44.160	0.455
BPP_200_120_0.1_0.8_9.C	100	7.400	44.440	0.447
BPP_200_120_0.1_0.8_9.C	100	7.400	44.440	0.422
BPP_200_120_0.1_0.8_9.C	100	7.400	44.440	0.457
BPP_200_120_0.1_0.8_9.C	100	7.400	44.440	0.447
BPP_200_120_0.1_0.8_9.C	100	7.400	44.440	0.447
BPP_200_120_0.1_0.8_9.C	100	7.400	44.440	0.428
BPP_200_120_0.1_0.8_9.C	100	7.400	44.440	0.454
BPP_200_125_0.1_0.8_0.C	95	4.400	40.640	0.427
BPP_200_125_0.1_0.8_0.C	95	4.000	40.400	0.438
BPP_200_125_0.1_0.8_0.C	95	4.400	40.640	0.438
BPP_200_125_0.1_0.8_0.C	95	4.400	40.640	0.429
BPP_200_125_0.1_0.8_0.C	95	4.200	40.520	0.425
BPP_200_125_0.1_0.8_0.C	95	4.400	40.640	0.436
BPP_200_125_0.1_0.8_0.C	95	4.400	40.640	0.425
BPP_200_125_0.1_0.8_0.C	95	3.800	40.280	0.426
BPP_200_125_0.1_0.8_0.C	95	4.200	40.520	0.431
BPP_200_125_0.1_0.8_0.C	95	4.200	40.520	0.437
BPP_200_125_0.1_0.8_1.C	101	4.000	42.800	0.452
BPP_200_125_0.1_0.8_1.C	101	3.400	42.440	0.454
BPP_200_125_0.1_0.8_1.C	101	3.400	42.440	0.448
BPP_200_125_0.1_0.8_1.C	101	3.200	42.320	0.503
BPP_200_125_0.1_0.8_1.C	101	3.600	42.560	0.447
BPP_200_125_0.1_0.8_1.C	101	3.200	42.320	0.449
BPP_200_125_0.1_0.8_1.C	101	3.200	42.320	0.457
BPP_200_125_0.1_0.8_1.C	101	3.800	42.680	0.445
BPP_200_125_0.1_0.8_1.C	101	3.800	42.680	0.459
BPP_200_125_0.1_0.8_1.C	101	3.800	42.680	0.455
BPP_200_125_0.1_0.8_2.C	91	5.000	39.400	0.410
BPP_200_125_0.1_0.8_2.C	91	4.800	39.280	0.413
BPP_200_125_0.1_0.8_2.C	91	5.400	39.640	0.413
BPP_200_125_0.1_0.8_2.C	91	5.000	39.400	0.413
BPP_200_125_0.1_0.8_2.C	91	5.200	39.520	0.406
BPP_200_125_0.1_0.8_2.C	91	4.800	39.280	0.405
BPP_200_125_0.1_0.8_2.C	91	5.000	39.400	0.415
BPP_200_125_0.1_0.8_2.C	91	5.200	39.520	0.410
BPP_200_125_0.1_0.8_2.C	91	5.000	39.400	0.429
BPP_200_125_0.1_0.8_2.C	91	5.000	39.400	0.426
BPP_200_125_0.1_0.8_3.C	90	10.600	42.360	0.418
BPP_200_125_0.1_0.8_3.C	90	10.400	42.240	0.405
BPP_200_125_0.1_0.8_3.C	90	10.400	42.240	0.417
BPP_200_125_0.1_0.8_3.C	90	10.400	42.240	0.420
BPP_200_125_0.1_0.8_3.C	90	10.600	42.360	0.407
BPP_200_125_0.1_0.8_3.C	90	10.400	42.240	0.408
BPP_200_125_0.1_0.8_3.C	90	10.400	42.240	0.424
BPP_200_125_0.1_0.8_3.C	90	10.400	42.240	0.402
BPP_200_125_0.1_0.8_3.C	89	10.400	41.840	0.420
BPP_200_125_0.1_0.8_3.C	89	10.600	41.960	0.420
BPP_200_125_0.1_0.8_4.C	91	6.000	40.000	0.419
BPP_200_125_0.1_0.8_4.C	91	5.800	39.880	0.419
BPP_200_125_0.1_0.8_4.C	91	6.200	40.120	0.408
BPP_200_125_0.1_0.8_4.C	91	6.400	40.240	0.423
BPP_200_125_0.1_0.8_4.C	91	6.000	40.000	0.438
BPP_200_125_0.1_0.8_4.C	91	6.000	40.000	0.419
BPP_200_125_0.1_0.8_4.C	91	6.000	40.000	0.423
BPP_200_125_0.1_0.8_4.C	91	6.000	40.000	0.423
BPP_200_125_0.1_0.8_4.C	91	6.200	40.120	0.428
BPP_200_125_0.1_0.8_4.C	91	6.200	40.120	0.447
BPP_200_125_0.1_0.8_5.C	98	5.400	42.440	0.440
BPP_200_125_0.1_0.8_5.C	98	5.200	42.320	0.501
BPP_200_125_0.1_0.8_5.C	98	5.400	42.440	0.456
BPP_200_125_0.1_0.8_5.C	98	5.400	42.440	0.439
BPP_200_125_0.1_0.8_5.C	98	5.200	42.320	0.454
BPP_200_125_0.1_0.8_5.C	98	5.400	42.440	0.460
BPP_200_125_0.1_0.8_5.C	98	5.200	42.320	0.434
BPP_200_125_0.1_0.8_5.C	98	5.200	42.320	0.443
BPP_200_125_0.1_0.8_5.C	98	5.200	42.320	0.469
BPP_200_125_0.1_0.8_5.C	98	5.200	42.320	0.458
BPP_200_125_0.1_0.8_6.C	92	2.600	38.360	0.414
BPP_200_125_0.1_0.8_6.C	92	2.800	38.480	0.431
BPP_200_125_0.1_0.8_6.C	92	2.400	38.240	0.429
BPP_200_125_0.1_0.8_6.C	92	2.600	38.360	0.432
BPP_200_125_0.1_0.8_6.C	92	2.400	38.240	0.435
BPP_200_125_0.1_0.8_6.C	92	2.400	38.240	0.412
BPP_200_125_0.1_0.8_6.C	92	2.400	38.240	0.474
BPP_200_125_0.1_0.8_6.C	92	3.000	38.600	0.423
BPP_200_125_0.1_0.8_6.C	92	2.400	38.240	0.432
BPP_200_125_0.1_0.8_6.C	91	3.000	38.200	0.433
BPP_200_125_0.1_0.8_7.C	89	3.400	37.640	0.409
BPP_200_125_0.1_0.8_7.C	89	3.400	37.640	0.414
BPP_200_125_0.1_0.8_7.C	89	3.400	37.640	0.407
BPP_200_125_0.1_0.8_7.C	89	3.400	37.640	0.415
BPP_200_125_0.1_0.8_7.C	89	3.200	37.520	0.402
BPP_200_125_0.1_0.8_7.C	89	3.200	37.520	0.416
BPP_200_125_0.1_0.8_7.C	88	3.800	37.480	0.417
BPP_200_125_0.1_0.8_7.C	88	3.800	37.480	0.425
BPP_200_125_0.1_0.8_7.C	89	3.400	37.640	0.417
BPP_200_125_0.1_0.8_7.C	88	3.800	37.480	0.420
BPP_200_125_0.1_0.8_8.C	95	2.800	39.680	0.423
BPP_200_125_0.1_0.8_8.C	95	2.800	39.680	0.429
BPP_200_125_0.1_0.8_8.C	95	2.800	39.680	0.416
BPP_200_125_0.1_0.8_8.C	95	2.600	39.560	0.421
BPP_200_125_0.1_0.8_8.C	95	2.800	39.680	0.424
BPP_200_125_0.1_0.8_8.C	95	2.800	39.680	0.427
BPP_200_125_0.1_0.8_8.C	95	2.800	39.680	0.427
BPP_200_125_0.1_0.8_8.C	95	2.600	39.560	0.428
BPP_200_125_0.1_0.8_8.C	95	2.800	39.680	0.457
BPP_200_125_0.1_0.8_8.C	95	2.800	39.680	0.449
BPP_200_125_0.1_0.8_9.C	94	1.200	38.320	0.455
BPP_200_125_0.1_0.8_9.C	94	1.600	38.560	0.419
BPP_200_125_0.1_0.8_9.C	94	1.400	38.440	0.423
BPP_200_125_0.1_0.8_9.C	94	1.400	38.440	0.419
BPP_200_125_0.1_0.8_9.C	95	1.200	38.720	0.448
BPP_200_125_0.1_0.8_9.C	94	1.400	38.440	0.419
BPP_200_125_0.1_0.8_9.C	94	1.400	38.440	0.435
BPP_200_125_0.1_0.8_9.C	94	1.400	38.440	0.423
BPP_200_125_0.1_0.8_9.C	94	1.400	38.440	0.421
BPP_200_125_0.1_0.8_9.C	94	1.600	38.560	0.434
BPP_200_150_0.1_0.8_0.C	94	1.000	38.200	0.657
BPP_200_150_0.1_0.8_0.C	94	1.000	38.200	0.504
BPP_200_150_0.1_0.8_0.C	94	1.000	38.200	0.508
BPP_200_150_0.1_0.8_0.C	93	1.600	38.160	0.518
BPP_200_150_0.1_0.8_0.C	93	1.200	37.920	0.514
BPP_200_150_0.1_0.8_0.C	93	1.600	38.160	0.517
BPP_200_150_0.1_0.8_0.C	93	1.600	38.160	0.514
BPP_200_150_0.1_0.8_0.C	93	1.600	38.160	0.515
BPP_200_150_0.1_0.8_0.C	94	1.000	38.200	0.513
BPP_200_150_0.1_0.8_0.C	93	1.200	37.920	0.515
BPP_200_150_0.1_0.8_1.C	94	3.400	39.640	0.519
BPP_200_150_0.1_0.8_1.C	94	3.400	39.640	0.512
BPP_200_150_0.1_0.8_1.C	94	3.400	39.640	0.522
BPP_200_150_0.1_0.8_1.C	94	3.400	39.640	0.500
BPP_200_150_0.1_0.8_1.C	94	3.400	39.640	0.515
BPP_200_150_0.1_0.8_1.C	94	3.400	39.640	0.509
BPP_200_150_0.1_0.8_1.C	94	3.400	39.640	0.509
BPP_200_150_0.1_0.8_1.C	94	3.400	39.640	0.513
BPP_200_150_0.1_0.8_1.C	94	3.400	39.640	0.528
BPP_200_150_0.1_0.8_1.C	94	3.400	39.640	0.518
BPP_200_150_0.1_0.8_2.C	93	2.600	38.760	0.493
BPP_200_150_0.1_0.8_2.C	93	2.800	38.880	0.504
BPP_200_150_0.1_0.8_2.C	93	2.800	38.880	0.512
BPP_200_150_0.1_0.8_2.C	93	2.400	38.640	0.500
BPP_200_150_0.1_0.8_2.C	93	2.400	38.640	0.490
BPP_200_150_0.1_0.8_2.C	93	2.800	38.880	0.551
BPP_200_150_0.1_0.8_2.C	93	2.600	38.760	0.490
BPP_200_150_0.1_0.8_2.C	93	2.000	38.400	0.485
BPP_200_150_0.1_0.8_2.C	93	2.400	38.640	0.504
BPP_200_150_0.1_0.8_2.C	93	2.600	38.760	0.486
BPP_200_150_0.1_0.8_3.C	95	5.200	41.120	0.517
BPP_200_150_0.1_0.8_3.C	96	5.000	41.400	0.512
BPP_200_150_0.1_0.8_3.C	95	5.200	41.120	0.511
BPP_200_150_0.1_0.8_3.C	95	5.400	41.240	0.510
BPP_200_150_0.1_0.8_3.C	95	5.400	41.240	0.504
BPP_200_150_0.1_0.8_3.C	96	5.000	41.400	0.505
BPP_200_150_0.1_0.8_3.C	95	5.600	41.360	0.511
BPP_200_150_0.1_0.8_3.C	95	5.400	41.240	0.531
BPP_200_150_0.1_0.8_3.C	96	5.000	41.400	0.517
BPP_200_150_0.1_0.8_3.C	96	5.000	41.400	0.517
BPP_200_150_0.1_0.8_4.C	104	6.200	45.320	0.532
BPP_200_150_0.1_0.8_4.C	103	6.600	45.160	0.533
BPP_200_150_0.1_0.8_4.C	104	6.600	45.560	0.526
BPP_200_150_0.1_0.8_4.C	104	5.800	45.080	0.537
BPP_200_150_0.1_0.8_4.C	104	6.200	45.320	0.545
BPP_200_150_0.1_0.8_4.C	104	5.800	45.080	0.544
BPP_200_150_0.1_0.8_4.C	104	5.800	45.080	0.535
BPP_200_150_0.1_0.8_4.C	104	6.200	45.320	0.525
BPP_200_150_0.1_0.8_4.C	104	6.400	45.440	0.523
BPP_200_150_0.1_0.8_4.C	105	6.200	45.720	0.526
BPP_200_150_0.1_0.8_5.C	95	5.800	41.480	0.524
BPP_200_150_0.1_0.8_5.C	95	6.000	41.600	0.502
BPP_200_150_0.1_0.8_5.C	95	5.800	41.480	0.516
BPP_200_150_0.1_0.8_5.C	93	7.200	41.520	0.532
BPP_200_150_0.1_0.8_5.C	95	6.200	41.720	0.522
BPP_200_150_0.1_0.8_5.C	94	6.800	41.680	0.525
BPP_200_150_0.1_0.8_5.C	94	6.600	41.560	0.502
BPP_200_150_0.1_0.8_5.C	94	6.400	41.440	0.527
BPP_200_150_0.1_0.8_5.C	94	6.600	41.560	0.527
BPP_200_150_0.1_0.8_5.C	95	6.000	41.600	0.523
BPP_200_150_0.1_0.8_6.C	97	3.000	40.600	0.548
BPP_200_150_0.1_0.8_6.C	97	3.000	40.600	0.525
BPP_200_150_0.1_0.8_6.C	97	3.000	40.600	0.524
BPP_200_150_0.1_0.8_6.C	97	3.000	40.600	0.515
BPP_200_150_0.1_0.8_6.C	97	3.000	40.600	0.512
BPP_200_150_0.1_0.8_6.C	97	3.000	40.600	0.523
BPP_200_150_0.1_0.8_6.C	97	3.000	40.600	0.527
BPP_200_150_0.1_0.8_6.C	97	3.000	40.600	0.517
BPP_200_150_0.1_0.8_6.C	97	3.000	40.600	0.517
BPP_200_150_0.1_0.8_6.C	97	3.000	40.600	0.530
BPP_200_150_0.1_0.8_7.C	101	12.000	47.600	0.561
BPP_200_150_0.1_0.8_7.C	101	10.800	46.880	0.542
BPP_200_150_0.1_0.8_7.C	101	11.000	47.000	0.544
BPP_200_150_0.1_0.8_7.C	101	11.200	47.120	0.569
BPP_200_150_0.1_0.8_7.C	101	12.200	47.720	0.543
BPP_200_150_0.1_0.8_7.C	101	11.200	47.120	0.541
BPP_200_150_0.1_0.8_7.C	101	11.400	47.240	0.543
BPP_200_150_0.1_0.8_7.C	101	11.000	47.000	0.515
BPP_200_150_0.1_0.8_7.C	101	11.800	47.480	0.545
BPP_200_150_0.1_0.8_7.C	101	11.600	47.360	0.539
BPP_200_150_0.1_0.8_8.C	95	2.000	39.200	0.562
BPP_200_150_0.1_0.8_8.C	94	2.200	38.920	0.510
BPP_200_150_0.1_0.8_8.C	94	2.400	39.040	0.517
BPP_200_150_0.1_0.8_8.C	94	2.200	38.920	0.507
BPP_200_150_0.1_0.8_8.C	95	2.000	39.200	0.518
BPP_200_150_0.1_0.8_8.C	94	2.600	39.160	0.516
BPP_200_150_0.1_0.8_8.C	94	2.200	38.920	0.517
BPP_200_150_0.1_0.8_8.C	94	2.400	39.040	0.520
BPP_200_150_0.1_0.8_8.C	94	2.400	39.040	0.515
BPP_200_150_0.1_0.8_8.C	94	2.600	39.160	0.519
BPP_200_150_0.1_0.8_9.C	92	2.200	38.120	0.492
BPP_200_150_0.1_0.8_9.C	92	2.200	38.120	0.510
BPP_200_150_0.1_0.8_9.C	92	2.400	38.240	0.512
BPP_200_150_0.1_0.8_9.C	92	2.400	38.240	0.509
BPP_200_150_0.1_0.8_9.C	92	2.200	38.120	0.490
BPP_200_150_0.1_0.8_9.C	92	2.400	38.240	0.507
BPP_200_150_0.1_0.8_9.C	92	2.400	38.240	0.508
BPP_200_150_0.1_0.8_9.C	92	2.200	38.120	0.511
BPP_200_150_0.1_0.8_9.C	92	2.600	38.360	0.493
BPP_200_150_0.1_0.8_9.C	92	2.200	38.120	0.518
BPP_200_200_0.1_0.8_0.C	95	-0.000	38.000	0.672
BPP_200_200_0.1_0.8_0.C	95	-0.000	38.000	0.665
BPP_200_200_0.1_0.8_0.C	95	-0.000	38.000	0.640
BPP_200_200_0.1_0.8_0.C	95	-0.000	38.000	0.637
BPP_200_200_0.1_0.8_0.C	95	-0.000	38.000	0.645
BPP_200_200_0.1_0.8_0.C	95	-0.000	38.000	0.660
BPP_200_200_0.1_0.8_0.C	95	-0.000	38.000	0.653
BPP_200_200_0.1_0.8_0.C	94	-0.000	37.600	0.663
BPP_200_200_0.1_0.8_0.C	95	-0.000	38.000	0.649
BPP_200_200_0.1_0.8_0.C	95	-0.000	38.000	0.632
BPP_200_200_0.1_0.8_1.C	96	8.600	43.560	0.663
BPP_200_200_0.1_0.8_1.C	96	8.800	43.680	0.695
BPP_200_200_0.1_0.8_1.C	96	8.800	43.680	0.702
BPP_200_200_0.1_0.8_1.C	96	8.800	43.680	0.709
BPP_200_200_0.1_0.8_1.C	96	8.600	43.560	0.689
BPP_200_200_0.1_0.8_1.C	96	9.000	43.800	0.663
BPP_200_200_0.1_0.8_1.C	96	8.800	43.680	0.664
BPP_200_200_0.1_0.8_1.C	96	8.800	43.680	0.670
BPP_200_200_0.1_0.8_1.C	96	9.000	43.800	0.679
BPP_200_200_0.1_0.8_1.C	96	9.000	43.800	0.655
BPP_200_200_0.1_0.8_2.C	87	7.000	39.000	0.614
BPP_200_200_0.1_0.8_2.C	87	7.000	39.000	0.602
BPP_200_200_0.1_0.8_2.C	87	7.000	39.000	0.615
BPP_200_200_0.1_0.8_2.C	87	7.000	39.000	0.636
BPP_200_200_0.1_0.8_2.C	87	7.000	39.000	0.610
BPP_200_200_0.1_0.8_2.C	87	7.000	39.000	0.601
BPP_200_200_0.1_0.8_2.C	87	7.000	39.000	0.632
BPP_200_200_0.1_0.8_2.C	87	7.000	39.000	0.616
BPP_200_200_0.1_0.8_2.C	87	7.000	39.000	0.635
BPP_200_200_0.1_0.8_2.C	87	7.000	39.000	0.611
BPP_200_200_0.1_0.8_3.C	91	2.600	37.960	0.626
BPP_200_200_0.1_0.8_3.C	91	2.600	37.960	0.632
BPP_200_200_0.1_0.8_3.C	91	2.600	37.960	0.644
BPP_200_200_0.1_0.8_3.C	91	2.600	37.960	0.678
BPP_200_200_0.1_0.8_3.C	91	2.600	37.960	0.653
BPP_200_200_0.1_0.8_3.C	91	2.800	38.080	0.653
BPP_200_200_0.1_0.8_3.C	91	2.600	37.960	0.626
BPP_200_200_0.1_0.8_3.C	91	2.800	38.080	0.631
BPP_200_200_0.1_0.8_3.C	91	2.600	37.960	0.651
BPP_200_200_0.1_0.8_3.C	91	2.600	37.960	0.651
BPP_200_200_0.1_0.8_4.C	93	5.200	40.320	0.659
BPP_200_200_0.1_0.8_4.C	93	5.000	40.200	0.644
BPP_200_200_0.1_0.8_4.C	93	5.000	40.200	0.662
BPP_200_200_0.1_0.8_4.C	94	4.800	40.480	0.633
BPP_200_200_0.1_0.8_4.C	93	4.800	40.080	0.642
BPP_200_200_0.1_0.8_4.C	93	5.200	40.320	0.676
BPP_200_200_0.1_0.8_4.C	93	5.200	40.320	0.637
BPP_200_200_0.1_0.8_4.C	93	5.600	40.560	0.656
BPP_200_200_0.1_0.8_4.C	93	5.200	40.320	0.648
BPP_200_200_0.1_0.8_4.C	93	4.800	40.080	0.653
BPP_200_200_0.1_0.8_5.C	92	0.600	37.160	0.662
BPP_200_200_0.1_0.8_5.C	92	0.600	37.160	0.656
BPP_200_200_0.1_0.8_5.C	92	0.600	37.160	0.649
BPP_200_200_0.1_0.8_5.C	92	0.600	37.160	0.650
BPP_200_200_0.1_0.8_5.C	92	0.600	37.160	0.635
BPP_200_200_0.1_0.8_5.C	92	0.600	37.160	0.663
BPP_200_200_0.1_0.8_5.C	92	0.600	37.160	0.700
BPP_200_200_0.1_0.8_5.C	92	0.600	37.160	0.658
BPP_200_200_0.1_0.8_5.C	92	0.600	37.160	0.646
BPP_200_200_0.1_0.8_5.C	92	0.600	37.160	0.665
BPP_200_200_0.1_0.8_6.C	100	0.200	40.120	0.669
BPP_200_200_0.1_0.8_6.C	100	0.800	40.480	0.700
BPP_200_200_0.1_0.8_6.C	100	0.600	40.360	0.668
BPP_200_200_0.1_0.8_6.C	100	0.800	40.480	0.703
BPP_200_200_0.1_0.8_6.C	100	0.800	40.480	0.691
BPP_200_200_0.1_0.8_6.C	100	-0.000	40.000	0.692
BPP_200_200_0.1_0.8_6.C	100	0.600	40.360	0.707
BPP_200_200_0.1_0.8_6.C	100	0.800	40.480	0.707
BPP_200_200_0.1_0.8_6.C	100	1.000	40.600	0.695
BPP_200_200_0.1_0.8_6.C	100	1.200	40.720	0.676
BPP_200_200_0.1_0.8_7.C	93	0.000	37.200	0.632
BPP_200_200_0.1_0.8_7.C	93	0.000	37.200	0.642
BPP_200_200_0.1_0.8_7.C	93	0.000	37.200	0.663
BPP_200_200_0.1_0.8_7.C	93	0.000	37.200	0.643
BPP_200_200_0.1_0.8_7.C	93	0.000	37.200	0.642
BPP_200_200_0.1_0.8_7.C	93	0.000	37.200	0.651
BPP_200_200_0.1_0.8_7.C	93	0.000	37.200	0.654
BPP_200_200_0.1_0.8_7.C	93	0.000	37.200	0.619
BPP_200_200_0.1_0.8_7.C	93	0.000	37.200	0.671
BPP_200_200_0.1_0.8_7.C	93	0.000	37.200	0.687
BPP_200_200_0.1_0.8_8.C	100	4.400	42.640	0.715
BPP_200_200_0.1_0.8_8.C	100	4.200	42.520	0.690
BPP_200_200_0.1_0.8_8.C	100	3.800	42.280	0.704
BPP_200_200_0.1_0.8_8.C	99	4.600	42.360	0.688
BPP_200_200_0.1_0.8_8.C	99	4.400	42.240	0.687
BPP_200_200_0.1_0.8_8.C	100	4.400	42.640	0.683
BPP_200_200_0.1_0.8_8.C	100	4.000	42.400	0.678
BPP_200_200_0.1_0.8_8.C	99	4.400	42.240	0.677
BPP_200_200_0.1_0.8_8.C	99	4.600	42.360	0.699
BPP_200_200_0.1_0.8_8.C	100	4.400	42.640	0.691
BPP_200_200_0.1_0.8_9.C	95	2.200	39.320	0.695
BPP_200_200_0.1_0.8_9.C	95	2.400	39.440	0.655
BPP_200_200_0.1_0.8_9.C	95	2.200	39.320	0.675
BPP_200_200_0.1_0.8_9.C	95	2.000	39.200	0.732
BPP_200_200_0.1_0.8_9.C	95	2.400	39.440	0.698
BPP_200_200_0.1_0.8_9.C	95	2.200	39.320	0.688
BPP_200_200_0.1_0.8_9.C	95	2.800	39.680	0.675
BPP_200_200_0.1_0.8_9.C	95	2.600	39.560	0.681
BPP_200_200_0.1_0.8_9.C	95	2.600	39.560	0.655
BPP_200_200_0.1_0.8_9.C	95	2.400	39.440	0.659
BPP_200_300_0.1_0.8_0.C	92	0.000	36.800	1.045
BPP_200_300_0.1_0.8_0.C	91	-0.000	36.400	1.054
BPP_200_300_0.1_0.8_0.C	91	-0.000	36.400	1.070
BPP_200_300_0.1_0.8_0.C	91	-0.000	36.400	1.040
BPP_200_300_0.1_0.8_0.C	91	-0.000	36.400	1.064
BPP_200_300_0.1_0.8_0.C	91	-0.000	36.400	1.049
BPP_200_300_0.1_0.8_0.C	91	-0.000	36.400	1.044
BPP_200_300_0.1_0.8_0.C	91	-0.000	36.400	1.027
BPP_200_300_0.1_0.8_0.C	91	-0.000	36.400	1.048
BPP_200_300_0.1_0.8_0.C	91	-0.000	36.400	1.048
BPP_200_300_0.1_0.8_1.C	98	2.600	40.760	1.093
BPP_200_300_0.1_0.8_1.C	98	2.600	40.760	1.096
BPP_200_300_0.1_0.8_1.C	97	3.200	40.720	1.097
BPP_200_300_0.1_0.8_1.C	97	3.000	40.600	1.100
BPP_200_300_0.1_0.8_1.C	98	2.800	40.880	1.102
BPP_200_300_0.1_0.8_1.C	98	2.600	40.760	1.096
BPP_200_300_0.1_0.8_1.C	98	2.600	40.760	1.103
BPP_200_300_0.1_0.8_1.C	98	2.600	40.760	1.138
BPP_200_300_0.1_0.8_1.C	98	2.600	40.760	1.106
BPP_200_300_0.1_0.8_1.C	98	2.600	40.760	1.341
BPP_200_300_0.1_0.8_2.C	96	0.600	38.760	1.062
BPP_200_300_0.1_0.8_2.C	96	0.600	38.760	1.051
BPP_200_300_0.1_0.8_2.C	95	0.800	38.480	1.050
BPP_200_300_0.1_0.8_2.C	96	0.200	38.520	1.049
BPP_200_300_0.1_0.8_2.C	96	0.200	38.520	1.051
BPP_200_300_0.1_0.8_2.C	96	0.800	38.880	1.062
BPP_200_300_0.1_0.8_2.C	96	0.600	38.760	1.063
BPP_200_300_0.1_0.8_2.C	96	0.800	38.880	1.067
BPP_200_300_0.1_0.8_2.C	95	0.800	38.480	1.097
BPP_200_300_0.1_0.8_2.C	95	0.800	38.480	1.065
BPP_200_300_0.1_0.8_3.C	99	9.600	45.360	1.158
BPP_200_300_0.1_0.8_3.C	99	9.600	45.360	1.161
BPP_200_300_0.1_0.8_3.C	99	10.200	45.720	1.189
BPP_200_300_0.1_0.8_3.C	99	9.800	45.480	1.141
BPP_200_300_0.1_0.8_3.C	99	9.800	45.480	1.139
BPP_200_300_0.1_0.8_3.C	99	9.800	45.480	1.140
BPP_200_300_0.1_0.8_3.C	99	9.600	45.360	1.186
BPP_200_300_0.1_0.8_3.C	99	9.600	45.360	1.182
BPP_200_300_0.1_0.8_3.C	99	9.600	45.360	1.128
BPP_200_300_0.1_0.8_3.C	99	9.800	45.480	1.210
BPP_200_300_0.1_0.8_4.C	95	7.000	42.200	1.066
BPP_200_300_0.1_0.8_4.C	95	7.200	42.320	1.071
BPP_200_300_0.1_0.8_4.C	95	7.200	42.320	1.080
BPP_200_300_0.1_0.8_4.C	95	7.200	42.320	1.059
BPP_200_300_0.1_0.8_4.C	95	7.200	42.320	1.069
BPP_200_300_0.1_0.8_4.C	95	7.200	42.320	1.085
BPP_200_300_0.1_0.8_4.C	94	7.400	42.040	1.073
BPP_200_300_0.1_0.8_4.C	94	7.600	42.160	1.055
BPP_200_300_0.1_0.8_4.C	94	7.600	42.160	1.074
BPP_200_300_0.1_0.8_4.C	95	7.200	42.320	1.072
BPP_200_300_0.1_0.8_5.C	89	1.400	36.440	1.026
BPP_200_300_0.1_0.8_5.C	89	1.200	36.320	1.016
BPP_200_300_0.1_0.8_5.C	88	1.800	36.280	1.032
BPP_200_300_0.1_0.8_5.C	89	1.400	36.440	1.030
BPP_200_300_0.1_0.8_5.C	89	1.000	36.200	1.024
BPP_200_300_0.1_0.8_5.C	89	1.000	36.200	1.079
BPP_200_300_0.1_0.8_5.C	89	1.000	36.200	1.014
BPP_200_300_0.1_0.8_5.C	89	1.200	36.320	1.014
BPP_200_300_0.1_0.8_5.C	89	1.000	36.200	1.013
BPP_200_300_0.1_0.8_5.C	89	1.000	36.200	1.037
BPP_200_300_0.1_0.8_6.C	98	3.600	41.360	1.198
BPP_200_300_0.1_0.8_6.C	98	2.800	40.880	1.117
BPP_200_300_0.1_0.8_6.C	98	4.000	41.600	1.112
BPP_200_300_0.1_0.8_6.C	99	3.200	41.520	1.175
BPP_200_300_0.1_0.8_6.C	98	2.800	40.880	1.095
BPP_200_300_0.1_0.8_6.C	99	3.400	41.640	1.085
BPP_200_300_0.1_0.8_6.C	98	3.600	41.360	1.170
BPP_200_300_0.1_0.8_6.C	99	3.000	41.400	1.083
BPP_200_300_0.1_0.8_6.C	99	2.600	41.160	1.093
BPP_200_300_0.1_0.8_6.C	99	3.000	41.400	1.126
BPP_200_300_0.1_0.8_7.C	91	0.400	36.640	1.057
BPP_200_300_0.1_0.8_7.C	91	0.400	36.640	1.082
BPP_200_300_0.1_0.8_7.C	91	-0.000	36.400	1.028
BPP_200_300_0.1_0.8_7.C	91	0.400	36.640	1.051
BPP_200_300_0.1_0.8_7.C	91	-0.000	36.400	1.047
BPP_200_300_0.1_0.8_7.C	91	0.400	36.640	1.028
BPP_200_300_0.1_0.8_7.C	91	0.400	36.640	1.084
BPP_200_300_0.1_0.8_7.C	91	-0.000	36.400	1.089
BPP_200_300_0.1_0.8_7.C	91	0.400	36.640	1.047
BPP_200_300_0.1_0.8_7.C	91	0.400	36.640	1.046
BPP_200_300_0.1_0.8_8.C	92	5.000	39.800	1.071
BPP_200_300_0.1_0.8_8.C	92	4.400	39.440	1.059
BPP_200_300_0.1_0.8_8.C	92	4.600	39.560	1.082
BPP_200_300_0.1_0.8_8.C	92	4.800	39.680	1.056
BPP_200_300_0.1_0.8_8.C	92	4.600	39.560	1.073
BPP_200_300_0.1_0.8_8.C	92	4.600	39.560	1.068
BPP_200_300_0.1_0.8_8.C	92	4.400	39.440	1.066
BPP_200_300_0.1_0.8_8.C	92	4.400	39.440	1.074
BPP_200_300_0.1_0.8_8.C	92	4.600	39.560	1.073
BPP_200_300_0.1_0.8_8.C	92	5.000	39.800	1.072
BPP_200_300_0.1_0.8_9.C	99	6.000	43.200	1.094
BPP_200_300_0.1_0.8_9.C	99	6.000	43.200	1.094
BPP_200_300_0.1_0.8_9.C	99	6.400	43.440	1.109
BPP_200_300_0.1_0.8_9.C	99	5.800	43.080	1.100
BPP_200_300_0.1_0.8_9.C	99	5.800	43.080	1.095
BPP_200_300_0.1_0.8_9.C	99	5.800	43.080	1.090
BPP_200_300_0.1_0.8_9.C	99	5.800	43.080	1.073
BPP_200_300_0.1_0.8_9.C	99	6.200	43.320	1.097
BPP_200_300_0.1_0.8_9.C	99	5.600	42.960	1.104
BPP_200_300_0.1_0.8_9.C	99	6.000	43.200	1.094
BPP_200_400_0.1_0.8_0.C	100	7.400	44.440	1.594
BPP_200_400_0.1_0.8_0.C	101	6.200	44.120	1.621
BPP_200_400_0.1_0.8_0.C	101	6.400	44.240	1.582
BPP_200_400_0.1_0.8_0.C	101	6.600	44.360	1.614
BPP_200_400_0.1_0.8_0.C	100	6.600	43.960	1.613
BPP_200_400_0.1_0.8_0.C	101	7.800	45.080	1.663
BPP_200_400_0.1_0.8_0.C	101	6.600	44.360	1.648
BPP_200_400_0.1_0.8_0.C	101	5.600	43.760	1.602
BPP_200_400_0.1_0.8_0.C	101	6.200	44.120	1.588
BPP_200_400_0.1_0.8_0.C	101	6.800	44.480	1.595
BPP_200_400_0.1_0.8_1.C	95	0.400	38.240	1.560
BPP_200_400_0.1_0.8_1.C	95	0.400	38.240	1.524
BPP_200_400_0.1_0.8_1.C	95	0.400	38.240	1.540
BPP_200_400_0.1_0.8_1.C	95	0.400	38.240	1.533
BPP_200_400_0.1_0.8_1.C	95	0.400	38.240	1.541
BPP_200_400_0.1_0.8_1.C	95	0.400	38.240	1.535
BPP_200_400_0.1_0.8_1.C	95	0.400	38.240	1.562
BPP_200_400_0.1_0.8_1.C	95	0.400	38.240	1.583
BPP_200_400_0.1_0.8_1.C	95	0.400	38.240	1.618
BPP_200_400_0.1_0.8_1.C	95	0.400	38.240	1.542
BPP_200_400_0.1_0.8_2.C	100	1.800	41.080	1.572
BPP_200_400_0.1_0.8_2.C	100	1.800	41.080	1.582
BPP_200_400_0.1_0.8_2.C	99	1.800	40.680	1.615
BPP_200_400_0.1_0.8_2.C	100	1.800	41.080	1.587
BPP_200_400_0.1_0.8_2.C	99	1.800	40.680	1.570
BPP_200_400_0.1_0.8_2.C	100	1.800	41.080	1.607
BPP_200_400_0.1_0.8_2.C	99	2.000	40.800	1.595
BPP_200_400_0.1_0.8_2.C	99	1.800	40.680	1.651
BPP_200_400_0.1_0.8_2.C	100	1.800	41.080	1.589
BPP_200_400_0.1_0.8_2.C	99	1.800	40.680	1.592
BPP_200_400_0.1_0.8_3.C	96	3.600	40.560	1.549
BPP_200_400_0.1_0.8_3.C	97	3.800	41.080	1.513
BPP_200_400_0.1_0.8_3.C	97	3.200	40.720	1.540
BPP_200_400_0.1_0.8_3.C	97	3.400	40.840	1.510
BPP_200_400_0.1_0.8_3.C	97	3.600	40.960	1.526
BPP_200_400_0.1_0.8_3.C	97	3.800	41.080	1.548
BPP_200_400_0.1_0.8_3.C	97	3.400	40.840	1.526
BPP_200_400_0.1_0.8_3.C	96	3.600	40.560	1.519
BPP_200_400_0.1_0.8_3.C	96	3.400	40.440	1.537
BPP_200_400_0.1_0.8_3.C	97	3.200	40.720	1.524
BPP_200_400_0.1_0.8_4.C	93	8.000	42.000	1.479
BPP_200_400_0.1_0.8_4.C	93	8.600	42.360	1.496
BPP_200_400_0.1_0.8_4.C	93	7.800	41.880	1.560
BPP_200_400_0.1_0.8_4.C	93	8.200	42.120	1.500
BPP_200_400_0.1_0.8_4.C	93	7.800	41.880	1.522
BPP_200_400_0.1_0.8_4.C	93	8.000	42.000	1.563
BPP_200_400_0.1_0.8_4.C	93	7.800	41.880	1.480
BPP_200_400_0.1_0.8_4.C	93	8.400	42.240	1.481
BPP_200_400_0.1_0.8_4.C	93	7.600	41.760	1.459
BPP_200_400_0.1_0.8_4.C	93	7.800	41.880	1.488
BPP_200_400_0.1_0.8_5.C	88	2.800	36.880	1.395
BPP_200_400_0.1_0.8_5.C	88	3.000	37.000	1.391
BPP_200_400_0.1_0.8_5.C	88	2.800	36.880	1.390
BPP_200_400_0.1_0.8_5.C	88	2.800	36.880	1.383
BPP_200_400_0.1_0.8_5.C	88	2.800	36.880	1.427
BPP_200_400_0.1_0.8_5.C	88	3.000	37.000	1.410
BPP_200_400_0.1_0.8_5.C	88	2.600	36.760	1.413
BPP_200_400_0.1_0.8_5.C	88	2.600	36.760	1.416
BPP_200_400_0.1_0.8_5.C	88	2.800	36.880	1.427
BPP_200_400_0.1_0.8_5.C	88	2.800	36.880	1.394
BPP_200_400_0.1_0.8_6.C	91	2.200	37.720	1.476
BPP_200_400_0.1_0.8_6.C	91	1.800	37.480	1.435
BPP_200_400_0.1_0.8_6.C	91	1.800	37.480	1.487
BPP_200_400_0.1_0.8_6.C	91	1.800	37.480	1.439
BPP_200_400_0.1_0.8_6.C	91	1.600	37.360	1.462
BPP_200_400_0.1_0.8_6.C	91	1.600	37.360	1.462
BPP_200_400_0.1_0.8_6.C	91	1.600	37.360	1.522
BPP_200_400_0.1_0.8_6.C	91	1.600	37.360	1.500
BPP_200_400_0.1_0.8_6.C	91	1.800	37.480	1.455
BPP_200_400_0.1_0.8_6.C	91	1.800	37.480	1.524
BPP_200_400_0.1_0.8_7.C	95	0.800	38.480	1.525
BPP_200_400_0.1_0.8_7.C	96	0.600	38.760	1.530
BPP_200_400_0.1_0.8_7.C	96	0.600	38.760	1.542
BPP_200_400_0.1_0.8_7.C	96	0.600	38.760	1.526
BPP_200_400_0.1_0.8_7.C	96	0.600	38.760	1.529
BPP_200_400_0.1_0.8_7.C	96	0.600	38.760	1.551
BPP_200_400_0.1_0.8_7.C	96	0.600	38.760	1.530
BPP_200_400_0.1_0.8_7.C	96	0.600	38.760	1.556
BPP_200_400_0.1_0.8_7.C	96	0.400	38.640	1.534
BPP_200_400_0.1_0.8_7.C	96	0.600	38.760	1.509
BPP_200_400_0.1_0.8_8.C	94	1.200	38.320	1.529
BPP_200_400_0.1_0.8_8.C	94	0.800	38.080	1.507
BPP_200_400_0.1_0.8_8.C	95	0.800	38.480	1.528
BPP_200_400_0.1_0.8_8.C	95	1.200	38.720	1.524
BPP_200_400_0.1_0.8_8.C	95	0.800	38.480	1.512
BPP_200_400_0.1_0.8_8.C	95	0.800	38.480	1.528
BPP_200_400_0.1_0.8_8.C	95	0.800	38.480	1.523
BPP_200_400_0.1_0.8_8.C	95	0.800	38.480	1.575
BPP_200_400_0.1_0.8_8.C	94	1.400	38.440	1.547
BPP_200_400_0.1_0.8_8.C	95	0.800	38.480	1.540
BPP_200_400_0.1_0.8_9.C	97	2.000	40.000	1.549
BPP_200_400_0.1_0.8_9.C	97	2.200	40.120	1.510
BPP_200_400_0.1_0.8_9.C	97	2.000	40.000	1.525
BPP_200_400_0.1_0.8_9.C	97	2.200	40.120	1.505
BPP_200_400_0.1_0.8_9.C	97	2.000	40.000	1.551
BPP_200_400_0.1_0.8_9.C	97	2.000	40.000	1.513
BPP_200_400_0.1_0.8_9.C	97	2.200	40.120	1.532
BPP_200_400_0.1_0.8_9.C	97	2.000	40.000	1.519
BPP_200_400_0.1_0.8_9.C	97	2.000	40.000	1.620
BPP_200_400_0.1_0.8_9.C	97	2.000	40.000	1.515
BPP_200_500_0.1_0.8_0.C	101	3.600	42.560	1.769
BPP_200_500_0.1_0.8_0.C	101	3.800	42.680	1.774
BPP_200_500_0.1_0.8_0.C	100	5.200	43.120	1.745
BPP_200_500_0.1_0.8_0.C	101	4.200	42.920	1.756
BPP_200_500_0.1_0.8_0.C	102	3.800	43.080	1.796
BPP_200_500_0.1_0.8_0.C	100	5.000	43.000	1.785
BPP_200_500_0.1_0.8_0.C	101	3.600	42.560	1.790
BPP_200_500_0.1_0.8_0.C	101	4.600	43.160	1.812
BPP_200_500_0.1_0.8_0.C	101	3.800	42.680	1.752
BPP_200_500_0.1_0.8_0.C	101	3.600	42.560	1.791
BPP_200_500_0.1_0.8_1.C	93	5.600	40.560	1.681
BPP_200_500_0.1_0.8_1.C	93	5.400	40.440	1.699
BPP_200_500_0.1_0.8_1.C	93	6.200	40.920	1.698
BPP_200_500_0.1_0.8_1.C	93	5.800	40.680	1.706
BPP_200_500_0.1_0.8_1.C	93	5.600	40.560	1.723
BPP_200_500_0.1_0.8_1.C	93	5.800	40.680	1.689
BPP_200_500_0.1_0.8_1.C	93	5.600	40.560	1.700
BPP_200_500_0.1_0.8_1.C	93	6.000	40.800	1.711
BPP_200_500_0.1_0.8_1.C	93	6.000	40.800	1.706
BPP_200_500_0.1_0.8_1.C	93	5.800	40.680	1.677
BPP_200_500_0.1_0.8_2.C	87	7.200	39.120	1.602
BPP_200_500_0.1_0.8_2.C	87	7.200	39.120	1.640
BPP_200_500_0.1_0.8_2.C	87	7.200	39.120	1.656
BPP_200_500_0.1_0.8_2.C	87	7.200	39.120	1.635
BPP_200_500_0.1_0.8_2.C	87	7.200	39.120	1.609
BPP_200_500_0.1_0.8_2.C	87	7.200	39.120	1.625
BPP_200_500_0.1_0.8_2.C	87	7.200	39.120	1.649
BPP_200_500_0.1_0.8_2.C	87	7.200	39.120	1.627
BPP_200_500_0.1_0.8_2.C	87	7.200	39.120	1.603
BPP_200_500_0.1_0.8_2.C	87	7.200	39.120	1.600
BPP_200_500_0.1_0.8_3.C	93	11.400	44.040	1.754
BPP_200_500_0.1_0.8_3.C	93	11.400	44.040	1.741
BPP_200_500_0.1_0.8_3.C	93	11.400	44.040	1.768
BPP_200_500_0.1_0.8_3.C	93	11.600	44.160	1.724
BPP_200_500_0.1_0.8_3.C	93	11.600	44.160	1.698
BPP_200_500_0.1_0.8_3.C	93	11.600	44.160	1.721
BPP_200_500_0.1_0.8_3.C	93	11.600	44.160	1.773
BPP_200_500_0.1_0.8_3.C	93	11.600	44.160	1.740
BPP_200_500_0.1_0.8_3.C	93	11.400	44.040	1.741
BPP_200_500_0.1_0.8_3.C	93	11.400	44.040	1.705
BPP_200_500_0.1_0.8_4.C	93	2.800	38.880	1.747
BPP_200_500_0.1_0.8_4.C	93	3.000	39.000	1.737
BPP_200_500_0.1_0.8_4.C	92	3.400	38.840	1.717
BPP_200_500_0.1_0.8_4.C	92	3.400	38.840	1.779
BPP_200_500_0.1_0.8_4.C	92	3.400	38.840	1.969
BPP_200_500_0.1_0.8_4.C	92	3.400	38.840	1.739
BPP_200_500_0.1_0.8_4.C	92	3.400	38.840	2.025
BPP_200_500_0.1_0.8_4.C	92	3.400	38.840	2.042
BPP_200_500_0.1_0.8_4.C	92	3.200	38.720	2.422
BPP_200_500_0.1_0.8_4.C	92	3.000	38.600	1.683
BPP_200_500_0.1_0.8_5.C	97	2.200	40.120	1.767
BPP_200_500_0.1_0.8_5.C	97	2.200	40.120	1.749
BPP_200_500_0.1_0.8_5.C	97	2.000	40.000	1.798
BPP_200_500_0.1_0.8_5.C	97	2.000	40.000	1.794
BPP_200_500_0.1_0.8_5.C	97	2.000	40.000	1.760
BPP_200_500_0.1_0.8_5.C	97	1.800	39.880	1.762
BPP_200_500_0.1_0.8_5.C	97	1.800	39.880	1.767
BPP_200_500_0.1_0.8_5.C	97	2.000	40.000	1.790
BPP_200_500_0.1_0.8_5.C	97	1.800	39.880	1.766
BPP_200_500_0.1_0.8_5.C	97	2.200	40.120	1.792
BPP_200_500_0.1_0.8_6.C	97	1.800	39.880	1.758
BPP_200_500_0.1_0.8_6.C	97	1.800	39.880	1.826
BPP_200_500_0.1_0.8_6.C	97	1.800	39.880	1.747
BPP_200_500_0.1_0.8_6.C	97	1.800	39.880	1.742
BPP_200_500_0.1_0.8_6.C	97	1.800	39.880	1.779
BPP_200_500_0.1_0.8_6.C	97	1.800	39.880	1.751
BPP_200_500_0.1_0.8_6.C	97	1.800	39.880	1.750
BPP_200_500_0.1_0.8_6.C	96	1.800	39.480	1.721
BPP_200_500_0.1_0.8_6.C	97	1.800	39.880	1.742
BPP_200_500_0.1_0.8_6.C	97	1.800	39.880	1.778
BPP_200_500_0.1_0.8_7.C	90	9.000	41.400	2.205
BPP_200_500_0.1_0.8_7.C	90	9.400	41.640	2.001
BPP_200_500_0.1_0.8_7.C	90	9.000	41.400	1.997
BPP_200_500_0.1_0.8_7.C	90	9.600	41.760	1.967
BPP_200_500_0.1_0.8_7.C	90	9.600	41.760	2.008
BPP_200_500_0.1_0.8_7.C	90	9.400	41.640	2.029
BPP_200_500_0.1_0.8_7.C	90	9.000	41.400	1.651
BPP_200_500_0.1_0.8_7.C	90	9.000	41.400	1.672
BPP_200_500_0.1_0.8_7.C	90	9.600	41.760	1.638
BPP_200_500_0.1_0.8_7.C	91	8.800	41.680	1.647
BPP_200_500_0.1_0.8_8.C	107	7.400	47.240	1.885
BPP_200_500_0.1_0.8_8.C	107	7.400	47.240	1.891
BPP_200_500_0.1_0.8_8.C	107	7.200	47.120	1.907
BPP_200_500_0.1_0.8_8.C	107	7.800	47.480	1.892
BPP_200_500_0.1_0.8_8.C	107	7.600	47.360	1.903
BPP_200_500_0.1_0.8_8.C	107	8.200	47.720	1.980
BPP_200_500_0.1_0.8_8.C	108	7.400	47.640	2.189
BPP_200_500_0.1_0.8_8.C	107	7.600	47.360	1.896
BPP_200_500_0.1_0.8_8.C	107	7.200	47.120	1.959
BPP_200_500_0.1_0.8_8.C	107	8.200	47.720	1.994
BPP_200_500_0.1_0.8_9.C	95	5.200	41.120	1.717
BPP_200_500_0.1_0.8_9.C	94	6.000	41.200	1.702
BPP_200_500_0.1_0.8_9.C	95	5.200	41.120	1.703
BPP_200_500_0.1_0.8_9.C	95	5.200	41.120	1.784
BPP_200_500_0.1_0.8_9.C	95	5.200	41.120	2.214
BPP_200_500_0.1_0.8_9.C	95	4.600	40.760	1.936
BPP_200_500_0.1_0.8_9.C	94	4.800	40.480	2.698
BPP_200_500_0.1_0.8_9.C	94	4.400	40.240	1.695
BPP_200_500_0.1_0.8_9.C	94	5.800	41.080	1.721
BPP_200_500_0.1_0.8_9.C	95	5.200	41.120	1.797
BPP_200_50_0.1_0.8_0.C	84	2.000	34.800	0.205
BPP_200_50_0.1_0.8_0.C	84	2.000	34.800	0.210
BPP_200_50_0.1_0.8_0.C	84	2.200	34.920	0.206
BPP_200_50_0.1_0.8_0.C	84	2.000	34.800	0.210
BPP_200_50_0.1_0.8_0.C	84	2.200	34.920	0.215
BPP_200_50_0.1_0.8_0.C	84	2.000	34.800	0.207
BPP_200_50_0.1_0.8_0.C	84	2.000	34.800	0.222
BPP_200_50_0.1_0.8_0.C	84	2.000	34.800	0.205
BPP_200_50_0.1_0.8_0.C	84	2.000	34.800	0.249
BPP_200_50_0.1_0.8_0.C	84	2.000	34.800	0.221
BPP_200_50_0.1_0.8_1.C	93	3.000	39.000	0.221
BPP_200_50_0.1_0.8_1.C	93	3.400	39.240	0.233
BPP_200_50_0.1_0.8_1.C	93	3.000	39.000	0.219
BPP_200_50_0.1_0.8_1.C	93	2.800	38.880	0.227
BPP_200_50_0.1_0.8_1.C	93	2.800	38.880	0.230
BPP_200_50_0.1_0.8_1.C	93	2.800	38.880	0.229
BPP_200_50_0.1_0.8_1.C	93	2.800	38.880	0.227
BPP_200_50_0.1_0.8_1.C	93	2.800	38.880	0.229
BPP_200_50_0.1_0.8_1.C	93	3.200	39.120	0.232
BPP_200_50_0.1_0.8_1.C	93	3.200	39.120	0.228
BPP_200_50_0.1_0.8_2.C	88	4.800	38.080	0.215
BPP_200_50_0.1_0.8_2.C	89	4.800	38.480	0.213
BPP_200_50_0.1_0.8_2.C	88	4.800	38.080	0.215
BPP_200_50_0.1_0.8_2.C	89	4.800	38.480	0.219
BPP_200_50_0.1_0.8_2.C	88	4.800	38.080	0.218
BPP_200_50_0.1_0.8_2.C	88	4.800	38.080	0.224
BPP_200_50_0.1_0.8_2.C	87	6.000	38.400	0.212
BPP_200_50_0.1_0.8_2.C	89	4.800	38.480	0.224
BPP_200_50_0.1_0.8_2.C	88	5.400	38.440	0.212
BPP_200_50_0.1_0.8_2.C	88	4.800	38.080	0.208
BPP_200_50_0.1_0.8_3.C	93	2.800	38.880	0.223
BPP_200_50_0.1_0.8_3.C	93	2.800	38.880	0.220
BPP_200_50_0.1_0.8_3.C	93	2.800	38.880	0.230
BPP_200_50_0.1_0.8_3.C	93	2.800	38.880	0.224
BPP_200_50_0.1_0.8_3.C	93	2.800	38.880	0.220
BPP_200_50_0.1_0.8_3.C	93	2.800	38.880	0.227
BPP_200_50_0.1_0.8_3.C	93	2.800	38.880	0.222
BPP_200_50_0.1_0.8_3.C	94	2.800	39.280	0.234
BPP_200_50_0.1_0.8_3.C	93	3.200	39.120	0.227
BPP_200_50_0.1_0.8_3.C	93	3.200	39.120	0.219
BPP_200_50_0.1_0.8_4.C	93	0.200	37.320	0.230
BPP_200_50_0.1_0.8_4.C	93	0.400	37.440	0.228
BPP_200_50_0.1_0.8_4.C	94	0.200	37.720	0.244
BPP_200_50_0.1_0.8_4.C	93	0.200	37.320	0.222
BPP_200_50_0.1_0.8_4.C	94	0.200	37.720	0.227
BPP_200_50_0.1_0.8_4.C	93	0.200	37.320	0.217
BPP_200_50_0.1_0.8_4.C	94	0.200	37.720	0.234
BPP_200_50_0.1_0.8_4.C	94	0.200	37.720	0.220
BPP_200_50_0.1_0.8_4.C	94	0.200	37.720	0.233
BPP_200_50_0.1_0.8_4.C	94	0.200	37.720	0.226
BPP_200_50_0.1_0.8_5.C	96	0.200	38.520	0.235
BPP_200_50_0.1_0.8_5.C	96	0.200	38.520	0.221
BPP_200_50_0.1_0.8_5.C	96	0.200	38.520	0.228
BPP_200_50_0.1_0.8_5.C	95	0.200	38.120	0.222
BPP_200_50_0.1_0.8_5.C	96	0.200	38.520	0.230
BPP_200_50_0.1_0.8_5.C	96	0.200	38.520	0.227
BPP_200_50_0.1_0.8_5.C	96	0.200	38.520	0.220
BPP_200_50_0.1_0.8_5.C	96	0.200	38.520	0.227
BPP_200_50_0.1_0.8_5.C	96	0.200	38.520	0.225
BPP_200_50_0.1_0.8_5.C	96	0.200	38.520	0.228
BPP_200_50_0.1_0.8_6.C	98	0.200	39.320	0.238
BPP_200_50_0.1_0.8_6.C	98	0.200	39.320	0.273
BPP_200_50_0.1_0.8_6.C	98	0.200	39.320	0.370
BPP_200_50_0.1_0.8_6.C	98	0.200	39.320	0.240
BPP_200_50_0.1_0.8_6.C	98	0.200	39.320	0.238
BPP_200_50_0.1_0.8_6.C	98	0.200	39.320	0.255
BPP_200_50_0.1_0.8_6.C	98	0.200	39.320	0.234
BPP_200_50_0.1_0.8_6.C	98	0.200	39.320	0.226
BPP_200_50_0.1_0.8_6.C	98	0.200	39.320	0.228
BPP_200_50_0.1_0.8_6.C	98	0.200	39.320	0.235
BPP_200_50_0.1_0.8_7.C	89	3.000	37.400	0.214
BPP_200_50_0.1_0.8_7.C	89	3.000	37.400	0.225
BPP_200_50_0.1_0.8_7.C	89	3.000	37.400	0.219
BPP_200_50_0.1_0.8_7.C	89	3.200	37.520	0.214
BPP_200_50_0.1_0.8_7.C	89	3.000	37.400	0.217
BPP_200_50_0.1_0.8_7.C	90	2.600	37.560	0.215
BPP_200_50_0.1_0.8_7.C	89	3.000	37.400	0.218
BPP_200_50_0.1_0.8_7.C	90	2.600	37.560	0.224
BPP_200_50_0.1_0.8_7.C	90	2.600	37.560	0.214
BPP_200_50_0.1_0.8_7.C	89	3.000	37.400	0.224
BPP_200_50_0.1_0.8_8.C	87	2.200	36.120	0.211
BPP_200_50_0.1_0.8_8.C	87	2.600	36.360	0.219
BPP_200_50_0.1_0.8_8.C	87	2.200	36.120	0.207
BPP_200_50_0.1_0.8_8.C	87	2.200	36.120	0.225
BPP_200_50_0.1_0.8_8.C	87	2.200	36.120	0.216
BPP_200_50_0.1_0.8_8.C	86	2.600	35.960	0.214
BPP_200_50_0.1_0.8_8.C	87	2.200	36.120	0.212
BPP_200_50_0.1_0.8_8.C	87	2.400	36.240	0.219
BPP_200_50_0.1_0.8_8.C	87	2.200	36.120	0.219
BPP_200_50_0.1_0.8_8.C	87	2.200	36.120	0.216
BPP_200_50_0.1_0.8_9.C	91	4.200	38.920	0.217
BPP_200_50_0.1_0.8_9.C	91	4.200	38.920	0.217
BPP_200_50_0.1_0.8_9.C	91	4.200	38.920	0.215
BPP_200_50_0.1_0.8_9.C	91	4.200	38.920	0.225
BPP_200_50_0.1_0.8_9.C	91	4.200	38.920	0.224
BPP_200_50_0.1_0.8_9.C	91	4.200	38.920	0.214
BPP_200_50_0.1_0.8_9.C	91	4.200	38.920	0.232
BPP_200_50_0.1_0.8_9.C	91	4.200	38.920	0.215
BPP_200_50_0.1_0.8_9.C	91	4.200	38.920	0.216
BPP_200_50_0.1_0.8_9.C	91	4.200	38.920	0.228
BPP_200_750_0.1_0.8_0.C	93	10.600	43.560	2.468
BPP_200_750_0.1_0.8_0.C	93	11.000	43.800	2.437
BPP_200_750_0.1_0.8_0.C	93	10.600	43.560	2.410
BPP_200_750_0.1_0.8_0.C	93	10.600	43.560	2.420
BPP_200_750_0.1_0.8_0.C	93	10.600	43.560	2.546
BPP_200_750_0.1_0.8_0.C	93	10.400	43.440	2.526
BPP_200_750_0.1_0.8_0.C	93	10.600	43.560	2.510
BPP_200_750_0.1_0.8_0.C	93	10.600	43.560	2.518
BPP_200_750_0.1_0.8_0.C	93	10.800	43.680	2.453
BPP_200_750_0.1_0.8_0.C	93	10.600	43.560	2.468
BPP_200_750_0.1_0.8_1.C	92	7.000	41.000	2.491
BPP_200_750_0.1_0.8_1.C	92	7.000	41.000	2.466
BPP_200_750_0.1_0.8_1.C	92	6.800	40.880	2.501
BPP_200_750_0.1_0.8_1.C	92	6.800	40.880	2.501
BPP_200_750_0.1_0.8_1.C	92	6.800	40.880	2.562
BPP_200_750_0.1_0.8_1.C	92	6.800	40.880	2.536
BPP_200_750_0.1_0.8_1.C	92	7.000	41.000	2.570
BPP_200_750_0.1_0.8_1.C	92	6.600	40.760	2.619
BPP_200_750_0.1_0.8_1.C	92	6.800	40.880	2.807
BPP_200_750_0.1_0.8_1.C	92	7.000	41.000	2.856
BPP_200_750_0.1_0.8_2.C	94	6.000	41.200	3.276
BPP_200_750_0.1_0.8_2.C	94	6.200	41.320	3.532
BPP_200_750_0.1_0.8_2.C	94	6.200	41.320	3.668
BPP_200_750_0.1_0.8_2.C	94	6.200	41.320	3.779
BPP_200_750_0.1_0.8_2.C	94	6.000	41.200	3.512
BPP_200_750_0.1_0.8_2.C	94	5.800	41.080	2.486
BPP_200_750_0.1_0.8_2.C	94	6.000	41.200	2.557
BPP_200_750_0.1_0.8_2.C	94	6.000	41.200	2.462
BPP_200_750_0.1_0.8_2.C	94	6.000	41.200	2.466
BPP_200_750_0.1_0.8_2.C	94	6.200	41.320	2.514
BPP_200_750_0.1_0.8_3.C	92	9.600	42.560	2.472
BPP_200_750_0.1_0.8_3.C	93	8.800	42.480	2.462
BPP_200_750_0.1_0.8_3.C	92	8.200	41.720	2.573
BPP_200_750_0.1_0.8_3.C	93	8.800	42.480	2.622
BPP_200_750_0.1_0.8_3.C	93	9.000	42.600	2.499
BPP_200_750_0.1_0.8_3.C	93	8.800	42.480	2.515
BPP_200_750_0.1_0.8_3.C	93	8.600	42.360	2.474
BPP_200_750_0.1_0.8_3.C	93	8.600	42.360	2.497
BPP_200_750_0.1_0.8_3.C	93	9.200	42.720	2.442
BPP_200_750_0.1_0.8_3.C	93	9.000	42.600	2.446
BPP_200_750_0.1_0.8_4.C	94	1.600	38.560	2.541
BPP_200_750_0.1_0.8_4.C	94	1.600	38.560	2.501
BPP_200_750_0.1_0.8_4.C	94	1.600	38.560	2.646
BPP_200_750_0.1_0.8_4.C	94	1.600	38.560	2.731
BPP_200_750_0.1_0.8_4.C	94	1.600	38.560	2.621
BPP_200_750_0.1_0.8_4.C	94	1.600	38.560	2.735
BPP_200_750_0.1_0.8_4.C	94	1.600	38.560	3.027
BPP_200_750_0.1_0.8_4.C	94	1.600	38.560	3.289
BPP_200_750_0.1_0.8_4.C	94	1.600	38.560	3.242
BPP_200_750_0.1_0.8_4.C	94	1.600	38.560	2.489
BPP_200_750_0.1_0.8_5.C	90	4.400	38.640	3.735
BPP_200_750_0.1_0.8_5.C	90	4.600	38.760	3.843
BPP_200_750_0.1_0.8_5.C	90	4.600	38.760	3.679
BPP_200_750_0.1_0.8_5.C	90	4.600	38.760	3.813
BPP_200_750_0.1_0.8_5.C	90	4.600	38.760	3.856
BPP_200_750_0.1_0.8_5.C	90	4.600	38.760	3.825
BPP_200_750_0.1_0.8_5.C	90	5.200	39.120	3.699
BPP_200_750_0.1_0.8_5.C	90	5.000	39.000	2.464
BPP_200_750_0.1_0.8_5.C	90	5.200	39.120	2.484
BPP_200_750_0.1_0.8_5.C	90	4.600	38.760	2.431
BPP_200_750_0.1_0.8_6.C	94	2.600	39.160	3.584
BPP_200_750_0.1_0.8_6.C	94	2.600	39.160	3.671
BPP_200_750_0.1_0.8_6.C	93	3.200	39.120	3.776
BPP_200_750_0.1_0.8_6.C	93	3.400	39.240	3.805
BPP_200_750_0.1_0.8_6.C	94	2.800	39.280	3.779
BPP_200_750_0.1_0.8_6.C	94	2.800	39.280	3.840
BPP_200_750_0.1_0.8_6.C	93	3.600	39.360	3.885
BPP_200_750_0.1_0.8_6.C	94	2.800	39.280	3.730
BPP_200_750_0.1_0.8_6.C	94	2.800	39.280	3.474
BPP_200_750_0.1_0.8_6.C	94	2.800	39.280	3.627
BPP_200_750_0.1_0.8_7.C	95	3.200	39.920	2.509
BPP_200_750_0.1_0.8_7.C	95	3.200	39.920	2.499
BPP_200_750_0.1_0.8_7.C	95	3.000	39.800	2.562
BPP_200_750_0.1_0.8_7.C	96	2.800	40.080	2.526
BPP_200_750_0.1_0.8_7.C	95	2.800	39.680	2.476
BPP_200_750_0.1_0.8_7.C	95	3.000	39.800	2.497
BPP_200_750_0.1_0.8_7.C	96	2.600	39.960	2.504
BPP_200_750_0.1_0.8_7.C	95	3.000	39.800	3.922
BPP_200_750_0.1_0.8_7.C	95	3.000	39.800	2.511
BPP_200_750_0.1_0.8_7.C	95	3.000	39.800	3.912
BPP_200_750_0.1_0.8_8.C	90	2.000	37.200	2.348
BPP_200_750_0.1_0.8_8.C	90	2.200	37.320	3.707
BPP_200_750_0.1_0.8_8.C	90	2.200	37.320	3.857
BPP_200_750_0.1_0.8_8.C	90	2.200	37.320	2.423
BPP_200_750_0.1_0.8_8.C	90	2.200	37.320	2.431
BPP_200_750_0.1_0.8_8.C	90	2.200	37.320	2.422
BPP_200_750_0.1_0.8_8.C	90	2.200	37.320	2.434
BPP_200_750_0.1_0.8_8.C	90	2.000	37.200	3.801
BPP_200_750_0.1_0.8_8.C	90	2.200	37.320	2.389
BPP_200_750_0.1_0.8_8.C	90	2.200	37.320	2.384
BPP_200_750_0.1_0.8_9.C	101	4.000	42.800	2.683
BPP_200_750_0.1_0.8_9.C	102	4.200	43.320	2.624
BPP_200_750_0.1_0.8_9.C	101	4.800	43.280	2.611
BPP_200_750_0.1_0.8_9.C	101	5.200	43.520	2.697
BPP_200_750_0.1_0.8_9.C	101	4.000	42.800	2.615
BPP_200_750_0.1_0.8_9.C	101	4.600	43.160	2.650
BPP_200_750_0.1_0.8_9.C	101	4.800	43.280	2.635
BPP_200_750_0.1_0.8_9.C	101	5.200	43.520	2.589
BPP_200_750_0.1_0.8_9.C	101	4.800	43.280	2.674
BPP_200_750_0.1_0.8_9.C	101	4.000	42.800	2.701
BPP_200_75_0.1_0.8_0.C	91	2.600	37.960	0.275
BPP_200_75_0.1_0.8_0.C	91	2.600	37.960	0.278
BPP_200_75_0.1_0.8_0.C	90	2.800	37.680	0.311
BPP_200_75_0.1_0.8_0.C	91	2.600	37.960	0.285
BPP_200_75_0.1_0.8_0.C	91	2.600	37.960	0.295
BPP_200_75_0.1_0.8_0.C	91	2.600	37.960	0.295
BPP_200_75_0.1_0.8_0.C	91	2.600	37.960	0.276
BPP_200_75_0.1_0.8_0.C	91	2.600	37.960	0.276
BPP_200_75_0.1_0.8_0.C	90	3.000	37.800	0.291
BPP_200_75_0.1_0.8_0.C	90	3.000	37.800	0.284
BPP_200_75_0.1_0.8_1.C	92	2.800	38.480	0.283
BPP_200_75_0.1_0.8_1.C	92	2.600	38.360	0.289
BPP_200_75_0.1_0.8_1.C	92	2.600	38.360	0.278
BPP_200_75_0.1_0.8_1.C	92	2.800	38.480	0.280
BPP_200_75_0.1_0.8_1.C	92	2.600	38.360	0.284
BPP_200_75_0.1_0.8_1.C	92	2.800	38.480	0.285
BPP_200_75_0.1_0.8_1.C	92	2.600	38.360	0.291
BPP_200_75_0.1_0.8_1.C	92	2.600	38.360	0.275
BPP_200_75_0.1_0.8_1.C	92	2.600	38.360	0.277
BPP_200_75_0.1_0.8_1.C	92	2.600	38.360	0.292
BPP_200_75_0.1_0.8_2.C	90	0.200	36.120	0.281
BPP_200_75_0.1_0.8_2.C	89	0.200	35.720	0.283
BPP_200_75_0.1_0.8_2.C	90	0.200	36.120	0.274
BPP_200_75_0.1_0.8_2.C	90	0.200	36.120	0.280
BPP_200_75_0.1_0.8_2.C	89	0.200	35.720	0.285
BPP_200_75_0.1_0.8_2.C	90	0.200	36.120	0.280
BPP_200_75_0.1_0.8_2.C	89	0.400	35.840	0.275
BPP_200_75_0.1_0.8_2.C	90	0.200	36.120	0.278
BPP_200_75_0.1_0.8_2.C	89	0.200	35.720	0.276
BPP_200_75_0.1_0.8_2.C	89	0.800	36.080	0.278
BPP_200_75_0.1_0.8_3.C	106	6.800	46.480	0.462
BPP_200_75_0.1_0.8_3.C	106	6.800	46.480	0.621
BPP_200_75_0.1_0.8_3.C	106	6.800	46.480	0.325
BPP_200_75_0.1_0.8_3.C	106	6.800	46.480	0.308
BPP_200_75_0.1_0.8_3.C	106	6.600	46.360	0.313
BPP_200_75_0.1_0.8_3.C	106	7.000	46.600	0.315
BPP_200_75_0.1_0.8_3.C	106	6.600	46.360	0.315
BPP_200_75_0.1_0.8_3.C	106	6.400	46.240	0.309
BPP_200_75_0.1_0.8_3.C	106	6.800	46.480	0.307
BPP_200_75_0.1_0.8_3.C	106	6.600	46.360	0.320
BPP_200_75_0.1_0.8_4.C	94	1.000	38.200	0.293
BPP_200_75_0.1_0.8_4.C	94	1.400	38.440	0.291
BPP_200_75_0.1_0.8_4.C	94	1.000	38.200	0.298
BPP_200_75_0.1_0.8_4.C	94	1.200	38.320	0.290
BPP_200_75_0.1_0.8_4.C	94	0.800	38.080	0.296
BPP_200_75_0.1_0.8_4.C	94	1.000	38.200	0.340
BPP_200_75_0.1_0.8_4.C	94	1.200	38.320	0.288
BPP_200_75_0.1_0.8_4.C	94	0.800	38.080	0.300
BPP_200_75_0.1_0.8_4.C	95	0.800	38.480	0.306
BPP_200_75_0.1_0.8_4.C	94	1.000	38.200	0.294
BPP_200_75_0.1_0.8_5.C	92	4.200	39.320	0.287
BPP_200_75_0.1_0.8_5.C	92	4.200	39.320	0.291
BPP_200_75_0.1_0.8_5.C	91	4.800	39.280	0.287
BPP_200_75_0.1_0.8_5.C	91	4.800	39.280	0.289
BPP_200_75_0.1_0.8_5.C	92	4.200	39.320	0.298
BPP_200_75_0.1_0.8_5.C	92	4.200	39.320	0.289
BPP_200_75_0.1_0.8_5.C	92	4.200	39.320	0.295
BPP_200_75_0.1_0.8_5.C	92	4.200	39.320	0.294
BPP_200_75_0.1_0.8_5.C	91	4.800	39.280	0.290
BPP_200_75_0.1_0.8_5.C	92	4.200	39.320	0.279
BPP_200_75_0.1_0.8_6.C	88	6.200	38.920	0.267
BPP_200_75_0.1_0.8_6.C	87	6.800	38.880	0.286
BPP_200_75_0.1_0.8_6.C	88	6.200	38.920	0.277
BPP_200_75_0.1_0.8_6.C	88	6.200	38.920	0.302
BPP_200_75_0.1_0.8_6.C	88	6.200	38.920	0.281
BPP_200_75_0.1_0.8_6.C	88	6.200	38.920	0.281
BPP_200_75_0.1_0.8_6.C	88	6.200	38.920	0.280
BPP_200_75_0.1_0.8_6.C	88	6.200	38.920	0.278
BPP_200_75_0.1_0.8_6.C	88	6.200	38.920	0.282
BPP_200_75_0.1_0.8_6.C	88	6.200	38.920	0.276
BPP_200_75_0.1_0.8_7.C	95	4.600	40.760	0.329
BPP_200_75_0.1_0.8_7.C	96	3.600	40.560	0.289
BPP_200_75_0.1_0.8_7.C	94	5.200	40.720	0.296
BPP_200_75_0.1_0.8_7.C	95	4.600	40.760	0.293
BPP_200_75_0.1_0.8_7.C	95	4.000	40.400	0.291
BPP_200_75_0.1_0.8_7.C	95	4.200	40.520	0.290
BPP_200_75_0.1_0.8_7.C	96	3.600	40.560	0.295
BPP_200_75_0.1_0.8_7.C	95	3.800	40.280	0.286
BPP_200_75_0.1_0.8_7.C	96	4.000	40.800	0.290
BPP_200_75_0.1_0.8_7.C	94	4.600	40.360	0.293
BPP_200_75_0.1_0.8_8.C	89	5.600	38.960	0.277
BPP_200_75_0.1_0.8_8.C	89	5.600	38.960	0.274
BPP_200_75_0.1_0.8_8.C	89	5.600	38.960	0.287
BPP_200_75_0.1_0.8_8.C	89	5.600	38.960	0.283
BPP_200_75_0.1_0.8_8.C	89	5.600	38.960	0.309
BPP_200_75_0.1_0.8_8.C	89	5.600	38.960	0.287
BPP_200_75_0.1_0.8_8.C	89	5.600	38.960	0.368
BPP_200_75_0.1_0.8_8.C	89	5.800	39.080	0.278
BPP_200_75_0.1_0.8_8.C	89	5.400	38.840	0.559
BPP_200_75_0.1_0.8_8.C	89	5.400	38.840	0.273
BPP_200_75_0.1_0.8_9.C	94	10.600	43.960	0.297
BPP_200_75_0.1_0.8_9.C	96	9.400	44.040	0.298
BPP_200_75_0.1_0.8_9.C	96	9.400	44.040	0.299
BPP_200_75_0.1_0.8_9.C	94	10.600	43.960	0.297
BPP_200_75_0.1_0.8_9.C	96	9.400	44.040	0.308
BPP_200_75_0.1_0.8_9.C	96	9.400	44.040	0.304
BPP_200_75_0.1_0.8_9.C	95	10.000	44.000	0.305
BPP_200_75_0.1_0.8_9.C	95	10.000	44.000	0.302
BPP_200_75_0.1_0.8_9.C	96	9.400	44.040	0.297
BPP_200_75_0.1_0.8_9.C	96	9.400	44.040	0.301
BPP_50_1000_0.1_0.8_0.C	24	7.600	14.160	0.210
BPP_50_1000_0.1_0.8_0.C	24	7.600	14.160	0.214
BPP_50_1000_0.1_0.8_0.C	23	8.200	14.120	0.212
BPP_50_1000_0.1_0.8_0.C	24	7.600	14.160	0.220
BPP_50_1000_0.1_0.8_0.C	23	8.200	14.120	0.213
BPP_50_1000_0.1_0.8_0.C	24	7.600	14.160	0.211
BPP_50_1000_0.1_0.8_0.C	24	7.600	14.160	0.209
BPP_50_1000_0.1_0.8_0.C	23	8.200	14.120	0.214
BPP_50_1000_0.1_0.8_0.C	24	7.600	14.160	0.210
BPP_50_1000_0.1_0.8_0.C	24	7.600	14.160	0.229
BPP_50_1000_0.1_0.8_1.C	24	7.600	14.160	0.218
BPP_50_1000_0.1_0.8_1.C	23	8.200	14.120	0.216
BPP_50_1000_0.1_0.8_1.C	24	7.600	14.160	0.214
BPP_50_1000_0.1_0.8_1.C	24	7.600	14.160	0.212
BPP_50_1000_0.1_0.8_1.C	23	8.200	14.120	0.223
BPP_50_1000_0.1_0.8_1.C	23	8.200	14.120	0.229
BPP_50_1000_0.1_0.8_1.C	23	8.200	14.120	0.237
BPP_50_1000_0.1_0.8_1.C	24	7.600	14.160	0.213
BPP_50_1000_0.1_0.8_1.C	24	7.600	14.160	0.212
BPP_50_1000_0.1_0.8_1.C	24	7.600	14.160	0.231
BPP_50_1000_0.1_0.8_2.C	23	6.600	13.160	0.211
BPP_50_1000_0.1_0.8_2.C	23	6.600	13.160	0.210
BPP_50_1000_0.1_0.8_2.C	23	6.600	13.160	0.210
BPP_50_1000_0.1_0.8_2.C	23	7.200	13.520	0.211
BPP_50_1000_0.1_0.8_2.C	23	6.600	13.160	0.211
BPP_50_1000_0.1_0.8_2.C	23	7.200	13.520	0.215
BPP_50_1000_0.1_0.8_2.C	23	6.600	13.160	0.211
BPP_50_1000_0.1_0.8_2.C	23	6.600	13.160	0.213
BPP_50_1000_0.1_0.8_2.C	23	6.600	13.160	0.262
BPP_50_1000_0.1_0.8_2.C	23	6.600	13.160	0.210
BPP_50_1000_0.1_0.8_3.C	25	6.800	14.080	0.230
BPP_50_1000_0.1_0.8_3.C	25	6.800	14.080	0.226
BPP_50_1000_0.1_0.8_3.C	25	6.800	14.080	0.226
BPP_50_1000_0.1_0.8_3.C	25	7.000	14.200	0.223
BPP_50_1000_0.1_0.8_3.C	25	6.800	14.080	0.232
BPP_50_1000_0.1_0.8_3.C	25	6.800	14.080	0.223
BPP_50_1000_0.1_0.8_3.C	25	7.000	14.200	0.244
BPP_50_1000_0.1_0.8_3.C	25	6.800	14.080	0.226
BPP_50_1000_0.1_0.8_3.C	25	6.800	14.080	0.227
BPP_50_1000_0.1_0.8_3.C	25	6.800	14.080	0.227
BPP_50_1000_0.1_0.8_4.C	24	2.400	11.040	0.213
BPP_50_1000_0.1_0.8_4.C	24	2.400	11.040	0.237
BPP_50_1000_0.1_0.8_4.C	24	2.200	10.920	0.214
BPP_50_1000_0.1_0.8_4.C	24	2.600	11.160	0.241
BPP_50_1000_0.1_0.8_4.C	24	2.200	10.920	0.218
BPP_50_1000_0.1_0.8_4.C	25	2.200	11.320	0.215
BPP_50_1000_0.1_0.8_4.C	24	2.400	11.040	0.222
BPP_50_1000_0.1_0.8_4.C	24	2.200	10.920	0.213
BPP_50_1000_0.1_0.8_4.C	24	2.200	10.920	0.213
BPP_50_1000_0.1_0.8_4.C	24	2.400	11.040	0.211
BPP_50_1000_0.1_0.8_5.C	28	1.400	12.040	0.236
BPP_50_1000_0.1_0.8_5.C	28	1.400	12.040	0.253
BPP_50_1000_0.1_0.8_5.C	28	1.400	12.040	0.239
BPP_50_1000_0.1_0.8_5.C	28	1.400	12.040	0.238
BPP_50_1000_0.1_0.8_5.C	28	1.600	12.160	0.238
BPP_50_1000_0.1_0.8_5.C	28	1.800	12.280	0.246
BPP_50_1000_0.1_0.8_5.C	28	1.400	12.040	0.296
BPP_50_1000_0.1_0.8_5.C	28	1.400	12.040	0.238
BPP_50_1000_0.1_0.8_5.C	28	1.400	12.040	0.237
BPP_50_1000_0.1_0.8_5.C	28	1.400	12.040	0.236
BPP_50_1000_0.1_0.8_6.C	23	1.600	10.160	0.201
BPP_50_1000_0.1_0.8_6.C	23	1.600	10.160	0.199
BPP_50_1000_0.1_0.8_6.C	23	1.600	10.160	0.196
BPP_50_1000_0.1_0.8_6.C	23	1.600	10.160	0.201
BPP_50_1000_0.1_0.8_6.C	23	1.600	10.160	0.201
BPP_50_1000_0.1_0.8_6.C	23	1.600	10.160	0.200
BPP_50_1000_0.1_0.8_6.C	23	1.600	10.160	0.199
BPP_50_1000_0.1_0.8_6.C	23	1.600	10.160	0.212
BPP_50_1000_0.1_0.8_6.C	23	1.800	10.280	0.200
BPP_50_1000_0.1_0.8_6.C	23	1.600	10.160	0.200
BPP_50_1000_0.1_0.8_7.C	24	1.400	10.440	0.222
BPP_50_1000_0.1_0.8_7.C	24	1.000	10.200	0.229
BPP_50_1000_0.1_0.8_7.C	24	1.000	10.200	0.221
BPP_50_1000_0.1_0.8_7.C	24	1.000	10.200	0.214
BPP_50_1000_0.1_0.8_7.C	24	1.000	10.200	0.216
BPP_50_1000_0.1_0.8_7.C	24	1.000	10.200	0.213
BPP_50_1000_0.1_0.8_7.C	24	1.000	10.200	0.214
BPP_50_1000_0.1_0.8_7.C	24	1.000	10.200	0.214
BPP_50_1000_0.1_0.8_7.C	24	1.000	10.200	0.218
BPP_50_1000_0.1_0.8_7.C	24	1.000	10.200	0.227
BPP_50_1000_0.1_0.8_8.C	21	2.000	9.600	0.197
BPP_50_1000_0.1_0.8_8.C	21	2.000	9.600	0.204
BPP_50_1000_0.1_0.8_8.C	21	2.000	9.600	0.202
BPP_50_1000_0.1_0.8_8.C	21	2.000	9.600	0.194
BPP_50_1000_0.1_0.8_8.C	21	2.000	9.600	0.196
BPP_50_1000_0.1_0.8_8.C	21	2.000	9.600	0.213
BPP_50_1000_0.1_0.8_8.C	20	2.400	9.440	0.201
BPP_50_1000_0.1_0.8_8.C	21	2.000	9.600	0.199
BPP_50_1000_0.1_0.8_8.C	20	2.400	9.440	0.197
BPP_50_1000_0.1_0.8_8.C	20	2.400	9.440	0.245
BPP_50_1000_0.1_0.8_9.C	23	2.200	10.520	0.225
BPP_50_1000_0.1_0.8_9.C	23	2.200	10.520	0.215
BPP_50_1000_0.1_0.8_9.C	23	2.400	10.640	0.213
BPP_50_1000_0.1_0.8_9.C	23	2.400	10.640	0.212
BPP_50_1000_0.1_0.8_9.C	24	2.000	10.800	0.214
BPP_50_1000_0.1_0.8_9.C	23	2.400	10.640	0.213
BPP_50_1000_0.1_0.8_9.C	23	2.400	10.640	0.213
BPP_50_1000_0.1_0.8_9.C	23	2.400	10.640	0.212
BPP_50_1000_0.1_0.8_9.C	23	2.400	10.640	0.211
BPP_50_1000_0.1_0.8_9.C	23	2.400	10.640	0.211
BPP_50_100_0.1_0.8_0.C	30	0.200	12.120	0.021
BPP_50_100_0.1_0.8_0.C	30	0.200	12.120	0.021
BPP_50_100_0.1_0.8_0.C	30	0.200	12.120	0.021
BPP_50_100_0.1_0.8_0.C	30	0.200	12.120	0.021
BPP_50_100_0.1_0.8_0.C	30	0.200	12.120	0.021
BPP_50_100_0.1_0.8_0.C	30	0.200	12.120	0.021
BPP_50_100_0.1_0.8_0.C	30	0.200	12.120	0.021
BPP_50_100_0.1_0.8_0.C	30	0.200	12.120	0.023
BPP_50_100_0.1_0.8_0.C	30	0.200	12.120	0.021
BPP_50_100_0.1_0.8_0.C	30	0.200	12.120	0.021
BPP_50_100_0.1_0.8_1.C	27	0.600	11.160	0.020
BPP_50_100_0.1_0.8_1.C	27	0.600	11.160	0.019
BPP_50_100_0.1_0.8_1.C	27	0.600	11.160	0.020
BPP_50_100_0.1_0.8_1.C	27	0.600	11.160	0.021
BPP_50_100_0.1_0.8_1.C	27	0.600	11.160	0.021
BPP_50_100_0.1_0.8_1.C	27	0.600	11.160	0.020
BPP_50_100_0.1_0.8_1.C	27	0.600	11.160	0.020
BPP_50_100_0.1_0.8_1.C	27	0.600	11.160	0.021
BPP_50_100_0.1_0.8_1.C	27	0.600	11.160	0.020
BPP_50_100_0.1_0.8_1.C	27	0.600	11.160	0.020
BPP_50_100_0.1_0.8_2.C	24	0.600	9.960	0.018
BPP_50_100_0.1_0.8_2.C	24	0.600	9.960	0.020
BPP_50_100_0.1_0.8_2.C	24	0.800	10.080	0.018
BPP_50_100_0.1_0.8_2.C	24	0.600	9.960	0.018
BPP_50_100_0.1_0.8_2.C	24	0.800	10.080	0.019
BPP_50_100_0.1_0.8_2.C	24	0.800	10.080	0.018
BPP_50_100_0.1_0.8_2.C	24	0.600	9.960	0.019
BPP_50_100_0.1_0.8_2.C	24	1.000	10.200	0.019
BPP_50_100_0.1_0.8_2.C	24	0.800	10.080	0.019
BPP_50_100_0.1_0.8_2.C	24	0.600	9.960	0.019
BPP_50_100_0.1_0.8_3.C	21	0.600	8.760	0.016
BPP_50_100_0.1_0.8_3.C	21	0.600	8.760	0.017
BPP_50_100_0.1_0.8_3.C	21	0.600	8.760	0.016
BPP_50_100_0.1_0.8_3.C	21	0.600	8.760	0.016
BPP_50_100_0.1_0.8_3.C	21	0.600	8.760	0.017
BPP_50_100_0.1_0.8_3.C	21	0.600	8.760	0.016
BPP_50_100_0.1_0.8_3.C	21	0.600	8.760	0.021
BPP_50_100_0.1_0.8_3.C	21	0.600	8.760	0.016
BPP_50_100_0.1_0.8_3.C	21	0.600	8.760	0.017
BPP_50_100_0.1_0.8_3.C	21	0.600	8.760	0.016
BPP_50_100_0.1_0.8_4.C	25	0.600	10.360	0.019
BPP_50_100_0.1_0.8_4.C	26	-0.000	10.400	0.020
BPP_50_100_0.1_0.8_4.C	26	-0.000	10.400	0.020
BPP_50_100_0.1_0.8_4.C	26	-0.000	10.400	0.021
BPP_50_100_0.1_0.8_4.C	25	0.200	10.120	0.020
BPP_50_100_0.1_0.8_4.C	26	-0.000	10.400	0.019
BPP_50_100_0.1_0.8_4.C	26	-0.000	10.400	0.019
BPP_50_100_0.1_0.8_4.C	26	-0.000	10.400	0.019
BPP_50_100_0.1_0.8_4.C	26	-0.000	10.400	0.019
BPP_50_100_0.1_0.8_4.C	26	-0.000	10.400	0.020
BPP_50_100_0.1_0.8_5.C	24	1.000	10.200	0.019
BPP_50_100_0.1_0.8_5.C	24	1.000	10.200	0.018
BPP_50_100_0.1_0.8_5.C	24	1.000	10.200	0.024
BPP_50_100_0.1_0.8_5.C	24	1.000	10.200	0.019
BPP_50_100_0.1_0.8_5.C	24	1.000	10.200	0.017
BPP_50_100_0.1_0.8_5.C	24	1.000	10.200	0.020
BPP_50_100_0.1_0.8_5.C	24	1.000	10.200	0.024
BPP_50_100_0.1_0.8_5.C	24	1.000	10.200	0.030
BPP_50_100_0.1_0.8_5.C	24	1.000	10.200	0.019
BPP_50_100_0.1_0.8_5.C	24	1.000	10.200	0.019
BPP_50_100_0.1_0.8_6.C	25	0.800	10.480	0.019
BPP_50_100_0.1_0.8_6.C	25	0.800	10.480	0.019
BPP_50_100_0.1_0.8_6.C	25	0.800	10.480	0.020
BPP_50_100_0.1_0.8_6.C	25	0.800	10.480	0.019
BPP_50_100_0.1_0.8_6.C	25	0.800	10.480	0.019
BPP_50_100_0.1_0.8_6.C	25	0.800	10.480	0.020
BPP_50_100_0.1_0.8_6.C	25	0.800	10.480	0.019
BPP_50_100_0.1_0.8_6.C	25	1.000	10.600	0.020
BPP_50_100_0.1_0.8_6.C	25	0.800	10.480	0.019
BPP_50_100_0.1_0.8_6.C	25	0.800	10.480	0.019
BPP_50_100_0.1_0.8_7.C	25	2.200	11.320	0.020
BPP_50_100_0.1_0.8_7.C	24	2.600	11.160	0.020
BPP_50_100_0.1_0.8_7.C	25	2.200	11.320	0.020
BPP_50_100_0.1_0.8_7.C	25	2.200	11.320	0.019
BPP_50_100_0.1_0.8_7.C	24	2.800	11.280	0.019
BPP_50_100_0.1_0.8_7.C	24	2.800	11.280	0.019
BPP_50_100_0.1_0.8_7.C	24	2.800	11.280	0.019
BPP_50_100_0.1_0.8_7.C	25	2.200	11.320	0.020
BPP_50_100_0.1_0.8_7.C	25	2.200	11.320	0.019
BPP_50_100_0.1_0.8_7.C	24	2.400	11.040	0.020
BPP_50_100_0.1_0.8_8.C	21	0.400	8.640	0.016
BPP_50_100_0.1_0.8_8.C	21	0.400	8.640	0.016
BPP_50_100_0.1_0.8_8.C	21	0.400	8.640	0.017
BPP_50_100_0.1_0.8_8.C	21	0.400	8.640	0.017
BPP_50_100_0.1_0.8_8.C	21	0.400	8.640	0.016
BPP_50_100_0.1_0.8_8.C	21	0.400	8.640	0.017
BPP_50_100_0.1_0.8_8.C	21	0.400	8.640	0.017
BPP_50_100_0.1_0.8_8.C	21	0.400	8.640	0.017
BPP_50_100_0.1_0.8_8.C	21	0.400	8.640	0.016
BPP_50_100_0.1_0.8_8.C	21	0.400	8.640	0.016
BPP_50_100_0.1_0.8_9.C	24	1.400	10.440	0.018
BPP_50_100_0.1_0.8_9.C	23	1.400	10.040	0.019
BPP_50_100_0.1_0.8_9.C	23	1.400	10.040	0.018
BPP_50_100_0.1_0.8_9.C	23	1.400	10.040	0.018
BPP_50_100_0.1_0.8_9.C	23	1.400	10.040	0.018
BPP_50_100_0.1_0.8_9.C	23	1.400	10.040	0.019
BPP_50_100_0.1_0.8_9.C	23	1.400	10.040	0.018
BPP_50_100_0.1_0.8_9.C	23	1.600	10.160	0.017
BPP_50_100_0.1_0.8_9.C	23	1.600	10.160	0.018
BPP_50_100_0.1_0.8_9.C	23	1.400	10.040	0.019
BPP_50_120_0.1_0.8_0.C	26	1.000	11.000	0.026
BPP_50_120_0.1_0.8_0.C	26	1.000	11.000	0.027
BPP_50_120_0.1_0.8_0.C	25	1.400	10.840	0.028
BPP_50_120_0.1_0.8_0.C	26	1.000	11.000	0.027
BPP_50_120_0.1_0.8_0.C	26	1.000	11.000	0.028
BPP_50_120_0.1_0.8_0.C	26	1.000	11.000	0.027
BPP_50_120_0.1_0.8_0.C	26	1.000	11.000	0.028
BPP_50_120_0.1_0.8_0.C	26	1.000	11.000	0.027
BPP_50_120_0.1_0.8_0.C	25	1.400	10.840	0.027
BPP_50_120_0.1_0.8_0.C	25	1.600	10.960	0.027
BPP_50_120_0.1_0.8_1.C	22	0.000	8.800	0.023
BPP_50_120_0.1_0.8_1.C	22	0.000	8.800	0.024
BPP_50_120_0.1_0.8_1.C	22	0.000	8.800	0.025
BPP_50_120_0.1_0.8_1.C	22	0.000	8.800	0.023
BPP_50_120_0.1_0.8_1.C	21	0.200	8.520	0.022
BPP_50_120_0.1_0.8_1.C	22	0.000	8.800	0.022
BPP_50_120_0.1_0.8_1.C	22	0.000	8.800	0.024
BPP_50_120_0.1_0.8_1.C	22	0.000	8.800	0.022
BPP_50_120_0.1_0.8_1.C	21	-0.000	8.400	0.024
BPP_50_120_0.1_0.8_1.C	21	-0.000	8.400	0.022
BPP_50_120_0.1_0.8_2.C	26	3.000	12.200	0.027
BPP_50_120_0.1_0.8_2.C	26	3.000	12.200	0.026
BPP_50_120_0.1_0.8_2.C	26	3.000	12.200	0.027
BPP_50_120_0.1_0.8_2.C	25	3.200	11.920	0.026
BPP_50_120_0.1_0.8_2.C	26	3.000	12.200	0.027
BPP_50_120_0.1_0.8_2.C	25	3.400	12.040	0.028
BPP_50_120_0.1_0.8_2.C	26	3.000	12.200	0.028
BPP_50_120_0.1_0.8_2.C	25	3.600	12.160	0.027
BPP_50_120_0.1_0.8_2.C	25	3.200	11.920	0.027
BPP_50_120_0.1_0.8_2.C	25	3.200	11.920	0.027
BPP_50_120_0.1_0.8_3.C	23	1.200	9.920	0.025
BPP_50_120_0.1_0.8_3.C	23	1.200	9.920	0.024
BPP_50_120_0.1_0.8_3.C	23	1.200	9.920	0.025
BPP_50_120_0.1_0.8_3.C	23	1.200	9.920	0.025
BPP_50_120_0.1_0.8_3.C	23	1.200	9.920	0.025
BPP_50_120_0.1_0.8_3.C	23	1.200	9.920	0.025
BPP_50_120_0.1_0.8_3.C	23	1.200	9.920	0.025
BPP_50_120_0.1_0.8_3.C	23	1.200	9.920	0.025
BPP_50_120_0.1_0.8_3.C	23	1.200	9.920	0.026
BPP_50_120_0.1_0.8_3.C	23	1.200	9.920	0.024
BPP_50_120_0.1_0.8_4.C	25	5.000	13.000	0.027
BPP_50_120_0.1_0.8_4.C	25	4.600	12.760	0.027
BPP_50_120_0.1_0.8_4.C	26	4.200	12.920	0.027
BPP_50_120_0.1_0.8_4.C	25	5.200	13.120	0.027
BPP_50_120_0.1_0.8_4.C	25	4.800	12.880	0.027
BPP_50_120_0.1_0.8_4.C	25	4.800	12.880	0.026
BPP_50_120_0.1_0.8_4.C	26	4.800	13.280	0.027
BPP_50_120_0.1_0.8_4.C	25	4.800	12.880	0.028
BPP_50_120_0.1_0.8_4.C	26	4.600	13.160	0.027
BPP_50_120_0.1_0.8_4.C	25	4.800	12.880	0.027
BPP_50_120_0.1_0.8_5.C	23	0.400	9.440	0.024
BPP_50_120_0.1_0.8_5.C	23	0.400	9.440	0.025
BPP_50_120_0.1_0.8_5.C	23	0.400	9.440	0.026
BPP_50_120_0.1_0.8_5.C	23	0.400	9.440	0.026
BPP_50_120_0.1_0.8_5.C	23	0.400	9.440	0.027
BPP_50_120_0.1_0.8_5.C	23	0.400	9.440	0.025
BPP_50_120_0.1_0.8_5.C	23	0.400	9.440	0.025
BPP_50_120_0.1_0.8_5.C	23	0.400	9.440	0.025
BPP_50_120_0.1_0.8_5.C	23	0.400	9.440	0.024
BPP_50_120_0.1_0.8_5.C	23	0.400	9.440	0.025
BPP_50_120_0.1_0.8_6.C	22	2.400	10.240	0.025
BPP_50_120_0.1_0.8_6.C	22	2.600	10.360	0.024
BPP_50_120_0.1_0.8_6.C	22	2.600	10.360	0.025
BPP_50_120_0.1_0.8_6.C	22	2.600	10.360	0.025
BPP_50_120_0.1_0.8_6.C	22	2.600	10.360	0.025
BPP_50_120_0.1_0.8_6.C	22	2.600	10.360	0.024
BPP_50_120_0.1_0.8_6.C	22	2.600	10.360	0.025
BPP_50_120_0.1_0.8_6.C	22	2.600	10.360	0.026
BPP_50_120_0.1_0.8_6.C	22	2.600	10.360	0.024
BPP_50_120_0.1_0.8_6.C	22	2.600	10.360	0.025
BPP_50_120_0.1_0.8_7.C	22	5.400	12.040	0.025
BPP_50_120_0.1_0.8_7.C	23	4.600	11.960	0.025
BPP_50_120_0.1_0.8_7.C	23	4.800	12.080	0.026
BPP_50_120_0.1_0.8_7.C	23	4.800	12.080	0.025
BPP_50_120_0.1_0.8_7.C	23	4.600	11.960	0.025
BPP_50_120_0.1_0.8_7.C	23	4.800	12.080	0.024
BPP_50_120_0.1_0.8_7.C	22	5.400	12.040	0.025
BPP_50_120_0.1_0.8_7.C	22	5.400	12.040	0.025
BPP_50_120_0.1_0.8_7.C	23	4.800	12.080	0.025
BPP_50_120_0.1_0.8_7.C	23	4.800	12.080	0.026
BPP_50_120_0.1_0.8_8.C	23	2.400	10.640	0.025
BPP_50_120_0.1_0.8_8.C	23	2.400	10.640	0.026
BPP_50_120_0.1_0.8_8.C	23	2.600	10.760	0.025
BPP_50_120_0.1_0.8_8.C	23	2.400	10.640	0.025
BPP_50_120_0.1_0.8_8.C	23	2.400	10.640	0.024
BPP_50_120_0.1_0.8_8.C	23	2.600	10.760	0.026
BPP_50_120_0.1_0.8_8.C	23	2.800	10.880	0.026
BPP_50_120_0.1_0.8_8.C	23	2.600	10.760	0.025
BPP_50_120_0.1_0.8_8.C	23	2.400	10.640	0.024
BPP_50_120_0.1_0.8_8.C	23	2.600	10.760	0.025
BPP_50_120_0.1_0.8_9.C	22	4.400	11.440	0.024
BPP_50_120_0.1_0.8_9.C	22	4.400	11.440	0.024
BPP_50_120_0.1_0.8_9.C	22	4.800	11.680	0.024
BPP_50_120_0.1_0.8_9.C	22	4.600	11.560	0.024
BPP_50_120_0.1_0.8_9.C	22	4.400	11.440	0.024
BPP_50_120_0.1_0.8_9.C	22	4.400	11.440	0.024
BPP_50_120_0.1_0.8_9.C	22	4.400	11.440	0.025
BPP_50_120_0.1_0.8_9.C	22	4.600	11.560	0.026
BPP_50_120_0.1_0.8_9.C	22	4.400	11.440	0.025
BPP_50_120_0.1_0.8_9.C	22	4.400	11.440	0.024
BPP_50_125_0.1_0.8_0.C	27	1.600	11.760	0.031
BPP_50_125_0.1_0.8_0.C	27	1.600	11.760	0.030
BPP_50_125_0.1_0.8_0.C	27	1.400	11.640	0.031
BPP_50_125_0.1_0.8_0.C	27	1.200	11.520	0.030
BPP_50_125_0.1_0.8_0.C	27	1.000	11.400	0.029
BPP_50_125_0.1_0.8_0.C	27	1.000	11.400	0.031
BPP_50_125_0.1_0.8_0.C	27	1.600	11.760	0.030
BPP_50_125_0.1_0.8_0.C	28	1.000	11.800	0.030
BPP_50_125_0.1_0.8_0.C	27	1.200	11.520	0.031
BPP_50_125_0.1_0.8_0.C	28	1.000	11.800	0.031
BPP_50_125_0.1_0.8_1.C	24	0.800	10.080	0.026
BPP_50_125_0.1_0.8_1.C	24	0.800	10.080	0.026
BPP_50_125_0.1_0.8_1.C	24	0.800	10.080	0.026
BPP_50_125_0.1_0.8_1.C	24	0.800	10.080	0.027
BPP_50_125_0.1_0.8_1.C	24	0.800	10.080	0.026
BPP_50_125_0.1_0.8_1.C	24	0.800	10.080	0.026
BPP_50_125_0.1_0.8_1.C	24	0.800	10.080	0.026
BPP_50_125_0.1_0.8_1.C	24	0.800	10.080	0.027
BPP_50_125_0.1_0.8_1.C	24	0.800	10.080	0.026
BPP_50_125_0.1_0.8_1.C	24	0.800	10.080	0.027
BPP_50_125_0.1_0.8_2.C	21	1.200	9.120	0.026
BPP_50_125_0.1_0.8_2.C	21	1.200	9.120	0.025
BPP_50_125_0.1_0.8_2.C	22	0.800	9.280	0.025
BPP_50_125_0.1_0.8_2.C	21	1.400	9.240	0.025
BPP_50_125_0.1_0.8_2.C	22	0.800	9.280	0.025
BPP_50_125_0.1_0.8_2.C	22	0.800	9.280	0.026
BPP_50_125_0.1_0.8_2.C	21	1.400	9.240	0.026
BPP_50_125_0.1_0.8_2.C	22	0.800	9.280	0.025
BPP_50_125_0.1_0.8_2.C	22	0.800	9.280	0.024
BPP_50_125_0.1_0.8_2.C	22	0.800	9.280	0.026
BPP_50_125_0.1_0.8_3.C	30	3.600	14.160	0.030
BPP_50_125_0.1_0.8_3.C	30	3.400	14.040	0.030
BPP_50_125_0.1_0.8_3.C	29	3.800	13.880	0.032
BPP_50_125_0.1_0.8_3.C	30	3.400	14.040	0.031
BPP_50_125_0.1_0.8_3.C	30	3.400	14.040	0.032
BPP_50_125_0.1_0.8_3.C	29	3.800	13.880	0.030
BPP_50_125_0.1_0.8_3.C	29	3.800	13.880	0.030
BPP_50_125_0.1_0.8_3.C	30	3.600	14.160	0.031
BPP_50_125_0.1_0.8_3.C	30	3.400	14.040	0.031
BPP_50_125_0.1_0.8_3.C	30	3.400	14.040	0.031
BPP_50_125_0.1_0.8_4.C	25	1.800	11.080	0.029
BPP_50_125_0.1_0.8_4.C	25	1.800	11.080	0.028
BPP_50_125_0.1_0.8_4.C	25	1.800	11.080	0.049
BPP_50_125_0.1_0.8_4.C	25	1.800	11.080	0.029
BPP_50_125_0.1_0.8_4.C	25	1.800	11.080	0.028
BPP_50_125_0.1_0.8_4.C	25	2.000	11.200	0.028
BPP_50_125_0.1_0.8_4.C	25	1.800	11.080	0.028
BPP_50_125_0.1_0.8_4.C	25	1.800	11.080	0.028
BPP_50_125_0.1_0.8_4.C	25	1.800	11.080	0.029
BPP_50_125_0.1_0.8_4.C	25	1.800	11.080	0.029
BPP_50_125_0.1_0.8_5.C	31	2.600	13.960	0.031
BPP_50_125_0.1_0.8_5.C	31	2.600	13.960	0.032
BPP_50_125_0.1_0.8_5.C	31	2.600	13.960	0.033
BPP_50_125_0.1_0.8_5.C	31	2.600	13.960	0.031
BPP_50_125_0.1_0.8_5.C	31	2.600	13.960	0.032
BPP_50_125_0.1_0.8_5.C	31	2.600	13.960	0.032
BPP_50_125_0.1_0.8_5.C	31	2.600	13.960	0.032
BPP_50_125_0.1_0.8_5.C	31	2.600	13.960	0.032
BPP_50_125_0.1_0.8_5.C	31	2.600	13.960	0.033
BPP_50_125_0.1_0.8_5.C	31	2.600	13.960	0.032
BPP_50_125_0.1_0.8_6.C	27	2.400	12.240	0.029
BPP_50_125_0.1_0.8_6.C	26	3.000	12.200	0.028
BPP_50_125_0.1_0.8_6.C	26	3.000	12.200	0.030
BPP_50_125_0.1_0.8_6.C	26	3.000	12.200	0.029
BPP_50_125_0.1_0.8_6.C	26	3.000	12.200	0.029
BPP_50_125_0.1_0.8_6.C	26	3.000	12.200	0.030
BPP_50_125_0.1_0.8_6.C	26	3.000	12.200	0.029
BPP_50_125_0.1_0.8_6.C	27	2.400	12.240	0.028
BPP_50_125_0.1_0.8_6.C	27	2.400	12.240	0.029
BPP_50_125_0.1_0.8_6.C	26	3.000	12.200	0.031
BPP_50_125_0.1_0.8_7.C	27	3.000	12.600	0.029
BPP_50_125_0.1_0.8_7.C	27	2.800	12.480	0.028
BPP_50_125_0.1_0.8_7.C	27	2.800	12.480	0.029
BPP_50_125_0.1_0.8_7.C	27	2.800	12.480	0.029
BPP_50_125_0.1_0.8_7.C	27	2.800	12.480	0.029
BPP_50_125_0.1_0.8_7.C	27	3.000	12.600	0.029
BPP_50_125_0.1_0.8_7.C	27	2.800	12.480	0.029
BPP_50_125_0.1_0.8_7.C	27	2.800	12.480	0.029
BPP_50_125_0.1_0.8_7.C	27	2.800	12.480	0.030
BPP_50_125_0.1_0.8_7.C	27	2.800	12.480	0.030
BPP_50_125_0.1_0.8_8.C	22	2.600	10.360	0.024
BPP_50_125_0.1_0.8_8.C	22	2.600	10.360	0.025
BPP_50_125_0.1_0.8_8.C	22	2.600	10.360	0.024
BPP_50_125_0.1_0.8_8.C	22	2.600	10.360	0.024
BPP_50_125_0.1_0.8_8.C	22	2.600	10.360	0.024
BPP_50_125_0.1_0.8_8.C	22	2.600	10.360	0.025
BPP_50_125_0.1_0.8_8.C	22	2.600	10.360	0.025
BPP_50_125_0.1_0.8_8.C	22	2.600	10.360	0.024
BPP_50_125_0.1_0.8_8.C	22	2.600	10.360	0.024
BPP_50_125_0.1_0.8_8.C	22	2.600	10.360	0.025
BPP_50_125_0.1_0.8_9.C	25	3.400	12.040	0.028
BPP_50_125_0.1_0.8_9.C	25	3.600	12.160	0.027
BPP_50_125_0.1_0.8_9.C	25	3.600	12.160	0.027
BPP_50_125_0.1_0.8_9.C	25	3.600	12.160	0.028
BPP_50_125_0.1_0.8_9.C	25	3.600	12.160	0.028
BPP_50_125_0.1_0.8_9.C	25	3.600	12.160	0.028
BPP_50_125_0.1_0.8_9.C	25	3.600	12.160	0.027
BPP_50_125_0.1_0.8_9.C	25	3.600	12.160	0.029
BPP_50_125_0.1_0.8_9.C	25	3.600	12.160	0.028
BPP_50_125_0.1_0.8_9.C	25	3.400	12.040	0.028
BPP_50_150_0.1_0.8_0.C	23	0.400	9.440	0.034
BPP_50_150_0.1_0.8_0.C	23	0.400	9.440	0.034
BPP_50_150_0.1_0.8_0.C	23	0.400	9.440	0.035
BPP_50_150_0.1_0.8_0.C	23	0.400	9.440	0.035
BPP_50_150_0.1_0.8_0.C	23	0.400	9.440	0.034
BPP_50_150_0.1_0.8_0.C	23	0.400	9.440	0.034
BPP_50_150_0.1_0.8_0.C	23	0.400	9.440	0.034
BPP_50_150_0.1_0.8_0.C	23	0.400	9.440	0.034
BPP_50_150_0.1_0.8_0.C	23	0.400	9.440	0.034
BPP_50_150_0.1_0.8_0.C	23	0.400	9.440	0.033
BPP_50_150_0.1_0.8_1.C	28	1.400	12.040	0.039
BPP_50_150_0.1_0.8_1.C	28	1.400	12.040	0.039
BPP_50_150_0.1_0.8_1.C	28	1.400	12.040	0.038
BPP_50_150_0.1_0.8_1.C	28	1.400	12.040	0.039
BPP_50_150_0.1_0.8_1.C	28	1.400	12.040	0.038
BPP_50_150_0.1_0.8_1.C	28	1.400	12.040	0.038
BPP_50_150_0.1_0.8_1.C	28	1.400	12.040	0.039
BPP_50_150_0.1_0.8_1.C	28	1.400	12.040	0.039
BPP_50_150_0.1_0.8_1.C	28	1.400	12.040	0.040
BPP_50_150_0.1_0.8_1.C	28	1.400	12.040	0.039
BPP_50_150_0.1_0.8_2.C	25	3.000	11.800	0.035
BPP_50_150_0.1_0.8_2.C	25	3.000	11.800	0.036
BPP_50_150_0.1_0.8_2.C	25	3.000	11.800	0.036
BPP_50_150_0.1_0.8_2.C	25	3.200	11.920	0.036
BPP_50_150_0.1_0.8_2.C	25	3.200	11.920	0.036
BPP_50_150_0.1_0.8_2.C	25	3.000	11.800	0.036
BPP_50_150_0.1_0.8_2.C	25	3.000	11.800	0.039
BPP_50_150_0.1_0.8_2.C	25	3.000	11.800	0.036
BPP_50_150_0.1_0.8_2.C	25	3.000	11.800	0.036
BPP_50_150_0.1_0.8_2.C	25	3.000	11.800	0.036
BPP_50_150_0.1_0.8_3.C	26	3.200	12.320	0.036
BPP_50_150_0.1_0.8_3.C	25	3.800	12.280	0.036
BPP_50_150_0.1_0.8_3.C	25	3.600	12.160	0.036
BPP_50_150_0.1_0.8_3.C	26	3.200	12.320	0.035
BPP_50_150_0.1_0.8_3.C	25	3.600	12.160	0.036
BPP_50_150_0.1_0.8_3.C	25	3.600	12.160	0.036
BPP_50_150_0.1_0.8_3.C	25	3.600	12.160	0.037
BPP_50_150_0.1_0.8_3.C	25	3.600	12.160	0.037
BPP_50_150_0.1_0.8_3.C	25	3.600	12.160	0.036
BPP_50_150_0.1_0.8_3.C	25	3.600	12.160	0.036
BPP_50_150_0.1_0.8_4.C	21	0.800	8.880	0.029
BPP_50_150_0.1_0.8_4.C	21	0.800	8.880	0.029
BPP_50_150_0.1_0.8_4.C	21	0.800	8.880	0.031
BPP_50_150_0.1_0.8_4.C	21	0.800	8.880	0.031
BPP_50_150_0.1_0.8_4.C	21	0.800	8.880	0.032
BPP_50_150_0.1_0.8_4.C	21	0.800	8.880	0.030
BPP_50_150_0.1_0.8_4.C	21	0.800	8.880	0.030
BPP_50_150_0.1_0.8_4.C	21	0.800	8.880	0.029
BPP_50_150_0.1_0.8_4.C	21	0.800	8.880	0.031
BPP_50_150_0.1_0.8_4.C	21	0.800	8.880	0.030
BPP_50_150_0.1_0.8_5.C	25	1.400	10.840	0.035
BPP_50_150_0.1_0.8_5.C	25	1.400	10.840	0.036
BPP_50_150_0.1_0.8_5.C	25	1.400	10.840	0.047
BPP_50_150_0.1_0.8_5.C	25	1.400	10.840	0.035
BPP_50_150_0.1_0.8_5.C	25	1.400	10.840	0.034
BPP_50_150_0.1_0.8_5.C	25	1.400	10.840	0.035
BPP_50_150_0.1_0.8_5.C	25	1.400	10.840	0.035
BPP_50_150_0.1_0.8_5.C	25	1.400	10.840	0.035
BPP_50_150_0.1_0.8_5.C	25	1.400	10.840	0.036
BPP_50_150_0.1_0.8_5.C	25	1.400	10.840	0.035
BPP_50_150_0.1_0.8_6.C	22	1.400	9.640	0.033
BPP_50_150_0.1_0.8_6.C	22	1.400	9.640	0.031
BPP_50_150_0.1_0.8_6.C	22	1.400	9.640	0.032
BPP_50_150_0.1_0.8_6.C	22	1.400	9.640	0.032
BPP_50_150_0.1_0.8_6.C	22	1.400	9.640	0.032
BPP_50_150_0.1_0.8_6.C	22	1.400	9.640	0.032
BPP_50_150_0.1_0.8_6.C	22	1.400	9.640	0.032
BPP_50_150_0.1_0.8_6.C	22	1.400	9.640	0.032
BPP_50_150_0.1_0.8_6.C	22	1.400	9.640	0.032
BPP_50_150_0.1_0.8_6.C	22	1.400	9.640	0.035
BPP_50_150_0.1_0.8_7.C	23	1.400	10.040	0.035
BPP_50_150_0.1_0.8_7.C	23	1.400	10.040	0.035
BPP_50_150_0.1_0.8_7.C	23	1.400	10.040	0.035
BPP_50_150_0.1_0.8_7.C	23	1.400	10.040	0.034
BPP_50_150_0.1_0.8_7.C	23	1.400	10.040	0.036
BPP_50_150_0.1_0.8_7.C	23	1.400	10.040	0.035
BPP_50_150_0.1_0.8_7.C	23	1.400	10.040	0.035
BPP_50_150_0.1_0.8_7.C	23	1.400	10.040	0.036
BPP_50_150_0.1_0.8_7.C	23	1.400	10.040	0.033
BPP_50_150_0.1_0.8_7.C	23	1.400	10.040	0.035
BPP_50_150_0.1_0.8_8.C	23	0.800	9.680	0.032
BPP_50_150_0.1_0.8_8.C	23	0.800	9.680	0.033
BPP_50_150_0.1_0.8_8.C	23	0.800	9.680	0.031
BPP_50_150_0.1_0.8_8.C	23	0.800	9.680	0.032
BPP_50_150_0.1_0.8_8.C	23	0.800	9.680	0.033
BPP_50_150_0.1_0.8_8.C	23	0.800	9.680	0.032
BPP_50_150_0.1_0.8_8.C	23	0.800	9.680	0.033
BPP_50_150_0.1_0.8_8.C	23	0.800	9.680	0.031
BPP_50_150_0.1_0.8_8.C	23	0.800	9.680	0.033
BPP_50_150_0.1_0.8_8.C	23	0.800	9.680	0.032
BPP_50_150_0.1_0.8_9.C	23	1.400	10.040	0.034
BPP_50_150_0.1_0.8_9.C	23	1.400	10.040	0.033
BPP_50_150_0.1_0.8_9.C	23	1.400	10.040	0.034
BPP_50_150_0.1_0.8_9.C	23	1.400	10.040	0.034
BPP_50_150_0.1_0.8_9.C	23	1.400	10.040	0.034
BPP_50_150_0.1_0.8_9.C	23	1.400	10.040	0.034
BPP_50_150_0.1_0.8_9.C	23	1.400	10.040	0.034
BPP_50_150_0.1_0.8_9.C	23	1.400	10.040	0.033
BPP_50_150_0.1_0.8_9.C	23	1.400	10.040	0.034
BPP_50_150_0.1_0.8_9.C	23	1.400	10.040	0.033
BPP_50_200_0.1_0.8_0.C	24	2.800	11.280	0.046
BPP_50_200_0.1_0.8_0.C	24	2.800	11.280	0.045
BPP_50_200_0.1_0.8_0.C	24	2.800	11.280	0.045
BPP_50_200_0.1_0.8_0.C	24	2.800	11.280	0.046
BPP_50_200_0.1_0.8_0.C	24	2.800	11.280	0.047
BPP_50_200_0.1_0.8_0.C	24	2.800	11.280	0.046
BPP_50_200_0.1_0.8_0.C	24	2.800	11.280	0.045
BPP_50_200_0.1_0.8_0.C	24	2.800	11.280	0.047
BPP_50_200_0.1_0.8_0.C	24	2.800	11.280	0.045
BPP_50_200_0.1_0.8_0.C	24	2.800	11.280	0.046
BPP_50_200_0.1_0.8_1.C	25	0.200	10.120	0.046
BPP_50_200_0.1_0.8_1.C	25	0.200	10.120	0.045
BPP_50_200_0.1_0.8_1.C	25	0.200	10.120	0.046
BPP_50_200_0.1_0.8_1.C	25	0.200	10.120	0.045
BPP_50_200_0.1_0.8_1.C	25	0.200	10.120	0.045
BPP_50_200_0.1_0.8_1.C	25	0.200	10.120	0.046
BPP_50_200_0.1_0.8_1.C	25	0.200	10.120	0.045
BPP_50_200_0.1_0.8_1.C	25	0.200	10.120	0.046
BPP_50_200_0.1_0.8_1.C	25	0.200	10.120	0.047
BPP_50_200_0.1_0.8_1.C	25	0.200	10.120	0.047
BPP_50_200_0.1_0.8_2.C	21	0.200	8.520	0.042
BPP_50_200_0.1_0.8_2.C	21	0.200	8.520	0.042
BPP_50_200_0.1_0.8_2.C	21	0.200	8.520	0.043
BPP_50_200_0.1_0.8_2.C	21	0.200	8.520	0.043
BPP_50_200_0.1_0.8_2.C	21	0.200	8.520	0.044
BPP_50_200_0.1_0.8_2.C	21	0.200	8.520	0.042
BPP_50_200_0.1_0.8_2.C	21	0.200	8.520	0.043
BPP_50_200_0.1_0.8_2.C	21	0.200	8.520	0.051
BPP_50_200_0.1_0.8_2.C	21	0.200	8.520	0.043
BPP_50_200_0.1_0.8_2.C	21	0.200	8.520	0.042
BPP_50_200_0.1_0.8_3.C	23	0.200	9.320	0.044
BPP_50_200_0.1_0.8_3.C	23	0.200	9.320	0.043
BPP_50_200_0.1_0.8_3.C	23	0.200	9.320	0.043
BPP_50_200_0.1_0.8_3.C	23	0.200	9.320	0.042
BPP_50_200_0.1_0.8_3.C	23	0.200	9.320	0.043
BPP_50_200_0.1_0.8_3.C	23	0.200	9.320	0.043
BPP_50_200_0.1_0.8_3.C	23	0.200	9.320	0.043
BPP_50_200_0.1_0.8_3.C	23	0.200	9.320	0.044
BPP_50_200_0.1_0.8_3.C	23	0.200	9.320	0.045
BPP_50_200_0.1_0.8_3.C	23	0.200	9.320	0.043
BPP_50_200_0.1_0.8_4.C	26	1.000	11.000	0.046
BPP_50_200_0.1_0.8_4.C	26	1.000	11.000	0.048
BPP_50_200_0.1_0.8_4.C	26	1.000	11.000	0.047
BPP_50_200_0.1_0.8_4.C	26	1.000	11.000	0.048
BPP_50_200_0.1_0.8_4.C	26	1.000	11.000	0.047
BPP_50_200_0.1_0.8_4.C	26	1.000	11.000	0.047
BPP_50_200_0.1_0.8_4.C	26	1.000	11.000	0.048
BPP_50_200_0.1_0.8_4.C	26	1.000	11.000	0.047
BPP_50_200_0.1_0.8_4.C	26	1.000	11.000	0.048
BPP_50_200_0.1_0.8_4.C	26	1.000	11.000	0.047
BPP_50_200_0.1_0.8_5.C	31	1.400	13.240	0.055
BPP_50_200_0.1_0.8_5.C	31	1.400	13.240	0.055
BPP_50_200_0.1_0.8_5.C	30	2.000	13.200	0.055
BPP_50_200_0.1_0.8_5.C	30	2.000	13.200	0.055
BPP_50_200_0.1_0.8_5.C	30	2.000	13.200	0.055
BPP_50_200_0.1_0.8_5.C	31	1.400	13.240	0.054
BPP_50_200_0.1_0.8_5.C	30	2.000	13.200	0.054
BPP_50_200_0.1_0.8_5.C	30	2.000	13.200	0.055
BPP_50_200_0.1_0.8_5.C	30	2.000	13.200	0.055
BPP_50_200_0.1_0.8_5.C	30	2.000	13.200	0.057
BPP_50_200_0.1_0.8_6.C	23	0.600	9.560	0.043
BPP_50_200_0.1_0.8_6.C	23	0.600	9.560	0.043
BPP_50_200_0.1_0.8_6.C	23	0.600	9.560	0.044
BPP_50_200_0.1_0.8_6.C	23	0.600	9.560	0.043
BPP_50_200_0.1_0.8_6.C	23	0.600	9.560	0.044
BPP_50_200_0.1_0.8_6.C	23	0.600	9.560	0.042
BPP_50_200_0.1_0.8_6.C	23	0.600	9.560	0.043
BPP_50_200_0.1_0.8_6.C	23	0.600	9.560	0.044
BPP_50_200_0.1_0.8_6.C	23	0.600	9.560	0.043
BPP_50_200_0.1_0.8_6.C	23	0.600	9.560	0.042
BPP_50_200_0.1_0.8_7.C	24	4.200	12.120	0.046
BPP_50_200_0.1_0.8_7.C	24	4.200	12.120	0.047
BPP_50_200_0.1_0.8_7.C	24	4.200	12.120	0.046
BPP_50_200_0.1_0.8_7.C	24	4.200	12.120	0.045
BPP_50_200_0.1_0.8_7.C	23	4.800	12.080	0.044
BPP_50_200_0.1_0.8_7.C	23	4.800	12.080	0.046
BPP_50_200_0.1_0.8_7.C	24	4.200	12.120	0.045
BPP_50_200_0.1_0.8_7.C	24	4.200	12.120	0.045
BPP_50_200_0.1_0.8_7.C	24	4.200	12.120	0.045
BPP_50_200_0.1_0.8_7.C	24	4.200	12.120	0.047
BPP_50_200_0.1_0.8_8.C	25	0.400	10.240	0.044
BPP_50_200_0.1_0.8_8.C	25	0.400	10.240	0.044
BPP_50_200_0.1_0.8_8.C	25	0.400	10.240	0.048
BPP_50_200_0.1_0.8_8.C	25	0.400	10.240	0.045
BPP_50_200_0.1_0.8_8.C	25	0.400	10.240	0.043
BPP_50_200_0.1_0.8_8.C	25	0.400	10.240	0.045
BPP_50_200_0.1_0.8_8.C	25	0.400	10.240	0.044
BPP_50_200_0.1_0.8_8.C	25	0.400	10.240	0.043
BPP_50_200_0.1_0.8_8.C	25	0.400	10.240	0.044
BPP_50_200_0.1_0.8_8.C	24	0.400	9.840	0.043
BPP_50_200_0.1_0.8_9.C	23	5.200	12.320	0.046
BPP_50_200_0.1_0.8_9.C	23	5.400	12.440	0.046
BPP_50_200_0.1_0.8_9.C	25	4.200	12.520	0.046
BPP_50_200_0.1_0.8_9.C	24	4.600	12.360	0.045
BPP_50_200_0.1_0.8_9.C	24	4.800	12.480	0.046
BPP_50_200_0.1_0.8_9.C	24	4.800	12.480	0.047
BPP_50_200_0.1_0.8_9.C	24	4.800	12.480	0.046
BPP_50_200_0.1_0.8_9.C	24	4.600	12.360	0.046
BPP_50_200_0.1_0.8_9.C	25	4.200	12.520	0.046
BPP_50_200_0.1_0.8_9.C	24	4.800	12.480	0.048
BPP_50_300_0.1_0.8_0.C	25	2.800	11.680	0.072
BPP_50_300_0.1_0.8_0.C	25	2.800	11.680	0.075
BPP_50_300_0.1_0.8_0.C	25	2.800	11.680	0.072
BPP_50_300_0.1_0.8_0.C	25	2.800	11.680	0.073
BPP_50_300_0.1_0.8_0.C	25	2.800	11.680	0.074
BPP_50_300_0.1_0.8_0.C	25	2.800	11.680	0.073
BPP_50_300_0.1_0.8_0.C	25	2.800	11.680	0.073
BPP_50_300_0.1_0.8_0.C	25	2.800	11.680	0.074
BPP_50_300_0.1_0.8_0.C	25	2.800	11.680	0.073
BPP_50_300_0.1_0.8_0.C	25	2.800	11.680	0.076
BPP_50_300_0.1_0.8_1.C	24	2.800	11.280	0.070
BPP_50_300_0.1_0.8_1.C	24	2.800	11.280	0.071
BPP_50_300_0.1_0.8_1.C	24	2.800	11.280	0.071
BPP_50_300_0.1_0.8_1.C	24	2.600	11.160	0.070
BPP_50_300_0.1_0.8_1.C	24	2.800	11.280	0.069
BPP_50_300_0.1_0.8_1.C	24	2.800	11.280	0.070
BPP_50_300_0.1_0.8_1.C	24	2.800	11.280	0.070
BPP_50_300_0.1_0.8_1.C	24	2.000	10.800	0.070
BPP_50_300_0.1_0.8_1.C	24	2.800	11.280	0.070
BPP_50_300_0.1_0.8_1.C	24	2.800	11.280	0.072
BPP_50_300_0.1_0.8_2.C	26	4.200	12.920	0.075
BPP_50_300_0.1_0.8_2.C	26	4.000	12.800	0.078
BPP_50_300_0.1_0.8_2.C	27	3.400	12.840	0.077
BPP_50_300_0.1_0.8_2.C	27	3.400	12.840	0.076
BPP_50_300_0.1_0.8_2.C	27	3.400	12.840	0.077
BPP_50_300_0.1_0.8_2.C	27	3.400	12.840	0.076
BPP_50_300_0.1_0.8_2.C	27	3.400	12.840	0.076
BPP_50_300_0.1_0.8_2.C	27	3.400	12.840	0.077
BPP_50_300_0.1_0.8_2.C	27	3.400	12.840	0.078
BPP_50_300_0.1_0.8_2.C	26	3.800	12.680	0.078
BPP_50_300_0.1_0.8_3.C	26	3.000	12.200	0.076
BPP_50_300_0.1_0.8_3.C	26	3.000	12.200	0.076
BPP_50_300_0.1_0.8_3.C	26	3.000	12.200	0.075
BPP_50_300_0.1_0.8_3.C	26	3.000	12.200	0.075
BPP_50_300_0.1_0.8_3.C	26	3.000	12.200	0.076
BPP_50_300_0.1_0.8_3.C	26	3.000	12.200	0.074
BPP_50_300_0.1_0.8_3.C	25	3.200	11.920	0.078
BPP_50_300_0.1_0.8_3.C	26	3.000	12.200	0.075
BPP_50_300_0.1_0.8_3.C	26	3.000	12.200	0.076
BPP_50_300_0.1_0.8_3.C	26	3.000	12.200	0.076
BPP_50_300_0.1_0.8_4.C	28	3.800	13.480	0.078
BPP_50_300_0.1_0.8_4.C	28	3.800	13.480	0.080
BPP_50_300_0.1_0.8_4.C	28	3.800	13.480	0.077
BPP_50_300_0.1_0.8_4.C	28	3.800	13.480	0.078
BPP_50_300_0.1_0.8_4.C	28	3.800	13.480	0.077
BPP_50_300_0.1_0.8_4.C	28	3.800	13.480	0.077
BPP_50_300_0.1_0.8_4.C	28	3.800	13.480	0.079
BPP_50_300_0.1_0.8_4.C	28	3.800	13.480	0.078
BPP_50_300_0.1_0.8_4.C	28	3.800	13.480	0.079
BPP_50_300_0.1_0.8_4.C	28	3.800	13.480	0.077
BPP_50_300_0.1_0.8_5.C	23	4.000	11.600	0.066
BPP_50_300_0.1_0.8_5.C	23	4.000	11.600	0.065
BPP_50_300_0.1_0.8_5.C	23	4.000	11.600	0.065
BPP_50_300_0.1_0.8_5.C	23	4.000	11.600	0.065
BPP_50_300_0.1_0.8_5.C	23	4.000	11.600	0.065
BPP_50_300_0.1_0.8_5.C	23	4.000	11.600	0.066
BPP_50_300_0.1_0.8_5.C	23	4.000	11.600	0.066
BPP_50_300_0.1_0.8_5.C	23	4.000	11.600	0.064
BPP_50_300_0.1_0.8_5.C	23	4.000	11.600	0.065
BPP_50_300_0.1_0.8_5.C	23	4.000	11.600	0.065
BPP_50_300_0.1_0.8_6.C	22	3.800	11.080	0.063
BPP_50_300_0.1_0.8_6.C	21	3.800	10.680	0.064
BPP_50_300_0.1_0.8_6.C	21	3.800	10.680	0.062
BPP_50_300_0.1_0.8_6.C	21	4.000	10.800	0.064
BPP_50_300_0.1_0.8_6.C	21	3.800	10.680	0.062
BPP_50_300_0.1_0.8_6.C	21	3.800	10.680	0.064
BPP_50_300_0.1_0.8_6.C	21	3.800	10.680	0.063
BPP_50_300_0.1_0.8_6.C	21	3.800	10.680	0.063
BPP_50_300_0.1_0.8_6.C	21	3.800	10.680	0.064
BPP_50_300_0.1_0.8_6.C	21	4.200	10.920	0.061
BPP_50_300_0.1_0.8_7.C	28	3.200	13.120	0.077
BPP_50_300_0.1_0.8_7.C	28	3.000	13.000	0.080
BPP_50_300_0.1_0.8_7.C	28	3.000	13.000	0.077
BPP_50_300_0.1_0.8_7.C	28	3.200	13.120	0.078
BPP_50_300_0.1_0.8_7.C	28	3.200	13.120	0.078
BPP_50_300_0.1_0.8_7.C	28	3.200	13.120	0.077
BPP_50_300_0.1_0.8_7.C	28	3.200	13.120	0.077
BPP_50_300_0.1_0.8_7.C	28	3.000	13.000	0.077
BPP_50_300_0.1_0.8_7.C	28	3.200	13.120	0.080
BPP_50_300_0.1_0.8_7.C	28	3.200	13.120	0.077
BPP_50_300_0.1_0.8_8.C	29	3.000	13.400	0.081
BPP_50_300_0.1_0.8_8.C	29	3.000	13.400	0.082
BPP_50_300_0.1_0.8_8.C	29	3.000	13.400	0.080
BPP_50_300_0.1_0.8_8.C	29	3.000	13.400	0.081
BPP_50_300_0.1_0.8_8.C	29	3.000	13.400	0.079
BPP_50_300_0.1_0.8_8.C	29	3.000	13.400	0.080
BPP_50_300_0.1_0.8_8.C	29	3.000	13.400	0.079
BPP_50_300_0.1_0.8_8.C	29	3.000	13.400	0.080
BPP_50_300_0.1_0.8_8.C	29	3.000	13.400	0.083
BPP_50_300_0.1_0.8_8.C	29	3.000	13.400	0.080
BPP_50_300_0.1_0.8_9.C	28	1.800	12.280	0.080
BPP_50_300_0.1_0.8_9.C	28	2.000	12.400	0.079
BPP_50_300_0.1_0.8_9.C	28	2.400	12.640	0.078
BPP_50_300_0.1_0.8_9.C	28	1.800	12.280	0.078
BPP_50_300_0.1_0.8_9.C	28	1.800	12.280	0.077
BPP_50_300_0.1_0.8_9.C	28	2.400	12.640	0.079
BPP_50_300_0.1_0.8_9.C	28	1.800	12.280	0.077
BPP_50_300_0.1_0.8_9.C	28	1.800	12.280	0.077
BPP_50_300_0.1_0.8_9.C	28	1.800	12.280	0.078
BPP_50_300_0.1_0.8_9.C	28	1.800	12.280	0.079
BPP_50_400_0.1_0.8_0.C	22	0.200	8.920	0.095
BPP_50_400_0.1_0.8_0.C	22	0.200	8.920	0.092
BPP_50_400_0.1_0.8_0.C	22	0.200	8.920	0.092
BPP_50_400_0.1_0.8_0.C	22	0.200	8.920	0.094
BPP_50_400_0.1_0.8_0.C	22	0.200	8.920	0.091
BPP_50_400_0.1_0.8_0.C	22	0.200	8.920	0.092
BPP_50_400_0.1_0.8_0.C	22	0.200	8.920	0.092
BPP_50_400_0.1_0.8_0.C	22	0.200	8.920	0.091
BPP_50_400_0.1_0.8_0.C	22	0.200	8.920	0.092
BPP_50_400_0.1_0.8_0.C	22	0.200	8.920	0.093
BPP_50_400_0.1_0.8_1.C	29	0.200	11.720	0.112
BPP_50_400_0.1_0.8_1.C	29	0.200	11.720	0.111
BPP_50_400_0.1_0.8_1.C	29	0.200	11.720	0.111
BPP_50_400_0.1_0.8_1.C	29	0.200	11.720	0.111
BPP_50_400_0.1_0.8_1.C	29	0.200	11.720	0.113
BPP_50_400_0.1_0.8_1.C	29	0.200	11.720	0.110
BPP_50_400_0.1_0.8_1.C	29	0.200	11.720	0.112
BPP_50_400_0.1_0.8_1.C	29	0.200	11.720	0.122
BPP_50_400_0.1_0.8_1.C	29	0.200	11.720	0.111
BPP_50_400_0.1_0.8_1.C	29	0.200	11.720	0.112
BPP_50_400_0.1_0.8_2.C	23	1.400	10.040	0.097
BPP_50_400_0.1_0.8_2.C	23	1.200	9.920	0.100
BPP_50_400_0.1_0.8_2.C	23	1.200	9.920	0.098
BPP_50_400_0.1_0.8_2.C	23	1.400	10.040	0.098
BPP_50_400_0.1_0.8_2.C	23	1.200	9.920	0.098
BPP_50_400_0.1_0.8_2.C	23	1.400	10.040	0.097
BPP_50_400_0.1_0.8_2.C	23	1.400	10.040	0.095
BPP_50_400_0.1_0.8_2.C	23	1.200	9.920	0.097
BPP_50_400_0.1_0.8_2.C	23	1.400	10.040	0.097
BPP_50_400_0.1_0.8_2.C	23	1.400	10.040	0.099
BPP_50_400_0.1_0.8_3.C	24	2.800	11.280	0.100
BPP_50_400_0.1_0.8_3.C	24	2.600	11.160	0.097
BPP_50_400_0.1_0.8_3.C	24	2.800	11.280	0.098
BPP_50_400_0.1_0.8_3.C	24	2.600	11.160	0.099
BPP_50_400_0.1_0.8_3.C	24	2.800	11.280	0.101
BPP_50_400_0.1_0.8_3.C	24	3.000	11.400	0.100
BPP_50_400_0.1_0.8_3.C	24	2.200	10.920	0.099
BPP_50_400_0.1_0.8_3.C	24	2.800	11.280	0.100
BPP_50_400_0.1_0.8_3.C	24	2.600	11.160	0.099
BPP_50_400_0.1_0.8_3.C	24	2.600	11.160	0.099
BPP_50_400_0.1_0.8_4.C	21	1.200	9.120	0.082
BPP_50_400_0.1_0.8_4.C	21	1.200	9.120	0.082
BPP_50_400_0.1_0.8_4.C	21	1.200	9.120	0.082
BPP_50_400_0.1_0.8_4.C	21	1.200	9.120	0.081
BPP_50_400_0.1_0.8_4.C	21	1.200	9.120	0.082
BPP_50_400_0.1_0.8_4.C	21	1.200	9.120	0.082
BPP_50_400_0.1_0.8_4.C	21	1.200	9.120	0.082
BPP_50_400_0.1_0.8_4.C	21	1.200	9.120	0.082
BPP_50_400_0.1_0.8_4.C	21	1.200	9.120	0.081
BPP_50_400_0.1_0.8_4.C	21	1.200	9.120	0.082
BPP_50_400_0.1_0.8_5.C	27	4.000	13.200	0.112
BPP_50_400_0.1_0.8_5.C	28	3.600	13.360	0.117
BPP_50_400_0.1_0.8_5.C	26	4.800	13.280	0.110
BPP_50_400_0.1_0.8_5.C	27	4.000	13.200	0.111
BPP_50_400_0.1_0.8_5.C	26	4.800	13.280	0.112
BPP_50_400_0.1_0.8_5.C	27	4.000	13.200	0.113
BPP_50_400_0.1_0.8_5.C	27	4.000	13.200	0.111
BPP_50_400_0.1_0.8_5.C	28	3.600	13.360	0.112
BPP_50_400_0.1_0.8_5.C	26	4.800	13.280	0.111
BPP_50_400_0.1_0.8_5.C	26	4.600	13.160	0.110
BPP_50_400_0.1_0.8_6.C	27	6.800	14.880	0.107
BPP_50_400_0.1_0.8_6.C	26	7.400	14.840	0.108
BPP_50_400_0.1_0.8_6.C	26	7.600	14.960	0.107
BPP_50_400_0.1_0.8_6.C	26	7.400	14.840	0.107
BPP_50_400_0.1_0.8_6.C	27	6.800	14.880	0.107
BPP_50_400_0.1_0.8_6.C	26	7.400	14.840	0.109
BPP_50_400_0.1_0.8_6.C	27	6.800	14.880	0.105
BPP_50_400_0.1_0.8_6.C	27	6.800	14.880	0.111
BPP_50_400_0.1_0.8_6.C	26	7.400	14.840	0.108
BPP_50_400_0.1_0.8_6.C	26	7.400	14.840	0.111
BPP_50_400_0.1_0.8_7.C	24	1.200	10.320	0.098
BPP_50_400_0.1_0.8_7.C	24	1.200	10.320	0.097
BPP_50_400_0.1_0.8_7.C	24	1.200	10.320	0.099
BPP_50_400_0.1_0.8_7.C	24	1.200	10.320	0.099
BPP_50_400_0.1_0.8_7.C	24	1.200	10.320	0.099
BPP_50_400_0.1_0.8_7.C	24	1.200	10.320	0.101
BPP_50_400_0.1_0.8_7.C	24	1.200	10.320	0.099
BPP_50_400_0.1_0.8_7.C	24	1.200	10.320	0.097
BPP_50_400_0.1_0.8_7.C	24	1.200	10.320	0.100
BPP_50_400_0.1_0.8_7.C	24	1.200	10.320	0.097
BPP_50_400_0.1_0.8_8.C	30	6.000	15.600	0.116
BPP_50_400_0.1_0.8_8.C	30	6.000	15.600	0.117
BPP_50_400_0.1_0.8_8.C	30	6.000	15.600	0.115
BPP_50_400_0.1_0.8_8.C	30	6.000	15.600	0.117
BPP_50_400_0.1_0.8_8.C	29	6.400	15.440	0.116
BPP_50_400_0.1_0.8_8.C	30	6.000	15.600	0.117
BPP_50_400_0.1_0.8_8.C	30	6.000	15.600	0.115
BPP_50_400_0.1_0.8_8.C	30	6.000	15.600	0.115
BPP_50_400_0.1_0.8_8.C	30	6.000	15.600	0.115
BPP_50_400_0.1_0.8_8.C	30	6.000	15.600	0.117
BPP_50_400_0.1_0.8_9.C	25	6.000	13.600	0.105
BPP_50_400_0.1_0.8_9.C	25	5.800	13.480	0.100
BPP_50_400_0.1_0.8_9.C	24	6.800	13.680	0.102
BPP_50_400_0.1_0.8_9.C	25	6.000	13.600	0.108
BPP_50_400_0.1_0.8_9.C	25	6.000	13.600	0.100
BPP_50_400_0.1_0.8_9.C	25	6.000	13.600	0.101
BPP_50_400_0.1_0.8_9.C	25	5.800	13.480	0.101
BPP_50_400_0.1_0.8_9.C	25	6.000	13.600	0.103
BPP_50_400_0.1_0.8_9.C	25	6.000	13.600	0.099
BPP_50_400_0.1_0.8_9.C	25	6.000	13.600	0.100
BPP_50_500_0.1_0.8_0.C	25	2.800	11.680	0.119
BPP_50_500_0.1_0.8_0.C	25	3.000	11.800	0.118
BPP_50_500_0.1_0.8_0.C	25	2.800	11.680	0.119
BPP_50_500_0.1_0.8_0.C	25	3.000	11.800	0.119
BPP_50_500_0.1_0.8_0.C	25	2.800	11.680	0.119
BPP_50_500_0.1_0.8_0.C	25	2.800	11.680	0.119
BPP_50_500_0.1_0.8_0.C	25	3.000	11.800	0.118
BPP_50_500_0.1_0.8_0.C	25	3.200	11.920	0.118
BPP_50_500_0.1_0.8_0.C	25	2.800	11.680	0.119
BPP_50_500_0.1_0.8_0.C	25	3.200	11.920	0.118
BPP_50_500_0.1_0.8_1.C	25	-0.000	10.000	0.112
BPP_50_500_0.1_0.8_1.C	25	-0.000	10.000	0.110
BPP_50_500_0.1_0.8_1.C	25	-0.000	10.000	0.110
BPP_50_500_0.1_0.8_1.C	25	-0.000	10.000	0.114
BPP_50_500_0.1_0.8_1.C	25	-0.000	10.000	0.110
BPP_50_500_0.1_0.8_1.C	25	-0.000	10.000	0.111
BPP_50_500_0.1_0.8_1.C	25	-0.000	10.000	0.111
BPP_50_500_0.1_0.8_1.C	25	-0.000	10.000	0.110
BPP_50_500_0.1_0.8_1.C	25	-0.000	10.000	0.110
BPP_50_500_0.1_0.8_1.C	25	-0.000	10.000	0.111
BPP_50_500_0.1_0.8_2.C	26	1.400	11.240	0.117
BPP_50_500_0.1_0.8_2.C	26	1.400	11.240	0.116
BPP_50_500_0.1_0.8_2.C	26	1.400	11.240	0.115
BPP_50_500_0.1_0.8_2.C	26	1.400	11.240	0.117
BPP_50_500_0.1_0.8_2.C	26	1.600	11.360	0.117
BPP_50_500_0.1_0.8_2.C	26	1.400	11.240	0.115
BPP_50_500_0.1_0.8_2.C	26	1.400	11.240	0.115
BPP_50_500_0.1_0.8_2.C	26	1.400	11.240	0.115
BPP_50_500_0.1_0.8_2.C	26	1.400	11.240	0.116
BPP_50_500_0.1_0.8_2.C	26	1.400	11.240	0.115
BPP_50_500_0.1_0.8_3.C	22	3.200	10.720	0.105
BPP_50_500_0.1_0.8_3.C	22	3.000	10.600	0.103
BPP_50_500_0.1_0.8_3.C	22	3.000	10.600	0.103
BPP_50_500_0.1_0.8_3.C	22	3.200	10.720	0.105
BPP_50_500_0.1_0.8_3.C	22	3.000	10.600	0.103
BPP_50_500_0.1_0.8_3.C	22	3.000	10.600	0.104
BPP_50_500_0.1_0.8_3.C	22	3.200	10.720	0.104
BPP_50_500_0.1_0.8_3.C	22	3.000	10.600	0.105
BPP_50_500_0.1_0.8_3.C	22	3.200	10.720	0.103
BPP_50_500_0.1_0.8_3.C	22	3.000	10.600	0.106
BPP_50_500_0.1_0.8_4.C	22	1.400	9.640	0.100
BPP_50_500_0.1_0.8_4.C	22	1.400	9.640	0.099
BPP_50_500_0.1_0.8_4.C	22	1.400	9.640	0.099
BPP_50_500_0.1_0.8_4.C	22	1.400	9.640	0.100
BPP_50_500_0.1_0.8_4.C	22	1.400	9.640	0.101
BPP_50_500_0.1_0.8_4.C	22	1.400	9.640	0.100
BPP_50_500_0.1_0.8_4.C	22	1.400	9.640	0.099
BPP_50_500_0.1_0.8_4.C	22	1.400	9.640	0.101
BPP_50_500_0.1_0.8_4.C	22	1.400	9.640	0.099
BPP_50_500_0.1_0.8_4.C	22	1.400	9.640	0.099
BPP_50_500_0.1_0.8_5.C	26	2.600	11.960	0.119
BPP_50_500_0.1_0.8_5.C	26	2.600	11.960	0.118
BPP_50_500_0.1_0.8_5.C	26	2.600	11.960	0.118
BPP_50_500_0.1_0.8_5.C	26	2.600	11.960	0.119
BPP_50_500_0.1_0.8_5.C	26	2.600	11.960	0.119
BPP_50_500_0.1_0.8_5.C	26	2.600	11.960	0.119
BPP_50_500_0.1_0.8_5.C	26	2.600	11.960	0.119
BPP_50_500_0.1_0.8_5.C	26	2.600	11.960	0.119
BPP_50_500_0.1_0.8_5.C	26	2.600	11.960	0.118
BPP_50_500_0.1_0.8_5.C	26	2.600	11.960	0.118
BPP_50_500_0.1_0.8_6.C	23	0.800	9.680	0.109
BPP_50_500_0.1_0.8_6.C	23	0.800	9.680	0.109
BPP_50_500_0.1_0.8_6.C	23	0.800	9.680	0.109
BPP_50_500_0.1_0.8_6.C	23	0.800	9.680	0.110
BPP_50_500_0.1_0.8_6.C	23	0.800	9.680	0.110
BPP_50_500_0.1_0.8_6.C	23	0.800	9.680	0.109
BPP_50_500_0.1_0.8_6.C	23	0.800	9.680	0.110
BPP_50_500_0.1_0.8_6.C	23	0.800	9.680	0.111
BPP_50_500_0.1_0.8_6.C	23	0.800	9.680	0.109
BPP_50_500_0.1_0.8_6.C	23	0.800	9.680	0.108
BPP_50_500_0.1_0.8_7.C	27	1.200	11.520	0.120
BPP_50_500_0.1_0.8_7.C	27	1.200	11.520	0.118
BPP_50_500_0.1_0.8_7.C	27	1.200	11.520	0.118
BPP_50_500_0.1_0.8_7.C	27	1.200	11.520	0.119
BPP_50_500_0.1_0.8_7.C	27	1.200	11.520	0.121
BPP_50_500_0.1_0.8_7.C	27	1.200	11.520	0.118
BPP_50_500_0.1_0.8_7.C	27	1.200	11.520	0.118
BPP_50_500_0.1_0.8_7.C	27	1.200	11.520	0.120
BPP_50_500_0.1_0.8_7.C	27	1.200	11.520	0.120
BPP_50_500_0.1_0.8_7.C	27	1.200	11.520	0.131
BPP_50_500_0.1_0.8_8.C	27	1.800	11.880	0.124
BPP_50_500_0.1_0.8_8.C	27	1.800	11.880	0.122
BPP_50_500_0.1_0.8_8.C	27	1.800	11.880	0.122
BPP_50_500_0.1_0.8_8.C	27	1.800	11.880	0.121
BPP_50_500_0.1_0.8_8.C	27	1.800	11.880	0.122
BPP_50_500_0.1_0.8_8.C	27	1.800	11.880	0.142
BPP_50_500_0.1_0.8_8.C	27	1.800	11.880	0.124
BPP_50_500_0.1_0.8_8.C	27	1.800	11.880	0.122
BPP_50_500_0.1_0.8_8.C	27	1.800	11.880	0.122
BPP_50_500_0.1_0.8_8.C	27	1.800	11.880	0.123
BPP_50_500_0.1_0.8_9.C	25	0.800	10.480	0.120
BPP_50_500_0.1_0.8_9.C	25	0.800	10.480	0.120
BPP_50_500_0.1_0.8_9.C	25	0.800	10.480	0.117
BPP_50_500_0.1_0.8_9.C	25	0.800	10.480	0.116
BPP_50_500_0.1_0.8_9.C	25	0.800	10.480	0.117
BPP_50_500_0.1_0.8_9.C	25	0.800	10.480	0.117
BPP_50_500_0.1_0.8_9.C	25	0.800	10.480	0.117
BPP_50_500_0.1_0.8_9.C	25	0.800	10.480	0.118
BPP_50_500_0.1_0.8_9.C	25	0.800	10.480	0.121
BPP_50_500_0.1_0.8_9.C	25	0.800	10.480	0.117
BPP_50_50_0.1_0.8_0.C	24	3.200	11.520	0.013
BPP_50_50_0.1_0.8_0.C	24	3.200	11.520	0.013
BPP_50_50_0.1_0.8_0.C	25	2.800	11.680	0.013
BPP_50_50_0.1_0.8_0.C	24	3.200	11.520	0.013
BPP_50_50_0.1_0.8_0.C	25	2.800	11.680	0.013
BPP_50_50_0.1_0.8_0.C	24	3.200	11.520	0.013
BPP_50_50_0.1_0.8_0.C	24	3.400	11.640	0.014
BPP_50_50_0.1_0.8_0.C	24	3.400	11.640	0.013
BPP_50_50_0.1_0.8_0.C	24	3.200	11.520	0.013
BPP_50_50_0.1_0.8_0.C	25	2.800	11.680	0.014
BPP_50_50_0.1_0.8_1.C	29	1.000	12.200	0.014
BPP_50_50_0.1_0.8_1.C	29	1.000	12.200	0.015
BPP_50_50_0.1_0.8_1.C	29	1.000	12.200	0.013
BPP_50_50_0.1_0.8_1.C	29	1.000	12.200	0.014
BPP_50_50_0.1_0.8_1.C	29	1.000	12.200	0.013
BPP_50_50_0.1_0.8_1.C	29	1.000	12.200	0.014
BPP_50_50_0.1_0.8_1.C	29	1.000	12.200	0.013
BPP_50_50_0.1_0.8_1.C	29	1.000	12.200	0.014
BPP_50_50_0.1_0.8_1.C	29	1.000	12.200	0.013
BPP_50_50_0.1_0.8_1.C	29	1.000	12.200	0.014
BPP_50_50_0.1_0.8_2.C	26	2.400	11.840	0.013
BPP_50_50_0.1_0.8_2.C	26	2.400	11.840	0.013
BPP_50_50_0.1_0.8_2.C	26	2.400	11.840	0.013
BPP_50_50_0.1_0.8_2.C	26	2.400	11.840	0.013
BPP_50_50_0.1_0.8_2.C	26	2.400	11.840	0.013
BPP_50_50_0.1_0.8_2.C	26	2.400	11.840	0.013
BPP_50_50_0.1_0.8_2.C	26	2.400	11.840	0.014
BPP_50_50_0.1_0.8_2.C	26	2.400	11.840	0.013
BPP_50_50_0.1_0.8_2.C	26	2.400	11.840	0.013
BPP_50_50_0.1_0.8_2.C	26	2.400	11.840	0.013
BPP_50_50_0.1_0.8_3.C	21	1.600	9.360	0.011
BPP_50_50_0.1_0.8_3.C	21	1.600	9.360	0.012
BPP_50_50_0.1_0.8_3.C	21	1.600	9.360	0.011
BPP_50_50_0.1_0.8_3.C	21	1.600	9.360	0.012
BPP_50_50_0.1_0.8_3.C	21	1.800	9.480	0.012
BPP_50_50_0.1_0.8_3.C	21	1.600	9.360	0.011
BPP_50_50_0.1_0.8_3.C	21	1.600	9.360	0.011
BPP_50_50_0.1_0.8_3.C	21	1.600	9.360	0.011
BPP_50_50_0.1_0.8_3.C	21	1.600	9.360	0.011
BPP_50_50_0.1_0.8_3.C	21	1.600	9.360	0.011
BPP_50_50_0.1_0.8_4.C	25	3.800	12.280	0.013
BPP_50_50_0.1_0.8_4.C	25	3.800	12.280	0.013
BPP_50_50_0.1_0.8_4.C	25	3.800	12.280	0.013
BPP_50_50_0.1_0.8_4.C	25	3.800	12.280	0.013
BPP_50_50_0.1_0.8_4.C	25	3.800	12.280	0.013
BPP_50_50_0.1_0.8_4.C	25	3.800	12.280	0.014
BPP_50_50_0.1_0.8_4.C	25	3.800	12.280	0.013
BPP_50_50_0.1_0.8_4.C	25	3.800	12.280	0.013
BPP_50_50_0.1_0.8_4.C	25	3.800	12.280	0.013
BPP_50_50_0.1_0.8_4.C	25	3.800	12.280	0.013
BPP_50_50_0.1_0.8_5.C	25	2.600	11.560	0.013
BPP_50_50_0.1_0.8_5.C	25	2.600	11.560	0.013
BPP_50_50_0.1_0.8_5.C	25	2.800	11.680	0.013
BPP_50_50_0.1_0.8_5.C	25	2.600	11.560	0.013
BPP_50_50_0.1_0.8_5.C	25	3.000	11.800	0.013
BPP_50_50_0.1_0.8_5.C	25	2.800	11.680	0.013
BPP_50_50_0.1_0.8_5.C	25	3.000	11.800	0.013
BPP_50_50_0.1_0.8_5.C	25	2.800	11.680	0.013
BPP_50_50_0.1_0.8_5.C	25	2.800	11.680	0.013
BPP_50_50_0.1_0.8_5.C	25	3.000	11.800	0.013
BPP_50_50_0.1_0.8_6.C	24	4.400	12.240	0.014
BPP_50_50_0.1_0.8_6.C	24	4.400	12.240	0.013
BPP_50_50_0.1_0.8_6.C	25	3.800	12.280	0.013
BPP_50_50_0.1_0.8_6.C	25	3.800	12.280	0.013
BPP_50_50_0.1_0.8_6.C	25	3.800	12.280	0.013
BPP_50_50_0.1_0.8_6.C	24	4.400	12.240	0.013
BPP_50_50_0.1_0.8_6.C	24	4.200	12.120	0.013
BPP_50_50_0.1_0.8_6.C	24	4.200	12.120	0.013
BPP_50_50_0.1_0.8_6.C	24	4.200	12.120	0.013
BPP_50_50_0.1_0.8_6.C	25	3.800	12.280	0.013
BPP_50_50_0.1_0.8_7.C	26	4.200	12.920	0.014
BPP_50_50_0.1_0.8_7.C	26	4.400	13.040	0.013
BPP_50_50_0.1_0.8_7.C	26	4.400	13.040	0.013
BPP_50_50_0.1_0.8_7.C	26	4.400	13.040	0.013
BPP_50_50_0.1_0.8_7.C	26	4.400	13.040	0.015
BPP_50_50_0.1_0.8_7.C	25	4.600	12.760	0.013
BPP_50_50_0.1_0.8_7.C	26	4.400	13.040	0.014
BPP_50_50_0.1_0.8_7.C	26	4.200	12.920	0.013
BPP_50_50_0.1_0.8_7.C	26	4.400	13.040	0.014
BPP_50_50_0.1_0.8_7.C	26	4.200	12.920	0.015
BPP_50_50_0.1_0.8_8.C	24	3.000	11.400	0.013
BPP_50_50_0.1_0.8_8.C	24	2.800	11.280	0.013
BPP_50_50_0.1_0.8_8.C	24	3.000	11.400	0.013
BPP_50_50_0.1_0.8_8.C	24	2.800	11.280	0.013
BPP_50_50_0.1_0.8_8.C	24	3.000	11.400	0.013
BPP_50_50_0.1_0.8_8.C	24	2.800	11.280	0.013
BPP_50_50_0.1_0.8_8.C	24	3.000	11.400	0.013
BPP_50_50_0.1_0.8_8.C	23	3.400	11.240	0.012
BPP_50_50_0.1_0.8_8.C	24	2.800	11.280	0.013
BPP_50_50_0.1_0.8_8.C	23	3.400	11.240	0.013
BPP_50_50_0.1_0.8_9.C	25	4.400	12.640	0.013
BPP_50_50_0.1_0.8_9.C	25	4.200	12.520	0.013
BPP_50_50_0.1_0.8_9.C	25	4.400	12.640	0.013
BPP_50_50_0.1_0.8_9.C	25	4.400	12.640	0.013
BPP_50_50_0.1_0.8_9.C	25	4.400	12.640	0.013
BPP_50_50_0.1_0.8_9.C	25	4.400	12.640	0.014
BPP_50_50_0.1_0.8_9.C	25	4.400	12.640	0.013
BPP_50_50_0.1_0.8_9.C	25	4.400	12.640	0.014
BPP_50_50_0.1_0.8_9.C	25	4.400	12.640	0.013
BPP_50_50_0.1_0.8_9.C	25	4.400	12.640	0.014
BPP_50_750_0.1_0.8_0.C	31	5.000	15.400	0.206
BPP_50_750_0.1_0.8_0.C	31	5.000	15.400	0.210
BPP_50_750_0.1_0.8_0.C	31	4.800	15.280	0.200
BPP_50_750_0.1_0.8_0.C	31	4.800	15.280	0.202
BPP_50_750_0.1_0.8_0.C	31	5.000	15.400	0.204
BPP_50_750_0.1_0.8_0.C	31	5.000	15.400	0.210
BPP_50_750_0.1_0.8_0.C	31	5.000	15.400	0.201
BPP_50_750_0.1_0.8_0.C	31	5.000	15.400	0.202
BPP_50_750_0.1_0.8_0.C	31	5.000	15.400	0.201
BPP_50_750_0.1_0.8_0.C	31	5.000	15.400	0.201
BPP_50_750_0.1_0.8_1.C	23	4.400	11.840	0.155
BPP_50_750_0.1_0.8_1.C	23	4.600	11.960	0.153
BPP_50_750_0.1_0.8_1.C	23	4.400	11.840	0.157
BPP_50_750_0.1_0.8_1.C	23	4.200	11.720	0.157
BPP_50_750_0.1_0.8_1.C	23	3.800	11.480	0.164
BPP_50_750_0.1_0.8_1.C	23	4.200	11.720	0.159
BPP_50_750_0.1_0.8_1.C	23	4.200	11.720	0.156
BPP_50_750_0.1_0.8_1.C	23	4.200	11.720	0.157
BPP_50_750_0.1_0.8_1.C	23	4.400	11.840	0.159
BPP_50_750_0.1_0.8_1.C	23	4.200	11.720	0.155
BPP_50_750_0.1_0.8_2.C	27	0.000	10.800	0.167
BPP_50_750_0.1_0.8_2.C	27	0.000	10.800	0.168
BPP_50_750_0.1_0.8_2.C	27	0.000	10.800	0.179
BPP_50_750_0.1_0.8_2.C	27	0.000	10.800	0.198
BPP_50_750_0.1_0.8_2.C	27	0.000	10.800	0.168
BPP_50_750_0.1_0.8_2.C	27	0.000	10.800	0.169
BPP_50_750_0.1_0.8_2.C	27	0.000	10.800	0.166
BPP_50_750_0.1_0.8_2.C	27	0.000	10.800	0.169
BPP_50_750_0.1_0.8_2.C	27	0.000	10.800	0.170
BPP_50_750_0.1_0.8_2.C	27	0.000	10.800	0.169
BPP_50_750_0.1_0.8_3.C	26	-0.000	10.400	0.175
BPP_50_750_0.1_0.8_3.C	26	-0.000	10.400	0.167
BPP_50_750_0.1_0.8_3.C	26	-0.000	10.400	0.168
BPP_50_750_0.1_0.8_3.C	26	-0.000	10.400	0.166
BPP_50_750_0.1_0.8_3.C	26	-0.000	10.400	0.166
BPP_50_750_0.1_0.8_3.C	26	-0.000	10.400	0.167
BPP_50_750_0.1_0.8_3.C	26	-0.000	10.400	0.170
BPP_50_750_0.1_0.8_3.C	26	-0.000	10.400	0.167
BPP_50_750_0.1_0.8_3.C	26	-0.000	10.400	0.166
BPP_50_750_0.1_0.8_3.C	26	-0.000	10.400	0.168
BPP_50_750_0.1_0.8_4.C	24	0.000	9.600	0.161
BPP_50_750_0.1_0.8_4.C	24	0.000	9.600	0.170
BPP_50_750_0.1_0.8_4.C	24	0.000	9.600	0.159
BPP_50_750_0.1_0.8_4.C	24	0.000	9.600	0.164
BPP_50_750_0.1_0.8_4.C	24	0.000	9.600	0.160
BPP_50_750_0.1_0.8_4.C	24	0.000	9.600	0.160
BPP_50_750_0.1_0.8_4.C	24	0.000	9.600	0.165
BPP_50_750_0.1_0.8_4.C	24	0.000	9.600	0.162
BPP_50_750_0.1_0.8_4.C	24	0.000	9.600	0.162
BPP_50_750_0.1_0.8_4.C	24	0.000	9.600	0.166
BPP_50_750_0.1_0.8_5.C	25	-0.000	10.000	0.165
BPP_50_750_0.1_0.8_5.C	25	-0.000	10.000	0.168
BPP_50_750_0.1_0.8_5.C	25	-0.000	10.000	0.167
BPP_50_750_0.1_0.8_5.C	25	-0.000	10.000	0.166
BPP_50_750_0.1_0.8_5.C	25	-0.000	10.000	0.164
BPP_50_750_0.1_0.8_5.C	25	-0.000	10.000	0.165
BPP_50_750_0.1_0.8_5.C	25	-0.000	10.000	0.165
BPP_50_750_0.1_0.8_5.C	25	-0.000	10.000	0.169
BPP_50_750_0.1_0.8_5.C	25	-0.000	10.000	0.163
BPP_50_750_0.1_0.8_5.C	25	-0.000	10.000	0.181
BPP_50_750_0.1_0.8_6.C	25	-0.000	10.000	0.165
BPP_50_750_0.1_0.8_6.C	25	-0.000	10.000	0.167
BPP_50_750_0.1_0.8_6.C	25	-0.000	10.000	0.203
BPP_50_750_0.1_0.8_6.C	25	-0.000	10.000	0.164
BPP_50_750_0.1_0.8_6.C	25	-0.000	10.000	0.164
BPP_50_750_0.1_0.8_6.C	25	-0.000	10.000	0.166
BPP_50_750_0.1_0.8_6.C	25	-0.000	10.000	0.164
BPP_50_750_0.1_0.8_6.C	25	-0.000	10.000	0.163
BPP_50_750_0.1_0.8_6.C	25	-0.000	10.000	0.164
BPP_50_750_0.1_0.8_6.C	25	-0.000	10.000	0.166
BPP_50_750_0.1_0.8_7.C	27	2.800	12.480	0.185
BPP_50_750_0.1_0.8_7.C	27	2.800	12.480	0.188
BPP_50_750_0.1_0.8_7.C	27	3.000	12.600	0.188
BPP_50_750_0.1_0.8_7.C	27	3.000	12.600	0.188
BPP_50_750_0.1_0.8_7.C	27	3.000	12.600	0.185
BPP_50_750_0.1_0.8_7.C	27	2.800	12.480	0.186
BPP_50_750_0.1_0.8_7.C	27	3.000	12.600	0.186
BPP_50_750_0.1_0.8_7.C	27	3.000	12.600	0.188
BPP_50_750_0.1_0.8_7.C	27	3.000	12.600	0.193
BPP_50_750_0.1_0.8_7.C	27	3.000	12.600	0.185
BPP_50_750_0.1_0.8_8.C	25	0.600	10.360	0.165
BPP_50_750_0.1_0.8_8.C	25	0.400	10.240	0.164
BPP_50_750_0.1_0.8_8.C	25	0.600	10.360	0.165
BPP_50_750_0.1_0.8_8.C	25	0.400	10.240	0.165
BPP_50_750_0.1_0.8_8.C	25	0.400	10.240	0.163
BPP_50_750_0.1_0.8_8.C	25	0.600	10.360	0.165
BPP_50_750_0.1_0.8_8.C	25	0.400	10.240	0.173
BPP_50_750_0.1_0.8_8.C	25	0.400	10.240	0.163
BPP_50_750_0.1_0.8_8.C	25	0.400	10.240	0.166
BPP_50_750_0.1_0.8_8.C	25	0.400	10.240	0.164
BPP_50_750_0.1_0.8_9.C	21	0.200	8.520	0.153
BPP_50_750_0.1_0.8_9.C	21	0.200	8.520	0.151
BPP_50_750_0.1_0.8_9.C	21	0.200	8.520	0.156
BPP_50_750_0.1_0.8_9.C	21	0.200	8.520	0.153
BPP_50_750_0.1_0.8_9.C	21	0.200	8.520	0.151
BPP_50_750_0.1_0.8_9.C	21	0.200	8.520	0.151
BPP_50_750_0.1_0.8_9.C	21	0.200	8.520	0.154
BPP_50_750_0.1_0.8_9.C	21	0.200	8.520	0.154
BPP_50_750_0.1_0.8_9.C	21	0.200	8.520	0.155
BPP_50_750_0.1_0.8_9.C	21	0.200	8.520	0.154
BPP_50_75_0.1_0.8_0.C	26	0.800	10.880	0.015
BPP_50_75_0.1_0.8_0.C	27	0.200	10.920	0.015
BPP_50_75_0.1_0.8_0.C	26	0.600	10.760	0.015
BPP_50_75_0.1_0.8_0.C	26	0.600	10.760	0.015
BPP_50_75_0.1_0.8_0.C	26	0.800	10.880	0.015
BPP_50_75_0.1_0.8_0.C	27	0.200	10.920	0.015
BPP_50_75_0.1_0.8_0.C	26	0.800	10.880	0.015
BPP_50_75_0.1_0.8_0.C	26	0.800	10.880	0.015
BPP_50_75_0.1_0.8_0.C	26	0.800	10.880	0.015
BPP_50_75_0.1_0.8_0.C	26	0.800	10.880	0.015
BPP_50_75_0.1_0.8_1.C	29	1.600	12.560	0.017
BPP_50_75_0.1_0.8_1.C	29	1.600	12.560	0.017
BPP_50_75_0.1_0.8_1.C	29	1.600	12.560	0.017
BPP_50_75_0.1_0.8_1.C	29	1.600	12.560	0.016
BPP_50_75_0.1_0.8_1.C	29	1.600	12.560	0.019
BPP_50_75_0.1_0.8_1.C	29	1.600	12.560	0.016
BPP_50_75_0.1_0.8_1.C	29	1.600	12.560	0.016
BPP_50_75_0.1_0.8_1.C	29	1.600	12.560	0.016
BPP_50_75_0.1_0.8_1.C	29	1.600	12.560	0.016
BPP_50_75_0.1_0.8_1.C	29	1.600	12.560	0.016
BPP_50_75_0.1_0.8_2.C	23	1.600	10.160	0.014
BPP_50_75_0.1_0.8_2.C	23	1.800	10.280	0.014
BPP_50_75_0.1_0.8_2.C	23	1.800	10.280	0.014
BPP_50_75_0.1_0.8_2.C	23	1.800	10.280	0.015
BPP_50_75_0.1_0.8_2.C	23	1.800	10.280	0.014
BPP_50_75_0.1_0.8_2.C	23	1.800	10.280	0.014
BPP_50_75_0.1_0.8_2.C	23	1.800	10.280	0.014
BPP_50_75_0.1_0.8_2.C	23	1.800	10.280	0.014
BPP_50_75_0.1_0.8_2.C	23	1.600	10.160	0.015
BPP_50_75_0.1_0.8_2.C	23	1.800	10.280	0.014
BPP_50_75_0.1_0.8_3.C	24	6.400	13.440	0.015
BPP_50_75_0.1_0.8_3.C	24	6.400	13.440	0.015
BPP_50_75_0.1_0.8_3.C	24	6.400	13.440	0.015
BPP_50_75_0.1_0.8_3.C	23	7.000	13.400	0.015
BPP_50_75_0.1_0.8_3.C	23	7.000	13.400	0.015
BPP_50_75_0.1_0.8_3.C	23	7.000	13.400	0.015
BPP_50_75_0.1_0.8_3.C	23	7.000	13.400	0.015
BPP_50_75_0.1_0.8_3.C	23	7.000	13.400	0.015
BPP_50_75_0.1_0.8_3.C	23	7.000	13.400	0.015
BPP_50_75_0.1_0.8_3.C	23	7.200	13.520	0.015
BPP_50_75_0.1_0.8_4.C	29	5.600	14.960	0.017
BPP_50_75_0.1_0.8_4.C	29	5.600	14.960	0.017
BPP_50_75_0.1_0.8_4.C	29	5.600	14.960	0.017
BPP_50_75_0.1_0.8_4.C	29	5.600	14.960	0.017
BPP_50_75_0.1_0.8_4.C	29	5.600	14.960	0.017
BPP_50_75_0.1_0.8_4.C	29	5.600	14.960	0.016
BPP_50_75_0.1_0.8_4.C	29	5.600	14.960	0.017
BPP_50_75_0.1_0.8_4.C	29	5.600	14.960	0.016
BPP_50_75_0.1_0.8_4.C	29	5.600	14.960	0.017
BPP_50_75_0.1_0.8_4.C	29	5.600	14.960	0.017
BPP_50_75_0.1_0.8_5.C	27	1.400	11.640	0.015
BPP_50_75_0.1_0.8_5.C	26	2.000	11.600	0.015
BPP_50_75_0.1_0.8_5.C	26	1.800	11.480	0.016
BPP_50_75_0.1_0.8_5.C	26	1.800	11.480	0.015
BPP_50_75_0.1_0.8_5.C	26	1.800	11.480	0.015
BPP_50_75_0.1_0.8_5.C	26	1.800	11.480	0.015
BPP_50_75_0.1_0.8_5.C	26	2.000	11.600	0.016
BPP_50_75_0.1_0.8_5.C	27	1.400	11.640	0.015
BPP_50_75_0.1_0.8_5.C	27	1.400	11.640	0.015
BPP_50_75_0.1_0.8_5.C	26	1.800	11.480	0.015
BPP_50_75_0.1_0.8_6.C	22	1.000	9.400	0.013
BPP_50_75_0.1_0.8_6.C	22	1.000	9.400	0.013
BPP_50_75_0.1_0.8_6.C	22	1.000	9.400	0.014
BPP_50_75_0.1_0.8_6.C	22	1.000	9.400	0.014
BPP_50_75_0.1_0.8_6.C	22	1.000	9.400	0.014
BPP_50_75_0.1_0.8_6.C	22	1.000	9.400	0.014
BPP_50_75_0.1_0.8_6.C	22	1.000	9.400	0.014
BPP_50_75_0.1_0.8_6.C	22	1.000	9.400	0.014
BPP_50_75_0.1_0.8_6.C	22	1.000	9.400	0.014
BPP_50_75_0.1_0.8_6.C	22	1.000	9.400	0.014
BPP_50_75_0.1_0.8_7.C	23	0.400	9.440	0.013
BPP_50_75_0.1_0.8_7.C	23	0.400	9.440	0.014
BPP_50_75_0.1_0.8_7.C	23	0.400	9.440	0.014
BPP_50_75_0.1_0.8_7.C	23	0.400	9.440	0.014
BPP_50_75_0.1_0.8_7.C	23	0.400	9.440	0.013
BPP_50_75_0.1_0.8_7.C	23	0.400	9.440	0.014
BPP_50_75_0.1_0.8_7.C	23	0.400	9.440	0.013
BPP_50_75_0.1_0.8_7.C	23	0.400	9.440	0.013
BPP_50_75_0.1_0.8_7.C	23	0.400	9.440	0.013
BPP_50_75_0.1_0.8_7.C	23	0.400	9.440	0.014
BPP_50_75_0.1_0.8_8.C	21	0.600	8.760	0.013
BPP_50_75_0.1_0.8_8.C	21	0.600	8.760	0.013
BPP_50_75_0.1_0.8_8.C	21	0.600	8.760	0.013
BPP_50_75_0.1_0.8_8.C	21	0.600	8.760	0.013
BPP_50_75_0.1_0.8_8.C	21	0.600	8.760	0.013
BPP_50_75_0.1_0.8_8.C	21	0.600	8.760	0.013
BPP_50_75_0.1_0.8_8.C	21	0.600	8.760	0.013
BPP_50_75_0.1_0.8_8.C	21	0.600	8.760	0.013
BPP_50_75_0.1_0.8_8.C	21	0.600	8.760	0.013
BPP_50_75_0.1_0.8_8.C	21	0.600	8.760	0.013
BPP_50_75_0.1_0.8_9.C	27	2.000	12.000	0.016
BPP_50_75_0.1_0.8_9.C	27	2.000	12.000	0.016
BPP_50_75_0.1_0.8_9.C	27	2.000	12.000	0.016
BPP_50_75_0.1_0.8_9.C	27	2.000	12.000	0.016
BPP_50_75_0.1_0.8_9.C	27	2.000	12.000	0.016
BPP_50_75_0.1_0.8_9.C	27	2.000	12.000	0.016
BPP_50_75_0.1_0.8_9.C	27	2.000	12.000	0.016
BPP_50_75_0.1_0.8_9.C	27	2.000	12.000	0.017
BPP_50_75_0.1_0.8_9.C	27	1.800	11.880	0.018
BPP_50_75_0.1_0.8_9.C	27	2.000	12.000	0.017
