***************************************** BIN PACKING SOLUTION *****************************************
Parameters: alpha_1=0.6 alpha_2=0.4 t=0.2 s=1
-------------------------------------------------------------------------------------------------------------------------------------------------
INSTANCE 	 # OF BINS 	 SCHEDULING OBJECTIVE 	 BEST OBJECTIVE 	 RUNNING TIME
-------------------------------------------------------------------------------------------------------------------------------------------------
BPP_new_20_1000_1.C	13	4.000	9.400	0.011
BPP_new_20_1000_1.C	13	4.000	9.400	0.011
BPP_new_20_1000_1.C	13	4.000	9.400	0.011
BPP_new_20_1000_1.C	13	4.000	9.400	0.011
BPP_new_20_1000_1.C	13	4.000	9.400	0.011
BPP_new_20_1000_1.C	13	4.000	9.400	0.011
BPP_new_20_1000_1.C	13	4.000	9.400	0.011
BPP_new_20_1000_1.C	13	4.000	9.400	0.011
BPP_new_20_1000_1.C	13	4.000	9.400	0.012
BPP_new_20_1000_1.C	13	4.000	9.400	0.011
BPP_new_20_1000_10.C	9	1.000	5.800	0.009
BPP_new_20_1000_10.C	9	1.000	5.800	0.010
BPP_new_20_1000_10.C	9	1.000	5.800	0.010
BPP_new_20_1000_10.C	9	1.000	5.800	0.010
BPP_new_20_1000_10.C	9	1.000	5.800	0.010
BPP_new_20_1000_10.C	9	1.000	5.800	0.010
BPP_new_20_1000_10.C	9	1.000	5.800	0.010
BPP_new_20_1000_10.C	9	1.000	5.800	0.010
BPP_new_20_1000_10.C	9	1.000	5.800	0.010
BPP_new_20_1000_10.C	9	1.000	5.800	0.010
BPP_new_20_1000_2.C	10	4.200	7.680	0.018
BPP_new_20_1000_2.C	10	4.000	7.600	0.021
BPP_new_20_1000_2.C	10	3.800	7.520	0.014
BPP_new_20_1000_2.C	10	4.200	7.680	0.023
BPP_new_20_1000_2.C	10	3.800	7.520	0.019
BPP_new_20_1000_2.C	10	3.800	7.520	0.025
BPP_new_20_1000_2.C	10	3.800	7.520	0.018
BPP_new_20_1000_2.C	10	3.800	7.520	0.019
BPP_new_20_1000_2.C	10	4.200	7.680	0.018
BPP_new_20_1000_2.C	10	4.200	7.680	0.018
BPP_new_20_1000_3.C	13	5.000	9.800	0.011
BPP_new_20_1000_3.C	13	5.000	9.800	0.011
BPP_new_20_1000_3.C	13	5.000	9.800	0.011
BPP_new_20_1000_3.C	13	5.000	9.800	0.011
BPP_new_20_1000_3.C	13	5.000	9.800	0.011
BPP_new_20_1000_3.C	13	5.000	9.800	0.011
BPP_new_20_1000_3.C	13	5.000	9.800	0.011
BPP_new_20_1000_3.C	13	5.000	9.800	0.011
BPP_new_20_1000_3.C	13	5.000	9.800	0.011
BPP_new_20_1000_3.C	13	5.000	9.800	0.011
BPP_new_20_1000_4.C	8	2.400	5.760	0.009
BPP_new_20_1000_4.C	8	2.400	5.760	0.009
BPP_new_20_1000_4.C	8	2.400	5.760	0.009
BPP_new_20_1000_4.C	8	2.400	5.760	0.009
BPP_new_20_1000_4.C	8	2.400	5.760	0.009
BPP_new_20_1000_4.C	8	2.400	5.760	0.009
BPP_new_20_1000_4.C	8	2.400	5.760	0.009
BPP_new_20_1000_4.C	8	2.400	5.760	0.009
BPP_new_20_1000_4.C	8	2.400	5.760	0.009
BPP_new_20_1000_4.C	8	2.400	5.760	0.010
BPP_new_20_1000_5.C	10	1.400	6.560	0.011
BPP_new_20_1000_5.C	10	2.000	6.800	0.011
BPP_new_20_1000_5.C	10	1.800	6.720	0.011
BPP_new_20_1000_5.C	10	1.800	6.720	0.011
BPP_new_20_1000_5.C	10	1.800	6.720	0.011
BPP_new_20_1000_5.C	10	2.200	6.880	0.011
BPP_new_20_1000_5.C	10	2.800	7.120	0.012
BPP_new_20_1000_5.C	10	2.000	6.800	0.011
BPP_new_20_1000_5.C	10	2.000	6.800	0.011
BPP_new_20_1000_5.C	10	1.800	6.720	0.011
BPP_new_20_1000_6.C	11	1.800	7.320	0.010
BPP_new_20_1000_6.C	10	1.400	6.560	0.010
BPP_new_20_1000_6.C	11	1.800	7.320	0.010
BPP_new_20_1000_6.C	10	1.800	6.720	0.010
BPP_new_20_1000_6.C	10	1.400	6.560	0.011
BPP_new_20_1000_6.C	10	1.800	6.720	0.010
BPP_new_20_1000_6.C	10	1.600	6.640	0.010
BPP_new_20_1000_6.C	10	1.600	6.640	0.010
BPP_new_20_1000_6.C	10	2.800	7.120	0.010
BPP_new_20_1000_6.C	11	1.800	7.320	0.010
BPP_new_20_1000_7.C	10	1.000	6.400	0.010
BPP_new_20_1000_7.C	10	1.000	6.400	0.010
BPP_new_20_1000_7.C	10	1.000	6.400	0.010
BPP_new_20_1000_7.C	10	1.000	6.400	0.010
BPP_new_20_1000_7.C	10	1.000	6.400	0.010
BPP_new_20_1000_7.C	10	1.000	6.400	0.010
BPP_new_20_1000_7.C	10	1.000	6.400	0.010
BPP_new_20_1000_7.C	10	1.000	6.400	0.010
BPP_new_20_1000_7.C	10	1.000	6.400	0.010
BPP_new_20_1000_7.C	10	1.000	6.400	0.010
BPP_new_20_1000_8.C	9	3.800	6.920	0.010
BPP_new_20_1000_8.C	10	4.000	7.600	0.010
BPP_new_20_1000_8.C	9	4.400	7.160	0.010
BPP_new_20_1000_8.C	9	3.800	6.920	0.010
BPP_new_20_1000_8.C	9	3.800	6.920	0.010
BPP_new_20_1000_8.C	10	4.000	7.600	0.010
BPP_new_20_1000_8.C	9	3.800	6.920	0.010
BPP_new_20_1000_8.C	10	4.000	7.600	0.010
BPP_new_20_1000_8.C	10	4.000	7.600	0.010
BPP_new_20_1000_8.C	10	4.000	7.600	0.010
BPP_new_20_1000_9.C	13	3.000	9.000	0.011
BPP_new_20_1000_9.C	13	3.000	9.000	0.011
BPP_new_20_1000_9.C	13	3.000	9.000	0.012
BPP_new_20_1000_9.C	13	3.000	9.000	0.011
BPP_new_20_1000_9.C	13	3.000	9.000	0.012
BPP_new_20_1000_9.C	13	3.000	9.000	0.012
BPP_new_20_1000_9.C	13	3.000	9.000	0.011
BPP_new_20_1000_9.C	13	3.000	9.000	0.012
BPP_new_20_1000_9.C	13	3.000	9.000	0.011
BPP_new_20_1000_9.C	13	3.000	9.000	0.011
BPP_new_20_100_1.C	11	3.800	8.120	0.011
BPP_new_20_100_1.C	11	3.600	8.040	0.011
BPP_new_20_100_1.C	11	3.600	8.040	0.011
BPP_new_20_100_1.C	11	3.800	8.120	0.012
BPP_new_20_100_1.C	11	3.800	8.120	0.011
BPP_new_20_100_1.C	11	3.600	8.040	0.011
BPP_new_20_100_1.C	11	3.600	8.040	0.011
BPP_new_20_100_1.C	11	3.600	8.040	0.012
BPP_new_20_100_1.C	11	3.600	8.040	0.011
BPP_new_20_100_1.C	11	4.200	8.280	0.011
BPP_new_20_100_10.C	9	2.400	6.360	0.010
BPP_new_20_100_10.C	9	2.400	6.360	0.010
BPP_new_20_100_10.C	9	2.400	6.360	0.010
BPP_new_20_100_10.C	9	2.400	6.360	0.010
BPP_new_20_100_10.C	9	2.400	6.360	0.010
BPP_new_20_100_10.C	9	2.400	6.360	0.010
BPP_new_20_100_10.C	9	2.400	6.360	0.010
BPP_new_20_100_10.C	9	2.400	6.360	0.010
BPP_new_20_100_10.C	9	2.400	6.360	0.010
BPP_new_20_100_10.C	9	2.400	6.360	0.010
BPP_new_20_100_2.C	13	3.000	9.000	0.011
BPP_new_20_100_2.C	12	4.400	8.960	0.011
BPP_new_20_100_2.C	12	4.400	8.960	0.011
BPP_new_20_100_2.C	13	3.000	9.000	0.011
BPP_new_20_100_2.C	12	4.400	8.960	0.011
BPP_new_20_100_2.C	13	3.000	9.000	0.012
BPP_new_20_100_2.C	13	3.000	9.000	0.011
BPP_new_20_100_2.C	12	4.400	8.960	0.011
BPP_new_20_100_2.C	13	3.000	9.000	0.011
BPP_new_20_100_2.C	13	3.000	9.000	0.011
BPP_new_20_100_3.C	8	0.200	4.880	0.008
BPP_new_20_100_3.C	8	0.200	4.880	0.008
BPP_new_20_100_3.C	8	0.200	4.880	0.008
BPP_new_20_100_3.C	8	0.200	4.880	0.008
BPP_new_20_100_3.C	8	0.200	4.880	0.008
BPP_new_20_100_3.C	8	0.200	4.880	0.008
BPP_new_20_100_3.C	8	0.200	4.880	0.008
BPP_new_20_100_3.C	8	0.200	4.880	0.008
BPP_new_20_100_3.C	8	0.200	4.880	0.008
BPP_new_20_100_3.C	8	0.200	4.880	0.008
BPP_new_20_100_4.C	10	2.200	6.880	0.010
BPP_new_20_100_4.C	10	2.200	6.880	0.010
BPP_new_20_100_4.C	10	2.200	6.880	0.010
BPP_new_20_100_4.C	10	2.200	6.880	0.010
BPP_new_20_100_4.C	10	2.200	6.880	0.010
BPP_new_20_100_4.C	10	2.200	6.880	0.010
BPP_new_20_100_4.C	10	2.200	6.880	0.010
BPP_new_20_100_4.C	10	2.200	6.880	0.010
BPP_new_20_100_4.C	10	2.200	6.880	0.010
BPP_new_20_100_4.C	10	2.200	6.880	0.010
BPP_new_20_100_5.C	11	2.400	7.560	0.011
BPP_new_20_100_5.C	11	2.400	7.560	0.012
BPP_new_20_100_5.C	11	2.400	7.560	0.011
BPP_new_20_100_5.C	11	2.400	7.560	0.012
BPP_new_20_100_5.C	11	2.400	7.560	0.012
BPP_new_20_100_5.C	11	2.400	7.560	0.012
BPP_new_20_100_5.C	11	2.400	7.560	0.012
BPP_new_20_100_5.C	11	2.400	7.560	0.011
BPP_new_20_100_5.C	11	2.400	7.560	0.012
BPP_new_20_100_5.C	11	2.400	7.560	0.012
BPP_new_20_100_6.C	8	1.600	5.440	0.009
BPP_new_20_100_6.C	8	1.600	5.440	0.009
BPP_new_20_100_6.C	8	1.600	5.440	0.009
BPP_new_20_100_6.C	8	1.800	5.520	0.009
BPP_new_20_100_6.C	8	1.600	5.440	0.009
BPP_new_20_100_6.C	8	2.000	5.600	0.009
BPP_new_20_100_6.C	8	2.000	5.600	0.009
BPP_new_20_100_6.C	8	1.600	5.440	0.009
BPP_new_20_100_6.C	8	1.800	5.520	0.009
BPP_new_20_100_6.C	8	1.600	5.440	0.009
BPP_new_20_100_7.C	8	1.000	5.200	0.009
BPP_new_20_100_7.C	8	0.800	5.120	0.009
BPP_new_20_100_7.C	8	0.800	5.120	0.009
BPP_new_20_100_7.C	8	0.800	5.120	0.009
BPP_new_20_100_7.C	8	1.000	5.200	0.009
BPP_new_20_100_7.C	8	0.800	5.120	0.009
BPP_new_20_100_7.C	8	1.000	5.200	0.009
BPP_new_20_100_7.C	8	0.800	5.120	0.009
BPP_new_20_100_7.C	8	0.800	5.120	0.009
BPP_new_20_100_7.C	8	0.800	5.120	0.009
BPP_new_20_100_8.C	11	3.200	7.880	0.011
BPP_new_20_100_8.C	11	3.200	7.880	0.011
BPP_new_20_100_8.C	11	3.200	7.880	0.011
BPP_new_20_100_8.C	11	3.200	7.880	0.011
BPP_new_20_100_8.C	11	3.200	7.880	0.011
BPP_new_20_100_8.C	11	3.200	7.880	0.011
BPP_new_20_100_8.C	11	3.200	7.880	0.011
BPP_new_20_100_8.C	11	3.200	7.880	0.011
BPP_new_20_100_8.C	11	3.200	7.880	0.011
BPP_new_20_100_8.C	11	3.200	7.880	0.011
BPP_new_20_100_9.C	14	3.000	9.600	0.012
BPP_new_20_100_9.C	14	3.000	9.600	0.012
BPP_new_20_100_9.C	14	3.000	9.600	0.012
BPP_new_20_100_9.C	14	3.000	9.600	0.012
BPP_new_20_100_9.C	14	3.000	9.600	0.012
BPP_new_20_100_9.C	14	3.000	9.600	0.012
BPP_new_20_100_9.C	14	3.000	9.600	0.012
BPP_new_20_100_9.C	14	3.000	9.600	0.012
BPP_new_20_100_9.C	14	3.000	9.600	0.012
BPP_new_20_100_9.C	14	3.000	9.600	0.012
BPP_new_20_120_1.C	10	1.800	6.720	0.010
BPP_new_20_120_1.C	10	1.800	6.720	0.010
BPP_new_20_120_1.C	10	2.000	6.800	0.010
BPP_new_20_120_1.C	10	2.000	6.800	0.010
BPP_new_20_120_1.C	10	1.800	6.720	0.010
BPP_new_20_120_1.C	10	1.800	6.720	0.010
BPP_new_20_120_1.C	10	2.000	6.800	0.010
BPP_new_20_120_1.C	10	2.200	6.880	0.010
BPP_new_20_120_1.C	10	2.000	6.800	0.010
BPP_new_20_120_1.C	10	1.800	6.720	0.010
BPP_new_20_120_10.C	15	4.200	10.680	0.012
BPP_new_20_120_10.C	15	4.200	10.680	0.012
BPP_new_20_120_10.C	15	4.200	10.680	0.012
BPP_new_20_120_10.C	15	4.200	10.680	0.012
BPP_new_20_120_10.C	15	4.200	10.680	0.012
BPP_new_20_120_10.C	15	4.200	10.680	0.012
BPP_new_20_120_10.C	15	4.200	10.680	0.012
BPP_new_20_120_10.C	15	4.200	10.680	0.012
BPP_new_20_120_10.C	15	4.200	10.680	0.012
BPP_new_20_120_10.C	15	4.200	10.680	0.012
BPP_new_20_120_2.C	9	4.400	7.160	0.010
BPP_new_20_120_2.C	10	3.000	7.200	0.010
BPP_new_20_120_2.C	9	4.400	7.160	0.011
BPP_new_20_120_2.C	10	2.800	7.120	0.010
BPP_new_20_120_2.C	10	2.800	7.120	0.010
BPP_new_20_120_2.C	9	4.400	7.160	0.010
BPP_new_20_120_2.C	9	4.400	7.160	0.010
BPP_new_20_120_2.C	9	4.200	7.080	0.010
BPP_new_20_120_2.C	10	2.800	7.120	0.010
BPP_new_20_120_2.C	10	3.200	7.280	0.011
BPP_new_20_120_3.C	11	3.800	8.120	0.011
BPP_new_20_120_3.C	11	2.800	7.720	0.011
BPP_new_20_120_3.C	11	3.000	7.800	0.011
BPP_new_20_120_3.C	11	3.600	8.040	0.011
BPP_new_20_120_3.C	11	3.600	8.040	0.011
BPP_new_20_120_3.C	11	3.600	8.040	0.011
BPP_new_20_120_3.C	11	3.800	8.120	0.011
BPP_new_20_120_3.C	11	3.800	8.120	0.011
BPP_new_20_120_3.C	11	3.800	8.120	0.011
BPP_new_20_120_3.C	11	3.800	8.120	0.011
BPP_new_20_120_4.C	11	2.600	7.640	0.012
BPP_new_20_120_4.C	11	2.600	7.640	0.011
BPP_new_20_120_4.C	11	2.600	7.640	0.011
BPP_new_20_120_4.C	11	2.600	7.640	0.011
BPP_new_20_120_4.C	11	2.600	7.640	0.011
BPP_new_20_120_4.C	11	2.600	7.640	0.011
BPP_new_20_120_4.C	11	2.600	7.640	0.011
BPP_new_20_120_4.C	11	2.600	7.640	0.011
BPP_new_20_120_4.C	11	2.800	7.720	0.011
BPP_new_20_120_4.C	11	2.600	7.640	0.012
BPP_new_20_120_5.C	11	2.000	7.400	0.011
BPP_new_20_120_5.C	11	2.000	7.400	0.011
BPP_new_20_120_5.C	11	2.000	7.400	0.011
BPP_new_20_120_5.C	11	2.000	7.400	0.011
BPP_new_20_120_5.C	11	2.000	7.400	0.011
BPP_new_20_120_5.C	11	2.000	7.400	0.011
BPP_new_20_120_5.C	11	2.000	7.400	0.011
BPP_new_20_120_5.C	11	2.000	7.400	0.011
BPP_new_20_120_5.C	11	2.000	7.400	0.011
BPP_new_20_120_5.C	11	2.000	7.400	0.011
BPP_new_20_120_6.C	9	0.800	5.720	0.009
BPP_new_20_120_6.C	9	0.800	5.720	0.009
BPP_new_20_120_6.C	9	0.800	5.720	0.009
BPP_new_20_120_6.C	9	0.800	5.720	0.009
BPP_new_20_120_6.C	9	0.800	5.720	0.009
BPP_new_20_120_6.C	9	0.800	5.720	0.009
BPP_new_20_120_6.C	9	0.800	5.720	0.009
BPP_new_20_120_6.C	9	0.800	5.720	0.009
BPP_new_20_120_6.C	9	0.800	5.720	0.010
BPP_new_20_120_6.C	9	0.800	5.720	0.009
BPP_new_20_120_7.C	10	1.400	6.560	0.010
BPP_new_20_120_7.C	10	1.400	6.560	0.010
BPP_new_20_120_7.C	10	1.200	6.480	0.010
BPP_new_20_120_7.C	10	1.600	6.640	0.010
BPP_new_20_120_7.C	10	1.800	6.720	0.010
BPP_new_20_120_7.C	10	1.200	6.480	0.010
BPP_new_20_120_7.C	10	1.600	6.640	0.010
BPP_new_20_120_7.C	10	1.000	6.400	0.010
BPP_new_20_120_7.C	10	0.800	6.320	0.010
BPP_new_20_120_7.C	10	1.400	6.560	0.010
BPP_new_20_120_8.C	11	5.000	8.600	0.011
BPP_new_20_120_8.C	11	5.000	8.600	0.011
BPP_new_20_120_8.C	11	5.000	8.600	0.011
BPP_new_20_120_8.C	11	5.000	8.600	0.011
BPP_new_20_120_8.C	11	5.000	8.600	0.010
BPP_new_20_120_8.C	11	5.000	8.600	0.011
BPP_new_20_120_8.C	11	5.000	8.600	0.011
BPP_new_20_120_8.C	11	5.000	8.600	0.011
BPP_new_20_120_8.C	11	5.000	8.600	0.010
BPP_new_20_120_8.C	11	5.000	8.600	0.010
BPP_new_20_120_9.C	13	2.400	8.760	0.012
BPP_new_20_120_9.C	13	2.400	8.760	0.012
BPP_new_20_120_9.C	13	2.600	8.840	0.012
BPP_new_20_120_9.C	13	2.400	8.760	0.012
BPP_new_20_120_9.C	13	2.400	8.760	0.012
BPP_new_20_120_9.C	13	2.400	8.760	0.012
BPP_new_20_120_9.C	13	2.400	8.760	0.012
BPP_new_20_120_9.C	13	2.400	8.760	0.012
BPP_new_20_120_9.C	13	2.400	8.760	0.012
BPP_new_20_120_9.C	13	2.400	8.760	0.012
BPP_new_20_125_1.C	11	5.200	8.680	0.012
BPP_new_20_125_1.C	11	5.200	8.680	0.011
BPP_new_20_125_1.C	11	5.200	8.680	0.012
BPP_new_20_125_1.C	11	5.200	8.680	0.011
BPP_new_20_125_1.C	11	5.200	8.680	0.011
BPP_new_20_125_1.C	11	5.200	8.680	0.011
BPP_new_20_125_1.C	11	5.200	8.680	0.011
BPP_new_20_125_1.C	11	5.200	8.680	0.011
BPP_new_20_125_1.C	11	5.200	8.680	0.011
BPP_new_20_125_1.C	11	5.200	8.680	0.011
BPP_new_20_125_10.C	9	1.000	5.800	0.010
BPP_new_20_125_10.C	9	1.000	5.800	0.011
BPP_new_20_125_10.C	9	1.000	5.800	0.010
BPP_new_20_125_10.C	9	1.800	6.120	0.010
BPP_new_20_125_10.C	9	1.000	5.800	0.010
BPP_new_20_125_10.C	9	1.600	6.040	0.010
BPP_new_20_125_10.C	9	1.000	5.800	0.010
BPP_new_20_125_10.C	9	1.000	5.800	0.010
BPP_new_20_125_10.C	10	1.000	6.400	0.010
BPP_new_20_125_10.C	9	1.600	6.040	0.010
BPP_new_20_125_2.C	8	2.400	5.760	0.008
BPP_new_20_125_2.C	8	2.600	5.840	0.008
BPP_new_20_125_2.C	8	2.600	5.840	0.008
BPP_new_20_125_2.C	8	2.400	5.760	0.008
BPP_new_20_125_2.C	8	2.400	5.760	0.008
BPP_new_20_125_2.C	8	2.800	5.920	0.008
BPP_new_20_125_2.C	8	2.400	5.760	0.009
BPP_new_20_125_2.C	8	2.400	5.760	0.008
BPP_new_20_125_2.C	8	2.400	5.760	0.008
BPP_new_20_125_2.C	8	2.600	5.840	0.009
BPP_new_20_125_3.C	9	2.400	6.360	0.010
BPP_new_20_125_3.C	9	2.400	6.360	0.010
BPP_new_20_125_3.C	9	2.400	6.360	0.010
BPP_new_20_125_3.C	9	2.400	6.360	0.010
BPP_new_20_125_3.C	9	2.400	6.360	0.010
BPP_new_20_125_3.C	9	2.400	6.360	0.010
BPP_new_20_125_3.C	9	2.400	6.360	0.010
BPP_new_20_125_3.C	9	2.400	6.360	0.010
BPP_new_20_125_3.C	9	1.800	6.120	0.010
BPP_new_20_125_3.C	9	2.000	6.200	0.010
BPP_new_20_125_4.C	11	2.600	7.640	0.011
BPP_new_20_125_4.C	11	2.000	7.400	0.011
BPP_new_20_125_4.C	11	2.600	7.640	0.011
BPP_new_20_125_4.C	11	2.600	7.640	0.011
BPP_new_20_125_4.C	11	2.000	7.400	0.011
BPP_new_20_125_4.C	11	2.400	7.560	0.011
BPP_new_20_125_4.C	11	2.000	7.400	0.011
BPP_new_20_125_4.C	11	2.000	7.400	0.011
BPP_new_20_125_4.C	11	2.600	7.640	0.011
BPP_new_20_125_4.C	11	2.400	7.560	0.011
BPP_new_20_125_5.C	13	4.000	9.400	0.011
BPP_new_20_125_5.C	13	4.000	9.400	0.012
BPP_new_20_125_5.C	13	4.000	9.400	0.012
BPP_new_20_125_5.C	13	4.000	9.400	0.011
BPP_new_20_125_5.C	13	4.000	9.400	0.011
BPP_new_20_125_5.C	13	4.000	9.400	0.011
BPP_new_20_125_5.C	13	4.000	9.400	0.012
BPP_new_20_125_5.C	13	4.000	9.400	0.012
BPP_new_20_125_5.C	13	4.000	9.400	0.012
BPP_new_20_125_5.C	13	4.000	9.400	0.012
BPP_new_20_125_6.C	11	4.600	8.440	0.011
BPP_new_20_125_6.C	11	4.600	8.440	0.011
BPP_new_20_125_6.C	11	4.600	8.440	0.011
BPP_new_20_125_6.C	11	4.600	8.440	0.011
BPP_new_20_125_6.C	11	4.600	8.440	0.011
BPP_new_20_125_6.C	11	4.600	8.440	0.011
BPP_new_20_125_6.C	11	4.600	8.440	0.011
BPP_new_20_125_6.C	11	4.600	8.440	0.012
BPP_new_20_125_6.C	11	4.600	8.440	0.011
BPP_new_20_125_6.C	11	4.600	8.440	0.011
BPP_new_20_125_7.C	11	4.000	8.200	0.011
BPP_new_20_125_7.C	11	4.000	8.200	0.011
BPP_new_20_125_7.C	11	4.000	8.200	0.011
BPP_new_20_125_7.C	11	4.000	8.200	0.011
BPP_new_20_125_7.C	11	4.000	8.200	0.011
BPP_new_20_125_7.C	11	4.000	8.200	0.011
BPP_new_20_125_7.C	11	4.000	8.200	0.011
BPP_new_20_125_7.C	11	4.000	8.200	0.011
BPP_new_20_125_7.C	11	4.000	8.200	0.011
BPP_new_20_125_7.C	11	4.000	8.200	0.011
BPP_new_20_125_8.C	10	4.200	7.680	0.010
BPP_new_20_125_8.C	10	4.200	7.680	0.010
BPP_new_20_125_8.C	10	3.800	7.520	0.010
BPP_new_20_125_8.C	10	3.600	7.440	0.010
BPP_new_20_125_8.C	10	4.200	7.680	0.010
BPP_new_20_125_8.C	10	3.800	7.520	0.010
BPP_new_20_125_8.C	10	4.200	7.680	0.010
BPP_new_20_125_8.C	10	4.200	7.680	0.010
BPP_new_20_125_8.C	10	4.000	7.600	0.010
BPP_new_20_125_8.C	10	4.200	7.680	0.010
BPP_new_20_125_9.C	10	1.200	6.480	0.010
BPP_new_20_125_9.C	10	1.200	6.480	0.010
BPP_new_20_125_9.C	10	1.600	6.640	0.010
BPP_new_20_125_9.C	10	1.200	6.480	0.010
BPP_new_20_125_9.C	10	1.400	6.560	0.011
BPP_new_20_125_9.C	10	1.200	6.480	0.010
BPP_new_20_125_9.C	10	1.200	6.480	0.011
BPP_new_20_125_9.C	10	1.600	6.640	0.010
BPP_new_20_125_9.C	10	1.200	6.480	0.010
BPP_new_20_125_9.C	10	1.200	6.480	0.010
BPP_new_20_150_1.C	9	0.400	5.560	0.009
BPP_new_20_150_1.C	9	0.400	5.560	0.009
BPP_new_20_150_1.C	9	0.400	5.560	0.009
BPP_new_20_150_1.C	9	0.400	5.560	0.009
BPP_new_20_150_1.C	9	0.400	5.560	0.009
BPP_new_20_150_1.C	9	0.400	5.560	0.009
BPP_new_20_150_1.C	9	0.400	5.560	0.009
BPP_new_20_150_1.C	9	0.400	5.560	0.010
BPP_new_20_150_1.C	9	0.400	5.560	0.009
BPP_new_20_150_1.C	9	0.400	5.560	0.009
BPP_new_20_150_10.C	10	1.800	6.720	0.010
BPP_new_20_150_10.C	10	1.800	6.720	0.010
BPP_new_20_150_10.C	10	1.800	6.720	0.010
BPP_new_20_150_10.C	10	1.800	6.720	0.010
BPP_new_20_150_10.C	10	1.800	6.720	0.010
BPP_new_20_150_10.C	10	1.800	6.720	0.010
BPP_new_20_150_10.C	10	1.800	6.720	0.010
BPP_new_20_150_10.C	10	1.800	6.720	0.010
BPP_new_20_150_10.C	10	1.800	6.720	0.010
BPP_new_20_150_10.C	10	1.800	6.720	0.010
BPP_new_20_150_2.C	10	1.400	6.560	0.010
BPP_new_20_150_2.C	10	1.400	6.560	0.010
BPP_new_20_150_2.C	10	1.600	6.640	0.010
BPP_new_20_150_2.C	10	1.800	6.720	0.010
BPP_new_20_150_2.C	10	1.600	6.640	0.010
BPP_new_20_150_2.C	10	1.600	6.640	0.010
BPP_new_20_150_2.C	10	1.400	6.560	0.010
BPP_new_20_150_2.C	10	1.400	6.560	0.010
BPP_new_20_150_2.C	10	1.400	6.560	0.010
BPP_new_20_150_2.C	10	1.400	6.560	0.010
BPP_new_20_150_3.C	9	3.400	6.760	0.010
BPP_new_20_150_3.C	9	3.400	6.760	0.010
BPP_new_20_150_3.C	9	3.200	6.680	0.010
BPP_new_20_150_3.C	9	3.200	6.680	0.011
BPP_new_20_150_3.C	9	3.200	6.680	0.010
BPP_new_20_150_3.C	9	3.400	6.760	0.010
BPP_new_20_150_3.C	9	3.200	6.680	0.010
BPP_new_20_150_3.C	9	3.400	6.760	0.010
BPP_new_20_150_3.C	9	3.200	6.680	0.010
BPP_new_20_150_3.C	9	3.400	6.760	0.010
BPP_new_20_150_4.C	8	3.000	6.000	0.010
BPP_new_20_150_4.C	8	3.000	6.000	0.009
BPP_new_20_150_4.C	8	3.200	6.080	0.010
BPP_new_20_150_4.C	8	3.400	6.160	0.010
BPP_new_20_150_4.C	8	3.000	6.000	0.010
BPP_new_20_150_4.C	8	3.200	6.080	0.010
BPP_new_20_150_4.C	8	3.000	6.000	0.010
BPP_new_20_150_4.C	8	3.000	6.000	0.010
BPP_new_20_150_4.C	8	3.000	6.000	0.010
BPP_new_20_150_4.C	8	3.000	6.000	0.009
BPP_new_20_150_5.C	11	1.000	7.000	0.011
BPP_new_20_150_5.C	11	1.000	7.000	0.011
BPP_new_20_150_5.C	11	1.000	7.000	0.011
BPP_new_20_150_5.C	11	1.000	7.000	0.011
BPP_new_20_150_5.C	11	1.000	7.000	0.012
BPP_new_20_150_5.C	11	1.000	7.000	0.011
BPP_new_20_150_5.C	11	1.000	7.000	0.011
BPP_new_20_150_5.C	11	1.000	7.000	0.011
BPP_new_20_150_5.C	11	1.000	7.000	0.011
BPP_new_20_150_5.C	11	1.000	7.000	0.011
BPP_new_20_150_6.C	10	4.000	7.600	0.010
BPP_new_20_150_6.C	10	4.000	7.600	0.010
BPP_new_20_150_6.C	10	4.000	7.600	0.010
BPP_new_20_150_6.C	10	4.000	7.600	0.010
BPP_new_20_150_6.C	10	4.000	7.600	0.010
BPP_new_20_150_6.C	10	4.000	7.600	0.010
BPP_new_20_150_6.C	10	4.000	7.600	0.010
BPP_new_20_150_6.C	10	4.000	7.600	0.010
BPP_new_20_150_6.C	10	4.000	7.600	0.010
BPP_new_20_150_6.C	10	4.000	7.600	0.010
BPP_new_20_150_7.C	12	2.000	8.000	0.011
BPP_new_20_150_7.C	12	2.000	8.000	0.011
BPP_new_20_150_7.C	12	2.000	8.000	0.011
BPP_new_20_150_7.C	12	2.000	8.000	0.012
BPP_new_20_150_7.C	12	2.000	8.000	0.012
BPP_new_20_150_7.C	12	2.000	8.000	0.011
BPP_new_20_150_7.C	12	2.000	8.000	0.011
BPP_new_20_150_7.C	12	2.000	8.000	0.011
BPP_new_20_150_7.C	12	2.000	8.000	0.011
BPP_new_20_150_7.C	12	2.000	8.000	0.011
BPP_new_20_150_8.C	8	3.400	6.160	0.009
BPP_new_20_150_8.C	8	3.400	6.160	0.010
BPP_new_20_150_8.C	8	3.400	6.160	0.009
BPP_new_20_150_8.C	8	3.200	6.080	0.010
BPP_new_20_150_8.C	8	3.400	6.160	0.009
BPP_new_20_150_8.C	8	3.400	6.160	0.010
BPP_new_20_150_8.C	8	3.400	6.160	0.010
BPP_new_20_150_8.C	8	3.200	6.080	0.010
BPP_new_20_150_8.C	8	3.400	6.160	0.010
BPP_new_20_150_8.C	8	3.400	6.160	0.010
BPP_new_20_150_9.C	14	3.000	9.600	0.012
BPP_new_20_150_9.C	14	3.000	9.600	0.012
BPP_new_20_150_9.C	14	3.000	9.600	0.013
BPP_new_20_150_9.C	14	3.000	9.600	0.012
BPP_new_20_150_9.C	14	3.000	9.600	0.012
BPP_new_20_150_9.C	14	3.000	9.600	0.012
BPP_new_20_150_9.C	14	3.000	9.600	0.012
BPP_new_20_150_9.C	14	3.000	9.600	0.012
BPP_new_20_150_9.C	14	3.000	9.600	0.012
BPP_new_20_150_9.C	14	3.000	9.600	0.012
BPP_new_20_200_1.C	8	2.800	5.920	0.009
BPP_new_20_200_1.C	8	2.800	5.920	0.009
BPP_new_20_200_1.C	8	2.800	5.920	0.009
BPP_new_20_200_1.C	8	2.800	5.920	0.009
BPP_new_20_200_1.C	8	2.800	5.920	0.008
BPP_new_20_200_1.C	8	2.800	5.920	0.008
BPP_new_20_200_1.C	8	2.800	5.920	0.008
BPP_new_20_200_1.C	8	2.800	5.920	0.008
BPP_new_20_200_1.C	8	2.800	5.920	0.008
BPP_new_20_200_1.C	8	2.800	5.920	0.008
BPP_new_20_200_10.C	12	5.000	9.200	0.012
BPP_new_20_200_10.C	12	5.000	9.200	0.011
BPP_new_20_200_10.C	12	5.000	9.200	0.012
BPP_new_20_200_10.C	12	5.000	9.200	0.011
BPP_new_20_200_10.C	12	5.000	9.200	0.011
BPP_new_20_200_10.C	12	5.000	9.200	0.011
BPP_new_20_200_10.C	12	5.000	9.200	0.011
BPP_new_20_200_10.C	12	5.000	9.200	0.011
BPP_new_20_200_10.C	12	5.000	9.200	0.011
BPP_new_20_200_10.C	12	5.000	9.200	0.011
BPP_new_20_200_2.C	12	4.800	9.120	0.012
BPP_new_20_200_2.C	12	4.800	9.120	0.012
BPP_new_20_200_2.C	12	4.800	9.120	0.012
BPP_new_20_200_2.C	12	4.800	9.120	0.012
BPP_new_20_200_2.C	12	4.800	9.120	0.012
BPP_new_20_200_2.C	12	4.800	9.120	0.012
BPP_new_20_200_2.C	12	4.800	9.120	0.012
BPP_new_20_200_2.C	12	4.800	9.120	0.012
BPP_new_20_200_2.C	12	4.800	9.120	0.011
BPP_new_20_200_2.C	12	4.800	9.120	0.012
BPP_new_20_200_3.C	13	2.000	8.600	0.012
BPP_new_20_200_3.C	13	2.000	8.600	0.012
BPP_new_20_200_3.C	13	2.000	8.600	0.011
BPP_new_20_200_3.C	13	2.000	8.600	0.012
BPP_new_20_200_3.C	13	2.000	8.600	0.012
BPP_new_20_200_3.C	13	2.000	8.600	0.012
BPP_new_20_200_3.C	13	2.000	8.600	0.012
BPP_new_20_200_3.C	13	2.000	8.600	0.012
BPP_new_20_200_3.C	13	2.000	8.600	0.012
BPP_new_20_200_3.C	13	2.000	8.600	0.012
BPP_new_20_200_4.C	9	4.400	7.160	0.010
BPP_new_20_200_4.C	9	4.400	7.160	0.010
BPP_new_20_200_4.C	9	4.000	7.000	0.010
BPP_new_20_200_4.C	9	4.400	7.160	0.010
BPP_new_20_200_4.C	9	4.000	7.000	0.010
BPP_new_20_200_4.C	9	4.000	7.000	0.010
BPP_new_20_200_4.C	9	4.000	7.000	0.010
BPP_new_20_200_4.C	9	4.000	7.000	0.009
BPP_new_20_200_4.C	9	4.000	7.000	0.010
BPP_new_20_200_4.C	9	4.000	7.000	0.010
BPP_new_20_200_5.C	11	4.000	8.200	0.010
BPP_new_20_200_5.C	11	4.000	8.200	0.010
BPP_new_20_200_5.C	11	4.000	8.200	0.010
BPP_new_20_200_5.C	11	4.000	8.200	0.010
BPP_new_20_200_5.C	11	4.000	8.200	0.010
BPP_new_20_200_5.C	11	4.000	8.200	0.010
BPP_new_20_200_5.C	11	4.000	8.200	0.010
BPP_new_20_200_5.C	11	4.000	8.200	0.010
BPP_new_20_200_5.C	11	4.000	8.200	0.011
BPP_new_20_200_5.C	11	4.000	8.200	0.010
BPP_new_20_200_6.C	8	3.400	6.160	0.009
BPP_new_20_200_6.C	8	3.400	6.160	0.009
BPP_new_20_200_6.C	8	3.400	6.160	0.009
BPP_new_20_200_6.C	8	3.400	6.160	0.009
BPP_new_20_200_6.C	8	3.400	6.160	0.009
BPP_new_20_200_6.C	8	3.400	6.160	0.009
BPP_new_20_200_6.C	8	3.400	6.160	0.009
BPP_new_20_200_6.C	8	3.400	6.160	0.009
BPP_new_20_200_6.C	8	3.400	6.160	0.009
BPP_new_20_200_6.C	8	3.400	6.160	0.009
BPP_new_20_200_7.C	12	3.400	8.560	0.011
BPP_new_20_200_7.C	12	3.400	8.560	0.011
BPP_new_20_200_7.C	12	3.400	8.560	0.011
BPP_new_20_200_7.C	12	3.400	8.560	0.011
BPP_new_20_200_7.C	12	3.400	8.560	0.011
BPP_new_20_200_7.C	12	3.400	8.560	0.011
BPP_new_20_200_7.C	12	3.400	8.560	0.011
BPP_new_20_200_7.C	12	3.400	8.560	0.011
BPP_new_20_200_7.C	12	3.400	8.560	0.011
BPP_new_20_200_7.C	12	3.400	8.560	0.011
BPP_new_20_200_8.C	10	3.000	7.200	0.010
BPP_new_20_200_8.C	10	3.800	7.520	0.010
BPP_new_20_200_8.C	10	3.000	7.200	0.010
BPP_new_20_200_8.C	10	3.200	7.280	0.011
BPP_new_20_200_8.C	11	2.600	7.640	0.011
BPP_new_20_200_8.C	10	3.000	7.200	0.011
BPP_new_20_200_8.C	10	3.000	7.200	0.011
BPP_new_20_200_8.C	10	3.000	7.200	0.011
BPP_new_20_200_8.C	10	3.200	7.280	0.010
BPP_new_20_200_8.C	10	3.000	7.200	0.011
BPP_new_20_200_9.C	9	1.200	5.880	0.009
BPP_new_20_200_9.C	9	1.400	5.960	0.009
BPP_new_20_200_9.C	9	1.200	5.880	0.009
BPP_new_20_200_9.C	9	1.400	5.960	0.010
BPP_new_20_200_9.C	9	1.200	5.880	0.009
BPP_new_20_200_9.C	9	1.200	5.880	0.010
BPP_new_20_200_9.C	9	1.200	5.880	0.009
BPP_new_20_200_9.C	9	1.200	5.880	0.009
BPP_new_20_200_9.C	9	1.200	5.880	0.009
BPP_new_20_200_9.C	9	1.400	5.960	0.009
BPP_new_20_300_1.C	8	2.000	5.600	0.009
BPP_new_20_300_1.C	8	2.400	5.760	0.009
BPP_new_20_300_1.C	8	2.200	5.680	0.009
BPP_new_20_300_1.C	8	2.200	5.680	0.009
BPP_new_20_300_1.C	8	2.200	5.680	0.008
BPP_new_20_300_1.C	8	2.200	5.680	0.009
BPP_new_20_300_1.C	8	2.200	5.680	0.009
BPP_new_20_300_1.C	8	2.200	5.680	0.009
BPP_new_20_300_1.C	8	2.400	5.760	0.009
BPP_new_20_300_1.C	8	2.400	5.760	0.009
BPP_new_20_300_10.C	11	2.800	7.720	0.010
BPP_new_20_300_10.C	11	2.800	7.720	0.010
BPP_new_20_300_10.C	11	2.800	7.720	0.010
BPP_new_20_300_10.C	11	2.800	7.720	0.010
BPP_new_20_300_10.C	11	2.800	7.720	0.010
BPP_new_20_300_10.C	11	2.800	7.720	0.010
BPP_new_20_300_10.C	11	2.800	7.720	0.010
BPP_new_20_300_10.C	11	2.800	7.720	0.010
BPP_new_20_300_10.C	11	2.800	7.720	0.010
BPP_new_20_300_10.C	11	2.800	7.720	0.010
BPP_new_20_300_2.C	10	2.200	6.880	0.010
BPP_new_20_300_2.C	10	2.200	6.880	0.010
BPP_new_20_300_2.C	10	2.200	6.880	0.010
BPP_new_20_300_2.C	10	2.200	6.880	0.010
BPP_new_20_300_2.C	10	2.200	6.880	0.011
BPP_new_20_300_2.C	10	2.200	6.880	0.010
BPP_new_20_300_2.C	10	2.200	6.880	0.011
BPP_new_20_300_2.C	10	2.200	6.880	0.011
BPP_new_20_300_2.C	10	2.200	6.880	0.011
BPP_new_20_300_2.C	10	2.200	6.880	0.010
BPP_new_20_300_3.C	12	3.800	8.720	0.011
BPP_new_20_300_3.C	12	4.000	8.800	0.011
BPP_new_20_300_3.C	12	3.800	8.720	0.011
BPP_new_20_300_3.C	12	3.800	8.720	0.011
BPP_new_20_300_3.C	12	3.800	8.720	0.011
BPP_new_20_300_3.C	12	3.800	8.720	0.011
BPP_new_20_300_3.C	12	3.800	8.720	0.012
BPP_new_20_300_3.C	12	3.800	8.720	0.011
BPP_new_20_300_3.C	12	3.800	8.720	0.011
BPP_new_20_300_3.C	12	3.800	8.720	0.011
BPP_new_20_300_4.C	9	2.000	6.200	0.010
BPP_new_20_300_4.C	9	1.600	6.040	0.010
BPP_new_20_300_4.C	9	2.600	6.440	0.010
BPP_new_20_300_4.C	9	1.800	6.120	0.010
BPP_new_20_300_4.C	9	2.800	6.520	0.010
BPP_new_20_300_4.C	9	2.600	6.440	0.010
BPP_new_20_300_4.C	9	1.600	6.040	0.010
BPP_new_20_300_4.C	9	1.600	6.040	0.010
BPP_new_20_300_4.C	9	2.600	6.440	0.010
BPP_new_20_300_4.C	9	1.600	6.040	0.010
BPP_new_20_300_5.C	9	2.400	6.360	0.009
BPP_new_20_300_5.C	9	2.400	6.360	0.009
BPP_new_20_300_5.C	9	2.000	6.200	0.009
BPP_new_20_300_5.C	9	2.400	6.360	0.009
BPP_new_20_300_5.C	9	2.400	6.360	0.009
BPP_new_20_300_5.C	9	2.400	6.360	0.010
BPP_new_20_300_5.C	9	1.800	6.120	0.009
BPP_new_20_300_5.C	9	2.400	6.360	0.009
BPP_new_20_300_5.C	9	2.400	6.360	0.009
BPP_new_20_300_5.C	9	2.400	6.360	0.009
BPP_new_20_300_6.C	10	3.000	7.200	0.010
BPP_new_20_300_6.C	10	3.000	7.200	0.010
BPP_new_20_300_6.C	10	3.000	7.200	0.010
BPP_new_20_300_6.C	10	3.000	7.200	0.010
BPP_new_20_300_6.C	10	3.000	7.200	0.011
BPP_new_20_300_6.C	10	3.000	7.200	0.010
BPP_new_20_300_6.C	10	3.000	7.200	0.010
BPP_new_20_300_6.C	10	3.000	7.200	0.010
BPP_new_20_300_6.C	10	3.000	7.200	0.010
BPP_new_20_300_6.C	10	3.000	7.200	0.010
BPP_new_20_300_7.C	12	2.000	8.000	0.011
BPP_new_20_300_7.C	12	2.600	8.240	0.011
BPP_new_20_300_7.C	12	2.000	8.000	0.012
BPP_new_20_300_7.C	12	2.000	8.000	0.011
BPP_new_20_300_7.C	12	2.000	8.000	0.011
BPP_new_20_300_7.C	12	2.000	8.000	0.011
BPP_new_20_300_7.C	12	2.000	8.000	0.011
BPP_new_20_300_7.C	12	2.000	8.000	0.011
BPP_new_20_300_7.C	12	2.000	8.000	0.011
BPP_new_20_300_7.C	12	2.000	8.000	0.011
BPP_new_20_300_8.C	9	2.000	6.200	0.010
BPP_new_20_300_8.C	9	1.800	6.120	0.010
BPP_new_20_300_8.C	9	2.000	6.200	0.010
BPP_new_20_300_8.C	9	2.000	6.200	0.010
BPP_new_20_300_8.C	9	1.800	6.120	0.010
BPP_new_20_300_8.C	9	2.000	6.200	0.010
BPP_new_20_300_8.C	9	2.000	6.200	0.010
BPP_new_20_300_8.C	9	2.000	6.200	0.010
BPP_new_20_300_8.C	9	2.000	6.200	0.010
BPP_new_20_300_8.C	9	1.800	6.120	0.010
BPP_new_20_300_9.C	9	2.600	6.440	0.010
BPP_new_20_300_9.C	9	2.600	6.440	0.010
BPP_new_20_300_9.C	9	2.800	6.520	0.010
BPP_new_20_300_9.C	9	2.600	6.440	0.010
BPP_new_20_300_9.C	9	2.600	6.440	0.010
BPP_new_20_300_9.C	9	2.600	6.440	0.010
BPP_new_20_300_9.C	9	2.800	6.520	0.009
BPP_new_20_300_9.C	9	2.600	6.440	0.010
BPP_new_20_300_9.C	9	2.800	6.520	0.010
BPP_new_20_300_9.C	9	2.600	6.440	0.010
BPP_new_20_400_1.C	10	3.600	7.440	0.011
BPP_new_20_400_1.C	10	3.800	7.520	0.011
BPP_new_20_400_1.C	10	3.800	7.520	0.011
BPP_new_20_400_1.C	10	3.800	7.520	0.011
BPP_new_20_400_1.C	10	3.800	7.520	0.011
BPP_new_20_400_1.C	10	3.600	7.440	0.011
BPP_new_20_400_1.C	10	3.800	7.520	0.011
BPP_new_20_400_1.C	10	3.800	7.520	0.011
BPP_new_20_400_1.C	10	3.800	7.520	0.011
BPP_new_20_400_1.C	10	3.600	7.440	0.011
BPP_new_20_400_10.C	11	2.200	7.480	0.010
BPP_new_20_400_10.C	11	2.200	7.480	0.011
BPP_new_20_400_10.C	10	3.400	7.360	0.011
BPP_new_20_400_10.C	11	2.200	7.480	0.011
BPP_new_20_400_10.C	11	2.200	7.480	0.011
BPP_new_20_400_10.C	11	2.200	7.480	0.011
BPP_new_20_400_10.C	11	2.200	7.480	0.011
BPP_new_20_400_10.C	11	2.200	7.480	0.011
BPP_new_20_400_10.C	11	2.200	7.480	0.011
BPP_new_20_400_10.C	11	2.200	7.480	0.011
BPP_new_20_400_2.C	11	2.200	7.480	0.011
BPP_new_20_400_2.C	11	2.400	7.560	0.011
BPP_new_20_400_2.C	11	2.200	7.480	0.011
BPP_new_20_400_2.C	11	2.400	7.560	0.011
BPP_new_20_400_2.C	11	2.400	7.560	0.011
BPP_new_20_400_2.C	11	2.200	7.480	0.011
BPP_new_20_400_2.C	11	2.400	7.560	0.011
BPP_new_20_400_2.C	11	2.400	7.560	0.011
BPP_new_20_400_2.C	11	2.200	7.480	0.011
BPP_new_20_400_2.C	11	2.200	7.480	0.010
BPP_new_20_400_3.C	8	2.400	5.760	0.010
BPP_new_20_400_3.C	8	1.800	5.520	0.010
BPP_new_20_400_3.C	8	2.400	5.760	0.011
BPP_new_20_400_3.C	8	3.000	6.000	0.011
BPP_new_20_400_3.C	8	2.200	5.680	0.010
BPP_new_20_400_3.C	8	2.400	5.760	0.010
BPP_new_20_400_3.C	8	2.600	5.840	0.010
BPP_new_20_400_3.C	8	3.200	6.080	0.010
BPP_new_20_400_3.C	8	2.200	5.680	0.010
BPP_new_20_400_3.C	8	2.600	5.840	0.010
BPP_new_20_400_4.C	9	2.000	6.200	0.009
BPP_new_20_400_4.C	9	2.000	6.200	0.009
BPP_new_20_400_4.C	9	2.000	6.200	0.009
BPP_new_20_400_4.C	9	2.000	6.200	0.010
BPP_new_20_400_4.C	9	2.000	6.200	0.010
BPP_new_20_400_4.C	9	2.000	6.200	0.009
BPP_new_20_400_4.C	9	2.200	6.280	0.009
BPP_new_20_400_4.C	9	2.000	6.200	0.009
BPP_new_20_400_4.C	9	2.000	6.200	0.009
BPP_new_20_400_4.C	9	2.000	6.200	0.009
BPP_new_20_400_5.C	11	3.600	8.040	0.010
BPP_new_20_400_5.C	11	3.600	8.040	0.010
BPP_new_20_400_5.C	11	3.800	8.120	0.011
BPP_new_20_400_5.C	11	3.600	8.040	0.011
BPP_new_20_400_5.C	11	3.800	8.120	0.011
BPP_new_20_400_5.C	11	3.600	8.040	0.011
BPP_new_20_400_5.C	11	3.600	8.040	0.011
BPP_new_20_400_5.C	11	3.600	8.040	0.011
BPP_new_20_400_5.C	11	3.600	8.040	0.011
BPP_new_20_400_5.C	11	3.600	8.040	0.010
BPP_new_20_400_6.C	10	3.800	7.520	0.010
BPP_new_20_400_6.C	10	3.800	7.520	0.010
BPP_new_20_400_6.C	10	3.800	7.520	0.010
BPP_new_20_400_6.C	9	2.800	6.520	0.010
BPP_new_20_400_6.C	10	3.600	7.440	0.010
BPP_new_20_400_6.C	9	3.400	6.760	0.010
BPP_new_20_400_6.C	9	3.800	6.920	0.010
BPP_new_20_400_6.C	10	3.400	7.360	0.010
BPP_new_20_400_6.C	9	4.800	7.320	0.010
BPP_new_20_400_6.C	10	3.200	7.280	0.010
BPP_new_20_400_7.C	9	1.000	5.800	0.009
BPP_new_20_400_7.C	9	1.000	5.800	0.009
BPP_new_20_400_7.C	9	1.000	5.800	0.009
BPP_new_20_400_7.C	9	1.000	5.800	0.009
BPP_new_20_400_7.C	9	1.000	5.800	0.009
BPP_new_20_400_7.C	9	1.000	5.800	0.009
BPP_new_20_400_7.C	9	1.000	5.800	0.009
BPP_new_20_400_7.C	9	1.000	5.800	0.010
BPP_new_20_400_7.C	9	1.000	5.800	0.010
BPP_new_20_400_7.C	9	1.000	5.800	0.009
BPP_new_20_400_8.C	11	3.600	8.040	0.012
BPP_new_20_400_8.C	11	3.800	8.120	0.011
BPP_new_20_400_8.C	11	3.600	8.040	0.012
BPP_new_20_400_8.C	11	3.600	8.040	0.011
BPP_new_20_400_8.C	11	3.800	8.120	0.011
BPP_new_20_400_8.C	11	3.600	8.040	0.011
BPP_new_20_400_8.C	11	3.600	8.040	0.011
BPP_new_20_400_8.C	11	3.600	8.040	0.011
BPP_new_20_400_8.C	11	3.800	8.120	0.011
BPP_new_20_400_8.C	11	3.600	8.040	0.011
BPP_new_20_400_9.C	10	4.600	7.840	0.010
BPP_new_20_400_9.C	10	4.600	7.840	0.010
BPP_new_20_400_9.C	10	4.600	7.840	0.010
BPP_new_20_400_9.C	10	4.600	7.840	0.010
BPP_new_20_400_9.C	10	4.600	7.840	0.010
BPP_new_20_400_9.C	9	5.800	7.720	0.010
BPP_new_20_400_9.C	10	4.600	7.840	0.010
BPP_new_20_400_9.C	10	4.600	7.840	0.010
BPP_new_20_400_9.C	10	4.600	7.840	0.010
BPP_new_20_400_9.C	10	4.600	7.840	0.010
BPP_new_20_500_1.C	9	1.000	5.800	0.009
BPP_new_20_500_1.C	9	1.000	5.800	0.009
BPP_new_20_500_1.C	9	1.000	5.800	0.009
BPP_new_20_500_1.C	8	1.800	5.520	0.009
BPP_new_20_500_1.C	9	1.000	5.800	0.009
BPP_new_20_500_1.C	9	1.000	5.800	0.009
BPP_new_20_500_1.C	9	1.000	5.800	0.009
BPP_new_20_500_1.C	9	1.000	5.800	0.009
BPP_new_20_500_1.C	9	1.000	5.800	0.009
BPP_new_20_500_1.C	9	1.000	5.800	0.009
BPP_new_20_500_10.C	7	3.000	5.400	0.008
BPP_new_20_500_10.C	7	3.000	5.400	0.008
BPP_new_20_500_10.C	7	2.000	5.000	0.009
BPP_new_20_500_10.C	7	2.000	5.000	0.008
BPP_new_20_500_10.C	7	2.400	5.160	0.009
BPP_new_20_500_10.C	7	2.600	5.240	0.009
BPP_new_20_500_10.C	7	3.000	5.400	0.009
BPP_new_20_500_10.C	7	2.800	5.320	0.009
BPP_new_20_500_10.C	7	1.600	4.840	0.009
BPP_new_20_500_10.C	7	2.000	5.000	0.009
BPP_new_20_500_2.C	9	1.800	6.120	0.010
BPP_new_20_500_2.C	9	1.800	6.120	0.010
BPP_new_20_500_2.C	9	1.800	6.120	0.010
BPP_new_20_500_2.C	9	1.800	6.120	0.010
BPP_new_20_500_2.C	9	1.800	6.120	0.010
BPP_new_20_500_2.C	9	1.800	6.120	0.010
BPP_new_20_500_2.C	9	1.800	6.120	0.010
BPP_new_20_500_2.C	9	1.800	6.120	0.010
BPP_new_20_500_2.C	9	1.800	6.120	0.010
BPP_new_20_500_2.C	9	1.800	6.120	0.009
BPP_new_20_500_3.C	10	4.200	7.680	0.010
BPP_new_20_500_3.C	10	4.200	7.680	0.011
BPP_new_20_500_3.C	10	4.200	7.680	0.010
BPP_new_20_500_3.C	10	4.200	7.680	0.011
BPP_new_20_500_3.C	10	4.200	7.680	0.011
BPP_new_20_500_3.C	10	4.400	7.760	0.011
BPP_new_20_500_3.C	10	4.400	7.760	0.010
BPP_new_20_500_3.C	10	4.200	7.680	0.011
BPP_new_20_500_3.C	10	4.200	7.680	0.010
BPP_new_20_500_3.C	10	4.400	7.760	0.010
BPP_new_20_500_4.C	11	2.600	7.640	0.011
BPP_new_20_500_4.C	11	3.000	7.800	0.011
BPP_new_20_500_4.C	11	2.600	7.640	0.011
BPP_new_20_500_4.C	11	2.400	7.560	0.012
BPP_new_20_500_4.C	11	2.600	7.640	0.011
BPP_new_20_500_4.C	11	2.400	7.560	0.011
BPP_new_20_500_4.C	11	2.600	7.640	0.011
BPP_new_20_500_4.C	11	2.400	7.560	0.011
BPP_new_20_500_4.C	11	2.600	7.640	0.011
BPP_new_20_500_4.C	11	2.600	7.640	0.011
BPP_new_20_500_5.C	8	0.400	4.960	0.009
BPP_new_20_500_5.C	8	0.200	4.880	0.009
BPP_new_20_500_5.C	8	0.600	5.040	0.009
BPP_new_20_500_5.C	8	0.400	4.960	0.009
BPP_new_20_500_5.C	8	0.200	4.880	0.009
BPP_new_20_500_5.C	8	0.200	4.880	0.009
BPP_new_20_500_5.C	8	0.200	4.880	0.009
BPP_new_20_500_5.C	8	0.000	4.800	0.009
BPP_new_20_500_5.C	8	0.200	4.880	0.009
BPP_new_20_500_5.C	8	0.200	4.880	0.009
BPP_new_20_500_6.C	10	2.200	6.880	0.010
BPP_new_20_500_6.C	10	2.200	6.880	0.010
BPP_new_20_500_6.C	10	2.200	6.880	0.010
BPP_new_20_500_6.C	10	2.200	6.880	0.010
BPP_new_20_500_6.C	10	2.600	7.040	0.010
BPP_new_20_500_6.C	10	2.200	6.880	0.010
BPP_new_20_500_6.C	10	3.000	7.200	0.010
BPP_new_20_500_6.C	10	2.800	7.120	0.010
BPP_new_20_500_6.C	10	2.400	6.960	0.010
BPP_new_20_500_6.C	10	2.400	6.960	0.010
BPP_new_20_500_7.C	13	2.800	8.920	0.011
BPP_new_20_500_7.C	13	2.800	8.920	0.012
BPP_new_20_500_7.C	13	2.800	8.920	0.011
BPP_new_20_500_7.C	13	2.800	8.920	0.012
BPP_new_20_500_7.C	13	2.800	8.920	0.012
BPP_new_20_500_7.C	13	2.800	8.920	0.012
BPP_new_20_500_7.C	13	2.800	8.920	0.012
BPP_new_20_500_7.C	13	2.800	8.920	0.012
BPP_new_20_500_7.C	13	2.800	8.920	0.011
BPP_new_20_500_7.C	13	2.800	8.920	0.012
BPP_new_20_500_8.C	11	2.400	7.560	0.011
BPP_new_20_500_8.C	11	2.400	7.560	0.012
BPP_new_20_500_8.C	11	2.400	7.560	0.012
BPP_new_20_500_8.C	11	2.400	7.560	0.012
BPP_new_20_500_8.C	11	2.600	7.640	0.012
BPP_new_20_500_8.C	11	2.600	7.640	0.011
BPP_new_20_500_8.C	11	2.400	7.560	0.011
BPP_new_20_500_8.C	11	2.400	7.560	0.011
BPP_new_20_500_8.C	11	2.600	7.640	0.012
BPP_new_20_500_8.C	11	2.600	7.640	0.011
BPP_new_20_500_9.C	11	2.400	7.560	0.011
BPP_new_20_500_9.C	11	2.400	7.560	0.011
BPP_new_20_500_9.C	11	2.400	7.560	0.011
BPP_new_20_500_9.C	11	2.400	7.560	0.011
BPP_new_20_500_9.C	11	2.400	7.560	0.011
BPP_new_20_500_9.C	11	2.400	7.560	0.011
BPP_new_20_500_9.C	11	2.400	7.560	0.011
BPP_new_20_500_9.C	11	2.400	7.560	0.011
BPP_new_20_500_9.C	11	2.400	7.560	0.011
BPP_new_20_500_9.C	11	2.400	7.560	0.011
BPP_new_20_50_1.C	13	2.600	8.840	0.012
BPP_new_20_50_1.C	13	2.600	8.840	0.012
BPP_new_20_50_1.C	13	2.600	8.840	0.011
BPP_new_20_50_1.C	13	2.600	8.840	0.012
BPP_new_20_50_1.C	13	2.600	8.840	0.011
BPP_new_20_50_1.C	13	2.600	8.840	0.011
BPP_new_20_50_1.C	13	2.600	8.840	0.011
BPP_new_20_50_1.C	13	2.600	8.840	0.011
BPP_new_20_50_1.C	13	2.600	8.840	0.011
BPP_new_20_50_1.C	13	2.800	8.920	0.011
BPP_new_20_50_10.C	13	3.000	9.000	0.012
BPP_new_20_50_10.C	13	3.000	9.000	0.012
BPP_new_20_50_10.C	13	3.000	9.000	0.012
BPP_new_20_50_10.C	13	3.000	9.000	0.012
BPP_new_20_50_10.C	13	3.000	9.000	0.012
BPP_new_20_50_10.C	13	3.000	9.000	0.012
BPP_new_20_50_10.C	13	3.000	9.000	0.012
BPP_new_20_50_10.C	13	3.000	9.000	0.012
BPP_new_20_50_10.C	13	3.000	9.000	0.012
BPP_new_20_50_10.C	13	3.000	9.000	0.012
BPP_new_20_50_2.C	10	2.200	6.880	0.009
BPP_new_20_50_2.C	10	2.200	6.880	0.010
BPP_new_20_50_2.C	9	3.200	6.680	0.010
BPP_new_20_50_2.C	10	2.200	6.880	0.010
BPP_new_20_50_2.C	9	3.400	6.760	0.010
BPP_new_20_50_2.C	9	3.200	6.680	0.010
BPP_new_20_50_2.C	9	3.200	6.680	0.010
BPP_new_20_50_2.C	10	2.200	6.880	0.010
BPP_new_20_50_2.C	10	2.200	6.880	0.010
BPP_new_20_50_2.C	9	3.400	6.760	0.010
BPP_new_20_50_3.C	9	3.600	6.840	0.010
BPP_new_20_50_3.C	9	3.600	6.840	0.009
BPP_new_20_50_3.C	9	3.600	6.840	0.010
BPP_new_20_50_3.C	9	3.600	6.840	0.010
BPP_new_20_50_3.C	9	3.600	6.840	0.010
BPP_new_20_50_3.C	9	3.600	6.840	0.010
BPP_new_20_50_3.C	9	3.600	6.840	0.010
BPP_new_20_50_3.C	9	3.600	6.840	0.010
BPP_new_20_50_3.C	9	3.600	6.840	0.010
BPP_new_20_50_3.C	8	4.400	6.560	0.009
BPP_new_20_50_4.C	14	3.400	9.760	0.011
BPP_new_20_50_4.C	14	3.400	9.760	0.011
BPP_new_20_50_4.C	14	3.400	9.760	0.011
BPP_new_20_50_4.C	14	3.400	9.760	0.011
BPP_new_20_50_4.C	14	3.400	9.760	0.011
BPP_new_20_50_4.C	14	3.400	9.760	0.011
BPP_new_20_50_4.C	14	3.400	9.760	0.012
BPP_new_20_50_4.C	14	3.400	9.760	0.012
BPP_new_20_50_4.C	14	3.400	9.760	0.011
BPP_new_20_50_4.C	14	3.400	9.760	0.011
BPP_new_20_50_5.C	9	1.800	6.120	0.009
BPP_new_20_50_5.C	9	2.000	6.200	0.009
BPP_new_20_50_5.C	9	1.800	6.120	0.009
BPP_new_20_50_5.C	9	1.800	6.120	0.009
BPP_new_20_50_5.C	9	1.800	6.120	0.009
BPP_new_20_50_5.C	9	1.800	6.120	0.009
BPP_new_20_50_5.C	9	2.000	6.200	0.009
BPP_new_20_50_5.C	9	1.800	6.120	0.009
BPP_new_20_50_5.C	9	1.800	6.120	0.009
BPP_new_20_50_5.C	9	1.800	6.120	0.009
BPP_new_20_50_6.C	9	4.200	7.080	0.010
BPP_new_20_50_6.C	9	3.000	6.600	0.010
BPP_new_20_50_6.C	10	2.800	7.120	0.010
BPP_new_20_50_6.C	9	3.200	6.680	0.010
BPP_new_20_50_6.C	9	3.800	6.920	0.010
BPP_new_20_50_6.C	9	3.800	6.920	0.010
BPP_new_20_50_6.C	9	4.200	7.080	0.010
BPP_new_20_50_6.C	10	2.800	7.120	0.010
BPP_new_20_50_6.C	9	3.000	6.600	0.010
BPP_new_20_50_6.C	9	3.000	6.600	0.010
BPP_new_20_50_7.C	11	2.800	7.720	0.011
BPP_new_20_50_7.C	11	2.800	7.720	0.011
BPP_new_20_50_7.C	11	2.800	7.720	0.011
BPP_new_20_50_7.C	11	2.800	7.720	0.011
BPP_new_20_50_7.C	11	2.800	7.720	0.011
BPP_new_20_50_7.C	11	2.800	7.720	0.011
BPP_new_20_50_7.C	11	2.800	7.720	0.011
BPP_new_20_50_7.C	11	2.800	7.720	0.010
BPP_new_20_50_7.C	11	2.800	7.720	0.011
BPP_new_20_50_7.C	11	2.800	7.720	0.011
BPP_new_20_50_8.C	12	1.000	7.600	0.010
BPP_new_20_50_8.C	12	1.000	7.600	0.011
BPP_new_20_50_8.C	12	1.000	7.600	0.011
BPP_new_20_50_8.C	12	1.000	7.600	0.011
BPP_new_20_50_8.C	12	1.000	7.600	0.011
BPP_new_20_50_8.C	12	1.000	7.600	0.011
BPP_new_20_50_8.C	12	1.000	7.600	0.011
BPP_new_20_50_8.C	12	1.000	7.600	0.010
BPP_new_20_50_8.C	12	1.000	7.600	0.011
BPP_new_20_50_8.C	12	1.000	7.600	0.011
BPP_new_20_50_9.C	9	3.200	6.680	0.009
BPP_new_20_50_9.C	9	3.000	6.600	0.009
BPP_new_20_50_9.C	9	3.200	6.680	0.009
BPP_new_20_50_9.C	9	3.200	6.680	0.010
BPP_new_20_50_9.C	9	3.200	6.680	0.009
BPP_new_20_50_9.C	9	3.200	6.680	0.010
BPP_new_20_50_9.C	9	3.000	6.600	0.009
BPP_new_20_50_9.C	9	3.200	6.680	0.009
BPP_new_20_50_9.C	9	3.200	6.680	0.009
BPP_new_20_50_9.C	9	3.200	6.680	0.010
BPP_new_20_750_1.C	10	1.600	6.640	0.010
BPP_new_20_750_1.C	10	1.400	6.560	0.010
BPP_new_20_750_1.C	10	1.800	6.720	0.010
BPP_new_20_750_1.C	10	2.800	7.120	0.010
BPP_new_20_750_1.C	10	1.800	6.720	0.010
BPP_new_20_750_1.C	10	1.400	6.560	0.010
BPP_new_20_750_1.C	10	2.600	7.040	0.010
BPP_new_20_750_1.C	10	1.800	6.720	0.010
BPP_new_20_750_1.C	10	2.800	7.120	0.010
BPP_new_20_750_1.C	10	2.400	6.960	0.010
BPP_new_20_750_10.C	11	5.000	8.600	0.011
BPP_new_20_750_10.C	11	5.000	8.600	0.011
BPP_new_20_750_10.C	11	5.000	8.600	0.010
BPP_new_20_750_10.C	11	5.000	8.600	0.010
BPP_new_20_750_10.C	11	5.000	8.600	0.010
BPP_new_20_750_10.C	11	5.000	8.600	0.011
BPP_new_20_750_10.C	11	5.000	8.600	0.011
BPP_new_20_750_10.C	11	5.000	8.600	0.010
BPP_new_20_750_10.C	11	5.000	8.600	0.010
BPP_new_20_750_10.C	11	5.000	8.600	0.010
BPP_new_20_750_2.C	9	1.800	6.120	0.009
BPP_new_20_750_2.C	8	2.800	5.920	0.009
BPP_new_20_750_2.C	8	3.200	6.080	0.009
BPP_new_20_750_2.C	9	1.800	6.120	0.009
BPP_new_20_750_2.C	9	1.800	6.120	0.009
BPP_new_20_750_2.C	9	1.800	6.120	0.009
BPP_new_20_750_2.C	9	1.800	6.120	0.009
BPP_new_20_750_2.C	8	3.000	6.000	0.009
BPP_new_20_750_2.C	9	1.800	6.120	0.009
BPP_new_20_750_2.C	9	1.800	6.120	0.009
BPP_new_20_750_3.C	10	1.000	6.400	0.010
BPP_new_20_750_3.C	10	1.000	6.400	0.010
BPP_new_20_750_3.C	10	1.000	6.400	0.009
BPP_new_20_750_3.C	10	1.000	6.400	0.010
BPP_new_20_750_3.C	10	1.000	6.400	0.010
BPP_new_20_750_3.C	10	1.000	6.400	0.010
BPP_new_20_750_3.C	10	1.000	6.400	0.010
BPP_new_20_750_3.C	10	1.000	6.400	0.010
BPP_new_20_750_3.C	10	1.000	6.400	0.010
BPP_new_20_750_3.C	10	1.000	6.400	0.010
BPP_new_20_750_4.C	9	1.200	5.880	0.009
BPP_new_20_750_4.C	9	1.400	5.960	0.009
BPP_new_20_750_4.C	9	1.400	5.960	0.009
BPP_new_20_750_4.C	9	1.200	5.880	0.009
BPP_new_20_750_4.C	9	1.600	6.040	0.009
BPP_new_20_750_4.C	9	1.800	6.120	0.009
BPP_new_20_750_4.C	9	1.200	5.880	0.009
BPP_new_20_750_4.C	9	1.800	6.120	0.009
BPP_new_20_750_4.C	9	1.200	5.880	0.010
BPP_new_20_750_4.C	9	1.200	5.880	0.009
BPP_new_20_750_5.C	12	4.600	9.040	0.011
BPP_new_20_750_5.C	12	4.600	9.040	0.011
BPP_new_20_750_5.C	12	4.600	9.040	0.011
BPP_new_20_750_5.C	12	4.600	9.040	0.010
BPP_new_20_750_5.C	12	4.600	9.040	0.010
BPP_new_20_750_5.C	12	4.600	9.040	0.011
BPP_new_20_750_5.C	12	4.600	9.040	0.011
BPP_new_20_750_5.C	12	4.600	9.040	0.010
BPP_new_20_750_5.C	12	4.600	9.040	0.011
BPP_new_20_750_5.C	12	4.600	9.040	0.011
BPP_new_20_750_6.C	10	0.000	6.000	0.009
BPP_new_20_750_6.C	10	0.000	6.000	0.010
BPP_new_20_750_6.C	10	0.000	6.000	0.010
BPP_new_20_750_6.C	10	0.000	6.000	0.010
BPP_new_20_750_6.C	10	0.000	6.000	0.010
BPP_new_20_750_6.C	10	0.000	6.000	0.010
BPP_new_20_750_6.C	10	0.000	6.000	0.010
BPP_new_20_750_6.C	10	0.000	6.000	0.010
BPP_new_20_750_6.C	10	0.000	6.000	0.010
BPP_new_20_750_6.C	10	0.000	6.000	0.010
BPP_new_20_750_7.C	11	1.800	7.320	0.010
BPP_new_20_750_7.C	11	1.800	7.320	0.010
BPP_new_20_750_7.C	11	1.800	7.320	0.010
BPP_new_20_750_7.C	11	1.800	7.320	0.010
BPP_new_20_750_7.C	11	1.800	7.320	0.010
BPP_new_20_750_7.C	11	1.800	7.320	0.010
BPP_new_20_750_7.C	11	1.800	7.320	0.010
BPP_new_20_750_7.C	11	1.800	7.320	0.010
BPP_new_20_750_7.C	11	1.800	7.320	0.010
BPP_new_20_750_7.C	11	1.800	7.320	0.010
BPP_new_20_750_8.C	9	1.200	5.880	0.009
BPP_new_20_750_8.C	9	1.200	5.880	0.009
BPP_new_20_750_8.C	9	1.200	5.880	0.009
BPP_new_20_750_8.C	9	1.200	5.880	0.009
BPP_new_20_750_8.C	9	1.200	5.880	0.009
BPP_new_20_750_8.C	9	1.200	5.880	0.009
BPP_new_20_750_8.C	9	1.200	5.880	0.009
BPP_new_20_750_8.C	9	1.200	5.880	0.009
BPP_new_20_750_8.C	9	1.200	5.880	0.009
BPP_new_20_750_8.C	9	1.200	5.880	0.009
BPP_new_20_750_9.C	10	3.800	7.520	0.010
BPP_new_20_750_9.C	10	3.800	7.520	0.010
BPP_new_20_750_9.C	10	3.600	7.440	0.010
BPP_new_20_750_9.C	10	3.800	7.520	0.010
BPP_new_20_750_9.C	10	3.800	7.520	0.010
BPP_new_20_750_9.C	10	3.800	7.520	0.010
BPP_new_20_750_9.C	10	3.800	7.520	0.010
BPP_new_20_750_9.C	10	3.800	7.520	0.010
BPP_new_20_750_9.C	10	3.800	7.520	0.010
BPP_new_20_750_9.C	10	3.800	7.520	0.010
BPP_new_20_75_1.C	11	1.200	7.080	0.010
BPP_new_20_75_1.C	11	1.400	7.160	0.010
BPP_new_20_75_1.C	11	1.200	7.080	0.010
BPP_new_20_75_1.C	11	1.400	7.160	0.010
BPP_new_20_75_1.C	11	1.400	7.160	0.010
BPP_new_20_75_1.C	11	1.400	7.160	0.010
BPP_new_20_75_1.C	11	1.400	7.160	0.010
BPP_new_20_75_1.C	11	1.200	7.080	0.010
BPP_new_20_75_1.C	11	1.400	7.160	0.010
BPP_new_20_75_1.C	11	1.400	7.160	0.010
BPP_new_20_75_10.C	9	4.600	7.240	0.010
BPP_new_20_75_10.C	9	4.600	7.240	0.010
BPP_new_20_75_10.C	9	4.600	7.240	0.010
BPP_new_20_75_10.C	9	4.600	7.240	0.010
BPP_new_20_75_10.C	9	4.600	7.240	0.010
BPP_new_20_75_10.C	9	4.600	7.240	0.010
BPP_new_20_75_10.C	9	4.600	7.240	0.010
BPP_new_20_75_10.C	9	4.600	7.240	0.010
BPP_new_20_75_10.C	9	4.600	7.240	0.010
BPP_new_20_75_10.C	9	4.600	7.240	0.010
BPP_new_20_75_2.C	12	3.000	8.400	0.011
BPP_new_20_75_2.C	12	3.000	8.400	0.011
BPP_new_20_75_2.C	12	3.000	8.400	0.011
BPP_new_20_75_2.C	12	3.000	8.400	0.011
BPP_new_20_75_2.C	12	3.000	8.400	0.011
BPP_new_20_75_2.C	12	3.000	8.400	0.011
BPP_new_20_75_2.C	12	3.000	8.400	0.011
BPP_new_20_75_2.C	12	3.000	8.400	0.011
BPP_new_20_75_2.C	12	3.000	8.400	0.011
BPP_new_20_75_2.C	12	3.000	8.400	0.011
BPP_new_20_75_3.C	10	2.600	7.040	0.011
BPP_new_20_75_3.C	10	2.600	7.040	0.011
BPP_new_20_75_3.C	10	2.600	7.040	0.011
BPP_new_20_75_3.C	10	2.600	7.040	0.011
BPP_new_20_75_3.C	10	2.800	7.120	0.011
BPP_new_20_75_3.C	10	2.600	7.040	0.011
BPP_new_20_75_3.C	10	2.800	7.120	0.010
BPP_new_20_75_3.C	10	2.600	7.040	0.011
BPP_new_20_75_3.C	10	2.600	7.040	0.010
BPP_new_20_75_3.C	10	2.800	7.120	0.010
BPP_new_20_75_4.C	10	4.200	7.680	0.010
BPP_new_20_75_4.C	10	4.600	7.840	0.010
BPP_new_20_75_4.C	10	4.600	7.840	0.010
BPP_new_20_75_4.C	10	4.200	7.680	0.011
BPP_new_20_75_4.C	10	4.200	7.680	0.010
BPP_new_20_75_4.C	10	4.200	7.680	0.010
BPP_new_20_75_4.C	10	4.200	7.680	0.011
BPP_new_20_75_4.C	10	4.200	7.680	0.010
BPP_new_20_75_4.C	10	4.200	7.680	0.010
BPP_new_20_75_4.C	10	4.200	7.680	0.010
BPP_new_20_75_5.C	10	5.200	8.080	0.011
BPP_new_20_75_5.C	10	5.200	8.080	0.010
BPP_new_20_75_5.C	10	5.200	8.080	0.010
BPP_new_20_75_5.C	10	5.200	8.080	0.010
BPP_new_20_75_5.C	10	5.200	8.080	0.010
BPP_new_20_75_5.C	10	5.200	8.080	0.010
BPP_new_20_75_5.C	10	5.200	8.080	0.010
BPP_new_20_75_5.C	10	5.200	8.080	0.010
BPP_new_20_75_5.C	10	5.200	8.080	0.010
BPP_new_20_75_5.C	10	5.200	8.080	0.010
BPP_new_20_75_6.C	6	2.600	4.640	0.008
BPP_new_20_75_6.C	6	2.600	4.640	0.008
BPP_new_20_75_6.C	6	2.800	4.720	0.008
BPP_new_20_75_6.C	6	2.600	4.640	0.008
BPP_new_20_75_6.C	6	2.800	4.720	0.008
BPP_new_20_75_6.C	6	2.600	4.640	0.008
BPP_new_20_75_6.C	6	2.800	4.720	0.008
BPP_new_20_75_6.C	6	2.800	4.720	0.008
BPP_new_20_75_6.C	6	2.600	4.640	0.008
BPP_new_20_75_6.C	6	2.800	4.720	0.008
BPP_new_20_75_7.C	9	1.800	6.120	0.009
BPP_new_20_75_7.C	9	1.800	6.120	0.009
BPP_new_20_75_7.C	9	1.800	6.120	0.009
BPP_new_20_75_7.C	9	1.800	6.120	0.009
BPP_new_20_75_7.C	9	1.800	6.120	0.009
BPP_new_20_75_7.C	9	1.800	6.120	0.009
BPP_new_20_75_7.C	9	1.800	6.120	0.009
BPP_new_20_75_7.C	9	1.800	6.120	0.009
BPP_new_20_75_7.C	9	1.800	6.120	0.009
BPP_new_20_75_7.C	9	1.800	6.120	0.009
BPP_new_20_75_8.C	8	3.000	6.000	0.008
BPP_new_20_75_8.C	8	2.800	5.920	0.009
BPP_new_20_75_8.C	8	3.000	6.000	0.009
BPP_new_20_75_8.C	8	2.600	5.840	0.008
BPP_new_20_75_8.C	8	2.800	5.920	0.009
BPP_new_20_75_8.C	8	2.800	5.920	0.009
BPP_new_20_75_8.C	8	2.800	5.920	0.009
BPP_new_20_75_8.C	8	2.600	5.840	0.008
BPP_new_20_75_8.C	8	2.800	5.920	0.009
BPP_new_20_75_8.C	8	3.000	6.000	0.009
BPP_new_20_75_9.C	10	4.400	7.760	0.010
BPP_new_20_75_9.C	10	4.400	7.760	0.010
BPP_new_20_75_9.C	10	4.400	7.760	0.010
BPP_new_20_75_9.C	10	4.400	7.760	0.010
BPP_new_20_75_9.C	10	4.400	7.760	0.010
BPP_new_20_75_9.C	10	4.400	7.760	0.010
BPP_new_20_75_9.C	10	4.400	7.760	0.010
BPP_new_20_75_9.C	10	4.400	7.760	0.010
BPP_new_20_75_9.C	10	4.400	7.760	0.010
BPP_new_20_75_9.C	10	4.400	7.760	0.010
HBPP_02015007_09180.C	10	1.000	6.400	0.009
HBPP_02015007_09180.C	10	1.000	6.400	0.009
HBPP_02015007_09180.C	10	1.000	6.400	0.009
HBPP_02015007_09180.C	10	1.000	6.400	0.010
HBPP_02015007_09180.C	10	1.000	6.400	0.009
HBPP_02015007_09180.C	10	1.000	6.400	0.010
HBPP_02015007_09180.C	10	1.000	6.400	0.009
HBPP_02015007_09180.C	10	1.000	6.400	0.009
HBPP_02015007_09180.C	10	1.000	6.400	0.009
HBPP_02015007_09180.C	10	1.000	6.400	0.010
HBPP_04000107_06970.C	16	4.000	11.200	0.035
HBPP_04000107_06970.C	16	3.600	11.040	0.035
HBPP_04000107_06970.C	16	4.000	11.200	0.038
HBPP_04000107_06970.C	16	4.600	11.440	0.036
HBPP_04000107_06970.C	16	3.400	10.960	0.035
HBPP_04000107_06970.C	16	3.400	10.960	0.036
HBPP_04000107_06970.C	16	4.400	11.360	0.036
HBPP_04000107_06970.C	16	3.400	10.960	0.036
HBPP_04000107_06970.C	16	3.600	11.040	0.036
HBPP_04000107_06970.C	16	4.600	11.440	0.036
HBPP_04005007_06120.C	16	2.400	10.560	0.034
HBPP_04005007_06120.C	16	3.200	10.880	0.035
HBPP_04005007_06120.C	16	3.600	11.040	0.034
HBPP_04005007_06120.C	16	3.000	10.800	0.034
HBPP_04005007_06120.C	16	3.600	11.040	0.034
HBPP_04005007_06120.C	16	3.600	11.040	0.035
HBPP_04005007_06120.C	16	3.600	11.040	0.036
HBPP_04005007_06120.C	16	3.600	11.040	0.035
HBPP_04005007_06120.C	16	3.200	10.880	0.036
HBPP_04005007_06120.C	16	2.600	10.640	0.035
HBPP_04005009_03610.C	20	4.400	13.760	0.041
HBPP_04005009_03610.C	20	3.600	13.440	0.043
HBPP_04005009_03610.C	20	4.400	13.760	0.044
HBPP_04005009_03610.C	21	3.600	14.040	0.043
HBPP_04005009_03610.C	21	3.800	14.120	0.043
HBPP_04005009_03610.C	21	3.600	14.040	0.043
HBPP_04005009_03610.C	20	4.200	13.680	0.042
HBPP_04005009_03610.C	20	4.400	13.760	0.043
HBPP_04005009_03610.C	21	3.600	14.040	0.044
HBPP_04005009_03610.C	20	4.400	13.760	0.043
HBPP_06000106_07820.C	22	3.800	14.720	0.078
HBPP_06000106_07820.C	22	3.800	14.720	0.081
HBPP_06000106_07820.C	22	3.800	14.720	0.079
HBPP_06000106_07820.C	22	3.800	14.720	0.079
HBPP_06000106_07820.C	22	3.800	14.720	0.079
HBPP_06000106_07820.C	22	3.800	14.720	0.078
HBPP_06000106_07820.C	22	3.800	14.720	0.078
HBPP_06000106_07820.C	22	3.800	14.720	0.079
HBPP_06000106_07820.C	22	3.800	14.720	0.078
HBPP_06000106_07820.C	22	3.800	14.720	0.079
HBPP_06000110_01950.C	28	4.400	18.560	0.093
HBPP_06000110_01950.C	28	5.600	19.040	0.091
HBPP_06000110_01950.C	28	4.600	18.640	0.091
HBPP_06000110_01950.C	28	5.200	18.880	0.091
HBPP_06000110_01950.C	28	4.400	18.560	0.090
HBPP_06000110_01950.C	28	5.200	18.880	0.091
HBPP_06000110_01950.C	28	4.600	18.640	0.090
HBPP_06000110_01950.C	28	4.200	18.480	0.090
HBPP_06000110_01950.C	28	4.800	18.720	0.089
HBPP_06000110_01950.C	28	4.200	18.480	0.091
HBPP_06005007_00330.C	25	3.600	16.440	0.085
HBPP_06005007_00330.C	25	3.600	16.440	0.083
HBPP_06005007_00330.C	25	3.600	16.440	0.082
HBPP_06005007_00330.C	25	3.600	16.440	0.084
HBPP_06005007_00330.C	25	3.600	16.440	0.082
HBPP_06005007_00330.C	25	3.600	16.440	0.084
HBPP_06005007_00330.C	25	3.600	16.440	0.085
HBPP_06005007_00330.C	25	3.600	16.440	0.085
HBPP_06005007_00330.C	25	3.600	16.440	0.081
HBPP_06005007_00330.C	25	3.600	16.440	0.084
HBPP_06005007_03820.C	23	2.600	14.840	0.079
HBPP_06005007_03820.C	23	2.600	14.840	0.079
HBPP_06005007_03820.C	23	2.600	14.840	0.080
HBPP_06005007_03820.C	23	2.600	14.840	0.079
HBPP_06005007_03820.C	23	2.600	14.840	0.082
HBPP_06005007_03820.C	23	2.600	14.840	0.081
HBPP_06005007_03820.C	23	2.600	14.840	0.079
HBPP_06005007_03820.C	23	2.600	14.840	0.080
HBPP_06005007_03820.C	23	2.600	14.840	0.081
HBPP_06005007_03820.C	23	2.600	14.840	0.080
HBPP_06005008_07550.C	25	4.200	16.680	0.086
HBPP_06005008_07550.C	25	4.200	16.680	0.088
HBPP_06005008_07550.C	25	4.200	16.680	0.091
HBPP_06005008_07550.C	25	4.200	16.680	0.089
HBPP_06005008_07550.C	25	4.200	16.680	0.088
HBPP_06005008_07550.C	25	4.200	16.680	0.088
HBPP_06005008_07550.C	25	4.200	16.680	0.088
HBPP_06005008_07550.C	25	4.200	16.680	0.092
HBPP_06005008_07550.C	25	4.200	16.680	0.089
HBPP_06005008_07550.C	25	4.200	16.680	0.087
HBPP_06015006_00670.C	27	3.400	17.560	0.092
HBPP_06015006_00670.C	27	5.000	18.200	0.091
HBPP_06015006_00670.C	27	3.600	17.640	0.091
HBPP_06015006_00670.C	27	4.000	17.800	0.090
HBPP_06015006_00670.C	27	4.800	18.120	0.091
HBPP_06015006_00670.C	27	3.600	17.640	0.090
HBPP_06015006_00670.C	26	4.200	17.280	0.090
HBPP_06015006_00670.C	27	5.000	18.200	0.092
HBPP_06015006_00670.C	27	4.000	17.800	0.091
HBPP_06015006_00670.C	26	3.600	17.040	0.090
HBPP_06015009_04030.C	32	5.800	21.520	0.101
HBPP_06015009_04030.C	32	5.800	21.520	0.103
HBPP_06015009_04030.C	32	5.800	21.520	0.102
HBPP_06015009_04030.C	32	5.800	21.520	0.103
HBPP_06015009_04030.C	32	5.800	21.520	0.103
HBPP_06015009_04030.C	32	5.800	21.520	0.100
HBPP_06015009_04030.C	32	5.800	21.520	0.107
HBPP_06015009_04030.C	32	5.800	21.520	0.101
HBPP_06015009_04030.C	32	5.800	21.520	0.100
HBPP_06015009_04030.C	32	5.800	21.520	0.100
HBPP_06015010_07710.C	35	4.400	22.760	0.105
HBPP_06015010_07710.C	36	4.000	23.200	0.107
HBPP_06015010_07710.C	35	4.600	22.840	0.109
HBPP_06015010_07710.C	35	3.200	22.280	0.103
HBPP_06015010_07710.C	36	4.000	23.200	0.106
HBPP_06015010_07710.C	36	4.000	23.200	0.106
HBPP_06015010_07710.C	36	4.000	23.200	0.107
HBPP_06015010_07710.C	36	4.000	23.200	0.107
HBPP_06015010_07710.C	35	5.400	23.160	0.106
HBPP_06015010_07710.C	36	4.000	23.200	0.106
HBPP_06025005_06390.C	26	6.400	18.160	0.082
HBPP_06025005_06390.C	26	6.400	18.160	0.081
HBPP_06025005_06390.C	26	6.400	18.160	0.080
HBPP_06025005_06390.C	25	7.800	18.120	0.079
HBPP_06025005_06390.C	26	6.400	18.160	0.080
HBPP_06025005_06390.C	26	6.400	18.160	0.079
HBPP_06025005_06390.C	26	6.400	18.160	0.083
HBPP_06025005_06390.C	26	6.400	18.160	0.079
HBPP_06025005_06390.C	25	7.800	18.120	0.080
HBPP_06025005_06390.C	26	6.400	18.160	0.080
HBPP_08000107_06240.C	30	6.800	20.720	0.168
HBPP_08000107_06240.C	30	6.800	20.720	0.167
HBPP_08000107_06240.C	30	6.800	20.720	0.166
HBPP_08000107_06240.C	30	6.800	20.720	0.170
HBPP_08000107_06240.C	30	6.800	20.720	0.170
HBPP_08000107_06240.C	30	6.800	20.720	0.167
HBPP_08000107_06240.C	30	6.600	20.640	0.170
HBPP_08000107_06240.C	30	6.800	20.720	0.167
HBPP_08000107_06240.C	30	6.800	20.720	0.169
HBPP_08000107_06240.C	30	6.800	20.720	0.171
HBPP_08005006_08620.C	29	6.400	19.960	0.150
HBPP_08005006_08620.C	28	7.800	19.920	0.151
HBPP_08005006_08620.C	28	7.200	19.680	0.145
HBPP_08005006_08620.C	28	7.400	19.760	0.146
HBPP_08005006_08620.C	28	7.800	19.920	0.148
HBPP_08005006_08620.C	28	7.200	19.680	0.147
HBPP_08005006_08620.C	28	7.800	19.920	0.145
HBPP_08005006_08620.C	28	7.200	19.680	0.151
HBPP_08005006_08620.C	28	6.000	19.200	0.147
HBPP_08005006_08620.C	28	7.600	19.840	0.147
HBPP_08005007_03940.C	32	6.400	21.760	0.155
HBPP_08005007_03940.C	31	7.800	21.720	0.152
HBPP_08005007_03940.C	30	9.000	21.600	0.154
HBPP_08005007_03940.C	30	8.400	21.360	0.157
HBPP_08005007_03940.C	32	6.400	21.760	0.155
HBPP_08005007_03940.C	30	8.800	21.520	0.154
HBPP_08005007_03940.C	32	6.400	21.760	0.157
HBPP_08005007_03940.C	30	8.800	21.520	0.153
HBPP_08005007_03940.C	30	8.800	21.520	0.154
HBPP_08005007_03940.C	32	6.400	21.760	0.156
HBPP_10000107_05080.C	40	7.200	26.880	0.288
HBPP_10000107_05080.C	40	7.000	26.800	0.285
HBPP_10000107_05080.C	40	7.200	26.880	0.286
HBPP_10000107_05080.C	40	7.000	26.800	0.284
HBPP_10000107_05080.C	40	7.000	26.800	0.283
HBPP_10000107_05080.C	40	7.000	26.800	0.289
HBPP_10000107_05080.C	40	7.200	26.880	0.286
HBPP_10000107_05080.C	40	7.200	26.880	0.285
HBPP_10000107_05080.C	40	7.200	26.880	0.284
HBPP_10000107_05080.C	40	7.200	26.880	0.286
HBPP_10000107_07330.C	38	4.800	24.720	0.269
HBPP_10000107_07330.C	38	4.800	24.720	0.273
HBPP_10000107_07330.C	38	4.800	24.720	0.268
HBPP_10000107_07330.C	38	4.800	24.720	0.265
HBPP_10000107_07330.C	38	4.800	24.720	0.268
HBPP_10000107_07330.C	38	4.800	24.720	0.265
HBPP_10000107_07330.C	38	4.800	24.720	0.270
HBPP_10000107_07330.C	38	4.800	24.720	0.271
HBPP_10000107_07330.C	38	4.800	24.720	0.271
HBPP_10000107_07330.C	38	4.800	24.720	0.268
HBPP_10000108_02570.C	41	7.200	27.480	0.288
HBPP_10000108_02570.C	43	7.000	28.600	0.290
HBPP_10000108_02570.C	41	7.000	27.400	0.293
HBPP_10000108_02570.C	42	9.000	28.800	0.288
HBPP_10000108_02570.C	42	8.800	28.720	0.290
HBPP_10000108_02570.C	42	8.600	28.640	0.296
HBPP_10000108_02570.C	42	7.800	28.320	0.300
HBPP_10000108_02570.C	42	7.200	28.080	0.306
HBPP_10000108_02570.C	42	7.200	28.080	0.293
HBPP_10000108_02570.C	42	7.200	28.080	0.295
HBPP_10015007_04640.C	49	6.600	32.040	0.328
HBPP_10015007_04640.C	49	6.600	32.040	0.311
HBPP_10015007_04640.C	49	6.600	32.040	0.309
HBPP_10015007_04640.C	49	6.600	32.040	0.311
HBPP_10015007_04640.C	47	9.400	31.960	0.314
HBPP_10015007_04640.C	49	6.600	32.040	0.312
HBPP_10015007_04640.C	49	6.600	32.040	0.309
HBPP_10015007_04640.C	49	6.600	32.040	0.315
HBPP_10015007_04640.C	47	9.400	31.960	0.309
HBPP_10015007_04640.C	49	6.600	32.040	0.311
HBPP_12000107_08940.C	49	7.600	32.440	0.453
HBPP_12000107_08940.C	49	7.600	32.440	0.446
HBPP_12000107_08940.C	49	7.600	32.440	0.446
HBPP_12000107_08940.C	49	7.600	32.440	0.443
HBPP_12000107_08940.C	49	7.600	32.440	0.444
HBPP_12000107_08940.C	49	7.600	32.440	0.442
HBPP_12000107_08940.C	49	7.600	32.440	0.442
HBPP_12000107_08940.C	49	7.600	32.440	0.445
HBPP_12000107_08940.C	49	7.600	32.440	0.442
HBPP_12000107_08940.C	49	7.600	32.440	0.449
HBPP_12000108_00350.C	48	4.200	30.480	0.444
HBPP_12000108_00350.C	48	4.200	30.480	0.442
HBPP_12000108_00350.C	48	4.200	30.480	0.438
HBPP_12000108_00350.C	48	4.200	30.480	0.441
HBPP_12000108_00350.C	48	4.200	30.480	0.450
HBPP_12000108_00350.C	48	4.200	30.480	0.445
HBPP_12000108_00350.C	48	4.200	30.480	0.451
HBPP_12000108_00350.C	48	4.200	30.480	0.449
HBPP_12000108_00350.C	48	4.200	30.480	0.450
HBPP_12000108_00350.C	48	4.200	30.480	0.444
HBPP_12000109_09170.C	62	6.200	39.680	0.523
HBPP_12000109_09170.C	62	6.200	39.680	0.539
HBPP_12000109_09170.C	62	6.200	39.680	0.588
HBPP_12000109_09170.C	61	6.400	39.160	0.534
HBPP_12000109_09170.C	61	7.400	39.560	0.539
HBPP_12000109_09170.C	62	6.200	39.680	0.528
HBPP_12000109_09170.C	62	6.200	39.680	0.523
HBPP_12000109_09170.C	61	7.600	39.640	0.526
HBPP_12000109_09170.C	62	6.200	39.680	0.521
HBPP_12000109_09170.C	61	5.200	38.680	0.555
HBPP_12000110_06550.C	66	7.800	42.720	0.565
HBPP_12000110_06550.C	66	7.800	42.720	0.559
HBPP_12000110_06550.C	66	7.800	42.720	0.566
HBPP_12000110_06550.C	66	8.000	42.800	0.566
HBPP_12000110_06550.C	66	7.800	42.720	0.584
HBPP_12000110_06550.C	66	8.200	42.880	0.574
HBPP_12000110_06550.C	65	6.800	41.720	0.558
HBPP_12000110_06550.C	65	7.000	41.800	0.565
HBPP_12000110_06550.C	66	8.000	42.800	0.563
HBPP_12000110_06550.C	66	8.200	42.880	0.578
HBPP_12005007_01380.C	57	6.000	36.600	0.505
HBPP_12005007_01380.C	55	10.200	37.080	0.504
HBPP_12005007_01380.C	56	10.200	37.680	0.517
HBPP_12005007_01380.C	58	8.000	38.000	0.514
HBPP_12005007_01380.C	57	7.000	37.000	0.489
HBPP_12005007_01380.C	57	8.600	37.640	0.508
HBPP_12005007_01380.C	56	9.200	37.280	0.494
HBPP_12005007_01380.C	57	7.400	37.160	0.576
HBPP_12005007_01380.C	58	8.000	38.000	0.502
HBPP_12005007_01380.C	57	9.000	37.800	0.494
HBPP_12005007_01800.C	48	6.800	31.520	0.440
HBPP_12005007_01800.C	48	6.800	31.520	0.435
HBPP_12005007_01800.C	48	6.800	31.520	0.438
HBPP_12005007_01800.C	48	6.800	31.520	0.442
HBPP_12005007_01800.C	48	6.800	31.520	0.437
HBPP_12005007_01800.C	48	6.800	31.520	0.441
HBPP_12005007_01800.C	48	6.800	31.520	0.437
HBPP_12005007_01800.C	48	6.800	31.520	0.440
HBPP_12005007_01800.C	48	6.800	31.520	0.434
HBPP_12005007_01800.C	48	6.800	31.520	0.439
HBPP_12005007_03240.C	47	5.200	30.280	0.420
HBPP_12005007_03240.C	47	5.200	30.280	0.422
HBPP_12005007_03240.C	47	5.200	30.280	0.420
HBPP_12005007_03240.C	47	5.200	30.280	0.427
HBPP_12005007_03240.C	47	5.200	30.280	0.425
HBPP_12005007_03240.C	47	5.200	30.280	0.428
HBPP_12005007_03240.C	47	5.200	30.280	0.420
HBPP_12005007_03240.C	47	5.200	30.280	0.458
HBPP_12005007_03240.C	47	5.200	30.280	0.429
HBPP_12005007_03240.C	47	5.200	30.280	0.418
HBPP_12005008_04500.C	60	10.600	40.240	0.535
HBPP_12005008_04500.C	60	9.400	39.760	0.535
HBPP_12005008_04500.C	60	9.600	39.840	0.524
HBPP_12005008_04500.C	61	9.200	40.280	0.532
HBPP_12005008_04500.C	60	9.400	39.760	0.527
HBPP_12005008_04500.C	60	10.600	40.240	0.519
HBPP_12005008_04500.C	61	9.200	40.280	0.516
HBPP_12005008_04500.C	61	9.200	40.280	0.560
HBPP_12005008_04500.C	61	9.200	40.280	0.526
HBPP_12005008_04500.C	60	9.200	39.680	0.531
HBPP_12015007_01650.C	58	7.800	37.920	0.478
HBPP_12015007_01650.C	58	7.800	37.920	0.491
HBPP_12015007_01650.C	58	7.800	37.920	0.494
HBPP_12015007_01650.C	58	7.800	37.920	0.483
HBPP_12015007_01650.C	58	7.800	37.920	0.506
HBPP_12015007_01650.C	58	7.800	37.920	0.487
HBPP_12015007_01650.C	58	7.800	37.920	0.489
HBPP_12015007_01650.C	58	7.800	37.920	0.481
HBPP_12015007_01650.C	58	7.800	37.920	0.485
HBPP_12015007_01650.C	58	7.800	37.920	0.490
HBPP_12015009_07400.C	66	10.000	43.600	0.544
HBPP_12015009_07400.C	66	10.000	43.600	0.533
HBPP_12015009_07400.C	66	10.000	43.600	0.539
HBPP_12015009_07400.C	66	10.000	43.600	0.533
HBPP_12015009_07400.C	66	10.000	43.600	0.538
HBPP_12015009_07400.C	66	10.000	43.600	0.552
HBPP_12015009_07400.C	66	10.000	43.600	0.534
HBPP_12015009_07400.C	66	10.000	43.600	0.557
HBPP_12015009_07400.C	66	10.000	43.600	0.534
HBPP_12015009_07400.C	66	10.000	43.600	0.537
HBPP_14005010_04470.C	86	13.600	57.040	0.872
HBPP_14005010_04470.C	85	14.400	56.760	0.866
HBPP_14005010_04470.C	85	14.400	56.760	0.872
HBPP_14005010_04470.C	85	12.600	56.040	0.874
HBPP_14005010_04470.C	85	12.600	56.040	0.892
HBPP_14005010_04470.C	86	13.600	57.040	0.863
HBPP_14005010_04470.C	86	13.600	57.040	0.869
HBPP_14005010_04470.C	85	12.600	56.040	0.873
HBPP_14005010_04470.C	86	13.600	57.040	0.903
HBPP_14005010_04470.C	86	13.600	57.040	0.865
HBPP_14015007_01210.C	69	8.800	44.920	0.719
HBPP_14015007_01210.C	69	8.800	44.920	0.713
HBPP_14015007_01210.C	69	8.800	44.920	0.715
HBPP_14015007_01210.C	69	8.800	44.920	0.713
HBPP_14015007_01210.C	69	8.800	44.920	0.709
HBPP_14015007_01210.C	69	8.800	44.920	0.719
HBPP_14015007_01210.C	69	8.800	44.920	0.725
HBPP_14015007_01210.C	69	8.800	44.920	0.721
HBPP_14015007_01210.C	69	8.800	44.920	0.721
HBPP_14015007_01210.C	69	8.800	44.920	0.717
HBPP_14015008_03730.C	72	9.000	46.800	0.756
HBPP_14015008_03730.C	72	9.000	46.800	0.748
HBPP_14015008_03730.C	72	9.000	46.800	0.752
HBPP_14015008_03730.C	72	9.000	46.800	0.740
HBPP_14015008_03730.C	72	9.000	46.800	0.763
HBPP_14015008_03730.C	72	9.000	46.800	0.747
HBPP_14015008_03730.C	72	9.000	46.800	0.764
HBPP_14015008_03730.C	72	9.000	46.800	0.747
HBPP_14015008_03730.C	72	9.000	46.800	0.752
HBPP_14015008_03730.C	72	9.000	46.800	0.749
HBPP_16000107_00140.C	67	15.800	46.520	1.082
HBPP_16000107_00140.C	67	15.800	46.520	1.057
HBPP_16000107_00140.C	67	15.800	46.520	1.058
HBPP_16000107_00140.C	67	15.800	46.520	1.061
HBPP_16000107_00140.C	67	15.800	46.520	1.066
HBPP_16000107_00140.C	67	15.800	46.520	1.057
HBPP_16000107_00140.C	67	15.800	46.520	1.067
HBPP_16000107_00140.C	66	14.800	45.520	1.059
HBPP_16000107_00140.C	67	15.800	46.520	1.074
HBPP_16000107_00140.C	67	15.800	46.520	1.074
HBPP_16000108_01490.C	74	14.400	50.160	1.095
HBPP_16000108_01490.C	74	14.400	50.160	1.100
HBPP_16000108_01490.C	74	14.400	50.160	1.078
HBPP_16000108_01490.C	74	14.400	50.160	1.084
HBPP_16000108_01490.C	74	14.400	50.160	1.079
HBPP_16000108_01490.C	74	14.400	50.160	1.077
HBPP_16000108_01490.C	72	17.200	50.080	1.174
HBPP_16000108_01490.C	74	14.400	50.160	1.087
HBPP_16000108_01490.C	74	14.400	50.160	1.089
HBPP_16000108_01490.C	74	14.400	50.160	1.084
HBPP_16000110_02790.C	90	17.200	60.880	1.230
HBPP_16000110_02790.C	90	17.200	60.880	1.247
HBPP_16000110_02790.C	91	18.200	61.880	1.227
HBPP_16000110_02790.C	91	18.200	61.880	1.252
HBPP_16000110_02790.C	90	17.200	60.880	1.218
HBPP_16000110_02790.C	91	18.200	61.880	1.225
HBPP_16000110_02790.C	91	18.200	61.880	1.223
HBPP_16000110_02790.C	91	18.200	61.880	1.246
HBPP_16000110_02790.C	91	18.200	61.880	1.229
HBPP_16000110_02790.C	91	18.200	61.880	1.241
HBPP_16005009_00010.C	84	14.400	56.160	1.135
HBPP_16005009_00010.C	84	14.400	56.160	1.150
HBPP_16005009_00010.C	84	14.400	56.160	1.121
HBPP_16005009_00010.C	84	14.400	56.160	1.135
HBPP_16005009_00010.C	84	14.400	56.160	1.117
HBPP_16005009_00010.C	84	14.400	56.160	1.132
HBPP_16005009_00010.C	84	14.400	56.160	1.130
HBPP_16005009_00010.C	84	14.400	56.160	1.122
HBPP_16005009_00010.C	84	14.400	56.160	1.166
HBPP_16005009_00010.C	84	14.400	56.160	1.126
HBPP_16005009_01610.C	87	13.800	57.720	1.123
HBPP_16005009_01610.C	87	13.800	57.720	1.164
HBPP_16005009_01610.C	87	13.800	57.720	1.170
HBPP_16005009_01610.C	87	13.800	57.720	1.148
HBPP_16005009_01610.C	87	13.800	57.720	1.151
HBPP_16005009_01610.C	86	15.200	57.680	1.170
HBPP_16005009_01610.C	87	13.800	57.720	1.132
HBPP_16005009_01610.C	87	13.800	57.720	1.190
HBPP_16005009_01610.C	87	13.800	57.720	1.142
HBPP_16005009_01610.C	87	13.800	57.720	1.123
HBPP_16015007_02060.C	80	11.600	52.640	1.159
HBPP_16015007_02060.C	81	12.400	53.560	1.128
HBPP_16015007_02060.C	81	12.400	53.560	1.089
HBPP_16015007_02060.C	81	12.400	53.560	1.067
HBPP_16015007_02060.C	81	12.400	53.560	1.107
HBPP_16015007_02060.C	81	12.400	53.560	1.053
HBPP_16015007_02060.C	81	12.400	53.560	1.092
HBPP_16015007_02060.C	80	11.600	52.640	1.099
HBPP_16015007_02060.C	81	12.400	53.560	1.111
HBPP_16015007_02060.C	81	12.400	53.560	1.075
HBPP_16015009_09810.C	91	15.800	60.920	1.158
HBPP_16015009_09810.C	91	15.800	60.920	1.188
HBPP_16015009_09810.C	91	15.800	60.920	1.183
HBPP_16015009_09810.C	91	15.800	60.920	1.185
HBPP_16015009_09810.C	91	15.800	60.920	1.166
HBPP_16015009_09810.C	91	15.800	60.920	1.221
HBPP_16015009_09810.C	91	15.800	60.920	1.159
HBPP_16015009_09810.C	91	15.800	60.920	1.174
HBPP_16015009_09810.C	91	15.800	60.920	1.183
HBPP_16015009_09810.C	91	15.800	60.920	1.167
HBPP_18000108_03590.C	85	10.600	55.240	1.437
HBPP_18000108_03590.C	86	11.200	56.080	1.421
HBPP_18000108_03590.C	86	11.200	56.080	1.419
HBPP_18000108_03590.C	85	10.600	55.240	1.446
HBPP_18000108_03590.C	86	11.200	56.080	1.436
HBPP_18000108_03590.C	85	10.600	55.240	1.429
HBPP_18000108_03590.C	86	11.200	56.080	1.418
HBPP_18000108_03590.C	86	11.200	56.080	1.448
HBPP_18000108_03590.C	86	11.200	56.080	1.446
HBPP_18000108_03590.C	86	11.200	56.080	1.417
HBPP_18000108_07160.C	84	11.800	55.120	1.448
HBPP_18000108_07160.C	84	11.800	55.120	1.450
HBPP_18000108_07160.C	84	11.800	55.120	1.456
HBPP_18000108_07160.C	84	11.800	55.120	1.458
HBPP_18000108_07160.C	84	11.800	55.120	1.460
HBPP_18000108_07160.C	84	11.800	55.120	1.462
HBPP_18000108_07160.C	84	11.800	55.120	1.458
HBPP_18000108_07160.C	84	11.800	55.120	1.450
HBPP_18000108_07160.C	84	11.800	55.120	1.429
HBPP_18000108_07160.C	84	11.800	55.120	1.446
HBPP_18000110_04390.C	94	9.800	60.320	1.577
HBPP_18000110_04390.C	94	9.800	60.320	1.577
HBPP_18000110_04390.C	94	9.800	60.320	1.603
HBPP_18000110_04390.C	94	9.800	60.320	1.579
HBPP_18000110_04390.C	94	9.800	60.320	1.601
HBPP_18000110_04390.C	94	9.800	60.320	1.674
HBPP_18000110_04390.C	94	9.800	60.320	1.569
HBPP_18000110_04390.C	94	9.800	60.320	1.571
HBPP_18000110_04390.C	94	9.800	60.320	1.659
HBPP_18000110_04390.C	94	9.800	60.320	1.619
HBPP_18015008_08210.C	98	17.600	65.840	1.559
HBPP_18015008_08210.C	97	19.200	65.880	1.549
HBPP_18015008_08210.C	97	19.200	65.880	1.550
HBPP_18015008_08210.C	97	19.200	65.880	1.552
HBPP_18015008_08210.C	97	19.200	65.880	1.564
HBPP_18015008_08210.C	95	18.600	64.440	1.568
HBPP_18015008_08210.C	97	19.200	65.880	1.549
HBPP_18015008_08210.C	97	19.200	65.880	1.635
HBPP_18015008_08210.C	97	19.200	65.880	1.553
HBPP_18015008_08210.C	96	18.200	64.880	1.561
HBPP_18015010_06050.C	113	12.800	72.920	1.873
HBPP_18015010_06050.C	114	13.400	73.760	1.837
HBPP_18015010_06050.C	114	13.400	73.760	1.788
HBPP_18015010_06050.C	114	13.400	73.760	1.803
HBPP_18015010_06050.C	114	13.400	73.760	1.782
HBPP_18015010_06050.C	114	13.400	73.760	1.847
HBPP_18015010_06050.C	114	13.400	73.760	1.785
HBPP_18015010_06050.C	114	13.400	73.760	1.817
HBPP_18015010_06050.C	114	13.400	73.760	1.798
HBPP_18015010_06050.C	114	13.400	73.760	1.755
HBPP_20000107_01190.C	84	8.000	53.600	1.749
HBPP_20000107_01190.C	84	8.000	53.600	1.723
HBPP_20000107_01190.C	84	8.000	53.600	1.739
HBPP_20000107_01190.C	84	8.000	53.600	1.715
HBPP_20000107_01190.C	84	8.000	53.600	1.729
HBPP_20000107_01190.C	84	8.000	53.600	1.762
HBPP_20000107_01190.C	84	8.000	53.600	1.723
HBPP_20000107_01190.C	84	8.000	53.600	1.716
HBPP_20000107_01190.C	84	8.000	53.600	1.740
HBPP_20000107_01190.C	84	8.000	53.600	1.746
HBPP_20000108_00250.C	85	15.800	57.320	1.809
HBPP_20000108_00250.C	85	15.800	57.320	1.849
HBPP_20000108_00250.C	85	15.800	57.320	1.808
HBPP_20000108_00250.C	85	15.800	57.320	1.818
HBPP_20000108_00250.C	85	15.800	57.320	1.801
HBPP_20000108_00250.C	85	15.800	57.320	1.797
HBPP_20000108_00250.C	85	15.800	57.320	1.853
HBPP_20000108_00250.C	85	15.800	57.320	1.858
HBPP_20000108_00250.C	85	15.800	57.320	1.846
HBPP_20000108_00250.C	85	15.800	57.320	1.811
HBPP_20000108_01750.C	95	17.000	63.800	2.015
HBPP_20000108_01750.C	95	17.000	63.800	2.040
HBPP_20000108_01750.C	95	17.000	63.800	1.992
HBPP_20000108_01750.C	95	17.000	63.800	2.007
HBPP_20000108_01750.C	95	17.000	63.800	1.993
HBPP_20000108_01750.C	95	17.000	63.800	1.994
HBPP_20000108_01750.C	95	17.000	63.800	1.998
HBPP_20000108_01750.C	95	17.000	63.800	1.963
HBPP_20000108_01750.C	95	17.000	63.800	1.973
HBPP_20000108_01750.C	95	17.000	63.800	1.960
HBPP_20005008_01240.C	94	14.200	62.080	1.924
HBPP_20005008_01240.C	94	14.200	62.080	1.867
HBPP_20005008_01240.C	94	14.200	62.080	1.882
HBPP_20005008_01240.C	94	14.200	62.080	1.903
HBPP_20005008_01240.C	94	14.200	62.080	1.895
HBPP_20005008_01240.C	94	14.200	62.080	1.960
HBPP_20005008_01240.C	94	14.200	62.080	1.911
HBPP_20005008_01240.C	94	14.200	62.080	1.887
HBPP_20005008_01240.C	94	14.200	62.080	1.908
HBPP_20005008_01240.C	94	14.200	62.080	1.853
HBPP_20005009_02000.C	105	15.200	69.080	2.054
HBPP_20005009_02000.C	104	14.200	68.080	1.991
HBPP_20005009_02000.C	104	14.200	68.080	1.999
HBPP_20005009_02000.C	105	15.200	69.080	2.013
HBPP_20005009_02000.C	104	14.400	68.160	1.975
HBPP_20005009_02000.C	105	15.200	69.080	2.000
HBPP_20005009_02000.C	104	14.200	68.080	1.993
HBPP_20005009_02000.C	103	13.400	67.160	1.980
HBPP_20005009_02000.C	105	15.200	69.080	1.991
HBPP_20005009_02000.C	105	15.200	69.080	2.046
HBPP_20005010_09530.C	111	11.200	71.080	2.135
HBPP_20005010_09530.C	111	11.200	71.080	2.097
HBPP_20005010_09530.C	112	12.200	72.080	2.109
HBPP_20005010_09530.C	112	12.200	72.080	2.080
HBPP_20005010_09530.C	112	12.200	72.080	2.108
HBPP_20005010_09530.C	112	12.200	72.080	2.088
HBPP_20005010_09530.C	112	12.200	72.080	2.086
HBPP_20005010_09530.C	112	12.200	72.080	2.124
HBPP_20005010_09530.C	112	12.200	72.080	2.108
HBPP_20005010_09530.C	112	12.200	72.080	2.126
HBPP_20015007_06370.C	91	11.400	59.160	1.718
HBPP_20015007_06370.C	91	11.400	59.160	1.736
HBPP_20015007_06370.C	91	11.400	59.160	1.749
HBPP_20015007_06370.C	91	11.400	59.160	1.713
HBPP_20015007_06370.C	91	11.400	59.160	1.718
HBPP_20015007_06370.C	91	11.400	59.160	1.686
HBPP_20015007_06370.C	91	11.400	59.160	1.697
HBPP_20015007_06370.C	91	11.400	59.160	1.741
HBPP_20015007_06370.C	91	11.400	59.160	1.695
HBPP_20015007_06370.C	91	11.400	59.160	1.675
HBPP_20015009_02720.C	120	20.600	80.240	2.357
HBPP_20015009_02720.C	120	20.600	80.240	2.330
HBPP_20015009_02720.C	120	20.600	80.240	2.304
HBPP_20015009_02720.C	120	20.600	80.240	2.273
HBPP_20015009_02720.C	120	20.600	80.240	2.261
HBPP_20015009_02720.C	120	20.600	80.240	2.235
HBPP_20015009_02720.C	120	20.600	80.240	2.377
HBPP_20015009_02720.C	120	20.600	80.240	2.280
HBPP_20015009_02720.C	120	20.600	80.240	2.363
HBPP_20015009_02720.C	120	20.600	80.240	2.251
BPP_100_1000_0.1_0.8_0.C	51	1.200	31.080	0.322
BPP_100_1000_0.1_0.8_0.C	49	3.000	30.600	0.343
BPP_100_1000_0.1_0.8_0.C	51	1.200	31.080	0.327
BPP_100_1000_0.1_0.8_0.C	50	2.400	30.960	0.326
BPP_100_1000_0.1_0.8_0.C	49	3.200	30.680	0.320
BPP_100_1000_0.1_0.8_0.C	49	2.600	30.440	0.325
BPP_100_1000_0.1_0.8_0.C	51	0.800	30.920	0.324
BPP_100_1000_0.1_0.8_0.C	51	1.200	31.080	0.321
BPP_100_1000_0.1_0.8_0.C	51	1.200	31.080	0.321
BPP_100_1000_0.1_0.8_0.C	51	1.200	31.080	0.323
BPP_100_1000_0.1_0.8_1.C	48	3.600	30.240	0.330
BPP_100_1000_0.1_0.8_1.C	50	1.800	30.720	0.328
BPP_100_1000_0.1_0.8_1.C	50	1.800	30.720	0.333
BPP_100_1000_0.1_0.8_1.C	50	1.800	30.720	0.332
BPP_100_1000_0.1_0.8_1.C	50	1.800	30.720	0.338
BPP_100_1000_0.1_0.8_1.C	49	2.000	30.200	0.328
BPP_100_1000_0.1_0.8_1.C	50	1.800	30.720	0.325
BPP_100_1000_0.1_0.8_1.C	50	1.800	30.720	0.325
BPP_100_1000_0.1_0.8_1.C	50	1.800	30.720	0.341
BPP_100_1000_0.1_0.8_1.C	50	1.800	30.720	0.330
BPP_100_1000_0.1_0.8_2.C	49	4.400	31.160	0.317
BPP_100_1000_0.1_0.8_2.C	49	4.400	31.160	0.317
BPP_100_1000_0.1_0.8_2.C	49	4.400	31.160	0.316
BPP_100_1000_0.1_0.8_2.C	49	4.400	31.160	0.319
BPP_100_1000_0.1_0.8_2.C	48	5.400	30.960	0.321
BPP_100_1000_0.1_0.8_2.C	48	3.400	30.160	0.317
BPP_100_1000_0.1_0.8_2.C	49	4.400	31.160	0.317
BPP_100_1000_0.1_0.8_2.C	49	4.400	31.160	0.313
BPP_100_1000_0.1_0.8_2.C	48	5.200	30.880	0.318
BPP_100_1000_0.1_0.8_2.C	49	4.400	31.160	0.326
BPP_100_1000_0.1_0.8_3.C	48	1.600	29.440	0.318
BPP_100_1000_0.1_0.8_3.C	48	1.600	29.440	0.309
BPP_100_1000_0.1_0.8_3.C	48	1.400	29.360	0.323
BPP_100_1000_0.1_0.8_3.C	48	1.600	29.440	0.316
BPP_100_1000_0.1_0.8_3.C	48	1.600	29.440	0.317
BPP_100_1000_0.1_0.8_3.C	48	1.600	29.440	0.317
BPP_100_1000_0.1_0.8_3.C	48	1.600	29.440	0.313
BPP_100_1000_0.1_0.8_3.C	48	1.600	29.440	0.312
BPP_100_1000_0.1_0.8_3.C	48	1.600	29.440	0.323
BPP_100_1000_0.1_0.8_3.C	48	1.600	29.440	0.324
BPP_100_1000_0.1_0.8_4.C	49	1.200	29.880	0.323
BPP_100_1000_0.1_0.8_4.C	49	1.200	29.880	0.354
BPP_100_1000_0.1_0.8_4.C	49	1.200	29.880	0.328
BPP_100_1000_0.1_0.8_4.C	49	1.200	29.880	0.319
BPP_100_1000_0.1_0.8_4.C	49	1.200	29.880	0.332
BPP_100_1000_0.1_0.8_4.C	49	1.200	29.880	0.349
BPP_100_1000_0.1_0.8_4.C	49	1.200	29.880	0.357
BPP_100_1000_0.1_0.8_4.C	49	1.200	29.880	0.325
BPP_100_1000_0.1_0.8_4.C	49	1.200	29.880	0.322
BPP_100_1000_0.1_0.8_4.C	49	1.200	29.880	0.317
BPP_100_1000_0.1_0.8_5.C	49	6.200	31.880	0.319
BPP_100_1000_0.1_0.8_5.C	50	5.800	32.320	0.348
BPP_100_1000_0.1_0.8_5.C	50	6.200	32.480	0.320
BPP_100_1000_0.1_0.8_5.C	50	6.800	32.720	0.317
BPP_100_1000_0.1_0.8_5.C	50	6.400	32.560	0.315
BPP_100_1000_0.1_0.8_5.C	49	6.800	32.120	0.317
BPP_100_1000_0.1_0.8_5.C	50	6.000	32.400	0.314
BPP_100_1000_0.1_0.8_5.C	49	6.400	31.960	0.337
BPP_100_1000_0.1_0.8_5.C	49	7.400	32.360	0.335
BPP_100_1000_0.1_0.8_5.C	49	7.200	32.280	0.320
BPP_100_1000_0.1_0.8_6.C	48	3.600	30.240	0.367
BPP_100_1000_0.1_0.8_6.C	49	3.200	30.680	0.308
BPP_100_1000_0.1_0.8_6.C	48	4.000	30.400	0.306
BPP_100_1000_0.1_0.8_6.C	49	3.200	30.680	0.310
BPP_100_1000_0.1_0.8_6.C	49	3.200	30.680	0.308
BPP_100_1000_0.1_0.8_6.C	49	3.200	30.680	0.313
BPP_100_1000_0.1_0.8_6.C	47	5.200	30.280	0.313
BPP_100_1000_0.1_0.8_6.C	49	3.200	30.680	0.310
BPP_100_1000_0.1_0.8_6.C	48	4.200	30.480	0.311
BPP_100_1000_0.1_0.8_6.C	49	3.200	30.680	0.310
BPP_100_1000_0.1_0.8_7.C	50	2.600	31.040	0.330
BPP_100_1000_0.1_0.8_7.C	50	2.400	30.960	0.330
BPP_100_1000_0.1_0.8_7.C	49	3.600	30.840	0.328
BPP_100_1000_0.1_0.8_7.C	49	2.800	30.520	0.330
BPP_100_1000_0.1_0.8_7.C	48	5.200	30.880	0.325
BPP_100_1000_0.1_0.8_7.C	50	2.600	31.040	0.327
BPP_100_1000_0.1_0.8_7.C	50	2.600	31.040	0.330
BPP_100_1000_0.1_0.8_7.C	50	2.600	31.040	0.329
BPP_100_1000_0.1_0.8_7.C	49	3.600	30.840	0.328
BPP_100_1000_0.1_0.8_7.C	50	2.600	31.040	0.330
BPP_100_1000_0.1_0.8_8.C	54	4.400	34.160	0.348
BPP_100_1000_0.1_0.8_8.C	53	6.200	34.280	0.348
BPP_100_1000_0.1_0.8_8.C	54	4.400	34.160	0.350
BPP_100_1000_0.1_0.8_8.C	54	3.600	33.840	0.352
BPP_100_1000_0.1_0.8_8.C	54	5.400	34.560	0.346
BPP_100_1000_0.1_0.8_8.C	54	4.600	34.240	0.351
BPP_100_1000_0.1_0.8_8.C	53	6.400	34.360	0.343
BPP_100_1000_0.1_0.8_8.C	54	4.600	34.240	0.345
BPP_100_1000_0.1_0.8_8.C	52	5.400	33.360	0.343
BPP_100_1000_0.1_0.8_8.C	54	4.600	34.240	0.347
BPP_100_1000_0.1_0.8_9.C	47	2.800	29.320	0.302
BPP_100_1000_0.1_0.8_9.C	47	2.800	29.320	0.306
BPP_100_1000_0.1_0.8_9.C	47	2.800	29.320	0.302
BPP_100_1000_0.1_0.8_9.C	47	2.800	29.320	0.307
BPP_100_1000_0.1_0.8_9.C	47	2.800	29.320	0.310
BPP_100_1000_0.1_0.8_9.C	47	2.800	29.320	0.306
BPP_100_1000_0.1_0.8_9.C	46	4.200	29.280	0.304
BPP_100_1000_0.1_0.8_9.C	47	2.800	29.320	0.305
BPP_100_1000_0.1_0.8_9.C	47	2.800	29.320	0.308
BPP_100_1000_0.1_0.8_9.C	47	2.800	29.320	0.305
BPP_100_100_0.1_0.8_0.C	51	4.200	32.280	0.357
BPP_100_100_0.1_0.8_0.C	51	4.200	32.280	0.360
BPP_100_100_0.1_0.8_0.C	51	4.200	32.280	0.344
BPP_100_100_0.1_0.8_0.C	51	4.200	32.280	0.338
BPP_100_100_0.1_0.8_0.C	51	4.200	32.280	0.341
BPP_100_100_0.1_0.8_0.C	51	4.200	32.280	0.348
BPP_100_100_0.1_0.8_0.C	51	4.200	32.280	0.338
BPP_100_100_0.1_0.8_0.C	51	4.200	32.280	0.339
BPP_100_100_0.1_0.8_0.C	51	4.200	32.280	0.345
BPP_100_100_0.1_0.8_0.C	51	4.200	32.280	0.345
BPP_100_100_0.1_0.8_1.C	52	3.200	32.480	0.330
BPP_100_100_0.1_0.8_1.C	51	3.000	31.800	0.326
BPP_100_100_0.1_0.8_1.C	52	3.200	32.480	0.335
BPP_100_100_0.1_0.8_1.C	52	3.200	32.480	0.343
BPP_100_100_0.1_0.8_1.C	52	3.200	32.480	0.331
BPP_100_100_0.1_0.8_1.C	52	3.200	32.480	0.332
BPP_100_100_0.1_0.8_1.C	52	3.200	32.480	0.329
BPP_100_100_0.1_0.8_1.C	52	3.200	32.480	0.329
BPP_100_100_0.1_0.8_1.C	52	3.200	32.480	0.328
BPP_100_100_0.1_0.8_1.C	52	3.200	32.480	0.336
BPP_100_100_0.1_0.8_2.C	47	4.400	29.960	0.306
BPP_100_100_0.1_0.8_2.C	45	5.600	29.240	0.308
BPP_100_100_0.1_0.8_2.C	46	6.600	30.240	0.310
BPP_100_100_0.1_0.8_2.C	46	5.200	29.680	0.333
BPP_100_100_0.1_0.8_2.C	47	4.400	29.960	0.307
BPP_100_100_0.1_0.8_2.C	46	4.200	29.280	0.314
BPP_100_100_0.1_0.8_2.C	47	5.200	30.280	0.305
BPP_100_100_0.1_0.8_2.C	46	5.600	29.840	0.307
BPP_100_100_0.1_0.8_2.C	45	5.000	29.000	0.311
BPP_100_100_0.1_0.8_2.C	46	5.400	29.760	0.306
BPP_100_100_0.1_0.8_3.C	52	4.800	33.120	0.353
BPP_100_100_0.1_0.8_3.C	52	4.800	33.120	0.348
BPP_100_100_0.1_0.8_3.C	52	4.800	33.120	0.350
BPP_100_100_0.1_0.8_3.C	52	4.800	33.120	0.350
BPP_100_100_0.1_0.8_3.C	52	4.800	33.120	0.356
BPP_100_100_0.1_0.8_3.C	52	4.800	33.120	0.350
BPP_100_100_0.1_0.8_3.C	52	4.800	33.120	0.352
BPP_100_100_0.1_0.8_3.C	52	4.800	33.120	0.355
BPP_100_100_0.1_0.8_3.C	52	4.800	33.120	0.354
BPP_100_100_0.1_0.8_3.C	52	4.800	33.120	0.354
BPP_100_100_0.1_0.8_4.C	59	1.200	35.880	0.388
BPP_100_100_0.1_0.8_4.C	59	1.200	35.880	0.387
BPP_100_100_0.1_0.8_4.C	59	1.200	35.880	0.384
BPP_100_100_0.1_0.8_4.C	59	1.200	35.880	0.391
BPP_100_100_0.1_0.8_4.C	59	1.200	35.880	0.379
BPP_100_100_0.1_0.8_4.C	59	1.200	35.880	0.382
BPP_100_100_0.1_0.8_4.C	59	1.200	35.880	0.378
BPP_100_100_0.1_0.8_4.C	59	1.200	35.880	0.387
BPP_100_100_0.1_0.8_4.C	59	1.200	35.880	0.383
BPP_100_100_0.1_0.8_4.C	59	1.200	35.880	0.384
BPP_100_100_0.1_0.8_5.C	54	2.000	33.200	0.353
BPP_100_100_0.1_0.8_5.C	54	2.000	33.200	0.354
BPP_100_100_0.1_0.8_5.C	54	2.000	33.200	0.348
BPP_100_100_0.1_0.8_5.C	54	2.000	33.200	0.347
BPP_100_100_0.1_0.8_5.C	54	2.000	33.200	0.359
BPP_100_100_0.1_0.8_5.C	54	2.000	33.200	0.352
BPP_100_100_0.1_0.8_5.C	54	2.000	33.200	0.354
BPP_100_100_0.1_0.8_5.C	54	1.800	33.120	0.351
BPP_100_100_0.1_0.8_5.C	54	2.000	33.200	0.350
BPP_100_100_0.1_0.8_5.C	54	1.800	33.120	0.351
BPP_100_100_0.1_0.8_6.C	49	1.200	29.880	0.340
BPP_100_100_0.1_0.8_6.C	49	1.200	29.880	0.334
BPP_100_100_0.1_0.8_6.C	49	1.200	29.880	0.335
BPP_100_100_0.1_0.8_6.C	49	1.200	29.880	0.333
BPP_100_100_0.1_0.8_6.C	49	1.200	29.880	0.334
BPP_100_100_0.1_0.8_6.C	49	1.200	29.880	0.331
BPP_100_100_0.1_0.8_6.C	49	1.200	29.880	0.332
BPP_100_100_0.1_0.8_6.C	49	1.200	29.880	0.330
BPP_100_100_0.1_0.8_6.C	49	1.200	29.880	0.332
BPP_100_100_0.1_0.8_6.C	49	1.200	29.880	0.330
BPP_100_100_0.1_0.8_7.C	53	0.800	32.120	0.346
BPP_100_100_0.1_0.8_7.C	51	2.800	31.720	0.322
BPP_100_100_0.1_0.8_7.C	53	0.800	32.120	0.359
BPP_100_100_0.1_0.8_7.C	51	3.000	31.800	0.327
BPP_100_100_0.1_0.8_7.C	51	2.800	31.720	0.323
BPP_100_100_0.1_0.8_7.C	51	3.600	32.040	0.321
BPP_100_100_0.1_0.8_7.C	53	0.800	32.120	0.323
BPP_100_100_0.1_0.8_7.C	53	0.800	32.120	0.322
BPP_100_100_0.1_0.8_7.C	51	1.600	31.240	0.320
BPP_100_100_0.1_0.8_7.C	51	3.000	31.800	0.317
BPP_100_100_0.1_0.8_8.C	48	1.200	29.280	0.313
BPP_100_100_0.1_0.8_8.C	48	1.200	29.280	0.316
BPP_100_100_0.1_0.8_8.C	48	1.200	29.280	0.332
BPP_100_100_0.1_0.8_8.C	48	1.200	29.280	0.319
BPP_100_100_0.1_0.8_8.C	48	1.200	29.280	0.316
BPP_100_100_0.1_0.8_8.C	48	1.200	29.280	0.314
BPP_100_100_0.1_0.8_8.C	48	1.200	29.280	0.317
BPP_100_100_0.1_0.8_8.C	48	1.200	29.280	0.319
BPP_100_100_0.1_0.8_8.C	48	1.200	29.280	0.324
BPP_100_100_0.1_0.8_8.C	48	1.200	29.280	0.324
BPP_100_100_0.1_0.8_9.C	51	1.000	31.000	0.335
BPP_100_100_0.1_0.8_9.C	51	1.000	31.000	0.333
BPP_100_100_0.1_0.8_9.C	51	0.800	30.920	0.333
BPP_100_100_0.1_0.8_9.C	51	1.000	31.000	0.339
BPP_100_100_0.1_0.8_9.C	51	1.000	31.000	0.333
BPP_100_100_0.1_0.8_9.C	51	1.000	31.000	0.340
BPP_100_100_0.1_0.8_9.C	51	0.800	30.920	0.354
BPP_100_100_0.1_0.8_9.C	51	1.000	31.000	0.343
BPP_100_100_0.1_0.8_9.C	51	1.000	31.000	0.332
BPP_100_100_0.1_0.8_9.C	51	1.000	31.000	0.341
BPP_100_120_0.1_0.8_0.C	47	6.600	30.840	0.317
BPP_100_120_0.1_0.8_0.C	47	6.600	30.840	0.325
BPP_100_120_0.1_0.8_0.C	47	6.600	30.840	0.340
BPP_100_120_0.1_0.8_0.C	47	6.600	30.840	0.347
BPP_100_120_0.1_0.8_0.C	47	6.600	30.840	0.325
BPP_100_120_0.1_0.8_0.C	46	5.600	29.840	0.319
BPP_100_120_0.1_0.8_0.C	47	6.600	30.840	0.318
BPP_100_120_0.1_0.8_0.C	46	5.600	29.840	0.317
BPP_100_120_0.1_0.8_0.C	46	7.600	30.640	0.318
BPP_100_120_0.1_0.8_0.C	47	6.600	30.840	0.353
BPP_100_120_0.1_0.8_1.C	50	7.000	32.800	0.328
BPP_100_120_0.1_0.8_1.C	50	7.000	32.800	0.349
BPP_100_120_0.1_0.8_1.C	50	7.000	32.800	0.320
BPP_100_120_0.1_0.8_1.C	50	7.000	32.800	0.317
BPP_100_120_0.1_0.8_1.C	50	7.000	32.800	0.321
BPP_100_120_0.1_0.8_1.C	50	7.000	32.800	0.322
BPP_100_120_0.1_0.8_1.C	50	7.000	32.800	0.315
BPP_100_120_0.1_0.8_1.C	50	7.000	32.800	0.321
BPP_100_120_0.1_0.8_1.C	50	7.000	32.800	0.324
BPP_100_120_0.1_0.8_1.C	50	7.000	32.800	0.325
BPP_100_120_0.1_0.8_2.C	49	1.200	29.880	0.308
BPP_100_120_0.1_0.8_2.C	49	1.200	29.880	0.311
BPP_100_120_0.1_0.8_2.C	49	1.200	29.880	0.315
BPP_100_120_0.1_0.8_2.C	49	1.200	29.880	0.315
BPP_100_120_0.1_0.8_2.C	49	1.200	29.880	0.344
BPP_100_120_0.1_0.8_2.C	49	1.200	29.880	0.325
BPP_100_120_0.1_0.8_2.C	49	1.200	29.880	0.310
BPP_100_120_0.1_0.8_2.C	49	1.200	29.880	0.306
BPP_100_120_0.1_0.8_2.C	49	1.200	29.880	0.334
BPP_100_120_0.1_0.8_2.C	49	1.200	29.880	0.309
BPP_100_120_0.1_0.8_3.C	56	0.600	33.840	0.359
BPP_100_120_0.1_0.8_3.C	56	0.600	33.840	0.356
BPP_100_120_0.1_0.8_3.C	56	0.600	33.840	0.368
BPP_100_120_0.1_0.8_3.C	56	0.600	33.840	0.374
BPP_100_120_0.1_0.8_3.C	56	0.600	33.840	0.353
BPP_100_120_0.1_0.8_3.C	56	0.600	33.840	0.357
BPP_100_120_0.1_0.8_3.C	56	0.600	33.840	0.351
BPP_100_120_0.1_0.8_3.C	56	0.600	33.840	0.358
BPP_100_120_0.1_0.8_3.C	56	0.600	33.840	0.354
BPP_100_120_0.1_0.8_3.C	55	1.000	33.400	0.393
BPP_100_120_0.1_0.8_4.C	51	3.000	31.800	0.328
BPP_100_120_0.1_0.8_4.C	53	1.200	32.280	0.344
BPP_100_120_0.1_0.8_4.C	53	1.200	32.280	0.340
BPP_100_120_0.1_0.8_4.C	53	1.000	32.200	0.343
BPP_100_120_0.1_0.8_4.C	53	1.200	32.280	0.343
BPP_100_120_0.1_0.8_4.C	52	2.000	32.000	0.327
BPP_100_120_0.1_0.8_4.C	53	1.200	32.280	0.330
BPP_100_120_0.1_0.8_4.C	52	1.800	31.920	0.328
BPP_100_120_0.1_0.8_4.C	51	3.800	32.120	0.327
BPP_100_120_0.1_0.8_4.C	53	1.000	32.200	0.327
BPP_100_120_0.1_0.8_5.C	46	8.000	30.800	0.313
BPP_100_120_0.1_0.8_5.C	48	6.600	31.440	0.309
BPP_100_120_0.1_0.8_5.C	48	4.600	30.640	0.333
BPP_100_120_0.1_0.8_5.C	47	6.800	30.920	0.305
BPP_100_120_0.1_0.8_5.C	48	5.600	31.040	0.306
BPP_100_120_0.1_0.8_5.C	47	5.800	30.520	0.306
BPP_100_120_0.1_0.8_5.C	48	5.800	31.120	0.304
BPP_100_120_0.1_0.8_5.C	48	4.600	30.640	0.317
BPP_100_120_0.1_0.8_5.C	49	5.600	31.640	0.304
BPP_100_120_0.1_0.8_5.C	47	6.600	30.840	0.306
BPP_100_120_0.1_0.8_6.C	49	5.800	31.720	0.329
BPP_100_120_0.1_0.8_6.C	49	5.800	31.720	0.321
BPP_100_120_0.1_0.8_6.C	49	5.800	31.720	0.325
BPP_100_120_0.1_0.8_6.C	49	5.800	31.720	0.322
BPP_100_120_0.1_0.8_6.C	49	5.800	31.720	0.336
BPP_100_120_0.1_0.8_6.C	49	5.800	31.720	0.340
BPP_100_120_0.1_0.8_6.C	49	5.800	31.720	0.326
BPP_100_120_0.1_0.8_6.C	49	5.800	31.720	0.321
BPP_100_120_0.1_0.8_6.C	49	5.800	31.720	0.319
BPP_100_120_0.1_0.8_6.C	49	5.800	31.720	0.321
BPP_100_120_0.1_0.8_7.C	58	2.600	35.840	0.394
BPP_100_120_0.1_0.8_7.C	58	2.600	35.840	0.359
BPP_100_120_0.1_0.8_7.C	58	2.600	35.840	0.358
BPP_100_120_0.1_0.8_7.C	58	2.600	35.840	0.401
BPP_100_120_0.1_0.8_7.C	58	2.600	35.840	0.404
BPP_100_120_0.1_0.8_7.C	58	2.600	35.840	0.365
BPP_100_120_0.1_0.8_7.C	58	2.600	35.840	0.366
BPP_100_120_0.1_0.8_7.C	58	2.600	35.840	0.365
BPP_100_120_0.1_0.8_7.C	58	2.600	35.840	0.366
BPP_100_120_0.1_0.8_7.C	58	2.600	35.840	0.361
BPP_100_120_0.1_0.8_8.C	48	3.400	30.160	0.314
BPP_100_120_0.1_0.8_8.C	47	4.000	29.800	0.304
BPP_100_120_0.1_0.8_8.C	47	3.600	29.640	0.310
BPP_100_120_0.1_0.8_8.C	48	3.400	30.160	0.305
BPP_100_120_0.1_0.8_8.C	48	3.400	30.160	0.313
BPP_100_120_0.1_0.8_8.C	47	4.400	29.960	0.339
BPP_100_120_0.1_0.8_8.C	47	4.000	29.800	0.303
BPP_100_120_0.1_0.8_8.C	47	4.200	29.880	0.321
BPP_100_120_0.1_0.8_8.C	48	3.600	30.240	0.326
BPP_100_120_0.1_0.8_8.C	48	3.600	30.240	0.307
BPP_100_120_0.1_0.8_9.C	49	1.600	30.040	0.320
BPP_100_120_0.1_0.8_9.C	49	1.600	30.040	0.313
BPP_100_120_0.1_0.8_9.C	49	1.600	30.040	0.321
BPP_100_120_0.1_0.8_9.C	49	1.600	30.040	0.315
BPP_100_120_0.1_0.8_9.C	49	1.600	30.040	0.323
BPP_100_120_0.1_0.8_9.C	49	1.600	30.040	0.319
BPP_100_120_0.1_0.8_9.C	49	1.600	30.040	0.328
BPP_100_120_0.1_0.8_9.C	49	1.600	30.040	0.317
BPP_100_120_0.1_0.8_9.C	49	1.600	30.040	0.342
BPP_100_120_0.1_0.8_9.C	49	1.600	30.040	0.319
BPP_100_125_0.1_0.8_0.C	51	8.600	34.040	0.335
BPP_100_125_0.1_0.8_0.C	51	11.200	35.080	0.333
BPP_100_125_0.1_0.8_0.C	51	11.600	35.240	0.334
BPP_100_125_0.1_0.8_0.C	52	8.400	34.560	0.336
BPP_100_125_0.1_0.8_0.C	51	10.800	34.920	0.330
BPP_100_125_0.1_0.8_0.C	52	9.600	35.040	0.346
BPP_100_125_0.1_0.8_0.C	53	9.400	35.560	0.370
BPP_100_125_0.1_0.8_0.C	53	9.400	35.560	0.342
BPP_100_125_0.1_0.8_0.C	51	8.400	33.960	0.349
BPP_100_125_0.1_0.8_0.C	52	9.200	34.880	0.345
BPP_100_125_0.1_0.8_1.C	51	11.000	35.000	0.323
BPP_100_125_0.1_0.8_1.C	51	11.000	35.000	0.327
BPP_100_125_0.1_0.8_1.C	51	11.000	35.000	0.331
BPP_100_125_0.1_0.8_1.C	51	11.000	35.000	0.326
BPP_100_125_0.1_0.8_1.C	51	11.000	35.000	0.337
BPP_100_125_0.1_0.8_1.C	51	11.000	35.000	0.327
BPP_100_125_0.1_0.8_1.C	51	11.000	35.000	0.329
BPP_100_125_0.1_0.8_1.C	51	11.000	35.000	0.370
BPP_100_125_0.1_0.8_1.C	51	11.000	35.000	0.321
BPP_100_125_0.1_0.8_1.C	51	11.000	35.000	0.341
BPP_100_125_0.1_0.8_2.C	52	1.400	31.760	0.335
BPP_100_125_0.1_0.8_2.C	52	1.400	31.760	0.334
BPP_100_125_0.1_0.8_2.C	52	1.400	31.760	0.337
BPP_100_125_0.1_0.8_2.C	50	3.800	31.520	0.331
BPP_100_125_0.1_0.8_2.C	51	2.000	31.400	0.375
BPP_100_125_0.1_0.8_2.C	51	1.800	31.320	0.342
BPP_100_125_0.1_0.8_2.C	50	3.400	31.360	0.341
BPP_100_125_0.1_0.8_2.C	52	1.400	31.760	0.330
BPP_100_125_0.1_0.8_2.C	51	1.600	31.240	0.330
BPP_100_125_0.1_0.8_2.C	52	1.400	31.760	0.331
BPP_100_125_0.1_0.8_3.C	48	1.600	29.440	0.323
BPP_100_125_0.1_0.8_3.C	49	0.600	29.640	0.320
BPP_100_125_0.1_0.8_3.C	48	1.400	29.360	0.368
BPP_100_125_0.1_0.8_3.C	48	0.600	29.040	0.319
BPP_100_125_0.1_0.8_3.C	49	0.600	29.640	0.326
BPP_100_125_0.1_0.8_3.C	48	1.000	29.200	0.329
BPP_100_125_0.1_0.8_3.C	49	0.600	29.640	0.315
BPP_100_125_0.1_0.8_3.C	49	0.600	29.640	0.319
BPP_100_125_0.1_0.8_3.C	49	0.600	29.640	0.318
BPP_100_125_0.1_0.8_3.C	49	0.600	29.640	0.317
BPP_100_125_0.1_0.8_4.C	53	4.200	33.480	0.332
BPP_100_125_0.1_0.8_4.C	53	4.200	33.480	0.342
BPP_100_125_0.1_0.8_4.C	51	6.800	33.320	0.330
BPP_100_125_0.1_0.8_4.C	51	7.000	33.400	0.328
BPP_100_125_0.1_0.8_4.C	52	5.400	33.360	0.340
BPP_100_125_0.1_0.8_4.C	53	4.200	33.480	0.346
BPP_100_125_0.1_0.8_4.C	53	4.200	33.480	0.328
BPP_100_125_0.1_0.8_4.C	53	4.200	33.480	0.335
BPP_100_125_0.1_0.8_4.C	53	4.200	33.480	0.335
BPP_100_125_0.1_0.8_4.C	53	4.200	33.480	0.327
BPP_100_125_0.1_0.8_5.C	48	4.400	30.560	0.317
BPP_100_125_0.1_0.8_5.C	48	5.600	31.040	0.323
BPP_100_125_0.1_0.8_5.C	48	5.400	30.960	0.349
BPP_100_125_0.1_0.8_5.C	49	4.400	31.160	0.319
BPP_100_125_0.1_0.8_5.C	49	4.400	31.160	0.336
BPP_100_125_0.1_0.8_5.C	48	5.200	30.880	0.315
BPP_100_125_0.1_0.8_5.C	49	4.400	31.160	0.318
BPP_100_125_0.1_0.8_5.C	48	5.600	31.040	0.315
BPP_100_125_0.1_0.8_5.C	49	4.400	31.160	0.326
BPP_100_125_0.1_0.8_5.C	49	4.200	31.080	0.340
BPP_100_125_0.1_0.8_6.C	54	4.800	34.320	0.357
BPP_100_125_0.1_0.8_6.C	55	3.600	34.440	0.355
BPP_100_125_0.1_0.8_6.C	55	3.600	34.440	0.368
BPP_100_125_0.1_0.8_6.C	55	3.600	34.440	0.355
BPP_100_125_0.1_0.8_6.C	54	4.600	34.240	0.365
BPP_100_125_0.1_0.8_6.C	55	3.600	34.440	0.361
BPP_100_125_0.1_0.8_6.C	54	4.800	34.320	0.360
BPP_100_125_0.1_0.8_6.C	55	3.600	34.440	0.360
BPP_100_125_0.1_0.8_6.C	55	3.600	34.440	0.353
BPP_100_125_0.1_0.8_6.C	55	3.600	34.440	0.379
BPP_100_125_0.1_0.8_7.C	56	6.600	36.240	0.358
BPP_100_125_0.1_0.8_7.C	56	6.600	36.240	0.357
BPP_100_125_0.1_0.8_7.C	56	6.600	36.240	0.352
BPP_100_125_0.1_0.8_7.C	56	6.600	36.240	0.367
BPP_100_125_0.1_0.8_7.C	56	6.200	36.080	0.348
BPP_100_125_0.1_0.8_7.C	56	6.600	36.240	0.357
BPP_100_125_0.1_0.8_7.C	56	6.600	36.240	0.355
BPP_100_125_0.1_0.8_7.C	56	6.600	36.240	0.354
BPP_100_125_0.1_0.8_7.C	56	6.600	36.240	0.357
BPP_100_125_0.1_0.8_7.C	56	6.600	36.240	0.351
BPP_100_125_0.1_0.8_8.C	47	3.200	29.480	0.334
BPP_100_125_0.1_0.8_8.C	47	3.200	29.480	0.308
BPP_100_125_0.1_0.8_8.C	47	3.200	29.480	0.315
BPP_100_125_0.1_0.8_8.C	47	3.200	29.480	0.311
BPP_100_125_0.1_0.8_8.C	47	3.200	29.480	0.313
BPP_100_125_0.1_0.8_8.C	47	3.200	29.480	0.318
BPP_100_125_0.1_0.8_8.C	47	3.200	29.480	0.324
BPP_100_125_0.1_0.8_8.C	47	3.200	29.480	0.313
BPP_100_125_0.1_0.8_8.C	47	3.200	29.480	0.314
BPP_100_125_0.1_0.8_8.C	47	3.200	29.480	0.326
BPP_100_125_0.1_0.8_9.C	50	2.400	30.960	0.337
BPP_100_125_0.1_0.8_9.C	50	2.400	30.960	0.350
BPP_100_125_0.1_0.8_9.C	50	2.400	30.960	0.331
BPP_100_125_0.1_0.8_9.C	50	2.400	30.960	0.334
BPP_100_125_0.1_0.8_9.C	50	2.400	30.960	0.330
BPP_100_125_0.1_0.8_9.C	50	2.400	30.960	0.331
BPP_100_125_0.1_0.8_9.C	50	2.400	30.960	0.331
BPP_100_125_0.1_0.8_9.C	50	2.400	30.960	0.334
BPP_100_125_0.1_0.8_9.C	49	3.000	30.600	0.330
BPP_100_125_0.1_0.8_9.C	50	2.400	30.960	0.328
BPP_100_150_0.1_0.8_0.C	58	6.000	37.200	0.367
BPP_100_150_0.1_0.8_0.C	58	3.400	36.160	0.378
BPP_100_150_0.1_0.8_0.C	58	4.000	36.400	0.379
BPP_100_150_0.1_0.8_0.C	57	5.200	36.280	0.366
BPP_100_150_0.1_0.8_0.C	60	3.200	37.280	0.365
BPP_100_150_0.1_0.8_0.C	58	4.800	36.720	0.362
BPP_100_150_0.1_0.8_0.C	58	3.600	36.240	0.367
BPP_100_150_0.1_0.8_0.C	59	3.200	36.680	0.364
BPP_100_150_0.1_0.8_0.C	58	3.000	36.000	0.364
BPP_100_150_0.1_0.8_0.C	59	3.800	36.920	0.372
BPP_100_150_0.1_0.8_1.C	50	4.600	31.840	0.319
BPP_100_150_0.1_0.8_1.C	52	4.200	32.880	0.318
BPP_100_150_0.1_0.8_1.C	49	6.000	31.800	0.328
BPP_100_150_0.1_0.8_1.C	50	5.400	32.160	0.324
BPP_100_150_0.1_0.8_1.C	52	4.200	32.880	0.325
BPP_100_150_0.1_0.8_1.C	51	4.800	32.520	0.314
BPP_100_150_0.1_0.8_1.C	51	4.800	32.520	0.320
BPP_100_150_0.1_0.8_1.C	50	6.600	32.640	0.327
BPP_100_150_0.1_0.8_1.C	50	6.400	32.560	0.323
BPP_100_150_0.1_0.8_1.C	50	6.600	32.640	0.317
BPP_100_150_0.1_0.8_2.C	47	5.400	30.360	0.300
BPP_100_150_0.1_0.8_2.C	47	5.400	30.360	0.304
BPP_100_150_0.1_0.8_2.C	47	5.400	30.360	0.322
BPP_100_150_0.1_0.8_2.C	47	5.400	30.360	0.306
BPP_100_150_0.1_0.8_2.C	47	5.400	30.360	0.303
BPP_100_150_0.1_0.8_2.C	47	5.400	30.360	0.305
BPP_100_150_0.1_0.8_2.C	47	5.400	30.360	0.309
BPP_100_150_0.1_0.8_2.C	47	5.400	30.360	0.303
BPP_100_150_0.1_0.8_2.C	47	5.400	30.360	0.304
BPP_100_150_0.1_0.8_2.C	47	5.400	30.360	0.303
BPP_100_150_0.1_0.8_3.C	47	2.800	29.320	0.315
BPP_100_150_0.1_0.8_3.C	47	2.800	29.320	0.310
BPP_100_150_0.1_0.8_3.C	47	2.800	29.320	0.310
BPP_100_150_0.1_0.8_3.C	47	2.800	29.320	0.325
BPP_100_150_0.1_0.8_3.C	47	2.800	29.320	0.313
BPP_100_150_0.1_0.8_3.C	47	2.800	29.320	0.311
BPP_100_150_0.1_0.8_3.C	47	2.800	29.320	0.312
BPP_100_150_0.1_0.8_3.C	47	2.800	29.320	0.313
BPP_100_150_0.1_0.8_3.C	47	2.800	29.320	0.310
BPP_100_150_0.1_0.8_3.C	47	2.800	29.320	0.337
BPP_100_150_0.1_0.8_4.C	55	2.600	34.040	0.404
BPP_100_150_0.1_0.8_4.C	55	2.600	34.040	0.358
BPP_100_150_0.1_0.8_4.C	54	3.600	33.840	0.362
BPP_100_150_0.1_0.8_4.C	55	2.600	34.040	0.356
BPP_100_150_0.1_0.8_4.C	55	2.600	34.040	0.362
BPP_100_150_0.1_0.8_4.C	55	2.600	34.040	0.361
BPP_100_150_0.1_0.8_4.C	53	4.600	33.640	0.382
BPP_100_150_0.1_0.8_4.C	54	3.800	33.920	0.366
BPP_100_150_0.1_0.8_4.C	55	2.600	34.040	0.378
BPP_100_150_0.1_0.8_4.C	55	2.400	33.960	0.357
BPP_100_150_0.1_0.8_5.C	51	3.000	31.800	0.352
BPP_100_150_0.1_0.8_5.C	51	3.000	31.800	0.371
BPP_100_150_0.1_0.8_5.C	51	3.000	31.800	0.334
BPP_100_150_0.1_0.8_5.C	51	3.000	31.800	0.365
BPP_100_150_0.1_0.8_5.C	51	3.000	31.800	0.339
BPP_100_150_0.1_0.8_5.C	51	3.000	31.800	0.336
BPP_100_150_0.1_0.8_5.C	51	3.000	31.800	0.339
BPP_100_150_0.1_0.8_5.C	51	3.000	31.800	0.370
BPP_100_150_0.1_0.8_5.C	51	3.000	31.800	0.334
BPP_100_150_0.1_0.8_5.C	51	3.000	31.800	0.331
BPP_100_150_0.1_0.8_6.C	50	1.400	30.560	0.321
BPP_100_150_0.1_0.8_6.C	50	1.400	30.560	0.325
BPP_100_150_0.1_0.8_6.C	49	2.800	30.520	0.318
BPP_100_150_0.1_0.8_6.C	50	1.400	30.560	0.323
BPP_100_150_0.1_0.8_6.C	50	1.400	30.560	0.323
BPP_100_150_0.1_0.8_6.C	50	1.400	30.560	0.336
BPP_100_150_0.1_0.8_6.C	50	1.400	30.560	0.341
BPP_100_150_0.1_0.8_6.C	50	1.400	30.560	0.320
BPP_100_150_0.1_0.8_6.C	50	1.400	30.560	0.320
BPP_100_150_0.1_0.8_6.C	50	1.400	30.560	0.319
BPP_100_150_0.1_0.8_7.C	51	1.200	31.080	0.334
BPP_100_150_0.1_0.8_7.C	51	1.200	31.080	0.343
BPP_100_150_0.1_0.8_7.C	51	1.200	31.080	0.342
BPP_100_150_0.1_0.8_7.C	51	1.200	31.080	0.335
BPP_100_150_0.1_0.8_7.C	51	1.200	31.080	0.406
BPP_100_150_0.1_0.8_7.C	51	1.200	31.080	0.337
BPP_100_150_0.1_0.8_7.C	51	1.200	31.080	0.339
BPP_100_150_0.1_0.8_7.C	51	1.200	31.080	0.335
BPP_100_150_0.1_0.8_7.C	50	2.400	30.960	0.335
BPP_100_150_0.1_0.8_7.C	51	1.200	31.080	0.337
BPP_100_150_0.1_0.8_8.C	53	1.800	32.520	0.339
BPP_100_150_0.1_0.8_8.C	52	2.200	32.080	0.347
BPP_100_150_0.1_0.8_8.C	53	1.800	32.520	0.339
BPP_100_150_0.1_0.8_8.C	52	3.200	32.480	0.345
BPP_100_150_0.1_0.8_8.C	51	3.600	32.040	0.338
BPP_100_150_0.1_0.8_8.C	51	4.600	32.440	0.338
BPP_100_150_0.1_0.8_8.C	51	2.400	31.560	0.352
BPP_100_150_0.1_0.8_8.C	52	1.400	31.760	0.336
BPP_100_150_0.1_0.8_8.C	53	1.800	32.520	0.349
BPP_100_150_0.1_0.8_8.C	52	1.800	31.920	0.337
BPP_100_150_0.1_0.8_9.C	49	4.400	31.160	0.318
BPP_100_150_0.1_0.8_9.C	50	3.200	31.280	0.337
BPP_100_150_0.1_0.8_9.C	49	4.400	31.160	0.321
BPP_100_150_0.1_0.8_9.C	50	2.200	30.880	0.321
BPP_100_150_0.1_0.8_9.C	50	3.200	31.280	0.321
BPP_100_150_0.1_0.8_9.C	49	4.600	31.240	0.346
BPP_100_150_0.1_0.8_9.C	49	4.400	31.160	0.323
BPP_100_150_0.1_0.8_9.C	50	3.200	31.280	0.353
BPP_100_150_0.1_0.8_9.C	50	3.200	31.280	0.322
BPP_100_150_0.1_0.8_9.C	49	3.200	30.680	0.319
BPP_100_200_0.1_0.8_0.C	51	4.800	32.520	0.326
BPP_100_200_0.1_0.8_0.C	51	4.800	32.520	0.325
BPP_100_200_0.1_0.8_0.C	51	4.800	32.520	0.326
BPP_100_200_0.1_0.8_0.C	51	4.800	32.520	0.327
BPP_100_200_0.1_0.8_0.C	51	4.800	32.520	0.329
BPP_100_200_0.1_0.8_0.C	51	4.800	32.520	0.348
BPP_100_200_0.1_0.8_0.C	51	4.800	32.520	0.325
BPP_100_200_0.1_0.8_0.C	50	4.000	31.600	0.328
BPP_100_200_0.1_0.8_0.C	51	4.800	32.520	0.328
BPP_100_200_0.1_0.8_0.C	51	4.800	32.520	0.326
BPP_100_200_0.1_0.8_1.C	54	6.600	35.040	0.352
BPP_100_200_0.1_0.8_1.C	54	6.600	35.040	0.349
BPP_100_200_0.1_0.8_1.C	54	6.600	35.040	0.347
BPP_100_200_0.1_0.8_1.C	53	7.000	34.600	0.341
BPP_100_200_0.1_0.8_1.C	54	6.600	35.040	0.345
BPP_100_200_0.1_0.8_1.C	54	6.600	35.040	0.352
BPP_100_200_0.1_0.8_1.C	54	6.600	35.040	0.354
BPP_100_200_0.1_0.8_1.C	54	6.600	35.040	0.349
BPP_100_200_0.1_0.8_1.C	53	7.400	34.760	0.342
BPP_100_200_0.1_0.8_1.C	52	7.200	34.080	0.352
BPP_100_200_0.1_0.8_2.C	51	2.800	31.720	0.335
BPP_100_200_0.1_0.8_2.C	50	3.200	31.280	0.327
BPP_100_200_0.1_0.8_2.C	50	3.600	31.440	0.328
BPP_100_200_0.1_0.8_2.C	50	3.400	31.360	0.323
BPP_100_200_0.1_0.8_2.C	51	2.800	31.720	0.330
BPP_100_200_0.1_0.8_2.C	51	2.800	31.720	0.331
BPP_100_200_0.1_0.8_2.C	49	5.200	31.480	0.332
BPP_100_200_0.1_0.8_2.C	50	4.000	31.600	0.352
BPP_100_200_0.1_0.8_2.C	50	3.600	31.440	0.331
BPP_100_200_0.1_0.8_2.C	51	2.800	31.720	0.350
BPP_100_200_0.1_0.8_3.C	48	4.800	30.720	0.343
BPP_100_200_0.1_0.8_3.C	50	2.800	31.120	0.328
BPP_100_200_0.1_0.8_3.C	48	4.600	30.640	0.334
BPP_100_200_0.1_0.8_3.C	49	3.600	30.840	0.335
BPP_100_200_0.1_0.8_3.C	48	3.200	30.080	0.345
BPP_100_200_0.1_0.8_3.C	49	3.000	30.600	0.352
BPP_100_200_0.1_0.8_3.C	48	5.000	30.800	0.320
BPP_100_200_0.1_0.8_3.C	49	3.800	30.920	0.323
BPP_100_200_0.1_0.8_3.C	48	5.000	30.800	0.321
BPP_100_200_0.1_0.8_3.C	49	4.000	31.000	0.353
BPP_100_200_0.1_0.8_4.C	50	4.600	31.840	0.336
BPP_100_200_0.1_0.8_4.C	52	4.600	33.040	0.325
BPP_100_200_0.1_0.8_4.C	51	4.600	32.440	0.337
BPP_100_200_0.1_0.8_4.C	51	3.800	32.120	0.327
BPP_100_200_0.1_0.8_4.C	51	5.400	32.760	0.322
BPP_100_200_0.1_0.8_4.C	51	5.400	32.760	0.329
BPP_100_200_0.1_0.8_4.C	51	3.600	32.040	0.325
BPP_100_200_0.1_0.8_4.C	51	3.800	32.120	0.331
BPP_100_200_0.1_0.8_4.C	51	3.200	31.880	0.331
BPP_100_200_0.1_0.8_4.C	49	7.200	32.280	0.324
BPP_100_200_0.1_0.8_5.C	56	6.400	36.160	0.366
BPP_100_200_0.1_0.8_5.C	56	6.400	36.160	0.356
BPP_100_200_0.1_0.8_5.C	55	7.000	35.800	0.356
BPP_100_200_0.1_0.8_5.C	56	6.400	36.160	0.362
BPP_100_200_0.1_0.8_5.C	56	6.400	36.160	0.367
BPP_100_200_0.1_0.8_5.C	56	6.400	36.160	0.366
BPP_100_200_0.1_0.8_5.C	55	6.800	35.720	0.363
BPP_100_200_0.1_0.8_5.C	54	7.200	35.280	0.369
BPP_100_200_0.1_0.8_5.C	56	6.400	36.160	0.364
BPP_100_200_0.1_0.8_5.C	55	6.400	35.560	0.356
BPP_100_200_0.1_0.8_6.C	56	4.600	35.440	0.360
BPP_100_200_0.1_0.8_6.C	56	4.600	35.440	0.370
BPP_100_200_0.1_0.8_6.C	56	4.600	35.440	0.385
BPP_100_200_0.1_0.8_6.C	56	4.600	35.440	0.370
BPP_100_200_0.1_0.8_6.C	56	4.600	35.440	0.366
BPP_100_200_0.1_0.8_6.C	56	4.600	35.440	0.372
BPP_100_200_0.1_0.8_6.C	56	4.600	35.440	0.390
BPP_100_200_0.1_0.8_6.C	56	4.600	35.440	0.364
BPP_100_200_0.1_0.8_6.C	56	4.600	35.440	0.384
BPP_100_200_0.1_0.8_6.C	56	4.600	35.440	0.369
BPP_100_200_0.1_0.8_7.C	50	5.200	32.080	0.318
BPP_100_200_0.1_0.8_7.C	50	5.000	32.000	0.339
BPP_100_200_0.1_0.8_7.C	50	5.200	32.080	0.318
BPP_100_200_0.1_0.8_7.C	50	5.200	32.080	0.353
BPP_100_200_0.1_0.8_7.C	50	5.200	32.080	0.315
BPP_100_200_0.1_0.8_7.C	50	5.200	32.080	0.339
BPP_100_200_0.1_0.8_7.C	50	5.200	32.080	0.344
BPP_100_200_0.1_0.8_7.C	50	5.200	32.080	0.318
BPP_100_200_0.1_0.8_7.C	50	5.200	32.080	0.316
BPP_100_200_0.1_0.8_7.C	50	5.200	32.080	0.317
BPP_100_200_0.1_0.8_8.C	56	3.600	35.040	0.359
BPP_100_200_0.1_0.8_8.C	54	6.200	34.880	0.358
BPP_100_200_0.1_0.8_8.C	55	4.000	34.600	0.359
BPP_100_200_0.1_0.8_8.C	56	3.400	34.960	0.364
BPP_100_200_0.1_0.8_8.C	56	3.200	34.880	0.369
BPP_100_200_0.1_0.8_8.C	56	3.600	35.040	0.367
BPP_100_200_0.1_0.8_8.C	56	3.400	34.960	0.361
BPP_100_200_0.1_0.8_8.C	55	5.000	35.000	0.365
BPP_100_200_0.1_0.8_8.C	55	3.400	34.360	0.367
BPP_100_200_0.1_0.8_8.C	56	3.600	35.040	0.365
BPP_100_200_0.1_0.8_9.C	61	4.400	38.360	0.380
BPP_100_200_0.1_0.8_9.C	61	4.400	38.360	0.374
BPP_100_200_0.1_0.8_9.C	61	4.400	38.360	0.379
BPP_100_200_0.1_0.8_9.C	61	4.400	38.360	0.375
BPP_100_200_0.1_0.8_9.C	61	4.400	38.360	0.379
BPP_100_200_0.1_0.8_9.C	61	4.400	38.360	0.383
BPP_100_200_0.1_0.8_9.C	61	4.400	38.360	0.377
BPP_100_200_0.1_0.8_9.C	61	4.400	38.360	0.388
BPP_100_200_0.1_0.8_9.C	59	7.200	38.280	0.377
BPP_100_200_0.1_0.8_9.C	61	4.400	38.360	0.376
BPP_100_300_0.1_0.8_0.C	50	3.200	31.280	0.334
BPP_100_300_0.1_0.8_0.C	50	3.200	31.280	0.345
BPP_100_300_0.1_0.8_0.C	50	3.200	31.280	0.335
BPP_100_300_0.1_0.8_0.C	50	3.000	31.200	0.392
BPP_100_300_0.1_0.8_0.C	50	3.200	31.280	0.329
BPP_100_300_0.1_0.8_0.C	50	3.200	31.280	0.343
BPP_100_300_0.1_0.8_0.C	49	4.400	31.160	0.346
BPP_100_300_0.1_0.8_0.C	50	3.200	31.280	0.339
BPP_100_300_0.1_0.8_0.C	50	3.200	31.280	0.328
BPP_100_300_0.1_0.8_0.C	50	3.200	31.280	0.356
BPP_100_300_0.1_0.8_1.C	47	5.000	30.200	0.311
BPP_100_300_0.1_0.8_1.C	47	6.200	30.680	0.302
BPP_100_300_0.1_0.8_1.C	48	4.800	30.720	0.303
BPP_100_300_0.1_0.8_1.C	48	4.800	30.720	0.311
BPP_100_300_0.1_0.8_1.C	48	4.800	30.720	0.315
BPP_100_300_0.1_0.8_1.C	47	6.200	30.680	0.304
BPP_100_300_0.1_0.8_1.C	45	8.000	30.200	0.322
BPP_100_300_0.1_0.8_1.C	48	4.800	30.720	0.342
BPP_100_300_0.1_0.8_1.C	46	7.000	30.400	0.301
BPP_100_300_0.1_0.8_1.C	48	4.800	30.720	0.309
BPP_100_300_0.1_0.8_2.C	50	9.800	33.920	0.354
BPP_100_300_0.1_0.8_2.C	52	7.800	34.320	0.319
BPP_100_300_0.1_0.8_2.C	51	8.200	33.880	0.319
BPP_100_300_0.1_0.8_2.C	52	7.800	34.320	0.321
BPP_100_300_0.1_0.8_2.C	51	8.000	33.800	0.329
BPP_100_300_0.1_0.8_2.C	50	8.600	33.440	0.321
BPP_100_300_0.1_0.8_2.C	52	7.800	34.320	0.320
BPP_100_300_0.1_0.8_2.C	50	8.400	33.360	0.318
BPP_100_300_0.1_0.8_2.C	50	9.600	33.840	0.322
BPP_100_300_0.1_0.8_2.C	51	8.400	33.960	0.327
BPP_100_300_0.1_0.8_3.C	52	7.600	34.240	0.351
BPP_100_300_0.1_0.8_3.C	52	7.600	34.240	0.352
BPP_100_300_0.1_0.8_3.C	52	7.600	34.240	0.369
BPP_100_300_0.1_0.8_3.C	52	7.600	34.240	0.354
BPP_100_300_0.1_0.8_3.C	52	7.600	34.240	0.355
BPP_100_300_0.1_0.8_3.C	52	7.600	34.240	0.352
BPP_100_300_0.1_0.8_3.C	52	7.600	34.240	0.355
BPP_100_300_0.1_0.8_3.C	52	7.600	34.240	0.352
BPP_100_300_0.1_0.8_3.C	52	7.600	34.240	0.352
BPP_100_300_0.1_0.8_3.C	52	7.600	34.240	0.350
BPP_100_300_0.1_0.8_4.C	48	4.000	30.400	0.313
BPP_100_300_0.1_0.8_4.C	48	4.000	30.400	0.315
BPP_100_300_0.1_0.8_4.C	48	4.000	30.400	0.317
BPP_100_300_0.1_0.8_4.C	48	4.000	30.400	0.317
BPP_100_300_0.1_0.8_4.C	48	4.000	30.400	0.314
BPP_100_300_0.1_0.8_4.C	48	4.000	30.400	0.315
BPP_100_300_0.1_0.8_4.C	48	4.000	30.400	0.316
BPP_100_300_0.1_0.8_4.C	48	4.000	30.400	0.321
BPP_100_300_0.1_0.8_4.C	48	4.000	30.400	0.318
BPP_100_300_0.1_0.8_4.C	48	4.000	30.400	0.318
BPP_100_300_0.1_0.8_5.C	55	3.200	34.280	0.357
BPP_100_300_0.1_0.8_5.C	55	3.200	34.280	0.355
BPP_100_300_0.1_0.8_5.C	55	3.200	34.280	0.352
BPP_100_300_0.1_0.8_5.C	55	3.200	34.280	0.365
BPP_100_300_0.1_0.8_5.C	55	3.200	34.280	0.357
BPP_100_300_0.1_0.8_5.C	55	3.200	34.280	0.358
BPP_100_300_0.1_0.8_5.C	55	3.200	34.280	0.355
BPP_100_300_0.1_0.8_5.C	55	3.200	34.280	0.361
BPP_100_300_0.1_0.8_5.C	55	3.200	34.280	0.358
BPP_100_300_0.1_0.8_5.C	55	3.200	34.280	0.360
BPP_100_300_0.1_0.8_6.C	47	1.800	28.920	0.318
BPP_100_300_0.1_0.8_6.C	47	1.800	28.920	0.326
BPP_100_300_0.1_0.8_6.C	47	1.800	28.920	0.322
BPP_100_300_0.1_0.8_6.C	47	1.800	28.920	0.324
BPP_100_300_0.1_0.8_6.C	47	1.800	28.920	0.320
BPP_100_300_0.1_0.8_6.C	47	1.800	28.920	0.326
BPP_100_300_0.1_0.8_6.C	47	1.800	28.920	0.324
BPP_100_300_0.1_0.8_6.C	47	1.800	28.920	0.325
BPP_100_300_0.1_0.8_6.C	47	1.800	28.920	0.327
BPP_100_300_0.1_0.8_6.C	47	1.800	28.920	0.330
BPP_100_300_0.1_0.8_7.C	54	5.400	34.560	0.348
BPP_100_300_0.1_0.8_7.C	54	5.400	34.560	0.351
BPP_100_300_0.1_0.8_7.C	54	5.400	34.560	0.351
BPP_100_300_0.1_0.8_7.C	54	5.400	34.560	0.350
BPP_100_300_0.1_0.8_7.C	54	5.400	34.560	0.350
BPP_100_300_0.1_0.8_7.C	53	5.200	33.880	0.352
BPP_100_300_0.1_0.8_7.C	54	4.400	34.160	0.354
BPP_100_300_0.1_0.8_7.C	54	5.400	34.560	0.350
BPP_100_300_0.1_0.8_7.C	54	5.400	34.560	0.349
BPP_100_300_0.1_0.8_7.C	53	6.200	34.280	0.345
BPP_100_300_0.1_0.8_8.C	51	1.600	31.240	0.323
BPP_100_300_0.1_0.8_8.C	51	1.600	31.240	0.324
BPP_100_300_0.1_0.8_8.C	51	1.600	31.240	0.320
BPP_100_300_0.1_0.8_8.C	51	1.600	31.240	0.320
BPP_100_300_0.1_0.8_8.C	51	1.600	31.240	0.322
BPP_100_300_0.1_0.8_8.C	51	1.600	31.240	0.327
BPP_100_300_0.1_0.8_8.C	51	1.600	31.240	0.324
BPP_100_300_0.1_0.8_8.C	51	1.600	31.240	0.324
BPP_100_300_0.1_0.8_8.C	51	1.600	31.240	0.322
BPP_100_300_0.1_0.8_8.C	51	1.600	31.240	0.325
BPP_100_300_0.1_0.8_9.C	49	3.000	30.600	0.337
BPP_100_300_0.1_0.8_9.C	51	1.200	31.080	0.337
BPP_100_300_0.1_0.8_9.C	49	1.400	29.960	0.336
BPP_100_300_0.1_0.8_9.C	49	3.400	30.760	0.339
BPP_100_300_0.1_0.8_9.C	49	1.800	30.120	0.337
BPP_100_300_0.1_0.8_9.C	50	1.800	30.720	0.339
BPP_100_300_0.1_0.8_9.C	50	2.000	30.800	0.334
BPP_100_300_0.1_0.8_9.C	50	1.800	30.720	0.336
BPP_100_300_0.1_0.8_9.C	50	1.000	30.400	0.340
BPP_100_300_0.1_0.8_9.C	50	1.800	30.720	0.345
BPP_100_400_0.1_0.8_0.C	49	3.200	30.680	0.338
BPP_100_400_0.1_0.8_0.C	49	3.200	30.680	0.328
BPP_100_400_0.1_0.8_0.C	49	3.200	30.680	0.322
BPP_100_400_0.1_0.8_0.C	49	3.200	30.680	0.327
BPP_100_400_0.1_0.8_0.C	49	3.200	30.680	0.317
BPP_100_400_0.1_0.8_0.C	49	3.200	30.680	0.319
BPP_100_400_0.1_0.8_0.C	49	3.200	30.680	0.315
BPP_100_400_0.1_0.8_0.C	49	3.200	30.680	0.316
BPP_100_400_0.1_0.8_0.C	49	3.200	30.680	0.320
BPP_100_400_0.1_0.8_0.C	49	3.200	30.680	0.326
BPP_100_400_0.1_0.8_1.C	49	3.200	30.680	0.318
BPP_100_400_0.1_0.8_1.C	49	3.200	30.680	0.312
BPP_100_400_0.1_0.8_1.C	49	3.200	30.680	0.313
BPP_100_400_0.1_0.8_1.C	49	3.200	30.680	0.316
BPP_100_400_0.1_0.8_1.C	48	4.600	30.640	0.316
BPP_100_400_0.1_0.8_1.C	49	3.200	30.680	0.321
BPP_100_400_0.1_0.8_1.C	49	3.200	30.680	0.315
BPP_100_400_0.1_0.8_1.C	49	3.200	30.680	0.315
BPP_100_400_0.1_0.8_1.C	49	3.200	30.680	0.314
BPP_100_400_0.1_0.8_1.C	48	4.000	30.400	0.315
BPP_100_400_0.1_0.8_2.C	51	3.200	31.880	0.319
BPP_100_400_0.1_0.8_2.C	52	2.800	32.320	0.320
BPP_100_400_0.1_0.8_2.C	52	2.800	32.320	0.326
BPP_100_400_0.1_0.8_2.C	52	2.800	32.320	0.336
BPP_100_400_0.1_0.8_2.C	51	4.200	32.280	0.343
BPP_100_400_0.1_0.8_2.C	50	4.800	31.920	0.323
BPP_100_400_0.1_0.8_2.C	50	4.600	31.840	0.331
BPP_100_400_0.1_0.8_2.C	51	2.800	31.720	0.331
BPP_100_400_0.1_0.8_2.C	51	3.600	32.040	0.324
BPP_100_400_0.1_0.8_2.C	50	5.200	32.080	0.322
BPP_100_400_0.1_0.8_3.C	52	2.600	32.240	0.339
BPP_100_400_0.1_0.8_3.C	52	2.600	32.240	0.339
BPP_100_400_0.1_0.8_3.C	52	2.600	32.240	0.343
BPP_100_400_0.1_0.8_3.C	52	2.600	32.240	0.343
BPP_100_400_0.1_0.8_3.C	52	2.600	32.240	0.339
BPP_100_400_0.1_0.8_3.C	52	2.600	32.240	0.333
BPP_100_400_0.1_0.8_3.C	52	2.600	32.240	0.337
BPP_100_400_0.1_0.8_3.C	52	2.600	32.240	0.338
BPP_100_400_0.1_0.8_3.C	52	2.600	32.240	0.340
BPP_100_400_0.1_0.8_3.C	52	2.600	32.240	0.338
BPP_100_400_0.1_0.8_4.C	51	3.000	31.800	0.341
BPP_100_400_0.1_0.8_4.C	52	2.200	32.080	0.346
BPP_100_400_0.1_0.8_4.C	51	3.800	32.120	0.336
BPP_100_400_0.1_0.8_4.C	51	3.400	31.960	0.351
BPP_100_400_0.1_0.8_4.C	51	3.200	31.880	0.339
BPP_100_400_0.1_0.8_4.C	51	2.800	31.720	0.338
BPP_100_400_0.1_0.8_4.C	51	3.600	32.040	0.340
BPP_100_400_0.1_0.8_4.C	51	3.000	31.800	0.342
BPP_100_400_0.1_0.8_4.C	52	2.600	32.240	0.366
BPP_100_400_0.1_0.8_4.C	51	2.800	31.720	0.342
BPP_100_400_0.1_0.8_5.C	48	2.400	29.760	0.317
BPP_100_400_0.1_0.8_5.C	49	2.000	30.200	0.319
BPP_100_400_0.1_0.8_5.C	47	3.600	29.640	0.319
BPP_100_400_0.1_0.8_5.C	48	2.400	29.760	0.316
BPP_100_400_0.1_0.8_5.C	48	2.200	29.680	0.318
BPP_100_400_0.1_0.8_5.C	48	2.600	29.840	0.320
BPP_100_400_0.1_0.8_5.C	48	1.800	29.520	0.339
BPP_100_400_0.1_0.8_5.C	48	2.000	29.600	0.342
BPP_100_400_0.1_0.8_5.C	48	2.600	29.840	0.339
BPP_100_400_0.1_0.8_5.C	49	2.000	30.200	0.316
BPP_100_400_0.1_0.8_6.C	53	1.200	32.280	0.351
BPP_100_400_0.1_0.8_6.C	53	1.200	32.280	0.350
BPP_100_400_0.1_0.8_6.C	53	1.200	32.280	0.399
BPP_100_400_0.1_0.8_6.C	53	1.000	32.200	0.348
BPP_100_400_0.1_0.8_6.C	53	1.200	32.280	0.348
BPP_100_400_0.1_0.8_6.C	53	1.200	32.280	0.351
BPP_100_400_0.1_0.8_6.C	53	1.200	32.280	0.350
BPP_100_400_0.1_0.8_6.C	53	1.200	32.280	0.347
BPP_100_400_0.1_0.8_6.C	53	1.200	32.280	0.352
BPP_100_400_0.1_0.8_6.C	53	1.200	32.280	0.351
BPP_100_400_0.1_0.8_7.C	51	1.800	31.320	0.332
BPP_100_400_0.1_0.8_7.C	51	2.000	31.400	0.328
BPP_100_400_0.1_0.8_7.C	51	2.000	31.400	0.324
BPP_100_400_0.1_0.8_7.C	51	2.000	31.400	0.342
BPP_100_400_0.1_0.8_7.C	51	2.000	31.400	0.322
BPP_100_400_0.1_0.8_7.C	51	2.000	31.400	0.323
BPP_100_400_0.1_0.8_7.C	51	2.000	31.400	0.329
BPP_100_400_0.1_0.8_7.C	51	2.000	31.400	0.354
BPP_100_400_0.1_0.8_7.C	51	2.000	31.400	0.357
BPP_100_400_0.1_0.8_7.C	51	2.000	31.400	0.330
BPP_100_400_0.1_0.8_8.C	53	5.800	34.120	0.345
BPP_100_400_0.1_0.8_8.C	53	5.800	34.120	0.345
BPP_100_400_0.1_0.8_8.C	53	5.800	34.120	0.358
BPP_100_400_0.1_0.8_8.C	53	5.800	34.120	0.341
BPP_100_400_0.1_0.8_8.C	53	5.800	34.120	0.360
BPP_100_400_0.1_0.8_8.C	53	5.800	34.120	0.339
BPP_100_400_0.1_0.8_8.C	53	5.800	34.120	0.338
BPP_100_400_0.1_0.8_8.C	53	5.800	34.120	0.341
BPP_100_400_0.1_0.8_8.C	53	5.800	34.120	0.337
BPP_100_400_0.1_0.8_8.C	52	7.200	34.080	0.335
BPP_100_400_0.1_0.8_9.C	53	3.400	33.160	0.338
BPP_100_400_0.1_0.8_9.C	52	3.600	32.640	0.337
BPP_100_400_0.1_0.8_9.C	53	3.400	33.160	0.340
BPP_100_400_0.1_0.8_9.C	53	3.400	33.160	0.338
BPP_100_400_0.1_0.8_9.C	53	3.400	33.160	0.338
BPP_100_400_0.1_0.8_9.C	53	3.400	33.160	0.335
BPP_100_400_0.1_0.8_9.C	53	3.400	33.160	0.335
BPP_100_400_0.1_0.8_9.C	53	3.400	33.160	0.334
BPP_100_400_0.1_0.8_9.C	53	3.400	33.160	0.342
BPP_100_400_0.1_0.8_9.C	53	3.400	33.160	0.334
BPP_100_500_0.1_0.8_0.C	47	5.400	30.360	0.306
BPP_100_500_0.1_0.8_0.C	47	5.400	30.360	0.314
BPP_100_500_0.1_0.8_0.C	47	5.400	30.360	0.308
BPP_100_500_0.1_0.8_0.C	47	5.400	30.360	0.315
BPP_100_500_0.1_0.8_0.C	47	5.400	30.360	0.307
BPP_100_500_0.1_0.8_0.C	47	5.400	30.360	0.321
BPP_100_500_0.1_0.8_0.C	47	5.400	30.360	0.304
BPP_100_500_0.1_0.8_0.C	47	5.400	30.360	0.312
BPP_100_500_0.1_0.8_0.C	47	5.400	30.360	0.311
BPP_100_500_0.1_0.8_0.C	47	5.400	30.360	0.306
BPP_100_500_0.1_0.8_1.C	53	3.400	33.160	0.345
BPP_100_500_0.1_0.8_1.C	53	3.400	33.160	0.345
BPP_100_500_0.1_0.8_1.C	53	3.200	33.080	0.345
BPP_100_500_0.1_0.8_1.C	53	3.200	33.080	0.344
BPP_100_500_0.1_0.8_1.C	53	3.400	33.160	0.340
BPP_100_500_0.1_0.8_1.C	53	3.400	33.160	0.340
BPP_100_500_0.1_0.8_1.C	53	3.400	33.160	0.351
BPP_100_500_0.1_0.8_1.C	53	3.400	33.160	0.347
BPP_100_500_0.1_0.8_1.C	53	3.400	33.160	0.356
BPP_100_500_0.1_0.8_1.C	53	3.400	33.160	0.343
BPP_100_500_0.1_0.8_2.C	51	2.200	31.480	0.325
BPP_100_500_0.1_0.8_2.C	50	2.400	30.960	0.327
BPP_100_500_0.1_0.8_2.C	51	2.200	31.480	0.325
BPP_100_500_0.1_0.8_2.C	50	2.400	30.960	0.329
BPP_100_500_0.1_0.8_2.C	51	2.200	31.480	0.336
BPP_100_500_0.1_0.8_2.C	51	2.200	31.480	0.333
BPP_100_500_0.1_0.8_2.C	51	2.200	31.480	0.330
BPP_100_500_0.1_0.8_2.C	51	2.200	31.480	0.328
BPP_100_500_0.1_0.8_2.C	50	2.200	30.880	0.331
BPP_100_500_0.1_0.8_2.C	51	2.200	31.480	0.324
BPP_100_500_0.1_0.8_3.C	52	12.600	36.240	0.353
BPP_100_500_0.1_0.8_3.C	52	12.600	36.240	0.381
BPP_100_500_0.1_0.8_3.C	52	12.600	36.240	0.356
BPP_100_500_0.1_0.8_3.C	52	12.600	36.240	0.355
BPP_100_500_0.1_0.8_3.C	52	12.600	36.240	0.353
BPP_100_500_0.1_0.8_3.C	52	12.600	36.240	0.351
BPP_100_500_0.1_0.8_3.C	52	12.600	36.240	0.355
BPP_100_500_0.1_0.8_3.C	52	12.600	36.240	0.351
BPP_100_500_0.1_0.8_3.C	52	12.600	36.240	0.352
BPP_100_500_0.1_0.8_3.C	52	12.600	36.240	0.355
BPP_100_500_0.1_0.8_4.C	52	7.800	34.320	0.335
BPP_100_500_0.1_0.8_4.C	52	7.800	34.320	0.334
BPP_100_500_0.1_0.8_4.C	52	7.800	34.320	0.340
BPP_100_500_0.1_0.8_4.C	52	7.800	34.320	0.337
BPP_100_500_0.1_0.8_4.C	52	7.800	34.320	0.352
BPP_100_500_0.1_0.8_4.C	52	7.800	34.320	0.332
BPP_100_500_0.1_0.8_4.C	52	7.800	34.320	0.336
BPP_100_500_0.1_0.8_4.C	52	7.800	34.320	0.338
BPP_100_500_0.1_0.8_4.C	52	7.800	34.320	0.335
BPP_100_500_0.1_0.8_4.C	52	7.800	34.320	0.332
BPP_100_500_0.1_0.8_5.C	57	2.000	35.000	0.359
BPP_100_500_0.1_0.8_5.C	56	2.400	34.560	0.362
BPP_100_500_0.1_0.8_5.C	56	2.800	34.720	0.359
BPP_100_500_0.1_0.8_5.C	57	2.000	35.000	0.367
BPP_100_500_0.1_0.8_5.C	56	3.000	34.800	0.383
BPP_100_500_0.1_0.8_5.C	56	2.800	34.720	0.359
BPP_100_500_0.1_0.8_5.C	56	2.800	34.720	0.359
BPP_100_500_0.1_0.8_5.C	56	2.200	34.480	0.371
BPP_100_500_0.1_0.8_5.C	57	2.000	35.000	0.357
BPP_100_500_0.1_0.8_5.C	56	2.400	34.560	0.362
BPP_100_500_0.1_0.8_6.C	52	3.800	32.720	0.334
BPP_100_500_0.1_0.8_6.C	53	4.400	33.560	0.334
BPP_100_500_0.1_0.8_6.C	52	4.600	33.040	0.333
BPP_100_500_0.1_0.8_6.C	53	3.400	33.160	0.333
BPP_100_500_0.1_0.8_6.C	53	4.400	33.560	0.340
BPP_100_500_0.1_0.8_6.C	52	5.000	33.200	0.342
BPP_100_500_0.1_0.8_6.C	53	5.000	33.800	0.335
BPP_100_500_0.1_0.8_6.C	52	3.600	32.640	0.342
BPP_100_500_0.1_0.8_6.C	52	6.400	33.760	0.342
BPP_100_500_0.1_0.8_6.C	52	5.000	33.200	0.364
BPP_100_500_0.1_0.8_7.C	53	4.200	33.480	0.344
BPP_100_500_0.1_0.8_7.C	52	5.200	33.280	0.376
BPP_100_500_0.1_0.8_7.C	53	3.200	33.080	0.345
BPP_100_500_0.1_0.8_7.C	54	3.400	33.760	0.360
BPP_100_500_0.1_0.8_7.C	53	3.800	33.320	0.346
BPP_100_500_0.1_0.8_7.C	52	5.200	33.280	0.341
BPP_100_500_0.1_0.8_7.C	53	3.600	33.240	0.346
BPP_100_500_0.1_0.8_7.C	52	4.000	32.800	0.344
BPP_100_500_0.1_0.8_7.C	53	4.000	33.400	0.340
BPP_100_500_0.1_0.8_7.C	53	4.200	33.480	0.357
BPP_100_500_0.1_0.8_8.C	50	5.400	32.160	0.317
BPP_100_500_0.1_0.8_8.C	51	4.200	32.280	0.326
BPP_100_500_0.1_0.8_8.C	50	5.400	32.160	0.337
BPP_100_500_0.1_0.8_8.C	50	7.200	32.880	0.322
BPP_100_500_0.1_0.8_8.C	51	4.400	32.360	0.322
BPP_100_500_0.1_0.8_8.C	51	4.800	32.520	0.319
BPP_100_500_0.1_0.8_8.C	50	5.000	32.000	0.317
BPP_100_500_0.1_0.8_8.C	51	4.400	32.360	0.319
BPP_100_500_0.1_0.8_8.C	51	4.000	32.200	0.322
BPP_100_500_0.1_0.8_8.C	50	5.600	32.240	0.322
BPP_100_500_0.1_0.8_9.C	49	4.000	31.000	0.313
BPP_100_500_0.1_0.8_9.C	49	4.000	31.000	0.323
BPP_100_500_0.1_0.8_9.C	49	4.600	31.240	0.318
BPP_100_500_0.1_0.8_9.C	49	5.200	31.480	0.320
BPP_100_500_0.1_0.8_9.C	50	4.000	31.600	0.313
BPP_100_500_0.1_0.8_9.C	49	4.000	31.000	0.316
BPP_100_500_0.1_0.8_9.C	50	4.000	31.600	0.311
BPP_100_500_0.1_0.8_9.C	49	5.000	31.400	0.316
BPP_100_500_0.1_0.8_9.C	50	4.000	31.600	0.316
BPP_100_500_0.1_0.8_9.C	49	5.400	31.560	0.312
BPP_100_50_0.1_0.8_0.C	48	2.000	29.600	0.312
BPP_100_50_0.1_0.8_0.C	48	2.000	29.600	0.316
BPP_100_50_0.1_0.8_0.C	48	2.000	29.600	0.317
BPP_100_50_0.1_0.8_0.C	48	2.000	29.600	0.315
BPP_100_50_0.1_0.8_0.C	48	2.000	29.600	0.312
BPP_100_50_0.1_0.8_0.C	48	2.000	29.600	0.313
BPP_100_50_0.1_0.8_0.C	48	2.000	29.600	0.324
BPP_100_50_0.1_0.8_0.C	48	2.000	29.600	0.312
BPP_100_50_0.1_0.8_0.C	48	2.000	29.600	0.315
BPP_100_50_0.1_0.8_0.C	48	2.000	29.600	0.326
BPP_100_50_0.1_0.8_1.C	47	6.200	30.680	0.311
BPP_100_50_0.1_0.8_1.C	47	5.800	30.520	0.315
BPP_100_50_0.1_0.8_1.C	47	6.200	30.680	0.315
BPP_100_50_0.1_0.8_1.C	47	6.200	30.680	0.311
BPP_100_50_0.1_0.8_1.C	47	6.200	30.680	0.324
BPP_100_50_0.1_0.8_1.C	47	6.200	30.680	0.312
BPP_100_50_0.1_0.8_1.C	47	6.200	30.680	0.315
BPP_100_50_0.1_0.8_1.C	47	6.200	30.680	0.362
BPP_100_50_0.1_0.8_1.C	47	6.200	30.680	0.317
BPP_100_50_0.1_0.8_1.C	47	6.200	30.680	0.311
BPP_100_50_0.1_0.8_2.C	54	5.000	34.400	0.357
BPP_100_50_0.1_0.8_2.C	54	5.000	34.400	0.355
BPP_100_50_0.1_0.8_2.C	54	5.000	34.400	0.359
BPP_100_50_0.1_0.8_2.C	54	5.000	34.400	0.358
BPP_100_50_0.1_0.8_2.C	54	5.000	34.400	0.356
BPP_100_50_0.1_0.8_2.C	54	5.000	34.400	0.354
BPP_100_50_0.1_0.8_2.C	54	5.000	34.400	0.356
BPP_100_50_0.1_0.8_2.C	54	5.000	34.400	0.357
BPP_100_50_0.1_0.8_2.C	54	5.000	34.400	0.354
BPP_100_50_0.1_0.8_2.C	54	5.000	34.400	0.350
BPP_100_50_0.1_0.8_3.C	51	5.400	32.760	0.329
BPP_100_50_0.1_0.8_3.C	51	5.400	32.760	0.326
BPP_100_50_0.1_0.8_3.C	51	5.400	32.760	0.327
BPP_100_50_0.1_0.8_3.C	51	5.400	32.760	0.329
BPP_100_50_0.1_0.8_3.C	51	5.400	32.760	0.325
BPP_100_50_0.1_0.8_3.C	51	5.400	32.760	0.333
BPP_100_50_0.1_0.8_3.C	51	5.400	32.760	0.333
BPP_100_50_0.1_0.8_3.C	51	5.400	32.760	0.329
BPP_100_50_0.1_0.8_3.C	51	5.400	32.760	0.328
BPP_100_50_0.1_0.8_3.C	51	5.400	32.760	0.353
BPP_100_50_0.1_0.8_4.C	45	2.200	27.880	0.309
BPP_100_50_0.1_0.8_4.C	45	2.000	27.800	0.320
BPP_100_50_0.1_0.8_4.C	45	2.400	27.960	0.320
BPP_100_50_0.1_0.8_4.C	45	2.200	27.880	0.309
BPP_100_50_0.1_0.8_4.C	46	1.800	28.320	0.311
BPP_100_50_0.1_0.8_4.C	45	2.000	27.800	0.333
BPP_100_50_0.1_0.8_4.C	45	2.400	27.960	0.310
BPP_100_50_0.1_0.8_4.C	45	2.600	28.040	0.313
BPP_100_50_0.1_0.8_4.C	45	2.000	27.800	0.318
BPP_100_50_0.1_0.8_4.C	44	2.000	27.200	0.309
BPP_100_50_0.1_0.8_5.C	46	1.600	28.240	0.323
BPP_100_50_0.1_0.8_5.C	45	2.000	27.800	0.314
BPP_100_50_0.1_0.8_5.C	46	2.000	28.400	0.332
BPP_100_50_0.1_0.8_5.C	45	2.200	27.880	0.313
BPP_100_50_0.1_0.8_5.C	46	1.800	28.320	0.297
BPP_100_50_0.1_0.8_5.C	46	2.000	28.400	0.315
BPP_100_50_0.1_0.8_5.C	45	1.800	27.720	0.313
BPP_100_50_0.1_0.8_5.C	46	2.000	28.400	0.306
BPP_100_50_0.1_0.8_5.C	45	2.200	27.880	0.298
BPP_100_50_0.1_0.8_5.C	46	2.000	28.400	0.305
BPP_100_50_0.1_0.8_6.C	47	1.600	28.840	0.313
BPP_100_50_0.1_0.8_6.C	47	2.400	29.160	0.311
BPP_100_50_0.1_0.8_6.C	48	1.600	29.440	0.323
BPP_100_50_0.1_0.8_6.C	47	2.000	29.000	0.319
BPP_100_50_0.1_0.8_6.C	47	1.400	28.760	0.312
BPP_100_50_0.1_0.8_6.C	48	1.600	29.440	0.313
BPP_100_50_0.1_0.8_6.C	46	3.000	28.800	0.313
BPP_100_50_0.1_0.8_6.C	47	2.800	29.320	0.359
BPP_100_50_0.1_0.8_6.C	48	1.600	29.440	0.314
BPP_100_50_0.1_0.8_6.C	48	1.400	29.360	0.309
BPP_100_50_0.1_0.8_7.C	50	1.400	30.560	0.343
BPP_100_50_0.1_0.8_7.C	50	1.400	30.560	0.345
BPP_100_50_0.1_0.8_7.C	50	1.400	30.560	0.348
BPP_100_50_0.1_0.8_7.C	50	1.400	30.560	0.343
BPP_100_50_0.1_0.8_7.C	50	1.400	30.560	0.347
BPP_100_50_0.1_0.8_7.C	50	1.400	30.560	0.351
BPP_100_50_0.1_0.8_7.C	49	2.800	30.520	0.339
BPP_100_50_0.1_0.8_7.C	49	2.000	30.200	0.355
BPP_100_50_0.1_0.8_7.C	49	1.800	30.120	0.342
BPP_100_50_0.1_0.8_7.C	50	1.400	30.560	0.374
BPP_100_50_0.1_0.8_8.C	51	4.400	32.360	0.380
BPP_100_50_0.1_0.8_8.C	51	4.400	32.360	0.353
BPP_100_50_0.1_0.8_8.C	51	4.400	32.360	0.353
BPP_100_50_0.1_0.8_8.C	51	4.400	32.360	0.352
BPP_100_50_0.1_0.8_8.C	51	4.400	32.360	0.351
BPP_100_50_0.1_0.8_8.C	51	4.400	32.360	0.347
BPP_100_50_0.1_0.8_8.C	51	4.400	32.360	0.359
BPP_100_50_0.1_0.8_8.C	51	4.400	32.360	0.350
BPP_100_50_0.1_0.8_8.C	51	4.400	32.360	0.345
BPP_100_50_0.1_0.8_8.C	51	4.400	32.360	0.352
BPP_100_50_0.1_0.8_9.C	50	4.600	31.840	0.346
BPP_100_50_0.1_0.8_9.C	50	4.600	31.840	0.355
BPP_100_50_0.1_0.8_9.C	50	4.600	31.840	0.373
BPP_100_50_0.1_0.8_9.C	50	4.600	31.840	0.342
BPP_100_50_0.1_0.8_9.C	50	4.600	31.840	0.340
BPP_100_50_0.1_0.8_9.C	50	4.600	31.840	0.347
BPP_100_50_0.1_0.8_9.C	50	4.600	31.840	0.337
BPP_100_50_0.1_0.8_9.C	50	4.600	31.840	0.378
BPP_100_50_0.1_0.8_9.C	50	4.600	31.840	0.347
BPP_100_50_0.1_0.8_9.C	50	4.600	31.840	0.338
BPP_100_750_0.1_0.8_0.C	50	2.000	30.800	0.323
BPP_100_750_0.1_0.8_0.C	50	2.000	30.800	0.327
BPP_100_750_0.1_0.8_0.C	49	3.200	30.680	0.337
BPP_100_750_0.1_0.8_0.C	50	2.000	30.800	0.325
BPP_100_750_0.1_0.8_0.C	50	2.000	30.800	0.339
BPP_100_750_0.1_0.8_0.C	50	2.000	30.800	0.326
BPP_100_750_0.1_0.8_0.C	50	2.000	30.800	0.325
BPP_100_750_0.1_0.8_0.C	50	2.000	30.800	0.323
BPP_100_750_0.1_0.8_0.C	50	2.000	30.800	0.329
BPP_100_750_0.1_0.8_0.C	50	2.000	30.800	0.325
BPP_100_750_0.1_0.8_1.C	49	2.000	30.200	0.318
BPP_100_750_0.1_0.8_1.C	49	2.000	30.200	0.316
BPP_100_750_0.1_0.8_1.C	49	2.000	30.200	0.316
BPP_100_750_0.1_0.8_1.C	49	2.000	30.200	0.328
BPP_100_750_0.1_0.8_1.C	49	2.000	30.200	0.317
BPP_100_750_0.1_0.8_1.C	49	2.000	30.200	0.316
BPP_100_750_0.1_0.8_1.C	49	2.000	30.200	0.318
BPP_100_750_0.1_0.8_1.C	49	2.000	30.200	0.318
BPP_100_750_0.1_0.8_1.C	49	2.000	30.200	0.316
BPP_100_750_0.1_0.8_1.C	49	2.000	30.200	0.313
BPP_100_750_0.1_0.8_2.C	49	2.000	30.200	0.318
BPP_100_750_0.1_0.8_2.C	49	2.000	30.200	0.317
BPP_100_750_0.1_0.8_2.C	49	2.000	30.200	0.314
BPP_100_750_0.1_0.8_2.C	49	2.000	30.200	0.314
BPP_100_750_0.1_0.8_2.C	49	2.000	30.200	0.335
BPP_100_750_0.1_0.8_2.C	49	2.000	30.200	0.317
BPP_100_750_0.1_0.8_2.C	49	2.000	30.200	0.314
BPP_100_750_0.1_0.8_2.C	49	2.000	30.200	0.316
BPP_100_750_0.1_0.8_2.C	49	2.000	30.200	0.317
BPP_100_750_0.1_0.8_2.C	49	2.000	30.200	0.330
BPP_100_750_0.1_0.8_3.C	53	3.000	33.000	0.331
BPP_100_750_0.1_0.8_3.C	53	2.800	32.920	0.335
BPP_100_750_0.1_0.8_3.C	53	3.000	33.000	0.341
BPP_100_750_0.1_0.8_3.C	53	3.000	33.000	0.331
BPP_100_750_0.1_0.8_3.C	53	3.000	33.000	0.327
BPP_100_750_0.1_0.8_3.C	53	3.000	33.000	0.335
BPP_100_750_0.1_0.8_3.C	52	4.000	32.800	0.329
BPP_100_750_0.1_0.8_3.C	53	3.000	33.000	0.329
BPP_100_750_0.1_0.8_3.C	53	3.000	33.000	0.334
BPP_100_750_0.1_0.8_3.C	53	3.000	33.000	0.331
BPP_100_750_0.1_0.8_4.C	55	5.600	35.240	0.355
BPP_100_750_0.1_0.8_4.C	56	5.000	35.600	0.364
BPP_100_750_0.1_0.8_4.C	57	3.800	35.720	0.376
BPP_100_750_0.1_0.8_4.C	55	4.800	34.920	0.354
BPP_100_750_0.1_0.8_4.C	57	3.800	35.720	0.357
BPP_100_750_0.1_0.8_4.C	56	4.800	35.520	0.374
BPP_100_750_0.1_0.8_4.C	55	6.000	35.400	0.358
BPP_100_750_0.1_0.8_4.C	55	4.600	34.840	0.351
BPP_100_750_0.1_0.8_4.C	55	6.400	35.560	0.354
BPP_100_750_0.1_0.8_4.C	55	5.400	35.160	0.356
BPP_100_750_0.1_0.8_5.C	53	0.400	31.960	0.333
BPP_100_750_0.1_0.8_5.C	53	0.400	31.960	0.334
BPP_100_750_0.1_0.8_5.C	53	0.400	31.960	0.335
BPP_100_750_0.1_0.8_5.C	53	0.400	31.960	0.331
BPP_100_750_0.1_0.8_5.C	52	1.400	31.760	0.330
BPP_100_750_0.1_0.8_5.C	53	0.400	31.960	0.341
BPP_100_750_0.1_0.8_5.C	53	0.400	31.960	0.332
BPP_100_750_0.1_0.8_5.C	53	0.400	31.960	0.334
BPP_100_750_0.1_0.8_5.C	53	0.400	31.960	0.343
BPP_100_750_0.1_0.8_5.C	53	0.400	31.960	0.342
BPP_100_750_0.1_0.8_6.C	50	0.200	30.080	0.324
BPP_100_750_0.1_0.8_6.C	50	0.200	30.080	0.316
BPP_100_750_0.1_0.8_6.C	50	0.200	30.080	0.333
BPP_100_750_0.1_0.8_6.C	50	0.200	30.080	0.318
BPP_100_750_0.1_0.8_6.C	50	0.200	30.080	0.316
BPP_100_750_0.1_0.8_6.C	50	0.200	30.080	0.316
BPP_100_750_0.1_0.8_6.C	50	0.200	30.080	0.317
BPP_100_750_0.1_0.8_6.C	50	0.200	30.080	0.314
BPP_100_750_0.1_0.8_6.C	50	0.200	30.080	0.322
BPP_100_750_0.1_0.8_6.C	50	0.200	30.080	0.315
BPP_100_750_0.1_0.8_7.C	54	-0.000	32.400	0.370
BPP_100_750_0.1_0.8_7.C	53	0.400	31.960	0.355
BPP_100_750_0.1_0.8_7.C	54	-0.000	32.400	0.350
BPP_100_750_0.1_0.8_7.C	53	0.200	31.880	0.349
BPP_100_750_0.1_0.8_7.C	54	-0.000	32.400	0.351
BPP_100_750_0.1_0.8_7.C	54	-0.000	32.400	0.354
BPP_100_750_0.1_0.8_7.C	54	-0.000	32.400	0.348
BPP_100_750_0.1_0.8_7.C	54	-0.000	32.400	0.348
BPP_100_750_0.1_0.8_7.C	54	-0.000	32.400	0.348
BPP_100_750_0.1_0.8_7.C	54	-0.000	32.400	0.349
BPP_100_750_0.1_0.8_8.C	48	2.600	29.840	0.327
BPP_100_750_0.1_0.8_8.C	50	0.800	30.320	0.304
BPP_100_750_0.1_0.8_8.C	48	1.000	29.200	0.311
BPP_100_750_0.1_0.8_8.C	49	1.800	30.120	0.309
BPP_100_750_0.1_0.8_8.C	48	2.800	29.920	0.307
BPP_100_750_0.1_0.8_8.C	49	1.600	30.040	0.310
BPP_100_750_0.1_0.8_8.C	49	1.600	30.040	0.310
BPP_100_750_0.1_0.8_8.C	49	2.000	30.200	0.306
BPP_100_750_0.1_0.8_8.C	48	2.200	29.680	0.308
BPP_100_750_0.1_0.8_8.C	49	1.400	29.960	0.309
BPP_100_750_0.1_0.8_9.C	48	1.000	29.200	0.315
BPP_100_750_0.1_0.8_9.C	48	1.000	29.200	0.311
BPP_100_750_0.1_0.8_9.C	48	1.000	29.200	0.315
BPP_100_750_0.1_0.8_9.C	48	1.000	29.200	0.313
BPP_100_750_0.1_0.8_9.C	48	1.000	29.200	0.314
BPP_100_750_0.1_0.8_9.C	47	1.000	28.600	0.317
BPP_100_750_0.1_0.8_9.C	48	0.800	29.120	0.313
BPP_100_750_0.1_0.8_9.C	48	1.000	29.200	0.315
BPP_100_750_0.1_0.8_9.C	48	1.000	29.200	0.318
BPP_100_750_0.1_0.8_9.C	48	1.000	29.200	0.314
BPP_100_75_0.1_0.8_0.C	54	-0.000	32.400	0.365
BPP_100_75_0.1_0.8_0.C	54	-0.000	32.400	0.352
BPP_100_75_0.1_0.8_0.C	54	-0.000	32.400	0.356
BPP_100_75_0.1_0.8_0.C	54	-0.000	32.400	0.357
BPP_100_75_0.1_0.8_0.C	54	-0.000	32.400	0.378
BPP_100_75_0.1_0.8_0.C	54	-0.000	32.400	0.353
BPP_100_75_0.1_0.8_0.C	53	0.800	32.120	0.357
BPP_100_75_0.1_0.8_0.C	54	-0.000	32.400	0.355
BPP_100_75_0.1_0.8_0.C	54	-0.000	32.400	0.362
BPP_100_75_0.1_0.8_0.C	54	-0.000	32.400	0.368
BPP_100_75_0.1_0.8_1.C	50	4.200	31.680	0.347
BPP_100_75_0.1_0.8_1.C	50	4.200	31.680	0.356
BPP_100_75_0.1_0.8_1.C	50	4.200	31.680	0.348
BPP_100_75_0.1_0.8_1.C	49	5.400	31.560	0.350
BPP_100_75_0.1_0.8_1.C	50	4.200	31.680	0.354
BPP_100_75_0.1_0.8_1.C	50	4.200	31.680	0.356
BPP_100_75_0.1_0.8_1.C	50	4.200	31.680	0.353
BPP_100_75_0.1_0.8_1.C	50	4.200	31.680	0.362
BPP_100_75_0.1_0.8_1.C	50	4.200	31.680	0.348
BPP_100_75_0.1_0.8_1.C	50	4.200	31.680	0.370
BPP_100_75_0.1_0.8_2.C	51	7.800	33.720	0.327
BPP_100_75_0.1_0.8_2.C	51	7.400	33.560	0.336
BPP_100_75_0.1_0.8_2.C	51	7.800	33.720	0.331
BPP_100_75_0.1_0.8_2.C	51	7.800	33.720	0.330
BPP_100_75_0.1_0.8_2.C	51	7.400	33.560	0.332
BPP_100_75_0.1_0.8_2.C	51	7.800	33.720	0.328
BPP_100_75_0.1_0.8_2.C	51	7.800	33.720	0.328
BPP_100_75_0.1_0.8_2.C	51	7.400	33.560	0.329
BPP_100_75_0.1_0.8_2.C	51	7.400	33.560	0.337
BPP_100_75_0.1_0.8_2.C	51	7.200	33.480	0.328
BPP_100_75_0.1_0.8_3.C	55	2.600	34.040	0.381
BPP_100_75_0.1_0.8_3.C	55	2.600	34.040	0.377
BPP_100_75_0.1_0.8_3.C	55	2.600	34.040	0.374
BPP_100_75_0.1_0.8_3.C	55	2.600	34.040	0.384
BPP_100_75_0.1_0.8_3.C	55	2.600	34.040	0.380
BPP_100_75_0.1_0.8_3.C	55	2.600	34.040	0.375
BPP_100_75_0.1_0.8_3.C	55	2.600	34.040	0.380
BPP_100_75_0.1_0.8_3.C	55	2.600	34.040	0.378
BPP_100_75_0.1_0.8_3.C	55	2.600	34.040	0.385
BPP_100_75_0.1_0.8_3.C	55	2.600	34.040	0.368
BPP_100_75_0.1_0.8_4.C	50	0.400	30.160	0.335
BPP_100_75_0.1_0.8_4.C	50	0.400	30.160	0.339
BPP_100_75_0.1_0.8_4.C	50	0.400	30.160	0.337
BPP_100_75_0.1_0.8_4.C	50	0.400	30.160	0.344
BPP_100_75_0.1_0.8_4.C	50	0.400	30.160	0.351
BPP_100_75_0.1_0.8_4.C	50	0.400	30.160	0.334
BPP_100_75_0.1_0.8_4.C	50	0.400	30.160	0.344
BPP_100_75_0.1_0.8_4.C	50	0.400	30.160	0.334
BPP_100_75_0.1_0.8_4.C	50	0.400	30.160	0.342
BPP_100_75_0.1_0.8_4.C	50	0.400	30.160	0.335
BPP_100_75_0.1_0.8_5.C	53	1.200	32.280	0.336
BPP_100_75_0.1_0.8_5.C	52	1.000	31.600	0.331
BPP_100_75_0.1_0.8_5.C	53	1.000	32.200	0.337
BPP_100_75_0.1_0.8_5.C	51	1.200	31.080	0.333
BPP_100_75_0.1_0.8_5.C	52	1.200	31.680	0.336
BPP_100_75_0.1_0.8_5.C	52	1.200	31.680	0.339
BPP_100_75_0.1_0.8_5.C	51	1.200	31.080	0.336
BPP_100_75_0.1_0.8_5.C	53	1.200	32.280	0.334
BPP_100_75_0.1_0.8_5.C	52	1.800	31.920	0.332
BPP_100_75_0.1_0.8_5.C	52	1.200	31.680	0.335
BPP_100_75_0.1_0.8_6.C	47	2.400	29.160	0.332
BPP_100_75_0.1_0.8_6.C	49	0.600	29.640	0.326
BPP_100_75_0.1_0.8_6.C	48	1.600	29.440	0.327
BPP_100_75_0.1_0.8_6.C	48	1.000	29.200	0.327
BPP_100_75_0.1_0.8_6.C	48	0.800	29.120	0.325
BPP_100_75_0.1_0.8_6.C	49	0.600	29.640	0.323
BPP_100_75_0.1_0.8_6.C	49	0.800	29.720	0.327
BPP_100_75_0.1_0.8_6.C	48	0.800	29.120	0.327
BPP_100_75_0.1_0.8_6.C	49	0.800	29.720	0.326
BPP_100_75_0.1_0.8_6.C	47	3.600	29.640	0.328
BPP_100_75_0.1_0.8_7.C	52	0.600	31.440	0.343
BPP_100_75_0.1_0.8_7.C	51	1.200	31.080	0.342
BPP_100_75_0.1_0.8_7.C	52	0.800	31.520	0.347
BPP_100_75_0.1_0.8_7.C	52	1.200	31.680	0.350
BPP_100_75_0.1_0.8_7.C	51	2.800	31.720	0.347
BPP_100_75_0.1_0.8_7.C	52	1.000	31.600	0.349
BPP_100_75_0.1_0.8_7.C	51	1.800	31.320	0.350
BPP_100_75_0.1_0.8_7.C	52	1.000	31.600	0.347
BPP_100_75_0.1_0.8_7.C	52	1.200	31.680	0.348
BPP_100_75_0.1_0.8_7.C	51	0.800	30.920	0.350
BPP_100_75_0.1_0.8_8.C	51	2.000	31.400	0.351
BPP_100_75_0.1_0.8_8.C	51	2.800	31.720	0.353
BPP_100_75_0.1_0.8_8.C	51	2.200	31.480	0.348
BPP_100_75_0.1_0.8_8.C	52	1.000	31.600	0.349
BPP_100_75_0.1_0.8_8.C	51	1.400	31.160	0.345
BPP_100_75_0.1_0.8_8.C	52	1.000	31.600	0.350
BPP_100_75_0.1_0.8_8.C	50	2.000	30.800	0.350
BPP_100_75_0.1_0.8_8.C	51	0.800	30.920	0.348
BPP_100_75_0.1_0.8_8.C	51	0.800	30.920	0.348
BPP_100_75_0.1_0.8_8.C	52	0.200	31.280	0.348
BPP_100_75_0.1_0.8_9.C	53	1.000	32.200	0.354
BPP_100_75_0.1_0.8_9.C	53	1.000	32.200	0.355
BPP_100_75_0.1_0.8_9.C	53	1.600	32.440	0.355
BPP_100_75_0.1_0.8_9.C	53	0.800	32.120	0.352
BPP_100_75_0.1_0.8_9.C	51	4.000	32.200	0.355
BPP_100_75_0.1_0.8_9.C	53	1.600	32.440	0.353
BPP_100_75_0.1_0.8_9.C	53	0.600	32.040	0.355
BPP_100_75_0.1_0.8_9.C	52	2.800	32.320	0.348
BPP_100_75_0.1_0.8_9.C	53	1.800	32.520	0.355
BPP_100_75_0.1_0.8_9.C	52	2.800	32.320	0.357
BPP_200_1000_0.1_0.8_0.C	105	1.600	63.640	1.989
BPP_200_1000_0.1_0.8_0.C	105	1.600	63.640	2.020
BPP_200_1000_0.1_0.8_0.C	105	1.600	63.640	2.017
BPP_200_1000_0.1_0.8_0.C	105	1.600	63.640	2.010
BPP_200_1000_0.1_0.8_0.C	105	1.600	63.640	2.007
BPP_200_1000_0.1_0.8_0.C	105	1.600	63.640	2.077
BPP_200_1000_0.1_0.8_0.C	105	1.600	63.640	2.054
BPP_200_1000_0.1_0.8_0.C	105	1.600	63.640	1.992
BPP_200_1000_0.1_0.8_0.C	105	1.600	63.640	2.014
BPP_200_1000_0.1_0.8_0.C	105	1.600	63.640	2.016
BPP_200_1000_0.1_0.8_1.C	105	3.200	64.280	2.020
BPP_200_1000_0.1_0.8_1.C	105	3.200	64.280	2.006
BPP_200_1000_0.1_0.8_1.C	105	3.200	64.280	2.002
BPP_200_1000_0.1_0.8_1.C	105	3.200	64.280	1.999
BPP_200_1000_0.1_0.8_1.C	105	3.200	64.280	2.005
BPP_200_1000_0.1_0.8_1.C	105	3.200	64.280	2.013
BPP_200_1000_0.1_0.8_1.C	105	3.200	64.280	1.992
BPP_200_1000_0.1_0.8_1.C	105	3.200	64.280	2.031
BPP_200_1000_0.1_0.8_1.C	105	3.200	64.280	2.016
BPP_200_1000_0.1_0.8_1.C	105	3.200	64.280	2.032
BPP_200_1000_0.1_0.8_2.C	104	3.400	63.760	1.996
BPP_200_1000_0.1_0.8_2.C	106	2.400	64.560	2.012
BPP_200_1000_0.1_0.8_2.C	106	2.400	64.560	1.996
BPP_200_1000_0.1_0.8_2.C	106	2.400	64.560	2.001
BPP_200_1000_0.1_0.8_2.C	103	4.800	63.720	2.004
BPP_200_1000_0.1_0.8_2.C	106	2.400	64.560	1.996
BPP_200_1000_0.1_0.8_2.C	103	4.400	63.560	1.996
BPP_200_1000_0.1_0.8_2.C	106	2.400	64.560	2.002
BPP_200_1000_0.1_0.8_2.C	106	2.400	64.560	1.989
BPP_200_1000_0.1_0.8_2.C	105	2.600	64.040	2.018
BPP_200_1000_0.1_0.8_3.C	99	4.000	61.000	1.936
BPP_200_1000_0.1_0.8_3.C	99	4.000	61.000	1.967
BPP_200_1000_0.1_0.8_3.C	100	5.000	62.000	1.965
BPP_200_1000_0.1_0.8_3.C	99	4.000	61.000	1.997
BPP_200_1000_0.1_0.8_3.C	100	5.000	62.000	2.020
BPP_200_1000_0.1_0.8_3.C	100	5.000	62.000	2.075
BPP_200_1000_0.1_0.8_3.C	100	5.000	62.000	1.988
BPP_200_1000_0.1_0.8_3.C	100	5.000	62.000	2.003
BPP_200_1000_0.1_0.8_3.C	99	5.200	61.480	2.019
BPP_200_1000_0.1_0.8_3.C	100	5.000	62.000	1.949
BPP_200_1000_0.1_0.8_4.C	99	10.000	63.400	1.894
BPP_200_1000_0.1_0.8_4.C	100	5.600	62.240	1.912
BPP_200_1000_0.1_0.8_4.C	100	5.600	62.240	1.900
BPP_200_1000_0.1_0.8_4.C	101	5.800	62.920	1.908
BPP_200_1000_0.1_0.8_4.C	101	5.000	62.600	1.891
BPP_200_1000_0.1_0.8_4.C	99	6.000	61.800	1.892
BPP_200_1000_0.1_0.8_4.C	100	6.800	62.720	1.904
BPP_200_1000_0.1_0.8_4.C	100	7.200	62.880	1.885
BPP_200_1000_0.1_0.8_4.C	101	5.400	62.760	1.883
BPP_200_1000_0.1_0.8_4.C	99	7.200	62.280	1.890
BPP_200_1000_0.1_0.8_5.C	104	0.600	62.640	1.923
BPP_200_1000_0.1_0.8_5.C	104	0.600	62.640	1.972
BPP_200_1000_0.1_0.8_5.C	104	0.600	62.640	2.005
BPP_200_1000_0.1_0.8_5.C	104	0.600	62.640	1.942
BPP_200_1000_0.1_0.8_5.C	104	0.600	62.640	1.963
BPP_200_1000_0.1_0.8_5.C	104	0.600	62.640	1.985
BPP_200_1000_0.1_0.8_5.C	104	0.600	62.640	1.960
BPP_200_1000_0.1_0.8_5.C	104	0.600	62.640	1.936
BPP_200_1000_0.1_0.8_5.C	104	0.600	62.640	1.950
BPP_200_1000_0.1_0.8_5.C	104	0.600	62.640	1.929
BPP_200_1000_0.1_0.8_6.C	98	1.000	59.200	1.938
BPP_200_1000_0.1_0.8_6.C	98	1.000	59.200	1.956
BPP_200_1000_0.1_0.8_6.C	98	1.000	59.200	1.943
BPP_200_1000_0.1_0.8_6.C	98	1.000	59.200	1.960
BPP_200_1000_0.1_0.8_6.C	98	1.000	59.200	1.936
BPP_200_1000_0.1_0.8_6.C	98	1.000	59.200	1.972
BPP_200_1000_0.1_0.8_6.C	98	1.000	59.200	2.020
BPP_200_1000_0.1_0.8_6.C	98	1.000	59.200	1.981
BPP_200_1000_0.1_0.8_6.C	98	1.000	59.200	1.974
BPP_200_1000_0.1_0.8_6.C	98	1.000	59.200	1.952
BPP_200_1000_0.1_0.8_7.C	109	1.000	65.800	2.156
BPP_200_1000_0.1_0.8_7.C	109	1.000	65.800	2.149
BPP_200_1000_0.1_0.8_7.C	109	1.000	65.800	2.128
BPP_200_1000_0.1_0.8_7.C	109	1.000	65.800	2.148
BPP_200_1000_0.1_0.8_7.C	109	1.000	65.800	2.125
BPP_200_1000_0.1_0.8_7.C	109	1.000	65.800	2.213
BPP_200_1000_0.1_0.8_7.C	109	1.000	65.800	2.145
BPP_200_1000_0.1_0.8_7.C	109	1.000	65.800	2.177
BPP_200_1000_0.1_0.8_7.C	109	1.000	65.800	2.231
BPP_200_1000_0.1_0.8_7.C	109	1.000	65.800	2.157
BPP_200_1000_0.1_0.8_8.C	100	2.400	60.960	1.883
BPP_200_1000_0.1_0.8_8.C	100	2.400	60.960	1.916
BPP_200_1000_0.1_0.8_8.C	100	2.400	60.960	1.870
BPP_200_1000_0.1_0.8_8.C	100	2.400	60.960	1.878
BPP_200_1000_0.1_0.8_8.C	100	2.400	60.960	1.910
BPP_200_1000_0.1_0.8_8.C	100	2.400	60.960	1.871
BPP_200_1000_0.1_0.8_8.C	100	2.400	60.960	1.909
BPP_200_1000_0.1_0.8_8.C	100	2.400	60.960	1.898
BPP_200_1000_0.1_0.8_8.C	99	1.600	60.040	1.881
BPP_200_1000_0.1_0.8_8.C	100	2.400	60.960	1.876
BPP_200_1000_0.1_0.8_9.C	98	1.800	59.520	1.926
BPP_200_1000_0.1_0.8_9.C	98	1.800	59.520	1.887
BPP_200_1000_0.1_0.8_9.C	98	1.800	59.520	1.897
BPP_200_1000_0.1_0.8_9.C	98	1.600	59.440	1.916
BPP_200_1000_0.1_0.8_9.C	98	1.800	59.520	1.924
BPP_200_1000_0.1_0.8_9.C	98	1.800	59.520	1.933
BPP_200_1000_0.1_0.8_9.C	98	1.800	59.520	1.922
BPP_200_1000_0.1_0.8_9.C	98	1.800	59.520	1.902
BPP_200_1000_0.1_0.8_9.C	98	1.800	59.520	1.939
BPP_200_1000_0.1_0.8_9.C	98	1.800	59.520	1.903
BPP_200_100_0.1_0.8_0.C	102	0.200	61.280	2.235
BPP_200_100_0.1_0.8_0.C	102	0.200	61.280	2.252
BPP_200_100_0.1_0.8_0.C	102	0.200	61.280	2.196
BPP_200_100_0.1_0.8_0.C	102	0.200	61.280	2.187
BPP_200_100_0.1_0.8_0.C	102	0.200	61.280	2.234
BPP_200_100_0.1_0.8_0.C	102	0.200	61.280	2.199
BPP_200_100_0.1_0.8_0.C	102	0.200	61.280	2.250
BPP_200_100_0.1_0.8_0.C	102	0.200	61.280	2.223
BPP_200_100_0.1_0.8_0.C	102	0.200	61.280	2.202
BPP_200_100_0.1_0.8_0.C	102	0.200	61.280	2.213
BPP_200_100_0.1_0.8_1.C	105	6.200	65.480	1.949
BPP_200_100_0.1_0.8_1.C	105	6.200	65.480	1.937
BPP_200_100_0.1_0.8_1.C	104	5.200	64.480	1.934
BPP_200_100_0.1_0.8_1.C	104	5.200	64.480	1.966
BPP_200_100_0.1_0.8_1.C	104	5.400	64.560	1.906
BPP_200_100_0.1_0.8_1.C	105	6.200	65.480	1.929
BPP_200_100_0.1_0.8_1.C	105	6.200	65.480	1.956
BPP_200_100_0.1_0.8_1.C	104	5.200	64.480	1.931
BPP_200_100_0.1_0.8_1.C	104	5.400	64.560	2.014
BPP_200_100_0.1_0.8_1.C	104	5.800	64.720	1.961
BPP_200_100_0.1_0.8_2.C	96	3.400	58.960	1.850
BPP_200_100_0.1_0.8_2.C	96	3.400	58.960	1.851
BPP_200_100_0.1_0.8_2.C	96	3.400	58.960	1.847
BPP_200_100_0.1_0.8_2.C	96	3.400	58.960	1.844
BPP_200_100_0.1_0.8_2.C	96	3.400	58.960	1.877
BPP_200_100_0.1_0.8_2.C	96	3.400	58.960	1.855
BPP_200_100_0.1_0.8_2.C	96	3.400	58.960	1.847
BPP_200_100_0.1_0.8_2.C	96	3.400	58.960	1.919
BPP_200_100_0.1_0.8_2.C	96	3.400	58.960	1.862
BPP_200_100_0.1_0.8_2.C	96	3.400	58.960	1.867
BPP_200_100_0.1_0.8_3.C	99	2.000	60.200	2.141
BPP_200_100_0.1_0.8_3.C	99	2.000	60.200	2.128
BPP_200_100_0.1_0.8_3.C	99	2.000	60.200	2.130
BPP_200_100_0.1_0.8_3.C	99	1.800	60.120	2.170
BPP_200_100_0.1_0.8_3.C	99	2.000	60.200	2.124
BPP_200_100_0.1_0.8_3.C	99	2.000	60.200	2.147
BPP_200_100_0.1_0.8_3.C	99	1.800	60.120	2.129
BPP_200_100_0.1_0.8_3.C	99	2.000	60.200	2.116
BPP_200_100_0.1_0.8_3.C	99	2.000	60.200	2.125
BPP_200_100_0.1_0.8_3.C	99	2.000	60.200	2.187
BPP_200_100_0.1_0.8_4.C	104	4.600	64.240	2.060
BPP_200_100_0.1_0.8_4.C	104	4.600	64.240	2.085
BPP_200_100_0.1_0.8_4.C	104	4.600	64.240	2.055
BPP_200_100_0.1_0.8_4.C	104	4.600	64.240	2.075
BPP_200_100_0.1_0.8_4.C	104	4.600	64.240	2.085
BPP_200_100_0.1_0.8_4.C	104	4.600	64.240	2.060
BPP_200_100_0.1_0.8_4.C	103	3.600	63.240	2.044
BPP_200_100_0.1_0.8_4.C	104	4.600	64.240	2.059
BPP_200_100_0.1_0.8_4.C	103	6.000	64.200	2.050
BPP_200_100_0.1_0.8_4.C	104	4.600	64.240	2.049
BPP_200_100_0.1_0.8_5.C	98	2.000	59.600	1.932
BPP_200_100_0.1_0.8_5.C	98	2.000	59.600	1.940
BPP_200_100_0.1_0.8_5.C	98	2.000	59.600	1.973
BPP_200_100_0.1_0.8_5.C	98	2.000	59.600	1.941
BPP_200_100_0.1_0.8_5.C	98	2.000	59.600	1.942
BPP_200_100_0.1_0.8_5.C	98	2.000	59.600	1.976
BPP_200_100_0.1_0.8_5.C	98	2.000	59.600	1.968
BPP_200_100_0.1_0.8_5.C	98	2.000	59.600	1.952
BPP_200_100_0.1_0.8_5.C	98	2.000	59.600	1.921
BPP_200_100_0.1_0.8_5.C	98	2.000	59.600	1.931
BPP_200_100_0.1_0.8_6.C	97	1.000	58.600	1.918
BPP_200_100_0.1_0.8_6.C	97	1.000	58.600	1.923
BPP_200_100_0.1_0.8_6.C	97	1.000	58.600	1.947
BPP_200_100_0.1_0.8_6.C	97	1.000	58.600	1.926
BPP_200_100_0.1_0.8_6.C	97	1.000	58.600	1.965
BPP_200_100_0.1_0.8_6.C	97	1.000	58.600	1.943
BPP_200_100_0.1_0.8_6.C	97	1.000	58.600	1.916
BPP_200_100_0.1_0.8_6.C	97	1.000	58.600	1.909
BPP_200_100_0.1_0.8_6.C	97	1.000	58.600	1.894
BPP_200_100_0.1_0.8_6.C	97	1.000	58.600	1.926
BPP_200_100_0.1_0.8_7.C	98	5.800	61.120	1.908
BPP_200_100_0.1_0.8_7.C	98	5.800	61.120	1.934
BPP_200_100_0.1_0.8_7.C	98	5.800	61.120	1.886
BPP_200_100_0.1_0.8_7.C	98	5.800	61.120	1.974
BPP_200_100_0.1_0.8_7.C	98	5.800	61.120	1.877
BPP_200_100_0.1_0.8_7.C	98	5.800	61.120	1.906
BPP_200_100_0.1_0.8_7.C	98	5.800	61.120	1.907
BPP_200_100_0.1_0.8_7.C	98	5.800	61.120	1.915
BPP_200_100_0.1_0.8_7.C	98	5.800	61.120	1.859
BPP_200_100_0.1_0.8_7.C	98	5.800	61.120	1.867
BPP_200_100_0.1_0.8_8.C	104	10.000	66.400	2.035
BPP_200_100_0.1_0.8_8.C	104	10.000	66.400	2.060
BPP_200_100_0.1_0.8_8.C	104	10.000	66.400	2.041
BPP_200_100_0.1_0.8_8.C	104	10.000	66.400	2.027
BPP_200_100_0.1_0.8_8.C	104	10.000	66.400	2.047
BPP_200_100_0.1_0.8_8.C	104	10.000	66.400	2.034
BPP_200_100_0.1_0.8_8.C	104	10.000	66.400	2.041
BPP_200_100_0.1_0.8_8.C	104	10.000	66.400	2.028
BPP_200_100_0.1_0.8_8.C	104	10.000	66.400	2.038
BPP_200_100_0.1_0.8_8.C	104	10.000	66.400	2.052
BPP_200_100_0.1_0.8_9.C	104	3.200	63.680	2.048
BPP_200_100_0.1_0.8_9.C	104	3.200	63.680	2.029
BPP_200_100_0.1_0.8_9.C	104	3.200	63.680	2.040
BPP_200_100_0.1_0.8_9.C	104	3.200	63.680	2.052
BPP_200_100_0.1_0.8_9.C	104	3.200	63.680	2.031
BPP_200_100_0.1_0.8_9.C	104	3.200	63.680	2.046
BPP_200_100_0.1_0.8_9.C	104	3.200	63.680	2.068
BPP_200_100_0.1_0.8_9.C	104	3.200	63.680	2.080
BPP_200_100_0.1_0.8_9.C	104	3.200	63.680	2.066
BPP_200_100_0.1_0.8_9.C	104	3.200	63.680	2.090
BPP_200_120_0.1_0.8_0.C	100	7.400	62.960	1.982
BPP_200_120_0.1_0.8_0.C	100	7.400	62.960	2.037
BPP_200_120_0.1_0.8_0.C	100	7.400	62.960	2.000
BPP_200_120_0.1_0.8_0.C	100	7.400	62.960	1.997
BPP_200_120_0.1_0.8_0.C	99	8.000	62.600	1.965
BPP_200_120_0.1_0.8_0.C	100	7.400	62.960	1.973
BPP_200_120_0.1_0.8_0.C	100	7.400	62.960	1.968
BPP_200_120_0.1_0.8_0.C	100	7.400	62.960	1.963
BPP_200_120_0.1_0.8_0.C	100	7.400	62.960	1.972
BPP_200_120_0.1_0.8_0.C	100	7.400	62.960	2.001
BPP_200_120_0.1_0.8_1.C	92	0.600	55.440	1.854
BPP_200_120_0.1_0.8_1.C	92	0.600	55.440	1.880
BPP_200_120_0.1_0.8_1.C	92	0.600	55.440	1.883
BPP_200_120_0.1_0.8_1.C	92	0.600	55.440	1.923
BPP_200_120_0.1_0.8_1.C	92	0.600	55.440	1.888
BPP_200_120_0.1_0.8_1.C	92	0.600	55.440	1.859
BPP_200_120_0.1_0.8_1.C	92	0.600	55.440	1.876
BPP_200_120_0.1_0.8_1.C	92	0.600	55.440	1.942
BPP_200_120_0.1_0.8_1.C	92	0.600	55.440	1.897
BPP_200_120_0.1_0.8_1.C	92	0.600	55.440	1.949
BPP_200_120_0.1_0.8_2.C	113	0.200	67.880	2.319
BPP_200_120_0.1_0.8_2.C	113	0.200	67.880	2.183
BPP_200_120_0.1_0.8_2.C	113	0.200	67.880	2.358
BPP_200_120_0.1_0.8_2.C	113	0.200	67.880	2.280
BPP_200_120_0.1_0.8_2.C	113	0.200	67.880	2.266
BPP_200_120_0.1_0.8_2.C	113	0.200	67.880	2.262
BPP_200_120_0.1_0.8_2.C	113	0.200	67.880	2.232
BPP_200_120_0.1_0.8_2.C	113	0.200	67.880	2.207
BPP_200_120_0.1_0.8_2.C	113	0.200	67.880	2.297
BPP_200_120_0.1_0.8_2.C	113	0.200	67.880	2.262
BPP_200_120_0.1_0.8_3.C	98	6.200	61.280	1.912
BPP_200_120_0.1_0.8_3.C	98	6.200	61.280	1.904
BPP_200_120_0.1_0.8_3.C	98	6.200	61.280	1.907
BPP_200_120_0.1_0.8_3.C	98	6.200	61.280	1.918
BPP_200_120_0.1_0.8_3.C	98	6.200	61.280	1.979
BPP_200_120_0.1_0.8_3.C	98	6.200	61.280	1.869
BPP_200_120_0.1_0.8_3.C	98	6.200	61.280	1.905
BPP_200_120_0.1_0.8_3.C	98	6.200	61.280	1.895
BPP_200_120_0.1_0.8_3.C	98	6.200	61.280	2.005
BPP_200_120_0.1_0.8_3.C	98	6.200	61.280	1.930
BPP_200_120_0.1_0.8_4.C	107	3.000	65.400	2.044
BPP_200_120_0.1_0.8_4.C	107	3.000	65.400	2.077
BPP_200_120_0.1_0.8_4.C	107	3.000	65.400	2.067
BPP_200_120_0.1_0.8_4.C	107	3.000	65.400	2.076
BPP_200_120_0.1_0.8_4.C	107	3.000	65.400	2.066
BPP_200_120_0.1_0.8_4.C	107	3.000	65.400	2.044
BPP_200_120_0.1_0.8_4.C	107	3.000	65.400	2.041
BPP_200_120_0.1_0.8_4.C	106	3.400	64.960	2.050
BPP_200_120_0.1_0.8_4.C	107	3.000	65.400	2.042
BPP_200_120_0.1_0.8_4.C	107	3.000	65.400	2.072
BPP_200_120_0.1_0.8_5.C	103	3.200	63.080	2.074
BPP_200_120_0.1_0.8_5.C	103	3.200	63.080	2.049
BPP_200_120_0.1_0.8_5.C	103	3.200	63.080	2.026
BPP_200_120_0.1_0.8_5.C	102	2.800	62.320	2.035
BPP_200_120_0.1_0.8_5.C	103	3.200	63.080	2.059
BPP_200_120_0.1_0.8_5.C	101	2.600	61.640	2.064
BPP_200_120_0.1_0.8_5.C	103	3.200	63.080	2.089
BPP_200_120_0.1_0.8_5.C	103	3.200	63.080	2.063
BPP_200_120_0.1_0.8_5.C	102	2.200	62.080	2.049
BPP_200_120_0.1_0.8_5.C	103	3.200	63.080	2.065
BPP_200_120_0.1_0.8_6.C	102	2.600	62.240	1.851
BPP_200_120_0.1_0.8_6.C	102	2.600	62.240	1.867
BPP_200_120_0.1_0.8_6.C	102	2.600	62.240	1.902
BPP_200_120_0.1_0.8_6.C	102	2.600	62.240	1.857
BPP_200_120_0.1_0.8_6.C	102	2.600	62.240	1.868
BPP_200_120_0.1_0.8_6.C	102	2.600	62.240	1.880
BPP_200_120_0.1_0.8_6.C	102	2.600	62.240	1.906
BPP_200_120_0.1_0.8_6.C	101	2.200	61.480	1.917
BPP_200_120_0.1_0.8_6.C	102	2.600	62.240	1.892
BPP_200_120_0.1_0.8_6.C	102	2.600	62.240	1.866
BPP_200_120_0.1_0.8_7.C	102	5.600	63.440	2.042
BPP_200_120_0.1_0.8_7.C	102	5.600	63.440	2.088
BPP_200_120_0.1_0.8_7.C	102	5.600	63.440	2.042
BPP_200_120_0.1_0.8_7.C	102	5.600	63.440	2.114
BPP_200_120_0.1_0.8_7.C	102	5.600	63.440	2.106
BPP_200_120_0.1_0.8_7.C	102	5.600	63.440	2.058
BPP_200_120_0.1_0.8_7.C	102	5.600	63.440	2.064
BPP_200_120_0.1_0.8_7.C	102	5.600	63.440	2.043
BPP_200_120_0.1_0.8_7.C	102	5.600	63.440	2.061
BPP_200_120_0.1_0.8_7.C	102	5.600	63.440	2.062
BPP_200_120_0.1_0.8_8.C	96	9.200	61.280	2.040
BPP_200_120_0.1_0.8_8.C	96	9.200	61.280	2.034
BPP_200_120_0.1_0.8_8.C	96	9.200	61.280	2.032
BPP_200_120_0.1_0.8_8.C	96	9.200	61.280	2.005
BPP_200_120_0.1_0.8_8.C	96	9.200	61.280	2.013
BPP_200_120_0.1_0.8_8.C	96	9.200	61.280	2.021
BPP_200_120_0.1_0.8_8.C	96	9.200	61.280	2.016
BPP_200_120_0.1_0.8_8.C	96	9.200	61.280	2.050
BPP_200_120_0.1_0.8_8.C	96	9.200	61.280	2.036
BPP_200_120_0.1_0.8_8.C	96	9.200	61.280	2.041
BPP_200_120_0.1_0.8_9.C	108	6.800	67.520	2.257
BPP_200_120_0.1_0.8_9.C	108	6.800	67.520	2.217
BPP_200_120_0.1_0.8_9.C	108	6.800	67.520	2.237
BPP_200_120_0.1_0.8_9.C	108	6.800	67.520	2.229
BPP_200_120_0.1_0.8_9.C	108	6.800	67.520	2.216
BPP_200_120_0.1_0.8_9.C	108	6.800	67.520	2.237
BPP_200_120_0.1_0.8_9.C	108	6.800	67.520	2.229
BPP_200_120_0.1_0.8_9.C	108	6.800	67.520	2.234
BPP_200_120_0.1_0.8_9.C	108	6.800	67.520	2.263
BPP_200_120_0.1_0.8_9.C	108	6.800	67.520	2.312
BPP_200_125_0.1_0.8_0.C	104	6.600	65.040	2.015
BPP_200_125_0.1_0.8_0.C	104	6.600	65.040	1.944
BPP_200_125_0.1_0.8_0.C	104	6.600	65.040	1.929
BPP_200_125_0.1_0.8_0.C	104	6.600	65.040	1.932
BPP_200_125_0.1_0.8_0.C	104	6.600	65.040	2.016
BPP_200_125_0.1_0.8_0.C	104	6.600	65.040	1.947
BPP_200_125_0.1_0.8_0.C	104	6.600	65.040	1.945
BPP_200_125_0.1_0.8_0.C	104	6.600	65.040	1.937
BPP_200_125_0.1_0.8_0.C	104	6.600	65.040	1.934
BPP_200_125_0.1_0.8_0.C	104	6.600	65.040	1.948
BPP_200_125_0.1_0.8_1.C	111	6.200	69.080	2.092
BPP_200_125_0.1_0.8_1.C	111	6.200	69.080	2.054
BPP_200_125_0.1_0.8_1.C	110	6.800	68.720	2.121
BPP_200_125_0.1_0.8_1.C	110	6.800	68.720	2.082
BPP_200_125_0.1_0.8_1.C	109	8.600	68.840	2.065
BPP_200_125_0.1_0.8_1.C	111	6.200	69.080	2.081
BPP_200_125_0.1_0.8_1.C	111	6.200	69.080	2.085
BPP_200_125_0.1_0.8_1.C	108	7.800	67.920	2.072
BPP_200_125_0.1_0.8_1.C	107	10.600	68.440	2.092
BPP_200_125_0.1_0.8_1.C	111	6.200	69.080	2.081
BPP_200_125_0.1_0.8_2.C	100	5.400	62.160	2.082
BPP_200_125_0.1_0.8_2.C	100	5.400	62.160	2.156
BPP_200_125_0.1_0.8_2.C	100	5.400	62.160	2.091
BPP_200_125_0.1_0.8_2.C	100	5.200	62.080	2.105
BPP_200_125_0.1_0.8_2.C	100	5.400	62.160	2.099
BPP_200_125_0.1_0.8_2.C	100	5.400	62.160	2.089
BPP_200_125_0.1_0.8_2.C	100	5.400	62.160	2.059
BPP_200_125_0.1_0.8_2.C	100	5.400	62.160	2.050
BPP_200_125_0.1_0.8_2.C	100	5.400	62.160	2.080
BPP_200_125_0.1_0.8_2.C	100	5.400	62.160	2.073
BPP_200_125_0.1_0.8_3.C	100	10.400	64.160	2.106
BPP_200_125_0.1_0.8_3.C	100	10.400	64.160	2.128
BPP_200_125_0.1_0.8_3.C	100	10.400	64.160	2.054
BPP_200_125_0.1_0.8_3.C	100	10.400	64.160	2.098
BPP_200_125_0.1_0.8_3.C	100	10.400	64.160	2.049
BPP_200_125_0.1_0.8_3.C	100	10.400	64.160	2.068
BPP_200_125_0.1_0.8_3.C	100	10.400	64.160	2.074
BPP_200_125_0.1_0.8_3.C	100	10.400	64.160	2.080
BPP_200_125_0.1_0.8_3.C	100	10.400	64.160	2.093
BPP_200_125_0.1_0.8_3.C	100	10.400	64.160	2.074
BPP_200_125_0.1_0.8_4.C	101	7.800	63.720	2.081
BPP_200_125_0.1_0.8_4.C	97	12.000	63.000	2.111
BPP_200_125_0.1_0.8_4.C	101	7.800	63.720	2.073
BPP_200_125_0.1_0.8_4.C	101	7.800	63.720	2.069
BPP_200_125_0.1_0.8_4.C	101	7.800	63.720	2.079
BPP_200_125_0.1_0.8_4.C	101	7.800	63.720	2.103
BPP_200_125_0.1_0.8_4.C	101	7.800	63.720	2.175
BPP_200_125_0.1_0.8_4.C	101	7.800	63.720	2.057
BPP_200_125_0.1_0.8_4.C	101	7.800	63.720	2.090
BPP_200_125_0.1_0.8_4.C	101	7.800	63.720	2.053
BPP_200_125_0.1_0.8_5.C	107	6.800	66.920	2.096
BPP_200_125_0.1_0.8_5.C	106	6.400	66.160	2.044
BPP_200_125_0.1_0.8_5.C	105	7.400	65.960	2.025
BPP_200_125_0.1_0.8_5.C	107	6.800	66.920	2.009
BPP_200_125_0.1_0.8_5.C	107	5.800	66.520	2.051
BPP_200_125_0.1_0.8_5.C	106	4.800	65.520	2.021
BPP_200_125_0.1_0.8_5.C	107	6.800	66.920	2.035
BPP_200_125_0.1_0.8_5.C	107	6.800	66.920	2.046
BPP_200_125_0.1_0.8_5.C	106	6.000	66.000	2.015
BPP_200_125_0.1_0.8_5.C	107	5.600	66.440	2.064
BPP_200_125_0.1_0.8_6.C	101	3.200	61.880	2.123
BPP_200_125_0.1_0.8_6.C	101	3.200	61.880	2.104
BPP_200_125_0.1_0.8_6.C	101	3.200	61.880	2.098
BPP_200_125_0.1_0.8_6.C	100	4.200	61.680	2.099
BPP_200_125_0.1_0.8_6.C	101	3.200	61.880	2.098
BPP_200_125_0.1_0.8_6.C	101	3.200	61.880	2.122
BPP_200_125_0.1_0.8_6.C	101	3.200	61.880	2.076
BPP_200_125_0.1_0.8_6.C	101	3.200	61.880	2.091
BPP_200_125_0.1_0.8_6.C	101	3.200	61.880	2.080
BPP_200_125_0.1_0.8_6.C	101	3.200	61.880	2.072
BPP_200_125_0.1_0.8_7.C	94	4.600	58.240	1.959
BPP_200_125_0.1_0.8_7.C	94	4.600	58.240	1.947
BPP_200_125_0.1_0.8_7.C	94	4.600	58.240	1.955
BPP_200_125_0.1_0.8_7.C	94	4.600	58.240	1.974
BPP_200_125_0.1_0.8_7.C	94	4.600	58.240	1.951
BPP_200_125_0.1_0.8_7.C	94	4.600	58.240	1.961
BPP_200_125_0.1_0.8_7.C	94	4.600	58.240	1.995
BPP_200_125_0.1_0.8_7.C	94	4.600	58.240	1.958
BPP_200_125_0.1_0.8_7.C	94	4.600	58.240	1.995
BPP_200_125_0.1_0.8_7.C	94	4.600	58.240	1.949
BPP_200_125_0.1_0.8_8.C	102	4.800	63.120	2.109
BPP_200_125_0.1_0.8_8.C	102	4.800	63.120	2.115
BPP_200_125_0.1_0.8_8.C	102	4.800	63.120	2.090
BPP_200_125_0.1_0.8_8.C	102	4.800	63.120	2.125
BPP_200_125_0.1_0.8_8.C	102	4.800	63.120	2.078
BPP_200_125_0.1_0.8_8.C	102	4.800	63.120	2.092
BPP_200_125_0.1_0.8_8.C	102	4.800	63.120	2.157
BPP_200_125_0.1_0.8_8.C	102	4.800	63.120	2.118
BPP_200_125_0.1_0.8_8.C	102	4.800	63.120	2.118
BPP_200_125_0.1_0.8_8.C	102	4.800	63.120	2.090
BPP_200_125_0.1_0.8_9.C	102	1.800	61.920	2.041
BPP_200_125_0.1_0.8_9.C	102	1.800	61.920	2.116
BPP_200_125_0.1_0.8_9.C	102	1.800	61.920	2.052
BPP_200_125_0.1_0.8_9.C	102	1.800	61.920	2.089
BPP_200_125_0.1_0.8_9.C	102	1.800	61.920	2.065
BPP_200_125_0.1_0.8_9.C	102	1.800	61.920	2.099
BPP_200_125_0.1_0.8_9.C	102	1.800	61.920	2.085
BPP_200_125_0.1_0.8_9.C	102	1.800	61.920	2.073
BPP_200_125_0.1_0.8_9.C	102	1.800	61.920	2.061
BPP_200_125_0.1_0.8_9.C	102	1.800	61.920	2.085
BPP_200_150_0.1_0.8_0.C	103	2.400	62.760	1.982
BPP_200_150_0.1_0.8_0.C	103	2.400	62.760	2.048
BPP_200_150_0.1_0.8_0.C	102	2.400	62.160	2.017
BPP_200_150_0.1_0.8_0.C	99	3.000	60.600	1.975
BPP_200_150_0.1_0.8_0.C	103	2.400	62.760	1.981
BPP_200_150_0.1_0.8_0.C	103	2.400	62.760	2.034
BPP_200_150_0.1_0.8_0.C	101	4.200	62.280	1.995
BPP_200_150_0.1_0.8_0.C	103	2.400	62.760	1.970
BPP_200_150_0.1_0.8_0.C	100	3.200	61.280	2.007
BPP_200_150_0.1_0.8_0.C	102	2.400	62.160	1.994
BPP_200_150_0.1_0.8_1.C	103	4.200	63.480	2.011
BPP_200_150_0.1_0.8_1.C	103	4.200	63.480	2.034
BPP_200_150_0.1_0.8_1.C	103	4.200	63.480	2.019
BPP_200_150_0.1_0.8_1.C	103	4.200	63.480	1.976
BPP_200_150_0.1_0.8_1.C	103	4.200	63.480	1.988
BPP_200_150_0.1_0.8_1.C	103	4.200	63.480	1.982
BPP_200_150_0.1_0.8_1.C	103	4.200	63.480	1.987
BPP_200_150_0.1_0.8_1.C	103	4.200	63.480	1.988
BPP_200_150_0.1_0.8_1.C	103	4.200	63.480	1.979
BPP_200_150_0.1_0.8_1.C	103	4.200	63.480	2.072
BPP_200_150_0.1_0.8_2.C	101	4.600	62.440	2.008
BPP_200_150_0.1_0.8_2.C	101	4.600	62.440	1.974
BPP_200_150_0.1_0.8_2.C	101	4.600	62.440	2.012
BPP_200_150_0.1_0.8_2.C	101	4.600	62.440	1.980
BPP_200_150_0.1_0.8_2.C	101	4.600	62.440	1.983
BPP_200_150_0.1_0.8_2.C	101	4.600	62.440	1.990
BPP_200_150_0.1_0.8_2.C	100	3.600	61.440	1.968
BPP_200_150_0.1_0.8_2.C	101	4.600	62.440	1.986
BPP_200_150_0.1_0.8_2.C	100	3.800	61.520	1.971
BPP_200_150_0.1_0.8_2.C	101	4.600	62.440	1.945
BPP_200_150_0.1_0.8_3.C	103	7.200	64.680	2.065
BPP_200_150_0.1_0.8_3.C	103	7.200	64.680	2.033
BPP_200_150_0.1_0.8_3.C	103	7.200	64.680	2.049
BPP_200_150_0.1_0.8_3.C	103	7.200	64.680	2.054
BPP_200_150_0.1_0.8_3.C	103	7.200	64.680	2.077
BPP_200_150_0.1_0.8_3.C	103	7.200	64.680	2.004
BPP_200_150_0.1_0.8_3.C	103	7.200	64.680	2.009
BPP_200_150_0.1_0.8_3.C	103	7.200	64.680	2.058
BPP_200_150_0.1_0.8_3.C	103	7.200	64.680	2.008
BPP_200_150_0.1_0.8_3.C	103	7.200	64.680	2.016
BPP_200_150_0.1_0.8_4.C	109	7.000	68.200	2.138
BPP_200_150_0.1_0.8_4.C	109	7.000	68.200	2.142
BPP_200_150_0.1_0.8_4.C	109	7.000	68.200	2.109
BPP_200_150_0.1_0.8_4.C	109	7.000	68.200	2.133
BPP_200_150_0.1_0.8_4.C	109	7.000	68.200	2.162
BPP_200_150_0.1_0.8_4.C	109	7.000	68.200	2.096
BPP_200_150_0.1_0.8_4.C	109	7.000	68.200	2.129
BPP_200_150_0.1_0.8_4.C	109	7.000	68.200	2.133
BPP_200_150_0.1_0.8_4.C	109	7.000	68.200	2.152
BPP_200_150_0.1_0.8_4.C	109	7.000	68.200	2.130
BPP_200_150_0.1_0.8_5.C	102	6.000	63.600	2.089
BPP_200_150_0.1_0.8_5.C	102	6.000	63.600	2.141
BPP_200_150_0.1_0.8_5.C	100	7.000	62.800	2.133
BPP_200_150_0.1_0.8_5.C	102	6.000	63.600	2.076
BPP_200_150_0.1_0.8_5.C	102	6.000	63.600	2.062
BPP_200_150_0.1_0.8_5.C	102	6.000	63.600	2.081
BPP_200_150_0.1_0.8_5.C	102	6.000	63.600	2.099
BPP_200_150_0.1_0.8_5.C	102	6.000	63.600	2.120
BPP_200_150_0.1_0.8_5.C	101	6.600	63.240	2.063
BPP_200_150_0.1_0.8_5.C	102	6.000	63.600	2.053
BPP_200_150_0.1_0.8_6.C	107	4.200	65.880	2.015
BPP_200_150_0.1_0.8_6.C	107	4.200	65.880	2.032
BPP_200_150_0.1_0.8_6.C	106	5.000	65.600	2.044
BPP_200_150_0.1_0.8_6.C	107	4.200	65.880	2.048
BPP_200_150_0.1_0.8_6.C	107	4.200	65.880	2.060
BPP_200_150_0.1_0.8_6.C	107	4.200	65.880	2.053
BPP_200_150_0.1_0.8_6.C	105	6.400	65.560	2.030
BPP_200_150_0.1_0.8_6.C	107	4.000	65.800	2.064
BPP_200_150_0.1_0.8_6.C	107	4.000	65.800	2.091
BPP_200_150_0.1_0.8_6.C	106	4.200	65.280	2.057
BPP_200_150_0.1_0.8_7.C	108	11.600	69.440	2.133
BPP_200_150_0.1_0.8_7.C	108	11.600	69.440	2.160
BPP_200_150_0.1_0.8_7.C	107	10.600	68.440	2.133
BPP_200_150_0.1_0.8_7.C	108	11.600	69.440	2.150
BPP_200_150_0.1_0.8_7.C	107	10.600	68.440	2.156
BPP_200_150_0.1_0.8_7.C	108	11.600	69.440	2.146
BPP_200_150_0.1_0.8_7.C	108	11.600	69.440	2.122
BPP_200_150_0.1_0.8_7.C	108	11.600	69.440	2.153
BPP_200_150_0.1_0.8_7.C	108	11.600	69.440	2.171
BPP_200_150_0.1_0.8_7.C	108	11.600	69.440	2.130
BPP_200_150_0.1_0.8_8.C	103	4.200	63.480	2.014
BPP_200_150_0.1_0.8_8.C	104	3.000	63.600	2.093
BPP_200_150_0.1_0.8_8.C	104	3.000	63.600	2.091
BPP_200_150_0.1_0.8_8.C	104	3.000	63.600	2.051
BPP_200_150_0.1_0.8_8.C	104	3.000	63.600	2.101
BPP_200_150_0.1_0.8_8.C	104	3.000	63.600	2.052
BPP_200_150_0.1_0.8_8.C	100	8.800	63.520	2.082
BPP_200_150_0.1_0.8_8.C	103	3.400	63.160	2.127
BPP_200_150_0.1_0.8_8.C	104	3.000	63.600	2.083
BPP_200_150_0.1_0.8_8.C	104	3.000	63.600	2.075
BPP_200_150_0.1_0.8_9.C	102	2.200	62.080	1.958
BPP_200_150_0.1_0.8_9.C	102	2.200	62.080	1.956
BPP_200_150_0.1_0.8_9.C	102	2.200	62.080	1.926
BPP_200_150_0.1_0.8_9.C	102	2.200	62.080	1.932
BPP_200_150_0.1_0.8_9.C	102	2.200	62.080	1.937
BPP_200_150_0.1_0.8_9.C	102	2.200	62.080	1.959
BPP_200_150_0.1_0.8_9.C	102	2.200	62.080	1.940
BPP_200_150_0.1_0.8_9.C	102	2.200	62.080	1.932
BPP_200_150_0.1_0.8_9.C	102	2.200	62.080	1.947
BPP_200_150_0.1_0.8_9.C	102	2.200	62.080	1.953
BPP_200_200_0.1_0.8_0.C	103	0.400	61.960	2.118
BPP_200_200_0.1_0.8_0.C	103	0.400	61.960	2.110
BPP_200_200_0.1_0.8_0.C	103	0.400	61.960	2.080
BPP_200_200_0.1_0.8_0.C	103	0.400	61.960	2.096
BPP_200_200_0.1_0.8_0.C	103	0.400	61.960	2.079
BPP_200_200_0.1_0.8_0.C	103	0.400	61.960	2.117
BPP_200_200_0.1_0.8_0.C	103	0.400	61.960	2.123
BPP_200_200_0.1_0.8_0.C	103	0.400	61.960	2.105
BPP_200_200_0.1_0.8_0.C	103	0.400	61.960	2.097
BPP_200_200_0.1_0.8_0.C	103	0.400	61.960	2.097
BPP_200_200_0.1_0.8_1.C	104	10.200	66.480	1.935
BPP_200_200_0.1_0.8_1.C	104	10.200	66.480	1.977
BPP_200_200_0.1_0.8_1.C	104	10.200	66.480	1.942
BPP_200_200_0.1_0.8_1.C	103	10.200	65.880	1.943
BPP_200_200_0.1_0.8_1.C	104	10.200	66.480	1.966
BPP_200_200_0.1_0.8_1.C	104	10.200	66.480	2.005
BPP_200_200_0.1_0.8_1.C	104	10.200	66.480	1.944
BPP_200_200_0.1_0.8_1.C	104	10.200	66.480	1.961
BPP_200_200_0.1_0.8_1.C	104	10.200	66.480	1.936
BPP_200_200_0.1_0.8_1.C	104	10.200	66.480	1.939
BPP_200_200_0.1_0.8_2.C	95	8.400	60.360	1.794
BPP_200_200_0.1_0.8_2.C	93	9.200	59.480	1.835
BPP_200_200_0.1_0.8_2.C	95	8.400	60.360	1.778
BPP_200_200_0.1_0.8_2.C	95	8.400	60.360	1.777
BPP_200_200_0.1_0.8_2.C	95	8.400	60.360	1.794
BPP_200_200_0.1_0.8_2.C	92	10.600	59.440	1.794
BPP_200_200_0.1_0.8_2.C	92	12.800	60.320	1.751
BPP_200_200_0.1_0.8_2.C	93	9.600	59.640	1.794
BPP_200_200_0.1_0.8_2.C	93	11.000	60.200	1.775
BPP_200_200_0.1_0.8_2.C	95	8.400	60.360	1.787
BPP_200_200_0.1_0.8_3.C	99	3.600	60.840	1.972
BPP_200_200_0.1_0.8_3.C	98	3.800	60.320	1.990
BPP_200_200_0.1_0.8_3.C	99	3.600	60.840	1.988
BPP_200_200_0.1_0.8_3.C	99	3.600	60.840	1.971
BPP_200_200_0.1_0.8_3.C	99	3.600	60.840	1.979
BPP_200_200_0.1_0.8_3.C	99	3.600	60.840	2.018
BPP_200_200_0.1_0.8_3.C	99	3.600	60.840	2.000
BPP_200_200_0.1_0.8_3.C	99	3.600	60.840	1.999
BPP_200_200_0.1_0.8_3.C	99	3.600	60.840	1.968
BPP_200_200_0.1_0.8_3.C	99	3.600	60.840	1.961
BPP_200_200_0.1_0.8_4.C	102	7.400	64.160	1.936
BPP_200_200_0.1_0.8_4.C	102	7.400	64.160	1.930
BPP_200_200_0.1_0.8_4.C	102	7.400	64.160	1.937
BPP_200_200_0.1_0.8_4.C	102	7.400	64.160	1.980
BPP_200_200_0.1_0.8_4.C	102	7.400	64.160	1.949
BPP_200_200_0.1_0.8_4.C	101	7.600	63.640	1.953
BPP_200_200_0.1_0.8_4.C	102	7.400	64.160	1.922
BPP_200_200_0.1_0.8_4.C	102	7.400	64.160	1.970
BPP_200_200_0.1_0.8_4.C	102	7.400	64.160	1.933
BPP_200_200_0.1_0.8_4.C	102	7.400	64.160	1.974
BPP_200_200_0.1_0.8_5.C	100	1.600	60.640	1.919
BPP_200_200_0.1_0.8_5.C	100	1.600	60.640	1.968
BPP_200_200_0.1_0.8_5.C	100	1.600	60.640	1.964
BPP_200_200_0.1_0.8_5.C	100	1.600	60.640	1.885
BPP_200_200_0.1_0.8_5.C	100	1.600	60.640	1.939
BPP_200_200_0.1_0.8_5.C	100	1.600	60.640	1.919
BPP_200_200_0.1_0.8_5.C	100	1.600	60.640	1.917
BPP_200_200_0.1_0.8_5.C	100	1.600	60.640	1.903
BPP_200_200_0.1_0.8_5.C	100	1.600	60.640	1.979
BPP_200_200_0.1_0.8_5.C	100	1.600	60.640	1.926
BPP_200_200_0.1_0.8_6.C	106	1.600	64.240	2.065
BPP_200_200_0.1_0.8_6.C	106	1.600	64.240	2.011
BPP_200_200_0.1_0.8_6.C	105	1.000	63.400	2.038
BPP_200_200_0.1_0.8_6.C	106	1.600	64.240	2.045
BPP_200_200_0.1_0.8_6.C	106	1.600	64.240	2.066
BPP_200_200_0.1_0.8_6.C	106	1.600	64.240	2.041
BPP_200_200_0.1_0.8_6.C	106	1.600	64.240	2.075
BPP_200_200_0.1_0.8_6.C	106	1.600	64.240	2.043
BPP_200_200_0.1_0.8_6.C	106	1.600	64.240	2.064
BPP_200_200_0.1_0.8_6.C	106	1.600	64.240	2.093
BPP_200_200_0.1_0.8_7.C	98	6.200	61.280	1.927
BPP_200_200_0.1_0.8_7.C	101	1.800	61.320	1.945
BPP_200_200_0.1_0.8_7.C	101	2.600	61.640	1.920
BPP_200_200_0.1_0.8_7.C	101	2.600	61.640	1.913
BPP_200_200_0.1_0.8_7.C	101	2.600	61.640	1.936
BPP_200_200_0.1_0.8_7.C	101	2.600	61.640	1.952
BPP_200_200_0.1_0.8_7.C	101	2.600	61.640	1.965
BPP_200_200_0.1_0.8_7.C	99	4.800	61.320	1.933
BPP_200_200_0.1_0.8_7.C	101	2.600	61.640	1.953
BPP_200_200_0.1_0.8_7.C	100	1.600	60.640	1.907
BPP_200_200_0.1_0.8_8.C	105	4.400	64.760	2.173
BPP_200_200_0.1_0.8_8.C	105	4.400	64.760	2.165
BPP_200_200_0.1_0.8_8.C	105	4.400	64.760	2.146
BPP_200_200_0.1_0.8_8.C	105	4.400	64.760	2.146
BPP_200_200_0.1_0.8_8.C	105	4.400	64.760	2.186
BPP_200_200_0.1_0.8_8.C	105	4.400	64.760	2.137
BPP_200_200_0.1_0.8_8.C	105	4.400	64.760	2.155
BPP_200_200_0.1_0.8_8.C	105	4.400	64.760	2.140
BPP_200_200_0.1_0.8_8.C	105	4.400	64.760	2.119
BPP_200_200_0.1_0.8_8.C	105	4.400	64.760	2.160
BPP_200_200_0.1_0.8_9.C	103	4.800	63.720	1.961
BPP_200_200_0.1_0.8_9.C	103	4.800	63.720	1.978
BPP_200_200_0.1_0.8_9.C	103	4.800	63.720	1.954
BPP_200_200_0.1_0.8_9.C	103	4.800	63.720	1.983
BPP_200_200_0.1_0.8_9.C	103	4.800	63.720	2.004
BPP_200_200_0.1_0.8_9.C	102	3.800	62.720	1.981
BPP_200_200_0.1_0.8_9.C	103	4.800	63.720	2.018
BPP_200_200_0.1_0.8_9.C	103	4.800	63.720	2.003
BPP_200_200_0.1_0.8_9.C	103	4.800	63.720	2.005
BPP_200_200_0.1_0.8_9.C	103	4.800	63.720	1.991
BPP_200_300_0.1_0.8_0.C	100	0.000	60.000	2.059
BPP_200_300_0.1_0.8_0.C	100	0.000	60.000	2.064
BPP_200_300_0.1_0.8_0.C	100	0.000	60.000	2.058
BPP_200_300_0.1_0.8_0.C	100	0.000	60.000	2.058
BPP_200_300_0.1_0.8_0.C	100	0.000	60.000	2.071
BPP_200_300_0.1_0.8_0.C	100	0.000	60.000	2.105
BPP_200_300_0.1_0.8_0.C	100	0.000	60.000	2.076
BPP_200_300_0.1_0.8_0.C	100	0.000	60.000	1.991
BPP_200_300_0.1_0.8_0.C	100	0.000	60.000	2.038
BPP_200_300_0.1_0.8_0.C	100	0.000	60.000	2.042
BPP_200_300_0.1_0.8_1.C	106	3.800	65.120	2.120
BPP_200_300_0.1_0.8_1.C	106	3.800	65.120	2.140
BPP_200_300_0.1_0.8_1.C	106	4.000	65.200	2.131
BPP_200_300_0.1_0.8_1.C	104	5.800	64.720	2.126
BPP_200_300_0.1_0.8_1.C	106	4.000	65.200	2.089
BPP_200_300_0.1_0.8_1.C	104	5.400	64.560	2.085
BPP_200_300_0.1_0.8_1.C	105	4.200	64.680	2.111
BPP_200_300_0.1_0.8_1.C	105	4.400	64.760	2.087
BPP_200_300_0.1_0.8_1.C	106	3.800	65.120	2.062
BPP_200_300_0.1_0.8_1.C	105	5.000	65.000	2.068
BPP_200_300_0.1_0.8_2.C	104	3.400	63.760	2.187
BPP_200_300_0.1_0.8_2.C	106	1.000	64.000	2.198
BPP_200_300_0.1_0.8_2.C	106	1.000	64.000	2.153
BPP_200_300_0.1_0.8_2.C	106	1.000	64.000	2.253
BPP_200_300_0.1_0.8_2.C	106	1.000	64.000	2.189
BPP_200_300_0.1_0.8_2.C	106	1.000	64.000	2.150
BPP_200_300_0.1_0.8_2.C	106	1.000	64.000	2.153
BPP_200_300_0.1_0.8_2.C	106	1.000	64.000	2.149
BPP_200_300_0.1_0.8_2.C	106	1.000	64.000	2.151
BPP_200_300_0.1_0.8_2.C	106	1.000	64.000	2.166
BPP_200_300_0.1_0.8_3.C	108	9.600	68.640	2.173
BPP_200_300_0.1_0.8_3.C	108	9.600	68.640	2.259
BPP_200_300_0.1_0.8_3.C	108	9.600	68.640	2.252
BPP_200_300_0.1_0.8_3.C	108	9.600	68.640	2.217
BPP_200_300_0.1_0.8_3.C	108	9.600	68.640	2.239
BPP_200_300_0.1_0.8_3.C	108	9.600	68.640	2.212
BPP_200_300_0.1_0.8_3.C	108	9.600	68.640	2.247
BPP_200_300_0.1_0.8_3.C	108	9.600	68.640	2.183
BPP_200_300_0.1_0.8_3.C	108	9.600	68.640	2.237
BPP_200_300_0.1_0.8_3.C	108	9.600	68.640	2.205
BPP_200_300_0.1_0.8_4.C	104	10.200	66.480	2.012
BPP_200_300_0.1_0.8_4.C	104	10.200	66.480	1.982
BPP_200_300_0.1_0.8_4.C	104	10.200	66.480	2.003
BPP_200_300_0.1_0.8_4.C	104	10.200	66.480	2.012
BPP_200_300_0.1_0.8_4.C	104	10.200	66.480	2.139
BPP_200_300_0.1_0.8_4.C	104	10.200	66.480	2.015
BPP_200_300_0.1_0.8_4.C	102	12.800	66.320	1.978
BPP_200_300_0.1_0.8_4.C	104	10.200	66.480	2.043
BPP_200_300_0.1_0.8_4.C	101	13.800	66.120	2.007
BPP_200_300_0.1_0.8_4.C	103	9.400	65.560	1.999
BPP_200_300_0.1_0.8_5.C	96	3.200	58.880	1.858
BPP_200_300_0.1_0.8_5.C	96	3.200	58.880	1.817
BPP_200_300_0.1_0.8_5.C	96	3.200	58.880	1.875
BPP_200_300_0.1_0.8_5.C	96	3.200	58.880	1.807
BPP_200_300_0.1_0.8_5.C	96	3.200	58.880	1.819
BPP_200_300_0.1_0.8_5.C	96	3.200	58.880	1.857
BPP_200_300_0.1_0.8_5.C	96	3.200	58.880	1.847
BPP_200_300_0.1_0.8_5.C	96	3.200	58.880	1.845
BPP_200_300_0.1_0.8_5.C	96	3.200	58.880	1.813
BPP_200_300_0.1_0.8_5.C	96	3.200	58.880	1.807
BPP_200_300_0.1_0.8_6.C	106	4.400	65.360	2.065
BPP_200_300_0.1_0.8_6.C	106	4.400	65.360	2.103
BPP_200_300_0.1_0.8_6.C	106	4.400	65.360	2.068
BPP_200_300_0.1_0.8_6.C	106	4.400	65.360	2.117
BPP_200_300_0.1_0.8_6.C	106	4.400	65.360	2.071
BPP_200_300_0.1_0.8_6.C	106	4.400	65.360	2.105
BPP_200_300_0.1_0.8_6.C	105	5.800	65.320	2.039
BPP_200_300_0.1_0.8_6.C	106	4.400	65.360	2.131
BPP_200_300_0.1_0.8_6.C	105	4.400	64.760	2.040
BPP_200_300_0.1_0.8_6.C	106	4.400	65.360	2.060
BPP_200_300_0.1_0.8_7.C	100	3.400	61.360	1.888
BPP_200_300_0.1_0.8_7.C	100	3.400	61.360	1.917
BPP_200_300_0.1_0.8_7.C	100	3.400	61.360	1.931
BPP_200_300_0.1_0.8_7.C	100	3.400	61.360	1.925
BPP_200_300_0.1_0.8_7.C	100	3.400	61.360	1.930
BPP_200_300_0.1_0.8_7.C	100	3.400	61.360	1.900
BPP_200_300_0.1_0.8_7.C	100	3.400	61.360	1.908
BPP_200_300_0.1_0.8_7.C	100	3.400	61.360	1.884
BPP_200_300_0.1_0.8_7.C	100	3.400	61.360	1.946
BPP_200_300_0.1_0.8_7.C	100	3.400	61.360	1.963
BPP_200_300_0.1_0.8_8.C	100	5.600	62.240	1.956
BPP_200_300_0.1_0.8_8.C	100	5.600	62.240	1.946
BPP_200_300_0.1_0.8_8.C	100	5.600	62.240	1.949
BPP_200_300_0.1_0.8_8.C	100	5.600	62.240	1.993
BPP_200_300_0.1_0.8_8.C	100	5.600	62.240	1.939
BPP_200_300_0.1_0.8_8.C	100	5.600	62.240	1.952
BPP_200_300_0.1_0.8_8.C	100	5.600	62.240	1.943
BPP_200_300_0.1_0.8_8.C	100	5.600	62.240	2.022
BPP_200_300_0.1_0.8_8.C	100	5.600	62.240	1.962
BPP_200_300_0.1_0.8_8.C	100	5.600	62.240	1.961
BPP_200_300_0.1_0.8_9.C	106	4.000	65.200	2.049
BPP_200_300_0.1_0.8_9.C	106	4.000	65.200	2.063
BPP_200_300_0.1_0.8_9.C	106	4.000	65.200	2.063
BPP_200_300_0.1_0.8_9.C	106	4.000	65.200	2.057
BPP_200_300_0.1_0.8_9.C	106	4.000	65.200	2.065
BPP_200_300_0.1_0.8_9.C	106	4.000	65.200	2.146
BPP_200_300_0.1_0.8_9.C	106	4.000	65.200	2.060
BPP_200_300_0.1_0.8_9.C	106	4.000	65.200	2.098
BPP_200_300_0.1_0.8_9.C	106	4.000	65.200	2.108
BPP_200_300_0.1_0.8_9.C	106	4.000	65.200	2.074
BPP_200_400_0.1_0.8_0.C	111	11.800	71.320	2.123
BPP_200_400_0.1_0.8_0.C	111	11.800	71.320	2.118
BPP_200_400_0.1_0.8_0.C	107	15.000	70.200	2.093
BPP_200_400_0.1_0.8_0.C	110	10.800	70.320	2.154
BPP_200_400_0.1_0.8_0.C	107	13.400	69.560	2.105
BPP_200_400_0.1_0.8_0.C	110	12.400	70.960	2.080
BPP_200_400_0.1_0.8_0.C	109	9.800	69.320	2.092
BPP_200_400_0.1_0.8_0.C	109	9.800	69.320	2.081
BPP_200_400_0.1_0.8_0.C	109	14.200	71.080	2.096
BPP_200_400_0.1_0.8_0.C	110	10.800	70.320	2.080
BPP_200_400_0.1_0.8_1.C	104	0.400	62.560	1.951
BPP_200_400_0.1_0.8_1.C	104	1.000	62.800	1.940
BPP_200_400_0.1_0.8_1.C	104	1.000	62.800	1.964
BPP_200_400_0.1_0.8_1.C	104	1.000	62.800	1.998
BPP_200_400_0.1_0.8_1.C	101	5.400	62.760	1.967
BPP_200_400_0.1_0.8_1.C	104	1.000	62.800	2.027
BPP_200_400_0.1_0.8_1.C	104	0.800	62.720	2.019
BPP_200_400_0.1_0.8_1.C	103	1.800	62.520	2.019
BPP_200_400_0.1_0.8_1.C	104	1.000	62.800	1.980
BPP_200_400_0.1_0.8_1.C	104	1.000	62.800	2.067
BPP_200_400_0.1_0.8_2.C	109	3.200	66.680	2.042
BPP_200_400_0.1_0.8_2.C	109	3.200	66.680	2.071
BPP_200_400_0.1_0.8_2.C	111	2.600	67.640	2.130
BPP_200_400_0.1_0.8_2.C	107	7.000	67.000	2.066
BPP_200_400_0.1_0.8_2.C	109	4.200	67.080	2.062
BPP_200_400_0.1_0.8_2.C	111	2.600	67.640	2.065
BPP_200_400_0.1_0.8_2.C	108	5.600	67.040	2.130
BPP_200_400_0.1_0.8_2.C	107	7.200	67.080	2.049
BPP_200_400_0.1_0.8_2.C	109	3.600	66.840	2.088
BPP_200_400_0.1_0.8_2.C	110	2.000	66.800	2.100
BPP_200_400_0.1_0.8_3.C	104	4.800	64.320	2.208
BPP_200_400_0.1_0.8_3.C	104	4.800	64.320	2.253
BPP_200_400_0.1_0.8_3.C	104	4.800	64.320	2.235
BPP_200_400_0.1_0.8_3.C	104	4.800	64.320	2.229
BPP_200_400_0.1_0.8_3.C	104	4.800	64.320	2.256
BPP_200_400_0.1_0.8_3.C	104	4.800	64.320	2.255
BPP_200_400_0.1_0.8_3.C	104	4.800	64.320	2.272
BPP_200_400_0.1_0.8_3.C	104	4.800	64.320	2.214
BPP_200_400_0.1_0.8_3.C	104	4.800	64.320	2.238
BPP_200_400_0.1_0.8_3.C	104	4.800	64.320	2.226
BPP_200_400_0.1_0.8_4.C	101	10.000	64.600	2.020
BPP_200_400_0.1_0.8_4.C	101	10.000	64.600	1.974
BPP_200_400_0.1_0.8_4.C	101	10.000	64.600	2.041
BPP_200_400_0.1_0.8_4.C	101	10.000	64.600	2.015
BPP_200_400_0.1_0.8_4.C	101	10.000	64.600	2.022
BPP_200_400_0.1_0.8_4.C	101	10.000	64.600	1.998
BPP_200_400_0.1_0.8_4.C	101	10.000	64.600	2.001
BPP_200_400_0.1_0.8_4.C	101	10.000	64.600	2.022
BPP_200_400_0.1_0.8_4.C	101	10.000	64.600	2.000
BPP_200_400_0.1_0.8_4.C	101	9.800	64.520	2.009
BPP_200_400_0.1_0.8_5.C	95	4.600	58.840	1.876
BPP_200_400_0.1_0.8_5.C	95	4.600	58.840	1.856
BPP_200_400_0.1_0.8_5.C	95	4.600	58.840	1.891
BPP_200_400_0.1_0.8_5.C	95	4.600	58.840	1.892
BPP_200_400_0.1_0.8_5.C	95	4.600	58.840	1.859
BPP_200_400_0.1_0.8_5.C	95	4.600	58.840	1.869
BPP_200_400_0.1_0.8_5.C	95	4.400	58.760	1.853
BPP_200_400_0.1_0.8_5.C	95	4.600	58.840	1.873
BPP_200_400_0.1_0.8_5.C	95	4.600	58.840	1.872
BPP_200_400_0.1_0.8_5.C	95	4.600	58.840	1.876
BPP_200_400_0.1_0.8_6.C	97	2.000	59.000	2.049
BPP_200_400_0.1_0.8_6.C	97	2.000	59.000	1.993
BPP_200_400_0.1_0.8_6.C	97	2.000	59.000	1.973
BPP_200_400_0.1_0.8_6.C	97	2.000	59.000	1.968
BPP_200_400_0.1_0.8_6.C	97	2.000	59.000	2.029
BPP_200_400_0.1_0.8_6.C	97	2.000	59.000	1.982
BPP_200_400_0.1_0.8_6.C	97	2.000	59.000	1.992
BPP_200_400_0.1_0.8_6.C	97	2.000	59.000	2.013
BPP_200_400_0.1_0.8_6.C	97	2.000	59.000	2.055
BPP_200_400_0.1_0.8_6.C	97	2.000	59.000	2.005
BPP_200_400_0.1_0.8_7.C	105	2.800	64.120	1.970
BPP_200_400_0.1_0.8_7.C	103	3.000	63.000	1.975
BPP_200_400_0.1_0.8_7.C	105	2.800	64.120	1.968
BPP_200_400_0.1_0.8_7.C	105	2.800	64.120	2.003
BPP_200_400_0.1_0.8_7.C	105	2.800	64.120	1.954
BPP_200_400_0.1_0.8_7.C	105	2.800	64.120	1.990
BPP_200_400_0.1_0.8_7.C	105	2.800	64.120	1.960
BPP_200_400_0.1_0.8_7.C	104	1.800	63.120	1.970
BPP_200_400_0.1_0.8_7.C	105	2.800	64.120	1.966
BPP_200_400_0.1_0.8_7.C	105	2.800	64.120	1.965
BPP_200_400_0.1_0.8_8.C	102	0.800	61.520	2.030
BPP_200_400_0.1_0.8_8.C	102	0.800	61.520	2.103
BPP_200_400_0.1_0.8_8.C	102	0.800	61.520	2.007
BPP_200_400_0.1_0.8_8.C	102	0.800	61.520	1.997
BPP_200_400_0.1_0.8_8.C	102	0.800	61.520	1.981
BPP_200_400_0.1_0.8_8.C	102	0.800	61.520	2.018
BPP_200_400_0.1_0.8_8.C	102	0.800	61.520	2.009
BPP_200_400_0.1_0.8_8.C	102	0.800	61.520	2.041
BPP_200_400_0.1_0.8_8.C	102	0.800	61.520	2.039
BPP_200_400_0.1_0.8_8.C	101	1.200	61.080	2.058
BPP_200_400_0.1_0.8_9.C	104	2.200	63.280	2.179
BPP_200_400_0.1_0.8_9.C	104	2.200	63.280	2.103
BPP_200_400_0.1_0.8_9.C	104	2.200	63.280	2.165
BPP_200_400_0.1_0.8_9.C	104	2.200	63.280	2.150
BPP_200_400_0.1_0.8_9.C	104	2.200	63.280	2.142
BPP_200_400_0.1_0.8_9.C	104	2.200	63.280	2.138
BPP_200_400_0.1_0.8_9.C	104	2.200	63.280	2.125
BPP_200_400_0.1_0.8_9.C	103	3.600	63.240	2.127
BPP_200_400_0.1_0.8_9.C	104	2.200	63.280	2.144
BPP_200_400_0.1_0.8_9.C	104	2.200	63.280	2.133
BPP_200_500_0.1_0.8_0.C	108	3.400	66.160	2.033
BPP_200_500_0.1_0.8_0.C	108	3.400	66.160	2.069
BPP_200_500_0.1_0.8_0.C	108	3.400	66.160	2.032
BPP_200_500_0.1_0.8_0.C	108	3.400	66.160	2.083
BPP_200_500_0.1_0.8_0.C	108	3.400	66.160	2.169
BPP_200_500_0.1_0.8_0.C	107	4.200	65.880	2.122
BPP_200_500_0.1_0.8_0.C	108	3.400	66.160	2.059
BPP_200_500_0.1_0.8_0.C	108	3.400	66.160	2.046
BPP_200_500_0.1_0.8_0.C	108	3.400	66.160	2.082
BPP_200_500_0.1_0.8_0.C	108	3.400	66.160	2.162
BPP_200_500_0.1_0.8_1.C	101	9.200	64.280	1.922
BPP_200_500_0.1_0.8_1.C	101	9.200	64.280	1.918
BPP_200_500_0.1_0.8_1.C	101	9.200	64.280	1.940
BPP_200_500_0.1_0.8_1.C	101	9.200	64.280	1.966
BPP_200_500_0.1_0.8_1.C	101	9.200	64.280	1.933
BPP_200_500_0.1_0.8_1.C	101	9.200	64.280	1.960
BPP_200_500_0.1_0.8_1.C	101	9.200	64.280	2.046
BPP_200_500_0.1_0.8_1.C	101	9.200	64.280	1.985
BPP_200_500_0.1_0.8_1.C	101	9.200	64.280	1.995
BPP_200_500_0.1_0.8_1.C	101	9.200	64.280	1.938
BPP_200_500_0.1_0.8_2.C	92	10.000	59.200	1.952
BPP_200_500_0.1_0.8_2.C	91	10.200	58.680	1.932
BPP_200_500_0.1_0.8_2.C	92	10.000	59.200	1.933
BPP_200_500_0.1_0.8_2.C	91	10.200	58.680	1.854
BPP_200_500_0.1_0.8_2.C	92	10.000	59.200	1.928
BPP_200_500_0.1_0.8_2.C	91	10.000	58.600	1.921
BPP_200_500_0.1_0.8_2.C	92	10.000	59.200	1.911
BPP_200_500_0.1_0.8_2.C	92	10.000	59.200	1.892
BPP_200_500_0.1_0.8_2.C	92	10.000	59.200	1.911
BPP_200_500_0.1_0.8_2.C	92	10.000	59.200	1.920
BPP_200_500_0.1_0.8_3.C	103	12.200	66.680	2.059
BPP_200_500_0.1_0.8_3.C	103	12.200	66.680	2.048
BPP_200_500_0.1_0.8_3.C	103	12.200	66.680	2.060
BPP_200_500_0.1_0.8_3.C	103	12.200	66.680	2.057
BPP_200_500_0.1_0.8_3.C	103	12.200	66.680	2.017
BPP_200_500_0.1_0.8_3.C	103	12.200	66.680	2.039
BPP_200_500_0.1_0.8_3.C	103	12.200	66.680	2.040
BPP_200_500_0.1_0.8_3.C	103	12.200	66.680	2.053
BPP_200_500_0.1_0.8_3.C	103	12.200	66.680	2.039
BPP_200_500_0.1_0.8_3.C	103	12.200	66.680	2.056
BPP_200_500_0.1_0.8_4.C	101	3.600	62.040	2.090
BPP_200_500_0.1_0.8_4.C	101	4.000	62.200	2.083
BPP_200_500_0.1_0.8_4.C	100	6.200	62.480	2.071
BPP_200_500_0.1_0.8_4.C	102	3.400	62.560	2.063
BPP_200_500_0.1_0.8_4.C	102	3.400	62.560	2.097
BPP_200_500_0.1_0.8_4.C	101	4.400	62.360	2.073
BPP_200_500_0.1_0.8_4.C	100	6.000	62.400	2.087
BPP_200_500_0.1_0.8_4.C	102	3.400	62.560	2.085
BPP_200_500_0.1_0.8_4.C	102	3.400	62.560	2.099
BPP_200_500_0.1_0.8_4.C	101	4.400	62.360	2.087
BPP_200_500_0.1_0.8_5.C	106	4.000	65.200	2.130
BPP_200_500_0.1_0.8_5.C	106	4.000	65.200	2.121
BPP_200_500_0.1_0.8_5.C	105	3.600	64.440	2.126
BPP_200_500_0.1_0.8_5.C	106	4.000	65.200	2.123
BPP_200_500_0.1_0.8_5.C	106	4.000	65.200	2.148
BPP_200_500_0.1_0.8_5.C	106	4.000	65.200	2.135
BPP_200_500_0.1_0.8_5.C	106	3.800	65.120	2.122
BPP_200_500_0.1_0.8_5.C	104	4.000	64.000	2.130
BPP_200_500_0.1_0.8_5.C	106	4.000	65.200	2.126
BPP_200_500_0.1_0.8_5.C	106	4.000	65.200	2.118
BPP_200_500_0.1_0.8_6.C	103	3.800	63.320	2.179
BPP_200_500_0.1_0.8_6.C	103	3.800	63.320	2.196
BPP_200_500_0.1_0.8_6.C	103	3.800	63.320	2.184
BPP_200_500_0.1_0.8_6.C	103	3.800	63.320	2.179
BPP_200_500_0.1_0.8_6.C	103	3.800	63.320	2.209
BPP_200_500_0.1_0.8_6.C	103	3.800	63.320	2.189
BPP_200_500_0.1_0.8_6.C	103	3.800	63.320	2.182
BPP_200_500_0.1_0.8_6.C	103	3.800	63.320	2.166
BPP_200_500_0.1_0.8_6.C	103	3.800	63.320	2.216
BPP_200_500_0.1_0.8_6.C	103	3.800	63.320	2.182
BPP_200_500_0.1_0.8_7.C	98	9.200	62.480	2.022
BPP_200_500_0.1_0.8_7.C	98	9.200	62.480	2.023
BPP_200_500_0.1_0.8_7.C	98	9.200	62.480	2.009
BPP_200_500_0.1_0.8_7.C	98	9.200	62.480	2.004
BPP_200_500_0.1_0.8_7.C	98	9.200	62.480	2.038
BPP_200_500_0.1_0.8_7.C	98	9.200	62.480	2.021
BPP_200_500_0.1_0.8_7.C	98	9.200	62.480	2.026
BPP_200_500_0.1_0.8_7.C	98	9.200	62.480	2.003
BPP_200_500_0.1_0.8_7.C	98	9.000	62.400	2.027
BPP_200_500_0.1_0.8_7.C	98	9.200	62.480	2.023
BPP_200_500_0.1_0.8_8.C	116	6.800	72.320	2.286
BPP_200_500_0.1_0.8_8.C	116	6.800	72.320	2.248
BPP_200_500_0.1_0.8_8.C	116	6.800	72.320	2.288
BPP_200_500_0.1_0.8_8.C	116	6.800	72.320	2.276
BPP_200_500_0.1_0.8_8.C	116	6.800	72.320	2.275
BPP_200_500_0.1_0.8_8.C	116	6.800	72.320	2.302
BPP_200_500_0.1_0.8_8.C	116	6.800	72.320	2.254
BPP_200_500_0.1_0.8_8.C	116	6.800	72.320	2.269
BPP_200_500_0.1_0.8_8.C	116	6.800	72.320	2.244
BPP_200_500_0.1_0.8_8.C	116	6.800	72.320	2.281
BPP_200_500_0.1_0.8_9.C	104	7.400	65.360	2.054
BPP_200_500_0.1_0.8_9.C	104	7.400	65.360	2.068
BPP_200_500_0.1_0.8_9.C	104	7.400	65.360	2.049
BPP_200_500_0.1_0.8_9.C	104	7.400	65.360	2.066
BPP_200_500_0.1_0.8_9.C	104	7.400	65.360	2.062
BPP_200_500_0.1_0.8_9.C	104	7.400	65.360	2.056
BPP_200_500_0.1_0.8_9.C	104	7.400	65.360	2.070
BPP_200_500_0.1_0.8_9.C	104	7.400	65.360	2.050
BPP_200_500_0.1_0.8_9.C	104	7.400	65.360	2.044
BPP_200_500_0.1_0.8_9.C	104	7.400	65.360	2.045
BPP_200_50_0.1_0.8_0.C	89	3.800	54.920	1.858
BPP_200_50_0.1_0.8_0.C	89	3.600	54.840	1.851
BPP_200_50_0.1_0.8_0.C	89	3.800	54.920	1.831
BPP_200_50_0.1_0.8_0.C	89	3.800	54.920	1.853
BPP_200_50_0.1_0.8_0.C	89	3.800	54.920	1.858
BPP_200_50_0.1_0.8_0.C	89	3.800	54.920	1.857
BPP_200_50_0.1_0.8_0.C	89	3.800	54.920	1.844
BPP_200_50_0.1_0.8_0.C	89	3.800	54.920	1.851
BPP_200_50_0.1_0.8_0.C	89	3.800	54.920	1.858
BPP_200_50_0.1_0.8_0.C	89	3.800	54.920	1.856
BPP_200_50_0.1_0.8_1.C	101	3.800	62.120	1.984
BPP_200_50_0.1_0.8_1.C	101	4.000	62.200	1.981
BPP_200_50_0.1_0.8_1.C	100	3.000	61.200	1.979
BPP_200_50_0.1_0.8_1.C	101	4.000	62.200	2.000
BPP_200_50_0.1_0.8_1.C	101	4.000	62.200	1.959
BPP_200_50_0.1_0.8_1.C	101	4.000	62.200	2.002
BPP_200_50_0.1_0.8_1.C	100	5.400	62.160	1.949
BPP_200_50_0.1_0.8_1.C	101	4.000	62.200	1.915
BPP_200_50_0.1_0.8_1.C	100	4.600	61.840	1.925
BPP_200_50_0.1_0.8_1.C	101	4.000	62.200	2.006
BPP_200_50_0.1_0.8_2.C	93	7.200	58.680	1.817
BPP_200_50_0.1_0.8_2.C	91	9.200	58.280	1.794
BPP_200_50_0.1_0.8_2.C	93	7.200	58.680	1.819
BPP_200_50_0.1_0.8_2.C	93	7.200	58.680	1.829
BPP_200_50_0.1_0.8_2.C	92	8.200	58.480	1.844
BPP_200_50_0.1_0.8_2.C	92	8.400	58.560	1.841
BPP_200_50_0.1_0.8_2.C	92	8.400	58.560	1.867
BPP_200_50_0.1_0.8_2.C	92	7.600	58.240	1.826
BPP_200_50_0.1_0.8_2.C	93	7.200	58.680	1.833
BPP_200_50_0.1_0.8_2.C	93	7.200	58.680	1.862
BPP_200_50_0.1_0.8_3.C	102	4.400	62.960	1.997
BPP_200_50_0.1_0.8_3.C	102	4.400	62.960	2.007
BPP_200_50_0.1_0.8_3.C	99	8.000	62.600	2.008
BPP_200_50_0.1_0.8_3.C	102	4.400	62.960	2.001
BPP_200_50_0.1_0.8_3.C	102	4.400	62.960	2.025
BPP_200_50_0.1_0.8_3.C	102	4.400	62.960	2.017
BPP_200_50_0.1_0.8_3.C	102	4.400	62.960	1.999
BPP_200_50_0.1_0.8_3.C	102	4.400	62.960	2.003
BPP_200_50_0.1_0.8_3.C	102	4.400	62.960	1.993
BPP_200_50_0.1_0.8_3.C	100	7.400	62.960	1.989
BPP_200_50_0.1_0.8_4.C	102	0.200	61.280	2.027
BPP_200_50_0.1_0.8_4.C	102	0.200	61.280	2.024
BPP_200_50_0.1_0.8_4.C	102	0.200	61.280	2.014
BPP_200_50_0.1_0.8_4.C	102	0.200	61.280	2.006
BPP_200_50_0.1_0.8_4.C	102	0.200	61.280	2.024
BPP_200_50_0.1_0.8_4.C	102	0.200	61.280	2.026
BPP_200_50_0.1_0.8_4.C	102	0.200	61.280	2.027
BPP_200_50_0.1_0.8_4.C	102	0.200	61.280	2.027
BPP_200_50_0.1_0.8_4.C	102	0.200	61.280	2.028
BPP_200_50_0.1_0.8_4.C	102	0.200	61.280	2.029
BPP_200_50_0.1_0.8_5.C	105	0.400	63.160	2.174
BPP_200_50_0.1_0.8_5.C	104	1.600	63.040	2.218
BPP_200_50_0.1_0.8_5.C	105	0.400	63.160	2.175
BPP_200_50_0.1_0.8_5.C	105	0.400	63.160	2.170
BPP_200_50_0.1_0.8_5.C	105	0.400	63.160	2.163
BPP_200_50_0.1_0.8_5.C	105	0.400	63.160	2.163
BPP_200_50_0.1_0.8_5.C	105	0.400	63.160	2.194
BPP_200_50_0.1_0.8_5.C	105	0.400	63.160	2.176
BPP_200_50_0.1_0.8_5.C	105	0.400	63.160	2.161
BPP_200_50_0.1_0.8_5.C	105	0.400	63.160	2.226
BPP_200_50_0.1_0.8_6.C	107	1.400	64.760	2.082
BPP_200_50_0.1_0.8_6.C	107	1.400	64.760	2.080
BPP_200_50_0.1_0.8_6.C	107	1.400	64.760	2.111
BPP_200_50_0.1_0.8_6.C	107	1.400	64.760	2.090
BPP_200_50_0.1_0.8_6.C	107	1.400	64.760	2.080
BPP_200_50_0.1_0.8_6.C	107	1.400	64.760	2.089
BPP_200_50_0.1_0.8_6.C	107	1.400	64.760	2.107
BPP_200_50_0.1_0.8_6.C	107	1.400	64.760	2.082
BPP_200_50_0.1_0.8_6.C	107	1.400	64.760	2.086
BPP_200_50_0.1_0.8_6.C	107	1.400	64.760	2.106
BPP_200_50_0.1_0.8_7.C	97	2.800	59.320	1.985
BPP_200_50_0.1_0.8_7.C	97	2.800	59.320	1.993
BPP_200_50_0.1_0.8_7.C	97	2.800	59.320	1.995
BPP_200_50_0.1_0.8_7.C	97	2.800	59.320	2.002
BPP_200_50_0.1_0.8_7.C	96	3.000	58.800	2.018
BPP_200_50_0.1_0.8_7.C	97	2.800	59.320	2.036
BPP_200_50_0.1_0.8_7.C	97	2.800	59.320	1.990
BPP_200_50_0.1_0.8_7.C	96	3.200	58.880	2.014
BPP_200_50_0.1_0.8_7.C	97	2.800	59.320	1.980
BPP_200_50_0.1_0.8_7.C	97	2.800	59.320	1.975
BPP_200_50_0.1_0.8_8.C	95	3.400	58.360	1.949
BPP_200_50_0.1_0.8_8.C	95	3.400	58.360	1.969
BPP_200_50_0.1_0.8_8.C	95	3.400	58.360	1.957
BPP_200_50_0.1_0.8_8.C	92	5.200	57.280	1.952
BPP_200_50_0.1_0.8_8.C	95	3.400	58.360	1.948
BPP_200_50_0.1_0.8_8.C	95	3.400	58.360	1.959
BPP_200_50_0.1_0.8_8.C	95	3.400	58.360	1.948
BPP_200_50_0.1_0.8_8.C	95	3.400	58.360	1.957
BPP_200_50_0.1_0.8_8.C	95	3.400	58.360	1.960
BPP_200_50_0.1_0.8_8.C	95	3.400	58.360	1.913
BPP_200_50_0.1_0.8_9.C	99	5.600	61.640	2.038
BPP_200_50_0.1_0.8_9.C	99	5.800	61.720	2.028
BPP_200_50_0.1_0.8_9.C	99	5.800	61.720	2.047
BPP_200_50_0.1_0.8_9.C	99	5.800	61.720	2.038
BPP_200_50_0.1_0.8_9.C	99	5.800	61.720	2.031
BPP_200_50_0.1_0.8_9.C	99	5.800	61.720	2.040
BPP_200_50_0.1_0.8_9.C	99	5.800	61.720	2.029
BPP_200_50_0.1_0.8_9.C	99	5.800	61.720	2.043
BPP_200_50_0.1_0.8_9.C	99	5.800	61.720	2.032
BPP_200_50_0.1_0.8_9.C	99	5.800	61.720	2.005
BPP_200_750_0.1_0.8_0.C	102	13.200	66.480	2.076
BPP_200_750_0.1_0.8_0.C	104	12.200	67.280	2.052
BPP_200_750_0.1_0.8_0.C	104	12.200	67.280	2.050
BPP_200_750_0.1_0.8_0.C	104	12.200	67.280	2.102
BPP_200_750_0.1_0.8_0.C	104	12.200	67.280	2.076
BPP_200_750_0.1_0.8_0.C	104	12.200	67.280	2.077
BPP_200_750_0.1_0.8_0.C	104	12.200	67.280	2.079
BPP_200_750_0.1_0.8_0.C	104	12.200	67.280	2.071
BPP_200_750_0.1_0.8_0.C	104	12.200	67.280	2.073
BPP_200_750_0.1_0.8_0.C	103	13.600	67.240	2.088
BPP_200_750_0.1_0.8_1.C	101	10.400	64.760	1.994
BPP_200_750_0.1_0.8_1.C	101	10.400	64.760	1.978
BPP_200_750_0.1_0.8_1.C	101	10.400	64.760	1.985
BPP_200_750_0.1_0.8_1.C	101	10.400	64.760	1.963
BPP_200_750_0.1_0.8_1.C	101	10.400	64.760	1.959
BPP_200_750_0.1_0.8_1.C	101	10.400	64.760	1.958
BPP_200_750_0.1_0.8_1.C	101	10.400	64.760	1.989
BPP_200_750_0.1_0.8_1.C	101	10.400	64.760	1.961
BPP_200_750_0.1_0.8_1.C	101	10.400	64.760	1.961
BPP_200_750_0.1_0.8_1.C	100	10.600	64.240	1.959
BPP_200_750_0.1_0.8_2.C	101	8.400	63.960	1.983
BPP_200_750_0.1_0.8_2.C	101	8.400	63.960	2.008
BPP_200_750_0.1_0.8_2.C	101	8.400	63.960	1.957
BPP_200_750_0.1_0.8_2.C	101	8.400	63.960	1.961
BPP_200_750_0.1_0.8_2.C	101	8.400	63.960	1.978
BPP_200_750_0.1_0.8_2.C	101	8.400	63.960	1.972
BPP_200_750_0.1_0.8_2.C	101	8.400	63.960	1.960
BPP_200_750_0.1_0.8_2.C	101	8.400	63.960	1.978
BPP_200_750_0.1_0.8_2.C	101	8.400	63.960	2.000
BPP_200_750_0.1_0.8_2.C	101	8.400	63.960	1.986
BPP_200_750_0.1_0.8_3.C	103	12.000	66.600	1.966
BPP_200_750_0.1_0.8_3.C	100	14.000	65.600	1.980
BPP_200_750_0.1_0.8_3.C	103	12.000	66.600	2.003
BPP_200_750_0.1_0.8_3.C	103	12.000	66.600	1.948
BPP_200_750_0.1_0.8_3.C	103	12.000	66.600	1.958
BPP_200_750_0.1_0.8_3.C	103	12.000	66.600	1.978
BPP_200_750_0.1_0.8_3.C	103	12.000	66.600	1.965
BPP_200_750_0.1_0.8_3.C	103	12.000	66.600	1.974
BPP_200_750_0.1_0.8_3.C	103	12.000	66.600	1.974
BPP_200_750_0.1_0.8_3.C	103	12.000	66.600	1.958
BPP_200_750_0.1_0.8_4.C	102	2.000	62.000	2.115
BPP_200_750_0.1_0.8_4.C	102	2.000	62.000	2.155
BPP_200_750_0.1_0.8_4.C	102	2.000	62.000	2.100
BPP_200_750_0.1_0.8_4.C	102	2.000	62.000	2.089
BPP_200_750_0.1_0.8_4.C	100	4.600	61.840	2.076
BPP_200_750_0.1_0.8_4.C	102	2.000	62.000	2.105
BPP_200_750_0.1_0.8_4.C	101	2.400	61.560	2.118
BPP_200_750_0.1_0.8_4.C	101	3.400	61.960	2.120
BPP_200_750_0.1_0.8_4.C	102	2.000	62.000	2.101
BPP_200_750_0.1_0.8_4.C	102	2.000	62.000	2.098
BPP_200_750_0.1_0.8_5.C	98	8.800	62.320	2.024
BPP_200_750_0.1_0.8_5.C	98	7.400	61.760	1.895
BPP_200_750_0.1_0.8_5.C	97	8.600	61.640	1.889
BPP_200_750_0.1_0.8_5.C	99	7.800	62.520	2.007
BPP_200_750_0.1_0.8_5.C	99	7.800	62.520	1.950
BPP_200_750_0.1_0.8_5.C	99	7.800	62.520	1.925
BPP_200_750_0.1_0.8_5.C	97	8.200	61.480	2.002
BPP_200_750_0.1_0.8_5.C	99	7.800	62.520	1.954
BPP_200_750_0.1_0.8_5.C	98	6.800	61.520	1.894
BPP_200_750_0.1_0.8_5.C	99	7.800	62.520	1.926
BPP_200_750_0.1_0.8_6.C	102	8.600	64.640	1.931
BPP_200_750_0.1_0.8_6.C	99	12.400	64.360	1.926
BPP_200_750_0.1_0.8_6.C	105	4.200	64.680	1.947
BPP_200_750_0.1_0.8_6.C	105	4.200	64.680	1.988
BPP_200_750_0.1_0.8_6.C	103	6.800	64.520	1.947
BPP_200_750_0.1_0.8_6.C	105	4.200	64.680	1.985
BPP_200_750_0.1_0.8_6.C	105	4.200	64.680	2.012
BPP_200_750_0.1_0.8_6.C	105	4.200	64.680	1.978
BPP_200_750_0.1_0.8_6.C	105	4.200	64.680	2.023
BPP_200_750_0.1_0.8_6.C	105	4.200	64.680	1.979
BPP_200_750_0.1_0.8_7.C	104	4.600	64.240	1.978
BPP_200_750_0.1_0.8_7.C	104	4.600	64.240	2.010
BPP_200_750_0.1_0.8_7.C	103	4.600	63.640	2.075
BPP_200_750_0.1_0.8_7.C	104	4.600	64.240	2.001
BPP_200_750_0.1_0.8_7.C	104	4.400	64.160	2.116
BPP_200_750_0.1_0.8_7.C	104	4.600	64.240	2.044
BPP_200_750_0.1_0.8_7.C	104	4.600	64.240	2.012
BPP_200_750_0.1_0.8_7.C	104	4.600	64.240	2.049
BPP_200_750_0.1_0.8_7.C	104	4.600	64.240	2.022
BPP_200_750_0.1_0.8_7.C	104	4.400	64.160	2.046
BPP_200_750_0.1_0.8_8.C	100	3.600	61.440	2.038
BPP_200_750_0.1_0.8_8.C	99	5.000	61.400	2.024
BPP_200_750_0.1_0.8_8.C	99	3.600	60.840	2.044
BPP_200_750_0.1_0.8_8.C	100	3.600	61.440	2.092
BPP_200_750_0.1_0.8_8.C	100	3.600	61.440	2.106
BPP_200_750_0.1_0.8_8.C	100	3.600	61.440	2.062
BPP_200_750_0.1_0.8_8.C	100	3.600	61.440	2.023
BPP_200_750_0.1_0.8_8.C	99	5.000	61.400	2.073
BPP_200_750_0.1_0.8_8.C	100	3.600	61.440	2.033
BPP_200_750_0.1_0.8_8.C	100	3.600	61.440	2.067
BPP_200_750_0.1_0.8_9.C	106	3.600	65.040	2.264
BPP_200_750_0.1_0.8_9.C	106	3.600	65.040	2.251
BPP_200_750_0.1_0.8_9.C	106	3.600	65.040	2.305
BPP_200_750_0.1_0.8_9.C	106	3.600	65.040	2.250
BPP_200_750_0.1_0.8_9.C	106	3.600	65.040	2.308
BPP_200_750_0.1_0.8_9.C	106	3.600	65.040	2.247
BPP_200_750_0.1_0.8_9.C	106	3.600	65.040	2.249
BPP_200_750_0.1_0.8_9.C	106	3.600	65.040	2.268
BPP_200_750_0.1_0.8_9.C	106	2.800	64.720	2.273
BPP_200_750_0.1_0.8_9.C	106	3.600	65.040	2.289
BPP_200_75_0.1_0.8_0.C	98	5.200	60.880	1.997
BPP_200_75_0.1_0.8_0.C	99	4.000	61.000	1.983
BPP_200_75_0.1_0.8_0.C	99	4.000	61.000	1.978
BPP_200_75_0.1_0.8_0.C	99	4.000	61.000	1.975
BPP_200_75_0.1_0.8_0.C	99	4.000	61.000	1.979
BPP_200_75_0.1_0.8_0.C	99	4.000	61.000	1.974
BPP_200_75_0.1_0.8_0.C	99	4.000	61.000	1.985
BPP_200_75_0.1_0.8_0.C	99	4.000	61.000	1.970
BPP_200_75_0.1_0.8_0.C	98	3.400	60.160	1.996
BPP_200_75_0.1_0.8_0.C	99	4.000	61.000	1.973
BPP_200_75_0.1_0.8_1.C	99	7.000	62.200	2.054
BPP_200_75_0.1_0.8_1.C	102	2.800	62.320	2.046
BPP_200_75_0.1_0.8_1.C	102	2.800	62.320	2.090
BPP_200_75_0.1_0.8_1.C	102	2.800	62.320	2.046
BPP_200_75_0.1_0.8_1.C	102	2.800	62.320	2.042
BPP_200_75_0.1_0.8_1.C	102	2.800	62.320	2.095
BPP_200_75_0.1_0.8_1.C	102	2.800	62.320	2.069
BPP_200_75_0.1_0.8_1.C	102	2.800	62.320	2.054
BPP_200_75_0.1_0.8_1.C	98	6.600	61.440	2.060
BPP_200_75_0.1_0.8_1.C	102	2.800	62.320	2.071
BPP_200_75_0.1_0.8_2.C	95	0.800	57.320	2.008
BPP_200_75_0.1_0.8_2.C	95	0.800	57.320	2.013
BPP_200_75_0.1_0.8_2.C	95	0.800	57.320	2.029
BPP_200_75_0.1_0.8_2.C	95	0.800	57.320	1.998
BPP_200_75_0.1_0.8_2.C	95	0.800	57.320	2.005
BPP_200_75_0.1_0.8_2.C	95	0.800	57.320	1.992
BPP_200_75_0.1_0.8_2.C	95	0.800	57.320	2.009
BPP_200_75_0.1_0.8_2.C	95	0.800	57.320	1.989
BPP_200_75_0.1_0.8_2.C	95	0.800	57.320	1.982
BPP_200_75_0.1_0.8_2.C	95	0.800	57.320	2.004
BPP_200_75_0.1_0.8_3.C	110	4.200	67.680	2.283
BPP_200_75_0.1_0.8_3.C	110	4.200	67.680	2.263
BPP_200_75_0.1_0.8_3.C	109	5.000	67.400	2.209
BPP_200_75_0.1_0.8_3.C	110	4.200	67.680	2.257
BPP_200_75_0.1_0.8_3.C	110	4.200	67.680	2.223
BPP_200_75_0.1_0.8_3.C	110	4.200	67.680	2.256
BPP_200_75_0.1_0.8_3.C	110	4.200	67.680	2.253
BPP_200_75_0.1_0.8_3.C	110	4.200	67.680	2.238
BPP_200_75_0.1_0.8_3.C	110	4.200	67.680	2.256
BPP_200_75_0.1_0.8_3.C	110	4.200	67.680	2.229
BPP_200_75_0.1_0.8_4.C	103	1.800	62.520	1.994
BPP_200_75_0.1_0.8_4.C	103	1.800	62.520	2.015
BPP_200_75_0.1_0.8_4.C	103	1.800	62.520	1.995
BPP_200_75_0.1_0.8_4.C	103	1.800	62.520	1.994
BPP_200_75_0.1_0.8_4.C	103	1.800	62.520	1.984
BPP_200_75_0.1_0.8_4.C	103	1.800	62.520	2.018
BPP_200_75_0.1_0.8_4.C	103	1.800	62.520	2.019
BPP_200_75_0.1_0.8_4.C	103	1.800	62.520	2.060
BPP_200_75_0.1_0.8_4.C	103	1.800	62.520	1.997
BPP_200_75_0.1_0.8_4.C	103	1.800	62.520	1.985
BPP_200_75_0.1_0.8_5.C	99	4.800	61.320	2.010
BPP_200_75_0.1_0.8_5.C	99	4.800	61.320	2.017
BPP_200_75_0.1_0.8_5.C	99	4.800	61.320	2.058
BPP_200_75_0.1_0.8_5.C	99	4.800	61.320	2.035
BPP_200_75_0.1_0.8_5.C	99	4.800	61.320	2.007
BPP_200_75_0.1_0.8_5.C	99	4.800	61.320	2.015
BPP_200_75_0.1_0.8_5.C	99	4.800	61.320	2.075
BPP_200_75_0.1_0.8_5.C	99	4.800	61.320	1.989
BPP_200_75_0.1_0.8_5.C	98	6.000	61.200	2.013
BPP_200_75_0.1_0.8_5.C	99	4.800	61.320	2.003
BPP_200_75_0.1_0.8_6.C	92	8.600	58.640	1.966
BPP_200_75_0.1_0.8_6.C	93	8.600	59.240	1.929
BPP_200_75_0.1_0.8_6.C	91	9.000	58.200	2.024
BPP_200_75_0.1_0.8_6.C	93	7.800	58.920	1.963
BPP_200_75_0.1_0.8_6.C	92	8.000	58.400	2.003
BPP_200_75_0.1_0.8_6.C	93	8.400	59.160	1.946
BPP_200_75_0.1_0.8_6.C	92	10.800	59.520	2.030
BPP_200_75_0.1_0.8_6.C	93	9.200	59.480	2.000
BPP_200_75_0.1_0.8_6.C	93	8.400	59.160	1.995
BPP_200_75_0.1_0.8_6.C	93	7.200	58.680	1.945
BPP_200_75_0.1_0.8_7.C	104	4.400	64.160	2.081
BPP_200_75_0.1_0.8_7.C	103	5.000	63.800	2.098
BPP_200_75_0.1_0.8_7.C	104	4.400	64.160	2.099
BPP_200_75_0.1_0.8_7.C	104	4.400	64.160	2.101
BPP_200_75_0.1_0.8_7.C	104	4.400	64.160	2.076
BPP_200_75_0.1_0.8_7.C	104	4.400	64.160	2.122
BPP_200_75_0.1_0.8_7.C	103	4.600	63.640	2.083
BPP_200_75_0.1_0.8_7.C	104	4.400	64.160	2.157
BPP_200_75_0.1_0.8_7.C	104	4.400	64.160	2.140
BPP_200_75_0.1_0.8_7.C	104	4.400	64.160	2.116
BPP_200_75_0.1_0.8_8.C	96	6.800	60.320	2.048
BPP_200_75_0.1_0.8_8.C	96	6.800	60.320	2.047
BPP_200_75_0.1_0.8_8.C	96	6.800	60.320	2.069
BPP_200_75_0.1_0.8_8.C	96	6.800	60.320	2.006
BPP_200_75_0.1_0.8_8.C	96	6.800	60.320	2.001
BPP_200_75_0.1_0.8_8.C	96	6.800	60.320	1.995
BPP_200_75_0.1_0.8_8.C	96	6.800	60.320	2.064
BPP_200_75_0.1_0.8_8.C	96	6.800	60.320	2.017
BPP_200_75_0.1_0.8_8.C	96	6.800	60.320	2.019
BPP_200_75_0.1_0.8_8.C	96	6.800	60.320	2.024
BPP_200_75_0.1_0.8_9.C	102	12.200	66.080	2.194
BPP_200_75_0.1_0.8_9.C	103	11.000	66.200	2.195
BPP_200_75_0.1_0.8_9.C	102	11.000	65.600	2.168
BPP_200_75_0.1_0.8_9.C	100	14.600	65.840	2.184
BPP_200_75_0.1_0.8_9.C	102	11.400	65.760	2.200
BPP_200_75_0.1_0.8_9.C	101	12.000	65.400	2.163
BPP_200_75_0.1_0.8_9.C	103	12.200	66.680	2.212
BPP_200_75_0.1_0.8_9.C	103	11.200	66.280	2.224
BPP_200_75_0.1_0.8_9.C	103	11.200	66.280	2.160
BPP_200_75_0.1_0.8_9.C	101	11.600	65.240	2.181
BPP_50_1000_0.1_0.8_0.C	24	8.400	17.760	0.066
BPP_50_1000_0.1_0.8_0.C	24	9.600	18.240	0.066
BPP_50_1000_0.1_0.8_0.C	24	9.600	18.240	0.065
BPP_50_1000_0.1_0.8_0.C	24	8.600	17.840	0.067
BPP_50_1000_0.1_0.8_0.C	24	9.600	18.240	0.066
BPP_50_1000_0.1_0.8_0.C	24	9.600	18.240	0.066
BPP_50_1000_0.1_0.8_0.C	24	9.600	18.240	0.066
BPP_50_1000_0.1_0.8_0.C	24	9.200	18.080	0.067
BPP_50_1000_0.1_0.8_0.C	24	9.600	18.240	0.070
BPP_50_1000_0.1_0.8_0.C	24	9.600	18.240	0.066
BPP_50_1000_0.1_0.8_1.C	24	9.200	18.080	0.065
BPP_50_1000_0.1_0.8_1.C	24	9.400	18.160	0.066
BPP_50_1000_0.1_0.8_1.C	24	9.600	18.240	0.065
BPP_50_1000_0.1_0.8_1.C	24	9.000	18.000	0.066
BPP_50_1000_0.1_0.8_1.C	24	9.400	18.160	0.067
BPP_50_1000_0.1_0.8_1.C	24	9.200	18.080	0.065
BPP_50_1000_0.1_0.8_1.C	24	9.800	18.320	0.066
BPP_50_1000_0.1_0.8_1.C	24	9.400	18.160	0.065
BPP_50_1000_0.1_0.8_1.C	24	9.600	18.240	0.070
BPP_50_1000_0.1_0.8_1.C	24	9.200	18.080	0.079
BPP_50_1000_0.1_0.8_2.C	23	8.400	17.160	0.065
BPP_50_1000_0.1_0.8_2.C	23	8.400	17.160	0.067
BPP_50_1000_0.1_0.8_2.C	23	8.400	17.160	0.065
BPP_50_1000_0.1_0.8_2.C	23	8.400	17.160	0.065
BPP_50_1000_0.1_0.8_2.C	23	8.400	17.160	0.065
BPP_50_1000_0.1_0.8_2.C	23	8.400	17.160	0.064
BPP_50_1000_0.1_0.8_2.C	23	8.400	17.160	0.065
BPP_50_1000_0.1_0.8_2.C	23	8.400	17.160	0.064
BPP_50_1000_0.1_0.8_2.C	23	8.400	17.160	0.066
BPP_50_1000_0.1_0.8_2.C	23	8.400	17.160	0.064
BPP_50_1000_0.1_0.8_3.C	26	8.400	18.960	0.071
BPP_50_1000_0.1_0.8_3.C	25	8.600	18.440	0.069
BPP_50_1000_0.1_0.8_3.C	26	8.000	18.800	0.071
BPP_50_1000_0.1_0.8_3.C	25	8.000	18.200	0.070
BPP_50_1000_0.1_0.8_3.C	26	7.000	18.400	0.069
BPP_50_1000_0.1_0.8_3.C	25	7.800	18.120	0.069
BPP_50_1000_0.1_0.8_3.C	25	9.400	18.760	0.070
BPP_50_1000_0.1_0.8_3.C	25	8.600	18.440	0.069
BPP_50_1000_0.1_0.8_3.C	25	7.400	17.960	0.070
BPP_50_1000_0.1_0.8_3.C	25	9.800	18.920	0.072
BPP_50_1000_0.1_0.8_4.C	26	3.000	16.800	0.068
BPP_50_1000_0.1_0.8_4.C	26	3.000	16.800	0.066
BPP_50_1000_0.1_0.8_4.C	25	4.400	16.760	0.066
BPP_50_1000_0.1_0.8_4.C	26	3.000	16.800	0.066
BPP_50_1000_0.1_0.8_4.C	26	3.000	16.800	0.066
BPP_50_1000_0.1_0.8_4.C	26	3.000	16.800	0.066
BPP_50_1000_0.1_0.8_4.C	26	3.000	16.800	0.069
BPP_50_1000_0.1_0.8_4.C	26	3.000	16.800	0.067
BPP_50_1000_0.1_0.8_4.C	26	3.000	16.800	0.068
BPP_50_1000_0.1_0.8_4.C	26	3.000	16.800	0.067
BPP_50_1000_0.1_0.8_5.C	29	3.200	18.680	0.077
BPP_50_1000_0.1_0.8_5.C	29	3.000	18.600	0.077
BPP_50_1000_0.1_0.8_5.C	29	3.000	18.600	0.077
BPP_50_1000_0.1_0.8_5.C	29	2.400	18.360	0.078
BPP_50_1000_0.1_0.8_5.C	28	4.600	18.640	0.073
BPP_50_1000_0.1_0.8_5.C	28	3.400	18.160	0.075
BPP_50_1000_0.1_0.8_5.C	29	3.200	18.680	0.075
BPP_50_1000_0.1_0.8_5.C	29	3.200	18.680	0.074
BPP_50_1000_0.1_0.8_5.C	29	3.200	18.680	0.075
BPP_50_1000_0.1_0.8_5.C	29	3.000	18.600	0.074
BPP_50_1000_0.1_0.8_6.C	24	2.800	15.520	0.064
BPP_50_1000_0.1_0.8_6.C	24	4.200	16.080	0.065
BPP_50_1000_0.1_0.8_6.C	24	2.800	15.520	0.065
BPP_50_1000_0.1_0.8_6.C	24	3.200	15.680	0.065
BPP_50_1000_0.1_0.8_6.C	24	4.400	16.160	0.065
BPP_50_1000_0.1_0.8_6.C	24	3.400	15.760	0.065
BPP_50_1000_0.1_0.8_6.C	24	3.200	15.680	0.065
BPP_50_1000_0.1_0.8_6.C	23	5.400	15.960	0.065
BPP_50_1000_0.1_0.8_6.C	24	3.200	15.680	0.066
BPP_50_1000_0.1_0.8_6.C	24	3.800	15.920	0.067
BPP_50_1000_0.1_0.8_7.C	25	2.800	16.120	0.068
BPP_50_1000_0.1_0.8_7.C	25	2.000	15.800	0.067
BPP_50_1000_0.1_0.8_7.C	24	3.000	15.600	0.067
BPP_50_1000_0.1_0.8_7.C	24	2.200	15.280	0.070
BPP_50_1000_0.1_0.8_7.C	25	3.800	16.520	0.068
BPP_50_1000_0.1_0.8_7.C	24	3.800	15.920	0.083
BPP_50_1000_0.1_0.8_7.C	25	3.200	16.280	0.067
BPP_50_1000_0.1_0.8_7.C	24	3.400	15.760	0.066
BPP_50_1000_0.1_0.8_7.C	26	2.400	16.560	0.067
BPP_50_1000_0.1_0.8_7.C	25	2.800	16.120	0.067
BPP_50_1000_0.1_0.8_8.C	21	2.400	13.560	0.061
BPP_50_1000_0.1_0.8_8.C	21	2.400	13.560	0.060
BPP_50_1000_0.1_0.8_8.C	21	2.400	13.560	0.059
BPP_50_1000_0.1_0.8_8.C	21	2.400	13.560	0.061
BPP_50_1000_0.1_0.8_8.C	21	2.400	13.560	0.059
BPP_50_1000_0.1_0.8_8.C	21	2.400	13.560	0.061
BPP_50_1000_0.1_0.8_8.C	21	2.400	13.560	0.060
BPP_50_1000_0.1_0.8_8.C	21	2.400	13.560	0.059
BPP_50_1000_0.1_0.8_8.C	21	2.400	13.560	0.059
BPP_50_1000_0.1_0.8_8.C	21	2.400	13.560	0.059
BPP_50_1000_0.1_0.8_9.C	24	2.400	15.360	0.064
BPP_50_1000_0.1_0.8_9.C	24	2.400	15.360	0.065
BPP_50_1000_0.1_0.8_9.C	24	2.400	15.360	0.064
BPP_50_1000_0.1_0.8_9.C	24	2.400	15.360	0.063
BPP_50_1000_0.1_0.8_9.C	24	2.400	15.360	0.064
BPP_50_1000_0.1_0.8_9.C	24	2.400	15.360	0.064
BPP_50_1000_0.1_0.8_9.C	24	2.400	15.360	0.066
BPP_50_1000_0.1_0.8_9.C	24	2.400	15.360	0.063
BPP_50_1000_0.1_0.8_9.C	24	2.400	15.360	0.066
BPP_50_1000_0.1_0.8_9.C	23	3.800	15.320	0.064
BPP_50_100_0.1_0.8_0.C	30	1.000	18.400	0.077
BPP_50_100_0.1_0.8_0.C	30	0.200	18.080	0.075
BPP_50_100_0.1_0.8_0.C	30	1.000	18.400	0.076
BPP_50_100_0.1_0.8_0.C	30	1.600	18.640	0.078
BPP_50_100_0.1_0.8_0.C	30	1.200	18.480	0.077
BPP_50_100_0.1_0.8_0.C	30	1.400	18.560	0.076
BPP_50_100_0.1_0.8_0.C	30	0.400	18.160	0.077
BPP_50_100_0.1_0.8_0.C	30	0.800	18.320	0.077
BPP_50_100_0.1_0.8_0.C	31	0.400	18.760	0.076
BPP_50_100_0.1_0.8_0.C	30	1.200	18.480	0.077
BPP_50_100_0.1_0.8_1.C	27	1.400	16.760	0.069
BPP_50_100_0.1_0.8_1.C	27	1.600	16.840	0.069
BPP_50_100_0.1_0.8_1.C	28	0.600	17.040	0.069
BPP_50_100_0.1_0.8_1.C	28	0.600	17.040	0.072
BPP_50_100_0.1_0.8_1.C	27	1.800	16.920	0.070
BPP_50_100_0.1_0.8_1.C	28	0.600	17.040	0.070
BPP_50_100_0.1_0.8_1.C	28	0.600	17.040	0.070
BPP_50_100_0.1_0.8_1.C	27	1.400	16.760	0.069
BPP_50_100_0.1_0.8_1.C	28	0.600	17.040	0.070
BPP_50_100_0.1_0.8_1.C	28	0.600	17.040	0.068
BPP_50_100_0.1_0.8_2.C	25	2.000	15.800	0.066
BPP_50_100_0.1_0.8_2.C	26	0.800	15.920	0.067
BPP_50_100_0.1_0.8_2.C	26	0.800	15.920	0.066
BPP_50_100_0.1_0.8_2.C	24	3.200	15.680	0.066
BPP_50_100_0.1_0.8_2.C	25	1.800	15.720	0.065
BPP_50_100_0.1_0.8_2.C	26	0.800	15.920	0.066
BPP_50_100_0.1_0.8_2.C	26	0.800	15.920	0.068
BPP_50_100_0.1_0.8_2.C	25	2.000	15.800	0.066
BPP_50_100_0.1_0.8_2.C	26	0.800	15.920	0.065
BPP_50_100_0.1_0.8_2.C	25	1.600	15.640	0.066
BPP_50_100_0.1_0.8_3.C	21	1.600	13.240	0.059
BPP_50_100_0.1_0.8_3.C	21	2.200	13.480	0.059
BPP_50_100_0.1_0.8_3.C	21	2.000	13.400	0.060
BPP_50_100_0.1_0.8_3.C	21	2.400	13.560	0.058
BPP_50_100_0.1_0.8_3.C	21	1.200	13.080	0.060
BPP_50_100_0.1_0.8_3.C	21	2.000	13.400	0.060
BPP_50_100_0.1_0.8_3.C	22	1.000	13.600	0.060
BPP_50_100_0.1_0.8_3.C	21	1.600	13.240	0.059
BPP_50_100_0.1_0.8_3.C	21	2.000	13.400	0.060
BPP_50_100_0.1_0.8_3.C	21	1.600	13.240	0.059
BPP_50_100_0.1_0.8_4.C	27	0.200	16.280	0.070
BPP_50_100_0.1_0.8_4.C	27	0.200	16.280	0.070
BPP_50_100_0.1_0.8_4.C	27	0.200	16.280	0.069
BPP_50_100_0.1_0.8_4.C	26	1.400	16.160	0.069
BPP_50_100_0.1_0.8_4.C	26	1.200	16.080	0.069
BPP_50_100_0.1_0.8_4.C	26	1.400	16.160	0.069
BPP_50_100_0.1_0.8_4.C	26	1.400	16.160	0.069
BPP_50_100_0.1_0.8_4.C	26	1.600	16.240	0.070
BPP_50_100_0.1_0.8_4.C	27	0.200	16.280	0.068
BPP_50_100_0.1_0.8_4.C	27	0.200	16.280	0.068
BPP_50_100_0.1_0.8_5.C	24	1.800	15.120	0.070
BPP_50_100_0.1_0.8_5.C	24	2.000	15.200	0.067
BPP_50_100_0.1_0.8_5.C	25	1.200	15.480	0.070
BPP_50_100_0.1_0.8_5.C	25	1.200	15.480	0.068
BPP_50_100_0.1_0.8_5.C	25	1.200	15.480	0.068
BPP_50_100_0.1_0.8_5.C	24	2.000	15.200	0.070
BPP_50_100_0.1_0.8_5.C	25	1.200	15.480	0.068
BPP_50_100_0.1_0.8_5.C	24	2.400	15.360	0.069
BPP_50_100_0.1_0.8_5.C	24	2.400	15.360	0.068
BPP_50_100_0.1_0.8_5.C	24	2.000	15.200	0.067
BPP_50_100_0.1_0.8_6.C	25	1.800	15.720	0.073
BPP_50_100_0.1_0.8_6.C	25	2.200	15.880	0.070
BPP_50_100_0.1_0.8_6.C	26	1.000	16.000	0.070
BPP_50_100_0.1_0.8_6.C	25	1.200	15.480	0.070
BPP_50_100_0.1_0.8_6.C	25	1.200	15.480	0.069
BPP_50_100_0.1_0.8_6.C	26	0.800	15.920	0.071
BPP_50_100_0.1_0.8_6.C	25	1.200	15.480	0.071
BPP_50_100_0.1_0.8_6.C	25	1.800	15.720	0.070
BPP_50_100_0.1_0.8_6.C	25	1.800	15.720	0.071
BPP_50_100_0.1_0.8_6.C	26	1.000	16.000	0.070
BPP_50_100_0.1_0.8_7.C	26	3.400	16.960	0.070
BPP_50_100_0.1_0.8_7.C	26	3.400	16.960	0.068
BPP_50_100_0.1_0.8_7.C	26	3.600	17.040	0.070
BPP_50_100_0.1_0.8_7.C	26	3.400	16.960	0.068
BPP_50_100_0.1_0.8_7.C	26	3.600	17.040	0.068
BPP_50_100_0.1_0.8_7.C	25	4.200	16.680	0.069
BPP_50_100_0.1_0.8_7.C	25	4.800	16.920	0.068
BPP_50_100_0.1_0.8_7.C	26	3.600	17.040	0.068
BPP_50_100_0.1_0.8_7.C	26	3.200	16.880	0.076
BPP_50_100_0.1_0.8_7.C	25	4.400	16.760	0.067
BPP_50_100_0.1_0.8_8.C	22	1.600	13.840	0.062
BPP_50_100_0.1_0.8_8.C	22	1.600	13.840	0.064
BPP_50_100_0.1_0.8_8.C	22	1.800	13.920	0.061
BPP_50_100_0.1_0.8_8.C	22	1.800	13.920	0.066
BPP_50_100_0.1_0.8_8.C	22	1.600	13.840	0.062
BPP_50_100_0.1_0.8_8.C	22	1.600	13.840	0.061
BPP_50_100_0.1_0.8_8.C	22	2.200	14.080	0.062
BPP_50_100_0.1_0.8_8.C	22	2.000	14.000	0.062
BPP_50_100_0.1_0.8_8.C	22	2.000	14.000	0.063
BPP_50_100_0.1_0.8_8.C	22	2.200	14.080	0.061
BPP_50_100_0.1_0.8_9.C	24	1.800	15.120	0.064
BPP_50_100_0.1_0.8_9.C	24	1.800	15.120	0.062
BPP_50_100_0.1_0.8_9.C	24	2.600	15.440	0.064
BPP_50_100_0.1_0.8_9.C	24	1.800	15.120	0.066
BPP_50_100_0.1_0.8_9.C	23	3.000	15.000	0.063
BPP_50_100_0.1_0.8_9.C	24	1.800	15.120	0.064
BPP_50_100_0.1_0.8_9.C	24	1.800	15.120	0.064
BPP_50_100_0.1_0.8_9.C	24	1.800	15.120	0.063
BPP_50_100_0.1_0.8_9.C	24	1.800	15.120	0.064
BPP_50_100_0.1_0.8_9.C	24	2.600	15.440	0.065
BPP_50_120_0.1_0.8_0.C	27	1.000	16.600	0.072
BPP_50_120_0.1_0.8_0.C	27	1.000	16.600	0.071
BPP_50_120_0.1_0.8_0.C	27	1.000	16.600	0.071
BPP_50_120_0.1_0.8_0.C	27	1.000	16.600	0.071
BPP_50_120_0.1_0.8_0.C	27	1.000	16.600	0.072
BPP_50_120_0.1_0.8_0.C	27	1.000	16.600	0.072
BPP_50_120_0.1_0.8_0.C	26	2.200	16.480	0.072
BPP_50_120_0.1_0.8_0.C	27	1.000	16.600	0.073
BPP_50_120_0.1_0.8_0.C	27	1.000	16.600	0.071
BPP_50_120_0.1_0.8_0.C	27	1.000	16.600	0.071
BPP_50_120_0.1_0.8_1.C	22	1.400	13.760	0.060
BPP_50_120_0.1_0.8_1.C	23	1.200	14.280	0.060
BPP_50_120_0.1_0.8_1.C	22	1.800	13.920	0.061
BPP_50_120_0.1_0.8_1.C	23	1.200	14.280	0.060
BPP_50_120_0.1_0.8_1.C	23	1.200	14.280	0.060
BPP_50_120_0.1_0.8_1.C	22	1.800	13.920	0.060
BPP_50_120_0.1_0.8_1.C	22	2.400	14.160	0.061
BPP_50_120_0.1_0.8_1.C	22	1.800	13.920	0.060
BPP_50_120_0.1_0.8_1.C	23	1.200	14.280	0.061
BPP_50_120_0.1_0.8_1.C	23	1.000	14.200	0.062
BPP_50_120_0.1_0.8_2.C	27	3.000	17.400	0.069
BPP_50_120_0.1_0.8_2.C	27	3.000	17.400	0.069
BPP_50_120_0.1_0.8_2.C	27	3.000	17.400	0.069
BPP_50_120_0.1_0.8_2.C	27	3.000	17.400	0.069
BPP_50_120_0.1_0.8_2.C	27	3.000	17.400	0.070
BPP_50_120_0.1_0.8_2.C	27	3.000	17.400	0.073
BPP_50_120_0.1_0.8_2.C	27	3.000	17.400	0.069
BPP_50_120_0.1_0.8_2.C	27	3.000	17.400	0.072
BPP_50_120_0.1_0.8_2.C	27	3.000	17.400	0.069
BPP_50_120_0.1_0.8_2.C	27	3.000	17.400	0.069
BPP_50_120_0.1_0.8_3.C	23	1.200	14.280	0.063
BPP_50_120_0.1_0.8_3.C	23	1.200	14.280	0.063
BPP_50_120_0.1_0.8_3.C	23	1.200	14.280	0.064
BPP_50_120_0.1_0.8_3.C	23	1.200	14.280	0.064
BPP_50_120_0.1_0.8_3.C	23	1.200	14.280	0.063
BPP_50_120_0.1_0.8_3.C	23	1.200	14.280	0.063
BPP_50_120_0.1_0.8_3.C	23	1.200	14.280	0.064
BPP_50_120_0.1_0.8_3.C	23	1.200	14.280	0.065
BPP_50_120_0.1_0.8_3.C	23	1.200	14.280	0.063
BPP_50_120_0.1_0.8_3.C	23	1.200	14.280	0.065
BPP_50_120_0.1_0.8_4.C	27	6.200	18.680	0.071
BPP_50_120_0.1_0.8_4.C	27	5.800	18.520	0.070
BPP_50_120_0.1_0.8_4.C	26	7.600	18.640	0.070
BPP_50_120_0.1_0.8_4.C	26	6.200	18.080	0.070
BPP_50_120_0.1_0.8_4.C	26	6.200	18.080	0.073
BPP_50_120_0.1_0.8_4.C	27	6.000	18.600	0.073
BPP_50_120_0.1_0.8_4.C	27	5.200	18.280	0.070
BPP_50_120_0.1_0.8_4.C	27	5.800	18.520	0.072
BPP_50_120_0.1_0.8_4.C	27	5.200	18.280	0.072
BPP_50_120_0.1_0.8_4.C	26	6.600	18.240	0.071
BPP_50_120_0.1_0.8_5.C	24	0.600	14.640	0.062
BPP_50_120_0.1_0.8_5.C	24	0.800	14.720	0.062
BPP_50_120_0.1_0.8_5.C	23	1.000	14.200	0.062
BPP_50_120_0.1_0.8_5.C	24	1.200	14.880	0.063
BPP_50_120_0.1_0.8_5.C	24	0.600	14.640	0.061
BPP_50_120_0.1_0.8_5.C	24	1.200	14.880	0.062
BPP_50_120_0.1_0.8_5.C	23	1.600	14.440	0.061
BPP_50_120_0.1_0.8_5.C	24	1.000	14.800	0.061
BPP_50_120_0.1_0.8_5.C	24	0.800	14.720	0.061
BPP_50_120_0.1_0.8_5.C	24	0.800	14.720	0.063
BPP_50_120_0.1_0.8_6.C	24	3.800	15.920	0.062
BPP_50_120_0.1_0.8_6.C	23	4.200	15.480	0.062
BPP_50_120_0.1_0.8_6.C	23	3.800	15.320	0.063
BPP_50_120_0.1_0.8_6.C	23	4.600	15.640	0.061
BPP_50_120_0.1_0.8_6.C	23	5.200	15.880	0.062
BPP_50_120_0.1_0.8_6.C	23	4.200	15.480	0.063
BPP_50_120_0.1_0.8_6.C	24	3.600	15.840	0.062
BPP_50_120_0.1_0.8_6.C	24	3.600	15.840	0.062
BPP_50_120_0.1_0.8_6.C	23	5.200	15.880	0.066
BPP_50_120_0.1_0.8_6.C	23	4.600	15.640	0.067
BPP_50_120_0.1_0.8_7.C	23	6.400	16.360	0.067
BPP_50_120_0.1_0.8_7.C	23	5.600	16.040	0.064
BPP_50_120_0.1_0.8_7.C	24	6.400	16.960	0.063
BPP_50_120_0.1_0.8_7.C	24	6.000	16.800	0.064
BPP_50_120_0.1_0.8_7.C	24	5.200	16.480	0.065
BPP_50_120_0.1_0.8_7.C	24	6.000	16.800	0.065
BPP_50_120_0.1_0.8_7.C	24	6.000	16.800	0.065
BPP_50_120_0.1_0.8_7.C	24	6.200	16.880	0.066
BPP_50_120_0.1_0.8_7.C	24	6.200	16.880	0.064
BPP_50_120_0.1_0.8_7.C	24	5.400	16.560	0.064
BPP_50_120_0.1_0.8_8.C	25	3.000	16.200	0.065
BPP_50_120_0.1_0.8_8.C	25	3.000	16.200	0.063
BPP_50_120_0.1_0.8_8.C	25	2.800	16.120	0.064
BPP_50_120_0.1_0.8_8.C	25	3.000	16.200	0.064
BPP_50_120_0.1_0.8_8.C	24	4.400	16.160	0.065
BPP_50_120_0.1_0.8_8.C	24	3.800	15.920	0.065
BPP_50_120_0.1_0.8_8.C	25	3.000	16.200	0.065
BPP_50_120_0.1_0.8_8.C	24	3.800	15.920	0.065
BPP_50_120_0.1_0.8_8.C	25	3.000	16.200	0.065
BPP_50_120_0.1_0.8_8.C	24	4.400	16.160	0.065
BPP_50_120_0.1_0.8_9.C	23	5.400	15.960	0.063
BPP_50_120_0.1_0.8_9.C	23	5.200	15.880	0.063
BPP_50_120_0.1_0.8_9.C	23	5.400	15.960	0.063
BPP_50_120_0.1_0.8_9.C	23	5.400	15.960	0.065
BPP_50_120_0.1_0.8_9.C	23	5.200	15.880	0.063
BPP_50_120_0.1_0.8_9.C	23	5.600	16.040	0.064
BPP_50_120_0.1_0.8_9.C	23	5.400	15.960	0.064
BPP_50_120_0.1_0.8_9.C	24	5.000	16.400	0.062
BPP_50_120_0.1_0.8_9.C	22	5.200	15.280	0.063
BPP_50_120_0.1_0.8_9.C	23	4.800	15.720	0.063
BPP_50_125_0.1_0.8_0.C	28	1.200	17.280	0.073
BPP_50_125_0.1_0.8_0.C	28	1.400	17.360	0.073
BPP_50_125_0.1_0.8_0.C	28	1.400	17.360	0.074
BPP_50_125_0.1_0.8_0.C	28	1.200	17.280	0.074
BPP_50_125_0.1_0.8_0.C	28	1.400	17.360	0.072
BPP_50_125_0.1_0.8_0.C	28	1.400	17.360	0.072
BPP_50_125_0.1_0.8_0.C	27	1.400	16.760	0.075
BPP_50_125_0.1_0.8_0.C	28	1.200	17.280	0.072
BPP_50_125_0.1_0.8_0.C	28	1.400	17.360	0.073
BPP_50_125_0.1_0.8_0.C	28	1.400	17.360	0.074
BPP_50_125_0.1_0.8_1.C	24	2.600	15.440	0.069
BPP_50_125_0.1_0.8_1.C	25	1.000	15.400	0.067
BPP_50_125_0.1_0.8_1.C	25	0.800	15.320	0.068
BPP_50_125_0.1_0.8_1.C	24	2.000	15.200	0.068
BPP_50_125_0.1_0.8_1.C	25	1.200	15.480	0.070
BPP_50_125_0.1_0.8_1.C	25	1.000	15.400	0.073
BPP_50_125_0.1_0.8_1.C	25	1.000	15.400	0.069
BPP_50_125_0.1_0.8_1.C	25	1.000	15.400	0.068
BPP_50_125_0.1_0.8_1.C	25	0.800	15.320	0.072
BPP_50_125_0.1_0.8_1.C	25	1.200	15.480	0.068
BPP_50_125_0.1_0.8_2.C	22	2.000	14.000	0.060
BPP_50_125_0.1_0.8_2.C	22	2.000	14.000	0.079
BPP_50_125_0.1_0.8_2.C	23	0.800	14.120	0.068
BPP_50_125_0.1_0.8_2.C	22	1.800	13.920	0.075
BPP_50_125_0.1_0.8_2.C	22	2.400	14.160	0.060
BPP_50_125_0.1_0.8_2.C	22	2.400	14.160	0.060
BPP_50_125_0.1_0.8_2.C	22	1.600	13.840	0.061
BPP_50_125_0.1_0.8_2.C	22	2.000	14.000	0.060
BPP_50_125_0.1_0.8_2.C	22	2.600	14.240	0.060
BPP_50_125_0.1_0.8_2.C	22	1.600	13.840	0.061
BPP_50_125_0.1_0.8_3.C	30	3.600	19.440	0.078
BPP_50_125_0.1_0.8_3.C	29	4.000	19.000	0.076
BPP_50_125_0.1_0.8_3.C	29	4.000	19.000	0.076
BPP_50_125_0.1_0.8_3.C	29	3.800	18.920	0.076
BPP_50_125_0.1_0.8_3.C	30	3.400	19.360	0.077
BPP_50_125_0.1_0.8_3.C	30	3.400	19.360	0.076
BPP_50_125_0.1_0.8_3.C	29	4.400	19.160	0.077
BPP_50_125_0.1_0.8_3.C	29	3.800	18.920	0.077
BPP_50_125_0.1_0.8_3.C	30	3.400	19.360	0.078
BPP_50_125_0.1_0.8_3.C	29	4.000	19.000	0.077
BPP_50_125_0.1_0.8_4.C	26	3.800	17.120	0.071
BPP_50_125_0.1_0.8_4.C	27	3.000	17.400	0.072
BPP_50_125_0.1_0.8_4.C	27	2.800	17.320	0.070
BPP_50_125_0.1_0.8_4.C	26	3.600	17.040	0.071
BPP_50_125_0.1_0.8_4.C	26	4.000	17.200	0.070
BPP_50_125_0.1_0.8_4.C	26	4.000	17.200	0.068
BPP_50_125_0.1_0.8_4.C	25	5.600	17.240	0.071
BPP_50_125_0.1_0.8_4.C	26	4.400	17.360	0.070
BPP_50_125_0.1_0.8_4.C	27	3.800	17.720	0.071
BPP_50_125_0.1_0.8_4.C	26	4.600	17.440	0.070
BPP_50_125_0.1_0.8_5.C	31	3.800	20.120	0.081
BPP_50_125_0.1_0.8_5.C	31	3.000	19.800	0.081
BPP_50_125_0.1_0.8_5.C	31	4.000	20.200	0.080
BPP_50_125_0.1_0.8_5.C	31	4.600	20.440	0.080
BPP_50_125_0.1_0.8_5.C	31	2.800	19.720	0.079
BPP_50_125_0.1_0.8_5.C	31	3.800	20.120	0.080
BPP_50_125_0.1_0.8_5.C	31	2.800	19.720	0.080
BPP_50_125_0.1_0.8_5.C	31	4.000	20.200	0.080
BPP_50_125_0.1_0.8_5.C	31	3.800	20.120	0.081
BPP_50_125_0.1_0.8_5.C	31	3.800	20.120	0.080
BPP_50_125_0.1_0.8_6.C	27	2.400	17.160	0.073
BPP_50_125_0.1_0.8_6.C	27	2.400	17.160	0.072
BPP_50_125_0.1_0.8_6.C	27	2.400	17.160	0.072
BPP_50_125_0.1_0.8_6.C	27	2.400	17.160	0.072
BPP_50_125_0.1_0.8_6.C	27	2.400	17.160	0.073
BPP_50_125_0.1_0.8_6.C	27	2.400	17.160	0.075
BPP_50_125_0.1_0.8_6.C	27	2.400	17.160	0.075
BPP_50_125_0.1_0.8_6.C	27	2.400	17.160	0.074
BPP_50_125_0.1_0.8_6.C	27	2.400	17.160	0.073
BPP_50_125_0.1_0.8_6.C	27	2.400	17.160	0.071
BPP_50_125_0.1_0.8_7.C	28	4.000	18.400	0.076
BPP_50_125_0.1_0.8_7.C	28	4.800	18.720	0.075
BPP_50_125_0.1_0.8_7.C	28	5.200	18.880	0.074
BPP_50_125_0.1_0.8_7.C	28	3.800	18.320	0.083
BPP_50_125_0.1_0.8_7.C	28	4.000	18.400	0.074
BPP_50_125_0.1_0.8_7.C	28	4.800	18.720	0.073
BPP_50_125_0.1_0.8_7.C	28	5.000	18.800	0.075
BPP_50_125_0.1_0.8_7.C	28	4.800	18.720	0.075
BPP_50_125_0.1_0.8_7.C	27	5.800	18.520	0.074
BPP_50_125_0.1_0.8_7.C	28	4.600	18.640	0.078
BPP_50_125_0.1_0.8_8.C	23	4.200	15.480	0.062
BPP_50_125_0.1_0.8_8.C	23	3.800	15.320	0.062
BPP_50_125_0.1_0.8_8.C	23	4.200	15.480	0.066
BPP_50_125_0.1_0.8_8.C	23	4.000	15.400	0.063
BPP_50_125_0.1_0.8_8.C	22	4.600	15.040	0.064
BPP_50_125_0.1_0.8_8.C	23	4.000	15.400	0.065
BPP_50_125_0.1_0.8_8.C	22	5.400	15.360	0.065
BPP_50_125_0.1_0.8_8.C	23	3.800	15.320	0.064
BPP_50_125_0.1_0.8_8.C	22	4.200	14.880	0.063
BPP_50_125_0.1_0.8_8.C	23	4.200	15.480	0.063
BPP_50_125_0.1_0.8_9.C	26	4.600	17.440	0.071
BPP_50_125_0.1_0.8_9.C	26	4.600	17.440	0.070
BPP_50_125_0.1_0.8_9.C	26	4.600	17.440	0.067
BPP_50_125_0.1_0.8_9.C	25	4.600	16.840	0.076
BPP_50_125_0.1_0.8_9.C	26	4.600	17.440	0.069
BPP_50_125_0.1_0.8_9.C	25	5.000	17.000	0.070
BPP_50_125_0.1_0.8_9.C	25	5.000	17.000	0.072
BPP_50_125_0.1_0.8_9.C	26	4.600	17.440	0.071
BPP_50_125_0.1_0.8_9.C	25	4.800	16.920	0.068
BPP_50_125_0.1_0.8_9.C	26	4.600	17.440	0.070
BPP_50_150_0.1_0.8_0.C	24	0.400	14.560	0.064
BPP_50_150_0.1_0.8_0.C	24	0.400	14.560	0.065
BPP_50_150_0.1_0.8_0.C	24	0.400	14.560	0.063
BPP_50_150_0.1_0.8_0.C	24	0.400	14.560	0.065
BPP_50_150_0.1_0.8_0.C	24	0.400	14.560	0.065
BPP_50_150_0.1_0.8_0.C	24	0.400	14.560	0.064
BPP_50_150_0.1_0.8_0.C	24	0.400	14.560	0.065
BPP_50_150_0.1_0.8_0.C	24	0.400	14.560	0.066
BPP_50_150_0.1_0.8_0.C	24	0.400	14.560	0.064
BPP_50_150_0.1_0.8_0.C	24	0.400	14.560	0.065
BPP_50_150_0.1_0.8_1.C	28	1.600	17.440	0.076
BPP_50_150_0.1_0.8_1.C	28	1.400	17.360	0.091
BPP_50_150_0.1_0.8_1.C	28	1.800	17.520	0.079
BPP_50_150_0.1_0.8_1.C	28	1.400	17.360	0.076
BPP_50_150_0.1_0.8_1.C	29	1.400	17.960	0.074
BPP_50_150_0.1_0.8_1.C	28	2.600	17.840	0.076
BPP_50_150_0.1_0.8_1.C	28	1.800	17.520	0.077
BPP_50_150_0.1_0.8_1.C	28	2.000	17.600	0.076
BPP_50_150_0.1_0.8_1.C	28	1.600	17.440	0.076
BPP_50_150_0.1_0.8_1.C	29	1.400	17.960	0.077
BPP_50_150_0.1_0.8_2.C	26	4.800	17.520	0.089
BPP_50_150_0.1_0.8_2.C	26	4.000	17.200	0.071
BPP_50_150_0.1_0.8_2.C	26	5.000	17.600	0.071
BPP_50_150_0.1_0.8_2.C	26	4.600	17.440	0.072
BPP_50_150_0.1_0.8_2.C	26	3.600	17.040	0.078
BPP_50_150_0.1_0.8_2.C	26	4.000	17.200	0.071
BPP_50_150_0.1_0.8_2.C	26	5.000	17.600	0.071
BPP_50_150_0.1_0.8_2.C	26	4.800	17.520	0.073
BPP_50_150_0.1_0.8_2.C	26	4.400	17.360	0.072
BPP_50_150_0.1_0.8_2.C	26	5.000	17.600	0.070
BPP_50_150_0.1_0.8_3.C	26	4.400	17.360	0.070
BPP_50_150_0.1_0.8_3.C	26	4.200	17.280	0.072
BPP_50_150_0.1_0.8_3.C	26	3.400	16.960	0.070
BPP_50_150_0.1_0.8_3.C	25	4.200	16.680	0.072
BPP_50_150_0.1_0.8_3.C	26	3.600	17.040	0.072
BPP_50_150_0.1_0.8_3.C	26	3.800	17.120	0.071
BPP_50_150_0.1_0.8_3.C	26	3.400	16.960	0.071
BPP_50_150_0.1_0.8_3.C	25	4.400	16.760	0.071
BPP_50_150_0.1_0.8_3.C	26	4.000	17.200	0.071
BPP_50_150_0.1_0.8_3.C	26	4.400	17.360	0.069
BPP_50_150_0.1_0.8_4.C	21	3.000	13.800	0.059
BPP_50_150_0.1_0.8_4.C	21	1.800	13.320	0.060
BPP_50_150_0.1_0.8_4.C	22	1.200	13.680	0.060
BPP_50_150_0.1_0.8_4.C	22	0.800	13.520	0.059
BPP_50_150_0.1_0.8_4.C	22	1.800	13.920	0.059
BPP_50_150_0.1_0.8_4.C	21	2.600	13.640	0.058
BPP_50_150_0.1_0.8_4.C	21	3.200	13.880	0.059
BPP_50_150_0.1_0.8_4.C	21	2.200	13.480	0.059
BPP_50_150_0.1_0.8_4.C	21	2.600	13.640	0.059
BPP_50_150_0.1_0.8_4.C	21	2.200	13.480	0.058
BPP_50_150_0.1_0.8_5.C	25	3.200	16.280	0.068
BPP_50_150_0.1_0.8_5.C	26	1.800	16.320	0.070
BPP_50_150_0.1_0.8_5.C	25	3.000	16.200	0.068
BPP_50_150_0.1_0.8_5.C	26	1.800	16.320	0.069
BPP_50_150_0.1_0.8_5.C	25	2.600	16.040	0.069
BPP_50_150_0.1_0.8_5.C	26	1.800	16.320	0.070
BPP_50_150_0.1_0.8_5.C	26	1.800	16.320	0.069
BPP_50_150_0.1_0.8_5.C	25	3.000	16.200	0.068
BPP_50_150_0.1_0.8_5.C	26	1.800	16.320	0.068
BPP_50_150_0.1_0.8_5.C	26	1.800	16.320	0.067
BPP_50_150_0.1_0.8_6.C	23	2.800	14.920	0.065
BPP_50_150_0.1_0.8_6.C	23	3.400	15.160	0.064
BPP_50_150_0.1_0.8_6.C	24	2.400	15.360	0.065
BPP_50_150_0.1_0.8_6.C	24	2.200	15.280	0.065
BPP_50_150_0.1_0.8_6.C	24	2.400	15.360	0.066
BPP_50_150_0.1_0.8_6.C	24	2.400	15.360	0.065
BPP_50_150_0.1_0.8_6.C	23	3.200	15.080	0.064
BPP_50_150_0.1_0.8_6.C	23	3.200	15.080	0.064
BPP_50_150_0.1_0.8_6.C	24	2.400	15.360	0.063
BPP_50_150_0.1_0.8_6.C	24	2.400	15.360	0.066
BPP_50_150_0.1_0.8_7.C	24	1.600	15.040	0.064
BPP_50_150_0.1_0.8_7.C	23	3.000	15.000	0.063
BPP_50_150_0.1_0.8_7.C	24	2.200	15.280	0.063
BPP_50_150_0.1_0.8_7.C	24	1.800	15.120	0.065
BPP_50_150_0.1_0.8_7.C	24	2.000	15.200	0.066
BPP_50_150_0.1_0.8_7.C	24	1.600	15.040	0.064
BPP_50_150_0.1_0.8_7.C	24	1.800	15.120	0.063
BPP_50_150_0.1_0.8_7.C	24	1.600	15.040	0.066
BPP_50_150_0.1_0.8_7.C	24	2.000	15.200	0.063
BPP_50_150_0.1_0.8_7.C	24	1.800	15.120	0.064
BPP_50_150_0.1_0.8_8.C	24	1.600	15.040	0.063
BPP_50_150_0.1_0.8_8.C	24	1.600	15.040	0.061
BPP_50_150_0.1_0.8_8.C	24	1.400	14.960	0.061
BPP_50_150_0.1_0.8_8.C	24	1.600	15.040	0.062
BPP_50_150_0.1_0.8_8.C	24	1.600	15.040	0.061
BPP_50_150_0.1_0.8_8.C	24	1.400	14.960	0.061
BPP_50_150_0.1_0.8_8.C	24	1.600	15.040	0.063
BPP_50_150_0.1_0.8_8.C	24	1.600	15.040	0.060
BPP_50_150_0.1_0.8_8.C	23	1.800	14.520	0.062
BPP_50_150_0.1_0.8_8.C	24	1.600	15.040	0.067
BPP_50_150_0.1_0.8_9.C	23	2.800	14.920	0.062
BPP_50_150_0.1_0.8_9.C	23	1.600	14.440	0.063
BPP_50_150_0.1_0.8_9.C	24	1.600	15.040	0.063
BPP_50_150_0.1_0.8_9.C	24	1.600	15.040	0.064
BPP_50_150_0.1_0.8_9.C	24	1.600	15.040	0.066
BPP_50_150_0.1_0.8_9.C	23	2.200	14.680	0.064
BPP_50_150_0.1_0.8_9.C	24	1.600	15.040	0.065
BPP_50_150_0.1_0.8_9.C	24	1.600	15.040	0.065
BPP_50_150_0.1_0.8_9.C	23	2.400	14.760	0.074
BPP_50_150_0.1_0.8_9.C	24	1.600	15.040	0.064
BPP_50_200_0.1_0.8_0.C	26	3.800	17.120	0.070
BPP_50_200_0.1_0.8_0.C	25	5.200	17.080	0.070
BPP_50_200_0.1_0.8_0.C	25	4.200	16.680	0.070
BPP_50_200_0.1_0.8_0.C	26	3.600	17.040	0.070
BPP_50_200_0.1_0.8_0.C	26	4.200	17.280	0.070
BPP_50_200_0.1_0.8_0.C	25	5.000	17.000	0.068
BPP_50_200_0.1_0.8_0.C	26	4.200	17.280	0.069
BPP_50_200_0.1_0.8_0.C	26	3.800	17.120	0.068
BPP_50_200_0.1_0.8_0.C	25	4.000	16.600	0.070
BPP_50_200_0.1_0.8_0.C	26	3.200	16.880	0.070
BPP_50_200_0.1_0.8_1.C	25	2.400	15.960	0.068
BPP_50_200_0.1_0.8_1.C	25	1.600	15.640	0.066
BPP_50_200_0.1_0.8_1.C	25	1.600	15.640	0.066
BPP_50_200_0.1_0.8_1.C	25	1.600	15.640	0.067
BPP_50_200_0.1_0.8_1.C	25	2.000	15.800	0.068
BPP_50_200_0.1_0.8_1.C	25	1.600	15.640	0.068
BPP_50_200_0.1_0.8_1.C	25	1.600	15.640	0.069
BPP_50_200_0.1_0.8_1.C	25	1.600	15.640	0.067
BPP_50_200_0.1_0.8_1.C	25	1.600	15.640	0.066
BPP_50_200_0.1_0.8_1.C	25	2.200	15.880	0.069
BPP_50_200_0.1_0.8_2.C	22	0.800	13.520	0.064
BPP_50_200_0.1_0.8_2.C	22	0.600	13.440	0.066
BPP_50_200_0.1_0.8_2.C	22	0.800	13.520	0.064
BPP_50_200_0.1_0.8_2.C	22	0.800	13.520	0.063
BPP_50_200_0.1_0.8_2.C	22	0.800	13.520	0.064
BPP_50_200_0.1_0.8_2.C	22	0.800	13.520	0.062
BPP_50_200_0.1_0.8_2.C	22	0.600	13.440	0.064
BPP_50_200_0.1_0.8_2.C	22	0.800	13.520	0.063
BPP_50_200_0.1_0.8_2.C	22	0.800	13.520	0.066
BPP_50_200_0.1_0.8_2.C	22	0.800	13.520	0.065
BPP_50_200_0.1_0.8_3.C	24	1.600	15.040	0.063
BPP_50_200_0.1_0.8_3.C	24	2.200	15.280	0.063
BPP_50_200_0.1_0.8_3.C	24	1.600	15.040	0.063
BPP_50_200_0.1_0.8_3.C	24	1.200	14.880	0.063
BPP_50_200_0.1_0.8_3.C	24	1.800	15.120	0.064
BPP_50_200_0.1_0.8_3.C	24	2.000	15.200	0.063
BPP_50_200_0.1_0.8_3.C	24	1.800	15.120	0.064
BPP_50_200_0.1_0.8_3.C	24	2.200	15.280	0.063
BPP_50_200_0.1_0.8_3.C	24	1.800	15.120	0.064
BPP_50_200_0.1_0.8_3.C	24	1.800	15.120	0.066
BPP_50_200_0.1_0.8_4.C	27	1.400	16.760	0.070
BPP_50_200_0.1_0.8_4.C	27	1.400	16.760	0.069
BPP_50_200_0.1_0.8_4.C	27	1.400	16.760	0.069
BPP_50_200_0.1_0.8_4.C	27	1.200	16.680	0.070
BPP_50_200_0.1_0.8_4.C	26	2.800	16.720	0.069
BPP_50_200_0.1_0.8_4.C	27	1.000	16.600	0.070
BPP_50_200_0.1_0.8_4.C	26	2.800	16.720	0.071
BPP_50_200_0.1_0.8_4.C	26	2.800	16.720	0.072
BPP_50_200_0.1_0.8_4.C	27	1.200	16.680	0.070
BPP_50_200_0.1_0.8_4.C	27	1.400	16.760	0.069
BPP_50_200_0.1_0.8_5.C	31	2.400	19.560	0.079
BPP_50_200_0.1_0.8_5.C	31	2.400	19.560	0.078
BPP_50_200_0.1_0.8_5.C	31	2.400	19.560	0.078
BPP_50_200_0.1_0.8_5.C	31	1.600	19.240	0.077
BPP_50_200_0.1_0.8_5.C	32	2.000	20.000	0.077
BPP_50_200_0.1_0.8_5.C	31	2.200	19.480	0.078
BPP_50_200_0.1_0.8_5.C	32	2.200	20.080	0.079
BPP_50_200_0.1_0.8_5.C	31	2.400	19.560	0.078
BPP_50_200_0.1_0.8_5.C	31	2.800	19.720	0.078
BPP_50_200_0.1_0.8_5.C	31	3.000	19.800	0.079
BPP_50_200_0.1_0.8_6.C	25	1.000	15.400	0.067
BPP_50_200_0.1_0.8_6.C	25	1.000	15.400	0.067
BPP_50_200_0.1_0.8_6.C	25	1.000	15.400	0.066
BPP_50_200_0.1_0.8_6.C	25	1.000	15.400	0.065
BPP_50_200_0.1_0.8_6.C	25	1.000	15.400	0.067
BPP_50_200_0.1_0.8_6.C	25	1.000	15.400	0.066
BPP_50_200_0.1_0.8_6.C	25	1.000	15.400	0.065
BPP_50_200_0.1_0.8_6.C	25	1.000	15.400	0.071
BPP_50_200_0.1_0.8_6.C	25	1.000	15.400	0.067
BPP_50_200_0.1_0.8_6.C	25	1.000	15.400	0.065
BPP_50_200_0.1_0.8_7.C	23	5.400	15.960	0.062
BPP_50_200_0.1_0.8_7.C	24	4.600	16.240	0.063
BPP_50_200_0.1_0.8_7.C	23	5.800	16.120	0.064
BPP_50_200_0.1_0.8_7.C	24	4.600	16.240	0.062
BPP_50_200_0.1_0.8_7.C	24	4.400	16.160	0.063
BPP_50_200_0.1_0.8_7.C	23	5.200	15.880	0.063
BPP_50_200_0.1_0.8_7.C	24	4.600	16.240	0.063
BPP_50_200_0.1_0.8_7.C	23	5.800	16.120	0.064
BPP_50_200_0.1_0.8_7.C	24	4.600	16.240	0.063
BPP_50_200_0.1_0.8_7.C	24	4.600	16.240	0.065
BPP_50_200_0.1_0.8_8.C	25	2.200	15.880	0.068
BPP_50_200_0.1_0.8_8.C	26	1.600	16.240	0.067
BPP_50_200_0.1_0.8_8.C	26	1.000	16.000	0.068
BPP_50_200_0.1_0.8_8.C	26	1.000	16.000	0.073
BPP_50_200_0.1_0.8_8.C	26	0.600	15.840	0.068
BPP_50_200_0.1_0.8_8.C	26	0.800	15.920	0.066
BPP_50_200_0.1_0.8_8.C	26	0.800	15.920	0.067
BPP_50_200_0.1_0.8_8.C	26	1.000	16.000	0.068
BPP_50_200_0.1_0.8_8.C	26	0.400	15.760	0.067
BPP_50_200_0.1_0.8_8.C	25	2.000	15.800	0.068
BPP_50_200_0.1_0.8_9.C	24	4.800	16.320	0.063
BPP_50_200_0.1_0.8_9.C	24	4.800	16.320	0.063
BPP_50_200_0.1_0.8_9.C	24	4.800	16.320	0.063
BPP_50_200_0.1_0.8_9.C	24	4.800	16.320	0.063
BPP_50_200_0.1_0.8_9.C	24	4.800	16.320	0.065
BPP_50_200_0.1_0.8_9.C	24	4.800	16.320	0.063
BPP_50_200_0.1_0.8_9.C	24	4.800	16.320	0.064
BPP_50_200_0.1_0.8_9.C	24	4.800	16.320	0.064
BPP_50_200_0.1_0.8_9.C	24	4.800	16.320	0.064
BPP_50_200_0.1_0.8_9.C	24	4.800	16.320	0.064
BPP_50_300_0.1_0.8_0.C	26	2.800	16.720	0.070
BPP_50_300_0.1_0.8_0.C	25	4.200	16.680	0.070
BPP_50_300_0.1_0.8_0.C	26	2.800	16.720	0.070
BPP_50_300_0.1_0.8_0.C	26	2.800	16.720	0.072
BPP_50_300_0.1_0.8_0.C	26	2.800	16.720	0.070
BPP_50_300_0.1_0.8_0.C	26	2.800	16.720	0.071
BPP_50_300_0.1_0.8_0.C	26	2.800	16.720	0.068
BPP_50_300_0.1_0.8_0.C	26	2.800	16.720	0.070
BPP_50_300_0.1_0.8_0.C	26	2.800	16.720	0.070
BPP_50_300_0.1_0.8_0.C	25	4.200	16.680	0.069
BPP_50_300_0.1_0.8_1.C	25	4.600	16.840	0.068
BPP_50_300_0.1_0.8_1.C	25	4.000	16.600	0.069
BPP_50_300_0.1_0.8_1.C	25	4.800	16.920	0.067
BPP_50_300_0.1_0.8_1.C	26	3.600	17.040	0.068
BPP_50_300_0.1_0.8_1.C	26	3.400	16.960	0.069
BPP_50_300_0.1_0.8_1.C	26	3.400	16.960	0.069
BPP_50_300_0.1_0.8_1.C	25	5.600	17.240	0.067
BPP_50_300_0.1_0.8_1.C	25	4.600	16.840	0.068
BPP_50_300_0.1_0.8_1.C	26	3.800	17.120	0.069
BPP_50_300_0.1_0.8_1.C	25	4.800	16.920	0.069
BPP_50_300_0.1_0.8_2.C	27	5.400	18.360	0.074
BPP_50_300_0.1_0.8_2.C	27	5.200	18.280	0.073
BPP_50_300_0.1_0.8_2.C	27	4.000	17.800	0.074
BPP_50_300_0.1_0.8_2.C	27	5.200	18.280	0.074
BPP_50_300_0.1_0.8_2.C	27	5.400	18.360	0.076
BPP_50_300_0.1_0.8_2.C	27	5.600	18.440	0.076
BPP_50_300_0.1_0.8_2.C	27	5.800	18.520	0.075
BPP_50_300_0.1_0.8_2.C	27	5.000	18.200	0.076
BPP_50_300_0.1_0.8_2.C	27	4.600	18.040	0.073
BPP_50_300_0.1_0.8_2.C	27	5.800	18.520	0.074
BPP_50_300_0.1_0.8_3.C	27	4.000	17.800	0.074
BPP_50_300_0.1_0.8_3.C	27	4.000	17.800	0.073
BPP_50_300_0.1_0.8_3.C	27	4.000	17.800	0.072
BPP_50_300_0.1_0.8_3.C	27	3.800	17.720	0.071
BPP_50_300_0.1_0.8_3.C	27	3.800	17.720	0.071
BPP_50_300_0.1_0.8_3.C	27	4.600	18.040	0.074
BPP_50_300_0.1_0.8_3.C	27	3.800	17.720	0.073
BPP_50_300_0.1_0.8_3.C	26	4.400	17.360	0.072
BPP_50_300_0.1_0.8_3.C	27	4.000	17.800	0.074
BPP_50_300_0.1_0.8_3.C	27	4.000	17.800	0.076
BPP_50_300_0.1_0.8_4.C	29	5.200	19.480	0.078
BPP_50_300_0.1_0.8_4.C	29	6.000	19.800	0.076
BPP_50_300_0.1_0.8_4.C	29	4.400	19.160	0.077
BPP_50_300_0.1_0.8_4.C	29	5.800	19.720	0.078
BPP_50_300_0.1_0.8_4.C	28	6.800	19.520	0.080
BPP_50_300_0.1_0.8_4.C	28	6.600	19.440	0.080
BPP_50_300_0.1_0.8_4.C	29	5.600	19.640	0.077
BPP_50_300_0.1_0.8_4.C	29	4.800	19.320	0.076
BPP_50_300_0.1_0.8_4.C	29	5.800	19.720	0.078
BPP_50_300_0.1_0.8_4.C	29	5.000	19.400	0.077
BPP_50_300_0.1_0.8_5.C	24	5.200	16.480	0.066
BPP_50_300_0.1_0.8_5.C	24	5.600	16.640	0.065
BPP_50_300_0.1_0.8_5.C	24	5.200	16.480	0.067
BPP_50_300_0.1_0.8_5.C	24	4.800	16.320	0.065
BPP_50_300_0.1_0.8_5.C	24	5.400	16.560	0.065
BPP_50_300_0.1_0.8_5.C	23	6.400	16.360	0.065
BPP_50_300_0.1_0.8_5.C	23	6.000	16.200	0.067
BPP_50_300_0.1_0.8_5.C	24	5.200	16.480	0.065
BPP_50_300_0.1_0.8_5.C	24	5.200	16.480	0.064
BPP_50_300_0.1_0.8_5.C	23	5.600	16.040	0.066
BPP_50_300_0.1_0.8_6.C	22	4.000	14.800	0.063
BPP_50_300_0.1_0.8_6.C	22	4.000	14.800	0.061
BPP_50_300_0.1_0.8_6.C	22	4.000	14.800	0.063
BPP_50_300_0.1_0.8_6.C	22	4.000	14.800	0.063
BPP_50_300_0.1_0.8_6.C	22	4.000	14.800	0.063
BPP_50_300_0.1_0.8_6.C	22	4.000	14.800	0.064
BPP_50_300_0.1_0.8_6.C	22	4.000	14.800	0.064
BPP_50_300_0.1_0.8_6.C	22	4.000	14.800	0.063
BPP_50_300_0.1_0.8_6.C	22	4.000	14.800	0.066
BPP_50_300_0.1_0.8_6.C	22	4.000	14.800	0.066
BPP_50_300_0.1_0.8_7.C	29	3.800	18.920	0.075
BPP_50_300_0.1_0.8_7.C	28	4.600	18.640	0.076
BPP_50_300_0.1_0.8_7.C	29	4.200	19.080	0.075
BPP_50_300_0.1_0.8_7.C	29	3.400	18.760	0.076
BPP_50_300_0.1_0.8_7.C	29	4.400	19.160	0.076
BPP_50_300_0.1_0.8_7.C	28	4.200	18.480	0.076
BPP_50_300_0.1_0.8_7.C	29	3.800	18.920	0.076
BPP_50_300_0.1_0.8_7.C	28	4.200	18.480	0.078
BPP_50_300_0.1_0.8_7.C	29	4.200	19.080	0.077
BPP_50_300_0.1_0.8_7.C	30	3.600	19.440	0.077
BPP_50_300_0.1_0.8_8.C	29	4.400	19.160	0.079
BPP_50_300_0.1_0.8_8.C	29	4.000	19.000	0.076
BPP_50_300_0.1_0.8_8.C	29	4.000	19.000	0.078
BPP_50_300_0.1_0.8_8.C	29	4.600	19.240	0.079
BPP_50_300_0.1_0.8_8.C	29	4.200	19.080	0.078
BPP_50_300_0.1_0.8_8.C	29	4.200	19.080	0.077
BPP_50_300_0.1_0.8_8.C	30	3.400	19.360	0.078
BPP_50_300_0.1_0.8_8.C	29	4.400	19.160	0.078
BPP_50_300_0.1_0.8_8.C	29	4.600	19.240	0.078
BPP_50_300_0.1_0.8_8.C	29	3.400	18.760	0.078
BPP_50_300_0.1_0.8_9.C	29	3.400	18.760	0.076
BPP_50_300_0.1_0.8_9.C	29	3.400	18.760	0.077
BPP_50_300_0.1_0.8_9.C	29	3.000	18.600	0.078
BPP_50_300_0.1_0.8_9.C	29	4.400	19.160	0.077
BPP_50_300_0.1_0.8_9.C	29	3.000	18.600	0.077
BPP_50_300_0.1_0.8_9.C	29	3.800	18.920	0.077
BPP_50_300_0.1_0.8_9.C	29	3.800	18.920	0.079
BPP_50_300_0.1_0.8_9.C	29	3.600	18.840	0.077
BPP_50_300_0.1_0.8_9.C	29	3.600	18.840	0.078
BPP_50_300_0.1_0.8_9.C	29	2.600	18.440	0.077
BPP_50_400_0.1_0.8_0.C	23	0.800	14.120	0.061
BPP_50_400_0.1_0.8_0.C	23	0.800	14.120	0.061
BPP_50_400_0.1_0.8_0.C	23	0.800	14.120	0.062
BPP_50_400_0.1_0.8_0.C	23	0.800	14.120	0.062
BPP_50_400_0.1_0.8_0.C	22	2.000	14.000	0.061
BPP_50_400_0.1_0.8_0.C	22	2.200	14.080	0.062
BPP_50_400_0.1_0.8_0.C	23	0.800	14.120	0.061
BPP_50_400_0.1_0.8_0.C	23	0.800	14.120	0.064
BPP_50_400_0.1_0.8_0.C	23	0.800	14.120	0.063
BPP_50_400_0.1_0.8_0.C	23	0.800	14.120	0.063
BPP_50_400_0.1_0.8_1.C	29	1.400	17.960	0.076
BPP_50_400_0.1_0.8_1.C	29	1.400	17.960	0.077
BPP_50_400_0.1_0.8_1.C	29	1.400	17.960	0.078
BPP_50_400_0.1_0.8_1.C	29	1.600	18.040	0.078
BPP_50_400_0.1_0.8_1.C	30	0.200	18.080	0.080
BPP_50_400_0.1_0.8_1.C	29	1.000	17.800	0.078
BPP_50_400_0.1_0.8_1.C	29	1.000	17.800	0.081
BPP_50_400_0.1_0.8_1.C	30	0.400	18.160	0.079
BPP_50_400_0.1_0.8_1.C	29	1.800	18.120	0.079
BPP_50_400_0.1_0.8_1.C	29	1.000	17.800	0.077
BPP_50_400_0.1_0.8_2.C	24	1.600	15.040	0.071
BPP_50_400_0.1_0.8_2.C	24	1.600	15.040	0.068
BPP_50_400_0.1_0.8_2.C	24	1.600	15.040	0.070
BPP_50_400_0.1_0.8_2.C	24	1.600	15.040	0.069
BPP_50_400_0.1_0.8_2.C	24	1.600	15.040	0.067
BPP_50_400_0.1_0.8_2.C	24	1.600	15.040	0.068
BPP_50_400_0.1_0.8_2.C	24	1.600	15.040	0.068
BPP_50_400_0.1_0.8_2.C	24	1.600	15.040	0.069
BPP_50_400_0.1_0.8_2.C	24	1.600	15.040	0.069
BPP_50_400_0.1_0.8_2.C	24	1.600	15.040	0.069
BPP_50_400_0.1_0.8_3.C	25	5.000	17.000	0.064
BPP_50_400_0.1_0.8_3.C	25	4.600	16.840	0.064
BPP_50_400_0.1_0.8_3.C	25	3.600	16.440	0.064
BPP_50_400_0.1_0.8_3.C	25	3.400	16.360	0.064
BPP_50_400_0.1_0.8_3.C	25	4.600	16.840	0.066
BPP_50_400_0.1_0.8_3.C	25	3.400	16.360	0.064
BPP_50_400_0.1_0.8_3.C	25	3.400	16.360	0.063
BPP_50_400_0.1_0.8_3.C	25	3.400	16.360	0.064
BPP_50_400_0.1_0.8_3.C	25	3.600	16.440	0.062
BPP_50_400_0.1_0.8_3.C	25	3.400	16.360	0.064
BPP_50_400_0.1_0.8_4.C	22	1.400	13.760	0.061
BPP_50_400_0.1_0.8_4.C	22	2.400	14.160	0.060
BPP_50_400_0.1_0.8_4.C	22	2.600	14.240	0.062
BPP_50_400_0.1_0.8_4.C	22	2.600	14.240	0.061
BPP_50_400_0.1_0.8_4.C	22	2.600	14.240	0.062
BPP_50_400_0.1_0.8_4.C	22	2.600	14.240	0.061
BPP_50_400_0.1_0.8_4.C	22	2.800	14.320	0.062
BPP_50_400_0.1_0.8_4.C	22	2.400	14.160	0.062
BPP_50_400_0.1_0.8_4.C	22	2.800	14.320	0.062
BPP_50_400_0.1_0.8_4.C	22	3.000	14.400	0.062
BPP_50_400_0.1_0.8_5.C	28	4.600	18.640	0.071
BPP_50_400_0.1_0.8_5.C	29	3.600	18.840	0.071
BPP_50_400_0.1_0.8_5.C	28	5.000	18.800	0.071
BPP_50_400_0.1_0.8_5.C	29	3.600	18.840	0.070
BPP_50_400_0.1_0.8_5.C	27	6.600	18.840	0.072
BPP_50_400_0.1_0.8_5.C	28	4.400	18.560	0.070
BPP_50_400_0.1_0.8_5.C	28	4.200	18.480	0.072
BPP_50_400_0.1_0.8_5.C	28	4.000	18.400	0.071
BPP_50_400_0.1_0.8_5.C	27	4.800	18.120	0.069
BPP_50_400_0.1_0.8_5.C	28	4.400	18.560	0.069
BPP_50_400_0.1_0.8_6.C	27	8.400	19.560	0.073
BPP_50_400_0.1_0.8_6.C	27	8.400	19.560	0.072
BPP_50_400_0.1_0.8_6.C	27	8.400	19.560	0.074
BPP_50_400_0.1_0.8_6.C	27	8.400	19.560	0.073
BPP_50_400_0.1_0.8_6.C	27	8.400	19.560	0.075
BPP_50_400_0.1_0.8_6.C	26	9.000	19.200	0.073
BPP_50_400_0.1_0.8_6.C	26	8.800	19.120	0.071
BPP_50_400_0.1_0.8_6.C	26	8.800	19.120	0.071
BPP_50_400_0.1_0.8_6.C	27	8.400	19.560	0.071
BPP_50_400_0.1_0.8_6.C	26	9.000	19.200	0.072
BPP_50_400_0.1_0.8_7.C	25	1.600	15.640	0.068
BPP_50_400_0.1_0.8_7.C	25	1.600	15.640	0.067
BPP_50_400_0.1_0.8_7.C	25	1.600	15.640	0.070
BPP_50_400_0.1_0.8_7.C	25	1.600	15.640	0.068
BPP_50_400_0.1_0.8_7.C	25	1.600	15.640	0.068
BPP_50_400_0.1_0.8_7.C	25	1.600	15.640	0.069
BPP_50_400_0.1_0.8_7.C	25	1.600	15.640	0.069
BPP_50_400_0.1_0.8_7.C	25	1.600	15.640	0.069
BPP_50_400_0.1_0.8_7.C	25	1.600	15.640	0.068
BPP_50_400_0.1_0.8_7.C	25	1.600	15.640	0.069
BPP_50_400_0.1_0.8_8.C	29	7.600	20.440	0.079
BPP_50_400_0.1_0.8_8.C	30	6.200	20.480	0.098
BPP_50_400_0.1_0.8_8.C	30	7.000	20.800	0.080
BPP_50_400_0.1_0.8_8.C	30	7.800	21.120	0.081
BPP_50_400_0.1_0.8_8.C	30	6.400	20.560	0.081
BPP_50_400_0.1_0.8_8.C	30	6.400	20.560	0.080
BPP_50_400_0.1_0.8_8.C	30	6.400	20.560	0.104
BPP_50_400_0.1_0.8_8.C	30	6.200	20.480	0.080
BPP_50_400_0.1_0.8_8.C	30	6.200	20.480	0.081
BPP_50_400_0.1_0.8_8.C	30	6.400	20.560	0.083
BPP_50_400_0.1_0.8_9.C	26	7.400	18.560	0.072
BPP_50_400_0.1_0.8_9.C	25	8.400	18.360	0.069
BPP_50_400_0.1_0.8_9.C	26	7.800	18.720	0.069
BPP_50_400_0.1_0.8_9.C	26	7.400	18.560	0.071
BPP_50_400_0.1_0.8_9.C	26	7.800	18.720	0.071
BPP_50_400_0.1_0.8_9.C	26	7.600	18.640	0.072
BPP_50_400_0.1_0.8_9.C	26	7.600	18.640	0.071
BPP_50_400_0.1_0.8_9.C	26	7.400	18.560	0.069
BPP_50_400_0.1_0.8_9.C	26	7.400	18.560	0.071
BPP_50_400_0.1_0.8_9.C	26	7.800	18.720	0.069
BPP_50_500_0.1_0.8_0.C	26	4.200	17.280	0.068
BPP_50_500_0.1_0.8_0.C	27	2.800	17.320	0.068
BPP_50_500_0.1_0.8_0.C	26	3.600	17.040	0.068
BPP_50_500_0.1_0.8_0.C	27	2.600	17.240	0.067
BPP_50_500_0.1_0.8_0.C	26	2.800	16.720	0.068
BPP_50_500_0.1_0.8_0.C	26	4.400	17.360	0.069
BPP_50_500_0.1_0.8_0.C	26	4.000	17.200	0.068
BPP_50_500_0.1_0.8_0.C	26	4.200	17.280	0.067
BPP_50_500_0.1_0.8_0.C	26	3.200	16.880	0.068
BPP_50_500_0.1_0.8_0.C	27	2.800	17.320	0.068
BPP_50_500_0.1_0.8_1.C	26	0.600	15.840	0.070
BPP_50_500_0.1_0.8_1.C	26	1.400	16.160	0.070
BPP_50_500_0.1_0.8_1.C	26	1.000	16.000	0.069
BPP_50_500_0.1_0.8_1.C	26	0.600	15.840	0.068
BPP_50_500_0.1_0.8_1.C	26	1.000	16.000	0.069
BPP_50_500_0.1_0.8_1.C	26	0.600	15.840	0.068
BPP_50_500_0.1_0.8_1.C	25	1.400	15.560	0.071
BPP_50_500_0.1_0.8_1.C	25	0.800	15.320	0.077
BPP_50_500_0.1_0.8_1.C	25	1.000	15.400	0.068
BPP_50_500_0.1_0.8_1.C	26	0.600	15.840	0.069
BPP_50_500_0.1_0.8_2.C	27	1.400	16.760	0.072
BPP_50_500_0.1_0.8_2.C	27	1.400	16.760	0.071
BPP_50_500_0.1_0.8_2.C	27	1.200	16.680	0.070
BPP_50_500_0.1_0.8_2.C	27	1.400	16.760	0.070
BPP_50_500_0.1_0.8_2.C	27	1.400	16.760	0.073
BPP_50_500_0.1_0.8_2.C	27	1.400	16.760	0.071
BPP_50_500_0.1_0.8_2.C	27	1.400	16.760	0.069
BPP_50_500_0.1_0.8_2.C	27	1.400	16.760	0.071
BPP_50_500_0.1_0.8_2.C	27	1.400	16.760	0.071
BPP_50_500_0.1_0.8_2.C	27	1.400	16.760	0.072
BPP_50_500_0.1_0.8_3.C	23	5.200	15.880	0.066
BPP_50_500_0.1_0.8_3.C	23	5.000	15.800	0.068
BPP_50_500_0.1_0.8_3.C	23	5.200	15.880	0.067
BPP_50_500_0.1_0.8_3.C	24	4.200	16.080	0.066
BPP_50_500_0.1_0.8_3.C	24	4.000	16.000	0.064
BPP_50_500_0.1_0.8_3.C	23	5.400	15.960	0.064
BPP_50_500_0.1_0.8_3.C	23	5.800	16.120	0.064
BPP_50_500_0.1_0.8_3.C	23	5.400	15.960	0.066
BPP_50_500_0.1_0.8_3.C	23	5.000	15.800	0.066
BPP_50_500_0.1_0.8_3.C	23	4.600	15.640	0.065
BPP_50_500_0.1_0.8_4.C	23	2.000	14.600	0.063
BPP_50_500_0.1_0.8_4.C	23	2.000	14.600	0.062
BPP_50_500_0.1_0.8_4.C	22	3.200	14.480	0.061
BPP_50_500_0.1_0.8_4.C	23	2.000	14.600	0.063
BPP_50_500_0.1_0.8_4.C	23	2.000	14.600	0.062
BPP_50_500_0.1_0.8_4.C	23	2.000	14.600	0.062
BPP_50_500_0.1_0.8_4.C	23	2.000	14.600	0.062
BPP_50_500_0.1_0.8_4.C	23	2.000	14.600	0.062
BPP_50_500_0.1_0.8_4.C	23	2.000	14.600	0.062
BPP_50_500_0.1_0.8_4.C	22	3.200	14.480	0.062
BPP_50_500_0.1_0.8_5.C	27	4.200	17.880	0.070
BPP_50_500_0.1_0.8_5.C	27	3.400	17.560	0.071
BPP_50_500_0.1_0.8_5.C	27	3.200	17.480	0.070
BPP_50_500_0.1_0.8_5.C	27	3.400	17.560	0.070
BPP_50_500_0.1_0.8_5.C	27	4.000	17.800	0.070
BPP_50_500_0.1_0.8_5.C	28	3.000	18.000	0.075
BPP_50_500_0.1_0.8_5.C	27	3.400	17.560	0.070
BPP_50_500_0.1_0.8_5.C	26	5.800	17.920	0.073
BPP_50_500_0.1_0.8_5.C	28	3.000	18.000	0.076
BPP_50_500_0.1_0.8_5.C	27	4.200	17.880	0.071
BPP_50_500_0.1_0.8_6.C	23	1.200	14.280	0.062
BPP_50_500_0.1_0.8_6.C	23	1.200	14.280	0.061
BPP_50_500_0.1_0.8_6.C	23	1.200	14.280	0.062
BPP_50_500_0.1_0.8_6.C	23	1.200	14.280	0.062
BPP_50_500_0.1_0.8_6.C	23	1.200	14.280	0.062
BPP_50_500_0.1_0.8_6.C	23	1.200	14.280	0.064
BPP_50_500_0.1_0.8_6.C	23	1.200	14.280	0.062
BPP_50_500_0.1_0.8_6.C	23	1.200	14.280	0.062
BPP_50_500_0.1_0.8_6.C	23	1.200	14.280	0.062
BPP_50_500_0.1_0.8_6.C	23	1.200	14.280	0.063
BPP_50_500_0.1_0.8_7.C	28	1.800	17.520	0.072
BPP_50_500_0.1_0.8_7.C	28	2.400	17.760	0.071
BPP_50_500_0.1_0.8_7.C	28	1.800	17.520	0.073
BPP_50_500_0.1_0.8_7.C	27	3.800	17.720	0.070
BPP_50_500_0.1_0.8_7.C	27	3.600	17.640	0.072
BPP_50_500_0.1_0.8_7.C	27	4.000	17.800	0.071
BPP_50_500_0.1_0.8_7.C	28	2.200	17.680	0.071
BPP_50_500_0.1_0.8_7.C	27	3.000	17.400	0.070
BPP_50_500_0.1_0.8_7.C	27	4.000	17.800	0.073
BPP_50_500_0.1_0.8_7.C	27	3.200	17.480	0.071
BPP_50_500_0.1_0.8_8.C	27	3.200	17.480	0.073
BPP_50_500_0.1_0.8_8.C	28	2.000	17.600	0.073
BPP_50_500_0.1_0.8_8.C	27	1.800	16.920	0.073
BPP_50_500_0.1_0.8_8.C	27	2.800	17.320	0.071
BPP_50_500_0.1_0.8_8.C	28	1.800	17.520	0.071
BPP_50_500_0.1_0.8_8.C	27	3.200	17.480	0.073
BPP_50_500_0.1_0.8_8.C	28	1.800	17.520	0.071
BPP_50_500_0.1_0.8_8.C	28	2.000	17.600	0.073
BPP_50_500_0.1_0.8_8.C	27	2.000	17.000	0.072
BPP_50_500_0.1_0.8_8.C	28	2.000	17.600	0.074
BPP_50_500_0.1_0.8_9.C	26	0.800	15.920	0.069
BPP_50_500_0.1_0.8_9.C	26	2.000	16.400	0.069
BPP_50_500_0.1_0.8_9.C	26	1.000	16.000	0.069
BPP_50_500_0.1_0.8_9.C	26	2.200	16.480	0.068
BPP_50_500_0.1_0.8_9.C	26	2.200	16.480	0.069
BPP_50_500_0.1_0.8_9.C	26	1.600	16.240	0.070
BPP_50_500_0.1_0.8_9.C	26	2.000	16.400	0.071
BPP_50_500_0.1_0.8_9.C	26	1.400	16.160	0.068
BPP_50_500_0.1_0.8_9.C	26	2.200	16.480	0.068
BPP_50_500_0.1_0.8_9.C	26	0.800	15.920	0.069
BPP_50_50_0.1_0.8_0.C	25	2.800	16.120	0.070
BPP_50_50_0.1_0.8_0.C	26	3.400	16.960	0.070
BPP_50_50_0.1_0.8_0.C	25	4.800	16.920	0.071
BPP_50_50_0.1_0.8_0.C	26	3.400	16.960	0.072
BPP_50_50_0.1_0.8_0.C	25	3.600	16.440	0.072
BPP_50_50_0.1_0.8_0.C	25	3.000	16.200	0.074
BPP_50_50_0.1_0.8_0.C	26	3.200	16.880	0.070
BPP_50_50_0.1_0.8_0.C	25	4.200	16.680	0.073
BPP_50_50_0.1_0.8_0.C	25	4.400	16.760	0.073
BPP_50_50_0.1_0.8_0.C	25	4.600	16.840	0.071
BPP_50_50_0.1_0.8_1.C	29	1.200	17.880	0.077
BPP_50_50_0.1_0.8_1.C	29	1.600	18.040	0.077
BPP_50_50_0.1_0.8_1.C	29	1.600	18.040	0.079
BPP_50_50_0.1_0.8_1.C	29	1.400	17.960	0.077
BPP_50_50_0.1_0.8_1.C	29	2.000	18.200	0.077
BPP_50_50_0.1_0.8_1.C	29	1.200	17.880	0.077
BPP_50_50_0.1_0.8_1.C	29	1.200	17.880	0.080
BPP_50_50_0.1_0.8_1.C	29	1.200	17.880	0.077
BPP_50_50_0.1_0.8_1.C	29	1.400	17.960	0.079
BPP_50_50_0.1_0.8_1.C	29	1.000	17.800	0.080
BPP_50_50_0.1_0.8_2.C	27	3.400	17.560	0.072
BPP_50_50_0.1_0.8_2.C	27	2.800	17.320	0.072
BPP_50_50_0.1_0.8_2.C	27	3.000	17.400	0.074
BPP_50_50_0.1_0.8_2.C	27	2.600	17.240	0.072
BPP_50_50_0.1_0.8_2.C	27	3.200	17.480	0.072
BPP_50_50_0.1_0.8_2.C	27	3.000	17.400	0.073
BPP_50_50_0.1_0.8_2.C	27	3.200	17.480	0.072
BPP_50_50_0.1_0.8_2.C	27	2.800	17.320	0.071
BPP_50_50_0.1_0.8_2.C	27	2.600	17.240	0.071
BPP_50_50_0.1_0.8_2.C	27	3.000	17.400	0.072
BPP_50_50_0.1_0.8_3.C	22	1.600	13.840	0.062
BPP_50_50_0.1_0.8_3.C	22	1.600	13.840	0.063
BPP_50_50_0.1_0.8_3.C	22	1.600	13.840	0.064
BPP_50_50_0.1_0.8_3.C	22	1.600	13.840	0.062
BPP_50_50_0.1_0.8_3.C	22	1.600	13.840	0.063
BPP_50_50_0.1_0.8_3.C	22	1.600	13.840	0.062
BPP_50_50_0.1_0.8_3.C	22	1.600	13.840	0.061
BPP_50_50_0.1_0.8_3.C	22	1.600	13.840	0.062
BPP_50_50_0.1_0.8_3.C	22	1.600	13.840	0.063
BPP_50_50_0.1_0.8_3.C	22	1.600	13.840	0.061
BPP_50_50_0.1_0.8_4.C	26	4.000	17.200	0.068
BPP_50_50_0.1_0.8_4.C	26	4.400	17.360	0.068
BPP_50_50_0.1_0.8_4.C	26	4.000	17.200	0.069
BPP_50_50_0.1_0.8_4.C	26	4.600	17.440	0.069
BPP_50_50_0.1_0.8_4.C	26	4.200	17.280	0.069
BPP_50_50_0.1_0.8_4.C	26	4.200	17.280	0.069
BPP_50_50_0.1_0.8_4.C	26	4.200	17.280	0.067
BPP_50_50_0.1_0.8_4.C	26	4.000	17.200	0.069
BPP_50_50_0.1_0.8_4.C	26	4.000	17.200	0.070
BPP_50_50_0.1_0.8_4.C	26	4.000	17.200	0.069
BPP_50_50_0.1_0.8_5.C	26	2.800	16.720	0.074
BPP_50_50_0.1_0.8_5.C	25	4.200	16.680	0.074
BPP_50_50_0.1_0.8_5.C	25	4.000	16.600	0.074
BPP_50_50_0.1_0.8_5.C	26	2.800	16.720	0.076
BPP_50_50_0.1_0.8_5.C	25	4.200	16.680	0.075
BPP_50_50_0.1_0.8_5.C	26	2.800	16.720	0.078
BPP_50_50_0.1_0.8_5.C	26	2.800	16.720	0.073
BPP_50_50_0.1_0.8_5.C	26	2.800	16.720	0.073
BPP_50_50_0.1_0.8_5.C	26	2.800	16.720	0.073
BPP_50_50_0.1_0.8_5.C	26	2.800	16.720	0.074
BPP_50_50_0.1_0.8_6.C	25	4.600	16.840	0.070
BPP_50_50_0.1_0.8_6.C	25	4.000	16.600	0.066
BPP_50_50_0.1_0.8_6.C	25	4.200	16.680	0.067
BPP_50_50_0.1_0.8_6.C	25	4.400	16.760	0.067
BPP_50_50_0.1_0.8_6.C	25	4.200	16.680	0.070
BPP_50_50_0.1_0.8_6.C	25	4.200	16.680	0.068
BPP_50_50_0.1_0.8_6.C	25	5.000	17.000	0.070
BPP_50_50_0.1_0.8_6.C	25	4.400	16.760	0.069
BPP_50_50_0.1_0.8_6.C	24	4.800	16.320	0.067
BPP_50_50_0.1_0.8_6.C	25	4.200	16.680	0.067
BPP_50_50_0.1_0.8_7.C	26	6.600	18.240	0.071
BPP_50_50_0.1_0.8_7.C	26	6.400	18.160	0.069
BPP_50_50_0.1_0.8_7.C	26	6.200	18.080	0.068
BPP_50_50_0.1_0.8_7.C	26	5.800	17.920	0.069
BPP_50_50_0.1_0.8_7.C	26	6.400	18.160	0.069
BPP_50_50_0.1_0.8_7.C	26	5.000	17.600	0.071
BPP_50_50_0.1_0.8_7.C	26	4.800	17.520	0.070
BPP_50_50_0.1_0.8_7.C	26	6.200	18.080	0.069
BPP_50_50_0.1_0.8_7.C	26	5.400	17.760	0.070
BPP_50_50_0.1_0.8_7.C	26	6.600	18.240	0.070
BPP_50_50_0.1_0.8_8.C	25	4.000	16.600	0.066
BPP_50_50_0.1_0.8_8.C	25	4.400	16.760	0.067
BPP_50_50_0.1_0.8_8.C	25	4.400	16.760	0.066
BPP_50_50_0.1_0.8_8.C	25	4.400	16.760	0.067
BPP_50_50_0.1_0.8_8.C	24	5.800	16.720	0.067
BPP_50_50_0.1_0.8_8.C	25	4.400	16.760	0.066
BPP_50_50_0.1_0.8_8.C	25	4.400	16.760	0.065
BPP_50_50_0.1_0.8_8.C	25	4.400	16.760	0.066
BPP_50_50_0.1_0.8_8.C	25	4.400	16.760	0.064
BPP_50_50_0.1_0.8_8.C	24	5.800	16.720	0.065
BPP_50_50_0.1_0.8_9.C	26	5.600	17.840	0.070
BPP_50_50_0.1_0.8_9.C	26	5.400	17.760	0.071
BPP_50_50_0.1_0.8_9.C	26	5.000	17.600	0.070
BPP_50_50_0.1_0.8_9.C	26	5.000	17.600	0.069
BPP_50_50_0.1_0.8_9.C	26	5.000	17.600	0.069
BPP_50_50_0.1_0.8_9.C	26	5.000	17.600	0.069
BPP_50_50_0.1_0.8_9.C	26	5.000	17.600	0.069
BPP_50_50_0.1_0.8_9.C	25	4.400	16.760	0.070
BPP_50_50_0.1_0.8_9.C	26	6.200	18.080	0.069
BPP_50_50_0.1_0.8_9.C	25	5.400	17.160	0.070
BPP_50_750_0.1_0.8_0.C	31	5.000	20.600	0.080
BPP_50_750_0.1_0.8_0.C	31	5.000	20.600	0.079
BPP_50_750_0.1_0.8_0.C	31	5.200	20.680	0.078
BPP_50_750_0.1_0.8_0.C	31	5.200	20.680	0.079
BPP_50_750_0.1_0.8_0.C	31	5.400	20.760	0.079
BPP_50_750_0.1_0.8_0.C	31	5.200	20.680	0.079
BPP_50_750_0.1_0.8_0.C	31	5.200	20.680	0.080
BPP_50_750_0.1_0.8_0.C	31	5.000	20.600	0.082
BPP_50_750_0.1_0.8_0.C	31	4.800	20.520	0.080
BPP_50_750_0.1_0.8_0.C	31	5.200	20.680	0.078
BPP_50_750_0.1_0.8_1.C	24	6.400	16.960	0.065
BPP_50_750_0.1_0.8_1.C	24	6.200	16.880	0.067
BPP_50_750_0.1_0.8_1.C	24	6.200	16.880	0.065
BPP_50_750_0.1_0.8_1.C	24	6.000	16.800	0.065
BPP_50_750_0.1_0.8_1.C	24	6.200	16.880	0.064
BPP_50_750_0.1_0.8_1.C	24	6.200	16.880	0.068
BPP_50_750_0.1_0.8_1.C	24	6.600	17.040	0.065
BPP_50_750_0.1_0.8_1.C	24	6.200	16.880	0.064
BPP_50_750_0.1_0.8_1.C	24	6.600	17.040	0.066
BPP_50_750_0.1_0.8_1.C	24	6.400	16.960	0.068
BPP_50_750_0.1_0.8_2.C	27	-0.000	16.200	0.072
BPP_50_750_0.1_0.8_2.C	27	-0.000	16.200	0.072
BPP_50_750_0.1_0.8_2.C	27	-0.000	16.200	0.070
BPP_50_750_0.1_0.8_2.C	27	-0.000	16.200	0.072
BPP_50_750_0.1_0.8_2.C	27	-0.000	16.200	0.076
BPP_50_750_0.1_0.8_2.C	27	-0.000	16.200	0.072
BPP_50_750_0.1_0.8_2.C	27	-0.000	16.200	0.072
BPP_50_750_0.1_0.8_2.C	27	-0.000	16.200	0.072
BPP_50_750_0.1_0.8_2.C	27	-0.000	16.200	0.071
BPP_50_750_0.1_0.8_2.C	27	-0.000	16.200	0.071
BPP_50_750_0.1_0.8_3.C	26	0.000	15.600	0.069
BPP_50_750_0.1_0.8_3.C	26	0.000	15.600	0.072
BPP_50_750_0.1_0.8_3.C	26	0.000	15.600	0.069
BPP_50_750_0.1_0.8_3.C	26	0.000	15.600	0.070
BPP_50_750_0.1_0.8_3.C	26	0.000	15.600	0.069
BPP_50_750_0.1_0.8_3.C	26	0.000	15.600	0.070
BPP_50_750_0.1_0.8_3.C	26	0.000	15.600	0.069
BPP_50_750_0.1_0.8_3.C	26	0.000	15.600	0.070
BPP_50_750_0.1_0.8_3.C	26	0.000	15.600	0.069
BPP_50_750_0.1_0.8_3.C	26	0.000	15.600	0.069
BPP_50_750_0.1_0.8_4.C	26	0.200	15.680	0.066
BPP_50_750_0.1_0.8_4.C	25	1.800	15.720	0.069
BPP_50_750_0.1_0.8_4.C	25	0.800	15.320	0.068
BPP_50_750_0.1_0.8_4.C	25	0.200	15.080	0.067
BPP_50_750_0.1_0.8_4.C	25	1.600	15.640	0.067
BPP_50_750_0.1_0.8_4.C	25	1.200	15.480	0.066
BPP_50_750_0.1_0.8_4.C	25	0.200	15.080	0.068
BPP_50_750_0.1_0.8_4.C	25	1.600	15.640	0.067
BPP_50_750_0.1_0.8_4.C	25	0.000	15.000	0.066
BPP_50_750_0.1_0.8_4.C	25	0.600	15.240	0.069
BPP_50_750_0.1_0.8_5.C	27	1.000	16.600	0.072
BPP_50_750_0.1_0.8_5.C	27	0.200	16.280	0.071
BPP_50_750_0.1_0.8_5.C	27	-0.000	16.200	0.072
BPP_50_750_0.1_0.8_5.C	26	1.600	16.240	0.074
BPP_50_750_0.1_0.8_5.C	26	1.800	16.320	0.072
BPP_50_750_0.1_0.8_5.C	27	-0.000	16.200	0.073
BPP_50_750_0.1_0.8_5.C	27	-0.000	16.200	0.072
BPP_50_750_0.1_0.8_5.C	27	0.200	16.280	0.073
BPP_50_750_0.1_0.8_5.C	26	1.400	16.160	0.075
BPP_50_750_0.1_0.8_5.C	27	0.200	16.280	0.072
BPP_50_750_0.1_0.8_6.C	26	1.000	16.000	0.069
BPP_50_750_0.1_0.8_6.C	26	1.400	16.160	0.070
BPP_50_750_0.1_0.8_6.C	26	0.000	15.600	0.070
BPP_50_750_0.1_0.8_6.C	26	1.000	16.000	0.070
BPP_50_750_0.1_0.8_6.C	26	0.200	15.680	0.070
BPP_50_750_0.1_0.8_6.C	27	-0.000	16.200	0.070
BPP_50_750_0.1_0.8_6.C	26	0.800	15.920	0.070
BPP_50_750_0.1_0.8_6.C	26	0.600	15.840	0.070
BPP_50_750_0.1_0.8_6.C	26	0.600	15.840	0.070
BPP_50_750_0.1_0.8_6.C	27	-0.000	16.200	0.070
BPP_50_750_0.1_0.8_7.C	28	2.800	17.920	0.073
BPP_50_750_0.1_0.8_7.C	28	2.800	17.920	0.072
BPP_50_750_0.1_0.8_7.C	28	2.800	17.920	0.073
BPP_50_750_0.1_0.8_7.C	28	3.000	18.000	0.072
BPP_50_750_0.1_0.8_7.C	28	2.800	17.920	0.074
BPP_50_750_0.1_0.8_7.C	28	3.000	18.000	0.080
BPP_50_750_0.1_0.8_7.C	28	2.800	17.920	0.074
BPP_50_750_0.1_0.8_7.C	28	2.800	17.920	0.076
BPP_50_750_0.1_0.8_7.C	28	2.800	17.920	0.073
BPP_50_750_0.1_0.8_7.C	28	3.000	18.000	0.072
BPP_50_750_0.1_0.8_8.C	26	0.600	15.840	0.066
BPP_50_750_0.1_0.8_8.C	26	1.000	16.000	0.066
BPP_50_750_0.1_0.8_8.C	25	1.200	15.480	0.067
BPP_50_750_0.1_0.8_8.C	26	1.000	16.000	0.066
BPP_50_750_0.1_0.8_8.C	26	1.000	16.000	0.066
BPP_50_750_0.1_0.8_8.C	26	0.600	15.840	0.066
BPP_50_750_0.1_0.8_8.C	25	2.200	15.880	0.065
BPP_50_750_0.1_0.8_8.C	26	1.400	16.160	0.067
BPP_50_750_0.1_0.8_8.C	25	1.800	15.720	0.067
BPP_50_750_0.1_0.8_8.C	26	1.000	16.000	0.066
BPP_50_750_0.1_0.8_9.C	22	0.200	13.280	0.060
BPP_50_750_0.1_0.8_9.C	22	0.200	13.280	0.058
BPP_50_750_0.1_0.8_9.C	22	0.200	13.280	0.059
BPP_50_750_0.1_0.8_9.C	22	0.200	13.280	0.059
BPP_50_750_0.1_0.8_9.C	22	0.200	13.280	0.061
BPP_50_750_0.1_0.8_9.C	22	0.200	13.280	0.059
BPP_50_750_0.1_0.8_9.C	22	0.200	13.280	0.060
BPP_50_750_0.1_0.8_9.C	22	0.200	13.280	0.060
BPP_50_750_0.1_0.8_9.C	22	0.200	13.280	0.059
BPP_50_750_0.1_0.8_9.C	22	0.200	13.280	0.060
BPP_50_75_0.1_0.8_0.C	27	1.600	16.840	0.072
BPP_50_75_0.1_0.8_0.C	28	0.400	16.960	0.074
BPP_50_75_0.1_0.8_0.C	27	1.000	16.600	0.074
BPP_50_75_0.1_0.8_0.C	27	1.600	16.840	0.072
BPP_50_75_0.1_0.8_0.C	28	0.400	16.960	0.072
BPP_50_75_0.1_0.8_0.C	28	0.400	16.960	0.074
BPP_50_75_0.1_0.8_0.C	27	1.400	16.760	0.072
BPP_50_75_0.1_0.8_0.C	27	1.000	16.600	0.072
BPP_50_75_0.1_0.8_0.C	28	0.400	16.960	0.073
BPP_50_75_0.1_0.8_0.C	27	1.000	16.600	0.073
BPP_50_75_0.1_0.8_1.C	30	2.600	19.040	0.077
BPP_50_75_0.1_0.8_1.C	29	4.000	19.000	0.076
BPP_50_75_0.1_0.8_1.C	30	2.000	18.800	0.076
BPP_50_75_0.1_0.8_1.C	29	3.200	18.680	0.076
BPP_50_75_0.1_0.8_1.C	29	2.600	18.440	0.077
BPP_50_75_0.1_0.8_1.C	30	2.400	18.960	0.077
BPP_50_75_0.1_0.8_1.C	30	2.200	18.880	0.077
BPP_50_75_0.1_0.8_1.C	30	2.800	19.120	0.075
BPP_50_75_0.1_0.8_1.C	29	4.000	19.000	0.076
BPP_50_75_0.1_0.8_1.C	30	2.800	19.120	0.076
BPP_50_75_0.1_0.8_2.C	24	3.000	15.600	0.062
BPP_50_75_0.1_0.8_2.C	24	3.000	15.600	0.063
BPP_50_75_0.1_0.8_2.C	23	3.200	15.080	0.062
BPP_50_75_0.1_0.8_2.C	24	3.000	15.600	0.064
BPP_50_75_0.1_0.8_2.C	24	3.200	15.680	0.063
BPP_50_75_0.1_0.8_2.C	24	3.400	15.760	0.065
BPP_50_75_0.1_0.8_2.C	23	4.400	15.560	0.064
BPP_50_75_0.1_0.8_2.C	23	3.200	15.080	0.062
BPP_50_75_0.1_0.8_2.C	23	3.200	15.080	0.063
BPP_50_75_0.1_0.8_2.C	24	2.800	15.520	0.064
BPP_50_75_0.1_0.8_3.C	24	6.600	17.040	0.064
BPP_50_75_0.1_0.8_3.C	23	7.200	16.680	0.063
BPP_50_75_0.1_0.8_3.C	23	6.800	16.520	0.065
BPP_50_75_0.1_0.8_3.C	24	6.600	17.040	0.065
BPP_50_75_0.1_0.8_3.C	23	7.200	16.680	0.063
BPP_50_75_0.1_0.8_3.C	24	6.400	16.960	0.063
BPP_50_75_0.1_0.8_3.C	24	6.600	17.040	0.064
BPP_50_75_0.1_0.8_3.C	24	6.800	17.120	0.063
BPP_50_75_0.1_0.8_3.C	24	6.600	17.040	0.062
BPP_50_75_0.1_0.8_3.C	24	6.600	17.040	0.063
BPP_50_75_0.1_0.8_4.C	30	5.600	20.240	0.074
BPP_50_75_0.1_0.8_4.C	29	6.400	19.960	0.073
BPP_50_75_0.1_0.8_4.C	29	6.600	20.040	0.073
BPP_50_75_0.1_0.8_4.C	29	6.000	19.800	0.073
BPP_50_75_0.1_0.8_4.C	30	5.600	20.240	0.074
BPP_50_75_0.1_0.8_4.C	29	6.000	19.800	0.076
BPP_50_75_0.1_0.8_4.C	29	6.800	20.120	0.073
BPP_50_75_0.1_0.8_4.C	29	6.800	20.120	0.072
BPP_50_75_0.1_0.8_4.C	29	5.800	19.720	0.072
BPP_50_75_0.1_0.8_4.C	29	6.000	19.800	0.074
BPP_50_75_0.1_0.8_5.C	27	3.200	17.480	0.073
BPP_50_75_0.1_0.8_5.C	27	2.800	17.320	0.073
BPP_50_75_0.1_0.8_5.C	28	1.600	17.440	0.073
BPP_50_75_0.1_0.8_5.C	28	1.800	17.520	0.073
BPP_50_75_0.1_0.8_5.C	28	1.800	17.520	0.072
BPP_50_75_0.1_0.8_5.C	28	1.800	17.520	0.073
BPP_50_75_0.1_0.8_5.C	27	2.600	17.240	0.073
BPP_50_75_0.1_0.8_5.C	27	3.000	17.400	0.073
BPP_50_75_0.1_0.8_5.C	27	2.000	17.000	0.073
BPP_50_75_0.1_0.8_5.C	27	1.800	16.920	0.072
BPP_50_75_0.1_0.8_6.C	23	2.400	14.760	0.063
BPP_50_75_0.1_0.8_6.C	22	2.000	14.000	0.063
BPP_50_75_0.1_0.8_6.C	23	2.000	14.600	0.065
BPP_50_75_0.1_0.8_6.C	23	1.800	14.520	0.070
BPP_50_75_0.1_0.8_6.C	22	1.800	13.920	0.066
BPP_50_75_0.1_0.8_6.C	23	2.200	14.680	0.063
BPP_50_75_0.1_0.8_6.C	23	2.400	14.760	0.062
BPP_50_75_0.1_0.8_6.C	23	2.200	14.680	0.063
BPP_50_75_0.1_0.8_6.C	23	1.800	14.520	0.063
BPP_50_75_0.1_0.8_6.C	23	2.400	14.760	0.063
BPP_50_75_0.1_0.8_7.C	24	1.600	15.040	0.066
BPP_50_75_0.1_0.8_7.C	23	2.200	14.680	0.063
BPP_50_75_0.1_0.8_7.C	24	1.600	15.040	0.063
BPP_50_75_0.1_0.8_7.C	24	1.600	15.040	0.063
BPP_50_75_0.1_0.8_7.C	24	1.600	15.040	0.063
BPP_50_75_0.1_0.8_7.C	24	1.600	15.040	0.063
BPP_50_75_0.1_0.8_7.C	24	1.600	15.040	0.064
BPP_50_75_0.1_0.8_7.C	24	1.600	15.040	0.064
BPP_50_75_0.1_0.8_7.C	23	2.400	14.760	0.064
BPP_50_75_0.1_0.8_7.C	23	2.600	14.840	0.065
BPP_50_75_0.1_0.8_8.C	21	1.400	13.160	0.059
BPP_50_75_0.1_0.8_8.C	21	1.200	13.080	0.059
BPP_50_75_0.1_0.8_8.C	22	0.600	13.440	0.057
BPP_50_75_0.1_0.8_8.C	22	0.600	13.440	0.058
BPP_50_75_0.1_0.8_8.C	22	0.600	13.440	0.057
BPP_50_75_0.1_0.8_8.C	22	0.600	13.440	0.057
BPP_50_75_0.1_0.8_8.C	21	1.200	13.080	0.058
BPP_50_75_0.1_0.8_8.C	22	0.600	13.440	0.058
BPP_50_75_0.1_0.8_8.C	21	1.200	13.080	0.059
BPP_50_75_0.1_0.8_8.C	21	1.800	13.320	0.057
BPP_50_75_0.1_0.8_9.C	28	1.200	17.280	0.075
BPP_50_75_0.1_0.8_9.C	28	1.800	17.520	0.075
BPP_50_75_0.1_0.8_9.C	28	2.600	17.840	0.075
BPP_50_75_0.1_0.8_9.C	28	1.200	17.280	0.074
BPP_50_75_0.1_0.8_9.C	28	1.200	17.280	0.075
BPP_50_75_0.1_0.8_9.C	28	1.200	17.280	0.077
BPP_50_75_0.1_0.8_9.C	28	1.400	17.360	0.074
BPP_50_75_0.1_0.8_9.C	28	3.000	18.000	0.074
BPP_50_75_0.1_0.8_9.C	28	1.800	17.520	0.077
BPP_50_75_0.1_0.8_9.C	28	2.000	17.600	0.076
