***************************************** BIN PACKING SOLUTION *****************************************
Parameters: alpha_1=0.6 alpha_2=0.4 t=0.2 s=1
-------------------------------------------------------------------------------------------------------------------------------------------------
INSTANCE 	 # OF BINS 	 SCHEDULING OBJECTIVE 	 BEST OBJECTIVE 	 RUNNING TIME
-------------------------------------------------------------------------------------------------------------------------------------------------
BPP_new_20_1000_1.C	13	4.000	9.400	0.051
BPP_new_20_1000_1.C	13	4.000	9.400	0.051
BPP_new_20_1000_1.C	13	4.000	9.400	0.052
BPP_new_20_1000_1.C	13	4.000	9.400	0.052
BPP_new_20_1000_1.C	13	4.000	9.400	0.050
BPP_new_20_1000_1.C	13	4.000	9.400	0.051
BPP_new_20_1000_1.C	13	4.000	9.400	0.051
BPP_new_20_1000_1.C	13	4.000	9.400	0.051
BPP_new_20_1000_1.C	13	4.000	9.400	0.052
BPP_new_20_1000_1.C	13	4.000	9.400	0.050
BPP_new_20_1000_10.C	9	1.000	5.800	0.036
BPP_new_20_1000_10.C	9	1.000	5.800	0.034
BPP_new_20_1000_10.C	9	1.000	5.800	0.034
BPP_new_20_1000_10.C	9	1.000	5.800	0.035
BPP_new_20_1000_10.C	9	1.000	5.800	0.035
BPP_new_20_1000_10.C	9	1.000	5.800	0.034
BPP_new_20_1000_10.C	9	1.000	5.800	0.034
BPP_new_20_1000_10.C	9	1.000	5.800	0.034
BPP_new_20_1000_10.C	9	1.000	5.800	0.034
BPP_new_20_1000_10.C	9	1.000	5.800	0.034
BPP_new_20_1000_2.C	10	3.000	7.200	0.086
BPP_new_20_1000_2.C	10	3.000	7.200	0.087
BPP_new_20_1000_2.C	10	3.000	7.200	0.086
BPP_new_20_1000_2.C	10	3.000	7.200	0.085
BPP_new_20_1000_2.C	10	3.000	7.200	0.089
BPP_new_20_1000_2.C	10	3.000	7.200	0.096
BPP_new_20_1000_2.C	10	3.000	7.200	0.089
BPP_new_20_1000_2.C	10	3.000	7.200	0.088
BPP_new_20_1000_2.C	10	3.000	7.200	0.092
BPP_new_20_1000_2.C	10	3.000	7.200	0.087
BPP_new_20_1000_3.C	13	5.000	9.800	0.108
BPP_new_20_1000_3.C	13	5.000	9.800	0.107
BPP_new_20_1000_3.C	13	5.000	9.800	0.106
BPP_new_20_1000_3.C	13	5.000	9.800	0.059
BPP_new_20_1000_3.C	13	5.000	9.800	0.049
BPP_new_20_1000_3.C	13	5.000	9.800	0.048
BPP_new_20_1000_3.C	13	5.000	9.800	0.049
BPP_new_20_1000_3.C	13	5.000	9.800	0.049
BPP_new_20_1000_3.C	13	5.000	9.800	0.049
BPP_new_20_1000_3.C	13	5.000	9.800	0.048
BPP_new_20_1000_4.C	8	2.400	5.760	0.035
BPP_new_20_1000_4.C	8	2.400	5.760	0.035
BPP_new_20_1000_4.C	8	2.400	5.760	0.035
BPP_new_20_1000_4.C	8	2.400	5.760	0.036
BPP_new_20_1000_4.C	8	2.400	5.760	0.037
BPP_new_20_1000_4.C	8	2.400	5.760	0.035
BPP_new_20_1000_4.C	8	2.400	5.760	0.036
BPP_new_20_1000_4.C	8	2.400	5.760	0.036
BPP_new_20_1000_4.C	8	2.400	5.760	0.036
BPP_new_20_1000_4.C	8	2.400	5.760	0.036
BPP_new_20_1000_5.C	10	1.400	6.560	0.040
BPP_new_20_1000_5.C	10	1.400	6.560	0.042
BPP_new_20_1000_5.C	10	1.400	6.560	0.041
BPP_new_20_1000_5.C	10	1.400	6.560	0.040
BPP_new_20_1000_5.C	10	1.400	6.560	0.040
BPP_new_20_1000_5.C	10	1.400	6.560	0.040
BPP_new_20_1000_5.C	10	1.400	6.560	0.041
BPP_new_20_1000_5.C	10	1.400	6.560	0.041
BPP_new_20_1000_5.C	10	1.400	6.560	0.041
BPP_new_20_1000_5.C	10	1.400	6.560	0.040
BPP_new_20_1000_6.C	10	1.400	6.560	0.041
BPP_new_20_1000_6.C	10	1.400	6.560	0.042
BPP_new_20_1000_6.C	10	1.400	6.560	0.042
BPP_new_20_1000_6.C	10	1.400	6.560	0.041
BPP_new_20_1000_6.C	10	1.400	6.560	0.043
BPP_new_20_1000_6.C	10	1.400	6.560	0.043
BPP_new_20_1000_6.C	10	1.400	6.560	0.042
BPP_new_20_1000_6.C	10	1.400	6.560	0.042
BPP_new_20_1000_6.C	10	1.400	6.560	0.041
BPP_new_20_1000_6.C	10	1.400	6.560	0.041
BPP_new_20_1000_7.C	10	1.000	6.400	0.038
BPP_new_20_1000_7.C	10	1.000	6.400	0.039
BPP_new_20_1000_7.C	10	1.000	6.400	0.038
BPP_new_20_1000_7.C	10	1.000	6.400	0.038
BPP_new_20_1000_7.C	10	1.000	6.400	0.039
BPP_new_20_1000_7.C	10	1.000	6.400	0.038
BPP_new_20_1000_7.C	10	1.000	6.400	0.038
BPP_new_20_1000_7.C	10	1.000	6.400	0.038
BPP_new_20_1000_7.C	10	1.000	6.400	0.038
BPP_new_20_1000_7.C	10	1.000	6.400	0.038
BPP_new_20_1000_8.C	9	3.000	6.600	0.038
BPP_new_20_1000_8.C	9	3.000	6.600	0.037
BPP_new_20_1000_8.C	9	3.000	6.600	0.037
BPP_new_20_1000_8.C	9	3.000	6.600	0.036
BPP_new_20_1000_8.C	9	3.000	6.600	0.036
BPP_new_20_1000_8.C	9	3.000	6.600	0.037
BPP_new_20_1000_8.C	9	3.000	6.600	0.036
BPP_new_20_1000_8.C	9	3.000	6.600	0.036
BPP_new_20_1000_8.C	9	3.000	6.600	0.036
BPP_new_20_1000_8.C	9	3.000	6.600	0.036
BPP_new_20_1000_9.C	13	3.000	9.000	0.048
BPP_new_20_1000_9.C	13	3.000	9.000	0.049
BPP_new_20_1000_9.C	13	3.000	9.000	0.049
BPP_new_20_1000_9.C	13	3.000	9.000	0.048
BPP_new_20_1000_9.C	13	3.000	9.000	0.048
BPP_new_20_1000_9.C	13	3.000	9.000	0.049
BPP_new_20_1000_9.C	13	3.000	9.000	0.048
BPP_new_20_1000_9.C	13	3.000	9.000	0.048
BPP_new_20_1000_9.C	13	3.000	9.000	0.047
BPP_new_20_1000_9.C	13	3.000	9.000	0.048
BPP_new_20_100_1.C	11	3.600	8.040	0.004
BPP_new_20_100_1.C	11	3.600	8.040	0.004
BPP_new_20_100_1.C	11	3.600	8.040	0.004
BPP_new_20_100_1.C	11	3.600	8.040	0.004
BPP_new_20_100_1.C	11	3.600	8.040	0.004
BPP_new_20_100_1.C	11	3.600	8.040	0.004
BPP_new_20_100_1.C	11	3.600	8.040	0.004
BPP_new_20_100_1.C	11	3.600	8.040	0.004
BPP_new_20_100_1.C	11	3.600	8.040	0.004
BPP_new_20_100_1.C	11	3.600	8.040	0.004
BPP_new_20_100_10.C	9	2.400	6.360	0.003
BPP_new_20_100_10.C	9	2.400	6.360	0.003
BPP_new_20_100_10.C	9	2.400	6.360	0.003
BPP_new_20_100_10.C	9	2.400	6.360	0.003
BPP_new_20_100_10.C	9	2.400	6.360	0.003
BPP_new_20_100_10.C	9	2.400	6.360	0.003
BPP_new_20_100_10.C	9	2.400	6.360	0.003
BPP_new_20_100_10.C	9	2.400	6.360	0.003
BPP_new_20_100_10.C	9	2.400	6.360	0.003
BPP_new_20_100_10.C	9	2.400	6.360	0.003
BPP_new_20_100_2.C	13	3.000	9.000	0.004
BPP_new_20_100_2.C	13	3.000	9.000	0.004
BPP_new_20_100_2.C	13	3.000	9.000	0.004
BPP_new_20_100_2.C	13	3.000	9.000	0.004
BPP_new_20_100_2.C	13	3.000	9.000	0.004
BPP_new_20_100_2.C	13	3.000	9.000	0.004
BPP_new_20_100_2.C	13	3.000	9.000	0.004
BPP_new_20_100_2.C	13	3.000	9.000	0.004
BPP_new_20_100_2.C	13	3.000	9.000	0.004
BPP_new_20_100_2.C	13	3.000	9.000	0.004
BPP_new_20_100_3.C	8	0.200	4.880	0.003
BPP_new_20_100_3.C	8	0.200	4.880	0.003
BPP_new_20_100_3.C	8	0.200	4.880	0.003
BPP_new_20_100_3.C	8	0.200	4.880	0.003
BPP_new_20_100_3.C	8	0.200	4.880	0.003
BPP_new_20_100_3.C	8	0.200	4.880	0.003
BPP_new_20_100_3.C	8	0.200	4.880	0.003
BPP_new_20_100_3.C	8	0.200	4.880	0.003
BPP_new_20_100_3.C	8	0.200	4.880	0.003
BPP_new_20_100_3.C	8	0.200	4.880	0.003
BPP_new_20_100_4.C	10	2.200	6.880	0.004
BPP_new_20_100_4.C	10	2.200	6.880	0.004
BPP_new_20_100_4.C	10	2.200	6.880	0.004
BPP_new_20_100_4.C	10	2.200	6.880	0.004
BPP_new_20_100_4.C	10	2.200	6.880	0.004
BPP_new_20_100_4.C	10	2.200	6.880	0.004
BPP_new_20_100_4.C	10	2.200	6.880	0.003
BPP_new_20_100_4.C	10	2.200	6.880	0.004
BPP_new_20_100_4.C	10	2.200	6.880	0.003
BPP_new_20_100_4.C	10	2.200	6.880	0.004
BPP_new_20_100_5.C	11	2.400	7.560	0.004
BPP_new_20_100_5.C	11	2.400	7.560	0.004
BPP_new_20_100_5.C	11	2.400	7.560	0.004
BPP_new_20_100_5.C	11	2.400	7.560	0.004
BPP_new_20_100_5.C	11	2.400	7.560	0.004
BPP_new_20_100_5.C	11	2.400	7.560	0.004
BPP_new_20_100_5.C	11	2.400	7.560	0.004
BPP_new_20_100_5.C	11	2.400	7.560	0.004
BPP_new_20_100_5.C	11	2.400	7.560	0.004
BPP_new_20_100_5.C	11	2.400	7.560	0.004
BPP_new_20_100_6.C	8	1.600	5.440	0.003
BPP_new_20_100_6.C	8	1.600	5.440	0.003
BPP_new_20_100_6.C	8	1.600	5.440	0.003
BPP_new_20_100_6.C	8	1.600	5.440	0.003
BPP_new_20_100_6.C	8	1.600	5.440	0.003
BPP_new_20_100_6.C	8	1.600	5.440	0.003
BPP_new_20_100_6.C	8	1.600	5.440	0.003
BPP_new_20_100_6.C	8	1.600	5.440	0.003
BPP_new_20_100_6.C	8	1.600	5.440	0.003
BPP_new_20_100_6.C	8	1.600	5.440	0.003
BPP_new_20_100_7.C	8	0.800	5.120	0.003
BPP_new_20_100_7.C	8	0.800	5.120	0.003
BPP_new_20_100_7.C	8	0.800	5.120	0.003
BPP_new_20_100_7.C	8	0.800	5.120	0.003
BPP_new_20_100_7.C	8	0.800	5.120	0.003
BPP_new_20_100_7.C	8	0.800	5.120	0.003
BPP_new_20_100_7.C	8	0.800	5.120	0.003
BPP_new_20_100_7.C	8	0.800	5.120	0.003
BPP_new_20_100_7.C	8	0.800	5.120	0.003
BPP_new_20_100_7.C	8	0.800	5.120	0.003
BPP_new_20_100_8.C	11	3.200	7.880	0.004
BPP_new_20_100_8.C	11	3.200	7.880	0.004
BPP_new_20_100_8.C	11	3.200	7.880	0.004
BPP_new_20_100_8.C	11	3.200	7.880	0.004
BPP_new_20_100_8.C	11	3.200	7.880	0.004
BPP_new_20_100_8.C	11	3.200	7.880	0.004
BPP_new_20_100_8.C	11	3.200	7.880	0.004
BPP_new_20_100_8.C	11	3.200	7.880	0.004
BPP_new_20_100_8.C	11	3.200	7.880	0.003
BPP_new_20_100_8.C	11	3.200	7.880	0.004
BPP_new_20_100_9.C	14	3.000	9.600	0.005
BPP_new_20_100_9.C	14	3.000	9.600	0.004
BPP_new_20_100_9.C	14	3.000	9.600	0.004
BPP_new_20_100_9.C	14	3.000	9.600	0.004
BPP_new_20_100_9.C	14	3.000	9.600	0.005
BPP_new_20_100_9.C	14	3.000	9.600	0.004
BPP_new_20_100_9.C	14	3.000	9.600	0.004
BPP_new_20_100_9.C	14	3.000	9.600	0.004
BPP_new_20_100_9.C	14	3.000	9.600	0.004
BPP_new_20_100_9.C	14	3.000	9.600	0.004
BPP_new_20_120_1.C	10	1.800	6.720	0.004
BPP_new_20_120_1.C	10	1.800	6.720	0.004
BPP_new_20_120_1.C	10	1.800	6.720	0.004
BPP_new_20_120_1.C	10	1.800	6.720	0.004
BPP_new_20_120_1.C	10	1.800	6.720	0.004
BPP_new_20_120_1.C	10	1.800	6.720	0.004
BPP_new_20_120_1.C	10	1.800	6.720	0.004
BPP_new_20_120_1.C	10	1.800	6.720	0.004
BPP_new_20_120_1.C	10	1.800	6.720	0.004
BPP_new_20_120_1.C	10	1.800	6.720	0.004
BPP_new_20_120_10.C	15	4.200	10.680	0.005
BPP_new_20_120_10.C	15	4.200	10.680	0.005
BPP_new_20_120_10.C	15	4.200	10.680	0.005
BPP_new_20_120_10.C	15	4.200	10.680	0.005
BPP_new_20_120_10.C	15	4.200	10.680	0.005
BPP_new_20_120_10.C	15	4.200	10.680	0.005
BPP_new_20_120_10.C	15	4.200	10.680	0.005
BPP_new_20_120_10.C	15	4.200	10.680	0.005
BPP_new_20_120_10.C	15	4.200	10.680	0.005
BPP_new_20_120_10.C	15	4.200	10.680	0.005
BPP_new_20_120_2.C	10	2.800	7.120	0.004
BPP_new_20_120_2.C	10	2.800	7.120	0.004
BPP_new_20_120_2.C	10	2.800	7.120	0.004
BPP_new_20_120_2.C	10	2.800	7.120	0.004
BPP_new_20_120_2.C	10	2.800	7.120	0.004
BPP_new_20_120_2.C	10	2.800	7.120	0.004
BPP_new_20_120_2.C	10	2.800	7.120	0.004
BPP_new_20_120_2.C	10	2.800	7.120	0.004
BPP_new_20_120_2.C	10	2.800	7.120	0.004
BPP_new_20_120_2.C	10	2.800	7.120	0.004
BPP_new_20_120_3.C	11	2.800	7.720	0.004
BPP_new_20_120_3.C	11	2.800	7.720	0.004
BPP_new_20_120_3.C	11	2.800	7.720	0.004
BPP_new_20_120_3.C	11	2.800	7.720	0.004
BPP_new_20_120_3.C	11	2.800	7.720	0.004
BPP_new_20_120_3.C	11	2.800	7.720	0.004
BPP_new_20_120_3.C	11	2.800	7.720	0.004
BPP_new_20_120_3.C	11	2.800	7.720	0.004
BPP_new_20_120_3.C	11	2.800	7.720	0.004
BPP_new_20_120_3.C	11	2.800	7.720	0.004
BPP_new_20_120_4.C	11	2.600	7.640	0.004
BPP_new_20_120_4.C	11	2.600	7.640	0.004
BPP_new_20_120_4.C	11	2.600	7.640	0.005
BPP_new_20_120_4.C	11	2.600	7.640	0.005
BPP_new_20_120_4.C	11	2.600	7.640	0.004
BPP_new_20_120_4.C	11	2.600	7.640	0.004
BPP_new_20_120_4.C	11	2.600	7.640	0.004
BPP_new_20_120_4.C	11	2.600	7.640	0.004
BPP_new_20_120_4.C	11	2.600	7.640	0.004
BPP_new_20_120_4.C	11	2.600	7.640	0.004
BPP_new_20_120_5.C	11	2.000	7.400	0.004
BPP_new_20_120_5.C	11	2.000	7.400	0.004
BPP_new_20_120_5.C	11	2.000	7.400	0.004
BPP_new_20_120_5.C	11	2.000	7.400	0.004
BPP_new_20_120_5.C	11	2.000	7.400	0.004
BPP_new_20_120_5.C	11	2.000	7.400	0.004
BPP_new_20_120_5.C	11	2.000	7.400	0.004
BPP_new_20_120_5.C	11	2.000	7.400	0.005
BPP_new_20_120_5.C	11	2.000	7.400	0.004
BPP_new_20_120_5.C	11	2.000	7.400	0.004
BPP_new_20_120_6.C	9	0.800	5.720	0.003
BPP_new_20_120_6.C	9	0.800	5.720	0.003
BPP_new_20_120_6.C	9	0.800	5.720	0.003
BPP_new_20_120_6.C	9	0.800	5.720	0.003
BPP_new_20_120_6.C	9	0.800	5.720	0.003
BPP_new_20_120_6.C	9	0.800	5.720	0.003
BPP_new_20_120_6.C	9	0.800	5.720	0.003
BPP_new_20_120_6.C	9	0.800	5.720	0.003
BPP_new_20_120_6.C	9	0.800	5.720	0.003
BPP_new_20_120_6.C	9	0.800	5.720	0.003
BPP_new_20_120_7.C	10	0.600	6.240	0.004
BPP_new_20_120_7.C	10	0.600	6.240	0.004
BPP_new_20_120_7.C	10	0.600	6.240	0.004
BPP_new_20_120_7.C	10	0.600	6.240	0.004
BPP_new_20_120_7.C	10	0.600	6.240	0.004
BPP_new_20_120_7.C	10	0.600	6.240	0.004
BPP_new_20_120_7.C	10	0.600	6.240	0.004
BPP_new_20_120_7.C	10	0.600	6.240	0.004
BPP_new_20_120_7.C	10	0.600	6.240	0.004
BPP_new_20_120_7.C	10	0.600	6.240	0.004
BPP_new_20_120_8.C	11	5.000	8.600	0.004
BPP_new_20_120_8.C	11	5.000	8.600	0.004
BPP_new_20_120_8.C	11	5.000	8.600	0.004
BPP_new_20_120_8.C	11	5.000	8.600	0.004
BPP_new_20_120_8.C	11	5.000	8.600	0.004
BPP_new_20_120_8.C	11	5.000	8.600	0.004
BPP_new_20_120_8.C	11	5.000	8.600	0.004
BPP_new_20_120_8.C	11	5.000	8.600	0.004
BPP_new_20_120_8.C	11	5.000	8.600	0.004
BPP_new_20_120_8.C	11	5.000	8.600	0.004
BPP_new_20_120_9.C	13	2.400	8.760	0.005
BPP_new_20_120_9.C	13	2.400	8.760	0.005
BPP_new_20_120_9.C	13	2.400	8.760	0.005
BPP_new_20_120_9.C	13	2.400	8.760	0.005
BPP_new_20_120_9.C	13	2.400	8.760	0.005
BPP_new_20_120_9.C	13	2.400	8.760	0.005
BPP_new_20_120_9.C	13	2.400	8.760	0.005
BPP_new_20_120_9.C	13	2.400	8.760	0.005
BPP_new_20_120_9.C	13	2.400	8.760	0.005
BPP_new_20_120_9.C	13	2.400	8.760	0.005
BPP_new_20_125_1.C	11	5.400	8.760	0.005
BPP_new_20_125_1.C	11	5.400	8.760	0.005
BPP_new_20_125_1.C	11	5.400	8.760	0.005
BPP_new_20_125_1.C	11	5.400	8.760	0.005
BPP_new_20_125_1.C	11	5.400	8.760	0.005
BPP_new_20_125_1.C	11	5.400	8.760	0.005
BPP_new_20_125_1.C	11	5.400	8.760	0.005
BPP_new_20_125_1.C	11	5.200	8.680	0.005
BPP_new_20_125_1.C	11	5.400	8.760	0.005
BPP_new_20_125_1.C	11	5.400	8.760	0.005
BPP_new_20_125_10.C	9	1.000	5.800	0.004
BPP_new_20_125_10.C	9	1.000	5.800	0.004
BPP_new_20_125_10.C	9	1.000	5.800	0.004
BPP_new_20_125_10.C	9	1.000	5.800	0.004
BPP_new_20_125_10.C	9	1.000	5.800	0.004
BPP_new_20_125_10.C	9	1.000	5.800	0.004
BPP_new_20_125_10.C	9	1.000	5.800	0.004
BPP_new_20_125_10.C	9	1.000	5.800	0.004
BPP_new_20_125_10.C	9	1.000	5.800	0.004
BPP_new_20_125_10.C	9	1.000	5.800	0.004
BPP_new_20_125_2.C	8	2.200	5.680	0.003
BPP_new_20_125_2.C	8	2.200	5.680	0.003
BPP_new_20_125_2.C	8	2.200	5.680	0.003
BPP_new_20_125_2.C	8	2.200	5.680	0.003
BPP_new_20_125_2.C	8	2.200	5.680	0.003
BPP_new_20_125_2.C	8	2.200	5.680	0.003
BPP_new_20_125_2.C	8	2.200	5.680	0.003
BPP_new_20_125_2.C	8	2.200	5.680	0.003
BPP_new_20_125_2.C	8	2.200	5.680	0.003
BPP_new_20_125_2.C	8	2.200	5.680	0.003
BPP_new_20_125_3.C	9	2.400	6.360	0.004
BPP_new_20_125_3.C	9	2.400	6.360	0.004
BPP_new_20_125_3.C	9	2.400	6.360	0.004
BPP_new_20_125_3.C	9	2.400	6.360	0.004
BPP_new_20_125_3.C	9	2.400	6.360	0.004
BPP_new_20_125_3.C	9	2.400	6.360	0.004
BPP_new_20_125_3.C	9	2.400	6.360	0.004
BPP_new_20_125_3.C	9	2.400	6.360	0.004
BPP_new_20_125_3.C	9	2.400	6.360	0.004
BPP_new_20_125_3.C	9	2.400	6.360	0.004
BPP_new_20_125_4.C	11	2.000	7.400	0.004
BPP_new_20_125_4.C	11	2.000	7.400	0.004
BPP_new_20_125_4.C	11	2.000	7.400	0.004
BPP_new_20_125_4.C	11	2.000	7.400	0.004
BPP_new_20_125_4.C	11	2.000	7.400	0.004
BPP_new_20_125_4.C	11	2.000	7.400	0.004
BPP_new_20_125_4.C	11	2.000	7.400	0.004
BPP_new_20_125_4.C	11	2.000	7.400	0.004
BPP_new_20_125_4.C	11	2.000	7.400	0.004
BPP_new_20_125_4.C	11	2.000	7.400	0.004
BPP_new_20_125_5.C	13	4.000	9.400	0.005
BPP_new_20_125_5.C	13	4.000	9.400	0.005
BPP_new_20_125_5.C	13	4.000	9.400	0.005
BPP_new_20_125_5.C	13	4.000	9.400	0.005
BPP_new_20_125_5.C	13	4.000	9.400	0.005
BPP_new_20_125_5.C	13	4.000	9.400	0.005
BPP_new_20_125_5.C	13	4.000	9.400	0.005
BPP_new_20_125_5.C	13	4.000	9.400	0.005
BPP_new_20_125_5.C	13	4.000	9.400	0.005
BPP_new_20_125_5.C	13	4.000	9.400	0.005
BPP_new_20_125_6.C	11	4.800	8.520	0.004
BPP_new_20_125_6.C	11	4.800	8.520	0.004
BPP_new_20_125_6.C	11	4.800	8.520	0.004
BPP_new_20_125_6.C	11	4.600	8.440	0.005
BPP_new_20_125_6.C	11	4.800	8.520	0.004
BPP_new_20_125_6.C	11	4.800	8.520	0.005
BPP_new_20_125_6.C	11	4.800	8.520	0.004
BPP_new_20_125_6.C	11	4.800	8.520	0.005
BPP_new_20_125_6.C	11	4.600	8.440	0.004
BPP_new_20_125_6.C	11	4.800	8.520	0.005
BPP_new_20_125_7.C	11	4.000	8.200	0.005
BPP_new_20_125_7.C	11	4.000	8.200	0.004
BPP_new_20_125_7.C	11	4.000	8.200	0.004
BPP_new_20_125_7.C	11	4.000	8.200	0.004
BPP_new_20_125_7.C	11	4.000	8.200	0.004
BPP_new_20_125_7.C	11	4.000	8.200	0.004
BPP_new_20_125_7.C	11	4.000	8.200	0.004
BPP_new_20_125_7.C	11	4.000	8.200	0.004
BPP_new_20_125_7.C	11	4.000	8.200	0.004
BPP_new_20_125_7.C	11	4.000	8.200	0.004
BPP_new_20_125_8.C	10	3.400	7.360	0.004
BPP_new_20_125_8.C	10	3.400	7.360	0.004
BPP_new_20_125_8.C	10	3.400	7.360	0.004
BPP_new_20_125_8.C	10	3.400	7.360	0.004
BPP_new_20_125_8.C	10	3.400	7.360	0.004
BPP_new_20_125_8.C	10	3.400	7.360	0.004
BPP_new_20_125_8.C	10	3.400	7.360	0.004
BPP_new_20_125_8.C	10	3.400	7.360	0.004
BPP_new_20_125_8.C	10	3.400	7.360	0.004
BPP_new_20_125_8.C	10	3.400	7.360	0.004
BPP_new_20_125_9.C	10	1.200	6.480	0.004
BPP_new_20_125_9.C	10	1.200	6.480	0.004
BPP_new_20_125_9.C	10	1.200	6.480	0.004
BPP_new_20_125_9.C	10	1.200	6.480	0.004
BPP_new_20_125_9.C	10	1.200	6.480	0.004
BPP_new_20_125_9.C	10	1.200	6.480	0.004
BPP_new_20_125_9.C	10	1.200	6.480	0.004
BPP_new_20_125_9.C	10	1.200	6.480	0.004
BPP_new_20_125_9.C	10	1.200	6.480	0.004
BPP_new_20_125_9.C	10	1.200	6.480	0.004
BPP_new_20_150_1.C	9	0.200	5.480	0.004
BPP_new_20_150_1.C	9	0.200	5.480	0.004
BPP_new_20_150_1.C	9	0.200	5.480	0.004
BPP_new_20_150_1.C	9	0.200	5.480	0.004
BPP_new_20_150_1.C	9	0.200	5.480	0.004
BPP_new_20_150_1.C	9	0.200	5.480	0.004
BPP_new_20_150_1.C	9	0.200	5.480	0.004
BPP_new_20_150_1.C	9	0.200	5.480	0.004
BPP_new_20_150_1.C	9	0.200	5.480	0.004
BPP_new_20_150_1.C	9	0.200	5.480	0.004
BPP_new_20_150_10.C	10	1.800	6.720	0.004
BPP_new_20_150_10.C	10	1.800	6.720	0.004
BPP_new_20_150_10.C	10	1.800	6.720	0.004
BPP_new_20_150_10.C	10	1.800	6.720	0.004
BPP_new_20_150_10.C	10	1.800	6.720	0.004
BPP_new_20_150_10.C	10	1.800	6.720	0.004
BPP_new_20_150_10.C	10	1.800	6.720	0.004
BPP_new_20_150_10.C	10	1.800	6.720	0.004
BPP_new_20_150_10.C	10	1.800	6.720	0.004
BPP_new_20_150_10.C	10	1.800	6.720	0.005
BPP_new_20_150_2.C	10	1.400	6.560	0.004
BPP_new_20_150_2.C	10	1.400	6.560	0.004
BPP_new_20_150_2.C	10	1.400	6.560	0.004
BPP_new_20_150_2.C	10	1.400	6.560	0.004
BPP_new_20_150_2.C	10	1.400	6.560	0.004
BPP_new_20_150_2.C	10	1.400	6.560	0.004
BPP_new_20_150_2.C	10	1.400	6.560	0.004
BPP_new_20_150_2.C	10	1.400	6.560	0.004
BPP_new_20_150_2.C	10	1.400	6.560	0.004
BPP_new_20_150_2.C	10	1.400	6.560	0.004
BPP_new_20_150_3.C	9	3.600	6.840	0.004
BPP_new_20_150_3.C	9	3.600	6.840	0.004
BPP_new_20_150_3.C	9	3.600	6.840	0.005
BPP_new_20_150_3.C	9	3.600	6.840	0.004
BPP_new_20_150_3.C	9	3.600	6.840	0.005
BPP_new_20_150_3.C	9	3.600	6.840	0.004
BPP_new_20_150_3.C	9	3.600	6.840	0.005
BPP_new_20_150_3.C	9	3.600	6.840	0.004
BPP_new_20_150_3.C	9	3.400	6.760	0.004
BPP_new_20_150_3.C	9	3.600	6.840	0.004
BPP_new_20_150_4.C	8	2.800	5.920	0.004
BPP_new_20_150_4.C	8	2.800	5.920	0.004
BPP_new_20_150_4.C	8	2.800	5.920	0.004
BPP_new_20_150_4.C	8	2.800	5.920	0.004
BPP_new_20_150_4.C	8	2.800	5.920	0.004
BPP_new_20_150_4.C	8	2.800	5.920	0.004
BPP_new_20_150_4.C	8	2.800	5.920	0.004
BPP_new_20_150_4.C	8	2.800	5.920	0.004
BPP_new_20_150_4.C	8	2.800	5.920	0.004
BPP_new_20_150_4.C	8	2.800	5.920	0.004
BPP_new_20_150_5.C	11	1.000	7.000	0.005
BPP_new_20_150_5.C	11	1.000	7.000	0.005
BPP_new_20_150_5.C	11	1.000	7.000	0.005
BPP_new_20_150_5.C	11	1.000	7.000	0.005
BPP_new_20_150_5.C	11	1.000	7.000	0.005
BPP_new_20_150_5.C	11	1.000	7.000	0.005
BPP_new_20_150_5.C	11	1.000	7.000	0.005
BPP_new_20_150_5.C	11	1.000	7.000	0.005
BPP_new_20_150_5.C	11	1.000	7.000	0.005
BPP_new_20_150_5.C	11	1.000	7.000	0.005
BPP_new_20_150_6.C	10	4.000	7.600	0.005
BPP_new_20_150_6.C	10	4.000	7.600	0.005
BPP_new_20_150_6.C	10	4.200	7.680	0.005
BPP_new_20_150_6.C	10	4.000	7.600	0.005
BPP_new_20_150_6.C	10	4.000	7.600	0.005
BPP_new_20_150_6.C	10	4.200	7.680	0.005
BPP_new_20_150_6.C	10	4.200	7.680	0.005
BPP_new_20_150_6.C	10	4.200	7.680	0.005
BPP_new_20_150_6.C	10	4.000	7.600	0.005
BPP_new_20_150_6.C	10	4.000	7.600	0.005
BPP_new_20_150_7.C	12	2.000	8.000	0.005
BPP_new_20_150_7.C	12	2.000	8.000	0.005
BPP_new_20_150_7.C	12	2.000	8.000	0.005
BPP_new_20_150_7.C	12	2.000	8.000	0.005
BPP_new_20_150_7.C	12	2.000	8.000	0.005
BPP_new_20_150_7.C	12	2.000	8.000	0.005
BPP_new_20_150_7.C	12	2.000	8.000	0.005
BPP_new_20_150_7.C	12	2.000	8.000	0.005
BPP_new_20_150_7.C	12	2.000	8.000	0.006
BPP_new_20_150_7.C	12	2.000	8.000	0.005
BPP_new_20_150_8.C	8	3.200	6.080	0.004
BPP_new_20_150_8.C	8	3.200	6.080	0.004
BPP_new_20_150_8.C	8	3.200	6.080	0.004
BPP_new_20_150_8.C	8	3.200	6.080	0.004
BPP_new_20_150_8.C	8	3.200	6.080	0.004
BPP_new_20_150_8.C	8	3.200	6.080	0.004
BPP_new_20_150_8.C	8	3.200	6.080	0.004
BPP_new_20_150_8.C	8	3.200	6.080	0.004
BPP_new_20_150_8.C	8	3.200	6.080	0.004
BPP_new_20_150_8.C	8	3.200	6.080	0.004
BPP_new_20_150_9.C	14	3.000	9.600	0.005
BPP_new_20_150_9.C	14	3.000	9.600	0.005
BPP_new_20_150_9.C	14	3.000	9.600	0.005
BPP_new_20_150_9.C	14	3.000	9.600	0.005
BPP_new_20_150_9.C	14	3.000	9.600	0.005
BPP_new_20_150_9.C	14	3.000	9.600	0.005
BPP_new_20_150_9.C	14	3.000	9.600	0.006
BPP_new_20_150_9.C	14	3.000	9.600	0.005
BPP_new_20_150_9.C	14	3.000	9.600	0.005
BPP_new_20_150_9.C	14	3.000	9.600	0.005
BPP_new_20_200_1.C	8	2.800	5.920	0.005
BPP_new_20_200_1.C	8	2.800	5.920	0.004
BPP_new_20_200_1.C	8	2.800	5.920	0.005
BPP_new_20_200_1.C	8	2.800	5.920	0.005
BPP_new_20_200_1.C	8	2.800	5.920	0.004
BPP_new_20_200_1.C	8	2.800	5.920	0.005
BPP_new_20_200_1.C	8	2.800	5.920	0.004
BPP_new_20_200_1.C	8	2.800	5.920	0.005
BPP_new_20_200_1.C	8	2.800	5.920	0.004
BPP_new_20_200_1.C	8	2.800	5.920	0.005
BPP_new_20_200_10.C	12	5.000	9.200	0.006
BPP_new_20_200_10.C	12	5.000	9.200	0.006
BPP_new_20_200_10.C	12	5.000	9.200	0.006
BPP_new_20_200_10.C	12	5.000	9.200	0.006
BPP_new_20_200_10.C	12	5.000	9.200	0.006
BPP_new_20_200_10.C	12	5.000	9.200	0.006
BPP_new_20_200_10.C	12	5.000	9.200	0.006
BPP_new_20_200_10.C	12	5.000	9.200	0.006
BPP_new_20_200_10.C	12	5.000	9.200	0.006
BPP_new_20_200_10.C	12	5.000	9.200	0.006
BPP_new_20_200_2.C	12	4.800	9.120	0.006
BPP_new_20_200_2.C	12	4.800	9.120	0.006
BPP_new_20_200_2.C	12	4.800	9.120	0.006
BPP_new_20_200_2.C	12	4.800	9.120	0.006
BPP_new_20_200_2.C	12	4.800	9.120	0.006
BPP_new_20_200_2.C	12	4.800	9.120	0.006
BPP_new_20_200_2.C	12	4.800	9.120	0.006
BPP_new_20_200_2.C	12	4.800	9.120	0.006
BPP_new_20_200_2.C	12	4.800	9.120	0.006
BPP_new_20_200_2.C	12	4.800	9.120	0.006
BPP_new_20_200_3.C	13	2.000	8.600	0.006
BPP_new_20_200_3.C	13	2.000	8.600	0.006
BPP_new_20_200_3.C	13	2.000	8.600	0.006
BPP_new_20_200_3.C	13	2.000	8.600	0.006
BPP_new_20_200_3.C	13	2.000	8.600	0.006
BPP_new_20_200_3.C	13	2.000	8.600	0.006
BPP_new_20_200_3.C	13	2.000	8.600	0.006
BPP_new_20_200_3.C	13	2.000	8.600	0.006
BPP_new_20_200_3.C	13	2.000	8.600	0.006
BPP_new_20_200_3.C	13	2.000	8.600	0.006
BPP_new_20_200_4.C	9	4.000	7.000	0.005
BPP_new_20_200_4.C	9	4.000	7.000	0.005
BPP_new_20_200_4.C	9	4.000	7.000	0.005
BPP_new_20_200_4.C	9	4.000	7.000	0.004
BPP_new_20_200_4.C	9	4.000	7.000	0.005
BPP_new_20_200_4.C	9	4.000	7.000	0.005
BPP_new_20_200_4.C	9	4.000	7.000	0.005
BPP_new_20_200_4.C	9	4.000	7.000	0.005
BPP_new_20_200_4.C	9	4.000	7.000	0.005
BPP_new_20_200_4.C	9	4.000	7.000	0.005
BPP_new_20_200_5.C	11	4.000	8.200	0.006
BPP_new_20_200_5.C	11	4.000	8.200	0.006
BPP_new_20_200_5.C	11	4.000	8.200	0.006
BPP_new_20_200_5.C	11	4.000	8.200	0.006
BPP_new_20_200_5.C	11	4.000	8.200	0.005
BPP_new_20_200_5.C	11	4.000	8.200	0.006
BPP_new_20_200_5.C	11	4.000	8.200	0.006
BPP_new_20_200_5.C	11	4.000	8.200	0.005
BPP_new_20_200_5.C	11	4.000	8.200	0.006
BPP_new_20_200_5.C	11	4.000	8.200	0.006
BPP_new_20_200_6.C	8	3.400	6.160	0.005
BPP_new_20_200_6.C	8	3.400	6.160	0.004
BPP_new_20_200_6.C	8	3.400	6.160	0.005
BPP_new_20_200_6.C	8	3.400	6.160	0.005
BPP_new_20_200_6.C	8	3.400	6.160	0.005
BPP_new_20_200_6.C	8	3.400	6.160	0.005
BPP_new_20_200_6.C	8	3.400	6.160	0.004
BPP_new_20_200_6.C	8	3.400	6.160	0.005
BPP_new_20_200_6.C	8	3.400	6.160	0.005
BPP_new_20_200_6.C	8	3.400	6.160	0.005
BPP_new_20_200_7.C	12	3.400	8.560	0.006
BPP_new_20_200_7.C	12	3.400	8.560	0.006
BPP_new_20_200_7.C	12	3.400	8.560	0.006
BPP_new_20_200_7.C	12	3.400	8.560	0.006
BPP_new_20_200_7.C	12	3.400	8.560	0.006
BPP_new_20_200_7.C	12	3.400	8.560	0.005
BPP_new_20_200_7.C	12	3.400	8.560	0.006
BPP_new_20_200_7.C	12	3.400	8.560	0.006
BPP_new_20_200_7.C	12	3.400	8.560	0.006
BPP_new_20_200_7.C	12	3.400	8.560	0.006
BPP_new_20_200_8.C	10	3.000	7.200	0.005
BPP_new_20_200_8.C	10	3.000	7.200	0.005
BPP_new_20_200_8.C	10	3.000	7.200	0.005
BPP_new_20_200_8.C	10	3.000	7.200	0.005
BPP_new_20_200_8.C	10	3.000	7.200	0.005
BPP_new_20_200_8.C	10	3.000	7.200	0.005
BPP_new_20_200_8.C	10	3.000	7.200	0.005
BPP_new_20_200_8.C	10	3.000	7.200	0.005
BPP_new_20_200_8.C	10	3.000	7.200	0.005
BPP_new_20_200_8.C	10	3.000	7.200	0.005
BPP_new_20_200_9.C	9	1.200	5.880	0.005
BPP_new_20_200_9.C	9	1.200	5.880	0.004
BPP_new_20_200_9.C	9	1.200	5.880	0.005
BPP_new_20_200_9.C	9	1.200	5.880	0.005
BPP_new_20_200_9.C	9	1.200	5.880	0.005
BPP_new_20_200_9.C	9	1.200	5.880	0.005
BPP_new_20_200_9.C	9	1.200	5.880	0.005
BPP_new_20_200_9.C	9	1.200	5.880	0.005
BPP_new_20_200_9.C	9	1.200	5.880	0.005
BPP_new_20_200_9.C	9	1.200	5.880	0.005
BPP_new_20_300_1.C	8	2.000	5.600	0.009
BPP_new_20_300_1.C	8	2.000	5.600	0.009
BPP_new_20_300_1.C	8	2.000	5.600	0.010
BPP_new_20_300_1.C	8	2.000	5.600	0.009
BPP_new_20_300_1.C	8	2.000	5.600	0.009
BPP_new_20_300_1.C	8	2.000	5.600	0.009
BPP_new_20_300_1.C	8	2.000	5.600	0.009
BPP_new_20_300_1.C	8	2.000	5.600	0.009
BPP_new_20_300_1.C	8	2.000	5.600	0.009
BPP_new_20_300_1.C	8	2.000	5.600	0.009
BPP_new_20_300_10.C	11	2.800	7.720	0.011
BPP_new_20_300_10.C	11	2.800	7.720	0.011
BPP_new_20_300_10.C	11	2.800	7.720	0.011
BPP_new_20_300_10.C	11	2.800	7.720	0.012
BPP_new_20_300_10.C	11	2.800	7.720	0.012
BPP_new_20_300_10.C	11	2.800	7.720	0.011
BPP_new_20_300_10.C	11	2.800	7.720	0.011
BPP_new_20_300_10.C	11	2.800	7.720	0.011
BPP_new_20_300_10.C	11	2.800	7.720	0.011
BPP_new_20_300_10.C	11	2.800	7.720	0.011
BPP_new_20_300_2.C	10	2.200	6.880	0.010
BPP_new_20_300_2.C	10	2.200	6.880	0.010
BPP_new_20_300_2.C	10	2.200	6.880	0.011
BPP_new_20_300_2.C	10	2.200	6.880	0.011
BPP_new_20_300_2.C	10	2.200	6.880	0.011
BPP_new_20_300_2.C	10	2.200	6.880	0.011
BPP_new_20_300_2.C	10	2.200	6.880	0.010
BPP_new_20_300_2.C	10	2.200	6.880	0.010
BPP_new_20_300_2.C	10	2.200	6.880	0.010
BPP_new_20_300_2.C	10	2.200	6.880	0.010
BPP_new_20_300_3.C	12	3.800	8.720	0.012
BPP_new_20_300_3.C	12	3.800	8.720	0.012
BPP_new_20_300_3.C	12	3.800	8.720	0.012
BPP_new_20_300_3.C	12	3.800	8.720	0.012
BPP_new_20_300_3.C	12	3.800	8.720	0.012
BPP_new_20_300_3.C	12	3.800	8.720	0.012
BPP_new_20_300_3.C	12	3.800	8.720	0.012
BPP_new_20_300_3.C	12	3.800	8.720	0.012
BPP_new_20_300_3.C	12	3.800	8.720	0.012
BPP_new_20_300_3.C	12	3.800	8.720	0.012
BPP_new_20_300_4.C	9	1.400	5.960	0.010
BPP_new_20_300_4.C	9	1.800	6.120	0.010
BPP_new_20_300_4.C	9	1.800	6.120	0.010
BPP_new_20_300_4.C	9	1.400	5.960	0.010
BPP_new_20_300_4.C	9	1.800	6.120	0.010
BPP_new_20_300_4.C	9	1.400	5.960	0.010
BPP_new_20_300_4.C	9	1.800	6.120	0.010
BPP_new_20_300_4.C	9	1.800	6.120	0.010
BPP_new_20_300_4.C	9	1.800	6.120	0.010
BPP_new_20_300_4.C	9	1.800	6.120	0.010
BPP_new_20_300_5.C	9	1.800	6.120	0.009
BPP_new_20_300_5.C	9	1.800	6.120	0.009
BPP_new_20_300_5.C	9	1.800	6.120	0.009
BPP_new_20_300_5.C	9	1.800	6.120	0.009
BPP_new_20_300_5.C	9	1.800	6.120	0.009
BPP_new_20_300_5.C	9	1.800	6.120	0.009
BPP_new_20_300_5.C	9	1.800	6.120	0.009
BPP_new_20_300_5.C	9	1.800	6.120	0.009
BPP_new_20_300_5.C	9	1.800	6.120	0.009
BPP_new_20_300_5.C	9	1.800	6.120	0.009
BPP_new_20_300_6.C	10	3.000	7.200	0.011
BPP_new_20_300_6.C	10	3.000	7.200	0.010
BPP_new_20_300_6.C	10	3.000	7.200	0.010
BPP_new_20_300_6.C	10	3.000	7.200	0.010
BPP_new_20_300_6.C	10	3.000	7.200	0.010
BPP_new_20_300_6.C	10	3.000	7.200	0.010
BPP_new_20_300_6.C	10	3.000	7.200	0.010
BPP_new_20_300_6.C	10	3.000	7.200	0.010
BPP_new_20_300_6.C	10	3.000	7.200	0.010
BPP_new_20_300_6.C	10	3.000	7.200	0.010
BPP_new_20_300_7.C	12	2.000	8.000	0.011
BPP_new_20_300_7.C	12	2.000	8.000	0.011
BPP_new_20_300_7.C	12	2.000	8.000	0.011
BPP_new_20_300_7.C	12	2.000	8.000	0.011
BPP_new_20_300_7.C	12	2.000	8.000	0.011
BPP_new_20_300_7.C	12	2.000	8.000	0.011
BPP_new_20_300_7.C	12	2.000	8.000	0.011
BPP_new_20_300_7.C	12	2.000	8.000	0.011
BPP_new_20_300_7.C	12	2.000	8.000	0.011
BPP_new_20_300_7.C	12	2.000	8.000	0.011
BPP_new_20_300_8.C	9	2.000	6.200	0.010
BPP_new_20_300_8.C	9	1.800	6.120	0.010
BPP_new_20_300_8.C	9	2.000	6.200	0.010
BPP_new_20_300_8.C	9	2.000	6.200	0.010
BPP_new_20_300_8.C	9	2.000	6.200	0.010
BPP_new_20_300_8.C	9	2.000	6.200	0.010
BPP_new_20_300_8.C	9	2.000	6.200	0.010
BPP_new_20_300_8.C	9	2.000	6.200	0.010
BPP_new_20_300_8.C	9	2.000	6.200	0.010
BPP_new_20_300_8.C	9	2.000	6.200	0.010
BPP_new_20_300_9.C	9	2.800	6.520	0.010
BPP_new_20_300_9.C	9	2.800	6.520	0.010
BPP_new_20_300_9.C	9	2.800	6.520	0.010
BPP_new_20_300_9.C	9	2.600	6.440	0.010
BPP_new_20_300_9.C	9	2.800	6.520	0.010
BPP_new_20_300_9.C	9	2.800	6.520	0.010
BPP_new_20_300_9.C	9	2.800	6.520	0.010
BPP_new_20_300_9.C	9	2.800	6.520	0.010
BPP_new_20_300_9.C	9	2.800	6.520	0.010
BPP_new_20_300_9.C	9	2.600	6.440	0.010
BPP_new_20_400_1.C	10	3.800	7.520	0.017
BPP_new_20_400_1.C	10	3.800	7.520	0.017
BPP_new_20_400_1.C	10	3.800	7.520	0.018
BPP_new_20_400_1.C	10	3.800	7.520	0.018
BPP_new_20_400_1.C	10	3.800	7.520	0.017
BPP_new_20_400_1.C	10	3.800	7.520	0.017
BPP_new_20_400_1.C	10	3.800	7.520	0.017
BPP_new_20_400_1.C	10	3.800	7.520	0.017
BPP_new_20_400_1.C	10	3.800	7.520	0.017
BPP_new_20_400_1.C	10	3.800	7.520	0.017
BPP_new_20_400_10.C	11	2.200	7.480	0.018
BPP_new_20_400_10.C	11	2.200	7.480	0.019
BPP_new_20_400_10.C	11	2.200	7.480	0.019
BPP_new_20_400_10.C	11	2.200	7.480	0.019
BPP_new_20_400_10.C	11	2.200	7.480	0.019
BPP_new_20_400_10.C	11	2.200	7.480	0.020
BPP_new_20_400_10.C	11	2.200	7.480	0.019
BPP_new_20_400_10.C	11	2.200	7.480	0.018
BPP_new_20_400_10.C	11	2.200	7.480	0.018
BPP_new_20_400_10.C	11	2.200	7.480	0.018
BPP_new_20_400_2.C	11	2.200	7.480	0.018
BPP_new_20_400_2.C	11	2.200	7.480	0.018
BPP_new_20_400_2.C	11	2.200	7.480	0.018
BPP_new_20_400_2.C	11	2.200	7.480	0.019
BPP_new_20_400_2.C	11	2.200	7.480	0.018
BPP_new_20_400_2.C	11	2.200	7.480	0.018
BPP_new_20_400_2.C	11	2.200	7.480	0.018
BPP_new_20_400_2.C	11	2.200	7.480	0.018
BPP_new_20_400_2.C	11	2.200	7.480	0.018
BPP_new_20_400_2.C	11	2.200	7.480	0.018
BPP_new_20_400_3.C	8	1.600	5.440	0.014
BPP_new_20_400_3.C	8	1.600	5.440	0.015
BPP_new_20_400_3.C	8	1.600	5.440	0.015
BPP_new_20_400_3.C	8	1.600	5.440	0.015
BPP_new_20_400_3.C	8	1.600	5.440	0.015
BPP_new_20_400_3.C	8	1.600	5.440	0.014
BPP_new_20_400_3.C	8	1.600	5.440	0.014
BPP_new_20_400_3.C	8	1.600	5.440	0.015
BPP_new_20_400_3.C	8	1.600	5.440	0.014
BPP_new_20_400_3.C	8	1.600	5.440	0.015
BPP_new_20_400_4.C	9	2.000	6.200	0.015
BPP_new_20_400_4.C	9	2.000	6.200	0.015
BPP_new_20_400_4.C	9	2.000	6.200	0.016
BPP_new_20_400_4.C	9	2.000	6.200	0.016
BPP_new_20_400_4.C	9	2.000	6.200	0.015
BPP_new_20_400_4.C	9	2.000	6.200	0.016
BPP_new_20_400_4.C	9	2.000	6.200	0.015
BPP_new_20_400_4.C	9	2.000	6.200	0.016
BPP_new_20_400_4.C	9	2.000	6.200	0.015
BPP_new_20_400_4.C	9	2.000	6.200	0.015
BPP_new_20_400_5.C	11	3.600	8.040	0.019
BPP_new_20_400_5.C	11	3.600	8.040	0.019
BPP_new_20_400_5.C	11	3.600	8.040	0.019
BPP_new_20_400_5.C	11	3.600	8.040	0.019
BPP_new_20_400_5.C	11	3.600	8.040	0.019
BPP_new_20_400_5.C	11	3.600	8.040	0.019
BPP_new_20_400_5.C	11	3.600	8.040	0.018
BPP_new_20_400_5.C	11	3.600	8.040	0.019
BPP_new_20_400_5.C	11	3.600	8.040	0.019
BPP_new_20_400_5.C	11	3.600	8.040	0.018
BPP_new_20_400_6.C	9	2.800	6.520	0.017
BPP_new_20_400_6.C	9	2.800	6.520	0.017
BPP_new_20_400_6.C	9	2.800	6.520	0.016
BPP_new_20_400_6.C	9	2.800	6.520	0.017
BPP_new_20_400_6.C	9	2.800	6.520	0.017
BPP_new_20_400_6.C	9	2.800	6.520	0.016
BPP_new_20_400_6.C	9	2.800	6.520	0.016
BPP_new_20_400_6.C	9	2.800	6.520	0.016
BPP_new_20_400_6.C	9	2.800	6.520	0.017
BPP_new_20_400_6.C	9	2.800	6.520	0.017
BPP_new_20_400_7.C	9	1.000	5.800	0.015
BPP_new_20_400_7.C	8	2.000	5.600	0.015
BPP_new_20_400_7.C	9	1.000	5.800	0.015
BPP_new_20_400_7.C	9	1.000	5.800	0.015
BPP_new_20_400_7.C	9	1.000	5.800	0.015
BPP_new_20_400_7.C	9	1.000	5.800	0.014
BPP_new_20_400_7.C	9	1.000	5.800	0.015
BPP_new_20_400_7.C	8	2.000	5.600	0.015
BPP_new_20_400_7.C	8	2.000	5.600	0.015
BPP_new_20_400_7.C	9	1.000	5.800	0.015
BPP_new_20_400_8.C	11	3.600	8.040	0.020
BPP_new_20_400_8.C	11	3.600	8.040	0.020
BPP_new_20_400_8.C	11	3.600	8.040	0.020
BPP_new_20_400_8.C	11	3.600	8.040	0.020
BPP_new_20_400_8.C	11	3.600	8.040	0.019
BPP_new_20_400_8.C	11	3.600	8.040	0.019
BPP_new_20_400_8.C	11	3.600	8.040	0.019
BPP_new_20_400_8.C	11	3.600	8.040	0.019
BPP_new_20_400_8.C	11	3.600	8.040	0.019
BPP_new_20_400_8.C	11	3.600	8.040	0.019
BPP_new_20_400_9.C	9	5.400	7.560	0.018
BPP_new_20_400_9.C	9	5.400	7.560	0.018
BPP_new_20_400_9.C	9	5.400	7.560	0.018
BPP_new_20_400_9.C	9	6.400	7.960	0.018
BPP_new_20_400_9.C	9	5.400	7.560	0.018
BPP_new_20_400_9.C	9	5.400	7.560	0.018
BPP_new_20_400_9.C	9	6.600	8.040	0.018
BPP_new_20_400_9.C	10	4.600	7.840	0.019
BPP_new_20_400_9.C	9	5.400	7.560	0.018
BPP_new_20_400_9.C	9	5.400	7.560	0.018
BPP_new_20_500_1.C	8	1.600	5.440	0.017
BPP_new_20_500_1.C	8	1.600	5.440	0.017
BPP_new_20_500_1.C	8	1.600	5.440	0.018
BPP_new_20_500_1.C	8	1.600	5.440	0.017
BPP_new_20_500_1.C	8	1.600	5.440	0.017
BPP_new_20_500_1.C	8	1.600	5.440	0.017
BPP_new_20_500_1.C	8	1.600	5.440	0.017
BPP_new_20_500_1.C	8	1.600	5.440	0.017
BPP_new_20_500_1.C	8	1.600	5.440	0.017
BPP_new_20_500_1.C	8	1.600	5.440	0.017
BPP_new_20_500_10.C	7	1.400	4.760	0.015
BPP_new_20_500_10.C	7	1.400	4.760	0.016
BPP_new_20_500_10.C	7	1.400	4.760	0.015
BPP_new_20_500_10.C	7	1.400	4.760	0.015
BPP_new_20_500_10.C	7	1.400	4.760	0.015
BPP_new_20_500_10.C	7	1.400	4.760	0.016
BPP_new_20_500_10.C	7	1.400	4.760	0.015
BPP_new_20_500_10.C	7	1.400	4.760	0.015
BPP_new_20_500_10.C	7	1.400	4.760	0.015
BPP_new_20_500_10.C	7	1.400	4.760	0.015
BPP_new_20_500_2.C	9	1.800	6.120	0.019
BPP_new_20_500_2.C	9	1.800	6.120	0.019
BPP_new_20_500_2.C	9	1.800	6.120	0.019
BPP_new_20_500_2.C	9	1.800	6.120	0.019
BPP_new_20_500_2.C	9	1.800	6.120	0.018
BPP_new_20_500_2.C	9	1.800	6.120	0.019
BPP_new_20_500_2.C	9	1.800	6.120	0.019
BPP_new_20_500_2.C	9	1.800	6.120	0.019
BPP_new_20_500_2.C	9	1.800	6.120	0.018
BPP_new_20_500_2.C	9	1.800	6.120	0.019
BPP_new_20_500_3.C	10	4.000	7.600	0.022
BPP_new_20_500_3.C	10	4.000	7.600	0.022
BPP_new_20_500_3.C	10	4.000	7.600	0.022
BPP_new_20_500_3.C	10	4.000	7.600	0.022
BPP_new_20_500_3.C	10	4.000	7.600	0.022
BPP_new_20_500_3.C	10	4.000	7.600	0.022
BPP_new_20_500_3.C	10	4.000	7.600	0.022
BPP_new_20_500_3.C	10	4.000	7.600	0.021
BPP_new_20_500_3.C	10	4.000	7.600	0.021
BPP_new_20_500_3.C	10	4.000	7.600	0.021
BPP_new_20_500_4.C	11	2.400	7.560	0.021
BPP_new_20_500_4.C	11	2.400	7.560	0.021
BPP_new_20_500_4.C	11	2.400	7.560	0.023
BPP_new_20_500_4.C	11	2.400	7.560	0.021
BPP_new_20_500_4.C	11	2.400	7.560	0.022
BPP_new_20_500_4.C	11	2.400	7.560	0.022
BPP_new_20_500_4.C	11	2.400	7.560	0.021
BPP_new_20_500_4.C	11	2.400	7.560	0.022
BPP_new_20_500_4.C	11	2.400	7.560	0.022
BPP_new_20_500_4.C	11	2.400	7.560	0.022
BPP_new_20_500_5.C	8	0.000	4.800	0.015
BPP_new_20_500_5.C	8	0.000	4.800	0.015
BPP_new_20_500_5.C	8	0.000	4.800	0.015
BPP_new_20_500_5.C	8	0.000	4.800	0.015
BPP_new_20_500_5.C	8	0.000	4.800	0.015
BPP_new_20_500_5.C	8	0.000	4.800	0.015
BPP_new_20_500_5.C	8	0.000	4.800	0.015
BPP_new_20_500_5.C	8	0.000	4.800	0.015
BPP_new_20_500_5.C	8	0.000	4.800	0.015
BPP_new_20_500_5.C	8	0.000	4.800	0.015
BPP_new_20_500_6.C	10	2.000	6.800	0.020
BPP_new_20_500_6.C	10	2.000	6.800	0.020
BPP_new_20_500_6.C	10	2.000	6.800	0.020
BPP_new_20_500_6.C	10	2.000	6.800	0.020
BPP_new_20_500_6.C	10	2.000	6.800	0.020
BPP_new_20_500_6.C	10	2.000	6.800	0.020
BPP_new_20_500_6.C	10	2.000	6.800	0.020
BPP_new_20_500_6.C	10	2.000	6.800	0.020
BPP_new_20_500_6.C	10	2.000	6.800	0.020
BPP_new_20_500_6.C	10	2.000	6.800	0.020
BPP_new_20_500_7.C	13	2.800	8.920	0.024
BPP_new_20_500_7.C	13	2.800	8.920	0.024
BPP_new_20_500_7.C	13	2.800	8.920	0.024
BPP_new_20_500_7.C	13	2.800	8.920	0.024
BPP_new_20_500_7.C	13	2.800	8.920	0.024
BPP_new_20_500_7.C	13	2.800	8.920	0.024
BPP_new_20_500_7.C	13	2.800	8.920	0.024
BPP_new_20_500_7.C	13	2.800	8.920	0.024
BPP_new_20_500_7.C	13	2.800	8.920	0.024
BPP_new_20_500_7.C	13	2.800	8.920	0.023
BPP_new_20_500_8.C	11	2.400	7.560	0.023
BPP_new_20_500_8.C	11	2.400	7.560	0.023
BPP_new_20_500_8.C	11	2.600	7.640	0.023
BPP_new_20_500_8.C	11	2.400	7.560	0.023
BPP_new_20_500_8.C	11	2.400	7.560	0.023
BPP_new_20_500_8.C	11	2.400	7.560	0.023
BPP_new_20_500_8.C	11	2.400	7.560	0.023
BPP_new_20_500_8.C	11	2.400	7.560	0.023
BPP_new_20_500_8.C	11	2.400	7.560	0.023
BPP_new_20_500_8.C	11	2.400	7.560	0.023
BPP_new_20_500_9.C	11	2.400	7.560	0.022
BPP_new_20_500_9.C	11	2.400	7.560	0.022
BPP_new_20_500_9.C	11	2.400	7.560	0.022
BPP_new_20_500_9.C	11	2.400	7.560	0.022
BPP_new_20_500_9.C	11	2.400	7.560	0.021
BPP_new_20_500_9.C	11	2.400	7.560	0.022
BPP_new_20_500_9.C	11	2.400	7.560	0.022
BPP_new_20_500_9.C	11	2.400	7.560	0.022
BPP_new_20_500_9.C	11	2.400	7.560	0.022
BPP_new_20_500_9.C	11	2.400	7.560	0.022
BPP_new_20_50_1.C	13	2.600	8.840	0.004
BPP_new_20_50_1.C	13	2.600	8.840	0.004
BPP_new_20_50_1.C	13	2.600	8.840	0.003
BPP_new_20_50_1.C	13	2.600	8.840	0.004
BPP_new_20_50_1.C	13	2.600	8.840	0.003
BPP_new_20_50_1.C	13	2.600	8.840	0.004
BPP_new_20_50_1.C	13	2.600	8.840	0.004
BPP_new_20_50_1.C	13	2.600	8.840	0.004
BPP_new_20_50_1.C	13	2.600	8.840	0.004
BPP_new_20_50_1.C	13	2.600	8.840	0.004
BPP_new_20_50_10.C	13	3.000	9.000	0.003
BPP_new_20_50_10.C	13	3.000	9.000	0.003
BPP_new_20_50_10.C	13	3.000	9.000	0.003
BPP_new_20_50_10.C	13	3.000	9.000	0.003
BPP_new_20_50_10.C	13	3.000	9.000	0.003
BPP_new_20_50_10.C	13	3.000	9.000	0.003
BPP_new_20_50_10.C	13	3.000	9.000	0.003
BPP_new_20_50_10.C	13	3.000	9.000	0.003
BPP_new_20_50_10.C	13	3.000	9.000	0.003
BPP_new_20_50_10.C	13	3.000	9.000	0.003
BPP_new_20_50_2.C	9	3.400	6.760	0.003
BPP_new_20_50_2.C	9	3.400	6.760	0.003
BPP_new_20_50_2.C	9	3.400	6.760	0.003
BPP_new_20_50_2.C	9	3.200	6.680	0.003
BPP_new_20_50_2.C	9	3.400	6.760	0.003
BPP_new_20_50_2.C	9	3.400	6.760	0.003
BPP_new_20_50_2.C	9	3.400	6.760	0.003
BPP_new_20_50_2.C	9	3.400	6.760	0.003
BPP_new_20_50_2.C	9	3.400	6.760	0.003
BPP_new_20_50_2.C	10	2.200	6.880	0.003
BPP_new_20_50_3.C	9	3.600	6.840	0.003
BPP_new_20_50_3.C	9	3.600	6.840	0.003
BPP_new_20_50_3.C	9	3.600	6.840	0.003
BPP_new_20_50_3.C	9	3.600	6.840	0.003
BPP_new_20_50_3.C	9	3.600	6.840	0.003
BPP_new_20_50_3.C	9	3.600	6.840	0.003
BPP_new_20_50_3.C	9	3.600	6.840	0.003
BPP_new_20_50_3.C	9	3.600	6.840	0.003
BPP_new_20_50_3.C	9	3.600	6.840	0.003
BPP_new_20_50_3.C	9	3.600	6.840	0.003
BPP_new_20_50_4.C	14	3.400	9.760	0.004
BPP_new_20_50_4.C	14	3.400	9.760	0.004
BPP_new_20_50_4.C	14	3.400	9.760	0.004
BPP_new_20_50_4.C	14	3.400	9.760	0.004
BPP_new_20_50_4.C	14	3.400	9.760	0.004
BPP_new_20_50_4.C	14	3.400	9.760	0.004
BPP_new_20_50_4.C	14	3.400	9.760	0.004
BPP_new_20_50_4.C	14	3.400	9.760	0.004
BPP_new_20_50_4.C	14	3.400	9.760	0.004
BPP_new_20_50_4.C	14	3.400	9.760	0.004
BPP_new_20_50_5.C	9	1.800	6.120	0.003
BPP_new_20_50_5.C	9	1.800	6.120	0.003
BPP_new_20_50_5.C	9	1.800	6.120	0.003
BPP_new_20_50_5.C	9	1.800	6.120	0.003
BPP_new_20_50_5.C	9	1.800	6.120	0.003
BPP_new_20_50_5.C	9	1.800	6.120	0.003
BPP_new_20_50_5.C	9	1.800	6.120	0.003
BPP_new_20_50_5.C	9	1.800	6.120	0.003
BPP_new_20_50_5.C	9	1.800	6.120	0.003
BPP_new_20_50_5.C	9	1.800	6.120	0.003
BPP_new_20_50_6.C	9	3.000	6.600	0.003
BPP_new_20_50_6.C	9	3.000	6.600	0.003
BPP_new_20_50_6.C	9	3.000	6.600	0.003
BPP_new_20_50_6.C	9	3.000	6.600	0.003
BPP_new_20_50_6.C	9	3.000	6.600	0.003
BPP_new_20_50_6.C	9	3.000	6.600	0.003
BPP_new_20_50_6.C	9	3.000	6.600	0.003
BPP_new_20_50_6.C	9	3.000	6.600	0.003
BPP_new_20_50_6.C	9	3.000	6.600	0.003
BPP_new_20_50_6.C	9	3.000	6.600	0.003
BPP_new_20_50_7.C	11	2.800	7.720	0.003
BPP_new_20_50_7.C	11	2.800	7.720	0.003
BPP_new_20_50_7.C	11	2.800	7.720	0.003
BPP_new_20_50_7.C	11	2.800	7.720	0.003
BPP_new_20_50_7.C	11	2.800	7.720	0.003
BPP_new_20_50_7.C	11	2.800	7.720	0.003
BPP_new_20_50_7.C	11	2.800	7.720	0.003
BPP_new_20_50_7.C	11	2.800	7.720	0.003
BPP_new_20_50_7.C	11	2.800	7.720	0.003
BPP_new_20_50_7.C	11	2.800	7.720	0.003
BPP_new_20_50_8.C	12	1.000	7.600	0.003
BPP_new_20_50_8.C	12	1.000	7.600	0.003
BPP_new_20_50_8.C	12	1.000	7.600	0.003
BPP_new_20_50_8.C	12	1.000	7.600	0.003
BPP_new_20_50_8.C	12	1.000	7.600	0.003
BPP_new_20_50_8.C	12	1.000	7.600	0.003
BPP_new_20_50_8.C	12	1.000	7.600	0.003
BPP_new_20_50_8.C	12	1.000	7.600	0.003
BPP_new_20_50_8.C	12	1.000	7.600	0.003
BPP_new_20_50_8.C	12	1.000	7.600	0.003
BPP_new_20_50_9.C	9	3.200	6.680	0.003
BPP_new_20_50_9.C	9	3.000	6.600	0.003
BPP_new_20_50_9.C	9	3.000	6.600	0.003
BPP_new_20_50_9.C	9	3.000	6.600	0.003
BPP_new_20_50_9.C	9	3.200	6.680	0.003
BPP_new_20_50_9.C	9	3.000	6.600	0.003
BPP_new_20_50_9.C	9	3.000	6.600	0.003
BPP_new_20_50_9.C	9	3.000	6.600	0.003
BPP_new_20_50_9.C	9	3.000	6.600	0.003
BPP_new_20_50_9.C	9	3.000	6.600	0.003
BPP_new_20_750_1.C	10	1.400	6.560	0.029
BPP_new_20_750_1.C	10	1.400	6.560	0.028
BPP_new_20_750_1.C	10	1.400	6.560	0.029
BPP_new_20_750_1.C	10	1.400	6.560	0.028
BPP_new_20_750_1.C	10	1.400	6.560	0.028
BPP_new_20_750_1.C	10	1.400	6.560	0.029
BPP_new_20_750_1.C	10	1.400	6.560	0.029
BPP_new_20_750_1.C	10	1.400	6.560	0.029
BPP_new_20_750_1.C	10	1.400	6.560	0.028
BPP_new_20_750_1.C	10	1.400	6.560	0.028
BPP_new_20_750_10.C	11	5.000	8.600	0.033
BPP_new_20_750_10.C	11	5.000	8.600	0.032
BPP_new_20_750_10.C	11	5.000	8.600	0.032
BPP_new_20_750_10.C	11	5.000	8.600	0.033
BPP_new_20_750_10.C	11	5.000	8.600	0.032
BPP_new_20_750_10.C	11	5.000	8.600	0.033
BPP_new_20_750_10.C	11	5.000	8.600	0.033
BPP_new_20_750_10.C	11	5.000	8.600	0.032
BPP_new_20_750_10.C	11	5.000	8.600	0.032
BPP_new_20_750_10.C	11	5.000	8.600	0.034
BPP_new_20_750_2.C	9	1.800	6.120	0.026
BPP_new_20_750_2.C	9	1.800	6.120	0.026
BPP_new_20_750_2.C	9	1.800	6.120	0.026
BPP_new_20_750_2.C	9	1.800	6.120	0.026
BPP_new_20_750_2.C	9	1.800	6.120	0.026
BPP_new_20_750_2.C	9	1.800	6.120	0.026
BPP_new_20_750_2.C	9	1.800	6.120	0.026
BPP_new_20_750_2.C	9	1.800	6.120	0.026
BPP_new_20_750_2.C	9	1.800	6.120	0.026
BPP_new_20_750_2.C	9	1.800	6.120	0.026
BPP_new_20_750_3.C	9	1.800	6.120	0.028
BPP_new_20_750_3.C	10	1.000	6.400	0.028
BPP_new_20_750_3.C	10	1.000	6.400	0.028
BPP_new_20_750_3.C	9	1.800	6.120	0.028
BPP_new_20_750_3.C	10	1.000	6.400	0.028
BPP_new_20_750_3.C	9	1.800	6.120	0.028
BPP_new_20_750_3.C	10	1.000	6.400	0.028
BPP_new_20_750_3.C	10	1.000	6.400	0.027
BPP_new_20_750_3.C	9	1.800	6.120	0.028
BPP_new_20_750_3.C	9	1.800	6.120	0.028
BPP_new_20_750_4.C	9	1.200	5.880	0.027
BPP_new_20_750_4.C	9	1.200	5.880	0.027
BPP_new_20_750_4.C	9	1.200	5.880	0.026
BPP_new_20_750_4.C	9	1.200	5.880	0.026
BPP_new_20_750_4.C	9	1.200	5.880	0.027
BPP_new_20_750_4.C	9	1.200	5.880	0.026
BPP_new_20_750_4.C	9	1.200	5.880	0.026
BPP_new_20_750_4.C	9	1.200	5.880	0.026
BPP_new_20_750_4.C	9	1.200	5.880	0.027
BPP_new_20_750_4.C	9	1.200	5.880	0.026
BPP_new_20_750_5.C	12	4.600	9.040	0.035
BPP_new_20_750_5.C	12	4.600	9.040	0.035
BPP_new_20_750_5.C	12	4.600	9.040	0.036
BPP_new_20_750_5.C	12	4.600	9.040	0.036
BPP_new_20_750_5.C	12	4.600	9.040	0.036
BPP_new_20_750_5.C	12	4.600	9.040	0.036
BPP_new_20_750_5.C	12	4.600	9.040	0.037
BPP_new_20_750_5.C	12	4.600	9.040	0.036
BPP_new_20_750_5.C	12	4.600	9.040	0.036
BPP_new_20_750_5.C	12	4.600	9.040	0.036
BPP_new_20_750_6.C	10	0.000	6.000	0.029
BPP_new_20_750_6.C	10	0.000	6.000	0.028
BPP_new_20_750_6.C	10	0.000	6.000	0.028
BPP_new_20_750_6.C	10	0.000	6.000	0.028
BPP_new_20_750_6.C	10	0.000	6.000	0.028
BPP_new_20_750_6.C	10	0.000	6.000	0.028
BPP_new_20_750_6.C	10	0.000	6.000	0.028
BPP_new_20_750_6.C	10	0.000	6.000	0.028
BPP_new_20_750_6.C	10	0.000	6.000	0.028
BPP_new_20_750_6.C	10	0.000	6.000	0.028
BPP_new_20_750_7.C	11	1.800	7.320	0.032
BPP_new_20_750_7.C	11	1.800	7.320	0.032
BPP_new_20_750_7.C	11	1.800	7.320	0.032
BPP_new_20_750_7.C	11	1.800	7.320	0.032
BPP_new_20_750_7.C	11	1.800	7.320	0.033
BPP_new_20_750_7.C	11	1.800	7.320	0.033
BPP_new_20_750_7.C	11	1.800	7.320	0.034
BPP_new_20_750_7.C	11	1.800	7.320	0.032
BPP_new_20_750_7.C	11	1.800	7.320	0.032
BPP_new_20_750_7.C	11	1.800	7.320	0.034
BPP_new_20_750_8.C	9	1.200	5.880	0.025
BPP_new_20_750_8.C	9	1.200	5.880	0.026
BPP_new_20_750_8.C	9	1.200	5.880	0.026
BPP_new_20_750_8.C	9	1.200	5.880	0.026
BPP_new_20_750_8.C	9	1.200	5.880	0.025
BPP_new_20_750_8.C	9	1.200	5.880	0.026
BPP_new_20_750_8.C	9	1.200	5.880	0.026
BPP_new_20_750_8.C	9	1.200	5.880	0.026
BPP_new_20_750_8.C	9	1.200	5.880	0.026
BPP_new_20_750_8.C	9	1.200	5.880	0.026
BPP_new_20_750_9.C	10	3.600	7.440	0.033
BPP_new_20_750_9.C	10	3.600	7.440	0.033
BPP_new_20_750_9.C	10	3.600	7.440	0.033
BPP_new_20_750_9.C	10	3.600	7.440	0.033
BPP_new_20_750_9.C	10	3.600	7.440	0.034
BPP_new_20_750_9.C	10	3.600	7.440	0.034
BPP_new_20_750_9.C	10	3.600	7.440	0.033
BPP_new_20_750_9.C	10	3.600	7.440	0.033
BPP_new_20_750_9.C	10	3.600	7.440	0.033
BPP_new_20_750_9.C	10	3.600	7.440	0.033
BPP_new_20_75_1.C	11	1.200	7.080	0.004
BPP_new_20_75_1.C	11	1.200	7.080	0.004
BPP_new_20_75_1.C	11	1.200	7.080	0.004
BPP_new_20_75_1.C	11	1.200	7.080	0.004
BPP_new_20_75_1.C	11	1.200	7.080	0.004
BPP_new_20_75_1.C	11	1.200	7.080	0.004
BPP_new_20_75_1.C	11	1.200	7.080	0.004
BPP_new_20_75_1.C	11	1.200	7.080	0.004
BPP_new_20_75_1.C	11	1.200	7.080	0.004
BPP_new_20_75_1.C	11	1.200	7.080	0.004
BPP_new_20_75_10.C	9	4.600	7.240	0.003
BPP_new_20_75_10.C	9	4.600	7.240	0.003
BPP_new_20_75_10.C	9	4.600	7.240	0.003
BPP_new_20_75_10.C	9	4.600	7.240	0.003
BPP_new_20_75_10.C	9	4.600	7.240	0.003
BPP_new_20_75_10.C	9	4.600	7.240	0.003
BPP_new_20_75_10.C	9	4.600	7.240	0.003
BPP_new_20_75_10.C	9	4.600	7.240	0.003
BPP_new_20_75_10.C	9	4.600	7.240	0.003
BPP_new_20_75_10.C	9	4.600	7.240	0.003
BPP_new_20_75_2.C	12	3.000	8.400	0.004
BPP_new_20_75_2.C	12	3.000	8.400	0.004
BPP_new_20_75_2.C	12	3.000	8.400	0.004
BPP_new_20_75_2.C	12	3.000	8.400	0.004
BPP_new_20_75_2.C	12	3.000	8.400	0.003
BPP_new_20_75_2.C	12	3.000	8.400	0.003
BPP_new_20_75_2.C	12	3.000	8.400	0.003
BPP_new_20_75_2.C	12	3.000	8.400	0.003
BPP_new_20_75_2.C	12	3.000	8.400	0.003
BPP_new_20_75_2.C	12	3.000	8.400	0.003
BPP_new_20_75_3.C	10	2.200	6.880	0.004
BPP_new_20_75_3.C	10	2.200	6.880	0.003
BPP_new_20_75_3.C	10	2.200	6.880	0.003
BPP_new_20_75_3.C	10	2.200	6.880	0.003
BPP_new_20_75_3.C	10	2.200	6.880	0.003
BPP_new_20_75_3.C	10	2.200	6.880	0.003
BPP_new_20_75_3.C	10	2.200	6.880	0.004
BPP_new_20_75_3.C	10	2.200	6.880	0.004
BPP_new_20_75_3.C	10	2.200	6.880	0.003
BPP_new_20_75_3.C	10	2.200	6.880	0.003
BPP_new_20_75_4.C	10	4.200	7.680	0.004
BPP_new_20_75_4.C	10	4.200	7.680	0.004
BPP_new_20_75_4.C	10	4.200	7.680	0.003
BPP_new_20_75_4.C	10	4.200	7.680	0.004
BPP_new_20_75_4.C	10	4.200	7.680	0.003
BPP_new_20_75_4.C	10	4.200	7.680	0.003
BPP_new_20_75_4.C	10	4.200	7.680	0.003
BPP_new_20_75_4.C	10	4.200	7.680	0.003
BPP_new_20_75_4.C	10	4.200	7.680	0.004
BPP_new_20_75_4.C	10	4.200	7.680	0.004
BPP_new_20_75_5.C	10	5.200	8.080	0.003
BPP_new_20_75_5.C	10	5.200	8.080	0.003
BPP_new_20_75_5.C	10	5.200	8.080	0.004
BPP_new_20_75_5.C	10	5.200	8.080	0.003
BPP_new_20_75_5.C	10	5.200	8.080	0.004
BPP_new_20_75_5.C	10	5.200	8.080	0.003
BPP_new_20_75_5.C	10	5.200	8.080	0.003
BPP_new_20_75_5.C	10	5.200	8.080	0.003
BPP_new_20_75_5.C	10	5.200	8.080	0.003
BPP_new_20_75_5.C	10	5.200	8.080	0.003
BPP_new_20_75_6.C	6	2.600	4.640	0.003
BPP_new_20_75_6.C	6	2.600	4.640	0.003
BPP_new_20_75_6.C	6	2.600	4.640	0.003
BPP_new_20_75_6.C	6	2.600	4.640	0.003
BPP_new_20_75_6.C	6	2.600	4.640	0.003
BPP_new_20_75_6.C	6	2.600	4.640	0.003
BPP_new_20_75_6.C	6	2.600	4.640	0.003
BPP_new_20_75_6.C	6	2.600	4.640	0.003
BPP_new_20_75_6.C	6	2.600	4.640	0.003
BPP_new_20_75_6.C	6	2.600	4.640	0.003
BPP_new_20_75_7.C	9	1.800	6.120	0.003
BPP_new_20_75_7.C	9	1.800	6.120	0.003
BPP_new_20_75_7.C	9	1.800	6.120	0.003
BPP_new_20_75_7.C	9	1.800	6.120	0.003
BPP_new_20_75_7.C	9	1.800	6.120	0.003
BPP_new_20_75_7.C	9	1.800	6.120	0.003
BPP_new_20_75_7.C	9	1.800	6.120	0.003
BPP_new_20_75_7.C	9	1.800	6.120	0.003
BPP_new_20_75_7.C	9	1.800	6.120	0.003
BPP_new_20_75_7.C	9	1.800	6.120	0.003
BPP_new_20_75_8.C	8	2.600	5.840	0.003
BPP_new_20_75_8.C	8	2.600	5.840	0.003
BPP_new_20_75_8.C	8	2.600	5.840	0.003
BPP_new_20_75_8.C	8	2.600	5.840	0.003
BPP_new_20_75_8.C	8	2.600	5.840	0.003
BPP_new_20_75_8.C	8	2.600	5.840	0.003
BPP_new_20_75_8.C	8	2.600	5.840	0.003
BPP_new_20_75_8.C	8	2.600	5.840	0.003
BPP_new_20_75_8.C	8	2.600	5.840	0.003
BPP_new_20_75_8.C	8	2.600	5.840	0.003
BPP_new_20_75_9.C	10	4.400	7.760	0.003
BPP_new_20_75_9.C	10	4.400	7.760	0.003
BPP_new_20_75_9.C	10	4.400	7.760	0.003
BPP_new_20_75_9.C	10	4.400	7.760	0.003
BPP_new_20_75_9.C	10	4.400	7.760	0.004
BPP_new_20_75_9.C	10	4.400	7.760	0.003
BPP_new_20_75_9.C	10	4.400	7.760	0.003
BPP_new_20_75_9.C	10	4.400	7.760	0.003
BPP_new_20_75_9.C	10	4.400	7.760	0.003
BPP_new_20_75_9.C	10	4.400	7.760	0.004
HBPP_02015007_09180.C	10	1.000	6.400	0.038
HBPP_02015007_09180.C	10	1.000	6.400	0.037
HBPP_02015007_09180.C	10	1.000	6.400	0.038
HBPP_02015007_09180.C	10	1.000	6.400	0.038
HBPP_02015007_09180.C	10	1.000	6.400	0.038
HBPP_02015007_09180.C	10	1.000	6.400	0.037
HBPP_02015007_09180.C	10	1.000	6.400	0.037
HBPP_02015007_09180.C	10	1.000	6.400	0.038
HBPP_02015007_09180.C	10	1.000	6.400	0.038
HBPP_02015007_09180.C	10	1.000	6.400	0.038
HBPP_04000107_06970.C	16	2.600	10.640	0.110
HBPP_04000107_06970.C	16	2.600	10.640	0.112
HBPP_04000107_06970.C	16	2.600	10.640	0.110
HBPP_04000107_06970.C	16	2.600	10.640	0.110
HBPP_04000107_06970.C	16	2.600	10.640	0.111
HBPP_04000107_06970.C	16	2.600	10.640	0.111
HBPP_04000107_06970.C	16	2.400	10.560	0.110
HBPP_04000107_06970.C	16	2.800	10.720	0.110
HBPP_04000107_06970.C	16	2.800	10.720	0.111
HBPP_04000107_06970.C	16	2.800	10.720	0.110
HBPP_04005007_06120.C	16	2.200	10.480	0.113
HBPP_04005007_06120.C	16	2.200	10.480	0.114
HBPP_04005007_06120.C	16	2.200	10.480	0.112
HBPP_04005007_06120.C	16	2.200	10.480	0.112
HBPP_04005007_06120.C	16	2.200	10.480	0.115
HBPP_04005007_06120.C	16	2.200	10.480	0.113
HBPP_04005007_06120.C	16	2.200	10.480	0.113
HBPP_04005007_06120.C	16	2.200	10.480	0.113
HBPP_04005007_06120.C	16	2.200	10.480	0.113
HBPP_04005007_06120.C	16	2.200	10.480	0.113
HBPP_04005009_03610.C	20	2.600	13.040	0.141
HBPP_04005009_03610.C	20	2.600	13.040	0.140
HBPP_04005009_03610.C	20	2.600	13.040	0.141
HBPP_04005009_03610.C	20	2.600	13.040	0.140
HBPP_04005009_03610.C	20	2.600	13.040	0.140
HBPP_04005009_03610.C	20	2.600	13.040	0.139
HBPP_04005009_03610.C	20	2.600	13.040	0.139
HBPP_04005009_03610.C	20	2.600	13.040	0.140
HBPP_04005009_03610.C	20	2.600	13.040	0.138
HBPP_04005009_03610.C	20	2.600	13.040	0.143
HBPP_06000106_07820.C	21	2.800	13.720	0.219
HBPP_06000106_07820.C	21	2.800	13.720	0.220
HBPP_06000106_07820.C	21	2.000	13.400	0.219
HBPP_06000106_07820.C	21	2.200	13.480	0.222
HBPP_06000106_07820.C	21	2.600	13.640	0.255
HBPP_06000106_07820.C	21	2.800	13.720	0.278
HBPP_06000106_07820.C	21	2.800	13.720	0.260
HBPP_06000106_07820.C	21	2.800	13.720	0.250
HBPP_06000106_07820.C	21	2.800	13.720	0.263
HBPP_06000106_07820.C	21	2.800	13.720	0.277
HBPP_06000110_01950.C	27	3.000	17.400	0.336
HBPP_06000110_01950.C	27	3.000	17.400	0.334
HBPP_06000110_01950.C	27	3.000	17.400	0.277
HBPP_06000110_01950.C	27	3.000	17.400	0.284
HBPP_06000110_01950.C	27	3.000	17.400	0.281
HBPP_06000110_01950.C	27	3.000	17.400	0.280
HBPP_06000110_01950.C	27	3.000	17.400	0.282
HBPP_06000110_01950.C	27	3.000	17.400	0.278
HBPP_06000110_01950.C	27	3.000	17.400	0.278
HBPP_06000110_01950.C	27	3.200	17.480	0.277
HBPP_06005007_00330.C	23	3.800	15.320	0.243
HBPP_06005007_00330.C	23	3.800	15.320	0.247
HBPP_06005007_00330.C	23	4.200	15.480	0.240
HBPP_06005007_00330.C	23	3.800	15.320	0.245
HBPP_06005007_00330.C	23	4.000	15.400	0.246
HBPP_06005007_00330.C	23	4.000	15.400	0.248
HBPP_06005007_00330.C	23	4.000	15.400	0.246
HBPP_06005007_00330.C	23	4.000	15.400	0.243
HBPP_06005007_00330.C	23	3.800	15.320	0.244
HBPP_06005007_00330.C	23	4.000	15.400	0.245
HBPP_06005007_03820.C	22	1.400	13.760	0.264
HBPP_06005007_03820.C	22	1.400	13.760	0.279
HBPP_06005007_03820.C	22	1.400	13.760	0.233
HBPP_06005007_03820.C	22	1.400	13.760	0.234
HBPP_06005007_03820.C	22	1.400	13.760	0.300
HBPP_06005007_03820.C	22	1.400	13.760	0.293
HBPP_06005007_03820.C	22	1.400	13.760	0.270
HBPP_06005007_03820.C	22	1.400	13.760	0.291
HBPP_06005007_03820.C	22	1.400	13.760	0.243
HBPP_06005007_03820.C	22	1.400	13.760	0.230
HBPP_06005008_07550.C	24	3.400	15.760	0.274
HBPP_06005008_07550.C	24	3.200	15.680	0.310
HBPP_06005008_07550.C	24	3.200	15.680	0.307
HBPP_06005008_07550.C	24	3.400	15.760	0.302
HBPP_06005008_07550.C	24	3.400	15.760	0.306
HBPP_06005008_07550.C	24	3.400	15.760	0.295
HBPP_06005008_07550.C	24	3.200	15.680	0.308
HBPP_06005008_07550.C	24	3.200	15.680	0.326
HBPP_06005008_07550.C	24	3.200	15.680	0.295
HBPP_06005008_07550.C	24	3.400	15.760	0.332
HBPP_06015006_00670.C	25	1.600	15.640	0.333
HBPP_06015006_00670.C	25	3.000	16.200	0.309
HBPP_06015006_00670.C	25	1.600	15.640	0.333
HBPP_06015006_00670.C	25	1.600	15.640	0.315
HBPP_06015006_00670.C	25	1.600	15.640	0.321
HBPP_06015006_00670.C	25	1.600	15.640	0.330
HBPP_06015006_00670.C	25	1.600	15.640	0.330
HBPP_06015006_00670.C	25	1.600	15.640	0.308
HBPP_06015006_00670.C	25	1.600	15.640	0.313
HBPP_06015006_00670.C	25	1.600	15.640	0.335
HBPP_06015009_04030.C	31	5.400	20.760	0.404
HBPP_06015009_04030.C	31	5.400	20.760	0.408
HBPP_06015009_04030.C	31	5.400	20.760	0.402
HBPP_06015009_04030.C	31	5.200	20.680	0.378
HBPP_06015009_04030.C	31	5.400	20.760	0.381
HBPP_06015009_04030.C	31	5.200	20.680	0.430
HBPP_06015009_04030.C	31	5.200	20.680	0.377
HBPP_06015009_04030.C	31	5.400	20.760	0.423
HBPP_06015009_04030.C	31	5.400	20.760	0.375
HBPP_06015009_04030.C	31	5.200	20.680	0.384
HBPP_06015010_07710.C	34	2.800	21.520	0.419
HBPP_06015010_07710.C	34	2.600	21.440	0.399
HBPP_06015010_07710.C	34	2.400	21.360	0.438
HBPP_06015010_07710.C	34	2.800	21.520	0.411
HBPP_06015010_07710.C	34	3.200	21.680	0.417
HBPP_06015010_07710.C	34	3.000	21.600	0.433
HBPP_06015010_07710.C	34	2.800	21.520	0.409
HBPP_06015010_07710.C	34	2.600	21.440	0.405
HBPP_06015010_07710.C	34	2.400	21.360	0.431
HBPP_06015010_07710.C	34	2.600	21.440	0.427
HBPP_06025005_06390.C	24	5.600	16.640	0.312
HBPP_06025005_06390.C	24	5.400	16.560	0.300
HBPP_06025005_06390.C	24	5.600	16.640	0.347
HBPP_06025005_06390.C	24	5.000	16.400	0.298
HBPP_06025005_06390.C	24	5.000	16.400	0.320
HBPP_06025005_06390.C	24	5.000	16.400	0.325
HBPP_06025005_06390.C	24	5.000	16.400	0.308
HBPP_06025005_06390.C	24	5.200	16.480	0.320
HBPP_06025005_06390.C	24	5.200	16.480	0.324
HBPP_06025005_06390.C	24	5.200	16.480	0.341
HBPP_08000107_06240.C	28	5.800	19.120	0.552
HBPP_08000107_06240.C	28	5.800	19.120	0.558
HBPP_08000107_06240.C	28	5.800	19.120	0.560
HBPP_08000107_06240.C	28	5.800	19.120	0.519
HBPP_08000107_06240.C	28	6.000	19.200	0.526
HBPP_08000107_06240.C	28	5.800	19.120	0.519
HBPP_08000107_06240.C	28	5.600	19.040	0.556
HBPP_08000107_06240.C	28	5.600	19.040	0.544
HBPP_08000107_06240.C	28	5.600	19.040	0.553
HBPP_08000107_06240.C	28	5.800	19.120	0.547
HBPP_08005006_08620.C	27	6.400	18.760	0.573
HBPP_08005006_08620.C	27	6.400	18.760	0.566
HBPP_08005006_08620.C	27	6.400	18.760	0.533
HBPP_08005006_08620.C	27	6.400	18.760	0.555
HBPP_08005006_08620.C	27	6.200	18.680	0.558
HBPP_08005006_08620.C	27	6.400	18.760	0.569
HBPP_08005006_08620.C	27	6.400	18.760	0.547
HBPP_08005006_08620.C	27	6.000	18.600	0.539
HBPP_08005006_08620.C	27	6.400	18.760	0.545
HBPP_08005006_08620.C	27	6.200	18.680	0.598
HBPP_08005007_03940.C	29	5.400	19.560	0.397
HBPP_08005007_03940.C	29	5.200	19.480	0.400
HBPP_08005007_03940.C	29	5.400	19.560	0.401
HBPP_08005007_03940.C	29	5.400	19.560	0.403
HBPP_08005007_03940.C	29	5.400	19.560	0.563
HBPP_08005007_03940.C	29	5.400	19.560	0.517
HBPP_08005007_03940.C	29	5.400	19.560	0.516
HBPP_08005007_03940.C	29	5.400	19.560	0.535
HBPP_08005007_03940.C	29	5.400	19.560	0.545
HBPP_08005007_03940.C	29	5.400	19.560	0.523
HBPP_10000107_05080.C	38	5.000	24.800	1.033
HBPP_10000107_05080.C	38	4.400	24.560	1.067
HBPP_10000107_05080.C	38	5.000	24.800	1.008
HBPP_10000107_05080.C	38	5.200	24.880	0.973
HBPP_10000107_05080.C	38	3.800	24.320	1.016
HBPP_10000107_05080.C	38	4.400	24.560	0.983
HBPP_10000107_05080.C	38	5.000	24.800	1.029
HBPP_10000107_05080.C	38	4.600	24.640	1.068
HBPP_10000107_05080.C	38	4.400	24.560	0.974
HBPP_10000107_05080.C	38	4.400	24.560	1.022
HBPP_10000107_07330.C	36	3.600	23.040	0.620
HBPP_10000107_07330.C	36	3.600	23.040	0.614
HBPP_10000107_07330.C	36	3.600	23.040	0.620
HBPP_10000107_07330.C	36	3.600	23.040	0.622
HBPP_10000107_07330.C	36	3.400	22.960	0.616
HBPP_10000107_07330.C	36	3.800	23.120	0.615
HBPP_10000107_07330.C	36	3.600	23.040	0.618
HBPP_10000107_07330.C	36	3.600	23.040	0.615
HBPP_10000107_07330.C	36	3.800	23.120	0.612
HBPP_10000107_07330.C	36	3.600	23.040	0.618
HBPP_10000108_02570.C	39	4.200	25.080	0.656
HBPP_10000108_02570.C	39	4.200	25.080	0.659
HBPP_10000108_02570.C	39	4.200	25.080	0.655
HBPP_10000108_02570.C	39	4.200	25.080	0.654
HBPP_10000108_02570.C	39	4.200	25.080	0.654
HBPP_10000108_02570.C	39	4.200	25.080	0.656
HBPP_10000108_02570.C	39	4.200	25.080	0.659
HBPP_10000108_02570.C	39	4.200	25.080	0.677
HBPP_10000108_02570.C	39	4.200	25.080	0.936
HBPP_10000108_02570.C	39	4.200	25.080	0.671
HBPP_10015007_04640.C	46	3.800	29.120	0.807
HBPP_10015007_04640.C	46	3.400	28.960	0.811
HBPP_10015007_04640.C	46	4.000	29.200	0.810
HBPP_10015007_04640.C	46	4.000	29.200	0.822
HBPP_10015007_04640.C	46	3.600	29.040	0.798
HBPP_10015007_04640.C	46	3.800	29.120	0.796
HBPP_10015007_04640.C	46	3.600	29.040	0.793
HBPP_10015007_04640.C	46	3.800	29.120	0.825
HBPP_10015007_04640.C	46	3.600	29.040	0.812
HBPP_10015007_04640.C	46	3.800	29.120	0.808
HBPP_12000107_08940.C	46	5.800	29.920	0.997
HBPP_12000107_08940.C	46	5.800	29.920	0.964
HBPP_12000107_08940.C	46	5.400	29.760	0.951
HBPP_12000107_08940.C	46	5.400	29.760	0.960
HBPP_12000107_08940.C	46	5.800	29.920	0.965
HBPP_12000107_08940.C	46	5.600	29.840	0.976
HBPP_12000107_08940.C	46	5.600	29.840	1.007
HBPP_12000107_08940.C	46	5.400	29.760	1.014
HBPP_12000107_08940.C	46	5.400	29.760	0.968
HBPP_12000107_08940.C	46	5.600	29.840	0.950
HBPP_12000108_00350.C	45	1.800	27.720	0.932
HBPP_12000108_00350.C	45	1.600	27.640	0.955
HBPP_12000108_00350.C	45	1.600	27.640	0.950
HBPP_12000108_00350.C	45	1.600	27.640	0.943
HBPP_12000108_00350.C	45	1.600	27.640	0.928
HBPP_12000108_00350.C	45	1.800	27.720	0.960
HBPP_12000108_00350.C	45	2.000	27.800	0.914
HBPP_12000108_00350.C	45	1.600	27.640	0.993
HBPP_12000108_00350.C	45	1.600	27.640	0.924
HBPP_12000108_00350.C	45	1.600	27.640	0.947
HBPP_12000109_09170.C	58	2.200	35.680	1.176
HBPP_12000109_09170.C	59	3.000	36.600	1.180
HBPP_12000109_09170.C	58	2.200	35.680	1.214
HBPP_12000109_09170.C	58	2.200	35.680	1.175
HBPP_12000109_09170.C	58	2.200	35.680	1.190
HBPP_12000109_09170.C	58	2.200	35.680	1.197
HBPP_12000109_09170.C	58	2.200	35.680	1.185
HBPP_12000109_09170.C	59	3.000	36.600	1.224
HBPP_12000109_09170.C	59	3.000	36.600	1.186
HBPP_12000109_09170.C	58	2.200	35.680	1.200
HBPP_12000110_06550.C	62	3.800	38.720	1.257
HBPP_12000110_06550.C	61	3.600	38.040	1.258
HBPP_12000110_06550.C	62	3.800	38.720	1.238
HBPP_12000110_06550.C	62	3.800	38.720	1.259
HBPP_12000110_06550.C	61	2.800	37.720	1.290
HBPP_12000110_06550.C	61	2.800	37.720	1.266
HBPP_12000110_06550.C	61	2.800	37.720	1.263
HBPP_12000110_06550.C	61	3.600	38.040	1.255
HBPP_12000110_06550.C	62	3.800	38.720	1.231
HBPP_12000110_06550.C	62	3.800	38.720	1.254
HBPP_12005007_01380.C	53	3.000	33.000	1.118
HBPP_12005007_01380.C	53	3.000	33.000	1.085
HBPP_12005007_01380.C	53	3.000	33.000	1.099
HBPP_12005007_01380.C	53	3.000	33.000	1.170
HBPP_12005007_01380.C	53	3.000	33.000	1.220
HBPP_12005007_01380.C	53	3.200	33.080	1.179
HBPP_12005007_01380.C	52	2.600	32.240	1.156
HBPP_12005007_01380.C	53	3.000	33.000	1.151
HBPP_12005007_01380.C	53	3.000	33.000	1.090
HBPP_12005007_01380.C	53	3.000	33.000	1.127
HBPP_12005007_01800.C	45	4.600	28.840	0.989
HBPP_12005007_01800.C	45	4.600	28.840	0.940
HBPP_12005007_01800.C	45	4.800	28.920	0.954
HBPP_12005007_01800.C	45	5.000	29.000	0.944
HBPP_12005007_01800.C	45	5.000	29.000	0.948
HBPP_12005007_01800.C	45	4.800	28.920	0.958
HBPP_12005007_01800.C	45	5.200	29.080	0.942
HBPP_12005007_01800.C	45	4.800	28.920	0.943
HBPP_12005007_01800.C	45	4.600	28.840	0.959
HBPP_12005007_01800.C	45	4.800	28.920	0.981
HBPP_12005007_03240.C	44	4.000	28.000	0.937
HBPP_12005007_03240.C	44	4.000	28.000	0.917
HBPP_12005007_03240.C	44	4.200	28.080	0.920
HBPP_12005007_03240.C	44	4.000	28.000	0.918
HBPP_12005007_03240.C	44	4.200	28.080	0.930
HBPP_12005007_03240.C	44	3.800	27.920	0.917
HBPP_12005007_03240.C	44	3.800	27.920	0.918
HBPP_12005007_03240.C	44	3.800	27.920	0.964
HBPP_12005007_03240.C	44	4.000	28.000	0.929
HBPP_12005007_03240.C	44	4.200	28.080	0.912
HBPP_12005008_04500.C	55	5.800	35.320	1.135
HBPP_12005008_04500.C	55	5.600	35.240	1.156
HBPP_12005008_04500.C	55	5.800	35.320	1.206
HBPP_12005008_04500.C	55	5.600	35.240	1.152
HBPP_12005008_04500.C	55	5.600	35.240	1.157
HBPP_12005008_04500.C	55	5.800	35.320	1.151
HBPP_12005008_04500.C	55	5.600	35.240	1.173
HBPP_12005008_04500.C	55	5.800	35.320	1.134
HBPP_12005008_04500.C	55	5.800	35.320	1.139
HBPP_12005008_04500.C	55	5.800	35.320	1.155
HBPP_12015007_01650.C	55	5.400	35.160	1.135
HBPP_12015007_01650.C	54	5.400	34.560	1.124
HBPP_12015007_01650.C	54	6.400	34.960	1.130
HBPP_12015007_01650.C	54	6.000	34.800	1.169
HBPP_12015007_01650.C	54	6.400	34.960	1.159
HBPP_12015007_01650.C	54	5.400	34.560	1.122
HBPP_12015007_01650.C	54	5.200	34.480	1.149
HBPP_12015007_01650.C	54	6.000	34.800	1.129
HBPP_12015007_01650.C	54	5.800	34.720	1.141
HBPP_12015007_01650.C	54	5.800	34.720	1.128
HBPP_12015009_07400.C	63	7.400	40.760	1.300
HBPP_12015009_07400.C	63	7.800	40.920	1.313
HBPP_12015009_07400.C	63	7.400	40.760	1.311
HBPP_12015009_07400.C	63	7.400	40.760	1.298
HBPP_12015009_07400.C	63	7.600	40.840	1.302
HBPP_12015009_07400.C	63	7.600	40.840	1.304
HBPP_12015009_07400.C	63	7.600	40.840	1.310
HBPP_12015009_07400.C	63	7.600	40.840	1.292
HBPP_12015009_07400.C	63	7.400	40.760	1.292
HBPP_12015009_07400.C	63	8.000	41.000	1.310
HBPP_14005010_04470.C	81	9.800	52.520	1.950
HBPP_14005010_04470.C	81	10.000	52.600	1.910
HBPP_14005010_04470.C	81	9.800	52.520	1.909
HBPP_14005010_04470.C	81	10.000	52.600	1.982
HBPP_14005010_04470.C	81	9.600	52.440	2.006
HBPP_14005010_04470.C	81	9.600	52.440	1.927
HBPP_14005010_04470.C	81	9.800	52.520	1.944
HBPP_14005010_04470.C	81	9.600	52.440	1.941
HBPP_14005010_04470.C	81	9.800	52.520	1.951
HBPP_14005010_04470.C	81	9.800	52.520	1.929
HBPP_14015007_01210.C	64	6.600	41.040	1.562
HBPP_14015007_01210.C	65	5.600	41.240	1.591
HBPP_14015007_01210.C	65	5.800	41.320	1.566
HBPP_14015007_01210.C	65	5.800	41.320	1.570
HBPP_14015007_01210.C	64	5.800	40.720	1.595
HBPP_14015007_01210.C	64	6.200	40.880	1.587
HBPP_14015007_01210.C	65	4.800	40.920	1.603
HBPP_14015007_01210.C	64	6.000	40.800	1.564
HBPP_14015007_01210.C	64	6.000	40.800	1.572
HBPP_14015007_01210.C	64	6.000	40.800	1.661
HBPP_14015008_03730.C	67	4.800	42.120	1.621
HBPP_14015008_03730.C	67	5.200	42.280	1.664
HBPP_14015008_03730.C	67	4.800	42.120	1.642
HBPP_14015008_03730.C	67	5.000	42.200	1.690
HBPP_14015008_03730.C	67	5.400	42.360	1.681
HBPP_14015008_03730.C	67	5.800	42.520	1.651
HBPP_14015008_03730.C	67	4.600	42.040	1.697
HBPP_14015008_03730.C	67	5.000	42.200	1.647
HBPP_14015008_03730.C	67	5.400	42.360	1.658
HBPP_14015008_03730.C	67	4.800	42.120	1.685
HBPP_16000107_00140.C	63	12.800	42.920	3.157
HBPP_16000107_00140.C	63	12.800	42.920	3.257
HBPP_16000107_00140.C	63	12.800	42.920	3.247
HBPP_16000107_00140.C	63	12.800	42.920	3.318
HBPP_16000107_00140.C	62	13.800	42.720	3.162
HBPP_16000107_00140.C	63	12.800	42.920	3.141
HBPP_16000107_00140.C	63	12.600	42.840	3.415
HBPP_16000107_00140.C	62	13.400	42.560	3.275
HBPP_16000107_00140.C	63	13.000	43.000	3.062
HBPP_16000107_00140.C	63	12.800	42.920	3.271
HBPP_16000108_01490.C	67	12.200	45.080	3.495
HBPP_16000108_01490.C	67	12.000	45.000	3.441
HBPP_16000108_01490.C	67	11.800	44.920	3.115
HBPP_16000108_01490.C	67	12.200	45.080	3.339
HBPP_16000108_01490.C	67	12.400	45.160	3.219
HBPP_16000108_01490.C	67	12.000	45.000	3.405
HBPP_16000108_01490.C	67	12.200	45.080	3.158
HBPP_16000108_01490.C	67	12.000	45.000	3.427
HBPP_16000108_01490.C	67	12.200	45.080	3.318
HBPP_16000108_01490.C	67	11.800	44.920	3.518
HBPP_16000110_02790.C	85	14.400	56.760	4.245
HBPP_16000110_02790.C	85	14.200	56.680	4.132
HBPP_16000110_02790.C	85	15.000	57.000	4.143
HBPP_16000110_02790.C	85	14.200	56.680	4.269
HBPP_16000110_02790.C	85	14.400	56.760	4.308
HBPP_16000110_02790.C	85	14.400	56.760	4.064
HBPP_16000110_02790.C	85	14.600	56.840	4.156
HBPP_16000110_02790.C	85	14.600	56.840	4.267
HBPP_16000110_02790.C	85	14.200	56.680	4.165
HBPP_16000110_02790.C	85	14.200	56.680	4.171
HBPP_16005009_00010.C	79	13.800	52.920	2.354
HBPP_16005009_00010.C	80	13.600	53.440	3.769
HBPP_16005009_00010.C	80	12.400	52.960	4.123
HBPP_16005009_00010.C	80	12.800	53.120	4.190
HBPP_16005009_00010.C	80	12.800	53.120	2.300
HBPP_16005009_00010.C	80	12.600	53.040	3.773
HBPP_16005009_00010.C	80	12.400	52.960	2.344
HBPP_16005009_00010.C	80	12.000	52.800	2.323
HBPP_16005009_00010.C	80	12.200	52.880	2.338
HBPP_16005009_00010.C	80	12.000	52.800	2.315
HBPP_16005009_01610.C	80	11.000	52.400	2.782
HBPP_16005009_01610.C	80	10.800	52.320	2.580
HBPP_16005009_01610.C	80	11.200	52.480	3.443
HBPP_16005009_01610.C	80	11.000	52.400	2.289
HBPP_16005009_01610.C	80	10.800	52.320	2.327
HBPP_16005009_01610.C	80	11.200	52.480	2.344
HBPP_16005009_01610.C	80	11.200	52.480	4.000
HBPP_16005009_01610.C	80	11.000	52.400	2.512
HBPP_16005009_01610.C	80	11.000	52.400	2.398
HBPP_16005009_01610.C	80	11.000	52.400	2.370
HBPP_16015007_02060.C	75	7.800	48.120	3.732
HBPP_16015007_02060.C	75	7.600	48.040	2.794
HBPP_16015007_02060.C	74	9.000	48.000	2.950
HBPP_16015007_02060.C	74	9.400	48.160	3.317
HBPP_16015007_02060.C	75	8.600	48.440	3.372
HBPP_16015007_02060.C	74	9.400	48.160	2.141
HBPP_16015007_02060.C	74	9.400	48.160	2.118
HBPP_16015007_02060.C	74	9.000	48.000	2.139
HBPP_16015007_02060.C	74	10.400	48.560	2.244
HBPP_16015007_02060.C	74	9.600	48.240	2.224
HBPP_16015009_09810.C	86	12.200	56.480	2.516
HBPP_16015009_09810.C	86	11.600	56.240	2.538
HBPP_16015009_09810.C	87	11.400	56.760	2.592
HBPP_16015009_09810.C	86	12.200	56.480	2.534
HBPP_16015009_09810.C	87	12.000	57.000	2.529
HBPP_16015009_09810.C	86	12.200	56.480	4.599
HBPP_16015009_09810.C	87	11.800	56.920	4.004
HBPP_16015009_09810.C	86	12.200	56.480	2.484
HBPP_16015009_09810.C	87	12.000	57.000	2.485
HBPP_16015009_09810.C	86	12.000	56.400	4.533
HBPP_18000108_03590.C	77	10.200	50.280	2.841
HBPP_18000108_03590.C	77	10.000	50.200	4.460
HBPP_18000108_03590.C	77	10.000	50.200	2.876
HBPP_18000108_03590.C	77	9.800	50.120	4.223
HBPP_18000108_03590.C	77	10.000	50.200	2.892
HBPP_18000108_03590.C	77	8.400	49.560	4.333
HBPP_18000108_03590.C	77	10.000	50.200	2.849
HBPP_18000108_03590.C	77	9.200	49.880	4.474
HBPP_18000108_03590.C	77	9.200	49.880	4.494
HBPP_18000108_03590.C	77	8.600	49.640	4.372
HBPP_18000108_07160.C	78	8.800	50.320	4.453
HBPP_18000108_07160.C	78	11.000	51.200	4.443
HBPP_18000108_07160.C	78	9.000	50.400	4.350
HBPP_18000108_07160.C	79	9.800	51.320	4.492
HBPP_18000108_07160.C	78	8.600	50.240	2.999
HBPP_18000108_07160.C	79	8.200	50.680	2.882
HBPP_18000108_07160.C	78	7.800	49.920	4.388
HBPP_18000108_07160.C	79	8.200	50.680	4.409
HBPP_18000108_07160.C	78	7.800	49.920	4.081
HBPP_18000108_07160.C	78	9.000	50.400	4.437
HBPP_18000110_04390.C	90	8.400	57.360	3.366
HBPP_18000110_04390.C	90	7.400	56.960	3.377
HBPP_18000110_04390.C	90	7.200	56.880	3.517
HBPP_18000110_04390.C	90	7.200	56.880	3.450
HBPP_18000110_04390.C	90	8.000	57.200	3.392
HBPP_18000110_04390.C	90	8.000	57.200	3.452
HBPP_18000110_04390.C	90	8.600	57.440	3.317
HBPP_18000110_04390.C	90	7.400	56.960	3.460
HBPP_18000110_04390.C	90	8.400	57.360	3.332
HBPP_18000110_04390.C	90	8.000	57.200	5.084
HBPP_18015008_08210.C	89	15.200	59.480	3.314
HBPP_18015008_08210.C	89	15.200	59.480	3.372
HBPP_18015008_08210.C	89	15.400	59.560	3.341
HBPP_18015008_08210.C	89	15.400	59.560	5.061
HBPP_18015008_08210.C	89	15.200	59.480	5.137
HBPP_18015008_08210.C	89	15.400	59.560	5.298
HBPP_18015008_08210.C	89	15.200	59.480	4.645
HBPP_18015008_08210.C	89	15.400	59.560	5.326
HBPP_18015008_08210.C	89	15.200	59.480	5.058
HBPP_18015008_08210.C	89	15.200	59.480	5.214
HBPP_18015010_06050.C	109	10.600	69.640	3.987
HBPP_18015010_06050.C	109	10.600	69.640	4.034
HBPP_18015010_06050.C	109	9.400	69.160	6.161
HBPP_18015010_06050.C	108	10.800	69.120	6.060
HBPP_18015010_06050.C	109	8.200	68.680	6.350
HBPP_18015010_06050.C	109	9.400	69.160	6.096
HBPP_18015010_06050.C	109	8.800	68.920	6.133
HBPP_18015010_06050.C	109	10.000	69.400	6.114
HBPP_18015010_06050.C	109	9.800	69.320	6.155
HBPP_18015010_06050.C	109	9.800	69.320	4.060
HBPP_20000107_01190.C	78	3.600	48.240	3.526
HBPP_20000107_01190.C	78	3.600	48.240	4.886
HBPP_20000107_01190.C	78	3.600	48.240	5.058
HBPP_20000107_01190.C	78	4.200	48.480	4.395
HBPP_20000107_01190.C	78	4.200	48.480	3.498
HBPP_20000107_01190.C	78	3.800	48.320	3.545
HBPP_20000107_01190.C	78	3.600	48.240	3.542
HBPP_20000107_01190.C	78	3.600	48.240	3.572
HBPP_20000107_01190.C	78	3.600	48.240	3.526
HBPP_20000107_01190.C	78	3.600	48.240	3.512
HBPP_20000108_00250.C	78	11.800	51.520	5.235
HBPP_20000108_00250.C	78	10.400	50.960	5.046
HBPP_20000108_00250.C	78	11.800	51.520	4.858
HBPP_20000108_00250.C	79	10.200	51.480	3.488
HBPP_20000108_00250.C	78	10.400	50.960	3.663
HBPP_20000108_00250.C	78	10.600	51.040	3.585
HBPP_20000108_00250.C	79	10.000	51.400	3.733
HBPP_20000108_00250.C	78	11.600	51.440	3.574
HBPP_20000108_00250.C	78	12.600	51.840	3.514
HBPP_20000108_00250.C	78	11.000	51.200	4.986
HBPP_20000108_01750.C	87	11.800	56.920	4.138
HBPP_20000108_01750.C	88	12.800	57.920	5.331
HBPP_20000108_01750.C	87	11.000	56.600	5.881
HBPP_20000108_01750.C	87	11.200	56.680	5.565
HBPP_20000108_01750.C	87	13.000	57.400	5.601
HBPP_20000108_01750.C	87	11.200	56.680	5.632
HBPP_20000108_01750.C	87	12.400	57.160	3.961
HBPP_20000108_01750.C	87	13.200	57.480	4.007
HBPP_20000108_01750.C	87	12.600	57.240	4.142
HBPP_20000108_01750.C	87	13.000	57.400	4.084
HBPP_20005008_01240.C	87	8.400	55.560	5.605
HBPP_20005008_01240.C	87	8.800	55.720	5.832
HBPP_20005008_01240.C	87	7.600	55.240	5.077
HBPP_20005008_01240.C	88	8.200	56.080	5.420
HBPP_20005008_01240.C	87	7.200	55.080	5.710
HBPP_20005008_01240.C	88	8.000	56.000	5.377
HBPP_20005008_01240.C	87	8.800	55.720	5.697
HBPP_20005008_01240.C	88	8.000	56.000	5.930
HBPP_20005008_01240.C	87	8.200	55.480	5.742
HBPP_20005008_01240.C	88	8.800	56.320	5.519
HBPP_20005009_02000.C	96	9.400	61.360	4.513
HBPP_20005009_02000.C	96	9.200	61.280	4.560
HBPP_20005009_02000.C	96	10.400	61.760	6.269
HBPP_20005009_02000.C	96	9.600	61.440	4.566
HBPP_20005009_02000.C	96	8.800	61.120	4.474
HBPP_20005009_02000.C	96	9.800	61.520	4.468
HBPP_20005009_02000.C	96	9.400	61.360	4.716
HBPP_20005009_02000.C	96	10.800	61.920	4.313
HBPP_20005009_02000.C	96	10.200	61.680	4.526
HBPP_20005009_02000.C	96	10.400	61.760	4.342
HBPP_20005010_09530.C	105	10.600	67.240	4.700
HBPP_20005010_09530.C	105	10.200	67.080	4.679
HBPP_20005010_09530.C	105	10.200	67.080	4.708
HBPP_20005010_09530.C	105	9.400	66.760	5.793
HBPP_20005010_09530.C	105	9.400	66.760	4.725
HBPP_20005010_09530.C	105	9.200	66.680	4.896
HBPP_20005010_09530.C	105	10.200	67.080	4.733
HBPP_20005010_09530.C	105	10.000	67.000	4.797
HBPP_20005010_09530.C	105	10.600	67.240	4.707
HBPP_20005010_09530.C	105	9.400	66.760	4.802
HBPP_20015007_06370.C	86	9.600	55.440	3.923
HBPP_20015007_06370.C	86	9.400	55.360	3.952
HBPP_20015007_06370.C	86	9.200	55.280	3.836
HBPP_20015007_06370.C	86	8.200	54.880	4.132
HBPP_20015007_06370.C	86	8.800	55.120	4.346
HBPP_20015007_06370.C	86	9.600	55.440	4.165
HBPP_20015007_06370.C	86	9.600	55.440	4.169
HBPP_20015007_06370.C	86	9.200	55.280	4.376
HBPP_20015007_06370.C	86	9.200	55.280	4.273
HBPP_20015007_06370.C	86	8.200	54.880	4.567
HBPP_20015009_02720.C	114	16.000	74.800	7.839
HBPP_20015009_02720.C	115	16.200	75.480	7.560
HBPP_20015009_02720.C	115	17.400	75.960	7.451
HBPP_20015009_02720.C	114	16.200	74.880	7.396
HBPP_20015009_02720.C	114	17.000	75.200	7.490
HBPP_20015009_02720.C	114	16.200	74.880	7.197
HBPP_20015009_02720.C	115	16.000	75.400	6.912
HBPP_20015009_02720.C	114	16.200	74.880	7.082
HBPP_20015009_02720.C	115	15.800	75.320	7.465
HBPP_20015009_02720.C	115	16.600	75.640	5.199
BPP_100_1000_0.1_0.8_0.C	46	0.800	27.920	0.806
BPP_100_1000_0.1_0.8_0.C	46	0.800	27.920	0.818
BPP_100_1000_0.1_0.8_0.C	46	1.000	28.000	0.801
BPP_100_1000_0.1_0.8_0.C	47	0.800	28.520	0.844
BPP_100_1000_0.1_0.8_0.C	46	0.800	27.920	0.813
BPP_100_1000_0.1_0.8_0.C	46	0.800	27.920	0.822
BPP_100_1000_0.1_0.8_0.C	46	0.800	27.920	0.806
BPP_100_1000_0.1_0.8_0.C	46	0.800	27.920	0.811
BPP_100_1000_0.1_0.8_0.C	46	0.800	27.920	0.869
BPP_100_1000_0.1_0.8_0.C	46	0.800	27.920	0.824
BPP_100_1000_0.1_0.8_1.C	47	0.000	28.200	0.806
BPP_100_1000_0.1_0.8_1.C	47	0.000	28.200	0.842
BPP_100_1000_0.1_0.8_1.C	47	0.000	28.200	0.803
BPP_100_1000_0.1_0.8_1.C	47	0.000	28.200	0.799
BPP_100_1000_0.1_0.8_1.C	47	0.000	28.200	0.828
BPP_100_1000_0.1_0.8_1.C	47	0.000	28.200	0.799
BPP_100_1000_0.1_0.8_1.C	46	0.200	27.680	0.823
BPP_100_1000_0.1_0.8_1.C	47	0.000	28.200	0.798
BPP_100_1000_0.1_0.8_1.C	47	0.000	28.200	0.808
BPP_100_1000_0.1_0.8_1.C	47	0.000	28.200	0.812
BPP_100_1000_0.1_0.8_2.C	45	1.400	27.560	0.821
BPP_100_1000_0.1_0.8_2.C	45	1.600	27.640	0.851
BPP_100_1000_0.1_0.8_2.C	45	1.600	27.640	0.773
BPP_100_1000_0.1_0.8_2.C	45	1.400	27.560	0.842
BPP_100_1000_0.1_0.8_2.C	45	1.400	27.560	0.781
BPP_100_1000_0.1_0.8_2.C	45	1.400	27.560	0.784
BPP_100_1000_0.1_0.8_2.C	45	1.400	27.560	0.772
BPP_100_1000_0.1_0.8_2.C	45	1.600	27.640	0.772
BPP_100_1000_0.1_0.8_2.C	45	1.400	27.560	0.782
BPP_100_1000_0.1_0.8_2.C	45	1.400	27.560	0.777
BPP_100_1000_0.1_0.8_3.C	45	1.000	27.400	0.789
BPP_100_1000_0.1_0.8_3.C	45	1.000	27.400	0.814
BPP_100_1000_0.1_0.8_3.C	45	1.000	27.400	0.791
BPP_100_1000_0.1_0.8_3.C	45	1.000	27.400	0.806
BPP_100_1000_0.1_0.8_3.C	45	1.000	27.400	0.792
BPP_100_1000_0.1_0.8_3.C	45	1.000	27.400	0.799
BPP_100_1000_0.1_0.8_3.C	45	1.000	27.400	0.793
BPP_100_1000_0.1_0.8_3.C	45	1.000	27.400	0.804
BPP_100_1000_0.1_0.8_3.C	45	1.000	27.400	0.799
BPP_100_1000_0.1_0.8_3.C	45	1.000	27.400	0.814
BPP_100_1000_0.1_0.8_4.C	45	1.000	27.400	0.791
BPP_100_1000_0.1_0.8_4.C	45	1.000	27.400	0.809
BPP_100_1000_0.1_0.8_4.C	45	1.000	27.400	0.798
BPP_100_1000_0.1_0.8_4.C	45	1.000	27.400	0.805
BPP_100_1000_0.1_0.8_4.C	45	1.000	27.400	0.787
BPP_100_1000_0.1_0.8_4.C	45	1.000	27.400	0.817
BPP_100_1000_0.1_0.8_4.C	45	1.000	27.400	0.795
BPP_100_1000_0.1_0.8_4.C	45	1.000	27.400	0.812
BPP_100_1000_0.1_0.8_4.C	45	1.000	27.400	0.777
BPP_100_1000_0.1_0.8_4.C	45	1.000	27.400	0.828
BPP_100_1000_0.1_0.8_5.C	46	5.200	29.680	0.832
BPP_100_1000_0.1_0.8_5.C	46	5.200	29.680	0.823
BPP_100_1000_0.1_0.8_5.C	46	5.000	29.600	0.824
BPP_100_1000_0.1_0.8_5.C	46	5.000	29.600	0.817
BPP_100_1000_0.1_0.8_5.C	46	5.000	29.600	0.854
BPP_100_1000_0.1_0.8_5.C	46	4.800	29.520	0.840
BPP_100_1000_0.1_0.8_5.C	46	5.000	29.600	0.813
BPP_100_1000_0.1_0.8_5.C	46	5.000	29.600	0.819
BPP_100_1000_0.1_0.8_5.C	46	5.000	29.600	0.857
BPP_100_1000_0.1_0.8_5.C	46	5.000	29.600	0.814
BPP_100_1000_0.1_0.8_6.C	45	3.400	28.360	0.848
BPP_100_1000_0.1_0.8_6.C	45	3.600	28.440	0.783
BPP_100_1000_0.1_0.8_6.C	45	3.400	28.360	0.786
BPP_100_1000_0.1_0.8_6.C	45	3.400	28.360	0.804
BPP_100_1000_0.1_0.8_6.C	45	3.600	28.440	0.780
BPP_100_1000_0.1_0.8_6.C	45	3.400	28.360	0.772
BPP_100_1000_0.1_0.8_6.C	45	3.600	28.440	0.825
BPP_100_1000_0.1_0.8_6.C	45	3.600	28.440	0.816
BPP_100_1000_0.1_0.8_6.C	45	3.400	28.360	0.802
BPP_100_1000_0.1_0.8_6.C	45	3.400	28.360	0.797
BPP_100_1000_0.1_0.8_7.C	46	1.600	28.240	0.796
BPP_100_1000_0.1_0.8_7.C	46	1.600	28.240	0.801
BPP_100_1000_0.1_0.8_7.C	46	2.800	28.720	0.800
BPP_100_1000_0.1_0.8_7.C	46	1.800	28.320	0.794
BPP_100_1000_0.1_0.8_7.C	46	2.600	28.640	0.787
BPP_100_1000_0.1_0.8_7.C	46	1.600	28.240	0.793
BPP_100_1000_0.1_0.8_7.C	46	2.200	28.480	0.809
BPP_100_1000_0.1_0.8_7.C	46	1.800	28.320	0.800
BPP_100_1000_0.1_0.8_7.C	46	1.600	28.240	0.796
BPP_100_1000_0.1_0.8_7.C	46	2.800	28.720	0.792
BPP_100_1000_0.1_0.8_8.C	51	1.400	31.160	0.866
BPP_100_1000_0.1_0.8_8.C	51	1.400	31.160	0.862
BPP_100_1000_0.1_0.8_8.C	51	1.400	31.160	0.861
BPP_100_1000_0.1_0.8_8.C	51	1.400	31.160	0.901
BPP_100_1000_0.1_0.8_8.C	51	1.400	31.160	0.860
BPP_100_1000_0.1_0.8_8.C	51	1.400	31.160	0.869
BPP_100_1000_0.1_0.8_8.C	51	1.400	31.160	0.868
BPP_100_1000_0.1_0.8_8.C	51	1.400	31.160	0.864
BPP_100_1000_0.1_0.8_8.C	51	1.400	31.160	0.865
BPP_100_1000_0.1_0.8_8.C	51	1.400	31.160	0.893
BPP_100_1000_0.1_0.8_9.C	44	2.600	27.440	0.837
BPP_100_1000_0.1_0.8_9.C	44	3.000	27.600	0.866
BPP_100_1000_0.1_0.8_9.C	43	3.400	27.160	0.776
BPP_100_1000_0.1_0.8_9.C	44	2.600	27.440	0.798
BPP_100_1000_0.1_0.8_9.C	44	2.600	27.440	0.801
BPP_100_1000_0.1_0.8_9.C	44	2.800	27.520	0.766
BPP_100_1000_0.1_0.8_9.C	44	2.800	27.520	0.784
BPP_100_1000_0.1_0.8_9.C	44	2.800	27.520	0.774
BPP_100_1000_0.1_0.8_9.C	44	3.000	27.600	0.793
BPP_100_1000_0.1_0.8_9.C	44	2.600	27.440	0.786
BPP_100_100_0.1_0.8_0.C	48	3.600	30.240	0.105
BPP_100_100_0.1_0.8_0.C	48	3.600	30.240	0.096
BPP_100_100_0.1_0.8_0.C	48	3.400	30.160	0.122
BPP_100_100_0.1_0.8_0.C	47	5.000	30.200	0.097
BPP_100_100_0.1_0.8_0.C	48	3.400	30.160	0.107
BPP_100_100_0.1_0.8_0.C	48	3.000	30.000	0.130
BPP_100_100_0.1_0.8_0.C	48	4.400	30.560	0.094
BPP_100_100_0.1_0.8_0.C	48	4.600	30.640	0.097
BPP_100_100_0.1_0.8_0.C	48	4.000	30.400	0.097
BPP_100_100_0.1_0.8_0.C	47	5.000	30.200	0.096
BPP_100_100_0.1_0.8_1.C	49	2.000	30.200	0.097
BPP_100_100_0.1_0.8_1.C	49	2.000	30.200	0.098
BPP_100_100_0.1_0.8_1.C	49	1.600	30.040	0.101
BPP_100_100_0.1_0.8_1.C	49	1.800	30.120	0.096
BPP_100_100_0.1_0.8_1.C	49	1.800	30.120	0.100
BPP_100_100_0.1_0.8_1.C	49	2.000	30.200	0.101
BPP_100_100_0.1_0.8_1.C	49	2.000	30.200	0.096
BPP_100_100_0.1_0.8_1.C	49	2.000	30.200	0.098
BPP_100_100_0.1_0.8_1.C	49	1.800	30.120	0.100
BPP_100_100_0.1_0.8_1.C	49	1.800	30.120	0.098
BPP_100_100_0.1_0.8_2.C	43	2.800	26.920	0.088
BPP_100_100_0.1_0.8_2.C	43	2.600	26.840	0.088
BPP_100_100_0.1_0.8_2.C	43	2.800	26.920	0.086
BPP_100_100_0.1_0.8_2.C	43	2.600	26.840	0.088
BPP_100_100_0.1_0.8_2.C	43	2.800	26.920	0.087
BPP_100_100_0.1_0.8_2.C	43	2.600	26.840	0.088
BPP_100_100_0.1_0.8_2.C	43	2.600	26.840	0.086
BPP_100_100_0.1_0.8_2.C	43	2.600	26.840	0.087
BPP_100_100_0.1_0.8_2.C	43	2.600	26.840	0.088
BPP_100_100_0.1_0.8_2.C	43	2.600	26.840	0.086
BPP_100_100_0.1_0.8_3.C	49	3.200	30.680	0.095
BPP_100_100_0.1_0.8_3.C	49	3.000	30.600	0.098
BPP_100_100_0.1_0.8_3.C	48	3.000	30.000	0.101
BPP_100_100_0.1_0.8_3.C	49	3.000	30.600	0.094
BPP_100_100_0.1_0.8_3.C	48	3.000	30.000	0.106
BPP_100_100_0.1_0.8_3.C	48	3.200	30.080	0.097
BPP_100_100_0.1_0.8_3.C	48	3.800	30.320	0.097
BPP_100_100_0.1_0.8_3.C	48	4.000	30.400	0.099
BPP_100_100_0.1_0.8_3.C	48	3.200	30.080	0.097
BPP_100_100_0.1_0.8_3.C	49	2.800	30.520	0.096
BPP_100_100_0.1_0.8_4.C	58	0.800	35.120	0.108
BPP_100_100_0.1_0.8_4.C	58	0.800	35.120	0.109
BPP_100_100_0.1_0.8_4.C	58	0.800	35.120	0.109
BPP_100_100_0.1_0.8_4.C	58	0.800	35.120	0.110
BPP_100_100_0.1_0.8_4.C	58	1.000	35.200	0.110
BPP_100_100_0.1_0.8_4.C	58	0.800	35.120	0.111
BPP_100_100_0.1_0.8_4.C	58	1.000	35.200	0.109
BPP_100_100_0.1_0.8_4.C	58	0.800	35.120	0.111
BPP_100_100_0.1_0.8_4.C	58	0.800	35.120	0.112
BPP_100_100_0.1_0.8_4.C	58	1.000	35.200	0.109
BPP_100_100_0.1_0.8_5.C	51	2.600	31.640	0.096
BPP_100_100_0.1_0.8_5.C	51	2.600	31.640	0.101
BPP_100_100_0.1_0.8_5.C	51	1.800	31.320	0.099
BPP_100_100_0.1_0.8_5.C	51	1.800	31.320	0.101
BPP_100_100_0.1_0.8_5.C	51	2.400	31.560	0.103
BPP_100_100_0.1_0.8_5.C	51	2.000	31.400	0.103
BPP_100_100_0.1_0.8_5.C	51	2.600	31.640	0.102
BPP_100_100_0.1_0.8_5.C	51	2.400	31.560	0.100
BPP_100_100_0.1_0.8_5.C	51	1.800	31.320	0.104
BPP_100_100_0.1_0.8_5.C	51	2.400	31.560	0.099
BPP_100_100_0.1_0.8_6.C	47	0.200	28.280	0.095
BPP_100_100_0.1_0.8_6.C	46	1.000	28.000	0.098
BPP_100_100_0.1_0.8_6.C	47	0.200	28.280	0.093
BPP_100_100_0.1_0.8_6.C	47	0.200	28.280	0.093
BPP_100_100_0.1_0.8_6.C	47	0.200	28.280	0.093
BPP_100_100_0.1_0.8_6.C	47	0.200	28.280	0.093
BPP_100_100_0.1_0.8_6.C	47	0.800	28.520	0.092
BPP_100_100_0.1_0.8_6.C	46	1.000	28.000	0.095
BPP_100_100_0.1_0.8_6.C	47	0.200	28.280	0.092
BPP_100_100_0.1_0.8_6.C	47	0.200	28.280	0.092
BPP_100_100_0.1_0.8_7.C	48	0.200	28.880	0.097
BPP_100_100_0.1_0.8_7.C	48	0.200	28.880	0.100
BPP_100_100_0.1_0.8_7.C	48	0.200	28.880	0.096
BPP_100_100_0.1_0.8_7.C	48	0.200	28.880	0.094
BPP_100_100_0.1_0.8_7.C	48	0.200	28.880	0.094
BPP_100_100_0.1_0.8_7.C	48	0.200	28.880	0.092
BPP_100_100_0.1_0.8_7.C	48	-0.000	28.800	0.097
BPP_100_100_0.1_0.8_7.C	48	-0.000	28.800	0.095
BPP_100_100_0.1_0.8_7.C	48	0.200	28.880	0.095
BPP_100_100_0.1_0.8_7.C	48	-0.000	28.800	0.096
BPP_100_100_0.1_0.8_8.C	46	-0.000	27.600	0.093
BPP_100_100_0.1_0.8_8.C	46	-0.000	27.600	0.095
BPP_100_100_0.1_0.8_8.C	46	-0.000	27.600	0.092
BPP_100_100_0.1_0.8_8.C	46	-0.000	27.600	0.093
BPP_100_100_0.1_0.8_8.C	46	-0.000	27.600	0.094
BPP_100_100_0.1_0.8_8.C	46	-0.000	27.600	0.092
BPP_100_100_0.1_0.8_8.C	46	-0.000	27.600	0.093
BPP_100_100_0.1_0.8_8.C	46	-0.000	27.600	0.093
BPP_100_100_0.1_0.8_8.C	46	-0.000	27.600	0.088
BPP_100_100_0.1_0.8_8.C	46	-0.000	27.600	0.093
BPP_100_100_0.1_0.8_9.C	48	-0.000	28.800	0.100
BPP_100_100_0.1_0.8_9.C	47	0.600	28.440	0.096
BPP_100_100_0.1_0.8_9.C	48	-0.000	28.800	0.097
BPP_100_100_0.1_0.8_9.C	48	-0.000	28.800	0.095
BPP_100_100_0.1_0.8_9.C	48	-0.000	28.800	0.096
BPP_100_100_0.1_0.8_9.C	48	-0.000	28.800	0.096
BPP_100_100_0.1_0.8_9.C	48	-0.000	28.800	0.096
BPP_100_100_0.1_0.8_9.C	48	-0.000	28.800	0.094
BPP_100_100_0.1_0.8_9.C	47	0.600	28.440	0.092
BPP_100_100_0.1_0.8_9.C	47	0.800	28.520	0.097
BPP_100_120_0.1_0.8_0.C	44	5.000	28.400	0.101
BPP_100_120_0.1_0.8_0.C	44	4.800	28.320	0.105
BPP_100_120_0.1_0.8_0.C	44	4.800	28.320	0.100
BPP_100_120_0.1_0.8_0.C	44	4.800	28.320	0.107
BPP_100_120_0.1_0.8_0.C	44	4.600	28.240	0.106
BPP_100_120_0.1_0.8_0.C	44	4.400	28.160	0.105
BPP_100_120_0.1_0.8_0.C	44	4.600	28.240	0.105
BPP_100_120_0.1_0.8_0.C	44	4.600	28.240	0.102
BPP_100_120_0.1_0.8_0.C	44	4.600	28.240	0.105
BPP_100_120_0.1_0.8_0.C	44	4.400	28.160	0.106
BPP_100_120_0.1_0.8_1.C	46	5.600	29.840	0.106
BPP_100_120_0.1_0.8_1.C	46	5.600	29.840	0.109
BPP_100_120_0.1_0.8_1.C	46	6.200	30.080	0.111
BPP_100_120_0.1_0.8_1.C	46	5.600	29.840	0.104
BPP_100_120_0.1_0.8_1.C	46	5.600	29.840	0.109
BPP_100_120_0.1_0.8_1.C	46	5.600	29.840	0.107
BPP_100_120_0.1_0.8_1.C	46	5.600	29.840	0.106
BPP_100_120_0.1_0.8_1.C	46	5.600	29.840	0.112
BPP_100_120_0.1_0.8_1.C	46	5.600	29.840	0.108
BPP_100_120_0.1_0.8_1.C	46	5.600	29.840	0.109
BPP_100_120_0.1_0.8_2.C	46	0.600	27.840	0.114
BPP_100_120_0.1_0.8_2.C	47	0.400	28.360	0.110
BPP_100_120_0.1_0.8_2.C	47	0.600	28.440	0.114
BPP_100_120_0.1_0.8_2.C	47	0.600	28.440	0.106
BPP_100_120_0.1_0.8_2.C	47	0.200	28.280	0.111
BPP_100_120_0.1_0.8_2.C	46	0.600	27.840	0.106
BPP_100_120_0.1_0.8_2.C	46	0.600	27.840	0.113
BPP_100_120_0.1_0.8_2.C	47	0.400	28.360	0.108
BPP_100_120_0.1_0.8_2.C	46	0.800	27.920	0.110
BPP_100_120_0.1_0.8_2.C	47	0.600	28.440	0.109
BPP_100_120_0.1_0.8_3.C	51	-0.000	30.600	0.122
BPP_100_120_0.1_0.8_3.C	51	0.400	30.760	0.118
BPP_100_120_0.1_0.8_3.C	51	-0.000	30.600	0.120
BPP_100_120_0.1_0.8_3.C	52	0.000	31.200	0.117
BPP_100_120_0.1_0.8_3.C	51	0.400	30.760	0.114
BPP_100_120_0.1_0.8_3.C	51	-0.000	30.600	0.114
BPP_100_120_0.1_0.8_3.C	51	-0.000	30.600	0.115
BPP_100_120_0.1_0.8_3.C	52	0.000	31.200	0.115
BPP_100_120_0.1_0.8_3.C	51	-0.000	30.600	0.120
BPP_100_120_0.1_0.8_3.C	51	-0.000	30.600	0.164
BPP_100_120_0.1_0.8_4.C	48	0.600	29.040	0.113
BPP_100_120_0.1_0.8_4.C	48	0.800	29.120	0.108
BPP_100_120_0.1_0.8_4.C	48	0.800	29.120	0.113
BPP_100_120_0.1_0.8_4.C	48	1.600	29.440	0.111
BPP_100_120_0.1_0.8_4.C	48	1.000	29.200	0.111
BPP_100_120_0.1_0.8_4.C	48	0.800	29.120	0.113
BPP_100_120_0.1_0.8_4.C	48	0.800	29.120	0.106
BPP_100_120_0.1_0.8_4.C	48	0.800	29.120	0.111
BPP_100_120_0.1_0.8_4.C	48	0.800	29.120	0.112
BPP_100_120_0.1_0.8_4.C	48	1.000	29.200	0.110
BPP_100_120_0.1_0.8_5.C	44	2.000	27.200	0.104
BPP_100_120_0.1_0.8_5.C	44	2.000	27.200	0.113
BPP_100_120_0.1_0.8_5.C	44	1.800	27.120	0.106
BPP_100_120_0.1_0.8_5.C	44	2.000	27.200	0.106
BPP_100_120_0.1_0.8_5.C	44	2.400	27.360	0.116
BPP_100_120_0.1_0.8_5.C	45	1.400	27.560	0.106
BPP_100_120_0.1_0.8_5.C	44	2.000	27.200	0.104
BPP_100_120_0.1_0.8_5.C	45	1.400	27.560	0.104
BPP_100_120_0.1_0.8_5.C	44	2.000	27.200	0.103
BPP_100_120_0.1_0.8_5.C	44	1.800	27.120	0.108
BPP_100_120_0.1_0.8_6.C	46	3.800	29.120	0.105
BPP_100_120_0.1_0.8_6.C	46	4.000	29.200	0.109
BPP_100_120_0.1_0.8_6.C	46	3.600	29.040	0.109
BPP_100_120_0.1_0.8_6.C	46	3.800	29.120	0.105
BPP_100_120_0.1_0.8_6.C	46	3.800	29.120	0.108
BPP_100_120_0.1_0.8_6.C	46	3.800	29.120	0.108
BPP_100_120_0.1_0.8_6.C	46	3.800	29.120	0.109
BPP_100_120_0.1_0.8_6.C	46	3.800	29.120	0.112
BPP_100_120_0.1_0.8_6.C	46	3.800	29.120	0.113
BPP_100_120_0.1_0.8_6.C	46	3.800	29.120	0.106
BPP_100_120_0.1_0.8_7.C	54	2.600	33.440	0.120
BPP_100_120_0.1_0.8_7.C	54	2.400	33.360	0.120
BPP_100_120_0.1_0.8_7.C	54	2.600	33.440	0.119
BPP_100_120_0.1_0.8_7.C	54	2.600	33.440	0.117
BPP_100_120_0.1_0.8_7.C	54	2.600	33.440	0.118
BPP_100_120_0.1_0.8_7.C	54	2.400	33.360	0.121
BPP_100_120_0.1_0.8_7.C	54	2.400	33.360	0.118
BPP_100_120_0.1_0.8_7.C	54	2.400	33.360	0.116
BPP_100_120_0.1_0.8_7.C	54	2.600	33.440	0.119
BPP_100_120_0.1_0.8_7.C	54	2.400	33.360	0.120
BPP_100_120_0.1_0.8_8.C	44	3.800	27.920	0.105
BPP_100_120_0.1_0.8_8.C	45	3.200	28.280	0.106
BPP_100_120_0.1_0.8_8.C	44	3.800	27.920	0.105
BPP_100_120_0.1_0.8_8.C	45	3.200	28.280	0.106
BPP_100_120_0.1_0.8_8.C	44	3.800	27.920	0.123
BPP_100_120_0.1_0.8_8.C	44	3.800	27.920	0.107
BPP_100_120_0.1_0.8_8.C	44	3.600	27.840	0.113
BPP_100_120_0.1_0.8_8.C	44	3.800	27.920	0.105
BPP_100_120_0.1_0.8_8.C	45	3.200	28.280	0.106
BPP_100_120_0.1_0.8_8.C	44	3.800	27.920	0.107
BPP_100_120_0.1_0.8_9.C	45	1.800	27.720	0.107
BPP_100_120_0.1_0.8_9.C	45	1.800	27.720	0.108
BPP_100_120_0.1_0.8_9.C	45	1.600	27.640	0.103
BPP_100_120_0.1_0.8_9.C	45	1.800	27.720	0.102
BPP_100_120_0.1_0.8_9.C	45	1.600	27.640	0.104
BPP_100_120_0.1_0.8_9.C	45	1.800	27.720	0.104
BPP_100_120_0.1_0.8_9.C	44	2.400	27.360	0.114
BPP_100_120_0.1_0.8_9.C	45	1.800	27.720	0.106
BPP_100_120_0.1_0.8_9.C	45	1.800	27.720	0.105
BPP_100_120_0.1_0.8_9.C	45	1.800	27.720	0.104
BPP_100_125_0.1_0.8_0.C	48	7.800	31.920	0.114
BPP_100_125_0.1_0.8_0.C	48	7.800	31.920	0.119
BPP_100_125_0.1_0.8_0.C	48	8.000	32.000	0.116
BPP_100_125_0.1_0.8_0.C	48	7.800	31.920	0.115
BPP_100_125_0.1_0.8_0.C	48	8.000	32.000	0.114
BPP_100_125_0.1_0.8_0.C	48	8.000	32.000	0.115
BPP_100_125_0.1_0.8_0.C	48	8.000	32.000	0.114
BPP_100_125_0.1_0.8_0.C	48	7.800	31.920	0.112
BPP_100_125_0.1_0.8_0.C	48	7.800	31.920	0.120
BPP_100_125_0.1_0.8_0.C	48	8.000	32.000	0.114
BPP_100_125_0.1_0.8_1.C	47	9.800	32.120	0.113
BPP_100_125_0.1_0.8_1.C	47	9.800	32.120	0.113
BPP_100_125_0.1_0.8_1.C	47	9.600	32.040	0.115
BPP_100_125_0.1_0.8_1.C	47	9.800	32.120	0.127
BPP_100_125_0.1_0.8_1.C	47	9.800	32.120	0.117
BPP_100_125_0.1_0.8_1.C	47	9.600	32.040	0.114
BPP_100_125_0.1_0.8_1.C	47	9.800	32.120	0.112
BPP_100_125_0.1_0.8_1.C	47	9.800	32.120	0.118
BPP_100_125_0.1_0.8_1.C	47	9.800	32.120	0.112
BPP_100_125_0.1_0.8_1.C	47	9.600	32.040	0.118
BPP_100_125_0.1_0.8_2.C	47	1.200	28.680	0.114
BPP_100_125_0.1_0.8_2.C	47	1.200	28.680	0.115
BPP_100_125_0.1_0.8_2.C	47	1.200	28.680	0.117
BPP_100_125_0.1_0.8_2.C	47	1.200	28.680	0.109
BPP_100_125_0.1_0.8_2.C	47	1.400	28.760	0.114
BPP_100_125_0.1_0.8_2.C	47	1.200	28.680	0.114
BPP_100_125_0.1_0.8_2.C	47	1.200	28.680	0.120
BPP_100_125_0.1_0.8_2.C	47	1.200	28.680	0.115
BPP_100_125_0.1_0.8_2.C	47	1.200	28.680	0.112
BPP_100_125_0.1_0.8_2.C	47	1.200	28.680	0.118
BPP_100_125_0.1_0.8_3.C	45	0.600	27.240	0.112
BPP_100_125_0.1_0.8_3.C	45	0.600	27.240	0.111
BPP_100_125_0.1_0.8_3.C	45	0.800	27.320	0.120
BPP_100_125_0.1_0.8_3.C	45	0.400	27.160	0.181
BPP_100_125_0.1_0.8_3.C	45	0.600	27.240	0.109
BPP_100_125_0.1_0.8_3.C	45	0.600	27.240	0.108
BPP_100_125_0.1_0.8_3.C	45	0.600	27.240	0.111
BPP_100_125_0.1_0.8_3.C	45	0.400	27.160	0.113
BPP_100_125_0.1_0.8_3.C	45	0.600	27.240	0.112
BPP_100_125_0.1_0.8_3.C	45	0.600	27.240	0.254
BPP_100_125_0.1_0.8_4.C	48	4.200	30.480	0.115
BPP_100_125_0.1_0.8_4.C	48	4.200	30.480	0.115
BPP_100_125_0.1_0.8_4.C	48	4.200	30.480	0.177
BPP_100_125_0.1_0.8_4.C	48	4.400	30.560	0.113
BPP_100_125_0.1_0.8_4.C	48	4.200	30.480	0.112
BPP_100_125_0.1_0.8_4.C	48	4.200	30.480	0.116
BPP_100_125_0.1_0.8_4.C	48	4.200	30.480	0.114
BPP_100_125_0.1_0.8_4.C	48	4.200	30.480	0.114
BPP_100_125_0.1_0.8_4.C	48	4.200	30.480	0.112
BPP_100_125_0.1_0.8_4.C	48	4.400	30.560	0.117
BPP_100_125_0.1_0.8_5.C	45	3.800	28.520	0.110
BPP_100_125_0.1_0.8_5.C	45	3.800	28.520	0.109
BPP_100_125_0.1_0.8_5.C	45	3.800	28.520	0.109
BPP_100_125_0.1_0.8_5.C	45	4.200	28.680	0.109
BPP_100_125_0.1_0.8_5.C	45	3.800	28.520	0.110
BPP_100_125_0.1_0.8_5.C	45	3.800	28.520	0.107
BPP_100_125_0.1_0.8_5.C	45	3.600	28.440	0.108
BPP_100_125_0.1_0.8_5.C	45	3.800	28.520	0.109
BPP_100_125_0.1_0.8_5.C	45	3.800	28.520	0.110
BPP_100_125_0.1_0.8_5.C	45	3.800	28.520	0.109
BPP_100_125_0.1_0.8_6.C	51	2.800	31.720	0.128
BPP_100_125_0.1_0.8_6.C	51	2.200	31.480	0.121
BPP_100_125_0.1_0.8_6.C	52	2.000	32.000	0.122
BPP_100_125_0.1_0.8_6.C	51	2.200	31.480	0.130
BPP_100_125_0.1_0.8_6.C	51	2.400	31.560	0.124
BPP_100_125_0.1_0.8_6.C	51	2.600	31.640	0.119
BPP_100_125_0.1_0.8_6.C	51	2.600	31.640	0.125
BPP_100_125_0.1_0.8_6.C	51	2.000	31.400	0.128
BPP_100_125_0.1_0.8_6.C	51	2.400	31.560	0.123
BPP_100_125_0.1_0.8_6.C	51	2.600	31.640	0.121
BPP_100_125_0.1_0.8_7.C	53	6.600	34.440	0.125
BPP_100_125_0.1_0.8_7.C	53	6.400	34.360	0.124
BPP_100_125_0.1_0.8_7.C	53	6.400	34.360	0.123
BPP_100_125_0.1_0.8_7.C	53	7.000	34.600	0.126
BPP_100_125_0.1_0.8_7.C	53	7.000	34.600	0.128
BPP_100_125_0.1_0.8_7.C	53	6.400	34.360	0.126
BPP_100_125_0.1_0.8_7.C	53	7.000	34.600	0.127
BPP_100_125_0.1_0.8_7.C	53	6.200	34.280	0.124
BPP_100_125_0.1_0.8_7.C	53	6.400	34.360	0.135
BPP_100_125_0.1_0.8_7.C	53	6.400	34.360	0.131
BPP_100_125_0.1_0.8_8.C	44	2.200	27.280	0.102
BPP_100_125_0.1_0.8_8.C	44	2.200	27.280	0.100
BPP_100_125_0.1_0.8_8.C	44	2.200	27.280	0.118
BPP_100_125_0.1_0.8_8.C	43	2.400	26.760	0.106
BPP_100_125_0.1_0.8_8.C	44	2.200	27.280	0.103
BPP_100_125_0.1_0.8_8.C	44	2.200	27.280	0.103
BPP_100_125_0.1_0.8_8.C	44	2.200	27.280	0.103
BPP_100_125_0.1_0.8_8.C	44	2.200	27.280	0.103
BPP_100_125_0.1_0.8_8.C	43	2.400	26.760	0.107
BPP_100_125_0.1_0.8_8.C	43	2.200	26.680	0.105
BPP_100_125_0.1_0.8_9.C	48	2.200	29.680	0.111
BPP_100_125_0.1_0.8_9.C	48	2.200	29.680	0.113
BPP_100_125_0.1_0.8_9.C	48	2.200	29.680	0.112
BPP_100_125_0.1_0.8_9.C	48	2.200	29.680	0.109
BPP_100_125_0.1_0.8_9.C	48	2.200	29.680	0.109
BPP_100_125_0.1_0.8_9.C	48	2.200	29.680	0.108
BPP_100_125_0.1_0.8_9.C	48	2.200	29.680	0.111
BPP_100_125_0.1_0.8_9.C	48	2.200	29.680	0.112
BPP_100_125_0.1_0.8_9.C	48	2.200	29.680	0.106
BPP_100_125_0.1_0.8_9.C	48	2.200	29.680	0.107
BPP_100_150_0.1_0.8_0.C	56	3.800	35.120	0.156
BPP_100_150_0.1_0.8_0.C	56	3.800	35.120	0.155
BPP_100_150_0.1_0.8_0.C	56	3.600	35.040	0.152
BPP_100_150_0.1_0.8_0.C	56	3.600	35.040	0.154
BPP_100_150_0.1_0.8_0.C	56	3.600	35.040	0.154
BPP_100_150_0.1_0.8_0.C	56	3.800	35.120	0.154
BPP_100_150_0.1_0.8_0.C	56	3.800	35.120	0.151
BPP_100_150_0.1_0.8_0.C	56	3.600	35.040	0.151
BPP_100_150_0.1_0.8_0.C	56	3.400	34.960	0.154
BPP_100_150_0.1_0.8_0.C	56	3.800	35.120	0.150
BPP_100_150_0.1_0.8_1.C	47	3.000	29.400	0.133
BPP_100_150_0.1_0.8_1.C	47	3.200	29.480	0.135
BPP_100_150_0.1_0.8_1.C	47	3.000	29.400	0.134
BPP_100_150_0.1_0.8_1.C	47	3.000	29.400	0.138
BPP_100_150_0.1_0.8_1.C	47	3.000	29.400	0.137
BPP_100_150_0.1_0.8_1.C	47	3.000	29.400	0.138
BPP_100_150_0.1_0.8_1.C	47	4.000	29.800	0.133
BPP_100_150_0.1_0.8_1.C	47	3.000	29.400	0.132
BPP_100_150_0.1_0.8_1.C	47	3.200	29.480	0.132
BPP_100_150_0.1_0.8_1.C	47	3.400	29.560	0.131
BPP_100_150_0.1_0.8_2.C	44	4.400	28.160	0.123
BPP_100_150_0.1_0.8_2.C	43	5.400	27.960	0.124
BPP_100_150_0.1_0.8_2.C	44	4.400	28.160	0.125
BPP_100_150_0.1_0.8_2.C	44	4.400	28.160	0.122
BPP_100_150_0.1_0.8_2.C	43	5.400	27.960	0.124
BPP_100_150_0.1_0.8_2.C	44	4.400	28.160	0.123
BPP_100_150_0.1_0.8_2.C	44	4.400	28.160	0.127
BPP_100_150_0.1_0.8_2.C	44	4.400	28.160	0.123
BPP_100_150_0.1_0.8_2.C	43	5.200	27.880	0.127
BPP_100_150_0.1_0.8_2.C	43	5.400	27.960	0.127
BPP_100_150_0.1_0.8_3.C	45	1.600	27.640	0.128
BPP_100_150_0.1_0.8_3.C	45	1.600	27.640	0.128
BPP_100_150_0.1_0.8_3.C	45	1.600	27.640	0.122
BPP_100_150_0.1_0.8_3.C	45	1.600	27.640	0.126
BPP_100_150_0.1_0.8_3.C	45	1.600	27.640	0.124
BPP_100_150_0.1_0.8_3.C	45	1.600	27.640	0.147
BPP_100_150_0.1_0.8_3.C	45	1.600	27.640	0.126
BPP_100_150_0.1_0.8_3.C	45	1.600	27.640	0.125
BPP_100_150_0.1_0.8_3.C	45	1.600	27.640	0.123
BPP_100_150_0.1_0.8_3.C	45	1.600	27.640	0.128
BPP_100_150_0.1_0.8_4.C	50	2.400	30.960	0.145
BPP_100_150_0.1_0.8_4.C	51	1.600	31.240	0.143
BPP_100_150_0.1_0.8_4.C	51	1.600	31.240	0.141
BPP_100_150_0.1_0.8_4.C	51	1.600	31.240	0.151
BPP_100_150_0.1_0.8_4.C	51	1.600	31.240	0.142
BPP_100_150_0.1_0.8_4.C	51	1.600	31.240	0.141
BPP_100_150_0.1_0.8_4.C	51	1.600	31.240	0.137
BPP_100_150_0.1_0.8_4.C	51	1.600	31.240	0.139
BPP_100_150_0.1_0.8_4.C	51	1.600	31.240	0.143
BPP_100_150_0.1_0.8_4.C	51	1.600	31.240	0.136
BPP_100_150_0.1_0.8_5.C	48	4.000	30.400	0.137
BPP_100_150_0.1_0.8_5.C	48	3.600	30.240	0.135
BPP_100_150_0.1_0.8_5.C	48	3.800	30.320	0.138
BPP_100_150_0.1_0.8_5.C	48	3.600	30.240	0.147
BPP_100_150_0.1_0.8_5.C	48	3.400	30.160	0.138
BPP_100_150_0.1_0.8_5.C	48	4.600	30.640	0.135
BPP_100_150_0.1_0.8_5.C	48	3.600	30.240	0.135
BPP_100_150_0.1_0.8_5.C	48	3.800	30.320	0.137
BPP_100_150_0.1_0.8_5.C	48	3.600	30.240	0.143
BPP_100_150_0.1_0.8_5.C	48	3.800	30.320	0.137
BPP_100_150_0.1_0.8_6.C	46	0.600	27.840	0.131
BPP_100_150_0.1_0.8_6.C	46	0.600	27.840	0.128
BPP_100_150_0.1_0.8_6.C	46	0.600	27.840	0.140
BPP_100_150_0.1_0.8_6.C	46	0.600	27.840	0.131
BPP_100_150_0.1_0.8_6.C	46	0.600	27.840	0.129
BPP_100_150_0.1_0.8_6.C	46	0.600	27.840	0.130
BPP_100_150_0.1_0.8_6.C	46	0.600	27.840	0.133
BPP_100_150_0.1_0.8_6.C	46	0.600	27.840	0.137
BPP_100_150_0.1_0.8_6.C	46	0.600	27.840	0.130
BPP_100_150_0.1_0.8_6.C	46	0.600	27.840	0.134
BPP_100_150_0.1_0.8_7.C	48	1.200	29.280	0.132
BPP_100_150_0.1_0.8_7.C	47	1.600	28.840	0.131
BPP_100_150_0.1_0.8_7.C	48	1.200	29.280	0.132
BPP_100_150_0.1_0.8_7.C	48	1.200	29.280	0.131
BPP_100_150_0.1_0.8_7.C	48	1.200	29.280	0.130
BPP_100_150_0.1_0.8_7.C	48	1.200	29.280	0.133
BPP_100_150_0.1_0.8_7.C	48	1.200	29.280	0.134
BPP_100_150_0.1_0.8_7.C	47	1.600	28.840	0.132
BPP_100_150_0.1_0.8_7.C	48	1.200	29.280	0.136
BPP_100_150_0.1_0.8_7.C	48	1.200	29.280	0.135
BPP_100_150_0.1_0.8_8.C	48	1.200	29.280	0.143
BPP_100_150_0.1_0.8_8.C	48	1.600	29.440	0.135
BPP_100_150_0.1_0.8_8.C	48	1.200	29.280	0.142
BPP_100_150_0.1_0.8_8.C	48	1.400	29.360	0.141
BPP_100_150_0.1_0.8_8.C	48	1.400	29.360	0.134
BPP_100_150_0.1_0.8_8.C	48	1.200	29.280	0.139
BPP_100_150_0.1_0.8_8.C	48	1.200	29.280	0.136
BPP_100_150_0.1_0.8_8.C	48	1.600	29.440	0.141
BPP_100_150_0.1_0.8_8.C	48	1.400	29.360	0.135
BPP_100_150_0.1_0.8_8.C	48	1.400	29.360	0.139
BPP_100_150_0.1_0.8_9.C	46	0.200	27.680	0.133
BPP_100_150_0.1_0.8_9.C	46	0.200	27.680	0.135
BPP_100_150_0.1_0.8_9.C	46	0.200	27.680	0.134
BPP_100_150_0.1_0.8_9.C	46	0.200	27.680	0.130
BPP_100_150_0.1_0.8_9.C	46	0.200	27.680	0.126
BPP_100_150_0.1_0.8_9.C	46	0.200	27.680	0.133
BPP_100_150_0.1_0.8_9.C	46	0.200	27.680	0.133
BPP_100_150_0.1_0.8_9.C	46	0.400	27.760	0.131
BPP_100_150_0.1_0.8_9.C	46	0.200	27.680	0.132
BPP_100_150_0.1_0.8_9.C	46	0.200	27.680	0.127
BPP_100_200_0.1_0.8_0.C	47	4.000	29.800	0.169
BPP_100_200_0.1_0.8_0.C	47	3.800	29.720	0.169
BPP_100_200_0.1_0.8_0.C	47	4.000	29.800	0.177
BPP_100_200_0.1_0.8_0.C	47	3.800	29.720	0.172
BPP_100_200_0.1_0.8_0.C	47	4.000	29.800	0.167
BPP_100_200_0.1_0.8_0.C	47	4.000	29.800	0.168
BPP_100_200_0.1_0.8_0.C	47	3.800	29.720	0.171
BPP_100_200_0.1_0.8_0.C	47	4.000	29.800	0.170
BPP_100_200_0.1_0.8_0.C	47	4.000	29.800	0.172
BPP_100_200_0.1_0.8_0.C	47	4.000	29.800	0.167
BPP_100_200_0.1_0.8_1.C	50	4.600	31.840	0.180
BPP_100_200_0.1_0.8_1.C	50	4.600	31.840	0.186
BPP_100_200_0.1_0.8_1.C	50	5.400	32.160	0.178
BPP_100_200_0.1_0.8_1.C	50	4.600	31.840	0.202
BPP_100_200_0.1_0.8_1.C	50	4.600	31.840	0.191
BPP_100_200_0.1_0.8_1.C	50	5.600	32.240	0.176
BPP_100_200_0.1_0.8_1.C	50	4.600	31.840	0.177
BPP_100_200_0.1_0.8_1.C	50	4.600	31.840	0.178
BPP_100_200_0.1_0.8_1.C	50	5.600	32.240	0.177
BPP_100_200_0.1_0.8_1.C	50	5.400	32.160	0.175
BPP_100_200_0.1_0.8_2.C	46	2.400	28.560	0.166
BPP_100_200_0.1_0.8_2.C	46	2.600	28.640	0.182
BPP_100_200_0.1_0.8_2.C	46	2.600	28.640	0.161
BPP_100_200_0.1_0.8_2.C	46	2.400	28.560	0.162
BPP_100_200_0.1_0.8_2.C	46	2.600	28.640	0.170
BPP_100_200_0.1_0.8_2.C	46	2.800	28.720	0.173
BPP_100_200_0.1_0.8_2.C	46	2.600	28.640	0.172
BPP_100_200_0.1_0.8_2.C	46	2.600	28.640	0.174
BPP_100_200_0.1_0.8_2.C	46	2.600	28.640	0.168
BPP_100_200_0.1_0.8_2.C	46	2.600	28.640	0.164
BPP_100_200_0.1_0.8_3.C	45	2.200	27.880	0.166
BPP_100_200_0.1_0.8_3.C	45	3.600	28.440	0.167
BPP_100_200_0.1_0.8_3.C	45	2.600	28.040	0.167
BPP_100_200_0.1_0.8_3.C	45	2.200	27.880	0.168
BPP_100_200_0.1_0.8_3.C	45	3.000	28.200	0.173
BPP_100_200_0.1_0.8_3.C	45	3.200	28.280	0.178
BPP_100_200_0.1_0.8_3.C	45	2.200	27.880	0.161
BPP_100_200_0.1_0.8_3.C	45	2.200	27.880	0.175
BPP_100_200_0.1_0.8_3.C	45	2.200	27.880	0.163
BPP_100_200_0.1_0.8_3.C	45	2.800	28.120	0.164
BPP_100_200_0.1_0.8_4.C	47	2.800	29.320	0.175
BPP_100_200_0.1_0.8_4.C	47	3.200	29.480	0.171
BPP_100_200_0.1_0.8_4.C	47	2.400	29.160	0.166
BPP_100_200_0.1_0.8_4.C	47	2.600	29.240	0.170
BPP_100_200_0.1_0.8_4.C	47	2.800	29.320	0.186
BPP_100_200_0.1_0.8_4.C	47	2.400	29.160	0.170
BPP_100_200_0.1_0.8_4.C	47	2.600	29.240	0.170
BPP_100_200_0.1_0.8_4.C	47	2.600	29.240	0.168
BPP_100_200_0.1_0.8_4.C	47	2.400	29.160	0.175
BPP_100_200_0.1_0.8_4.C	47	2.600	29.240	0.170
BPP_100_200_0.1_0.8_5.C	52	7.600	34.240	0.186
BPP_100_200_0.1_0.8_5.C	52	7.400	34.160	0.190
BPP_100_200_0.1_0.8_5.C	52	7.400	34.160	0.186
BPP_100_200_0.1_0.8_5.C	52	7.400	34.160	0.195
BPP_100_200_0.1_0.8_5.C	52	7.600	34.240	0.190
BPP_100_200_0.1_0.8_5.C	52	7.400	34.160	0.183
BPP_100_200_0.1_0.8_5.C	52	7.200	34.080	0.190
BPP_100_200_0.1_0.8_5.C	52	7.200	34.080	0.190
BPP_100_200_0.1_0.8_5.C	52	7.400	34.160	0.183
BPP_100_200_0.1_0.8_5.C	52	7.600	34.240	0.186
BPP_100_200_0.1_0.8_6.C	52	3.200	32.480	0.181
BPP_100_200_0.1_0.8_6.C	52	3.400	32.560	0.181
BPP_100_200_0.1_0.8_6.C	52	3.400	32.560	0.178
BPP_100_200_0.1_0.8_6.C	52	3.400	32.560	0.181
BPP_100_200_0.1_0.8_6.C	52	3.400	32.560	0.180
BPP_100_200_0.1_0.8_6.C	52	3.400	32.560	0.188
BPP_100_200_0.1_0.8_6.C	52	3.400	32.560	0.192
BPP_100_200_0.1_0.8_6.C	52	3.400	32.560	0.181
BPP_100_200_0.1_0.8_6.C	52	3.400	32.560	0.186
BPP_100_200_0.1_0.8_6.C	52	3.400	32.560	0.188
BPP_100_200_0.1_0.8_7.C	46	5.600	29.840	0.167
BPP_100_200_0.1_0.8_7.C	46	5.800	29.920	0.197
BPP_100_200_0.1_0.8_7.C	46	6.000	30.000	0.169
BPP_100_200_0.1_0.8_7.C	46	5.800	29.920	0.168
BPP_100_200_0.1_0.8_7.C	46	5.600	29.840	0.166
BPP_100_200_0.1_0.8_7.C	46	5.600	29.840	0.184
BPP_100_200_0.1_0.8_7.C	46	5.800	29.920	0.166
BPP_100_200_0.1_0.8_7.C	46	5.800	29.920	0.163
BPP_100_200_0.1_0.8_7.C	46	5.800	29.920	0.164
BPP_100_200_0.1_0.8_7.C	46	5.800	29.920	0.169
BPP_100_200_0.1_0.8_8.C	53	2.800	32.920	0.192
BPP_100_200_0.1_0.8_8.C	53	2.800	32.920	0.181
BPP_100_200_0.1_0.8_8.C	53	2.800	32.920	0.182
BPP_100_200_0.1_0.8_8.C	53	2.800	32.920	0.179
BPP_100_200_0.1_0.8_8.C	52	3.000	32.400	0.184
BPP_100_200_0.1_0.8_8.C	53	2.800	32.920	0.180
BPP_100_200_0.1_0.8_8.C	53	2.800	32.920	0.184
BPP_100_200_0.1_0.8_8.C	53	2.800	32.920	0.181
BPP_100_200_0.1_0.8_8.C	52	2.800	32.320	0.191
BPP_100_200_0.1_0.8_8.C	52	3.000	32.400	0.182
BPP_100_200_0.1_0.8_9.C	57	4.000	35.800	0.203
BPP_100_200_0.1_0.8_9.C	58	4.200	36.480	0.213
BPP_100_200_0.1_0.8_9.C	58	4.000	36.400	0.201
BPP_100_200_0.1_0.8_9.C	58	4.200	36.480	0.200
BPP_100_200_0.1_0.8_9.C	57	5.000	36.200	0.199
BPP_100_200_0.1_0.8_9.C	58	3.800	36.320	0.202
BPP_100_200_0.1_0.8_9.C	57	3.800	35.720	0.207
BPP_100_200_0.1_0.8_9.C	58	4.000	36.400	0.199
BPP_100_200_0.1_0.8_9.C	58	4.000	36.400	0.203
BPP_100_200_0.1_0.8_9.C	58	3.800	36.320	0.203
BPP_100_300_0.1_0.8_0.C	46	2.800	28.720	0.270
BPP_100_300_0.1_0.8_0.C	46	2.600	28.640	0.272
BPP_100_300_0.1_0.8_0.C	46	2.600	28.640	0.302
BPP_100_300_0.1_0.8_0.C	46	2.800	28.720	0.293
BPP_100_300_0.1_0.8_0.C	46	2.400	28.560	0.274
BPP_100_300_0.1_0.8_0.C	46	2.800	28.720	0.275
BPP_100_300_0.1_0.8_0.C	46	2.800	28.720	0.281
BPP_100_300_0.1_0.8_0.C	46	2.800	28.720	0.271
BPP_100_300_0.1_0.8_0.C	46	2.800	28.720	0.274
BPP_100_300_0.1_0.8_0.C	46	2.400	28.560	0.282
BPP_100_300_0.1_0.8_1.C	44	2.800	27.520	0.257
BPP_100_300_0.1_0.8_1.C	44	2.600	27.440	0.250
BPP_100_300_0.1_0.8_1.C	44	2.400	27.360	0.259
BPP_100_300_0.1_0.8_1.C	44	2.400	27.360	0.268
BPP_100_300_0.1_0.8_1.C	44	2.600	27.440	0.256
BPP_100_300_0.1_0.8_1.C	43	2.800	26.920	0.280
BPP_100_300_0.1_0.8_1.C	44	2.600	27.440	0.273
BPP_100_300_0.1_0.8_1.C	44	2.600	27.440	0.253
BPP_100_300_0.1_0.8_1.C	44	2.600	27.440	0.253
BPP_100_300_0.1_0.8_1.C	43	3.000	27.000	0.260
BPP_100_300_0.1_0.8_2.C	47	6.600	30.840	0.274
BPP_100_300_0.1_0.8_2.C	47	6.400	30.760	0.276
BPP_100_300_0.1_0.8_2.C	47	6.400	30.760	0.278
BPP_100_300_0.1_0.8_2.C	47	6.200	30.680	0.281
BPP_100_300_0.1_0.8_2.C	47	6.200	30.680	0.281
BPP_100_300_0.1_0.8_2.C	47	6.400	30.760	0.272
BPP_100_300_0.1_0.8_2.C	47	6.400	30.760	0.271
BPP_100_300_0.1_0.8_2.C	47	6.400	30.760	0.290
BPP_100_300_0.1_0.8_2.C	47	6.400	30.760	0.270
BPP_100_300_0.1_0.8_2.C	47	6.600	30.840	0.297
BPP_100_300_0.1_0.8_3.C	51	7.800	33.720	0.292
BPP_100_300_0.1_0.8_3.C	50	8.600	33.440	0.290
BPP_100_300_0.1_0.8_3.C	50	8.400	33.360	0.289
BPP_100_300_0.1_0.8_3.C	50	8.600	33.440	0.290
BPP_100_300_0.1_0.8_3.C	51	7.600	33.640	0.287
BPP_100_300_0.1_0.8_3.C	50	8.200	33.280	0.286
BPP_100_300_0.1_0.8_3.C	50	8.400	33.360	0.285
BPP_100_300_0.1_0.8_3.C	50	8.600	33.440	0.302
BPP_100_300_0.1_0.8_3.C	50	8.200	33.280	0.291
BPP_100_300_0.1_0.8_3.C	50	8.000	33.200	0.298
BPP_100_300_0.1_0.8_4.C	44	3.400	27.760	0.257
BPP_100_300_0.1_0.8_4.C	44	3.000	27.600	0.261
BPP_100_300_0.1_0.8_4.C	44	3.000	27.600	0.262
BPP_100_300_0.1_0.8_4.C	44	3.200	27.680	0.256
BPP_100_300_0.1_0.8_4.C	44	3.200	27.680	0.260
BPP_100_300_0.1_0.8_4.C	44	3.000	27.600	0.258
BPP_100_300_0.1_0.8_4.C	44	3.400	27.760	0.263
BPP_100_300_0.1_0.8_4.C	44	3.200	27.680	0.262
BPP_100_300_0.1_0.8_4.C	44	3.200	27.680	0.256
BPP_100_300_0.1_0.8_4.C	44	3.400	27.760	0.256
BPP_100_300_0.1_0.8_5.C	53	2.400	32.760	0.320
BPP_100_300_0.1_0.8_5.C	53	2.400	32.760	0.301
BPP_100_300_0.1_0.8_5.C	53	2.400	32.760	0.291
BPP_100_300_0.1_0.8_5.C	53	2.400	32.760	0.302
BPP_100_300_0.1_0.8_5.C	53	2.400	32.760	0.296
BPP_100_300_0.1_0.8_5.C	53	2.400	32.760	0.293
BPP_100_300_0.1_0.8_5.C	53	2.800	32.920	0.293
BPP_100_300_0.1_0.8_5.C	53	2.400	32.760	0.300
BPP_100_300_0.1_0.8_5.C	53	2.400	32.760	0.300
BPP_100_300_0.1_0.8_5.C	53	2.400	32.760	0.309
BPP_100_300_0.1_0.8_6.C	44	2.200	27.280	0.250
BPP_100_300_0.1_0.8_6.C	44	1.800	27.120	0.256
BPP_100_300_0.1_0.8_6.C	44	1.600	27.040	0.261
BPP_100_300_0.1_0.8_6.C	44	1.800	27.120	0.252
BPP_100_300_0.1_0.8_6.C	44	2.000	27.200	0.257
BPP_100_300_0.1_0.8_6.C	44	2.200	27.280	0.258
BPP_100_300_0.1_0.8_6.C	44	2.000	27.200	0.250
BPP_100_300_0.1_0.8_6.C	44	1.800	27.120	0.251
BPP_100_300_0.1_0.8_6.C	44	2.000	27.200	0.255
BPP_100_300_0.1_0.8_6.C	44	2.200	27.280	0.256
BPP_100_300_0.1_0.8_7.C	50	3.000	31.200	0.295
BPP_100_300_0.1_0.8_7.C	50	2.400	30.960	0.310
BPP_100_300_0.1_0.8_7.C	50	4.600	31.840	0.286
BPP_100_300_0.1_0.8_7.C	50	3.200	31.280	0.295
BPP_100_300_0.1_0.8_7.C	50	3.200	31.280	0.289
BPP_100_300_0.1_0.8_7.C	50	2.200	30.880	0.301
BPP_100_300_0.1_0.8_7.C	50	2.600	31.040	0.295
BPP_100_300_0.1_0.8_7.C	50	3.400	31.360	0.284
BPP_100_300_0.1_0.8_7.C	50	2.600	31.040	0.288
BPP_100_300_0.1_0.8_7.C	50	2.400	30.960	0.293
BPP_100_300_0.1_0.8_8.C	48	1.000	29.200	0.264
BPP_100_300_0.1_0.8_8.C	47	1.800	28.920	0.289
BPP_100_300_0.1_0.8_8.C	48	1.000	29.200	0.265
BPP_100_300_0.1_0.8_8.C	48	1.000	29.200	0.288
BPP_100_300_0.1_0.8_8.C	48	1.000	29.200	0.264
BPP_100_300_0.1_0.8_8.C	48	1.000	29.200	0.274
BPP_100_300_0.1_0.8_8.C	48	1.000	29.200	0.266
BPP_100_300_0.1_0.8_8.C	48	1.000	29.200	0.263
BPP_100_300_0.1_0.8_8.C	47	1.600	28.840	0.274
BPP_100_300_0.1_0.8_8.C	47	1.600	28.840	0.276
BPP_100_300_0.1_0.8_9.C	47	0.400	28.360	0.287
BPP_100_300_0.1_0.8_9.C	47	0.400	28.360	0.275
BPP_100_300_0.1_0.8_9.C	47	0.400	28.360	0.284
BPP_100_300_0.1_0.8_9.C	47	0.400	28.360	0.275
BPP_100_300_0.1_0.8_9.C	47	0.600	28.440	0.268
BPP_100_300_0.1_0.8_9.C	47	0.400	28.360	0.277
BPP_100_300_0.1_0.8_9.C	47	0.400	28.360	0.269
BPP_100_300_0.1_0.8_9.C	47	0.600	28.440	0.271
BPP_100_300_0.1_0.8_9.C	47	0.400	28.360	0.294
BPP_100_300_0.1_0.8_9.C	47	0.400	28.360	0.272
BPP_100_400_0.1_0.8_0.C	46	2.400	28.560	0.374
BPP_100_400_0.1_0.8_0.C	46	2.600	28.640	0.373
BPP_100_400_0.1_0.8_0.C	46	2.200	28.480	0.432
BPP_100_400_0.1_0.8_0.C	46	2.000	28.400	0.382
BPP_100_400_0.1_0.8_0.C	46	2.000	28.400	0.372
BPP_100_400_0.1_0.8_0.C	46	2.200	28.480	0.380
BPP_100_400_0.1_0.8_0.C	46	2.400	28.560	0.374
BPP_100_400_0.1_0.8_0.C	46	3.000	28.800	0.385
BPP_100_400_0.1_0.8_0.C	46	2.200	28.480	0.376
BPP_100_400_0.1_0.8_0.C	46	2.200	28.480	0.376
BPP_100_400_0.1_0.8_1.C	46	3.800	29.120	0.384
BPP_100_400_0.1_0.8_1.C	46	3.600	29.040	0.386
BPP_100_400_0.1_0.8_1.C	46	3.600	29.040	0.384
BPP_100_400_0.1_0.8_1.C	46	3.600	29.040	0.390
BPP_100_400_0.1_0.8_1.C	46	3.400	28.960	0.405
BPP_100_400_0.1_0.8_1.C	46	3.400	28.960	0.394
BPP_100_400_0.1_0.8_1.C	46	3.600	29.040	0.386
BPP_100_400_0.1_0.8_1.C	46	3.400	28.960	0.386
BPP_100_400_0.1_0.8_1.C	46	3.600	29.040	0.380
BPP_100_400_0.1_0.8_1.C	46	3.400	28.960	0.382
BPP_100_400_0.1_0.8_2.C	48	2.400	29.760	0.396
BPP_100_400_0.1_0.8_2.C	48	2.400	29.760	0.388
BPP_100_400_0.1_0.8_2.C	48	2.400	29.760	0.394
BPP_100_400_0.1_0.8_2.C	48	2.400	29.760	0.385
BPP_100_400_0.1_0.8_2.C	48	2.400	29.760	0.395
BPP_100_400_0.1_0.8_2.C	48	2.400	29.760	0.394
BPP_100_400_0.1_0.8_2.C	48	2.400	29.760	0.398
BPP_100_400_0.1_0.8_2.C	48	2.400	29.760	0.391
BPP_100_400_0.1_0.8_2.C	48	2.400	29.760	0.381
BPP_100_400_0.1_0.8_2.C	48	2.400	29.760	0.394
BPP_100_400_0.1_0.8_3.C	49	2.400	30.360	0.393
BPP_100_400_0.1_0.8_3.C	49	2.400	30.360	0.386
BPP_100_400_0.1_0.8_3.C	49	2.400	30.360	0.399
BPP_100_400_0.1_0.8_3.C	49	2.400	30.360	0.391
BPP_100_400_0.1_0.8_3.C	49	2.400	30.360	0.392
BPP_100_400_0.1_0.8_3.C	49	2.400	30.360	0.391
BPP_100_400_0.1_0.8_3.C	49	2.400	30.360	0.406
BPP_100_400_0.1_0.8_3.C	49	2.400	30.360	0.392
BPP_100_400_0.1_0.8_3.C	49	2.400	30.360	0.394
BPP_100_400_0.1_0.8_3.C	49	2.400	30.360	0.403
BPP_100_400_0.1_0.8_4.C	49	1.400	29.960	0.392
BPP_100_400_0.1_0.8_4.C	48	1.400	29.360	0.408
BPP_100_400_0.1_0.8_4.C	48	1.600	29.440	0.400
BPP_100_400_0.1_0.8_4.C	48	1.600	29.440	0.396
BPP_100_400_0.1_0.8_4.C	48	1.400	29.360	0.414
BPP_100_400_0.1_0.8_4.C	48	1.400	29.360	0.403
BPP_100_400_0.1_0.8_4.C	48	1.400	29.360	0.422
BPP_100_400_0.1_0.8_4.C	48	1.400	29.360	0.391
BPP_100_400_0.1_0.8_4.C	48	1.400	29.360	0.395
BPP_100_400_0.1_0.8_4.C	48	1.400	29.360	0.413
BPP_100_400_0.1_0.8_5.C	46	1.400	28.160	0.381
BPP_100_400_0.1_0.8_5.C	46	1.400	28.160	0.411
BPP_100_400_0.1_0.8_5.C	46	1.400	28.160	0.409
BPP_100_400_0.1_0.8_5.C	46	1.400	28.160	0.384
BPP_100_400_0.1_0.8_5.C	46	1.400	28.160	0.394
BPP_100_400_0.1_0.8_5.C	46	1.400	28.160	0.386
BPP_100_400_0.1_0.8_5.C	46	1.400	28.160	0.384
BPP_100_400_0.1_0.8_5.C	46	1.400	28.160	0.377
BPP_100_400_0.1_0.8_5.C	46	1.400	28.160	0.387
BPP_100_400_0.1_0.8_5.C	46	1.400	28.160	0.382
BPP_100_400_0.1_0.8_6.C	49	0.400	29.560	0.418
BPP_100_400_0.1_0.8_6.C	49	0.400	29.560	0.407
BPP_100_400_0.1_0.8_6.C	49	0.400	29.560	0.399
BPP_100_400_0.1_0.8_6.C	49	0.400	29.560	0.406
BPP_100_400_0.1_0.8_6.C	49	0.400	29.560	0.403
BPP_100_400_0.1_0.8_6.C	49	0.400	29.560	0.456
BPP_100_400_0.1_0.8_6.C	49	0.400	29.560	0.399
BPP_100_400_0.1_0.8_6.C	49	0.400	29.560	0.401
BPP_100_400_0.1_0.8_6.C	49	0.400	29.560	0.414
BPP_100_400_0.1_0.8_6.C	50	0.400	30.160	0.398
BPP_100_400_0.1_0.8_7.C	48	1.600	29.440	0.390
BPP_100_400_0.1_0.8_7.C	48	1.400	29.360	0.397
BPP_100_400_0.1_0.8_7.C	48	1.400	29.360	0.387
BPP_100_400_0.1_0.8_7.C	48	1.400	29.360	0.392
BPP_100_400_0.1_0.8_7.C	48	1.600	29.440	0.390
BPP_100_400_0.1_0.8_7.C	48	1.400	29.360	0.390
BPP_100_400_0.1_0.8_7.C	48	1.400	29.360	0.396
BPP_100_400_0.1_0.8_7.C	48	1.400	29.360	0.390
BPP_100_400_0.1_0.8_7.C	48	1.400	29.360	0.391
BPP_100_400_0.1_0.8_7.C	48	1.400	29.360	0.390
BPP_100_400_0.1_0.8_8.C	49	4.800	31.320	0.409
BPP_100_400_0.1_0.8_8.C	49	5.000	31.400	0.397
BPP_100_400_0.1_0.8_8.C	48	5.000	30.800	0.443
BPP_100_400_0.1_0.8_8.C	49	5.200	31.480	0.390
BPP_100_400_0.1_0.8_8.C	48	5.200	30.880	0.396
BPP_100_400_0.1_0.8_8.C	49	4.800	31.320	0.397
BPP_100_400_0.1_0.8_8.C	48	5.000	30.800	0.406
BPP_100_400_0.1_0.8_8.C	48	5.200	30.880	0.392
BPP_100_400_0.1_0.8_8.C	48	5.000	30.800	0.401
BPP_100_400_0.1_0.8_8.C	49	5.000	31.400	0.402
BPP_100_400_0.1_0.8_9.C	49	2.200	30.280	0.396
BPP_100_400_0.1_0.8_9.C	49	2.200	30.280	0.399
BPP_100_400_0.1_0.8_9.C	49	2.200	30.280	0.401
BPP_100_400_0.1_0.8_9.C	49	2.200	30.280	0.403
BPP_100_400_0.1_0.8_9.C	49	2.200	30.280	0.411
BPP_100_400_0.1_0.8_9.C	49	2.200	30.280	0.411
BPP_100_400_0.1_0.8_9.C	49	2.000	30.200	0.407
BPP_100_400_0.1_0.8_9.C	49	2.200	30.280	0.418
BPP_100_400_0.1_0.8_9.C	49	2.400	30.360	0.442
BPP_100_400_0.1_0.8_9.C	49	2.200	30.280	0.434
BPP_100_500_0.1_0.8_0.C	44	3.800	27.920	0.411
BPP_100_500_0.1_0.8_0.C	44	3.800	27.920	0.406
BPP_100_500_0.1_0.8_0.C	44	3.800	27.920	0.401
BPP_100_500_0.1_0.8_0.C	44	3.800	27.920	0.402
BPP_100_500_0.1_0.8_0.C	44	3.800	27.920	0.403
BPP_100_500_0.1_0.8_0.C	44	3.800	27.920	0.405
BPP_100_500_0.1_0.8_0.C	44	3.800	27.920	0.400
BPP_100_500_0.1_0.8_0.C	44	4.000	28.000	0.401
BPP_100_500_0.1_0.8_0.C	44	3.800	27.920	0.463
BPP_100_500_0.1_0.8_0.C	44	3.800	27.920	0.405
BPP_100_500_0.1_0.8_1.C	50	1.600	30.640	0.446
BPP_100_500_0.1_0.8_1.C	50	1.400	30.560	0.447
BPP_100_500_0.1_0.8_1.C	50	1.600	30.640	0.457
BPP_100_500_0.1_0.8_1.C	50	1.600	30.640	0.529
BPP_100_500_0.1_0.8_1.C	50	1.600	30.640	0.447
BPP_100_500_0.1_0.8_1.C	50	1.600	30.640	0.443
BPP_100_500_0.1_0.8_1.C	50	1.600	30.640	0.475
BPP_100_500_0.1_0.8_1.C	50	1.400	30.560	0.445
BPP_100_500_0.1_0.8_1.C	50	1.400	30.560	0.459
BPP_100_500_0.1_0.8_1.C	50	1.600	30.640	0.494
BPP_100_500_0.1_0.8_2.C	47	0.200	28.280	0.428
BPP_100_500_0.1_0.8_2.C	47	0.200	28.280	0.445
BPP_100_500_0.1_0.8_2.C	47	0.200	28.280	0.424
BPP_100_500_0.1_0.8_2.C	47	0.200	28.280	0.441
BPP_100_500_0.1_0.8_2.C	47	0.200	28.280	0.427
BPP_100_500_0.1_0.8_2.C	47	0.200	28.280	0.424
BPP_100_500_0.1_0.8_2.C	47	0.200	28.280	0.436
BPP_100_500_0.1_0.8_2.C	47	0.200	28.280	0.462
BPP_100_500_0.1_0.8_2.C	47	0.200	28.280	0.426
BPP_100_500_0.1_0.8_2.C	47	0.200	28.280	0.430
BPP_100_500_0.1_0.8_3.C	49	12.600	34.440	0.459
BPP_100_500_0.1_0.8_3.C	50	11.200	34.480	0.448
BPP_100_500_0.1_0.8_3.C	50	11.400	34.560	0.459
BPP_100_500_0.1_0.8_3.C	50	11.400	34.560	0.464
BPP_100_500_0.1_0.8_3.C	50	11.400	34.560	0.453
BPP_100_500_0.1_0.8_3.C	50	11.800	34.720	0.493
BPP_100_500_0.1_0.8_3.C	50	11.400	34.560	0.453
BPP_100_500_0.1_0.8_3.C	50	11.600	34.640	0.461
BPP_100_500_0.1_0.8_3.C	49	12.600	34.440	0.461
BPP_100_500_0.1_0.8_3.C	50	11.200	34.480	0.460
BPP_100_500_0.1_0.8_4.C	48	7.400	31.760	0.439
BPP_100_500_0.1_0.8_4.C	47	8.200	31.480	0.441
BPP_100_500_0.1_0.8_4.C	48	6.600	31.440	0.441
BPP_100_500_0.1_0.8_4.C	48	6.800	31.520	0.446
BPP_100_500_0.1_0.8_4.C	48	6.600	31.440	0.438
BPP_100_500_0.1_0.8_4.C	48	7.400	31.760	0.443
BPP_100_500_0.1_0.8_4.C	48	7.400	31.760	0.440
BPP_100_500_0.1_0.8_4.C	48	7.600	31.840	0.438
BPP_100_500_0.1_0.8_4.C	47	7.800	31.320	0.453
BPP_100_500_0.1_0.8_4.C	48	7.200	31.680	0.439
BPP_100_500_0.1_0.8_5.C	54	1.000	32.800	0.526
BPP_100_500_0.1_0.8_5.C	54	1.000	32.800	0.486
BPP_100_500_0.1_0.8_5.C	54	1.200	32.880	0.476
BPP_100_500_0.1_0.8_5.C	54	1.000	32.800	0.477
BPP_100_500_0.1_0.8_5.C	54	1.000	32.800	0.477
BPP_100_500_0.1_0.8_5.C	54	1.000	32.800	0.481
BPP_100_500_0.1_0.8_5.C	54	1.000	32.800	0.476
BPP_100_500_0.1_0.8_5.C	54	1.000	32.800	0.476
BPP_100_500_0.1_0.8_5.C	54	1.000	32.800	0.474
BPP_100_500_0.1_0.8_5.C	54	1.000	32.800	0.475
BPP_100_500_0.1_0.8_6.C	50	2.600	31.040	0.452
BPP_100_500_0.1_0.8_6.C	50	2.400	30.960	0.475
BPP_100_500_0.1_0.8_6.C	49	2.400	30.360	0.492
BPP_100_500_0.1_0.8_6.C	49	2.600	30.440	0.459
BPP_100_500_0.1_0.8_6.C	49	2.600	30.440	0.478
BPP_100_500_0.1_0.8_6.C	50	2.000	30.800	0.480
BPP_100_500_0.1_0.8_6.C	49	2.600	30.440	0.483
BPP_100_500_0.1_0.8_6.C	49	2.400	30.360	0.443
BPP_100_500_0.1_0.8_6.C	49	2.600	30.440	0.467
BPP_100_500_0.1_0.8_6.C	50	2.400	30.960	0.476
BPP_100_500_0.1_0.8_7.C	50	3.000	31.200	0.502
BPP_100_500_0.1_0.8_7.C	50	3.200	31.280	0.493
BPP_100_500_0.1_0.8_7.C	50	3.600	31.440	0.530
BPP_100_500_0.1_0.8_7.C	50	3.600	31.440	0.475
BPP_100_500_0.1_0.8_7.C	50	3.200	31.280	0.484
BPP_100_500_0.1_0.8_7.C	50	3.000	31.200	0.504
BPP_100_500_0.1_0.8_7.C	50	3.000	31.200	0.489
BPP_100_500_0.1_0.8_7.C	50	3.600	31.440	0.517
BPP_100_500_0.1_0.8_7.C	50	3.000	31.200	0.481
BPP_100_500_0.1_0.8_7.C	50	3.400	31.360	0.499
BPP_100_500_0.1_0.8_8.C	48	2.600	29.840	0.489
BPP_100_500_0.1_0.8_8.C	48	2.600	29.840	0.478
BPP_100_500_0.1_0.8_8.C	48	2.800	29.920	0.479
BPP_100_500_0.1_0.8_8.C	48	2.600	29.840	0.434
BPP_100_500_0.1_0.8_8.C	48	2.600	29.840	0.433
BPP_100_500_0.1_0.8_8.C	48	2.600	29.840	0.430
BPP_100_500_0.1_0.8_8.C	48	2.600	29.840	0.434
BPP_100_500_0.1_0.8_8.C	48	2.600	29.840	0.434
BPP_100_500_0.1_0.8_8.C	48	2.600	29.840	0.455
BPP_100_500_0.1_0.8_8.C	48	2.600	29.840	0.436
BPP_100_500_0.1_0.8_9.C	46	4.200	29.280	0.429
BPP_100_500_0.1_0.8_9.C	47	3.600	29.640	0.427
BPP_100_500_0.1_0.8_9.C	46	4.200	29.280	0.425
BPP_100_500_0.1_0.8_9.C	47	3.600	29.640	0.425
BPP_100_500_0.1_0.8_9.C	47	3.600	29.640	0.423
BPP_100_500_0.1_0.8_9.C	47	3.600	29.640	0.433
BPP_100_500_0.1_0.8_9.C	46	4.400	29.360	0.441
BPP_100_500_0.1_0.8_9.C	46	4.600	29.440	0.426
BPP_100_500_0.1_0.8_9.C	47	3.600	29.640	0.428
BPP_100_500_0.1_0.8_9.C	47	3.600	29.640	0.422
BPP_100_50_0.1_0.8_0.C	44	0.600	26.640	0.045
BPP_100_50_0.1_0.8_0.C	44	0.600	26.640	0.046
BPP_100_50_0.1_0.8_0.C	44	0.400	26.560	0.047
BPP_100_50_0.1_0.8_0.C	44	0.400	26.560	0.046
BPP_100_50_0.1_0.8_0.C	44	0.400	26.560	0.046
BPP_100_50_0.1_0.8_0.C	44	0.400	26.560	0.048
BPP_100_50_0.1_0.8_0.C	44	0.600	26.640	0.046
BPP_100_50_0.1_0.8_0.C	44	0.600	26.640	0.046
BPP_100_50_0.1_0.8_0.C	44	0.400	26.560	0.047
BPP_100_50_0.1_0.8_0.C	44	0.400	26.560	0.047
BPP_100_50_0.1_0.8_1.C	45	3.800	28.520	0.048
BPP_100_50_0.1_0.8_1.C	45	4.000	28.600	0.048
BPP_100_50_0.1_0.8_1.C	45	3.800	28.520	0.048
BPP_100_50_0.1_0.8_1.C	45	4.000	28.600	0.048
BPP_100_50_0.1_0.8_1.C	45	4.000	28.600	0.050
BPP_100_50_0.1_0.8_1.C	45	3.600	28.440	0.050
BPP_100_50_0.1_0.8_1.C	45	3.800	28.520	0.050
BPP_100_50_0.1_0.8_1.C	45	4.000	28.600	0.047
BPP_100_50_0.1_0.8_1.C	45	3.600	28.440	0.048
BPP_100_50_0.1_0.8_1.C	45	4.000	28.600	0.048
BPP_100_50_0.1_0.8_2.C	51	6.000	33.000	0.055
BPP_100_50_0.1_0.8_2.C	51	5.000	32.600	0.066
BPP_100_50_0.1_0.8_2.C	51	5.200	32.680	0.062
BPP_100_50_0.1_0.8_2.C	51	4.800	32.520	0.064
BPP_100_50_0.1_0.8_2.C	51	5.200	32.680	0.063
BPP_100_50_0.1_0.8_2.C	51	5.800	32.920	0.053
BPP_100_50_0.1_0.8_2.C	51	5.600	32.840	0.063
BPP_100_50_0.1_0.8_2.C	51	4.800	32.520	0.067
BPP_100_50_0.1_0.8_2.C	51	6.000	33.000	0.056
BPP_100_50_0.1_0.8_2.C	51	6.400	33.160	0.050
BPP_100_50_0.1_0.8_3.C	48	3.200	30.080	0.049
BPP_100_50_0.1_0.8_3.C	48	3.400	30.160	0.051
BPP_100_50_0.1_0.8_3.C	47	3.800	29.720	0.051
BPP_100_50_0.1_0.8_3.C	48	3.200	30.080	0.049
BPP_100_50_0.1_0.8_3.C	48	3.200	30.080	0.053
BPP_100_50_0.1_0.8_3.C	48	3.400	30.160	0.050
BPP_100_50_0.1_0.8_3.C	48	3.600	30.240	0.053
BPP_100_50_0.1_0.8_3.C	48	3.200	30.080	0.051
BPP_100_50_0.1_0.8_3.C	48	3.400	30.160	0.051
BPP_100_50_0.1_0.8_3.C	48	3.200	30.080	0.051
BPP_100_50_0.1_0.8_4.C	43	1.400	26.360	0.044
BPP_100_50_0.1_0.8_4.C	43	1.400	26.360	0.045
BPP_100_50_0.1_0.8_4.C	43	1.400	26.360	0.046
BPP_100_50_0.1_0.8_4.C	43	1.400	26.360	0.047
BPP_100_50_0.1_0.8_4.C	43	1.400	26.360	0.045
BPP_100_50_0.1_0.8_4.C	43	1.400	26.360	0.046
BPP_100_50_0.1_0.8_4.C	43	1.400	26.360	0.045
BPP_100_50_0.1_0.8_4.C	43	1.400	26.360	0.046
BPP_100_50_0.1_0.8_4.C	43	1.400	26.360	0.051
BPP_100_50_0.1_0.8_4.C	43	1.400	26.360	0.045
BPP_100_50_0.1_0.8_5.C	44	1.400	26.960	0.045
BPP_100_50_0.1_0.8_5.C	43	1.600	26.440	0.046
BPP_100_50_0.1_0.8_5.C	43	1.600	26.440	0.045
BPP_100_50_0.1_0.8_5.C	43	1.600	26.440	0.046
BPP_100_50_0.1_0.8_5.C	43	1.400	26.360	0.047
BPP_100_50_0.1_0.8_5.C	43	1.600	26.440	0.046
BPP_100_50_0.1_0.8_5.C	43	1.600	26.440	0.048
BPP_100_50_0.1_0.8_5.C	43	1.400	26.360	0.047
BPP_100_50_0.1_0.8_5.C	43	1.600	26.440	0.046
BPP_100_50_0.1_0.8_5.C	43	1.400	26.360	0.046
BPP_100_50_0.1_0.8_6.C	45	1.400	27.560	0.048
BPP_100_50_0.1_0.8_6.C	45	1.400	27.560	0.047
BPP_100_50_0.1_0.8_6.C	45	1.400	27.560	0.053
BPP_100_50_0.1_0.8_6.C	45	1.400	27.560	0.046
BPP_100_50_0.1_0.8_6.C	45	1.400	27.560	0.047
BPP_100_50_0.1_0.8_6.C	45	1.400	27.560	0.047
BPP_100_50_0.1_0.8_6.C	45	1.400	27.560	0.047
BPP_100_50_0.1_0.8_6.C	45	1.400	27.560	0.047
BPP_100_50_0.1_0.8_6.C	45	1.400	27.560	0.050
BPP_100_50_0.1_0.8_6.C	45	1.400	27.560	0.050
BPP_100_50_0.1_0.8_7.C	47	1.400	28.760	0.048
BPP_100_50_0.1_0.8_7.C	47	1.400	28.760	0.047
BPP_100_50_0.1_0.8_7.C	47	1.400	28.760	0.048
BPP_100_50_0.1_0.8_7.C	47	1.400	28.760	0.048
BPP_100_50_0.1_0.8_7.C	47	1.400	28.760	0.048
BPP_100_50_0.1_0.8_7.C	47	1.400	28.760	0.048
BPP_100_50_0.1_0.8_7.C	47	1.400	28.760	0.049
BPP_100_50_0.1_0.8_7.C	47	1.400	28.760	0.048
BPP_100_50_0.1_0.8_7.C	47	1.400	28.760	0.050
BPP_100_50_0.1_0.8_7.C	47	1.400	28.760	0.048
BPP_100_50_0.1_0.8_8.C	48	2.800	29.920	0.054
BPP_100_50_0.1_0.8_8.C	47	3.800	29.720	0.051
BPP_100_50_0.1_0.8_8.C	48	3.200	30.080	0.054
BPP_100_50_0.1_0.8_8.C	48	3.000	30.000	0.053
BPP_100_50_0.1_0.8_8.C	48	3.800	30.320	0.050
BPP_100_50_0.1_0.8_8.C	48	4.000	30.400	0.052
BPP_100_50_0.1_0.8_8.C	48	3.600	30.240	0.053
BPP_100_50_0.1_0.8_8.C	48	3.000	30.000	0.056
BPP_100_50_0.1_0.8_8.C	49	2.800	30.520	0.053
BPP_100_50_0.1_0.8_8.C	48	2.800	29.920	0.056
BPP_100_50_0.1_0.8_9.C	47	4.600	30.040	0.054
BPP_100_50_0.1_0.8_9.C	47	4.800	30.120	0.049
BPP_100_50_0.1_0.8_9.C	47	4.400	29.960	0.058
BPP_100_50_0.1_0.8_9.C	47	4.400	29.960	0.051
BPP_100_50_0.1_0.8_9.C	47	4.800	30.120	0.049
BPP_100_50_0.1_0.8_9.C	47	4.400	29.960	0.060
BPP_100_50_0.1_0.8_9.C	47	4.600	30.040	0.051
BPP_100_50_0.1_0.8_9.C	47	4.800	30.120	0.049
BPP_100_50_0.1_0.8_9.C	47	4.800	30.120	0.051
BPP_100_50_0.1_0.8_9.C	47	4.800	30.120	0.051
BPP_100_750_0.1_0.8_0.C	46	2.000	28.400	0.639
BPP_100_750_0.1_0.8_0.C	45	2.400	27.960	0.626
BPP_100_750_0.1_0.8_0.C	45	2.200	27.880	0.616
BPP_100_750_0.1_0.8_0.C	46	2.000	28.400	0.600
BPP_100_750_0.1_0.8_0.C	45	2.000	27.800	0.609
BPP_100_750_0.1_0.8_0.C	46	2.000	28.400	0.597
BPP_100_750_0.1_0.8_0.C	46	2.000	28.400	0.630
BPP_100_750_0.1_0.8_0.C	45	2.000	27.800	0.618
BPP_100_750_0.1_0.8_0.C	45	2.000	27.800	0.598
BPP_100_750_0.1_0.8_0.C	46	2.000	28.400	0.604
BPP_100_750_0.1_0.8_1.C	45	2.000	27.800	0.598
BPP_100_750_0.1_0.8_1.C	45	2.000	27.800	0.590
BPP_100_750_0.1_0.8_1.C	46	2.000	28.400	0.606
BPP_100_750_0.1_0.8_1.C	45	2.000	27.800	0.596
BPP_100_750_0.1_0.8_1.C	45	2.000	27.800	0.597
BPP_100_750_0.1_0.8_1.C	45	2.000	27.800	0.605
BPP_100_750_0.1_0.8_1.C	45	2.000	27.800	0.605
BPP_100_750_0.1_0.8_1.C	45	2.000	27.800	0.609
BPP_100_750_0.1_0.8_1.C	45	2.000	27.800	0.603
BPP_100_750_0.1_0.8_1.C	45	2.200	27.880	0.602
BPP_100_750_0.1_0.8_2.C	45	2.000	27.800	0.637
BPP_100_750_0.1_0.8_2.C	45	2.000	27.800	0.603
BPP_100_750_0.1_0.8_2.C	45	2.000	27.800	0.607
BPP_100_750_0.1_0.8_2.C	45	2.000	27.800	0.601
BPP_100_750_0.1_0.8_2.C	45	2.000	27.800	0.602
BPP_100_750_0.1_0.8_2.C	45	2.000	27.800	0.606
BPP_100_750_0.1_0.8_2.C	45	2.000	27.800	0.609
BPP_100_750_0.1_0.8_2.C	45	2.000	27.800	0.602
BPP_100_750_0.1_0.8_2.C	45	2.000	27.800	0.600
BPP_100_750_0.1_0.8_2.C	45	2.000	27.800	0.613
BPP_100_750_0.1_0.8_3.C	49	3.000	30.600	0.664
BPP_100_750_0.1_0.8_3.C	49	3.000	30.600	0.650
BPP_100_750_0.1_0.8_3.C	49	2.600	30.440	0.651
BPP_100_750_0.1_0.8_3.C	49	2.800	30.520	0.660
BPP_100_750_0.1_0.8_3.C	49	2.800	30.520	0.658
BPP_100_750_0.1_0.8_3.C	49	2.800	30.520	0.656
BPP_100_750_0.1_0.8_3.C	49	2.800	30.520	0.649
BPP_100_750_0.1_0.8_3.C	49	2.800	30.520	0.648
BPP_100_750_0.1_0.8_3.C	49	2.800	30.520	0.644
BPP_100_750_0.1_0.8_3.C	49	2.800	30.520	0.654
BPP_100_750_0.1_0.8_4.C	52	3.600	32.640	0.685
BPP_100_750_0.1_0.8_4.C	52	3.600	32.640	0.690
BPP_100_750_0.1_0.8_4.C	52	3.600	32.640	0.680
BPP_100_750_0.1_0.8_4.C	52	3.600	32.640	0.680
BPP_100_750_0.1_0.8_4.C	52	3.600	32.640	0.688
BPP_100_750_0.1_0.8_4.C	52	3.600	32.640	0.681
BPP_100_750_0.1_0.8_4.C	52	3.600	32.640	0.682
BPP_100_750_0.1_0.8_4.C	52	3.600	32.640	0.686
BPP_100_750_0.1_0.8_4.C	52	3.600	32.640	0.679
BPP_100_750_0.1_0.8_4.C	52	3.600	32.640	0.675
BPP_100_750_0.1_0.8_5.C	50	0.000	30.000	0.673
BPP_100_750_0.1_0.8_5.C	50	0.000	30.000	0.685
BPP_100_750_0.1_0.8_5.C	49	1.000	29.800	0.659
BPP_100_750_0.1_0.8_5.C	49	1.000	29.800	0.665
BPP_100_750_0.1_0.8_5.C	50	0.000	30.000	0.680
BPP_100_750_0.1_0.8_5.C	49	1.000	29.800	0.666
BPP_100_750_0.1_0.8_5.C	50	0.000	30.000	0.705
BPP_100_750_0.1_0.8_5.C	50	0.000	30.000	0.672
BPP_100_750_0.1_0.8_5.C	50	0.000	30.000	0.676
BPP_100_750_0.1_0.8_5.C	50	0.000	30.000	0.718
BPP_100_750_0.1_0.8_6.C	45	0.000	27.000	0.691
BPP_100_750_0.1_0.8_6.C	46	-0.000	27.600	0.674
BPP_100_750_0.1_0.8_6.C	45	0.000	27.000	0.711
BPP_100_750_0.1_0.8_6.C	45	0.000	27.000	0.685
BPP_100_750_0.1_0.8_6.C	45	0.000	27.000	0.628
BPP_100_750_0.1_0.8_6.C	45	0.000	27.000	0.669
BPP_100_750_0.1_0.8_6.C	46	-0.000	27.600	0.626
BPP_100_750_0.1_0.8_6.C	45	0.000	27.000	0.647
BPP_100_750_0.1_0.8_6.C	45	0.000	27.000	0.646
BPP_100_750_0.1_0.8_6.C	45	0.000	27.000	0.629
BPP_100_750_0.1_0.8_7.C	50	1.000	30.400	0.880
BPP_100_750_0.1_0.8_7.C	50	1.000	30.400	0.803
BPP_100_750_0.1_0.8_7.C	50	1.000	30.400	0.924
BPP_100_750_0.1_0.8_7.C	50	1.000	30.400	0.984
BPP_100_750_0.1_0.8_7.C	50	1.200	30.480	1.039
BPP_100_750_0.1_0.8_7.C	50	1.000	30.400	1.117
BPP_100_750_0.1_0.8_7.C	51	-0.000	30.600	1.144
BPP_100_750_0.1_0.8_7.C	50	1.000	30.400	0.642
BPP_100_750_0.1_0.8_7.C	50	1.000	30.400	0.643
BPP_100_750_0.1_0.8_7.C	50	1.000	30.400	0.645
BPP_100_750_0.1_0.8_8.C	45	0.800	27.320	0.600
BPP_100_750_0.1_0.8_8.C	45	0.800	27.320	0.596
BPP_100_750_0.1_0.8_8.C	45	0.800	27.320	0.602
BPP_100_750_0.1_0.8_8.C	45	0.800	27.320	0.599
BPP_100_750_0.1_0.8_8.C	45	0.800	27.320	0.596
BPP_100_750_0.1_0.8_8.C	45	0.800	27.320	0.602
BPP_100_750_0.1_0.8_8.C	45	0.800	27.320	0.639
BPP_100_750_0.1_0.8_8.C	45	0.800	27.320	0.599
BPP_100_750_0.1_0.8_8.C	45	0.800	27.320	0.599
BPP_100_750_0.1_0.8_8.C	45	0.800	27.320	0.604
BPP_100_750_0.1_0.8_9.C	45	0.800	27.320	0.646
BPP_100_750_0.1_0.8_9.C	44	0.800	26.720	0.661
BPP_100_750_0.1_0.8_9.C	44	1.000	26.800	0.692
BPP_100_750_0.1_0.8_9.C	44	0.800	26.720	0.666
BPP_100_750_0.1_0.8_9.C	45	0.800	27.320	0.635
BPP_100_750_0.1_0.8_9.C	45	0.800	27.320	0.672
BPP_100_750_0.1_0.8_9.C	45	0.800	27.320	0.669
BPP_100_750_0.1_0.8_9.C	44	0.800	26.720	0.653
BPP_100_750_0.1_0.8_9.C	44	0.800	26.720	0.641
BPP_100_750_0.1_0.8_9.C	44	0.800	26.720	0.654
BPP_100_75_0.1_0.8_0.C	51	-0.000	30.600	0.077
BPP_100_75_0.1_0.8_0.C	51	-0.000	30.600	0.079
BPP_100_75_0.1_0.8_0.C	51	-0.000	30.600	0.077
BPP_100_75_0.1_0.8_0.C	51	-0.000	30.600	0.079
BPP_100_75_0.1_0.8_0.C	51	-0.000	30.600	0.077
BPP_100_75_0.1_0.8_0.C	51	-0.000	30.600	0.078
BPP_100_75_0.1_0.8_0.C	51	-0.000	30.600	0.077
BPP_100_75_0.1_0.8_0.C	51	-0.000	30.600	0.078
BPP_100_75_0.1_0.8_0.C	51	-0.000	30.600	0.079
BPP_100_75_0.1_0.8_0.C	51	-0.000	30.600	0.078
BPP_100_75_0.1_0.8_1.C	47	3.600	29.640	0.077
BPP_100_75_0.1_0.8_1.C	47	3.600	29.640	0.077
BPP_100_75_0.1_0.8_1.C	47	3.600	29.640	0.077
BPP_100_75_0.1_0.8_1.C	47	3.600	29.640	0.090
BPP_100_75_0.1_0.8_1.C	47	3.600	29.640	0.075
BPP_100_75_0.1_0.8_1.C	47	3.800	29.720	0.075
BPP_100_75_0.1_0.8_1.C	47	3.800	29.720	0.077
BPP_100_75_0.1_0.8_1.C	47	3.800	29.720	0.075
BPP_100_75_0.1_0.8_1.C	47	3.800	29.720	0.082
BPP_100_75_0.1_0.8_1.C	47	3.600	29.640	0.076
BPP_100_75_0.1_0.8_2.C	47	5.600	30.440	0.078
BPP_100_75_0.1_0.8_2.C	47	5.400	30.360	0.078
BPP_100_75_0.1_0.8_2.C	47	5.200	30.280	0.081
BPP_100_75_0.1_0.8_2.C	47	5.600	30.440	0.075
BPP_100_75_0.1_0.8_2.C	47	5.800	30.520	0.076
BPP_100_75_0.1_0.8_2.C	47	5.600	30.440	0.077
BPP_100_75_0.1_0.8_2.C	47	5.600	30.440	0.076
BPP_100_75_0.1_0.8_2.C	47	5.600	30.440	0.078
BPP_100_75_0.1_0.8_2.C	47	5.600	30.440	0.076
BPP_100_75_0.1_0.8_2.C	47	5.400	30.360	0.076
BPP_100_75_0.1_0.8_3.C	52	1.600	31.840	0.090
BPP_100_75_0.1_0.8_3.C	52	2.200	32.080	0.082
BPP_100_75_0.1_0.8_3.C	52	1.800	31.920	0.095
BPP_100_75_0.1_0.8_3.C	52	1.800	31.920	0.079
BPP_100_75_0.1_0.8_3.C	52	1.800	31.920	0.139
BPP_100_75_0.1_0.8_3.C	52	1.800	31.920	0.085
BPP_100_75_0.1_0.8_3.C	52	2.200	32.080	0.081
BPP_100_75_0.1_0.8_3.C	52	2.200	32.080	0.082
BPP_100_75_0.1_0.8_3.C	52	2.000	32.000	0.084
BPP_100_75_0.1_0.8_3.C	52	1.800	31.920	0.081
BPP_100_75_0.1_0.8_4.C	49	0.200	29.480	0.076
BPP_100_75_0.1_0.8_4.C	49	0.200	29.480	0.076
BPP_100_75_0.1_0.8_4.C	49	0.200	29.480	0.076
BPP_100_75_0.1_0.8_4.C	49	0.200	29.480	0.077
BPP_100_75_0.1_0.8_4.C	49	0.200	29.480	0.077
BPP_100_75_0.1_0.8_4.C	49	0.200	29.480	0.080
BPP_100_75_0.1_0.8_4.C	49	0.200	29.480	0.077
BPP_100_75_0.1_0.8_4.C	49	0.200	29.480	0.078
BPP_100_75_0.1_0.8_4.C	49	0.200	29.480	0.076
BPP_100_75_0.1_0.8_4.C	49	0.200	29.480	0.077
BPP_100_75_0.1_0.8_5.C	49	0.200	29.480	0.081
BPP_100_75_0.1_0.8_5.C	49	0.200	29.480	0.080
BPP_100_75_0.1_0.8_5.C	49	0.200	29.480	0.081
BPP_100_75_0.1_0.8_5.C	49	0.200	29.480	0.080
BPP_100_75_0.1_0.8_5.C	49	0.200	29.480	0.080
BPP_100_75_0.1_0.8_5.C	48	0.200	28.880	0.083
BPP_100_75_0.1_0.8_5.C	49	0.200	29.480	0.080
BPP_100_75_0.1_0.8_5.C	49	0.200	29.480	0.080
BPP_100_75_0.1_0.8_5.C	49	0.200	29.480	0.080
BPP_100_75_0.1_0.8_5.C	49	0.200	29.480	0.079
BPP_100_75_0.1_0.8_6.C	45	0.400	27.160	0.075
BPP_100_75_0.1_0.8_6.C	45	0.400	27.160	0.075
BPP_100_75_0.1_0.8_6.C	45	0.400	27.160	0.075
BPP_100_75_0.1_0.8_6.C	45	0.400	27.160	0.074
BPP_100_75_0.1_0.8_6.C	45	0.400	27.160	0.075
BPP_100_75_0.1_0.8_6.C	45	0.400	27.160	0.077
BPP_100_75_0.1_0.8_6.C	45	0.400	27.160	0.075
BPP_100_75_0.1_0.8_6.C	45	0.400	27.160	0.073
BPP_100_75_0.1_0.8_6.C	45	0.400	27.160	0.075
BPP_100_75_0.1_0.8_6.C	45	0.400	27.160	0.075
BPP_100_75_0.1_0.8_7.C	49	0.200	29.480	0.079
BPP_100_75_0.1_0.8_7.C	49	0.200	29.480	0.082
BPP_100_75_0.1_0.8_7.C	49	0.200	29.480	0.079
BPP_100_75_0.1_0.8_7.C	48	0.200	28.880	0.079
BPP_100_75_0.1_0.8_7.C	48	0.200	28.880	0.079
BPP_100_75_0.1_0.8_7.C	48	0.200	28.880	0.080
BPP_100_75_0.1_0.8_7.C	49	0.200	29.480	0.080
BPP_100_75_0.1_0.8_7.C	49	0.200	29.480	0.079
BPP_100_75_0.1_0.8_7.C	49	0.200	29.480	0.079
BPP_100_75_0.1_0.8_7.C	48	0.200	28.880	0.081
BPP_100_75_0.1_0.8_8.C	48	0.200	28.880	0.078
BPP_100_75_0.1_0.8_8.C	48	0.200	28.880	0.077
BPP_100_75_0.1_0.8_8.C	47	0.200	28.280	0.082
BPP_100_75_0.1_0.8_8.C	48	0.200	28.880	0.077
BPP_100_75_0.1_0.8_8.C	48	0.200	28.880	0.076
BPP_100_75_0.1_0.8_8.C	48	0.200	28.880	0.076
BPP_100_75_0.1_0.8_8.C	48	0.200	28.880	0.077
BPP_100_75_0.1_0.8_8.C	48	0.200	28.880	0.076
BPP_100_75_0.1_0.8_8.C	48	0.200	28.880	0.077
BPP_100_75_0.1_0.8_8.C	48	0.200	28.880	0.077
BPP_100_75_0.1_0.8_9.C	50	0.200	30.080	0.079
BPP_100_75_0.1_0.8_9.C	50	0.200	30.080	0.082
BPP_100_75_0.1_0.8_9.C	50	0.200	30.080	0.081
BPP_100_75_0.1_0.8_9.C	50	0.200	30.080	0.079
BPP_100_75_0.1_0.8_9.C	50	0.200	30.080	0.082
BPP_100_75_0.1_0.8_9.C	50	0.200	30.080	0.082
BPP_100_75_0.1_0.8_9.C	50	0.200	30.080	0.084
BPP_100_75_0.1_0.8_9.C	50	0.200	30.080	0.085
BPP_100_75_0.1_0.8_9.C	50	0.200	30.080	0.079
BPP_100_75_0.1_0.8_9.C	51	0.200	30.680	0.081
BPP_200_1000_0.1_0.8_0.C	95	0.000	57.000	4.389
BPP_200_1000_0.1_0.8_0.C	95	0.000	57.000	4.427
BPP_200_1000_0.1_0.8_0.C	95	0.000	57.000	4.432
BPP_200_1000_0.1_0.8_0.C	95	0.000	57.000	4.446
BPP_200_1000_0.1_0.8_0.C	95	0.000	57.000	4.473
BPP_200_1000_0.1_0.8_0.C	95	0.200	57.080	4.410
BPP_200_1000_0.1_0.8_0.C	95	0.000	57.000	4.375
BPP_200_1000_0.1_0.8_0.C	95	0.000	57.000	4.404
BPP_200_1000_0.1_0.8_0.C	95	0.000	57.000	4.403
BPP_200_1000_0.1_0.8_0.C	95	0.000	57.000	4.370
BPP_200_1000_0.1_0.8_1.C	95	1.800	57.720	4.374
BPP_200_1000_0.1_0.8_1.C	95	2.000	57.800	4.412
BPP_200_1000_0.1_0.8_1.C	95	1.800	57.720	4.983
BPP_200_1000_0.1_0.8_1.C	95	2.200	57.880	4.382
BPP_200_1000_0.1_0.8_1.C	95	1.800	57.720	4.397
BPP_200_1000_0.1_0.8_1.C	95	2.200	57.880	4.352
BPP_200_1000_0.1_0.8_1.C	95	1.800	57.720	4.420
BPP_200_1000_0.1_0.8_1.C	95	2.600	58.040	4.401
BPP_200_1000_0.1_0.8_1.C	95	2.200	57.880	4.377
BPP_200_1000_0.1_0.8_1.C	95	2.000	57.800	4.389
BPP_200_1000_0.1_0.8_2.C	95	1.400	57.560	6.241
BPP_200_1000_0.1_0.8_2.C	95	2.000	57.800	6.282
BPP_200_1000_0.1_0.8_2.C	95	2.000	57.800	5.825
BPP_200_1000_0.1_0.8_2.C	95	1.600	57.640	4.373
BPP_200_1000_0.1_0.8_2.C	95	2.000	57.800	4.372
BPP_200_1000_0.1_0.8_2.C	95	1.600	57.640	4.354
BPP_200_1000_0.1_0.8_2.C	95	1.800	57.720	4.354
BPP_200_1000_0.1_0.8_2.C	95	2.000	57.800	4.335
BPP_200_1000_0.1_0.8_2.C	95	1.800	57.720	4.331
BPP_200_1000_0.1_0.8_2.C	95	2.000	57.800	4.323
BPP_200_1000_0.1_0.8_3.C	92	2.800	56.320	4.238
BPP_200_1000_0.1_0.8_3.C	91	3.000	55.800	4.212
BPP_200_1000_0.1_0.8_3.C	92	2.800	56.320	4.182
BPP_200_1000_0.1_0.8_3.C	92	2.400	56.160	4.167
BPP_200_1000_0.1_0.8_3.C	91	3.000	55.800	5.157
BPP_200_1000_0.1_0.8_3.C	92	2.200	56.080	4.239
BPP_200_1000_0.1_0.8_3.C	92	3.000	56.400	4.239
BPP_200_1000_0.1_0.8_3.C	92	2.800	56.320	5.866
BPP_200_1000_0.1_0.8_3.C	91	3.200	55.880	4.263
BPP_200_1000_0.1_0.8_3.C	92	3.000	56.400	4.216
BPP_200_1000_0.1_0.8_4.C	93	2.800	56.920	4.193
BPP_200_1000_0.1_0.8_4.C	93	2.800	56.920	4.274
BPP_200_1000_0.1_0.8_4.C	93	2.800	56.920	4.208
BPP_200_1000_0.1_0.8_4.C	93	2.800	56.920	4.138
BPP_200_1000_0.1_0.8_4.C	93	2.600	56.840	4.174
BPP_200_1000_0.1_0.8_4.C	93	2.800	56.920	4.241
BPP_200_1000_0.1_0.8_4.C	93	2.800	56.920	4.201
BPP_200_1000_0.1_0.8_4.C	93	2.600	56.840	4.205
BPP_200_1000_0.1_0.8_4.C	93	2.600	56.840	4.228
BPP_200_1000_0.1_0.8_4.C	93	2.800	56.920	4.304
BPP_200_1000_0.1_0.8_5.C	93	-0.000	55.800	4.199
BPP_200_1000_0.1_0.8_5.C	93	-0.000	55.800	4.115
BPP_200_1000_0.1_0.8_5.C	93	-0.000	55.800	4.095
BPP_200_1000_0.1_0.8_5.C	93	-0.000	55.800	4.159
BPP_200_1000_0.1_0.8_5.C	93	-0.000	55.800	4.110
BPP_200_1000_0.1_0.8_5.C	92	-0.000	55.200	4.287
BPP_200_1000_0.1_0.8_5.C	93	-0.000	55.800	4.893
BPP_200_1000_0.1_0.8_5.C	93	-0.000	55.800	5.617
BPP_200_1000_0.1_0.8_5.C	93	-0.000	55.800	5.899
BPP_200_1000_0.1_0.8_5.C	93	-0.000	55.800	4.701
BPP_200_1000_0.1_0.8_6.C	92	1.000	55.600	4.156
BPP_200_1000_0.1_0.8_6.C	92	1.000	55.600	6.217
BPP_200_1000_0.1_0.8_6.C	92	1.000	55.600	5.983
BPP_200_1000_0.1_0.8_6.C	92	1.000	55.600	5.671
BPP_200_1000_0.1_0.8_6.C	92	1.000	55.600	4.138
BPP_200_1000_0.1_0.8_6.C	92	1.000	55.600	4.203
BPP_200_1000_0.1_0.8_6.C	92	1.000	55.600	4.169
BPP_200_1000_0.1_0.8_6.C	92	1.000	55.600	4.147
BPP_200_1000_0.1_0.8_6.C	92	1.000	55.600	4.106
BPP_200_1000_0.1_0.8_6.C	92	1.000	55.600	4.127
BPP_200_1000_0.1_0.8_7.C	101	-0.000	60.600	4.465
BPP_200_1000_0.1_0.8_7.C	101	-0.000	60.600	4.534
BPP_200_1000_0.1_0.8_7.C	101	-0.000	60.600	4.546
BPP_200_1000_0.1_0.8_7.C	101	-0.000	60.600	4.543
BPP_200_1000_0.1_0.8_7.C	101	-0.000	60.600	4.486
BPP_200_1000_0.1_0.8_7.C	101	-0.000	60.600	4.406
BPP_200_1000_0.1_0.8_7.C	101	-0.000	60.600	4.473
BPP_200_1000_0.1_0.8_7.C	101	-0.000	60.600	4.495
BPP_200_1000_0.1_0.8_7.C	101	-0.000	60.600	4.463
BPP_200_1000_0.1_0.8_7.C	101	-0.000	60.600	4.538
BPP_200_1000_0.1_0.8_8.C	91	0.800	54.920	4.171
BPP_200_1000_0.1_0.8_8.C	91	0.800	54.920	4.155
BPP_200_1000_0.1_0.8_8.C	91	0.600	54.840	4.158
BPP_200_1000_0.1_0.8_8.C	91	0.800	54.920	4.158
BPP_200_1000_0.1_0.8_8.C	91	0.600	54.840	4.284
BPP_200_1000_0.1_0.8_8.C	91	0.800	54.920	4.194
BPP_200_1000_0.1_0.8_8.C	91	0.600	54.840	4.668
BPP_200_1000_0.1_0.8_8.C	91	0.800	54.920	4.976
BPP_200_1000_0.1_0.8_8.C	91	0.800	54.920	5.255
BPP_200_1000_0.1_0.8_8.C	91	0.600	54.840	4.284
BPP_200_1000_0.1_0.8_9.C	89	1.600	54.040	4.135
BPP_200_1000_0.1_0.8_9.C	89	1.800	54.120	4.016
BPP_200_1000_0.1_0.8_9.C	89	1.600	54.040	4.026
BPP_200_1000_0.1_0.8_9.C	89	1.800	54.120	4.064
BPP_200_1000_0.1_0.8_9.C	89	1.800	54.120	4.105
BPP_200_1000_0.1_0.8_9.C	89	1.800	54.120	4.113
BPP_200_1000_0.1_0.8_9.C	89	1.800	54.120	4.034
BPP_200_1000_0.1_0.8_9.C	89	1.800	54.120	4.146
BPP_200_1000_0.1_0.8_9.C	90	1.400	54.560	4.071
BPP_200_1000_0.1_0.8_9.C	89	1.400	53.960	4.057
BPP_200_100_0.1_0.8_0.C	95	0.200	57.080	0.374
BPP_200_100_0.1_0.8_0.C	95	0.200	57.080	0.357
BPP_200_100_0.1_0.8_0.C	95	0.200	57.080	0.365
BPP_200_100_0.1_0.8_0.C	95	0.200	57.080	0.370
BPP_200_100_0.1_0.8_0.C	95	0.200	57.080	0.376
BPP_200_100_0.1_0.8_0.C	96	0.200	57.680	0.382
BPP_200_100_0.1_0.8_0.C	95	0.200	57.080	0.365
BPP_200_100_0.1_0.8_0.C	95	0.200	57.080	0.369
BPP_200_100_0.1_0.8_0.C	95	0.600	57.240	0.413
BPP_200_100_0.1_0.8_0.C	95	0.200	57.080	0.390
BPP_200_100_0.1_0.8_1.C	95	2.200	57.880	0.387
BPP_200_100_0.1_0.8_1.C	95	2.200	57.880	0.445
BPP_200_100_0.1_0.8_1.C	95	2.400	57.960	0.412
BPP_200_100_0.1_0.8_1.C	95	2.400	57.960	0.381
BPP_200_100_0.1_0.8_1.C	95	2.200	57.880	0.406
BPP_200_100_0.1_0.8_1.C	95	2.400	57.960	0.396
BPP_200_100_0.1_0.8_1.C	95	2.400	57.960	0.458
BPP_200_100_0.1_0.8_1.C	95	2.400	57.960	0.427
BPP_200_100_0.1_0.8_1.C	95	2.200	57.880	0.426
BPP_200_100_0.1_0.8_1.C	95	1.600	57.640	0.394
BPP_200_100_0.1_0.8_2.C	89	1.000	53.800	0.345
BPP_200_100_0.1_0.8_2.C	89	0.800	53.720	0.364
BPP_200_100_0.1_0.8_2.C	89	1.000	53.800	0.360
BPP_200_100_0.1_0.8_2.C	89	1.000	53.800	0.347
BPP_200_100_0.1_0.8_2.C	89	0.800	53.720	0.357
BPP_200_100_0.1_0.8_2.C	89	0.800	53.720	0.384
BPP_200_100_0.1_0.8_2.C	89	1.000	53.800	0.372
BPP_200_100_0.1_0.8_2.C	89	0.800	53.720	0.368
BPP_200_100_0.1_0.8_2.C	89	0.800	53.720	0.356
BPP_200_100_0.1_0.8_2.C	89	0.400	53.560	0.366
BPP_200_100_0.1_0.8_3.C	91	1.600	55.240	0.387
BPP_200_100_0.1_0.8_3.C	91	1.400	55.160	0.401
BPP_200_100_0.1_0.8_3.C	91	1.400	55.160	0.393
BPP_200_100_0.1_0.8_3.C	92	1.200	55.680	0.376
BPP_200_100_0.1_0.8_3.C	91	1.600	55.240	0.370
BPP_200_100_0.1_0.8_3.C	91	1.200	55.080	0.362
BPP_200_100_0.1_0.8_3.C	91	1.400	55.160	0.391
BPP_200_100_0.1_0.8_3.C	91	2.200	55.480	0.367
BPP_200_100_0.1_0.8_3.C	91	1.400	55.160	0.376
BPP_200_100_0.1_0.8_3.C	91	1.600	55.240	0.400
BPP_200_100_0.1_0.8_4.C	96	2.600	58.640	0.397
BPP_200_100_0.1_0.8_4.C	96	2.600	58.640	0.399
BPP_200_100_0.1_0.8_4.C	96	2.600	58.640	0.388
BPP_200_100_0.1_0.8_4.C	96	2.600	58.640	0.384
BPP_200_100_0.1_0.8_4.C	96	2.600	58.640	0.395
BPP_200_100_0.1_0.8_4.C	96	2.600	58.640	0.398
BPP_200_100_0.1_0.8_4.C	96	2.600	58.640	0.389
BPP_200_100_0.1_0.8_4.C	96	2.600	58.640	0.376
BPP_200_100_0.1_0.8_4.C	96	2.600	58.640	0.427
BPP_200_100_0.1_0.8_4.C	96	2.600	58.640	0.401
BPP_200_100_0.1_0.8_5.C	92	2.400	56.160	0.383
BPP_200_100_0.1_0.8_5.C	92	2.200	56.080	0.367
BPP_200_100_0.1_0.8_5.C	92	2.200	56.080	0.382
BPP_200_100_0.1_0.8_5.C	92	2.000	56.000	0.381
BPP_200_100_0.1_0.8_5.C	92	2.200	56.080	0.403
BPP_200_100_0.1_0.8_5.C	92	2.200	56.080	0.388
BPP_200_100_0.1_0.8_5.C	92	2.000	56.000	0.394
BPP_200_100_0.1_0.8_5.C	92	1.800	55.920	0.384
BPP_200_100_0.1_0.8_5.C	91	2.400	55.560	0.383
BPP_200_100_0.1_0.8_5.C	92	2.000	56.000	0.398
BPP_200_100_0.1_0.8_6.C	91	0.600	54.840	0.372
BPP_200_100_0.1_0.8_6.C	91	0.600	54.840	0.348
BPP_200_100_0.1_0.8_6.C	91	0.600	54.840	0.395
BPP_200_100_0.1_0.8_6.C	91	0.600	54.840	0.390
BPP_200_100_0.1_0.8_6.C	91	0.600	54.840	0.394
BPP_200_100_0.1_0.8_6.C	91	0.600	54.840	0.355
BPP_200_100_0.1_0.8_6.C	91	0.600	54.840	0.377
BPP_200_100_0.1_0.8_6.C	91	0.600	54.840	0.377
BPP_200_100_0.1_0.8_6.C	91	0.600	54.840	0.373
BPP_200_100_0.1_0.8_6.C	91	0.600	54.840	0.405
BPP_200_100_0.1_0.8_7.C	90	4.400	55.760	0.387
BPP_200_100_0.1_0.8_7.C	90	3.800	55.520	0.372
BPP_200_100_0.1_0.8_7.C	90	4.400	55.760	0.366
BPP_200_100_0.1_0.8_7.C	90	4.400	55.760	0.350
BPP_200_100_0.1_0.8_7.C	90	4.400	55.760	0.365
BPP_200_100_0.1_0.8_7.C	89	5.400	55.560	0.374
BPP_200_100_0.1_0.8_7.C	90	4.400	55.760	0.354
BPP_200_100_0.1_0.8_7.C	90	3.800	55.520	0.359
BPP_200_100_0.1_0.8_7.C	90	4.400	55.760	0.359
BPP_200_100_0.1_0.8_7.C	90	4.400	55.760	0.363
BPP_200_100_0.1_0.8_8.C	97	6.600	60.840	0.540
BPP_200_100_0.1_0.8_8.C	97	6.600	60.840	0.437
BPP_200_100_0.1_0.8_8.C	97	6.600	60.840	0.499
BPP_200_100_0.1_0.8_8.C	97	5.800	60.520	0.611
BPP_200_100_0.1_0.8_8.C	97	5.200	60.280	0.634
BPP_200_100_0.1_0.8_8.C	97	7.400	61.160	0.426
BPP_200_100_0.1_0.8_8.C	97	7.600	61.240	0.519
BPP_200_100_0.1_0.8_8.C	97	6.600	60.840	0.494
BPP_200_100_0.1_0.8_8.C	97	6.400	60.760	0.524
BPP_200_100_0.1_0.8_8.C	97	8.000	61.400	0.370
BPP_200_100_0.1_0.8_9.C	96	1.400	58.160	0.400
BPP_200_100_0.1_0.8_9.C	97	1.400	58.760	0.382
BPP_200_100_0.1_0.8_9.C	97	1.400	58.760	0.381
BPP_200_100_0.1_0.8_9.C	97	1.400	58.760	0.376
BPP_200_100_0.1_0.8_9.C	97	1.400	58.760	0.370
BPP_200_100_0.1_0.8_9.C	96	1.400	58.160	0.390
BPP_200_100_0.1_0.8_9.C	97	1.600	58.840	0.410
BPP_200_100_0.1_0.8_9.C	97	1.400	58.760	0.380
BPP_200_100_0.1_0.8_9.C	97	1.400	58.760	0.367
BPP_200_100_0.1_0.8_9.C	97	1.400	58.760	0.372
BPP_200_120_0.1_0.8_0.C	92	7.800	58.320	0.428
BPP_200_120_0.1_0.8_0.C	92	7.800	58.320	0.431
BPP_200_120_0.1_0.8_0.C	92	8.000	58.400	0.403
BPP_200_120_0.1_0.8_0.C	92	8.000	58.400	0.419
BPP_200_120_0.1_0.8_0.C	92	7.800	58.320	0.417
BPP_200_120_0.1_0.8_0.C	92	7.800	58.320	0.430
BPP_200_120_0.1_0.8_0.C	92	7.800	58.320	0.411
BPP_200_120_0.1_0.8_0.C	92	7.800	58.320	0.444
BPP_200_120_0.1_0.8_0.C	93	7.800	58.920	0.432
BPP_200_120_0.1_0.8_0.C	92	7.600	58.240	0.495
BPP_200_120_0.1_0.8_1.C	85	0.000	51.000	0.400
BPP_200_120_0.1_0.8_1.C	86	0.000	51.600	0.398
BPP_200_120_0.1_0.8_1.C	86	0.000	51.600	0.398
BPP_200_120_0.1_0.8_1.C	85	0.000	51.000	0.386
BPP_200_120_0.1_0.8_1.C	86	0.000	51.600	0.409
BPP_200_120_0.1_0.8_1.C	86	0.000	51.600	0.408
BPP_200_120_0.1_0.8_1.C	86	0.000	51.600	0.399
BPP_200_120_0.1_0.8_1.C	86	0.000	51.600	0.395
BPP_200_120_0.1_0.8_1.C	85	0.000	51.000	0.390
BPP_200_120_0.1_0.8_1.C	86	0.000	51.600	0.400
BPP_200_120_0.1_0.8_2.C	102	0.800	61.520	0.477
BPP_200_120_0.1_0.8_2.C	102	0.800	61.520	0.478
BPP_200_120_0.1_0.8_2.C	102	0.600	61.440	0.453
BPP_200_120_0.1_0.8_2.C	102	0.800	61.520	0.470
BPP_200_120_0.1_0.8_2.C	102	0.800	61.520	0.464
BPP_200_120_0.1_0.8_2.C	102	0.800	61.520	0.455
BPP_200_120_0.1_0.8_2.C	102	0.600	61.440	0.495
BPP_200_120_0.1_0.8_2.C	102	0.600	61.440	0.492
BPP_200_120_0.1_0.8_2.C	102	0.600	61.440	0.452
BPP_200_120_0.1_0.8_2.C	102	0.600	61.440	0.465
BPP_200_120_0.1_0.8_3.C	91	4.000	56.200	0.447
BPP_200_120_0.1_0.8_3.C	91	4.200	56.280	0.421
BPP_200_120_0.1_0.8_3.C	91	4.000	56.200	0.422
BPP_200_120_0.1_0.8_3.C	91	3.600	56.040	0.437
BPP_200_120_0.1_0.8_3.C	91	3.800	56.120	0.440
BPP_200_120_0.1_0.8_3.C	91	4.000	56.200	0.431
BPP_200_120_0.1_0.8_3.C	91	4.000	56.200	0.437
BPP_200_120_0.1_0.8_3.C	91	3.800	56.120	0.453
BPP_200_120_0.1_0.8_3.C	91	4.200	56.280	0.431
BPP_200_120_0.1_0.8_3.C	91	4.000	56.200	0.465
BPP_200_120_0.1_0.8_4.C	98	2.000	59.600	0.466
BPP_200_120_0.1_0.8_4.C	98	2.000	59.600	0.439
BPP_200_120_0.1_0.8_4.C	98	2.000	59.600	0.447
BPP_200_120_0.1_0.8_4.C	98	2.000	59.600	0.443
BPP_200_120_0.1_0.8_4.C	98	2.000	59.600	0.473
BPP_200_120_0.1_0.8_4.C	98	2.000	59.600	0.442
BPP_200_120_0.1_0.8_4.C	98	2.000	59.600	0.470
BPP_200_120_0.1_0.8_4.C	98	2.000	59.600	0.445
BPP_200_120_0.1_0.8_4.C	98	2.000	59.600	0.438
BPP_200_120_0.1_0.8_4.C	98	2.000	59.600	0.456
BPP_200_120_0.1_0.8_5.C	94	2.200	57.280	0.426
BPP_200_120_0.1_0.8_5.C	94	2.000	57.200	0.435
BPP_200_120_0.1_0.8_5.C	94	2.400	57.360	0.455
BPP_200_120_0.1_0.8_5.C	95	2.000	57.800	0.436
BPP_200_120_0.1_0.8_5.C	94	2.200	57.280	0.468
BPP_200_120_0.1_0.8_5.C	95	2.000	57.800	0.447
BPP_200_120_0.1_0.8_5.C	95	2.000	57.800	0.443
BPP_200_120_0.1_0.8_5.C	94	2.200	57.280	0.439
BPP_200_120_0.1_0.8_5.C	94	2.400	57.360	0.445
BPP_200_120_0.1_0.8_5.C	94	2.200	57.280	0.457
BPP_200_120_0.1_0.8_6.C	92	1.200	55.680	0.424
BPP_200_120_0.1_0.8_6.C	92	1.000	55.600	0.418
BPP_200_120_0.1_0.8_6.C	92	1.200	55.680	0.423
BPP_200_120_0.1_0.8_6.C	92	1.200	55.680	0.430
BPP_200_120_0.1_0.8_6.C	92	1.600	55.840	0.424
BPP_200_120_0.1_0.8_6.C	92	1.200	55.680	0.426
BPP_200_120_0.1_0.8_6.C	92	1.600	55.840	0.407
BPP_200_120_0.1_0.8_6.C	92	1.400	55.760	0.409
BPP_200_120_0.1_0.8_6.C	92	0.800	55.520	0.413
BPP_200_120_0.1_0.8_6.C	92	0.800	55.520	0.431
BPP_200_120_0.1_0.8_7.C	94	3.600	57.840	0.432
BPP_200_120_0.1_0.8_7.C	94	3.600	57.840	0.436
BPP_200_120_0.1_0.8_7.C	95	3.400	58.360	0.439
BPP_200_120_0.1_0.8_7.C	94	3.600	57.840	0.437
BPP_200_120_0.1_0.8_7.C	94	4.600	58.240	0.420
BPP_200_120_0.1_0.8_7.C	94	4.200	58.080	0.448
BPP_200_120_0.1_0.8_7.C	94	3.600	57.840	0.420
BPP_200_120_0.1_0.8_7.C	95	3.600	58.440	0.429
BPP_200_120_0.1_0.8_7.C	94	4.200	58.080	0.437
BPP_200_120_0.1_0.8_7.C	94	4.200	58.080	0.428
BPP_200_120_0.1_0.8_8.C	90	8.400	57.360	0.425
BPP_200_120_0.1_0.8_8.C	89	8.800	56.920	0.415
BPP_200_120_0.1_0.8_8.C	90	8.400	57.360	0.427
BPP_200_120_0.1_0.8_8.C	90	8.400	57.360	0.423
BPP_200_120_0.1_0.8_8.C	90	8.200	57.280	0.406
BPP_200_120_0.1_0.8_8.C	90	8.600	57.440	0.422
BPP_200_120_0.1_0.8_8.C	90	8.400	57.360	0.424
BPP_200_120_0.1_0.8_8.C	89	9.000	57.000	0.414
BPP_200_120_0.1_0.8_8.C	90	8.000	57.200	0.411
BPP_200_120_0.1_0.8_8.C	90	8.200	57.280	0.423
BPP_200_120_0.1_0.8_9.C	99	7.400	62.360	0.457
BPP_200_120_0.1_0.8_9.C	99	7.400	62.360	0.458
BPP_200_120_0.1_0.8_9.C	99	7.400	62.360	0.476
BPP_200_120_0.1_0.8_9.C	100	7.400	62.960	0.443
BPP_200_120_0.1_0.8_9.C	100	7.400	62.960	0.434
BPP_200_120_0.1_0.8_9.C	100	7.400	62.960	0.442
BPP_200_120_0.1_0.8_9.C	100	7.400	62.960	0.500
BPP_200_120_0.1_0.8_9.C	100	7.400	62.960	0.445
BPP_200_120_0.1_0.8_9.C	100	7.400	62.960	0.455
BPP_200_120_0.1_0.8_9.C	99	7.600	62.440	0.442
BPP_200_125_0.1_0.8_0.C	95	4.000	58.600	0.495
BPP_200_125_0.1_0.8_0.C	95	4.600	58.840	0.441
BPP_200_125_0.1_0.8_0.C	95	4.400	58.760	0.435
BPP_200_125_0.1_0.8_0.C	95	4.200	58.680	0.455
BPP_200_125_0.1_0.8_0.C	95	4.000	58.600	0.459
BPP_200_125_0.1_0.8_0.C	95	3.800	58.520	0.481
BPP_200_125_0.1_0.8_0.C	94	5.400	58.560	0.434
BPP_200_125_0.1_0.8_0.C	95	4.200	58.680	0.450
BPP_200_125_0.1_0.8_0.C	95	4.200	58.680	0.455
BPP_200_125_0.1_0.8_0.C	95	4.200	58.680	0.447
BPP_200_125_0.1_0.8_1.C	101	2.800	61.720	0.490
BPP_200_125_0.1_0.8_1.C	101	3.600	62.040	0.466
BPP_200_125_0.1_0.8_1.C	101	3.600	62.040	0.498
BPP_200_125_0.1_0.8_1.C	100	4.000	61.600	0.501
BPP_200_125_0.1_0.8_1.C	101	3.000	61.800	0.513
BPP_200_125_0.1_0.8_1.C	100	2.800	61.120	0.586
BPP_200_125_0.1_0.8_1.C	101	2.600	61.640	0.569
BPP_200_125_0.1_0.8_1.C	101	2.400	61.560	0.479
BPP_200_125_0.1_0.8_1.C	100	2.600	61.040	0.997
BPP_200_125_0.1_0.8_1.C	101	3.000	61.800	0.484
BPP_200_125_0.1_0.8_2.C	91	5.000	56.600	0.439
BPP_200_125_0.1_0.8_2.C	91	5.000	56.600	0.429
BPP_200_125_0.1_0.8_2.C	91	5.000	56.600	0.444
BPP_200_125_0.1_0.8_2.C	91	5.000	56.600	0.438
BPP_200_125_0.1_0.8_2.C	91	4.800	56.520	0.440
BPP_200_125_0.1_0.8_2.C	91	5.200	56.680	0.435
BPP_200_125_0.1_0.8_2.C	91	5.000	56.600	0.432
BPP_200_125_0.1_0.8_2.C	91	5.000	56.600	0.489
BPP_200_125_0.1_0.8_2.C	91	5.000	56.600	0.449
BPP_200_125_0.1_0.8_2.C	91	5.200	56.680	0.445
BPP_200_125_0.1_0.8_3.C	89	10.400	57.560	0.467
BPP_200_125_0.1_0.8_3.C	89	10.600	57.640	0.444
BPP_200_125_0.1_0.8_3.C	90	10.600	58.240	0.429
BPP_200_125_0.1_0.8_3.C	90	10.600	58.240	0.425
BPP_200_125_0.1_0.8_3.C	90	10.600	58.240	0.432
BPP_200_125_0.1_0.8_3.C	90	10.600	58.240	0.428
BPP_200_125_0.1_0.8_3.C	90	10.400	58.160	0.430
BPP_200_125_0.1_0.8_3.C	90	10.600	58.240	0.430
BPP_200_125_0.1_0.8_3.C	90	10.400	58.160	0.451
BPP_200_125_0.1_0.8_3.C	90	10.200	58.080	0.440
BPP_200_125_0.1_0.8_4.C	91	6.000	57.000	0.453
BPP_200_125_0.1_0.8_4.C	91	5.800	56.920	0.419
BPP_200_125_0.1_0.8_4.C	90	6.600	56.640	0.467
BPP_200_125_0.1_0.8_4.C	91	5.800	56.920	0.599
BPP_200_125_0.1_0.8_4.C	91	6.400	57.160	0.441
BPP_200_125_0.1_0.8_4.C	91	6.000	57.000	0.428
BPP_200_125_0.1_0.8_4.C	91	5.800	56.920	0.429
BPP_200_125_0.1_0.8_4.C	91	6.000	57.000	0.417
BPP_200_125_0.1_0.8_4.C	91	6.000	57.000	0.420
BPP_200_125_0.1_0.8_4.C	91	6.400	57.160	0.429
BPP_200_125_0.1_0.8_5.C	98	5.200	60.880	0.463
BPP_200_125_0.1_0.8_5.C	98	5.200	60.880	0.476
BPP_200_125_0.1_0.8_5.C	98	5.200	60.880	0.448
BPP_200_125_0.1_0.8_5.C	98	5.200	60.880	0.445
BPP_200_125_0.1_0.8_5.C	98	5.200	60.880	0.459
BPP_200_125_0.1_0.8_5.C	98	5.200	60.880	0.463
BPP_200_125_0.1_0.8_5.C	98	5.200	60.880	0.464
BPP_200_125_0.1_0.8_5.C	98	5.200	60.880	0.463
BPP_200_125_0.1_0.8_5.C	98	5.200	60.880	0.463
BPP_200_125_0.1_0.8_5.C	98	5.400	60.960	0.466
BPP_200_125_0.1_0.8_6.C	92	2.400	56.160	0.441
BPP_200_125_0.1_0.8_6.C	92	3.000	56.400	0.444
BPP_200_125_0.1_0.8_6.C	92	2.400	56.160	0.426
BPP_200_125_0.1_0.8_6.C	92	3.000	56.400	0.451
BPP_200_125_0.1_0.8_6.C	92	2.400	56.160	0.441
BPP_200_125_0.1_0.8_6.C	92	2.400	56.160	0.440
BPP_200_125_0.1_0.8_6.C	92	2.600	56.240	0.446
BPP_200_125_0.1_0.8_6.C	92	3.000	56.400	0.460
BPP_200_125_0.1_0.8_6.C	92	3.000	56.400	0.440
BPP_200_125_0.1_0.8_6.C	92	2.400	56.160	0.440
BPP_200_125_0.1_0.8_7.C	88	3.600	54.240	0.430
BPP_200_125_0.1_0.8_7.C	88	3.600	54.240	0.453
BPP_200_125_0.1_0.8_7.C	88	3.400	54.160	0.434
BPP_200_125_0.1_0.8_7.C	88	3.600	54.240	0.412
BPP_200_125_0.1_0.8_7.C	88	3.200	54.080	0.421
BPP_200_125_0.1_0.8_7.C	88	4.200	54.480	0.412
BPP_200_125_0.1_0.8_7.C	88	3.600	54.240	0.404
BPP_200_125_0.1_0.8_7.C	88	3.600	54.240	0.441
BPP_200_125_0.1_0.8_7.C	88	3.600	54.240	0.421
BPP_200_125_0.1_0.8_7.C	88	3.200	54.080	0.441
BPP_200_125_0.1_0.8_8.C	95	2.800	58.120	0.449
BPP_200_125_0.1_0.8_8.C	95	2.800	58.120	0.471
BPP_200_125_0.1_0.8_8.C	95	2.800	58.120	0.468
BPP_200_125_0.1_0.8_8.C	95	2.800	58.120	0.449
BPP_200_125_0.1_0.8_8.C	95	2.800	58.120	0.452
BPP_200_125_0.1_0.8_8.C	95	2.800	58.120	0.433
BPP_200_125_0.1_0.8_8.C	95	2.800	58.120	0.450
BPP_200_125_0.1_0.8_8.C	95	2.800	58.120	0.490
BPP_200_125_0.1_0.8_8.C	95	2.600	58.040	0.469
BPP_200_125_0.1_0.8_8.C	95	2.600	58.040	0.444
BPP_200_125_0.1_0.8_9.C	94	1.400	56.960	0.447
BPP_200_125_0.1_0.8_9.C	94	1.600	57.040	0.438
BPP_200_125_0.1_0.8_9.C	94	1.000	56.800	0.465
BPP_200_125_0.1_0.8_9.C	94	2.200	57.280	0.427
BPP_200_125_0.1_0.8_9.C	94	1.400	56.960	0.461
BPP_200_125_0.1_0.8_9.C	94	2.400	57.360	0.437
BPP_200_125_0.1_0.8_9.C	94	1.600	57.040	0.447
BPP_200_125_0.1_0.8_9.C	94	1.400	56.960	0.465
BPP_200_125_0.1_0.8_9.C	94	1.400	56.960	0.440
BPP_200_125_0.1_0.8_9.C	94	1.600	57.040	0.445
BPP_200_150_0.1_0.8_0.C	93	1.400	56.360	0.802
BPP_200_150_0.1_0.8_0.C	94	1.000	56.800	0.766
BPP_200_150_0.1_0.8_0.C	93	1.400	56.360	1.036
BPP_200_150_0.1_0.8_0.C	93	1.000	56.200	0.504
BPP_200_150_0.1_0.8_0.C	94	1.000	56.800	0.531
BPP_200_150_0.1_0.8_0.C	93	1.200	56.280	0.526
BPP_200_150_0.1_0.8_0.C	93	1.000	56.200	0.516
BPP_200_150_0.1_0.8_0.C	93	1.200	56.280	0.519
BPP_200_150_0.1_0.8_0.C	94	1.000	56.800	0.573
BPP_200_150_0.1_0.8_0.C	94	1.000	56.800	0.507
BPP_200_150_0.1_0.8_1.C	94	3.400	57.760	0.532
BPP_200_150_0.1_0.8_1.C	94	3.400	57.760	0.558
BPP_200_150_0.1_0.8_1.C	94	3.400	57.760	0.527
BPP_200_150_0.1_0.8_1.C	94	3.400	57.760	0.522
BPP_200_150_0.1_0.8_1.C	94	3.400	57.760	0.520
BPP_200_150_0.1_0.8_1.C	94	3.400	57.760	0.531
BPP_200_150_0.1_0.8_1.C	94	3.400	57.760	0.597
BPP_200_150_0.1_0.8_1.C	94	3.400	57.760	0.522
BPP_200_150_0.1_0.8_1.C	94	3.400	57.760	0.541
BPP_200_150_0.1_0.8_1.C	94	3.400	57.760	0.516
BPP_200_150_0.1_0.8_2.C	93	2.400	56.760	0.573
BPP_200_150_0.1_0.8_2.C	93	2.600	56.840	0.544
BPP_200_150_0.1_0.8_2.C	93	1.400	56.360	0.533
BPP_200_150_0.1_0.8_2.C	93	2.600	56.840	0.553
BPP_200_150_0.1_0.8_2.C	93	1.600	56.440	0.553
BPP_200_150_0.1_0.8_2.C	93	2.000	56.600	0.615
BPP_200_150_0.1_0.8_2.C	93	2.400	56.760	0.540
BPP_200_150_0.1_0.8_2.C	93	1.400	56.360	0.610
BPP_200_150_0.1_0.8_2.C	93	1.400	56.360	0.599
BPP_200_150_0.1_0.8_2.C	93	2.600	56.840	0.521
BPP_200_150_0.1_0.8_3.C	96	5.000	59.600	0.547
BPP_200_150_0.1_0.8_3.C	95	5.000	59.000	0.582
BPP_200_150_0.1_0.8_3.C	95	5.200	59.080	0.565
BPP_200_150_0.1_0.8_3.C	95	5.200	59.080	0.543
BPP_200_150_0.1_0.8_3.C	95	6.000	59.400	0.555
BPP_200_150_0.1_0.8_3.C	96	5.000	59.600	0.538
BPP_200_150_0.1_0.8_3.C	95	5.400	59.160	0.557
BPP_200_150_0.1_0.8_3.C	95	5.200	59.080	0.546
BPP_200_150_0.1_0.8_3.C	95	5.200	59.080	0.543
BPP_200_150_0.1_0.8_3.C	95	5.400	59.160	0.562
BPP_200_150_0.1_0.8_4.C	103	6.000	64.200	0.617
BPP_200_150_0.1_0.8_4.C	103	6.400	64.360	0.577
BPP_200_150_0.1_0.8_4.C	103	6.400	64.360	0.574
BPP_200_150_0.1_0.8_4.C	103	5.800	64.120	0.600
BPP_200_150_0.1_0.8_4.C	104	5.600	64.640	0.632
BPP_200_150_0.1_0.8_4.C	104	5.400	64.560	0.582
BPP_200_150_0.1_0.8_4.C	103	7.000	64.600	0.564
BPP_200_150_0.1_0.8_4.C	103	7.000	64.600	0.636
BPP_200_150_0.1_0.8_4.C	104	5.600	64.640	0.595
BPP_200_150_0.1_0.8_4.C	104	5.800	64.720	0.575
BPP_200_150_0.1_0.8_5.C	94	6.600	59.040	0.520
BPP_200_150_0.1_0.8_5.C	94	6.400	58.960	0.536
BPP_200_150_0.1_0.8_5.C	93	6.800	58.520	0.535
BPP_200_150_0.1_0.8_5.C	94	7.000	59.200	0.538
BPP_200_150_0.1_0.8_5.C	94	7.000	59.200	0.511
BPP_200_150_0.1_0.8_5.C	94	7.000	59.200	0.534
BPP_200_150_0.1_0.8_5.C	94	6.200	58.880	0.551
BPP_200_150_0.1_0.8_5.C	94	6.800	59.120	0.531
BPP_200_150_0.1_0.8_5.C	94	7.000	59.200	0.535
BPP_200_150_0.1_0.8_5.C	94	6.800	59.120	0.541
BPP_200_150_0.1_0.8_6.C	97	3.000	59.400	0.529
BPP_200_150_0.1_0.8_6.C	97	3.200	59.480	0.529
BPP_200_150_0.1_0.8_6.C	97	3.000	59.400	0.539
BPP_200_150_0.1_0.8_6.C	97	3.200	59.480	0.516
BPP_200_150_0.1_0.8_6.C	97	3.000	59.400	0.525
BPP_200_150_0.1_0.8_6.C	97	3.000	59.400	0.544
BPP_200_150_0.1_0.8_6.C	97	3.000	59.400	0.515
BPP_200_150_0.1_0.8_6.C	97	3.000	59.400	0.540
BPP_200_150_0.1_0.8_6.C	97	3.000	59.400	0.534
BPP_200_150_0.1_0.8_6.C	97	3.000	59.400	0.518
BPP_200_150_0.1_0.8_7.C	101	11.000	65.000	0.572
BPP_200_150_0.1_0.8_7.C	101	11.000	65.000	0.552
BPP_200_150_0.1_0.8_7.C	101	11.000	65.000	0.579
BPP_200_150_0.1_0.8_7.C	101	10.600	64.840	0.555
BPP_200_150_0.1_0.8_7.C	101	10.600	64.840	0.554
BPP_200_150_0.1_0.8_7.C	101	10.600	64.840	0.587
BPP_200_150_0.1_0.8_7.C	101	11.000	65.000	0.613
BPP_200_150_0.1_0.8_7.C	101	10.800	64.920	0.538
BPP_200_150_0.1_0.8_7.C	101	10.800	64.920	0.553
BPP_200_150_0.1_0.8_7.C	101	10.400	64.760	0.594
BPP_200_150_0.1_0.8_8.C	94	2.200	57.280	0.510
BPP_200_150_0.1_0.8_8.C	94	2.200	57.280	0.527
BPP_200_150_0.1_0.8_8.C	94	2.400	57.360	0.529
BPP_200_150_0.1_0.8_8.C	94	2.600	57.440	0.536
BPP_200_150_0.1_0.8_8.C	94	2.400	57.360	0.529
BPP_200_150_0.1_0.8_8.C	94	2.200	57.280	0.527
BPP_200_150_0.1_0.8_8.C	95	2.000	57.800	0.528
BPP_200_150_0.1_0.8_8.C	94	2.000	57.200	0.624
BPP_200_150_0.1_0.8_8.C	94	2.200	57.280	1.063
BPP_200_150_0.1_0.8_8.C	94	2.000	57.200	0.678
BPP_200_150_0.1_0.8_9.C	92	2.200	56.080	0.508
BPP_200_150_0.1_0.8_9.C	92	2.200	56.080	0.557
BPP_200_150_0.1_0.8_9.C	92	2.200	56.080	0.509
BPP_200_150_0.1_0.8_9.C	92	2.200	56.080	0.552
BPP_200_150_0.1_0.8_9.C	92	2.200	56.080	0.520
BPP_200_150_0.1_0.8_9.C	92	2.000	56.000	0.535
BPP_200_150_0.1_0.8_9.C	92	2.200	56.080	0.526
BPP_200_150_0.1_0.8_9.C	92	2.800	56.320	0.526
BPP_200_150_0.1_0.8_9.C	92	2.200	56.080	0.509
BPP_200_150_0.1_0.8_9.C	92	1.800	55.920	0.527
BPP_200_200_0.1_0.8_0.C	95	0.000	57.000	0.657
BPP_200_200_0.1_0.8_0.C	94	0.000	56.400	0.668
BPP_200_200_0.1_0.8_0.C	95	0.000	57.000	0.675
BPP_200_200_0.1_0.8_0.C	95	0.000	57.000	0.704
BPP_200_200_0.1_0.8_0.C	95	0.000	57.000	0.682
BPP_200_200_0.1_0.8_0.C	95	0.000	57.000	0.669
BPP_200_200_0.1_0.8_0.C	95	0.000	57.000	0.667
BPP_200_200_0.1_0.8_0.C	95	0.000	57.000	0.675
BPP_200_200_0.1_0.8_0.C	94	0.000	56.400	0.694
BPP_200_200_0.1_0.8_0.C	95	0.000	57.000	0.671
BPP_200_200_0.1_0.8_1.C	96	8.800	61.120	0.703
BPP_200_200_0.1_0.8_1.C	96	8.800	61.120	0.688
BPP_200_200_0.1_0.8_1.C	96	8.600	61.040	0.714
BPP_200_200_0.1_0.8_1.C	96	8.600	61.040	0.711
BPP_200_200_0.1_0.8_1.C	96	8.600	61.040	0.746
BPP_200_200_0.1_0.8_1.C	96	8.600	61.040	0.722
BPP_200_200_0.1_0.8_1.C	96	8.400	60.960	0.689
BPP_200_200_0.1_0.8_1.C	96	8.800	61.120	0.702
BPP_200_200_0.1_0.8_1.C	96	8.800	61.120	0.718
BPP_200_200_0.1_0.8_1.C	96	8.800	61.120	0.682
BPP_200_200_0.1_0.8_2.C	87	7.000	55.000	0.607
BPP_200_200_0.1_0.8_2.C	87	7.000	55.000	0.618
BPP_200_200_0.1_0.8_2.C	87	7.000	55.000	0.619
BPP_200_200_0.1_0.8_2.C	87	7.000	55.000	0.826
BPP_200_200_0.1_0.8_2.C	87	7.000	55.000	0.789
BPP_200_200_0.1_0.8_2.C	87	7.000	55.000	0.938
BPP_200_200_0.1_0.8_2.C	87	7.000	55.000	1.081
BPP_200_200_0.1_0.8_2.C	87	7.000	55.000	0.746
BPP_200_200_0.1_0.8_2.C	87	7.000	55.000	1.136
BPP_200_200_0.1_0.8_2.C	87	7.000	55.000	0.871
BPP_200_200_0.1_0.8_3.C	91	2.600	55.640	0.660
BPP_200_200_0.1_0.8_3.C	91	2.600	55.640	0.668
BPP_200_200_0.1_0.8_3.C	91	2.600	55.640	0.647
BPP_200_200_0.1_0.8_3.C	91	2.800	55.720	0.634
BPP_200_200_0.1_0.8_3.C	91	2.600	55.640	0.658
BPP_200_200_0.1_0.8_3.C	91	2.600	55.640	0.651
BPP_200_200_0.1_0.8_3.C	91	2.600	55.640	0.642
BPP_200_200_0.1_0.8_3.C	91	2.600	55.640	0.658
BPP_200_200_0.1_0.8_3.C	91	2.600	55.640	0.659
BPP_200_200_0.1_0.8_3.C	91	2.600	55.640	0.655
BPP_200_200_0.1_0.8_4.C	93	5.200	57.880	0.663
BPP_200_200_0.1_0.8_4.C	93	5.200	57.880	0.677
BPP_200_200_0.1_0.8_4.C	93	4.800	57.720	0.692
BPP_200_200_0.1_0.8_4.C	93	5.400	57.960	0.710
BPP_200_200_0.1_0.8_4.C	93	5.000	57.800	0.657
BPP_200_200_0.1_0.8_4.C	93	5.200	57.880	0.674
BPP_200_200_0.1_0.8_4.C	93	5.000	57.800	0.668
BPP_200_200_0.1_0.8_4.C	93	5.000	57.800	0.669
BPP_200_200_0.1_0.8_4.C	93	5.200	57.880	0.667
BPP_200_200_0.1_0.8_4.C	93	5.200	57.880	0.708
BPP_200_200_0.1_0.8_5.C	92	0.600	55.440	0.675
BPP_200_200_0.1_0.8_5.C	92	0.600	55.440	0.766
BPP_200_200_0.1_0.8_5.C	92	0.600	55.440	0.864
BPP_200_200_0.1_0.8_5.C	92	0.600	55.440	1.091
BPP_200_200_0.1_0.8_5.C	92	0.600	55.440	1.257
BPP_200_200_0.1_0.8_5.C	91	1.000	55.000	0.676
BPP_200_200_0.1_0.8_5.C	92	0.600	55.440	0.669
BPP_200_200_0.1_0.8_5.C	92	0.600	55.440	0.681
BPP_200_200_0.1_0.8_5.C	92	0.600	55.440	0.665
BPP_200_200_0.1_0.8_5.C	92	0.600	55.440	0.641
BPP_200_200_0.1_0.8_6.C	100	0.200	60.080	0.780
BPP_200_200_0.1_0.8_6.C	100	0.000	60.000	0.752
BPP_200_200_0.1_0.8_6.C	100	0.000	60.000	0.714
BPP_200_200_0.1_0.8_6.C	100	0.000	60.000	0.785
BPP_200_200_0.1_0.8_6.C	100	0.000	60.000	0.730
BPP_200_200_0.1_0.8_6.C	99	0.400	59.560	0.950
BPP_200_200_0.1_0.8_6.C	100	0.000	60.000	0.774
BPP_200_200_0.1_0.8_6.C	99	1.400	59.960	0.739
BPP_200_200_0.1_0.8_6.C	99	1.200	59.880	0.767
BPP_200_200_0.1_0.8_6.C	100	0.600	60.240	0.772
BPP_200_200_0.1_0.8_7.C	93	-0.000	55.800	0.647
BPP_200_200_0.1_0.8_7.C	93	-0.000	55.800	0.651
BPP_200_200_0.1_0.8_7.C	93	-0.000	55.800	0.656
BPP_200_200_0.1_0.8_7.C	92	0.400	55.360	0.691
BPP_200_200_0.1_0.8_7.C	93	-0.000	55.800	0.674
BPP_200_200_0.1_0.8_7.C	93	-0.000	55.800	0.684
BPP_200_200_0.1_0.8_7.C	93	-0.000	55.800	0.664
BPP_200_200_0.1_0.8_7.C	93	-0.000	55.800	0.647
BPP_200_200_0.1_0.8_7.C	93	-0.000	55.800	0.671
BPP_200_200_0.1_0.8_7.C	93	-0.000	55.800	0.658
BPP_200_200_0.1_0.8_8.C	99	4.600	61.240	0.720
BPP_200_200_0.1_0.8_8.C	99	4.600	61.240	0.732
BPP_200_200_0.1_0.8_8.C	99	4.400	61.160	0.703
BPP_200_200_0.1_0.8_8.C	99	4.400	61.160	0.742
BPP_200_200_0.1_0.8_8.C	99	4.000	61.000	0.681
BPP_200_200_0.1_0.8_8.C	99	4.400	61.160	0.695
BPP_200_200_0.1_0.8_8.C	99	4.400	61.160	0.697
BPP_200_200_0.1_0.8_8.C	99	4.600	61.240	0.708
BPP_200_200_0.1_0.8_8.C	99	4.400	61.160	0.701
BPP_200_200_0.1_0.8_8.C	99	4.400	61.160	0.700
BPP_200_200_0.1_0.8_9.C	95	2.200	57.880	0.686
BPP_200_200_0.1_0.8_9.C	95	1.800	57.720	0.719
BPP_200_200_0.1_0.8_9.C	95	2.600	58.040	0.662
BPP_200_200_0.1_0.8_9.C	95	2.000	57.800	0.680
BPP_200_200_0.1_0.8_9.C	95	2.200	57.880	0.710
BPP_200_200_0.1_0.8_9.C	95	2.000	57.800	0.700
BPP_200_200_0.1_0.8_9.C	95	1.800	57.720	0.732
BPP_200_200_0.1_0.8_9.C	95	1.800	57.720	0.761
BPP_200_200_0.1_0.8_9.C	95	2.200	57.880	0.668
BPP_200_200_0.1_0.8_9.C	95	2.000	57.800	0.812
BPP_200_300_0.1_0.8_0.C	91	0.000	54.600	1.088
BPP_200_300_0.1_0.8_0.C	91	0.000	54.600	1.115
BPP_200_300_0.1_0.8_0.C	91	0.000	54.600	1.137
BPP_200_300_0.1_0.8_0.C	91	0.000	54.600	1.068
BPP_200_300_0.1_0.8_0.C	91	0.000	54.600	1.055
BPP_200_300_0.1_0.8_0.C	91	0.000	54.600	1.058
BPP_200_300_0.1_0.8_0.C	91	0.000	54.600	1.049
BPP_200_300_0.1_0.8_0.C	91	0.000	54.600	1.080
BPP_200_300_0.1_0.8_0.C	91	0.000	54.600	1.079
BPP_200_300_0.1_0.8_0.C	91	0.000	54.600	1.077
BPP_200_300_0.1_0.8_1.C	97	3.000	59.400	1.139
BPP_200_300_0.1_0.8_1.C	97	3.400	59.560	1.106
BPP_200_300_0.1_0.8_1.C	97	3.200	59.480	1.110
BPP_200_300_0.1_0.8_1.C	97	3.400	59.560	1.094
BPP_200_300_0.1_0.8_1.C	97	3.400	59.560	1.103
BPP_200_300_0.1_0.8_1.C	97	3.600	59.640	1.116
BPP_200_300_0.1_0.8_1.C	97	3.200	59.480	1.114
BPP_200_300_0.1_0.8_1.C	97	3.200	59.480	1.149
BPP_200_300_0.1_0.8_1.C	97	3.600	59.640	1.118
BPP_200_300_0.1_0.8_1.C	97	3.200	59.480	1.223
BPP_200_300_0.1_0.8_2.C	95	0.800	57.320	1.078
BPP_200_300_0.1_0.8_2.C	96	0.200	57.680	1.125
BPP_200_300_0.1_0.8_2.C	96	0.200	57.680	1.106
BPP_200_300_0.1_0.8_2.C	96	0.200	57.680	1.117
BPP_200_300_0.1_0.8_2.C	96	0.200	57.680	1.121
BPP_200_300_0.1_0.8_2.C	95	0.800	57.320	1.153
BPP_200_300_0.1_0.8_2.C	95	0.800	57.320	1.095
BPP_200_300_0.1_0.8_2.C	95	0.200	57.080	1.149
BPP_200_300_0.1_0.8_2.C	96	0.200	57.680	1.182
BPP_200_300_0.1_0.8_2.C	95	0.200	57.080	1.118
BPP_200_300_0.1_0.8_3.C	99	9.600	63.240	1.129
BPP_200_300_0.1_0.8_3.C	99	9.800	63.320	1.137
BPP_200_300_0.1_0.8_3.C	99	9.800	63.320	1.138
BPP_200_300_0.1_0.8_3.C	99	9.800	63.320	1.129
BPP_200_300_0.1_0.8_3.C	99	10.000	63.400	1.106
BPP_200_300_0.1_0.8_3.C	99	9.800	63.320	1.175
BPP_200_300_0.1_0.8_3.C	99	9.600	63.240	1.200
BPP_200_300_0.1_0.8_3.C	99	9.800	63.320	1.160
BPP_200_300_0.1_0.8_3.C	99	9.600	63.240	1.170
BPP_200_300_0.1_0.8_3.C	99	9.800	63.320	1.150
BPP_200_300_0.1_0.8_4.C	94	7.200	59.280	1.120
BPP_200_300_0.1_0.8_4.C	94	7.400	59.360	1.157
BPP_200_300_0.1_0.8_4.C	94	7.200	59.280	1.121
BPP_200_300_0.1_0.8_4.C	94	7.400	59.360	1.128
BPP_200_300_0.1_0.8_4.C	94	7.200	59.280	1.099
BPP_200_300_0.1_0.8_4.C	94	7.800	59.520	1.095
BPP_200_300_0.1_0.8_4.C	94	7.200	59.280	1.119
BPP_200_300_0.1_0.8_4.C	95	7.200	59.880	1.138
BPP_200_300_0.1_0.8_4.C	94	7.400	59.360	1.097
BPP_200_300_0.1_0.8_4.C	94	7.600	59.440	1.104
BPP_200_300_0.1_0.8_5.C	89	1.000	53.800	1.046
BPP_200_300_0.1_0.8_5.C	89	1.200	53.880	1.085
BPP_200_300_0.1_0.8_5.C	89	1.200	53.880	1.064
BPP_200_300_0.1_0.8_5.C	89	1.000	53.800	1.133
BPP_200_300_0.1_0.8_5.C	89	1.200	53.880	1.090
BPP_200_300_0.1_0.8_5.C	89	1.200	53.880	1.063
BPP_200_300_0.1_0.8_5.C	89	1.000	53.800	1.046
BPP_200_300_0.1_0.8_5.C	89	1.800	54.120	1.041
BPP_200_300_0.1_0.8_5.C	89	1.000	53.800	1.064
BPP_200_300_0.1_0.8_5.C	89	1.000	53.800	1.059
BPP_200_300_0.1_0.8_6.C	98	2.600	59.840	1.159
BPP_200_300_0.1_0.8_6.C	98	2.800	59.920	1.180
BPP_200_300_0.1_0.8_6.C	98	3.600	60.240	1.114
BPP_200_300_0.1_0.8_6.C	98	2.800	59.920	1.196
BPP_200_300_0.1_0.8_6.C	98	3.200	60.080	1.139
BPP_200_300_0.1_0.8_6.C	98	2.800	59.920	1.199
BPP_200_300_0.1_0.8_6.C	98	2.800	59.920	1.196
BPP_200_300_0.1_0.8_6.C	98	2.600	59.840	1.165
BPP_200_300_0.1_0.8_6.C	97	2.800	59.320	1.228
BPP_200_300_0.1_0.8_6.C	98	2.800	59.920	1.166
BPP_200_300_0.1_0.8_7.C	91	0.000	54.600	1.062
BPP_200_300_0.1_0.8_7.C	91	0.400	54.760	1.066
BPP_200_300_0.1_0.8_7.C	91	0.000	54.600	1.049
BPP_200_300_0.1_0.8_7.C	91	0.400	54.760	1.028
BPP_200_300_0.1_0.8_7.C	91	0.000	54.600	1.109
BPP_200_300_0.1_0.8_7.C	91	0.000	54.600	1.123
BPP_200_300_0.1_0.8_7.C	91	0.400	54.760	1.061
BPP_200_300_0.1_0.8_7.C	91	0.000	54.600	1.037
BPP_200_300_0.1_0.8_7.C	91	0.000	54.600	1.060
BPP_200_300_0.1_0.8_7.C	91	0.000	54.600	1.064
BPP_200_300_0.1_0.8_8.C	92	4.400	56.960	1.107
BPP_200_300_0.1_0.8_8.C	92	4.600	57.040	1.134
BPP_200_300_0.1_0.8_8.C	92	4.600	57.040	1.086
BPP_200_300_0.1_0.8_8.C	92	4.600	57.040	1.112
BPP_200_300_0.1_0.8_8.C	92	5.200	57.280	1.061
BPP_200_300_0.1_0.8_8.C	92	4.600	57.040	1.165
BPP_200_300_0.1_0.8_8.C	92	4.600	57.040	1.137
BPP_200_300_0.1_0.8_8.C	92	4.800	57.120	1.120
BPP_200_300_0.1_0.8_8.C	92	4.800	57.120	1.106
BPP_200_300_0.1_0.8_8.C	92	4.800	57.120	1.089
BPP_200_300_0.1_0.8_9.C	99	4.800	61.320	1.194
BPP_200_300_0.1_0.8_9.C	99	5.600	61.640	1.190
BPP_200_300_0.1_0.8_9.C	99	5.200	61.480	1.123
BPP_200_300_0.1_0.8_9.C	99	5.000	61.400	1.176
BPP_200_300_0.1_0.8_9.C	99	5.400	61.560	1.151
BPP_200_300_0.1_0.8_9.C	99	5.400	61.560	1.213
BPP_200_300_0.1_0.8_9.C	99	4.400	61.160	1.285
BPP_200_300_0.1_0.8_9.C	99	4.600	61.240	1.175
BPP_200_300_0.1_0.8_9.C	99	5.000	61.400	1.172
BPP_200_300_0.1_0.8_9.C	99	4.200	61.080	1.280
BPP_200_400_0.1_0.8_0.C	101	5.600	62.840	1.677
BPP_200_400_0.1_0.8_0.C	101	5.000	62.600	1.769
BPP_200_400_0.1_0.8_0.C	101	5.200	62.680	1.834
BPP_200_400_0.1_0.8_0.C	101	5.000	62.600	1.787
BPP_200_400_0.1_0.8_0.C	101	7.200	63.480	1.621
BPP_200_400_0.1_0.8_0.C	100	5.200	62.080	1.720
BPP_200_400_0.1_0.8_0.C	101	5.200	62.680	1.744
BPP_200_400_0.1_0.8_0.C	100	5.200	62.080	1.829
BPP_200_400_0.1_0.8_0.C	101	5.000	62.600	1.822
BPP_200_400_0.1_0.8_0.C	101	5.200	62.680	1.680
BPP_200_400_0.1_0.8_1.C	95	0.400	57.160	2.138
BPP_200_400_0.1_0.8_1.C	95	0.400	57.160	2.026
BPP_200_400_0.1_0.8_1.C	95	0.400	57.160	1.761
BPP_200_400_0.1_0.8_1.C	95	0.400	57.160	1.700
BPP_200_400_0.1_0.8_1.C	95	0.400	57.160	2.002
BPP_200_400_0.1_0.8_1.C	95	0.400	57.160	2.020
BPP_200_400_0.1_0.8_1.C	95	0.400	57.160	2.170
BPP_200_400_0.1_0.8_1.C	95	0.400	57.160	2.095
BPP_200_400_0.1_0.8_1.C	95	0.400	57.160	1.545
BPP_200_400_0.1_0.8_1.C	95	0.400	57.160	1.651
BPP_200_400_0.1_0.8_2.C	99	2.800	60.520	1.704
BPP_200_400_0.1_0.8_2.C	99	2.800	60.520	1.686
BPP_200_400_0.1_0.8_2.C	100	1.800	60.720	1.701
BPP_200_400_0.1_0.8_2.C	99	2.800	60.520	1.699
BPP_200_400_0.1_0.8_2.C	99	3.200	60.680	1.773
BPP_200_400_0.1_0.8_2.C	99	1.800	60.120	1.737
BPP_200_400_0.1_0.8_2.C	99	1.800	60.120	1.770
BPP_200_400_0.1_0.8_2.C	100	1.800	60.720	1.765
BPP_200_400_0.1_0.8_2.C	99	1.800	60.120	1.695
BPP_200_400_0.1_0.8_2.C	100	1.800	60.720	1.769
BPP_200_400_0.1_0.8_3.C	97	3.200	59.480	1.605
BPP_200_400_0.1_0.8_3.C	96	3.200	58.880	1.626
BPP_200_400_0.1_0.8_3.C	96	3.200	58.880	1.625
BPP_200_400_0.1_0.8_3.C	97	3.200	59.480	1.544
BPP_200_400_0.1_0.8_3.C	96	3.200	58.880	1.576
BPP_200_400_0.1_0.8_3.C	96	3.200	58.880	1.546
BPP_200_400_0.1_0.8_3.C	96	3.200	58.880	1.594
BPP_200_400_0.1_0.8_3.C	96	3.200	58.880	1.573
BPP_200_400_0.1_0.8_3.C	97	3.200	59.480	1.540
BPP_200_400_0.1_0.8_3.C	96	3.200	58.880	1.542
BPP_200_400_0.1_0.8_4.C	93	7.600	58.840	1.510
BPP_200_400_0.1_0.8_4.C	93	8.200	59.080	1.532
BPP_200_400_0.1_0.8_4.C	93	7.600	58.840	1.535
BPP_200_400_0.1_0.8_4.C	93	8.000	59.000	1.501
BPP_200_400_0.1_0.8_4.C	93	8.000	59.000	1.503
BPP_200_400_0.1_0.8_4.C	93	8.000	59.000	1.547
BPP_200_400_0.1_0.8_4.C	93	8.000	59.000	1.536
BPP_200_400_0.1_0.8_4.C	93	8.400	59.160	1.510
BPP_200_400_0.1_0.8_4.C	93	8.000	59.000	1.517
BPP_200_400_0.1_0.8_4.C	93	8.000	59.000	1.499
BPP_200_400_0.1_0.8_5.C	88	3.000	54.000	1.436
BPP_200_400_0.1_0.8_5.C	88	2.600	53.840	1.414
BPP_200_400_0.1_0.8_5.C	88	2.600	53.840	1.431
BPP_200_400_0.1_0.8_5.C	88	2.600	53.840	1.457
BPP_200_400_0.1_0.8_5.C	88	2.600	53.840	1.415
BPP_200_400_0.1_0.8_5.C	88	2.600	53.840	1.417
BPP_200_400_0.1_0.8_5.C	88	2.800	53.920	1.439
BPP_200_400_0.1_0.8_5.C	87	3.400	53.560	1.427
BPP_200_400_0.1_0.8_5.C	88	2.800	53.920	1.395
BPP_200_400_0.1_0.8_5.C	88	2.800	53.920	1.443
BPP_200_400_0.1_0.8_6.C	91	1.800	55.320	1.488
BPP_200_400_0.1_0.8_6.C	91	1.600	55.240	1.454
BPP_200_400_0.1_0.8_6.C	91	1.800	55.320	1.440
BPP_200_400_0.1_0.8_6.C	91	1.600	55.240	1.477
BPP_200_400_0.1_0.8_6.C	91	1.600	55.240	1.479
BPP_200_400_0.1_0.8_6.C	91	1.800	55.320	1.483
BPP_200_400_0.1_0.8_6.C	91	1.600	55.240	1.484
BPP_200_400_0.1_0.8_6.C	91	1.800	55.320	1.455
BPP_200_400_0.1_0.8_6.C	91	1.600	55.240	1.438
BPP_200_400_0.1_0.8_6.C	91	1.600	55.240	1.504
BPP_200_400_0.1_0.8_7.C	96	0.200	57.680	1.512
BPP_200_400_0.1_0.8_7.C	96	0.600	57.840	1.511
BPP_200_400_0.1_0.8_7.C	96	0.200	57.680	1.536
BPP_200_400_0.1_0.8_7.C	95	0.600	57.240	1.555
BPP_200_400_0.1_0.8_7.C	95	0.600	57.240	1.539
BPP_200_400_0.1_0.8_7.C	95	0.600	57.240	1.605
BPP_200_400_0.1_0.8_7.C	96	0.600	57.840	1.577
BPP_200_400_0.1_0.8_7.C	96	0.600	57.840	1.535
BPP_200_400_0.1_0.8_7.C	96	0.600	57.840	1.517
BPP_200_400_0.1_0.8_7.C	95	0.600	57.240	1.615
BPP_200_400_0.1_0.8_8.C	94	0.800	56.720	1.511
BPP_200_400_0.1_0.8_8.C	94	0.800	56.720	1.530
BPP_200_400_0.1_0.8_8.C	94	0.800	56.720	1.533
BPP_200_400_0.1_0.8_8.C	94	0.800	56.720	1.538
BPP_200_400_0.1_0.8_8.C	94	0.800	56.720	1.590
BPP_200_400_0.1_0.8_8.C	95	0.800	57.320	1.518
BPP_200_400_0.1_0.8_8.C	94	1.000	56.800	1.585
BPP_200_400_0.1_0.8_8.C	94	0.800	56.720	1.590
BPP_200_400_0.1_0.8_8.C	94	1.000	56.800	1.598
BPP_200_400_0.1_0.8_8.C	94	0.800	56.720	1.571
BPP_200_400_0.1_0.8_9.C	97	2.200	59.080	1.553
BPP_200_400_0.1_0.8_9.C	97	2.200	59.080	1.594
BPP_200_400_0.1_0.8_9.C	97	2.200	59.080	1.536
BPP_200_400_0.1_0.8_9.C	97	2.200	59.080	1.539
BPP_200_400_0.1_0.8_9.C	97	2.200	59.080	1.547
BPP_200_400_0.1_0.8_9.C	97	2.200	59.080	1.568
BPP_200_400_0.1_0.8_9.C	97	2.000	59.000	1.537
BPP_200_400_0.1_0.8_9.C	97	2.000	59.000	1.585
BPP_200_400_0.1_0.8_9.C	97	2.200	59.080	1.527
BPP_200_400_0.1_0.8_9.C	97	2.200	59.080	1.532
BPP_200_500_0.1_0.8_0.C	101	2.400	61.560	1.791
BPP_200_500_0.1_0.8_0.C	101	2.400	61.560	1.942
BPP_200_500_0.1_0.8_0.C	100	3.800	61.520	1.840
BPP_200_500_0.1_0.8_0.C	100	4.000	61.600	1.827
BPP_200_500_0.1_0.8_0.C	100	3.200	61.280	1.949
BPP_200_500_0.1_0.8_0.C	101	3.800	62.120	1.780
BPP_200_500_0.1_0.8_0.C	101	3.600	62.040	1.819
BPP_200_500_0.1_0.8_0.C	100	2.400	60.960	1.885
BPP_200_500_0.1_0.8_0.C	100	3.400	61.360	1.853
BPP_200_500_0.1_0.8_0.C	101	3.600	62.040	1.824
BPP_200_500_0.1_0.8_1.C	93	5.600	58.040	1.702
BPP_200_500_0.1_0.8_1.C	93	5.600	58.040	1.691
BPP_200_500_0.1_0.8_1.C	93	5.600	58.040	1.688
BPP_200_500_0.1_0.8_1.C	93	5.800	58.120	1.689
BPP_200_500_0.1_0.8_1.C	93	5.600	58.040	1.700
BPP_200_500_0.1_0.8_1.C	93	5.400	57.960	1.730
BPP_200_500_0.1_0.8_1.C	93	6.400	58.360	1.728
BPP_200_500_0.1_0.8_1.C	93	5.400	57.960	1.718
BPP_200_500_0.1_0.8_1.C	93	5.200	57.880	1.759
BPP_200_500_0.1_0.8_1.C	93	5.600	58.040	1.704
BPP_200_500_0.1_0.8_2.C	87	7.200	55.080	1.593
BPP_200_500_0.1_0.8_2.C	87	7.000	55.000	1.626
BPP_200_500_0.1_0.8_2.C	87	7.200	55.080	1.599
BPP_200_500_0.1_0.8_2.C	87	7.200	55.080	1.600
BPP_200_500_0.1_0.8_2.C	87	7.000	55.000	1.600
BPP_200_500_0.1_0.8_2.C	87	7.200	55.080	1.592
BPP_200_500_0.1_0.8_2.C	87	7.200	55.080	1.608
BPP_200_500_0.1_0.8_2.C	87	7.200	55.080	1.617
BPP_200_500_0.1_0.8_2.C	87	7.200	55.080	1.785
BPP_200_500_0.1_0.8_2.C	87	7.200	55.080	1.635
BPP_200_500_0.1_0.8_3.C	93	11.400	60.360	1.769
BPP_200_500_0.1_0.8_3.C	93	11.400	60.360	1.991
BPP_200_500_0.1_0.8_3.C	93	11.400	60.360	1.752
BPP_200_500_0.1_0.8_3.C	93	11.400	60.360	1.721
BPP_200_500_0.1_0.8_3.C	93	11.600	60.440	2.009
BPP_200_500_0.1_0.8_3.C	93	11.600	60.440	1.699
BPP_200_500_0.1_0.8_3.C	93	11.400	60.360	1.765
BPP_200_500_0.1_0.8_3.C	93	11.400	60.360	1.881
BPP_200_500_0.1_0.8_3.C	93	11.400	60.360	2.093
BPP_200_500_0.1_0.8_3.C	93	11.400	60.360	1.923
BPP_200_500_0.1_0.8_4.C	92	3.400	56.560	1.708
BPP_200_500_0.1_0.8_4.C	92	3.200	56.480	2.216
BPP_200_500_0.1_0.8_4.C	92	3.400	56.560	1.726
BPP_200_500_0.1_0.8_4.C	92	3.400	56.560	1.866
BPP_200_500_0.1_0.8_4.C	92	3.200	56.480	2.131
BPP_200_500_0.1_0.8_4.C	92	3.200	56.480	2.016
BPP_200_500_0.1_0.8_4.C	92	3.200	56.480	2.310
BPP_200_500_0.1_0.8_4.C	92	3.200	56.480	1.684
BPP_200_500_0.1_0.8_4.C	92	3.400	56.560	1.985
BPP_200_500_0.1_0.8_4.C	92	3.400	56.560	1.942
BPP_200_500_0.1_0.8_5.C	97	1.800	58.920	2.298
BPP_200_500_0.1_0.8_5.C	97	1.800	58.920	2.255
BPP_200_500_0.1_0.8_5.C	96	2.400	58.560	1.870
BPP_200_500_0.1_0.8_5.C	97	2.200	59.080	2.002
BPP_200_500_0.1_0.8_5.C	97	2.000	59.000	1.819
BPP_200_500_0.1_0.8_5.C	97	1.800	58.920	1.947
BPP_200_500_0.1_0.8_5.C	97	2.000	59.000	1.799
BPP_200_500_0.1_0.8_5.C	97	1.800	58.920	2.059
BPP_200_500_0.1_0.8_5.C	97	1.800	58.920	1.792
BPP_200_500_0.1_0.8_5.C	97	1.800	58.920	1.796
BPP_200_500_0.1_0.8_6.C	96	2.200	58.480	1.806
BPP_200_500_0.1_0.8_6.C	97	1.800	58.920	2.074
BPP_200_500_0.1_0.8_6.C	96	2.200	58.480	1.828
BPP_200_500_0.1_0.8_6.C	97	1.800	58.920	1.962
BPP_200_500_0.1_0.8_6.C	96	2.200	58.480	1.968
BPP_200_500_0.1_0.8_6.C	97	1.800	58.920	1.787
BPP_200_500_0.1_0.8_6.C	96	3.200	58.880	1.776
BPP_200_500_0.1_0.8_6.C	96	2.200	58.480	1.796
BPP_200_500_0.1_0.8_6.C	96	2.200	58.480	1.813
BPP_200_500_0.1_0.8_6.C	97	2.000	59.000	1.868
BPP_200_500_0.1_0.8_7.C	90	9.200	57.680	2.046
BPP_200_500_0.1_0.8_7.C	90	9.400	57.760	1.679
BPP_200_500_0.1_0.8_7.C	90	9.200	57.680	1.766
BPP_200_500_0.1_0.8_7.C	90	9.400	57.760	1.779
BPP_200_500_0.1_0.8_7.C	90	9.400	57.760	1.847
BPP_200_500_0.1_0.8_7.C	90	9.200	57.680	1.664
BPP_200_500_0.1_0.8_7.C	90	9.200	57.680	1.699
BPP_200_500_0.1_0.8_7.C	90	8.600	57.440	2.326
BPP_200_500_0.1_0.8_7.C	90	8.800	57.520	1.672
BPP_200_500_0.1_0.8_7.C	90	9.400	57.760	1.696
BPP_200_500_0.1_0.8_8.C	107	5.000	66.200	2.246
BPP_200_500_0.1_0.8_8.C	107	5.800	66.520	2.260
BPP_200_500_0.1_0.8_8.C	107	3.800	65.720	2.286
BPP_200_500_0.1_0.8_8.C	107	5.800	66.520	2.210
BPP_200_500_0.1_0.8_8.C	107	4.200	65.880	2.546
BPP_200_500_0.1_0.8_8.C	107	4.200	65.880	2.266
BPP_200_500_0.1_0.8_8.C	107	5.000	66.200	2.192
BPP_200_500_0.1_0.8_8.C	107	3.600	65.640	2.359
BPP_200_500_0.1_0.8_8.C	107	7.200	67.080	1.975
BPP_200_500_0.1_0.8_8.C	107	5.000	66.200	2.851
BPP_200_500_0.1_0.8_9.C	94	3.600	57.840	1.915
BPP_200_500_0.1_0.8_9.C	94	5.000	58.400	1.800
BPP_200_500_0.1_0.8_9.C	94	3.400	57.760	1.906
BPP_200_500_0.1_0.8_9.C	94	4.800	58.320	1.810
BPP_200_500_0.1_0.8_9.C	94	2.800	57.520	2.004
BPP_200_500_0.1_0.8_9.C	94	3.200	57.680	1.847
BPP_200_500_0.1_0.8_9.C	94	6.000	58.800	1.753
BPP_200_500_0.1_0.8_9.C	94	3.800	57.920	1.926
BPP_200_500_0.1_0.8_9.C	94	4.800	58.320	1.802
BPP_200_500_0.1_0.8_9.C	94	3.600	57.840	1.950
BPP_200_50_0.1_0.8_0.C	84	2.000	51.200	0.209
BPP_200_50_0.1_0.8_0.C	84	2.000	51.200	0.210
BPP_200_50_0.1_0.8_0.C	84	2.200	51.280	0.210
BPP_200_50_0.1_0.8_0.C	84	2.000	51.200	0.212
BPP_200_50_0.1_0.8_0.C	84	2.200	51.280	0.207
BPP_200_50_0.1_0.8_0.C	84	2.200	51.280	0.213
BPP_200_50_0.1_0.8_0.C	84	2.000	51.200	0.213
BPP_200_50_0.1_0.8_0.C	84	2.000	51.200	0.210
BPP_200_50_0.1_0.8_0.C	84	2.000	51.200	0.213
BPP_200_50_0.1_0.8_0.C	84	2.200	51.280	0.209
BPP_200_50_0.1_0.8_1.C	93	2.800	56.920	0.239
BPP_200_50_0.1_0.8_1.C	93	2.800	56.920	0.232
BPP_200_50_0.1_0.8_1.C	93	2.800	56.920	0.234
BPP_200_50_0.1_0.8_1.C	93	2.800	56.920	0.237
BPP_200_50_0.1_0.8_1.C	93	2.800	56.920	0.238
BPP_200_50_0.1_0.8_1.C	93	2.800	56.920	0.239
BPP_200_50_0.1_0.8_1.C	93	2.800	56.920	0.234
BPP_200_50_0.1_0.8_1.C	93	2.800	56.920	0.234
BPP_200_50_0.1_0.8_1.C	93	2.800	56.920	0.242
BPP_200_50_0.1_0.8_1.C	93	2.800	56.920	0.232
BPP_200_50_0.1_0.8_2.C	87	6.000	54.600	0.276
BPP_200_50_0.1_0.8_2.C	87	6.200	54.680	0.225
BPP_200_50_0.1_0.8_2.C	87	6.000	54.600	0.476
BPP_200_50_0.1_0.8_2.C	87	6.200	54.680	0.220
BPP_200_50_0.1_0.8_2.C	87	6.200	54.680	0.221
BPP_200_50_0.1_0.8_2.C	87	6.200	54.680	0.223
BPP_200_50_0.1_0.8_2.C	87	6.000	54.600	0.232
BPP_200_50_0.1_0.8_2.C	87	6.200	54.680	0.219
BPP_200_50_0.1_0.8_2.C	87	6.200	54.680	0.225
BPP_200_50_0.1_0.8_2.C	87	6.000	54.600	0.225
BPP_200_50_0.1_0.8_3.C	93	2.800	56.920	0.236
BPP_200_50_0.1_0.8_3.C	93	2.800	56.920	0.236
BPP_200_50_0.1_0.8_3.C	93	2.800	56.920	0.235
BPP_200_50_0.1_0.8_3.C	93	2.800	56.920	0.253
BPP_200_50_0.1_0.8_3.C	93	2.800	56.920	0.232
BPP_200_50_0.1_0.8_3.C	93	2.800	56.920	0.233
BPP_200_50_0.1_0.8_3.C	93	2.800	56.920	0.242
BPP_200_50_0.1_0.8_3.C	93	2.800	56.920	0.237
BPP_200_50_0.1_0.8_3.C	93	2.800	56.920	0.260
BPP_200_50_0.1_0.8_3.C	93	2.800	56.920	0.241
BPP_200_50_0.1_0.8_4.C	93	0.200	55.880	0.240
BPP_200_50_0.1_0.8_4.C	94	0.200	56.480	0.230
BPP_200_50_0.1_0.8_4.C	93	0.200	55.880	0.241
BPP_200_50_0.1_0.8_4.C	94	0.200	56.480	0.234
BPP_200_50_0.1_0.8_4.C	93	0.200	55.880	0.233
BPP_200_50_0.1_0.8_4.C	93	0.200	55.880	0.236
BPP_200_50_0.1_0.8_4.C	93	0.200	55.880	0.235
BPP_200_50_0.1_0.8_4.C	94	0.200	56.480	0.242
BPP_200_50_0.1_0.8_4.C	94	0.200	56.480	0.232
BPP_200_50_0.1_0.8_4.C	93	0.200	55.880	0.268
BPP_200_50_0.1_0.8_5.C	96	0.200	57.680	0.242
BPP_200_50_0.1_0.8_5.C	96	0.200	57.680	0.237
BPP_200_50_0.1_0.8_5.C	95	0.200	57.080	0.265
BPP_200_50_0.1_0.8_5.C	95	0.200	57.080	0.248
BPP_200_50_0.1_0.8_5.C	95	0.200	57.080	0.284
BPP_200_50_0.1_0.8_5.C	96	0.200	57.680	0.245
BPP_200_50_0.1_0.8_5.C	95	0.200	57.080	0.231
BPP_200_50_0.1_0.8_5.C	95	0.200	57.080	0.290
BPP_200_50_0.1_0.8_5.C	96	0.200	57.680	0.235
BPP_200_50_0.1_0.8_5.C	95	0.200	57.080	0.263
BPP_200_50_0.1_0.8_6.C	98	0.200	58.880	0.239
BPP_200_50_0.1_0.8_6.C	98	0.200	58.880	0.239
BPP_200_50_0.1_0.8_6.C	98	0.200	58.880	0.244
BPP_200_50_0.1_0.8_6.C	98	0.200	58.880	0.250
BPP_200_50_0.1_0.8_6.C	98	0.200	58.880	0.239
BPP_200_50_0.1_0.8_6.C	98	0.200	58.880	0.238
BPP_200_50_0.1_0.8_6.C	98	0.200	58.880	0.242
BPP_200_50_0.1_0.8_6.C	98	0.200	58.880	0.242
BPP_200_50_0.1_0.8_6.C	98	0.200	58.880	0.238
BPP_200_50_0.1_0.8_6.C	98	0.200	58.880	0.243
BPP_200_50_0.1_0.8_7.C	89	3.000	54.600	0.239
BPP_200_50_0.1_0.8_7.C	90	2.600	55.040	0.230
BPP_200_50_0.1_0.8_7.C	89	3.000	54.600	0.228
BPP_200_50_0.1_0.8_7.C	89	3.000	54.600	0.230
BPP_200_50_0.1_0.8_7.C	89	3.000	54.600	0.231
BPP_200_50_0.1_0.8_7.C	89	3.000	54.600	0.226
BPP_200_50_0.1_0.8_7.C	89	3.000	54.600	0.225
BPP_200_50_0.1_0.8_7.C	90	2.600	55.040	0.228
BPP_200_50_0.1_0.8_7.C	90	2.600	55.040	0.232
BPP_200_50_0.1_0.8_7.C	89	3.000	54.600	0.259
BPP_200_50_0.1_0.8_8.C	87	2.200	53.080	0.222
BPP_200_50_0.1_0.8_8.C	86	2.600	52.640	0.228
BPP_200_50_0.1_0.8_8.C	87	2.200	53.080	0.226
BPP_200_50_0.1_0.8_8.C	87	2.200	53.080	0.223
BPP_200_50_0.1_0.8_8.C	87	2.200	53.080	0.226
BPP_200_50_0.1_0.8_8.C	86	2.400	52.560	0.232
BPP_200_50_0.1_0.8_8.C	87	2.200	53.080	0.223
BPP_200_50_0.1_0.8_8.C	87	2.400	53.160	0.226
BPP_200_50_0.1_0.8_8.C	87	2.200	53.080	0.224
BPP_200_50_0.1_0.8_8.C	87	2.200	53.080	0.226
BPP_200_50_0.1_0.8_9.C	91	4.400	56.360	0.229
BPP_200_50_0.1_0.8_9.C	90	5.200	56.080	0.227
BPP_200_50_0.1_0.8_9.C	91	4.200	56.280	0.229
BPP_200_50_0.1_0.8_9.C	91	4.200	56.280	0.230
BPP_200_50_0.1_0.8_9.C	91	4.200	56.280	0.231
BPP_200_50_0.1_0.8_9.C	90	5.000	56.000	0.234
BPP_200_50_0.1_0.8_9.C	90	5.000	56.000	0.238
BPP_200_50_0.1_0.8_9.C	91	4.200	56.280	0.232
BPP_200_50_0.1_0.8_9.C	91	4.200	56.280	0.231
BPP_200_50_0.1_0.8_9.C	91	4.200	56.280	0.226
BPP_200_750_0.1_0.8_0.C	92	12.000	60.000	2.637
BPP_200_750_0.1_0.8_0.C	93	10.200	59.880	2.841
BPP_200_750_0.1_0.8_0.C	92	10.200	59.280	2.606
BPP_200_750_0.1_0.8_0.C	93	11.200	60.280	2.679
BPP_200_750_0.1_0.8_0.C	92	10.400	59.360	2.813
BPP_200_750_0.1_0.8_0.C	92	10.000	59.200	2.645
BPP_200_750_0.1_0.8_0.C	92	9.800	59.120	2.977
BPP_200_750_0.1_0.8_0.C	93	10.600	60.040	2.716
BPP_200_750_0.1_0.8_0.C	93	10.000	59.800	2.585
BPP_200_750_0.1_0.8_0.C	93	10.200	59.880	2.572
BPP_200_750_0.1_0.8_1.C	92	6.600	57.840	2.545
BPP_200_750_0.1_0.8_1.C	92	7.000	58.000	2.564
BPP_200_750_0.1_0.8_1.C	92	6.800	57.920	2.497
BPP_200_750_0.1_0.8_1.C	92	6.800	57.920	2.498
BPP_200_750_0.1_0.8_1.C	92	6.800	57.920	3.218
BPP_200_750_0.1_0.8_1.C	92	6.600	57.840	3.580
BPP_200_750_0.1_0.8_1.C	92	6.800	57.920	3.153
BPP_200_750_0.1_0.8_1.C	92	6.800	57.920	2.610
BPP_200_750_0.1_0.8_1.C	92	5.200	57.280	2.645
BPP_200_750_0.1_0.8_1.C	92	6.800	57.920	2.689
BPP_200_750_0.1_0.8_2.C	94	6.000	58.800	2.622
BPP_200_750_0.1_0.8_2.C	94	5.800	58.720	2.557
BPP_200_750_0.1_0.8_2.C	94	5.800	58.720	2.551
BPP_200_750_0.1_0.8_2.C	94	6.200	58.880	3.011
BPP_200_750_0.1_0.8_2.C	94	6.000	58.800	2.758
BPP_200_750_0.1_0.8_2.C	94	6.200	58.880	2.553
BPP_200_750_0.1_0.8_2.C	94	6.000	58.800	2.772
BPP_200_750_0.1_0.8_2.C	94	6.000	58.800	2.962
BPP_200_750_0.1_0.8_2.C	94	5.800	58.720	2.818
BPP_200_750_0.1_0.8_2.C	94	6.000	58.800	2.561
BPP_200_750_0.1_0.8_3.C	92	8.800	58.720	2.749
BPP_200_750_0.1_0.8_3.C	93	8.800	59.320	2.492
BPP_200_750_0.1_0.8_3.C	92	8.400	58.560	3.078
BPP_200_750_0.1_0.8_3.C	93	8.800	59.320	3.051
BPP_200_750_0.1_0.8_3.C	92	9.600	59.040	3.152
BPP_200_750_0.1_0.8_3.C	93	8.400	59.160	2.817
BPP_200_750_0.1_0.8_3.C	93	9.000	59.400	2.582
BPP_200_750_0.1_0.8_3.C	93	8.800	59.320	2.653
BPP_200_750_0.1_0.8_3.C	92	9.800	59.120	2.867
BPP_200_750_0.1_0.8_3.C	92	9.400	58.960	2.785
BPP_200_750_0.1_0.8_4.C	94	1.600	57.040	2.582
BPP_200_750_0.1_0.8_4.C	94	1.600	57.040	3.335
BPP_200_750_0.1_0.8_4.C	94	1.600	57.040	2.617
BPP_200_750_0.1_0.8_4.C	94	1.600	57.040	2.686
BPP_200_750_0.1_0.8_4.C	94	1.600	57.040	2.654
BPP_200_750_0.1_0.8_4.C	94	1.600	57.040	2.649
BPP_200_750_0.1_0.8_4.C	94	1.600	57.040	2.598
BPP_200_750_0.1_0.8_4.C	94	1.600	57.040	2.685
BPP_200_750_0.1_0.8_4.C	94	1.600	57.040	2.689
BPP_200_750_0.1_0.8_4.C	94	1.600	57.040	2.569
BPP_200_750_0.1_0.8_5.C	90	4.600	55.840	2.454
BPP_200_750_0.1_0.8_5.C	90	3.800	55.520	2.446
BPP_200_750_0.1_0.8_5.C	90	4.600	55.840	2.477
BPP_200_750_0.1_0.8_5.C	90	4.600	55.840	2.416
BPP_200_750_0.1_0.8_5.C	90	4.600	55.840	2.406
BPP_200_750_0.1_0.8_5.C	90	4.200	55.680	2.686
BPP_200_750_0.1_0.8_5.C	90	4.200	55.680	2.438
BPP_200_750_0.1_0.8_5.C	90	4.600	55.840	2.439
BPP_200_750_0.1_0.8_5.C	90	4.600	55.840	3.460
BPP_200_750_0.1_0.8_5.C	90	4.400	55.760	2.478
BPP_200_750_0.1_0.8_6.C	94	2.800	57.520	2.521
BPP_200_750_0.1_0.8_6.C	93	3.200	57.080	2.561
BPP_200_750_0.1_0.8_6.C	93	2.600	56.840	2.457
BPP_200_750_0.1_0.8_6.C	93	3.200	57.080	2.479
BPP_200_750_0.1_0.8_6.C	93	3.400	57.160	2.581
BPP_200_750_0.1_0.8_6.C	94	2.600	57.440	2.464
BPP_200_750_0.1_0.8_6.C	93	2.600	56.840	2.489
BPP_200_750_0.1_0.8_6.C	93	3.000	57.000	2.449
BPP_200_750_0.1_0.8_6.C	94	2.800	57.520	2.500
BPP_200_750_0.1_0.8_6.C	93	2.800	56.920	2.497
BPP_200_750_0.1_0.8_7.C	95	3.200	58.280	2.871
BPP_200_750_0.1_0.8_7.C	95	2.600	58.040	3.447
BPP_200_750_0.1_0.8_7.C	95	3.400	58.360	2.621
BPP_200_750_0.1_0.8_7.C	96	2.600	58.640	2.523
BPP_200_750_0.1_0.8_7.C	95	2.400	57.960	2.625
BPP_200_750_0.1_0.8_7.C	95	2.800	58.120	3.084
BPP_200_750_0.1_0.8_7.C	95	2.800	58.120	2.545
BPP_200_750_0.1_0.8_7.C	95	2.800	58.120	2.688
BPP_200_750_0.1_0.8_7.C	95	2.600	58.040	2.568
BPP_200_750_0.1_0.8_7.C	95	3.200	58.280	2.497
BPP_200_750_0.1_0.8_8.C	90	2.000	54.800	2.464
BPP_200_750_0.1_0.8_8.C	90	2.200	54.880	2.601
BPP_200_750_0.1_0.8_8.C	90	2.000	54.800	2.404
BPP_200_750_0.1_0.8_8.C	90	2.200	54.880	2.397
BPP_200_750_0.1_0.8_8.C	90	2.200	54.880	2.381
BPP_200_750_0.1_0.8_8.C	90	2.200	54.880	2.404
BPP_200_750_0.1_0.8_8.C	90	2.200	54.880	2.396
BPP_200_750_0.1_0.8_8.C	90	2.000	54.800	2.447
BPP_200_750_0.1_0.8_8.C	90	2.200	54.880	2.393
BPP_200_750_0.1_0.8_8.C	90	2.000	54.800	2.430
BPP_200_750_0.1_0.8_9.C	101	3.400	61.960	2.790
BPP_200_750_0.1_0.8_9.C	101	3.400	61.960	2.769
BPP_200_750_0.1_0.8_9.C	101	3.600	62.040	2.865
BPP_200_750_0.1_0.8_9.C	101	3.400	61.960	3.397
BPP_200_750_0.1_0.8_9.C	101	5.000	62.600	2.646
BPP_200_750_0.1_0.8_9.C	101	3.200	61.880	2.868
BPP_200_750_0.1_0.8_9.C	101	4.200	62.280	2.691
BPP_200_750_0.1_0.8_9.C	101	3.600	62.040	2.784
BPP_200_750_0.1_0.8_9.C	101	3.400	61.960	2.921
BPP_200_750_0.1_0.8_9.C	101	3.600	62.040	2.745
BPP_200_75_0.1_0.8_0.C	91	2.600	55.640	0.287
BPP_200_75_0.1_0.8_0.C	91	2.600	55.640	0.291
BPP_200_75_0.1_0.8_0.C	90	2.800	55.120	0.294
BPP_200_75_0.1_0.8_0.C	91	2.600	55.640	0.298
BPP_200_75_0.1_0.8_0.C	91	2.600	55.640	0.286
BPP_200_75_0.1_0.8_0.C	91	2.800	55.720	0.288
BPP_200_75_0.1_0.8_0.C	91	2.600	55.640	0.288
BPP_200_75_0.1_0.8_0.C	91	2.600	55.640	0.300
BPP_200_75_0.1_0.8_0.C	90	3.000	55.200	0.292
BPP_200_75_0.1_0.8_0.C	91	2.600	55.640	0.298
BPP_200_75_0.1_0.8_1.C	92	2.600	56.240	0.294
BPP_200_75_0.1_0.8_1.C	92	2.600	56.240	0.298
BPP_200_75_0.1_0.8_1.C	92	2.800	56.320	0.457
BPP_200_75_0.1_0.8_1.C	92	2.600	56.240	0.286
BPP_200_75_0.1_0.8_1.C	92	2.800	56.320	0.290
BPP_200_75_0.1_0.8_1.C	92	2.600	56.240	0.293
BPP_200_75_0.1_0.8_1.C	92	2.800	56.320	0.288
BPP_200_75_0.1_0.8_1.C	92	2.800	56.320	0.293
BPP_200_75_0.1_0.8_1.C	92	2.600	56.240	0.294
BPP_200_75_0.1_0.8_1.C	92	2.800	56.320	0.295
BPP_200_75_0.1_0.8_2.C	89	0.200	53.480	0.331
BPP_200_75_0.1_0.8_2.C	89	0.200	53.480	0.287
BPP_200_75_0.1_0.8_2.C	89	0.200	53.480	0.290
BPP_200_75_0.1_0.8_2.C	89	0.200	53.480	0.335
BPP_200_75_0.1_0.8_2.C	89	0.200	53.480	0.291
BPP_200_75_0.1_0.8_2.C	89	0.200	53.480	0.299
BPP_200_75_0.1_0.8_2.C	89	0.400	53.560	0.282
BPP_200_75_0.1_0.8_2.C	90	0.200	54.080	0.279
BPP_200_75_0.1_0.8_2.C	90	0.200	54.080	0.293
BPP_200_75_0.1_0.8_2.C	90	0.200	54.080	0.283
BPP_200_75_0.1_0.8_3.C	106	6.600	66.240	0.325
BPP_200_75_0.1_0.8_3.C	106	7.000	66.400	0.324
BPP_200_75_0.1_0.8_3.C	106	6.600	66.240	0.319
BPP_200_75_0.1_0.8_3.C	106	6.800	66.320	0.324
BPP_200_75_0.1_0.8_3.C	106	6.800	66.320	0.320
BPP_200_75_0.1_0.8_3.C	106	6.800	66.320	0.323
BPP_200_75_0.1_0.8_3.C	106	6.800	66.320	0.326
BPP_200_75_0.1_0.8_3.C	106	6.400	66.160	0.325
BPP_200_75_0.1_0.8_3.C	106	6.400	66.160	0.341
BPP_200_75_0.1_0.8_3.C	106	6.800	66.320	0.320
BPP_200_75_0.1_0.8_4.C	94	0.800	56.720	0.310
BPP_200_75_0.1_0.8_4.C	94	0.800	56.720	0.321
BPP_200_75_0.1_0.8_4.C	94	0.800	56.720	0.318
BPP_200_75_0.1_0.8_4.C	94	0.800	56.720	0.300
BPP_200_75_0.1_0.8_4.C	94	1.200	56.880	0.304
BPP_200_75_0.1_0.8_4.C	94	0.800	56.720	0.312
BPP_200_75_0.1_0.8_4.C	94	0.800	56.720	0.318
BPP_200_75_0.1_0.8_4.C	94	0.800	56.720	0.304
BPP_200_75_0.1_0.8_4.C	94	1.200	56.880	0.296
BPP_200_75_0.1_0.8_4.C	94	0.800	56.720	0.309
BPP_200_75_0.1_0.8_5.C	91	4.800	56.520	0.303
BPP_200_75_0.1_0.8_5.C	91	5.000	56.600	0.293
BPP_200_75_0.1_0.8_5.C	91	5.000	56.600	0.299
BPP_200_75_0.1_0.8_5.C	91	5.000	56.600	0.295
BPP_200_75_0.1_0.8_5.C	91	5.000	56.600	0.305
BPP_200_75_0.1_0.8_5.C	91	5.000	56.600	0.299
BPP_200_75_0.1_0.8_5.C	91	4.800	56.520	0.295
BPP_200_75_0.1_0.8_5.C	91	5.000	56.600	0.296
BPP_200_75_0.1_0.8_5.C	91	4.200	56.280	0.539
BPP_200_75_0.1_0.8_5.C	91	5.200	56.680	0.306
BPP_200_75_0.1_0.8_6.C	87	7.200	55.080	0.288
BPP_200_75_0.1_0.8_6.C	87	7.200	55.080	0.287
BPP_200_75_0.1_0.8_6.C	87	7.200	55.080	0.283
BPP_200_75_0.1_0.8_6.C	87	6.800	54.920	0.300
BPP_200_75_0.1_0.8_6.C	87	7.200	55.080	0.291
BPP_200_75_0.1_0.8_6.C	87	7.200	55.080	0.308
BPP_200_75_0.1_0.8_6.C	87	7.200	55.080	0.287
BPP_200_75_0.1_0.8_6.C	87	7.200	55.080	0.287
BPP_200_75_0.1_0.8_6.C	87	7.200	55.080	0.286
BPP_200_75_0.1_0.8_6.C	87	7.000	55.000	0.287
BPP_200_75_0.1_0.8_7.C	95	4.600	58.840	0.299
BPP_200_75_0.1_0.8_7.C	95	3.800	58.520	0.311
BPP_200_75_0.1_0.8_7.C	95	4.600	58.840	0.311
BPP_200_75_0.1_0.8_7.C	95	4.600	58.840	0.302
BPP_200_75_0.1_0.8_7.C	94	5.000	58.400	0.322
BPP_200_75_0.1_0.8_7.C	95	4.800	58.920	0.309
BPP_200_75_0.1_0.8_7.C	94	4.800	58.320	0.331
BPP_200_75_0.1_0.8_7.C	94	4.400	58.160	0.320
BPP_200_75_0.1_0.8_7.C	95	4.200	58.680	0.303
BPP_200_75_0.1_0.8_7.C	94	4.000	58.000	0.338
BPP_200_75_0.1_0.8_8.C	89	5.600	55.640	0.291
BPP_200_75_0.1_0.8_8.C	89	5.600	55.640	0.281
BPP_200_75_0.1_0.8_8.C	89	5.600	55.640	0.285
BPP_200_75_0.1_0.8_8.C	89	5.600	55.640	0.284
BPP_200_75_0.1_0.8_8.C	89	5.600	55.640	0.314
BPP_200_75_0.1_0.8_8.C	89	5.600	55.640	0.297
BPP_200_75_0.1_0.8_8.C	89	5.600	55.640	0.283
BPP_200_75_0.1_0.8_8.C	89	5.600	55.640	0.287
BPP_200_75_0.1_0.8_8.C	89	5.600	55.640	0.287
BPP_200_75_0.1_0.8_8.C	89	5.600	55.640	0.288
BPP_200_75_0.1_0.8_9.C	94	10.800	60.720	0.316
BPP_200_75_0.1_0.8_9.C	95	10.200	61.080	0.329
BPP_200_75_0.1_0.8_9.C	94	11.200	60.880	0.312
BPP_200_75_0.1_0.8_9.C	94	11.000	60.800	0.315
BPP_200_75_0.1_0.8_9.C	94	10.600	60.640	0.317
BPP_200_75_0.1_0.8_9.C	94	10.800	60.720	0.319
BPP_200_75_0.1_0.8_9.C	94	10.800	60.720	0.317
BPP_200_75_0.1_0.8_9.C	94	10.600	60.640	0.316
BPP_200_75_0.1_0.8_9.C	95	10.400	61.160	0.304
BPP_200_75_0.1_0.8_9.C	94	10.800	60.720	0.316
BPP_50_1000_0.1_0.8_0.C	23	8.200	17.080	0.210
BPP_50_1000_0.1_0.8_0.C	23	8.400	17.160	0.211
BPP_50_1000_0.1_0.8_0.C	23	8.200	17.080	0.211
BPP_50_1000_0.1_0.8_0.C	23	8.400	17.160	0.212
BPP_50_1000_0.1_0.8_0.C	23	8.200	17.080	0.214
BPP_50_1000_0.1_0.8_0.C	23	8.200	17.080	0.214
BPP_50_1000_0.1_0.8_0.C	23	8.200	17.080	0.214
BPP_50_1000_0.1_0.8_0.C	23	8.200	17.080	0.214
BPP_50_1000_0.1_0.8_0.C	23	8.000	17.000	0.212
BPP_50_1000_0.1_0.8_0.C	23	8.400	17.160	0.212
BPP_50_1000_0.1_0.8_1.C	23	8.200	17.080	0.211
BPP_50_1000_0.1_0.8_1.C	23	8.200	17.080	0.212
BPP_50_1000_0.1_0.8_1.C	23	8.200	17.080	0.218
BPP_50_1000_0.1_0.8_1.C	23	8.400	17.160	0.216
BPP_50_1000_0.1_0.8_1.C	23	8.200	17.080	0.216
BPP_50_1000_0.1_0.8_1.C	23	8.200	17.080	0.220
BPP_50_1000_0.1_0.8_1.C	23	8.200	17.080	0.215
BPP_50_1000_0.1_0.8_1.C	23	8.400	17.160	0.214
BPP_50_1000_0.1_0.8_1.C	23	8.200	17.080	0.216
BPP_50_1000_0.1_0.8_1.C	23	8.200	17.080	0.214
BPP_50_1000_0.1_0.8_2.C	23	6.600	16.440	0.212
BPP_50_1000_0.1_0.8_2.C	23	6.600	16.440	0.214
BPP_50_1000_0.1_0.8_2.C	23	6.600	16.440	0.211
BPP_50_1000_0.1_0.8_2.C	23	7.200	16.680	0.211
BPP_50_1000_0.1_0.8_2.C	23	7.200	16.680	0.214
BPP_50_1000_0.1_0.8_2.C	23	6.600	16.440	0.216
BPP_50_1000_0.1_0.8_2.C	23	6.600	16.440	0.248
BPP_50_1000_0.1_0.8_2.C	23	6.600	16.440	0.212
BPP_50_1000_0.1_0.8_2.C	23	6.600	16.440	0.231
BPP_50_1000_0.1_0.8_2.C	23	6.600	16.440	0.212
BPP_50_1000_0.1_0.8_3.C	24	7.400	17.360	0.226
BPP_50_1000_0.1_0.8_3.C	24	7.600	17.440	0.237
BPP_50_1000_0.1_0.8_3.C	24	7.400	17.360	0.263
BPP_50_1000_0.1_0.8_3.C	24	7.600	17.440	0.344
BPP_50_1000_0.1_0.8_3.C	24	7.600	17.440	0.229
BPP_50_1000_0.1_0.8_3.C	24	7.600	17.440	0.222
BPP_50_1000_0.1_0.8_3.C	24	7.600	17.440	0.252
BPP_50_1000_0.1_0.8_3.C	24	7.600	17.440	0.238
BPP_50_1000_0.1_0.8_3.C	24	7.600	17.440	0.248
BPP_50_1000_0.1_0.8_3.C	24	7.600	17.440	0.227
BPP_50_1000_0.1_0.8_4.C	24	2.000	15.200	0.227
BPP_50_1000_0.1_0.8_4.C	24	2.200	15.280	0.217
BPP_50_1000_0.1_0.8_4.C	24	2.200	15.280	0.212
BPP_50_1000_0.1_0.8_4.C	24	2.200	15.280	0.214
BPP_50_1000_0.1_0.8_4.C	24	2.000	15.200	0.215
BPP_50_1000_0.1_0.8_4.C	24	2.200	15.280	0.216
BPP_50_1000_0.1_0.8_4.C	24	2.200	15.280	0.216
BPP_50_1000_0.1_0.8_4.C	24	2.200	15.280	0.241
BPP_50_1000_0.1_0.8_4.C	24	2.200	15.280	0.247
BPP_50_1000_0.1_0.8_4.C	24	2.200	15.280	0.285
BPP_50_1000_0.1_0.8_5.C	28	1.200	17.280	0.237
BPP_50_1000_0.1_0.8_5.C	28	1.200	17.280	0.236
BPP_50_1000_0.1_0.8_5.C	28	1.200	17.280	0.242
BPP_50_1000_0.1_0.8_5.C	28	1.200	17.280	0.239
BPP_50_1000_0.1_0.8_5.C	28	1.200	17.280	0.238
BPP_50_1000_0.1_0.8_5.C	28	1.200	17.280	0.246
BPP_50_1000_0.1_0.8_5.C	28	1.200	17.280	0.253
BPP_50_1000_0.1_0.8_5.C	28	1.200	17.280	0.240
BPP_50_1000_0.1_0.8_5.C	28	1.200	17.280	0.245
BPP_50_1000_0.1_0.8_5.C	28	1.200	17.280	0.308
BPP_50_1000_0.1_0.8_6.C	23	1.600	14.440	0.230
BPP_50_1000_0.1_0.8_6.C	23	1.600	14.440	0.216
BPP_50_1000_0.1_0.8_6.C	23	1.600	14.440	0.219
BPP_50_1000_0.1_0.8_6.C	23	1.600	14.440	0.211
BPP_50_1000_0.1_0.8_6.C	23	1.600	14.440	0.199
BPP_50_1000_0.1_0.8_6.C	23	1.600	14.440	0.199
BPP_50_1000_0.1_0.8_6.C	23	1.600	14.440	0.199
BPP_50_1000_0.1_0.8_6.C	23	1.600	14.440	0.201
BPP_50_1000_0.1_0.8_6.C	23	1.600	14.440	0.203
BPP_50_1000_0.1_0.8_6.C	23	1.800	14.520	0.199
BPP_50_1000_0.1_0.8_7.C	24	1.000	14.800	0.216
BPP_50_1000_0.1_0.8_7.C	24	1.000	14.800	0.213
BPP_50_1000_0.1_0.8_7.C	24	1.000	14.800	0.214
BPP_50_1000_0.1_0.8_7.C	24	1.000	14.800	0.215
BPP_50_1000_0.1_0.8_7.C	24	1.000	14.800	0.213
BPP_50_1000_0.1_0.8_7.C	24	1.000	14.800	0.216
BPP_50_1000_0.1_0.8_7.C	24	1.400	14.960	0.217
BPP_50_1000_0.1_0.8_7.C	24	1.000	14.800	0.218
BPP_50_1000_0.1_0.8_7.C	24	1.000	14.800	0.213
BPP_50_1000_0.1_0.8_7.C	24	1.000	14.800	0.216
BPP_50_1000_0.1_0.8_8.C	20	2.400	12.960	0.197
BPP_50_1000_0.1_0.8_8.C	20	2.400	12.960	0.197
BPP_50_1000_0.1_0.8_8.C	21	2.000	13.400	0.209
BPP_50_1000_0.1_0.8_8.C	20	2.600	13.040	0.198
BPP_50_1000_0.1_0.8_8.C	20	2.400	12.960	0.195
BPP_50_1000_0.1_0.8_8.C	20	2.400	12.960	0.202
BPP_50_1000_0.1_0.8_8.C	21	2.000	13.400	0.199
BPP_50_1000_0.1_0.8_8.C	21	2.000	13.400	0.198
BPP_50_1000_0.1_0.8_8.C	21	2.000	13.400	0.194
BPP_50_1000_0.1_0.8_8.C	21	2.000	13.400	0.199
BPP_50_1000_0.1_0.8_9.C	23	2.400	14.760	0.215
BPP_50_1000_0.1_0.8_9.C	23	2.200	14.680	0.217
BPP_50_1000_0.1_0.8_9.C	23	2.400	14.760	0.218
BPP_50_1000_0.1_0.8_9.C	23	2.400	14.760	0.216
BPP_50_1000_0.1_0.8_9.C	23	2.200	14.680	0.238
BPP_50_1000_0.1_0.8_9.C	23	2.400	14.760	0.214
BPP_50_1000_0.1_0.8_9.C	23	2.400	14.760	0.216
BPP_50_1000_0.1_0.8_9.C	23	2.400	14.760	0.212
BPP_50_1000_0.1_0.8_9.C	23	2.400	14.760	0.213
BPP_50_1000_0.1_0.8_9.C	23	2.400	14.760	0.213
BPP_50_100_0.1_0.8_0.C	30	0.200	18.080	0.023
BPP_50_100_0.1_0.8_0.C	30	0.200	18.080	0.021
BPP_50_100_0.1_0.8_0.C	30	0.200	18.080	0.023
BPP_50_100_0.1_0.8_0.C	30	0.200	18.080	0.021
BPP_50_100_0.1_0.8_0.C	30	0.200	18.080	0.021
BPP_50_100_0.1_0.8_0.C	30	0.200	18.080	0.021
BPP_50_100_0.1_0.8_0.C	30	0.200	18.080	0.022
BPP_50_100_0.1_0.8_0.C	30	0.200	18.080	0.023
BPP_50_100_0.1_0.8_0.C	30	0.200	18.080	0.021
BPP_50_100_0.1_0.8_0.C	30	0.200	18.080	0.028
BPP_50_100_0.1_0.8_1.C	27	0.600	16.440	0.019
BPP_50_100_0.1_0.8_1.C	27	0.600	16.440	0.021
BPP_50_100_0.1_0.8_1.C	27	0.600	16.440	0.022
BPP_50_100_0.1_0.8_1.C	27	0.600	16.440	0.022
BPP_50_100_0.1_0.8_1.C	27	0.600	16.440	0.020
BPP_50_100_0.1_0.8_1.C	27	0.600	16.440	0.021
BPP_50_100_0.1_0.8_1.C	27	0.600	16.440	0.020
BPP_50_100_0.1_0.8_1.C	27	0.600	16.440	0.023
BPP_50_100_0.1_0.8_1.C	27	0.600	16.440	0.022
BPP_50_100_0.1_0.8_1.C	27	0.600	16.440	0.021
BPP_50_100_0.1_0.8_2.C	24	0.600	14.640	0.019
BPP_50_100_0.1_0.8_2.C	24	0.600	14.640	0.018
BPP_50_100_0.1_0.8_2.C	24	0.600	14.640	0.020
BPP_50_100_0.1_0.8_2.C	24	0.600	14.640	0.018
BPP_50_100_0.1_0.8_2.C	24	0.600	14.640	0.018
BPP_50_100_0.1_0.8_2.C	24	0.600	14.640	0.019
BPP_50_100_0.1_0.8_2.C	24	1.000	14.800	0.020
BPP_50_100_0.1_0.8_2.C	24	0.600	14.640	0.020
BPP_50_100_0.1_0.8_2.C	24	0.800	14.720	0.020
BPP_50_100_0.1_0.8_2.C	24	0.600	14.640	0.019
BPP_50_100_0.1_0.8_3.C	21	0.600	12.840	0.016
BPP_50_100_0.1_0.8_3.C	20	1.600	12.640	0.016
BPP_50_100_0.1_0.8_3.C	21	0.600	12.840	0.019
BPP_50_100_0.1_0.8_3.C	21	0.600	12.840	0.016
BPP_50_100_0.1_0.8_3.C	20	1.600	12.640	0.016
BPP_50_100_0.1_0.8_3.C	20	1.600	12.640	0.019
BPP_50_100_0.1_0.8_3.C	20	1.600	12.640	0.016
BPP_50_100_0.1_0.8_3.C	21	0.600	12.840	0.017
BPP_50_100_0.1_0.8_3.C	20	0.800	12.320	0.018
BPP_50_100_0.1_0.8_3.C	21	0.600	12.840	0.017
BPP_50_100_0.1_0.8_4.C	25	1.000	15.400	0.019
BPP_50_100_0.1_0.8_4.C	25	0.200	15.080	0.018
BPP_50_100_0.1_0.8_4.C	26	0.000	15.600	0.020
BPP_50_100_0.1_0.8_4.C	25	0.200	15.080	0.019
BPP_50_100_0.1_0.8_4.C	25	1.000	15.400	0.019
BPP_50_100_0.1_0.8_4.C	26	0.000	15.600	0.020
BPP_50_100_0.1_0.8_4.C	25	0.200	15.080	0.020
BPP_50_100_0.1_0.8_4.C	26	0.000	15.600	0.020
BPP_50_100_0.1_0.8_4.C	26	0.000	15.600	0.018
BPP_50_100_0.1_0.8_4.C	25	1.000	15.400	0.019
BPP_50_100_0.1_0.8_5.C	24	1.000	14.800	0.018
BPP_50_100_0.1_0.8_5.C	24	1.000	14.800	0.018
BPP_50_100_0.1_0.8_5.C	24	1.000	14.800	0.018
BPP_50_100_0.1_0.8_5.C	24	1.000	14.800	0.019
BPP_50_100_0.1_0.8_5.C	24	1.000	14.800	0.019
BPP_50_100_0.1_0.8_5.C	24	1.000	14.800	0.017
BPP_50_100_0.1_0.8_5.C	24	1.000	14.800	0.018
BPP_50_100_0.1_0.8_5.C	24	1.000	14.800	0.018
BPP_50_100_0.1_0.8_5.C	24	1.000	14.800	0.018
BPP_50_100_0.1_0.8_5.C	24	1.000	14.800	0.018
BPP_50_100_0.1_0.8_6.C	25	0.800	15.320	0.019
BPP_50_100_0.1_0.8_6.C	25	0.800	15.320	0.021
BPP_50_100_0.1_0.8_6.C	25	0.800	15.320	0.020
BPP_50_100_0.1_0.8_6.C	25	0.800	15.320	0.020
BPP_50_100_0.1_0.8_6.C	25	0.800	15.320	0.020
BPP_50_100_0.1_0.8_6.C	25	0.800	15.320	0.020
BPP_50_100_0.1_0.8_6.C	25	1.000	15.400	0.020
BPP_50_100_0.1_0.8_6.C	25	0.800	15.320	0.019
BPP_50_100_0.1_0.8_6.C	25	0.800	15.320	0.019
BPP_50_100_0.1_0.8_6.C	25	0.800	15.320	0.021
BPP_50_100_0.1_0.8_7.C	24	3.000	15.600	0.019
BPP_50_100_0.1_0.8_7.C	24	3.000	15.600	0.020
BPP_50_100_0.1_0.8_7.C	24	3.000	15.600	0.019
BPP_50_100_0.1_0.8_7.C	24	2.800	15.520	0.021
BPP_50_100_0.1_0.8_7.C	24	2.400	15.360	0.019
BPP_50_100_0.1_0.8_7.C	24	2.400	15.360	0.020
BPP_50_100_0.1_0.8_7.C	24	3.000	15.600	0.020
BPP_50_100_0.1_0.8_7.C	24	3.000	15.600	0.020
BPP_50_100_0.1_0.8_7.C	24	3.000	15.600	0.020
BPP_50_100_0.1_0.8_7.C	24	3.000	15.600	0.020
BPP_50_100_0.1_0.8_8.C	21	0.400	12.760	0.016
BPP_50_100_0.1_0.8_8.C	21	0.400	12.760	0.017
BPP_50_100_0.1_0.8_8.C	21	0.400	12.760	0.017
BPP_50_100_0.1_0.8_8.C	21	0.400	12.760	0.017
BPP_50_100_0.1_0.8_8.C	21	0.400	12.760	0.016
BPP_50_100_0.1_0.8_8.C	21	0.400	12.760	0.018
BPP_50_100_0.1_0.8_8.C	21	0.400	12.760	0.017
BPP_50_100_0.1_0.8_8.C	21	0.400	12.760	0.017
BPP_50_100_0.1_0.8_8.C	21	0.400	12.760	0.017
BPP_50_100_0.1_0.8_8.C	21	0.400	12.760	0.019
BPP_50_100_0.1_0.8_9.C	23	1.600	14.440	0.018
BPP_50_100_0.1_0.8_9.C	23	1.600	14.440	0.019
BPP_50_100_0.1_0.8_9.C	23	1.600	14.440	0.018
BPP_50_100_0.1_0.8_9.C	23	1.400	14.360	0.019
BPP_50_100_0.1_0.8_9.C	23	2.400	14.760	0.019
BPP_50_100_0.1_0.8_9.C	23	1.600	14.440	0.019
BPP_50_100_0.1_0.8_9.C	23	1.600	14.440	0.019
BPP_50_100_0.1_0.8_9.C	23	1.600	14.440	0.020
BPP_50_100_0.1_0.8_9.C	23	1.400	14.360	0.018
BPP_50_100_0.1_0.8_9.C	23	1.400	14.360	0.018
BPP_50_120_0.1_0.8_0.C	25	1.400	15.560	0.028
BPP_50_120_0.1_0.8_0.C	25	1.600	15.640	0.027
BPP_50_120_0.1_0.8_0.C	26	1.000	16.000	0.027
BPP_50_120_0.1_0.8_0.C	25	1.600	15.640	0.027
BPP_50_120_0.1_0.8_0.C	25	1.400	15.560	0.027
BPP_50_120_0.1_0.8_0.C	25	1.600	15.640	0.027
BPP_50_120_0.1_0.8_0.C	25	1.600	15.640	0.027
BPP_50_120_0.1_0.8_0.C	25	1.400	15.560	0.026
BPP_50_120_0.1_0.8_0.C	26	1.000	16.000	0.026
BPP_50_120_0.1_0.8_0.C	25	1.400	15.560	0.027
BPP_50_120_0.1_0.8_1.C	22	-0.000	13.200	0.023
BPP_50_120_0.1_0.8_1.C	22	-0.000	13.200	0.024
BPP_50_120_0.1_0.8_1.C	22	-0.000	13.200	0.022
BPP_50_120_0.1_0.8_1.C	22	-0.000	13.200	0.023
BPP_50_120_0.1_0.8_1.C	22	-0.000	13.200	0.024
BPP_50_120_0.1_0.8_1.C	22	-0.000	13.200	0.024
BPP_50_120_0.1_0.8_1.C	22	-0.000	13.200	0.024
BPP_50_120_0.1_0.8_1.C	22	-0.000	13.200	0.024
BPP_50_120_0.1_0.8_1.C	22	-0.000	13.200	0.026
BPP_50_120_0.1_0.8_1.C	22	-0.000	13.200	0.023
BPP_50_120_0.1_0.8_2.C	25	3.400	16.360	0.028
BPP_50_120_0.1_0.8_2.C	25	3.200	16.280	0.028
BPP_50_120_0.1_0.8_2.C	26	3.000	16.800	0.027
BPP_50_120_0.1_0.8_2.C	25	3.200	16.280	0.027
BPP_50_120_0.1_0.8_2.C	25	3.200	16.280	0.028
BPP_50_120_0.1_0.8_2.C	25	3.200	16.280	0.027
BPP_50_120_0.1_0.8_2.C	25	3.400	16.360	0.027
BPP_50_120_0.1_0.8_2.C	25	3.400	16.360	0.027
BPP_50_120_0.1_0.8_2.C	25	3.000	16.200	0.028
BPP_50_120_0.1_0.8_2.C	25	3.400	16.360	0.028
BPP_50_120_0.1_0.8_3.C	23	1.200	14.280	0.025
BPP_50_120_0.1_0.8_3.C	23	1.200	14.280	0.024
BPP_50_120_0.1_0.8_3.C	23	1.200	14.280	0.025
BPP_50_120_0.1_0.8_3.C	23	1.200	14.280	0.025
BPP_50_120_0.1_0.8_3.C	23	1.200	14.280	0.024
BPP_50_120_0.1_0.8_3.C	23	1.200	14.280	0.025
BPP_50_120_0.1_0.8_3.C	23	1.200	14.280	0.025
BPP_50_120_0.1_0.8_3.C	23	1.200	14.280	0.025
BPP_50_120_0.1_0.8_3.C	23	1.200	14.280	0.025
BPP_50_120_0.1_0.8_3.C	23	1.200	14.280	0.025
BPP_50_120_0.1_0.8_4.C	25	4.600	16.840	0.027
BPP_50_120_0.1_0.8_4.C	25	4.600	16.840	0.027
BPP_50_120_0.1_0.8_4.C	25	4.600	16.840	0.028
BPP_50_120_0.1_0.8_4.C	25	4.600	16.840	0.027
BPP_50_120_0.1_0.8_4.C	25	4.600	16.840	0.027
BPP_50_120_0.1_0.8_4.C	25	4.600	16.840	0.027
BPP_50_120_0.1_0.8_4.C	25	4.600	16.840	0.029
BPP_50_120_0.1_0.8_4.C	25	4.600	16.840	0.026
BPP_50_120_0.1_0.8_4.C	26	4.200	17.280	0.027
BPP_50_120_0.1_0.8_4.C	25	4.600	16.840	0.027
BPP_50_120_0.1_0.8_5.C	23	0.400	13.960	0.025
BPP_50_120_0.1_0.8_5.C	23	0.400	13.960	0.026
BPP_50_120_0.1_0.8_5.C	23	0.400	13.960	0.025
BPP_50_120_0.1_0.8_5.C	23	0.400	13.960	0.025
BPP_50_120_0.1_0.8_5.C	23	0.400	13.960	0.025
BPP_50_120_0.1_0.8_5.C	23	0.400	13.960	0.026
BPP_50_120_0.1_0.8_5.C	23	0.400	13.960	0.026
BPP_50_120_0.1_0.8_5.C	23	0.400	13.960	0.025
BPP_50_120_0.1_0.8_5.C	23	0.400	13.960	0.026
BPP_50_120_0.1_0.8_5.C	23	0.400	13.960	0.025
BPP_50_120_0.1_0.8_6.C	22	2.600	14.240	0.024
BPP_50_120_0.1_0.8_6.C	22	2.600	14.240	0.024
BPP_50_120_0.1_0.8_6.C	22	2.600	14.240	0.024
BPP_50_120_0.1_0.8_6.C	22	2.600	14.240	0.025
BPP_50_120_0.1_0.8_6.C	22	2.600	14.240	0.027
BPP_50_120_0.1_0.8_6.C	22	2.600	14.240	0.025
BPP_50_120_0.1_0.8_6.C	22	2.600	14.240	0.025
BPP_50_120_0.1_0.8_6.C	22	2.600	14.240	0.025
BPP_50_120_0.1_0.8_6.C	22	2.600	14.240	0.024
BPP_50_120_0.1_0.8_6.C	22	2.600	14.240	0.026
BPP_50_120_0.1_0.8_7.C	22	5.400	15.360	0.025
BPP_50_120_0.1_0.8_7.C	22	5.400	15.360	0.026
BPP_50_120_0.1_0.8_7.C	23	4.800	15.720	0.025
BPP_50_120_0.1_0.8_7.C	23	4.600	15.640	0.025
BPP_50_120_0.1_0.8_7.C	23	4.600	15.640	0.025
BPP_50_120_0.1_0.8_7.C	22	5.400	15.360	0.025
BPP_50_120_0.1_0.8_7.C	23	4.800	15.720	0.026
BPP_50_120_0.1_0.8_7.C	22	5.400	15.360	0.025
BPP_50_120_0.1_0.8_7.C	22	5.400	15.360	0.026
BPP_50_120_0.1_0.8_7.C	22	5.400	15.360	0.026
BPP_50_120_0.1_0.8_8.C	23	2.600	14.840	0.026
BPP_50_120_0.1_0.8_8.C	23	2.400	14.760	0.026
BPP_50_120_0.1_0.8_8.C	23	2.600	14.840	0.025
BPP_50_120_0.1_0.8_8.C	23	2.400	14.760	0.025
BPP_50_120_0.1_0.8_8.C	23	2.400	14.760	0.026
BPP_50_120_0.1_0.8_8.C	23	2.600	14.840	0.025
BPP_50_120_0.1_0.8_8.C	23	2.400	14.760	0.025
BPP_50_120_0.1_0.8_8.C	23	2.800	14.920	0.026
BPP_50_120_0.1_0.8_8.C	23	2.400	14.760	0.025
BPP_50_120_0.1_0.8_8.C	23	2.400	14.760	0.024
BPP_50_120_0.1_0.8_9.C	22	4.400	14.960	0.025
BPP_50_120_0.1_0.8_9.C	22	4.400	14.960	0.025
BPP_50_120_0.1_0.8_9.C	22	4.400	14.960	0.024
BPP_50_120_0.1_0.8_9.C	22	4.400	14.960	0.025
BPP_50_120_0.1_0.8_9.C	22	4.400	14.960	0.025
BPP_50_120_0.1_0.8_9.C	22	5.000	15.200	0.024
BPP_50_120_0.1_0.8_9.C	22	4.400	14.960	0.024
BPP_50_120_0.1_0.8_9.C	22	4.000	14.800	0.024
BPP_50_120_0.1_0.8_9.C	22	4.400	14.960	0.025
BPP_50_120_0.1_0.8_9.C	22	4.400	14.960	0.025
BPP_50_125_0.1_0.8_0.C	27	1.400	16.760	0.031
BPP_50_125_0.1_0.8_0.C	27	1.200	16.680	0.031
BPP_50_125_0.1_0.8_0.C	27	1.000	16.600	0.031
BPP_50_125_0.1_0.8_0.C	27	1.400	16.760	0.032
BPP_50_125_0.1_0.8_0.C	27	1.000	16.600	0.032
BPP_50_125_0.1_0.8_0.C	27	1.400	16.760	0.033
BPP_50_125_0.1_0.8_0.C	27	1.000	16.600	0.032
BPP_50_125_0.1_0.8_0.C	27	1.000	16.600	0.032
BPP_50_125_0.1_0.8_0.C	27	1.200	16.680	0.031
BPP_50_125_0.1_0.8_0.C	27	1.000	16.600	0.033
BPP_50_125_0.1_0.8_1.C	24	0.800	14.720	0.027
BPP_50_125_0.1_0.8_1.C	24	0.800	14.720	0.028
BPP_50_125_0.1_0.8_1.C	24	0.800	14.720	0.027
BPP_50_125_0.1_0.8_1.C	24	0.800	14.720	0.028
BPP_50_125_0.1_0.8_1.C	24	0.800	14.720	0.028
BPP_50_125_0.1_0.8_1.C	24	0.800	14.720	0.028
BPP_50_125_0.1_0.8_1.C	24	0.800	14.720	0.027
BPP_50_125_0.1_0.8_1.C	24	0.800	14.720	0.028
BPP_50_125_0.1_0.8_1.C	24	0.800	14.720	0.026
BPP_50_125_0.1_0.8_1.C	24	0.800	14.720	0.029
BPP_50_125_0.1_0.8_2.C	21	1.400	13.160	0.026
BPP_50_125_0.1_0.8_2.C	21	2.200	13.480	0.027
BPP_50_125_0.1_0.8_2.C	22	0.800	13.520	0.026
BPP_50_125_0.1_0.8_2.C	21	1.400	13.160	0.027
BPP_50_125_0.1_0.8_2.C	22	0.800	13.520	0.027
BPP_50_125_0.1_0.8_2.C	22	0.800	13.520	0.026
BPP_50_125_0.1_0.8_2.C	21	1.200	13.080	0.026
BPP_50_125_0.1_0.8_2.C	21	1.600	13.240	0.027
BPP_50_125_0.1_0.8_2.C	21	1.400	13.160	0.027
BPP_50_125_0.1_0.8_2.C	21	1.400	13.160	0.026
BPP_50_125_0.1_0.8_3.C	29	3.800	18.920	0.032
BPP_50_125_0.1_0.8_3.C	29	3.800	18.920	0.034
BPP_50_125_0.1_0.8_3.C	29	3.800	18.920	0.033
BPP_50_125_0.1_0.8_3.C	29	3.800	18.920	0.033
BPP_50_125_0.1_0.8_3.C	29	3.800	18.920	0.035
BPP_50_125_0.1_0.8_3.C	29	3.800	18.920	0.034
BPP_50_125_0.1_0.8_3.C	29	3.800	18.920	0.034
BPP_50_125_0.1_0.8_3.C	29	3.800	18.920	0.032
BPP_50_125_0.1_0.8_3.C	29	3.800	18.920	0.033
BPP_50_125_0.1_0.8_3.C	29	3.800	18.920	0.033
BPP_50_125_0.1_0.8_4.C	25	1.600	15.640	0.029
BPP_50_125_0.1_0.8_4.C	25	1.600	15.640	0.029
BPP_50_125_0.1_0.8_4.C	25	1.600	15.640	0.030
BPP_50_125_0.1_0.8_4.C	25	1.600	15.640	0.030
BPP_50_125_0.1_0.8_4.C	25	1.600	15.640	0.030
BPP_50_125_0.1_0.8_4.C	25	1.600	15.640	0.030
BPP_50_125_0.1_0.8_4.C	25	1.600	15.640	0.030
BPP_50_125_0.1_0.8_4.C	25	1.600	15.640	0.030
BPP_50_125_0.1_0.8_4.C	25	1.400	15.560	0.030
BPP_50_125_0.1_0.8_4.C	25	1.600	15.640	0.029
BPP_50_125_0.1_0.8_5.C	31	2.600	19.640	0.034
BPP_50_125_0.1_0.8_5.C	31	2.600	19.640	0.034
BPP_50_125_0.1_0.8_5.C	31	2.600	19.640	0.034
BPP_50_125_0.1_0.8_5.C	31	2.600	19.640	0.033
BPP_50_125_0.1_0.8_5.C	31	2.600	19.640	0.032
BPP_50_125_0.1_0.8_5.C	31	2.600	19.640	0.035
BPP_50_125_0.1_0.8_5.C	31	2.600	19.640	0.034
BPP_50_125_0.1_0.8_5.C	31	2.600	19.640	0.035
BPP_50_125_0.1_0.8_5.C	31	2.600	19.640	0.034
BPP_50_125_0.1_0.8_5.C	31	2.600	19.640	0.035
BPP_50_125_0.1_0.8_6.C	26	2.800	16.720	0.030
BPP_50_125_0.1_0.8_6.C	26	3.000	16.800	0.031
BPP_50_125_0.1_0.8_6.C	26	2.800	16.720	0.030
BPP_50_125_0.1_0.8_6.C	26	2.800	16.720	0.030
BPP_50_125_0.1_0.8_6.C	26	2.800	16.720	0.030
BPP_50_125_0.1_0.8_6.C	26	3.000	16.800	0.030
BPP_50_125_0.1_0.8_6.C	26	2.800	16.720	0.030
BPP_50_125_0.1_0.8_6.C	26	3.000	16.800	0.030
BPP_50_125_0.1_0.8_6.C	26	3.000	16.800	0.029
BPP_50_125_0.1_0.8_6.C	26	3.000	16.800	0.030
BPP_50_125_0.1_0.8_7.C	27	2.400	17.160	0.030
BPP_50_125_0.1_0.8_7.C	27	2.800	17.320	0.029
BPP_50_125_0.1_0.8_7.C	27	2.600	17.240	0.033
BPP_50_125_0.1_0.8_7.C	27	2.600	17.240	0.031
BPP_50_125_0.1_0.8_7.C	27	2.600	17.240	0.031
BPP_50_125_0.1_0.8_7.C	27	2.600	17.240	0.030
BPP_50_125_0.1_0.8_7.C	27	2.800	17.320	0.030
BPP_50_125_0.1_0.8_7.C	27	2.600	17.240	0.031
BPP_50_125_0.1_0.8_7.C	27	2.800	17.320	0.030
BPP_50_125_0.1_0.8_7.C	27	2.800	17.320	0.030
BPP_50_125_0.1_0.8_8.C	22	2.600	14.240	0.026
BPP_50_125_0.1_0.8_8.C	22	2.600	14.240	0.025
BPP_50_125_0.1_0.8_8.C	22	2.400	14.160	0.026
BPP_50_125_0.1_0.8_8.C	22	2.600	14.240	0.025
BPP_50_125_0.1_0.8_8.C	22	2.400	14.160	0.026
BPP_50_125_0.1_0.8_8.C	22	2.400	14.160	0.026
BPP_50_125_0.1_0.8_8.C	22	2.400	14.160	0.025
BPP_50_125_0.1_0.8_8.C	22	2.600	14.240	0.025
BPP_50_125_0.1_0.8_8.C	22	2.400	14.160	0.027
BPP_50_125_0.1_0.8_8.C	22	2.600	14.240	0.025
BPP_50_125_0.1_0.8_9.C	25	3.800	16.520	0.030
BPP_50_125_0.1_0.8_9.C	25	3.600	16.440	0.028
BPP_50_125_0.1_0.8_9.C	24	3.800	15.920	0.029
BPP_50_125_0.1_0.8_9.C	25	3.600	16.440	0.028
BPP_50_125_0.1_0.8_9.C	25	3.600	16.440	0.029
BPP_50_125_0.1_0.8_9.C	24	3.800	15.920	0.029
BPP_50_125_0.1_0.8_9.C	25	3.400	16.360	0.029
BPP_50_125_0.1_0.8_9.C	25	3.400	16.360	0.029
BPP_50_125_0.1_0.8_9.C	25	3.400	16.360	0.030
BPP_50_125_0.1_0.8_9.C	25	3.600	16.440	0.029
BPP_50_150_0.1_0.8_0.C	23	0.400	13.960	0.034
BPP_50_150_0.1_0.8_0.C	23	0.400	13.960	0.036
BPP_50_150_0.1_0.8_0.C	23	0.400	13.960	0.035
BPP_50_150_0.1_0.8_0.C	23	0.400	13.960	0.034
BPP_50_150_0.1_0.8_0.C	23	0.400	13.960	0.035
BPP_50_150_0.1_0.8_0.C	23	0.400	13.960	0.035
BPP_50_150_0.1_0.8_0.C	23	0.400	13.960	0.035
BPP_50_150_0.1_0.8_0.C	23	0.400	13.960	0.035
BPP_50_150_0.1_0.8_0.C	23	0.400	13.960	0.035
BPP_50_150_0.1_0.8_0.C	23	0.400	13.960	0.035
BPP_50_150_0.1_0.8_1.C	28	1.400	17.360	0.041
BPP_50_150_0.1_0.8_1.C	28	1.400	17.360	0.041
BPP_50_150_0.1_0.8_1.C	28	1.400	17.360	0.040
BPP_50_150_0.1_0.8_1.C	28	1.400	17.360	0.039
BPP_50_150_0.1_0.8_1.C	28	1.400	17.360	0.039
BPP_50_150_0.1_0.8_1.C	28	1.400	17.360	0.040
BPP_50_150_0.1_0.8_1.C	28	1.400	17.360	0.040
BPP_50_150_0.1_0.8_1.C	28	1.400	17.360	0.039
BPP_50_150_0.1_0.8_1.C	28	1.400	17.360	0.040
BPP_50_150_0.1_0.8_1.C	28	1.400	17.360	0.040
BPP_50_150_0.1_0.8_2.C	25	3.000	16.200	0.037
BPP_50_150_0.1_0.8_2.C	25	3.000	16.200	0.037
BPP_50_150_0.1_0.8_2.C	25	3.200	16.280	0.035
BPP_50_150_0.1_0.8_2.C	25	3.000	16.200	0.036
BPP_50_150_0.1_0.8_2.C	25	3.000	16.200	0.036
BPP_50_150_0.1_0.8_2.C	25	3.000	16.200	0.036
BPP_50_150_0.1_0.8_2.C	25	3.200	16.280	0.037
BPP_50_150_0.1_0.8_2.C	25	3.000	16.200	0.038
BPP_50_150_0.1_0.8_2.C	25	3.000	16.200	0.036
BPP_50_150_0.1_0.8_2.C	25	3.000	16.200	0.038
BPP_50_150_0.1_0.8_3.C	25	3.600	16.440	0.035
BPP_50_150_0.1_0.8_3.C	25	3.600	16.440	0.038
BPP_50_150_0.1_0.8_3.C	25	3.600	16.440	0.039
BPP_50_150_0.1_0.8_3.C	25	4.000	16.600	0.038
BPP_50_150_0.1_0.8_3.C	25	3.600	16.440	0.038
BPP_50_150_0.1_0.8_3.C	25	3.600	16.440	0.040
BPP_50_150_0.1_0.8_3.C	25	3.800	16.520	0.035
BPP_50_150_0.1_0.8_3.C	25	4.000	16.600	0.035
BPP_50_150_0.1_0.8_3.C	25	3.600	16.440	0.037
BPP_50_150_0.1_0.8_3.C	25	3.600	16.440	0.037
BPP_50_150_0.1_0.8_4.C	21	0.800	12.920	0.029
BPP_50_150_0.1_0.8_4.C	21	0.800	12.920	0.032
BPP_50_150_0.1_0.8_4.C	21	0.800	12.920	0.031
BPP_50_150_0.1_0.8_4.C	21	0.800	12.920	0.031
BPP_50_150_0.1_0.8_4.C	21	0.800	12.920	0.032
BPP_50_150_0.1_0.8_4.C	21	0.800	12.920	0.031
BPP_50_150_0.1_0.8_4.C	21	0.800	12.920	0.029
BPP_50_150_0.1_0.8_4.C	21	0.800	12.920	0.032
BPP_50_150_0.1_0.8_4.C	21	0.800	12.920	0.031
BPP_50_150_0.1_0.8_4.C	21	0.800	12.920	0.031
BPP_50_150_0.1_0.8_5.C	25	1.400	15.560	0.043
BPP_50_150_0.1_0.8_5.C	25	1.400	15.560	0.036
BPP_50_150_0.1_0.8_5.C	25	1.400	15.560	0.035
BPP_50_150_0.1_0.8_5.C	25	1.400	15.560	0.036
BPP_50_150_0.1_0.8_5.C	25	1.400	15.560	0.036
BPP_50_150_0.1_0.8_5.C	25	1.400	15.560	0.036
BPP_50_150_0.1_0.8_5.C	25	1.400	15.560	0.037
BPP_50_150_0.1_0.8_5.C	25	1.400	15.560	0.037
BPP_50_150_0.1_0.8_5.C	25	1.400	15.560	0.036
BPP_50_150_0.1_0.8_5.C	25	1.400	15.560	0.037
BPP_50_150_0.1_0.8_6.C	22	1.400	13.760	0.033
BPP_50_150_0.1_0.8_6.C	22	1.400	13.760	0.034
BPP_50_150_0.1_0.8_6.C	22	1.400	13.760	0.034
BPP_50_150_0.1_0.8_6.C	22	1.400	13.760	0.033
BPP_50_150_0.1_0.8_6.C	22	1.400	13.760	0.032
BPP_50_150_0.1_0.8_6.C	22	1.400	13.760	0.033
BPP_50_150_0.1_0.8_6.C	22	1.400	13.760	0.033
BPP_50_150_0.1_0.8_6.C	22	1.400	13.760	0.034
BPP_50_150_0.1_0.8_6.C	22	1.400	13.760	0.042
BPP_50_150_0.1_0.8_6.C	22	1.400	13.760	0.033
BPP_50_150_0.1_0.8_7.C	23	1.400	14.360	0.034
BPP_50_150_0.1_0.8_7.C	23	1.400	14.360	0.036
BPP_50_150_0.1_0.8_7.C	23	1.400	14.360	0.035
BPP_50_150_0.1_0.8_7.C	23	1.400	14.360	0.037
BPP_50_150_0.1_0.8_7.C	23	1.400	14.360	0.036
BPP_50_150_0.1_0.8_7.C	23	1.400	14.360	0.035
BPP_50_150_0.1_0.8_7.C	23	1.400	14.360	0.035
BPP_50_150_0.1_0.8_7.C	23	1.400	14.360	0.034
BPP_50_150_0.1_0.8_7.C	23	1.400	14.360	0.035
BPP_50_150_0.1_0.8_7.C	23	1.400	14.360	0.035
BPP_50_150_0.1_0.8_8.C	23	0.800	14.120	0.033
BPP_50_150_0.1_0.8_8.C	23	0.800	14.120	0.034
BPP_50_150_0.1_0.8_8.C	23	0.800	14.120	0.032
BPP_50_150_0.1_0.8_8.C	23	0.800	14.120	0.032
BPP_50_150_0.1_0.8_8.C	22	1.800	13.920	0.032
BPP_50_150_0.1_0.8_8.C	23	0.800	14.120	0.032
BPP_50_150_0.1_0.8_8.C	23	0.800	14.120	0.033
BPP_50_150_0.1_0.8_8.C	23	0.800	14.120	0.033
BPP_50_150_0.1_0.8_8.C	23	0.800	14.120	0.032
BPP_50_150_0.1_0.8_8.C	23	0.800	14.120	0.033
BPP_50_150_0.1_0.8_9.C	23	1.400	14.360	0.034
BPP_50_150_0.1_0.8_9.C	23	1.400	14.360	0.035
BPP_50_150_0.1_0.8_9.C	23	1.400	14.360	0.035
BPP_50_150_0.1_0.8_9.C	23	1.400	14.360	0.033
BPP_50_150_0.1_0.8_9.C	23	1.400	14.360	0.033
BPP_50_150_0.1_0.8_9.C	23	1.400	14.360	0.035
BPP_50_150_0.1_0.8_9.C	23	1.400	14.360	0.035
BPP_50_150_0.1_0.8_9.C	23	1.400	14.360	0.033
BPP_50_150_0.1_0.8_9.C	23	1.400	14.360	0.034
BPP_50_150_0.1_0.8_9.C	23	1.400	14.360	0.035
BPP_50_200_0.1_0.8_0.C	24	2.800	15.520	0.048
BPP_50_200_0.1_0.8_0.C	24	2.800	15.520	0.047
BPP_50_200_0.1_0.8_0.C	24	2.800	15.520	0.048
BPP_50_200_0.1_0.8_0.C	24	2.800	15.520	0.047
BPP_50_200_0.1_0.8_0.C	24	2.800	15.520	0.046
BPP_50_200_0.1_0.8_0.C	24	2.800	15.520	0.046
BPP_50_200_0.1_0.8_0.C	24	2.800	15.520	0.046
BPP_50_200_0.1_0.8_0.C	24	2.800	15.520	0.047
BPP_50_200_0.1_0.8_0.C	24	2.800	15.520	0.047
BPP_50_200_0.1_0.8_0.C	24	2.800	15.520	0.045
BPP_50_200_0.1_0.8_1.C	25	0.200	15.080	0.046
BPP_50_200_0.1_0.8_1.C	24	1.000	14.800	0.046
BPP_50_200_0.1_0.8_1.C	25	0.200	15.080	0.045
BPP_50_200_0.1_0.8_1.C	24	1.200	14.880	0.046
BPP_50_200_0.1_0.8_1.C	25	0.200	15.080	0.047
BPP_50_200_0.1_0.8_1.C	25	0.200	15.080	0.045
BPP_50_200_0.1_0.8_1.C	25	0.200	15.080	0.045
BPP_50_200_0.1_0.8_1.C	25	0.200	15.080	0.046
BPP_50_200_0.1_0.8_1.C	24	1.200	14.880	0.045
BPP_50_200_0.1_0.8_1.C	25	0.200	15.080	0.045
BPP_50_200_0.1_0.8_2.C	21	0.200	12.680	0.071
BPP_50_200_0.1_0.8_2.C	21	0.200	12.680	0.041
BPP_50_200_0.1_0.8_2.C	21	0.200	12.680	0.043
BPP_50_200_0.1_0.8_2.C	21	0.200	12.680	0.043
BPP_50_200_0.1_0.8_2.C	21	0.200	12.680	0.042
BPP_50_200_0.1_0.8_2.C	21	0.200	12.680	0.041
BPP_50_200_0.1_0.8_2.C	21	0.200	12.680	0.041
BPP_50_200_0.1_0.8_2.C	21	0.200	12.680	0.042
BPP_50_200_0.1_0.8_2.C	21	0.200	12.680	0.042
BPP_50_200_0.1_0.8_2.C	21	0.200	12.680	0.041
BPP_50_200_0.1_0.8_3.C	23	0.200	13.880	0.044
BPP_50_200_0.1_0.8_3.C	23	0.200	13.880	0.042
BPP_50_200_0.1_0.8_3.C	23	0.200	13.880	0.044
BPP_50_200_0.1_0.8_3.C	23	0.200	13.880	0.044
BPP_50_200_0.1_0.8_3.C	23	0.200	13.880	0.042
BPP_50_200_0.1_0.8_3.C	23	0.200	13.880	0.042
BPP_50_200_0.1_0.8_3.C	23	0.200	13.880	0.045
BPP_50_200_0.1_0.8_3.C	23	0.200	13.880	0.042
BPP_50_200_0.1_0.8_3.C	23	0.200	13.880	0.043
BPP_50_200_0.1_0.8_3.C	23	0.200	13.880	0.043
BPP_50_200_0.1_0.8_4.C	26	1.000	16.000	0.047
BPP_50_200_0.1_0.8_4.C	26	1.000	16.000	0.047
BPP_50_200_0.1_0.8_4.C	26	1.000	16.000	0.047
BPP_50_200_0.1_0.8_4.C	26	1.000	16.000	0.047
BPP_50_200_0.1_0.8_4.C	26	1.000	16.000	0.047
BPP_50_200_0.1_0.8_4.C	26	1.000	16.000	0.048
BPP_50_200_0.1_0.8_4.C	26	1.000	16.000	0.048
BPP_50_200_0.1_0.8_4.C	26	1.000	16.000	0.049
BPP_50_200_0.1_0.8_4.C	26	1.000	16.000	0.048
BPP_50_200_0.1_0.8_4.C	26	1.000	16.000	0.048
BPP_50_200_0.1_0.8_5.C	31	1.400	19.160	0.056
BPP_50_200_0.1_0.8_5.C	31	1.400	19.160	0.056
BPP_50_200_0.1_0.8_5.C	30	2.000	18.800	0.056
BPP_50_200_0.1_0.8_5.C	30	2.000	18.800	0.055
BPP_50_200_0.1_0.8_5.C	31	1.400	19.160	0.056
BPP_50_200_0.1_0.8_5.C	31	1.400	19.160	0.057
BPP_50_200_0.1_0.8_5.C	30	2.000	18.800	0.055
BPP_50_200_0.1_0.8_5.C	31	1.400	19.160	0.056
BPP_50_200_0.1_0.8_5.C	30	2.000	18.800	0.058
BPP_50_200_0.1_0.8_5.C	30	2.000	18.800	0.057
BPP_50_200_0.1_0.8_6.C	23	0.600	14.040	0.044
BPP_50_200_0.1_0.8_6.C	23	0.600	14.040	0.043
BPP_50_200_0.1_0.8_6.C	23	0.600	14.040	0.045
BPP_50_200_0.1_0.8_6.C	23	0.600	14.040	0.044
BPP_50_200_0.1_0.8_6.C	23	0.600	14.040	0.043
BPP_50_200_0.1_0.8_6.C	23	0.600	14.040	0.044
BPP_50_200_0.1_0.8_6.C	23	0.600	14.040	0.045
BPP_50_200_0.1_0.8_6.C	23	0.600	14.040	0.043
BPP_50_200_0.1_0.8_6.C	23	0.600	14.040	0.044
BPP_50_200_0.1_0.8_6.C	23	0.600	14.040	0.044
BPP_50_200_0.1_0.8_7.C	22	6.000	15.600	0.047
BPP_50_200_0.1_0.8_7.C	22	6.000	15.600	0.046
BPP_50_200_0.1_0.8_7.C	22	6.200	15.680	0.045
BPP_50_200_0.1_0.8_7.C	22	5.800	15.520	0.046
BPP_50_200_0.1_0.8_7.C	22	6.000	15.600	0.046
BPP_50_200_0.1_0.8_7.C	22	6.000	15.600	0.045
BPP_50_200_0.1_0.8_7.C	22	6.000	15.600	0.046
BPP_50_200_0.1_0.8_7.C	22	6.000	15.600	0.047
BPP_50_200_0.1_0.8_7.C	22	5.800	15.520	0.047
BPP_50_200_0.1_0.8_7.C	22	6.000	15.600	0.046
BPP_50_200_0.1_0.8_8.C	25	0.400	15.160	0.044
BPP_50_200_0.1_0.8_8.C	25	0.400	15.160	0.044
BPP_50_200_0.1_0.8_8.C	25	0.400	15.160	0.044
BPP_50_200_0.1_0.8_8.C	24	0.400	14.560	0.043
BPP_50_200_0.1_0.8_8.C	25	0.400	15.160	0.044
BPP_50_200_0.1_0.8_8.C	25	0.400	15.160	0.045
BPP_50_200_0.1_0.8_8.C	24	0.400	14.560	0.045
BPP_50_200_0.1_0.8_8.C	25	0.400	15.160	0.044
BPP_50_200_0.1_0.8_8.C	25	0.400	15.160	0.044
BPP_50_200_0.1_0.8_8.C	24	0.400	14.560	0.045
BPP_50_200_0.1_0.8_9.C	23	5.200	15.880	0.047
BPP_50_200_0.1_0.8_9.C	23	5.800	16.120	0.048
BPP_50_200_0.1_0.8_9.C	23	5.600	16.040	0.047
BPP_50_200_0.1_0.8_9.C	23	5.600	16.040	0.047
BPP_50_200_0.1_0.8_9.C	23	5.400	15.960	0.047
BPP_50_200_0.1_0.8_9.C	23	5.400	15.960	0.046
BPP_50_200_0.1_0.8_9.C	23	5.600	16.040	0.047
BPP_50_200_0.1_0.8_9.C	23	5.600	16.040	0.047
BPP_50_200_0.1_0.8_9.C	23	5.400	15.960	0.047
BPP_50_200_0.1_0.8_9.C	23	5.600	16.040	0.048
BPP_50_300_0.1_0.8_0.C	25	2.800	16.120	0.073
BPP_50_300_0.1_0.8_0.C	25	2.800	16.120	0.072
BPP_50_300_0.1_0.8_0.C	25	2.800	16.120	0.075
BPP_50_300_0.1_0.8_0.C	25	2.800	16.120	0.074
BPP_50_300_0.1_0.8_0.C	25	2.800	16.120	0.073
BPP_50_300_0.1_0.8_0.C	25	2.800	16.120	0.074
BPP_50_300_0.1_0.8_0.C	25	2.800	16.120	0.075
BPP_50_300_0.1_0.8_0.C	25	2.800	16.120	0.088
BPP_50_300_0.1_0.8_0.C	25	2.800	16.120	0.074
BPP_50_300_0.1_0.8_0.C	25	2.800	16.120	0.073
BPP_50_300_0.1_0.8_1.C	24	2.400	15.360	0.073
BPP_50_300_0.1_0.8_1.C	24	2.600	15.440	0.071
BPP_50_300_0.1_0.8_1.C	24	2.400	15.360	0.072
BPP_50_300_0.1_0.8_1.C	24	2.200	15.280	0.071
BPP_50_300_0.1_0.8_1.C	24	2.400	15.360	0.071
BPP_50_300_0.1_0.8_1.C	24	2.200	15.280	0.069
BPP_50_300_0.1_0.8_1.C	24	2.600	15.440	0.073
BPP_50_300_0.1_0.8_1.C	24	2.600	15.440	0.069
BPP_50_300_0.1_0.8_1.C	24	2.600	15.440	0.070
BPP_50_300_0.1_0.8_1.C	24	2.600	15.440	0.072
BPP_50_300_0.1_0.8_2.C	26	4.000	17.200	0.078
BPP_50_300_0.1_0.8_2.C	26	3.800	17.120	0.077
BPP_50_300_0.1_0.8_2.C	26	4.000	17.200	0.077
BPP_50_300_0.1_0.8_2.C	26	4.000	17.200	0.078
BPP_50_300_0.1_0.8_2.C	26	4.000	17.200	0.077
BPP_50_300_0.1_0.8_2.C	26	4.200	17.280	0.075
BPP_50_300_0.1_0.8_2.C	26	4.000	17.200	0.078
BPP_50_300_0.1_0.8_2.C	26	4.000	17.200	0.077
BPP_50_300_0.1_0.8_2.C	26	4.000	17.200	0.077
BPP_50_300_0.1_0.8_2.C	26	3.800	17.120	0.077
BPP_50_300_0.1_0.8_3.C	26	3.000	16.800	0.076
BPP_50_300_0.1_0.8_3.C	25	3.000	16.200	0.077
BPP_50_300_0.1_0.8_3.C	25	3.000	16.200	0.077
BPP_50_300_0.1_0.8_3.C	25	3.000	16.200	0.076
BPP_50_300_0.1_0.8_3.C	26	3.000	16.800	0.075
BPP_50_300_0.1_0.8_3.C	26	3.000	16.800	0.078
BPP_50_300_0.1_0.8_3.C	25	3.000	16.200	0.077
BPP_50_300_0.1_0.8_3.C	25	3.000	16.200	0.080
BPP_50_300_0.1_0.8_3.C	25	3.000	16.200	0.078
BPP_50_300_0.1_0.8_3.C	25	3.000	16.200	0.075
BPP_50_300_0.1_0.8_4.C	28	3.800	18.320	0.081
BPP_50_300_0.1_0.8_4.C	28	3.800	18.320	0.081
BPP_50_300_0.1_0.8_4.C	28	3.800	18.320	0.082
BPP_50_300_0.1_0.8_4.C	28	3.800	18.320	0.080
BPP_50_300_0.1_0.8_4.C	28	3.800	18.320	0.081
BPP_50_300_0.1_0.8_4.C	28	3.800	18.320	0.080
BPP_50_300_0.1_0.8_4.C	28	3.800	18.320	0.081
BPP_50_300_0.1_0.8_4.C	28	3.800	18.320	0.080
BPP_50_300_0.1_0.8_4.C	28	3.800	18.320	0.081
BPP_50_300_0.1_0.8_4.C	28	3.800	18.320	0.080
BPP_50_300_0.1_0.8_5.C	22	4.200	14.880	0.066
BPP_50_300_0.1_0.8_5.C	23	4.000	15.400	0.066
BPP_50_300_0.1_0.8_5.C	23	4.000	15.400	0.069
BPP_50_300_0.1_0.8_5.C	22	5.000	15.200	0.071
BPP_50_300_0.1_0.8_5.C	22	4.200	14.880	0.070
BPP_50_300_0.1_0.8_5.C	22	4.200	14.880	0.067
BPP_50_300_0.1_0.8_5.C	23	4.000	15.400	0.067
BPP_50_300_0.1_0.8_5.C	22	4.200	14.880	0.067
BPP_50_300_0.1_0.8_5.C	22	4.200	14.880	0.069
BPP_50_300_0.1_0.8_5.C	22	4.200	14.880	0.066
BPP_50_300_0.1_0.8_6.C	21	3.800	14.120	0.064
BPP_50_300_0.1_0.8_6.C	21	3.800	14.120	0.065
BPP_50_300_0.1_0.8_6.C	21	4.200	14.280	0.063
BPP_50_300_0.1_0.8_6.C	21	4.800	14.520	0.065
BPP_50_300_0.1_0.8_6.C	22	3.800	14.720	0.064
BPP_50_300_0.1_0.8_6.C	21	3.800	14.120	0.083
BPP_50_300_0.1_0.8_6.C	22	3.800	14.720	0.064
BPP_50_300_0.1_0.8_6.C	21	4.000	14.200	0.063
BPP_50_300_0.1_0.8_6.C	21	3.800	14.120	0.063
BPP_50_300_0.1_0.8_6.C	21	3.800	14.120	0.062
BPP_50_300_0.1_0.8_7.C	28	3.200	18.080	0.079
BPP_50_300_0.1_0.8_7.C	28	3.200	18.080	0.079
BPP_50_300_0.1_0.8_7.C	28	2.600	17.840	0.080
BPP_50_300_0.1_0.8_7.C	28	3.000	18.000	0.079
BPP_50_300_0.1_0.8_7.C	28	3.200	18.080	0.079
BPP_50_300_0.1_0.8_7.C	28	3.200	18.080	0.080
BPP_50_300_0.1_0.8_7.C	28	3.000	18.000	0.080
BPP_50_300_0.1_0.8_7.C	28	3.200	18.080	0.078
BPP_50_300_0.1_0.8_7.C	28	3.200	18.080	0.079
BPP_50_300_0.1_0.8_7.C	28	3.000	18.000	0.081
BPP_50_300_0.1_0.8_8.C	29	3.000	18.600	0.082
BPP_50_300_0.1_0.8_8.C	29	3.000	18.600	0.083
BPP_50_300_0.1_0.8_8.C	29	3.000	18.600	0.081
BPP_50_300_0.1_0.8_8.C	29	3.000	18.600	0.083
BPP_50_300_0.1_0.8_8.C	29	3.000	18.600	0.082
BPP_50_300_0.1_0.8_8.C	29	3.000	18.600	0.081
BPP_50_300_0.1_0.8_8.C	29	3.000	18.600	0.081
BPP_50_300_0.1_0.8_8.C	29	3.000	18.600	0.084
BPP_50_300_0.1_0.8_8.C	29	3.000	18.600	0.083
BPP_50_300_0.1_0.8_8.C	29	3.000	18.600	0.082
BPP_50_300_0.1_0.8_9.C	28	1.800	17.520	0.080
BPP_50_300_0.1_0.8_9.C	28	1.800	17.520	0.080
BPP_50_300_0.1_0.8_9.C	28	2.200	17.680	0.081
BPP_50_300_0.1_0.8_9.C	28	1.800	17.520	0.078
BPP_50_300_0.1_0.8_9.C	28	1.800	17.520	0.080
BPP_50_300_0.1_0.8_9.C	28	1.800	17.520	0.079
BPP_50_300_0.1_0.8_9.C	28	1.800	17.520	0.078
BPP_50_300_0.1_0.8_9.C	28	1.800	17.520	0.080
BPP_50_300_0.1_0.8_9.C	28	2.000	17.600	0.079
BPP_50_300_0.1_0.8_9.C	28	2.000	17.600	0.081
BPP_50_400_0.1_0.8_0.C	22	0.200	13.280	0.093
BPP_50_400_0.1_0.8_0.C	22	0.200	13.280	0.094
BPP_50_400_0.1_0.8_0.C	21	1.000	13.000	0.094
BPP_50_400_0.1_0.8_0.C	22	0.200	13.280	0.094
BPP_50_400_0.1_0.8_0.C	22	0.200	13.280	0.094
BPP_50_400_0.1_0.8_0.C	22	0.200	13.280	0.095
BPP_50_400_0.1_0.8_0.C	22	0.200	13.280	0.093
BPP_50_400_0.1_0.8_0.C	22	0.200	13.280	0.095
BPP_50_400_0.1_0.8_0.C	22	0.200	13.280	0.093
BPP_50_400_0.1_0.8_0.C	22	0.200	13.280	0.094
BPP_50_400_0.1_0.8_1.C	29	0.200	17.480	0.115
BPP_50_400_0.1_0.8_1.C	29	0.200	17.480	0.113
BPP_50_400_0.1_0.8_1.C	29	0.200	17.480	0.113
BPP_50_400_0.1_0.8_1.C	29	0.200	17.480	0.118
BPP_50_400_0.1_0.8_1.C	29	0.200	17.480	0.117
BPP_50_400_0.1_0.8_1.C	29	0.200	17.480	0.115
BPP_50_400_0.1_0.8_1.C	29	0.200	17.480	0.114
BPP_50_400_0.1_0.8_1.C	29	0.200	17.480	0.114
BPP_50_400_0.1_0.8_1.C	29	0.200	17.480	0.118
BPP_50_400_0.1_0.8_1.C	29	0.200	17.480	0.114
BPP_50_400_0.1_0.8_2.C	23	1.200	14.280	0.099
BPP_50_400_0.1_0.8_2.C	23	1.200	14.280	0.100
BPP_50_400_0.1_0.8_2.C	23	1.400	14.360	0.099
BPP_50_400_0.1_0.8_2.C	23	1.400	14.360	0.100
BPP_50_400_0.1_0.8_2.C	23	1.200	14.280	0.099
BPP_50_400_0.1_0.8_2.C	23	1.200	14.280	0.099
BPP_50_400_0.1_0.8_2.C	23	1.200	14.280	0.102
BPP_50_400_0.1_0.8_2.C	23	1.200	14.280	0.098
BPP_50_400_0.1_0.8_2.C	23	1.200	14.280	0.099
BPP_50_400_0.1_0.8_2.C	23	1.200	14.280	0.097
BPP_50_400_0.1_0.8_3.C	24	2.400	15.360	0.100
BPP_50_400_0.1_0.8_3.C	24	2.400	15.360	0.105
BPP_50_400_0.1_0.8_3.C	24	2.200	15.280	0.103
BPP_50_400_0.1_0.8_3.C	24	2.400	15.360	0.108
BPP_50_400_0.1_0.8_3.C	24	2.200	15.280	0.100
BPP_50_400_0.1_0.8_3.C	24	2.400	15.360	0.100
BPP_50_400_0.1_0.8_3.C	24	2.200	15.280	0.108
BPP_50_400_0.1_0.8_3.C	24	2.600	15.440	0.099
BPP_50_400_0.1_0.8_3.C	24	2.200	15.280	0.101
BPP_50_400_0.1_0.8_3.C	24	2.400	15.360	0.101
BPP_50_400_0.1_0.8_4.C	21	1.200	13.080	0.082
BPP_50_400_0.1_0.8_4.C	21	1.200	13.080	0.083
BPP_50_400_0.1_0.8_4.C	21	1.200	13.080	0.084
BPP_50_400_0.1_0.8_4.C	21	1.200	13.080	0.082
BPP_50_400_0.1_0.8_4.C	21	1.200	13.080	0.083
BPP_50_400_0.1_0.8_4.C	21	1.200	13.080	0.081
BPP_50_400_0.1_0.8_4.C	21	1.200	13.080	0.099
BPP_50_400_0.1_0.8_4.C	21	1.200	13.080	0.082
BPP_50_400_0.1_0.8_4.C	21	1.200	13.080	0.087
BPP_50_400_0.1_0.8_4.C	21	1.200	13.080	0.083
BPP_50_400_0.1_0.8_5.C	27	4.000	17.800	0.113
BPP_50_400_0.1_0.8_5.C	27	4.000	17.800	0.113
BPP_50_400_0.1_0.8_5.C	27	4.000	17.800	0.114
BPP_50_400_0.1_0.8_5.C	26	4.600	17.440	0.116
BPP_50_400_0.1_0.8_5.C	27	4.200	17.880	0.113
BPP_50_400_0.1_0.8_5.C	27	4.200	17.880	0.118
BPP_50_400_0.1_0.8_5.C	27	4.000	17.800	0.115
BPP_50_400_0.1_0.8_5.C	27	4.200	17.880	0.116
BPP_50_400_0.1_0.8_5.C	27	4.200	17.880	0.115
BPP_50_400_0.1_0.8_5.C	26	4.400	17.360	0.115
BPP_50_400_0.1_0.8_6.C	25	8.000	18.200	0.108
BPP_50_400_0.1_0.8_6.C	25	8.200	18.280	0.108
BPP_50_400_0.1_0.8_6.C	25	8.000	18.200	0.109
BPP_50_400_0.1_0.8_6.C	25	8.200	18.280	0.110
BPP_50_400_0.1_0.8_6.C	25	8.000	18.200	0.107
BPP_50_400_0.1_0.8_6.C	25	8.000	18.200	0.110
BPP_50_400_0.1_0.8_6.C	25	8.000	18.200	0.108
BPP_50_400_0.1_0.8_6.C	25	8.000	18.200	0.110
BPP_50_400_0.1_0.8_6.C	25	8.000	18.200	0.189
BPP_50_400_0.1_0.8_6.C	25	8.000	18.200	0.115
BPP_50_400_0.1_0.8_7.C	24	1.200	14.880	0.098
BPP_50_400_0.1_0.8_7.C	24	1.200	14.880	0.103
BPP_50_400_0.1_0.8_7.C	24	1.200	14.880	0.103
BPP_50_400_0.1_0.8_7.C	24	1.200	14.880	0.098
BPP_50_400_0.1_0.8_7.C	24	1.200	14.880	0.098
BPP_50_400_0.1_0.8_7.C	24	1.200	14.880	0.098
BPP_50_400_0.1_0.8_7.C	24	1.200	14.880	0.097
BPP_50_400_0.1_0.8_7.C	24	1.200	14.880	0.099
BPP_50_400_0.1_0.8_7.C	24	1.200	14.880	0.098
BPP_50_400_0.1_0.8_7.C	24	1.200	14.880	0.096
BPP_50_400_0.1_0.8_8.C	29	6.800	20.120	0.117
BPP_50_400_0.1_0.8_8.C	30	6.000	20.400	0.117
BPP_50_400_0.1_0.8_8.C	29	6.400	19.960	0.116
BPP_50_400_0.1_0.8_8.C	29	6.200	19.880	0.116
BPP_50_400_0.1_0.8_8.C	30	6.000	20.400	0.124
BPP_50_400_0.1_0.8_8.C	30	6.000	20.400	0.150
BPP_50_400_0.1_0.8_8.C	30	6.000	20.400	0.134
BPP_50_400_0.1_0.8_8.C	30	6.000	20.400	0.121
BPP_50_400_0.1_0.8_8.C	30	6.000	20.400	0.119
BPP_50_400_0.1_0.8_8.C	29	6.800	20.120	0.117
BPP_50_400_0.1_0.8_9.C	24	6.600	17.040	0.101
BPP_50_400_0.1_0.8_9.C	25	6.000	17.400	0.099
BPP_50_400_0.1_0.8_9.C	25	6.000	17.400	0.102
BPP_50_400_0.1_0.8_9.C	24	6.600	17.040	0.100
BPP_50_400_0.1_0.8_9.C	24	6.600	17.040	0.101
BPP_50_400_0.1_0.8_9.C	25	5.800	17.320	0.103
BPP_50_400_0.1_0.8_9.C	25	5.800	17.320	0.103
BPP_50_400_0.1_0.8_9.C	25	6.000	17.400	0.099
BPP_50_400_0.1_0.8_9.C	25	5.800	17.320	0.099
BPP_50_400_0.1_0.8_9.C	25	5.800	17.320	0.101
BPP_50_500_0.1_0.8_0.C	25	3.000	16.200	0.119
BPP_50_500_0.1_0.8_0.C	25	3.000	16.200	0.126
BPP_50_500_0.1_0.8_0.C	25	3.000	16.200	0.119
BPP_50_500_0.1_0.8_0.C	25	3.200	16.280	0.118
BPP_50_500_0.1_0.8_0.C	25	3.000	16.200	0.119
BPP_50_500_0.1_0.8_0.C	25	2.800	16.120	0.120
BPP_50_500_0.1_0.8_0.C	25	2.800	16.120	0.123
BPP_50_500_0.1_0.8_0.C	25	3.200	16.280	0.132
BPP_50_500_0.1_0.8_0.C	25	3.000	16.200	0.119
BPP_50_500_0.1_0.8_0.C	25	3.200	16.280	0.118
BPP_50_500_0.1_0.8_1.C	25	0.000	15.000	0.110
BPP_50_500_0.1_0.8_1.C	25	0.000	15.000	0.110
BPP_50_500_0.1_0.8_1.C	25	0.000	15.000	0.111
BPP_50_500_0.1_0.8_1.C	25	0.000	15.000	0.112
BPP_50_500_0.1_0.8_1.C	25	0.000	15.000	0.111
BPP_50_500_0.1_0.8_1.C	25	0.000	15.000	0.111
BPP_50_500_0.1_0.8_1.C	25	0.000	15.000	0.115
BPP_50_500_0.1_0.8_1.C	25	0.000	15.000	0.111
BPP_50_500_0.1_0.8_1.C	25	0.000	15.000	0.111
BPP_50_500_0.1_0.8_1.C	25	0.000	15.000	0.110
BPP_50_500_0.1_0.8_2.C	26	1.400	16.160	0.119
BPP_50_500_0.1_0.8_2.C	26	1.400	16.160	0.116
BPP_50_500_0.1_0.8_2.C	26	1.400	16.160	0.116
BPP_50_500_0.1_0.8_2.C	26	1.400	16.160	0.116
BPP_50_500_0.1_0.8_2.C	26	1.400	16.160	0.118
BPP_50_500_0.1_0.8_2.C	26	1.400	16.160	0.118
BPP_50_500_0.1_0.8_2.C	26	1.400	16.160	0.115
BPP_50_500_0.1_0.8_2.C	26	1.400	16.160	0.119
BPP_50_500_0.1_0.8_2.C	26	1.400	16.160	0.120
BPP_50_500_0.1_0.8_2.C	26	1.400	16.160	0.118
BPP_50_500_0.1_0.8_3.C	22	3.000	14.400	0.104
BPP_50_500_0.1_0.8_3.C	22	3.200	14.480	0.106
BPP_50_500_0.1_0.8_3.C	22	3.000	14.400	0.107
BPP_50_500_0.1_0.8_3.C	22	3.000	14.400	0.109
BPP_50_500_0.1_0.8_3.C	22	3.200	14.480	0.105
BPP_50_500_0.1_0.8_3.C	22	3.200	14.480	0.103
BPP_50_500_0.1_0.8_3.C	22	3.200	14.480	0.108
BPP_50_500_0.1_0.8_3.C	22	3.200	14.480	0.112
BPP_50_500_0.1_0.8_3.C	22	3.000	14.400	0.105
BPP_50_500_0.1_0.8_3.C	22	3.200	14.480	0.118
BPP_50_500_0.1_0.8_4.C	22	1.400	13.760	0.100
BPP_50_500_0.1_0.8_4.C	22	1.400	13.760	0.100
BPP_50_500_0.1_0.8_4.C	22	1.400	13.760	0.100
BPP_50_500_0.1_0.8_4.C	22	1.400	13.760	0.099
BPP_50_500_0.1_0.8_4.C	22	1.400	13.760	0.101
BPP_50_500_0.1_0.8_4.C	22	1.400	13.760	0.099
BPP_50_500_0.1_0.8_4.C	22	1.400	13.760	0.102
BPP_50_500_0.1_0.8_4.C	22	1.400	13.760	0.100
BPP_50_500_0.1_0.8_4.C	22	1.400	13.760	0.099
BPP_50_500_0.1_0.8_4.C	22	1.400	13.760	0.101
BPP_50_500_0.1_0.8_5.C	26	2.600	16.640	0.119
BPP_50_500_0.1_0.8_5.C	26	2.600	16.640	0.119
BPP_50_500_0.1_0.8_5.C	26	2.600	16.640	0.119
BPP_50_500_0.1_0.8_5.C	26	2.600	16.640	0.121
BPP_50_500_0.1_0.8_5.C	26	2.600	16.640	0.119
BPP_50_500_0.1_0.8_5.C	26	2.600	16.640	0.117
BPP_50_500_0.1_0.8_5.C	26	2.600	16.640	0.119
BPP_50_500_0.1_0.8_5.C	26	2.600	16.640	0.119
BPP_50_500_0.1_0.8_5.C	26	2.600	16.640	0.120
BPP_50_500_0.1_0.8_5.C	26	2.600	16.640	0.120
BPP_50_500_0.1_0.8_6.C	22	1.800	13.920	0.109
BPP_50_500_0.1_0.8_6.C	22	1.600	13.840	0.111
BPP_50_500_0.1_0.8_6.C	22	1.800	13.920	0.110
BPP_50_500_0.1_0.8_6.C	22	1.800	13.920	0.110
BPP_50_500_0.1_0.8_6.C	22	1.800	13.920	0.109
BPP_50_500_0.1_0.8_6.C	22	1.800	13.920	0.109
BPP_50_500_0.1_0.8_6.C	23	0.800	14.120	0.110
BPP_50_500_0.1_0.8_6.C	23	0.800	14.120	0.126
BPP_50_500_0.1_0.8_6.C	22	1.800	13.920	0.108
BPP_50_500_0.1_0.8_6.C	22	1.800	13.920	0.110
BPP_50_500_0.1_0.8_7.C	27	1.200	16.680	0.119
BPP_50_500_0.1_0.8_7.C	27	1.200	16.680	0.118
BPP_50_500_0.1_0.8_7.C	27	1.200	16.680	0.119
BPP_50_500_0.1_0.8_7.C	27	1.200	16.680	0.120
BPP_50_500_0.1_0.8_7.C	27	1.200	16.680	0.122
BPP_50_500_0.1_0.8_7.C	27	1.200	16.680	0.120
BPP_50_500_0.1_0.8_7.C	27	1.200	16.680	0.142
BPP_50_500_0.1_0.8_7.C	27	1.200	16.680	0.143
BPP_50_500_0.1_0.8_7.C	27	1.200	16.680	0.119
BPP_50_500_0.1_0.8_7.C	27	1.200	16.680	0.166
BPP_50_500_0.1_0.8_8.C	27	1.800	16.920	0.124
BPP_50_500_0.1_0.8_8.C	27	1.800	16.920	0.124
BPP_50_500_0.1_0.8_8.C	27	1.800	16.920	0.126
BPP_50_500_0.1_0.8_8.C	27	1.800	16.920	0.124
BPP_50_500_0.1_0.8_8.C	27	1.800	16.920	0.124
BPP_50_500_0.1_0.8_8.C	27	1.800	16.920	0.123
BPP_50_500_0.1_0.8_8.C	27	1.800	16.920	0.122
BPP_50_500_0.1_0.8_8.C	27	1.800	16.920	0.124
BPP_50_500_0.1_0.8_8.C	27	1.800	16.920	0.124
BPP_50_500_0.1_0.8_8.C	27	1.800	16.920	0.124
BPP_50_500_0.1_0.8_9.C	25	0.800	15.320	0.132
BPP_50_500_0.1_0.8_9.C	25	0.800	15.320	0.118
BPP_50_500_0.1_0.8_9.C	25	0.800	15.320	0.119
BPP_50_500_0.1_0.8_9.C	25	0.800	15.320	0.133
BPP_50_500_0.1_0.8_9.C	25	0.800	15.320	0.174
BPP_50_500_0.1_0.8_9.C	25	0.800	15.320	0.125
BPP_50_500_0.1_0.8_9.C	25	0.800	15.320	0.118
BPP_50_500_0.1_0.8_9.C	25	0.800	15.320	0.118
BPP_50_500_0.1_0.8_9.C	25	0.800	15.320	0.119
BPP_50_500_0.1_0.8_9.C	25	0.800	15.320	0.119
BPP_50_50_0.1_0.8_0.C	24	3.200	15.680	0.013
BPP_50_50_0.1_0.8_0.C	24	3.400	15.760	0.013
BPP_50_50_0.1_0.8_0.C	24	3.200	15.680	0.013
BPP_50_50_0.1_0.8_0.C	24	3.400	15.760	0.014
BPP_50_50_0.1_0.8_0.C	24	3.200	15.680	0.013
BPP_50_50_0.1_0.8_0.C	24	3.200	15.680	0.013
BPP_50_50_0.1_0.8_0.C	24	3.200	15.680	0.015
BPP_50_50_0.1_0.8_0.C	24	3.400	15.760	0.013
BPP_50_50_0.1_0.8_0.C	24	3.200	15.680	0.013
BPP_50_50_0.1_0.8_0.C	24	3.200	15.680	0.013
BPP_50_50_0.1_0.8_1.C	29	1.000	17.800	0.014
BPP_50_50_0.1_0.8_1.C	29	1.000	17.800	0.014
BPP_50_50_0.1_0.8_1.C	29	1.000	17.800	0.014
BPP_50_50_0.1_0.8_1.C	29	1.000	17.800	0.014
BPP_50_50_0.1_0.8_1.C	29	1.000	17.800	0.014
BPP_50_50_0.1_0.8_1.C	29	1.000	17.800	0.014
BPP_50_50_0.1_0.8_1.C	29	1.000	17.800	0.015
BPP_50_50_0.1_0.8_1.C	29	1.000	17.800	0.014
BPP_50_50_0.1_0.8_1.C	29	1.000	17.800	0.014
BPP_50_50_0.1_0.8_1.C	29	1.000	17.800	0.014
BPP_50_50_0.1_0.8_2.C	26	2.400	16.560	0.014
BPP_50_50_0.1_0.8_2.C	26	2.400	16.560	0.014
BPP_50_50_0.1_0.8_2.C	26	2.400	16.560	0.013
BPP_50_50_0.1_0.8_2.C	26	2.400	16.560	0.013
BPP_50_50_0.1_0.8_2.C	26	2.400	16.560	0.013
BPP_50_50_0.1_0.8_2.C	26	2.400	16.560	0.013
BPP_50_50_0.1_0.8_2.C	26	2.400	16.560	0.013
BPP_50_50_0.1_0.8_2.C	26	2.400	16.560	0.014
BPP_50_50_0.1_0.8_2.C	26	2.400	16.560	0.013
BPP_50_50_0.1_0.8_2.C	26	2.400	16.560	0.014
BPP_50_50_0.1_0.8_3.C	21	1.600	13.240	0.012
BPP_50_50_0.1_0.8_3.C	21	1.600	13.240	0.011
BPP_50_50_0.1_0.8_3.C	21	1.600	13.240	0.012
BPP_50_50_0.1_0.8_3.C	21	1.600	13.240	0.012
BPP_50_50_0.1_0.8_3.C	21	1.600	13.240	0.012
BPP_50_50_0.1_0.8_3.C	21	1.600	13.240	0.012
BPP_50_50_0.1_0.8_3.C	21	1.600	13.240	0.012
BPP_50_50_0.1_0.8_3.C	21	1.600	13.240	0.012
BPP_50_50_0.1_0.8_3.C	21	1.600	13.240	0.011
BPP_50_50_0.1_0.8_3.C	21	1.600	13.240	0.012
BPP_50_50_0.1_0.8_4.C	24	4.800	16.320	0.013
BPP_50_50_0.1_0.8_4.C	24	4.600	16.240	0.013
BPP_50_50_0.1_0.8_4.C	24	4.800	16.320	0.013
BPP_50_50_0.1_0.8_4.C	24	4.600	16.240	0.014
BPP_50_50_0.1_0.8_4.C	24	5.000	16.400	0.014
BPP_50_50_0.1_0.8_4.C	24	5.000	16.400	0.013
BPP_50_50_0.1_0.8_4.C	24	4.600	16.240	0.014
BPP_50_50_0.1_0.8_4.C	24	5.000	16.400	0.015
BPP_50_50_0.1_0.8_4.C	24	5.000	16.400	0.014
BPP_50_50_0.1_0.8_4.C	24	4.400	16.160	0.014
BPP_50_50_0.1_0.8_5.C	25	2.600	16.040	0.013
BPP_50_50_0.1_0.8_5.C	25	3.000	16.200	0.013
BPP_50_50_0.1_0.8_5.C	25	2.600	16.040	0.013
BPP_50_50_0.1_0.8_5.C	25	2.600	16.040	0.013
BPP_50_50_0.1_0.8_5.C	25	2.800	16.120	0.014
BPP_50_50_0.1_0.8_5.C	25	2.600	16.040	0.013
BPP_50_50_0.1_0.8_5.C	25	3.000	16.200	0.013
BPP_50_50_0.1_0.8_5.C	25	3.200	16.280	0.014
BPP_50_50_0.1_0.8_5.C	25	3.200	16.280	0.013
BPP_50_50_0.1_0.8_5.C	25	3.000	16.200	0.013
BPP_50_50_0.1_0.8_6.C	24	4.400	16.160	0.014
BPP_50_50_0.1_0.8_6.C	24	4.800	16.320	0.013
BPP_50_50_0.1_0.8_6.C	24	4.000	16.000	0.014
BPP_50_50_0.1_0.8_6.C	24	4.200	16.080	0.015
BPP_50_50_0.1_0.8_6.C	24	4.400	16.160	0.013
BPP_50_50_0.1_0.8_6.C	24	4.400	16.160	0.013
BPP_50_50_0.1_0.8_6.C	24	4.800	16.320	0.014
BPP_50_50_0.1_0.8_6.C	24	4.800	16.320	0.014
BPP_50_50_0.1_0.8_6.C	24	4.600	16.240	0.013
BPP_50_50_0.1_0.8_6.C	24	4.600	16.240	0.013
BPP_50_50_0.1_0.8_7.C	25	4.800	16.920	0.016
BPP_50_50_0.1_0.8_7.C	25	4.600	16.840	0.014
BPP_50_50_0.1_0.8_7.C	25	4.800	16.920	0.014
BPP_50_50_0.1_0.8_7.C	25	4.800	16.920	0.014
BPP_50_50_0.1_0.8_7.C	25	5.000	17.000	0.015
BPP_50_50_0.1_0.8_7.C	25	4.800	16.920	0.016
BPP_50_50_0.1_0.8_7.C	25	4.600	16.840	0.014
BPP_50_50_0.1_0.8_7.C	25	4.600	16.840	0.014
BPP_50_50_0.1_0.8_7.C	25	4.800	16.920	0.014
BPP_50_50_0.1_0.8_7.C	25	5.200	17.080	0.014
BPP_50_50_0.1_0.8_8.C	23	3.400	15.160	0.014
BPP_50_50_0.1_0.8_8.C	24	2.800	15.520	0.013
BPP_50_50_0.1_0.8_8.C	23	3.400	15.160	0.012
BPP_50_50_0.1_0.8_8.C	24	2.800	15.520	0.014
BPP_50_50_0.1_0.8_8.C	23	4.000	15.400	0.013
BPP_50_50_0.1_0.8_8.C	24	3.000	15.600	0.013
BPP_50_50_0.1_0.8_8.C	24	3.000	15.600	0.013
BPP_50_50_0.1_0.8_8.C	24	2.800	15.520	0.013
BPP_50_50_0.1_0.8_8.C	24	2.800	15.520	0.013
BPP_50_50_0.1_0.8_8.C	24	2.800	15.520	0.013
BPP_50_50_0.1_0.8_9.C	25	4.400	16.760	0.013
BPP_50_50_0.1_0.8_9.C	24	4.200	16.080	0.014
BPP_50_50_0.1_0.8_9.C	25	4.000	16.600	0.013
BPP_50_50_0.1_0.8_9.C	24	4.200	16.080	0.013
BPP_50_50_0.1_0.8_9.C	24	4.200	16.080	0.014
BPP_50_50_0.1_0.8_9.C	25	4.400	16.760	0.013
BPP_50_50_0.1_0.8_9.C	25	4.200	16.680	0.014
BPP_50_50_0.1_0.8_9.C	25	4.200	16.680	0.014
BPP_50_50_0.1_0.8_9.C	25	4.400	16.760	0.013
BPP_50_50_0.1_0.8_9.C	24	4.200	16.080	0.015
BPP_50_750_0.1_0.8_0.C	31	4.800	20.520	0.199
BPP_50_750_0.1_0.8_0.C	31	4.800	20.520	0.199
BPP_50_750_0.1_0.8_0.C	31	4.800	20.520	0.198
BPP_50_750_0.1_0.8_0.C	31	5.000	20.600	0.208
BPP_50_750_0.1_0.8_0.C	31	5.000	20.600	0.199
BPP_50_750_0.1_0.8_0.C	31	5.000	20.600	0.201
BPP_50_750_0.1_0.8_0.C	31	5.000	20.600	0.197
BPP_50_750_0.1_0.8_0.C	31	5.000	20.600	0.199
BPP_50_750_0.1_0.8_0.C	31	5.000	20.600	0.200
BPP_50_750_0.1_0.8_0.C	31	5.000	20.600	0.205
BPP_50_750_0.1_0.8_1.C	23	4.400	15.560	0.176
BPP_50_750_0.1_0.8_1.C	23	3.800	15.320	0.158
BPP_50_750_0.1_0.8_1.C	23	4.200	15.480	0.158
BPP_50_750_0.1_0.8_1.C	23	4.200	15.480	0.159
BPP_50_750_0.1_0.8_1.C	23	3.800	15.320	0.155
BPP_50_750_0.1_0.8_1.C	23	3.600	15.240	0.157
BPP_50_750_0.1_0.8_1.C	23	4.400	15.560	0.157
BPP_50_750_0.1_0.8_1.C	23	4.200	15.480	0.154
BPP_50_750_0.1_0.8_1.C	23	3.600	15.240	0.156
BPP_50_750_0.1_0.8_1.C	23	4.000	15.400	0.157
BPP_50_750_0.1_0.8_2.C	27	-0.000	16.200	0.171
BPP_50_750_0.1_0.8_2.C	27	-0.000	16.200	0.180
BPP_50_750_0.1_0.8_2.C	27	-0.000	16.200	0.168
BPP_50_750_0.1_0.8_2.C	27	-0.000	16.200	0.170
BPP_50_750_0.1_0.8_2.C	27	-0.000	16.200	0.169
BPP_50_750_0.1_0.8_2.C	27	-0.000	16.200	0.168
BPP_50_750_0.1_0.8_2.C	27	-0.000	16.200	0.170
BPP_50_750_0.1_0.8_2.C	27	-0.000	16.200	0.179
BPP_50_750_0.1_0.8_2.C	27	-0.000	16.200	0.169
BPP_50_750_0.1_0.8_2.C	27	-0.000	16.200	0.172
BPP_50_750_0.1_0.8_3.C	26	0.000	15.600	0.169
BPP_50_750_0.1_0.8_3.C	26	0.000	15.600	0.169
BPP_50_750_0.1_0.8_3.C	26	0.000	15.600	0.168
BPP_50_750_0.1_0.8_3.C	26	0.000	15.600	0.168
BPP_50_750_0.1_0.8_3.C	26	0.000	15.600	0.179
BPP_50_750_0.1_0.8_3.C	26	0.000	15.600	0.167
BPP_50_750_0.1_0.8_3.C	26	0.000	15.600	0.173
BPP_50_750_0.1_0.8_3.C	26	0.000	15.600	0.168
BPP_50_750_0.1_0.8_3.C	26	0.000	15.600	0.166
BPP_50_750_0.1_0.8_3.C	26	0.000	15.600	0.167
BPP_50_750_0.1_0.8_4.C	24	-0.000	14.400	0.188
BPP_50_750_0.1_0.8_4.C	24	-0.000	14.400	0.171
BPP_50_750_0.1_0.8_4.C	24	-0.000	14.400	0.164
BPP_50_750_0.1_0.8_4.C	24	-0.000	14.400	0.161
BPP_50_750_0.1_0.8_4.C	24	-0.000	14.400	0.159
BPP_50_750_0.1_0.8_4.C	24	-0.000	14.400	0.159
BPP_50_750_0.1_0.8_4.C	24	-0.000	14.400	0.169
BPP_50_750_0.1_0.8_4.C	24	-0.000	14.400	0.161
BPP_50_750_0.1_0.8_4.C	24	-0.000	14.400	0.160
BPP_50_750_0.1_0.8_4.C	24	-0.000	14.400	0.193
BPP_50_750_0.1_0.8_5.C	25	0.000	15.000	0.169
BPP_50_750_0.1_0.8_5.C	25	0.000	15.000	0.165
BPP_50_750_0.1_0.8_5.C	25	0.000	15.000	0.164
BPP_50_750_0.1_0.8_5.C	25	0.000	15.000	0.174
BPP_50_750_0.1_0.8_5.C	25	0.000	15.000	0.167
BPP_50_750_0.1_0.8_5.C	25	0.000	15.000	0.165
BPP_50_750_0.1_0.8_5.C	25	0.000	15.000	0.165
BPP_50_750_0.1_0.8_5.C	25	0.000	15.000	0.166
BPP_50_750_0.1_0.8_5.C	25	0.000	15.000	0.166
BPP_50_750_0.1_0.8_5.C	25	0.000	15.000	0.165
BPP_50_750_0.1_0.8_6.C	25	0.000	15.000	0.176
BPP_50_750_0.1_0.8_6.C	25	0.000	15.000	0.167
BPP_50_750_0.1_0.8_6.C	25	0.000	15.000	0.173
BPP_50_750_0.1_0.8_6.C	25	0.000	15.000	0.193
BPP_50_750_0.1_0.8_6.C	25	0.000	15.000	0.199
BPP_50_750_0.1_0.8_6.C	25	0.000	15.000	0.165
BPP_50_750_0.1_0.8_6.C	25	0.000	15.000	0.166
BPP_50_750_0.1_0.8_6.C	25	0.000	15.000	0.164
BPP_50_750_0.1_0.8_6.C	25	0.000	15.000	0.168
BPP_50_750_0.1_0.8_6.C	25	0.000	15.000	0.163
BPP_50_750_0.1_0.8_7.C	27	2.800	17.320	0.184
BPP_50_750_0.1_0.8_7.C	27	3.200	17.480	0.184
BPP_50_750_0.1_0.8_7.C	27	2.800	17.320	0.185
BPP_50_750_0.1_0.8_7.C	27	3.000	17.400	0.184
BPP_50_750_0.1_0.8_7.C	27	3.000	17.400	0.185
BPP_50_750_0.1_0.8_7.C	27	3.000	17.400	0.184
BPP_50_750_0.1_0.8_7.C	27	2.800	17.320	0.189
BPP_50_750_0.1_0.8_7.C	27	3.000	17.400	0.185
BPP_50_750_0.1_0.8_7.C	27	2.800	17.320	0.219
BPP_50_750_0.1_0.8_7.C	27	3.000	17.400	0.184
BPP_50_750_0.1_0.8_8.C	25	0.400	15.160	0.190
BPP_50_750_0.1_0.8_8.C	25	0.600	15.240	0.164
BPP_50_750_0.1_0.8_8.C	25	0.400	15.160	0.165
BPP_50_750_0.1_0.8_8.C	25	0.600	15.240	0.164
BPP_50_750_0.1_0.8_8.C	25	0.400	15.160	0.165
BPP_50_750_0.1_0.8_8.C	25	0.400	15.160	0.166
BPP_50_750_0.1_0.8_8.C	25	0.400	15.160	0.164
BPP_50_750_0.1_0.8_8.C	25	0.400	15.160	0.171
BPP_50_750_0.1_0.8_8.C	25	0.400	15.160	0.165
BPP_50_750_0.1_0.8_8.C	25	0.400	15.160	0.164
BPP_50_750_0.1_0.8_9.C	21	0.200	12.680	0.151
BPP_50_750_0.1_0.8_9.C	21	0.200	12.680	0.153
BPP_50_750_0.1_0.8_9.C	21	0.200	12.680	0.154
BPP_50_750_0.1_0.8_9.C	21	0.200	12.680	0.155
BPP_50_750_0.1_0.8_9.C	21	0.200	12.680	0.155
BPP_50_750_0.1_0.8_9.C	21	0.200	12.680	0.156
BPP_50_750_0.1_0.8_9.C	21	0.200	12.680	0.166
BPP_50_750_0.1_0.8_9.C	21	0.200	12.680	0.162
BPP_50_750_0.1_0.8_9.C	21	0.200	12.680	0.156
BPP_50_750_0.1_0.8_9.C	21	0.200	12.680	0.157
BPP_50_75_0.1_0.8_0.C	26	0.800	15.920	0.015
BPP_50_75_0.1_0.8_0.C	26	0.600	15.840	0.015
BPP_50_75_0.1_0.8_0.C	26	0.600	15.840	0.015
BPP_50_75_0.1_0.8_0.C	26	0.800	15.920	0.016
BPP_50_75_0.1_0.8_0.C	27	0.200	16.280	0.015
BPP_50_75_0.1_0.8_0.C	26	0.600	15.840	0.015
BPP_50_75_0.1_0.8_0.C	26	0.800	15.920	0.015
BPP_50_75_0.1_0.8_0.C	26	0.600	15.840	0.015
BPP_50_75_0.1_0.8_0.C	26	0.800	15.920	0.015
BPP_50_75_0.1_0.8_0.C	26	0.600	15.840	0.015
BPP_50_75_0.1_0.8_1.C	29	1.600	18.040	0.016
BPP_50_75_0.1_0.8_1.C	29	1.600	18.040	0.017
BPP_50_75_0.1_0.8_1.C	29	1.600	18.040	0.017
BPP_50_75_0.1_0.8_1.C	29	1.600	18.040	0.016
BPP_50_75_0.1_0.8_1.C	29	1.600	18.040	0.017
BPP_50_75_0.1_0.8_1.C	29	1.600	18.040	0.016
BPP_50_75_0.1_0.8_1.C	29	1.600	18.040	0.017
BPP_50_75_0.1_0.8_1.C	29	1.600	18.040	0.017
BPP_50_75_0.1_0.8_1.C	29	1.600	18.040	0.016
BPP_50_75_0.1_0.8_1.C	29	1.600	18.040	0.016
BPP_50_75_0.1_0.8_2.C	23	1.800	14.520	0.014
BPP_50_75_0.1_0.8_2.C	23	1.600	14.440	0.014
BPP_50_75_0.1_0.8_2.C	23	1.600	14.440	0.014
BPP_50_75_0.1_0.8_2.C	23	1.800	14.520	0.014
BPP_50_75_0.1_0.8_2.C	23	1.600	14.440	0.014
BPP_50_75_0.1_0.8_2.C	23	1.800	14.520	0.014
BPP_50_75_0.1_0.8_2.C	23	1.800	14.520	0.015
BPP_50_75_0.1_0.8_2.C	23	1.800	14.520	0.014
BPP_50_75_0.1_0.8_2.C	23	1.800	14.520	0.015
BPP_50_75_0.1_0.8_2.C	23	1.800	14.520	0.014
BPP_50_75_0.1_0.8_3.C	23	7.200	16.680	0.015
BPP_50_75_0.1_0.8_3.C	23	7.000	16.600	0.015
BPP_50_75_0.1_0.8_3.C	23	7.000	16.600	0.015
BPP_50_75_0.1_0.8_3.C	23	7.200	16.680	0.015
BPP_50_75_0.1_0.8_3.C	23	7.000	16.600	0.015
BPP_50_75_0.1_0.8_3.C	23	7.000	16.600	0.015
BPP_50_75_0.1_0.8_3.C	23	7.000	16.600	0.015
BPP_50_75_0.1_0.8_3.C	23	7.000	16.600	0.015
BPP_50_75_0.1_0.8_3.C	23	7.000	16.600	0.015
BPP_50_75_0.1_0.8_3.C	23	7.200	16.680	0.015
BPP_50_75_0.1_0.8_4.C	29	5.600	19.640	0.017
BPP_50_75_0.1_0.8_4.C	29	5.600	19.640	0.017
BPP_50_75_0.1_0.8_4.C	29	5.600	19.640	0.017
BPP_50_75_0.1_0.8_4.C	29	5.600	19.640	0.017
BPP_50_75_0.1_0.8_4.C	29	5.600	19.640	0.017
BPP_50_75_0.1_0.8_4.C	29	5.600	19.640	0.018
BPP_50_75_0.1_0.8_4.C	29	5.600	19.640	0.017
BPP_50_75_0.1_0.8_4.C	29	5.600	19.640	0.017
BPP_50_75_0.1_0.8_4.C	29	5.600	19.640	0.017
BPP_50_75_0.1_0.8_4.C	29	5.600	19.640	0.018
BPP_50_75_0.1_0.8_5.C	26	1.800	16.320	0.015
BPP_50_75_0.1_0.8_5.C	26	1.800	16.320	0.015
BPP_50_75_0.1_0.8_5.C	26	1.800	16.320	0.016
BPP_50_75_0.1_0.8_5.C	26	1.800	16.320	0.015
BPP_50_75_0.1_0.8_5.C	26	2.000	16.400	0.016
BPP_50_75_0.1_0.8_5.C	26	1.800	16.320	0.016
BPP_50_75_0.1_0.8_5.C	26	1.800	16.320	0.016
BPP_50_75_0.1_0.8_5.C	26	1.800	16.320	0.015
BPP_50_75_0.1_0.8_5.C	26	1.800	16.320	0.016
BPP_50_75_0.1_0.8_5.C	26	1.800	16.320	0.015
BPP_50_75_0.1_0.8_6.C	22	1.200	13.680	0.014
BPP_50_75_0.1_0.8_6.C	22	1.000	13.600	0.014
BPP_50_75_0.1_0.8_6.C	22	1.000	13.600	0.013
BPP_50_75_0.1_0.8_6.C	22	1.000	13.600	0.014
BPP_50_75_0.1_0.8_6.C	22	1.000	13.600	0.014
BPP_50_75_0.1_0.8_6.C	22	1.000	13.600	0.016
BPP_50_75_0.1_0.8_6.C	22	1.000	13.600	0.014
BPP_50_75_0.1_0.8_6.C	22	1.000	13.600	0.015
BPP_50_75_0.1_0.8_6.C	22	1.000	13.600	0.014
BPP_50_75_0.1_0.8_6.C	22	1.000	13.600	0.014
BPP_50_75_0.1_0.8_7.C	23	0.400	13.960	0.013
BPP_50_75_0.1_0.8_7.C	22	1.000	13.600	0.013
BPP_50_75_0.1_0.8_7.C	23	0.400	13.960	0.013
BPP_50_75_0.1_0.8_7.C	22	1.400	13.760	0.014
BPP_50_75_0.1_0.8_7.C	23	0.400	13.960	0.014
BPP_50_75_0.1_0.8_7.C	23	0.400	13.960	0.014
BPP_50_75_0.1_0.8_7.C	23	0.400	13.960	0.014
BPP_50_75_0.1_0.8_7.C	23	0.400	13.960	0.015
BPP_50_75_0.1_0.8_7.C	23	0.400	13.960	0.014
BPP_50_75_0.1_0.8_7.C	22	0.800	13.520	0.014
BPP_50_75_0.1_0.8_8.C	21	0.600	12.840	0.014
BPP_50_75_0.1_0.8_8.C	21	0.600	12.840	0.013
BPP_50_75_0.1_0.8_8.C	21	0.600	12.840	0.013
BPP_50_75_0.1_0.8_8.C	21	0.600	12.840	0.013
BPP_50_75_0.1_0.8_8.C	21	0.600	12.840	0.013
BPP_50_75_0.1_0.8_8.C	21	0.600	12.840	0.013
BPP_50_75_0.1_0.8_8.C	21	0.600	12.840	0.014
BPP_50_75_0.1_0.8_8.C	21	0.600	12.840	0.013
BPP_50_75_0.1_0.8_8.C	21	0.800	12.920	0.013
BPP_50_75_0.1_0.8_8.C	21	0.600	12.840	0.013
BPP_50_75_0.1_0.8_9.C	27	1.600	16.840	0.016
BPP_50_75_0.1_0.8_9.C	27	1.600	16.840	0.016
BPP_50_75_0.1_0.8_9.C	27	1.400	16.760	0.016
BPP_50_75_0.1_0.8_9.C	27	1.600	16.840	0.017
BPP_50_75_0.1_0.8_9.C	27	1.600	16.840	0.016
BPP_50_75_0.1_0.8_9.C	27	1.600	16.840	0.016
BPP_50_75_0.1_0.8_9.C	27	1.600	16.840	0.016
BPP_50_75_0.1_0.8_9.C	27	1.400	16.760	0.016
BPP_50_75_0.1_0.8_9.C	27	1.600	16.840	0.016
BPP_50_75_0.1_0.8_9.C	27	1.400	16.760	0.016
