***************************************** BIN PACKING SOLUTION *****************************************
Parameters: alpha_1=0.6 alpha_2=0.4 t=0.2 s=1
-------------------------------------------------------------------------------------------------------------------------------------------------
INSTANCE 	 # OF BINS 	 SCHEDULING OBJECTIVE 	 BEST OBJECTIVE 	 RUNNING TIME
-------------------------------------------------------------------------------------------------------------------------------------------------
BPP_new_20_1000_1.C	13	4.000	9.400	0.050
BPP_new_20_1000_1.C	13	4.000	9.400	0.050
BPP_new_20_1000_1.C	13	4.000	9.400	0.051
BPP_new_20_1000_1.C	13	4.000	9.400	0.049
BPP_new_20_1000_1.C	13	4.000	9.400	0.049
BPP_new_20_1000_1.C	13	4.000	9.400	0.051
BPP_new_20_1000_1.C	13	4.000	9.400	0.051
BPP_new_20_1000_1.C	13	4.000	9.400	0.052
BPP_new_20_1000_1.C	13	4.000	9.400	0.051
BPP_new_20_1000_1.C	13	4.000	9.400	0.050
BPP_new_20_1000_10.C	9	1.000	5.800	0.034
BPP_new_20_1000_10.C	9	1.000	5.800	0.033
BPP_new_20_1000_10.C	9	1.000	5.800	0.034
BPP_new_20_1000_10.C	9	1.000	5.800	0.034
BPP_new_20_1000_10.C	9	1.000	5.800	0.034
BPP_new_20_1000_10.C	9	1.000	5.800	0.035
BPP_new_20_1000_10.C	9	1.000	5.800	0.034
BPP_new_20_1000_10.C	9	1.000	5.800	0.034
BPP_new_20_1000_10.C	9	1.000	5.800	0.034
BPP_new_20_1000_10.C	9	1.000	5.800	0.034
BPP_new_20_1000_2.C	10	3.000	7.200	0.040
BPP_new_20_1000_2.C	10	3.000	7.200	0.055
BPP_new_20_1000_2.C	10	3.000	7.200	0.091
BPP_new_20_1000_2.C	10	3.000	7.200	0.100
BPP_new_20_1000_2.C	10	3.000	7.200	0.111
BPP_new_20_1000_2.C	10	3.000	7.200	0.092
BPP_new_20_1000_2.C	10	3.000	7.200	0.087
BPP_new_20_1000_2.C	10	3.000	7.200	0.090
BPP_new_20_1000_2.C	10	3.000	7.200	0.094
BPP_new_20_1000_2.C	10	3.000	7.200	0.084
BPP_new_20_1000_3.C	13	5.000	9.800	0.052
BPP_new_20_1000_3.C	13	5.000	9.800	0.112
BPP_new_20_1000_3.C	13	5.000	9.800	0.113
BPP_new_20_1000_3.C	13	5.000	9.800	0.108
BPP_new_20_1000_3.C	13	5.000	9.800	0.054
BPP_new_20_1000_3.C	13	5.000	9.800	0.105
BPP_new_20_1000_3.C	13	5.000	9.800	0.109
BPP_new_20_1000_3.C	13	5.000	9.800	0.102
BPP_new_20_1000_3.C	13	5.000	9.800	0.102
BPP_new_20_1000_3.C	13	5.000	9.800	0.108
BPP_new_20_1000_4.C	8	2.400	5.760	0.036
BPP_new_20_1000_4.C	8	2.400	5.760	0.035
BPP_new_20_1000_4.C	8	2.400	5.760	0.037
BPP_new_20_1000_4.C	8	2.400	5.760	0.035
BPP_new_20_1000_4.C	8	2.400	5.760	0.036
BPP_new_20_1000_4.C	8	2.400	5.760	0.036
BPP_new_20_1000_4.C	8	2.400	5.760	0.036
BPP_new_20_1000_4.C	8	2.400	5.760	0.036
BPP_new_20_1000_4.C	8	2.400	5.760	0.036
BPP_new_20_1000_4.C	8	2.400	5.760	0.035
BPP_new_20_1000_5.C	10	1.400	6.560	0.040
BPP_new_20_1000_5.C	10	1.400	6.560	0.042
BPP_new_20_1000_5.C	10	1.400	6.560	0.040
BPP_new_20_1000_5.C	10	1.400	6.560	0.040
BPP_new_20_1000_5.C	10	1.400	6.560	0.041
BPP_new_20_1000_5.C	10	1.400	6.560	0.041
BPP_new_20_1000_5.C	10	1.400	6.560	0.041
BPP_new_20_1000_5.C	10	1.400	6.560	0.041
BPP_new_20_1000_5.C	10	1.400	6.560	0.041
BPP_new_20_1000_5.C	10	1.400	6.560	0.041
BPP_new_20_1000_6.C	10	1.400	6.560	0.042
BPP_new_20_1000_6.C	10	1.400	6.560	0.042
BPP_new_20_1000_6.C	10	1.400	6.560	0.042
BPP_new_20_1000_6.C	10	1.400	6.560	0.041
BPP_new_20_1000_6.C	10	1.400	6.560	0.042
BPP_new_20_1000_6.C	10	1.400	6.560	0.041
BPP_new_20_1000_6.C	10	1.400	6.560	0.040
BPP_new_20_1000_6.C	10	1.400	6.560	0.041
BPP_new_20_1000_6.C	10	1.400	6.560	0.042
BPP_new_20_1000_6.C	10	1.400	6.560	0.042
BPP_new_20_1000_7.C	10	1.000	6.400	0.039
BPP_new_20_1000_7.C	10	1.000	6.400	0.038
BPP_new_20_1000_7.C	10	1.000	6.400	0.038
BPP_new_20_1000_7.C	10	1.000	6.400	0.038
BPP_new_20_1000_7.C	10	1.000	6.400	0.038
BPP_new_20_1000_7.C	10	1.000	6.400	0.039
BPP_new_20_1000_7.C	10	1.000	6.400	0.038
BPP_new_20_1000_7.C	10	1.000	6.400	0.038
BPP_new_20_1000_7.C	10	1.000	6.400	0.040
BPP_new_20_1000_7.C	10	1.000	6.400	0.040
BPP_new_20_1000_8.C	9	3.400	6.760	0.036
BPP_new_20_1000_8.C	9	3.000	6.600	0.036
BPP_new_20_1000_8.C	9	3.000	6.600	0.036
BPP_new_20_1000_8.C	9	3.400	6.760	0.036
BPP_new_20_1000_8.C	9	3.000	6.600	0.037
BPP_new_20_1000_8.C	9	3.000	6.600	0.036
BPP_new_20_1000_8.C	9	3.000	6.600	0.036
BPP_new_20_1000_8.C	9	3.000	6.600	0.036
BPP_new_20_1000_8.C	9	3.000	6.600	0.036
BPP_new_20_1000_8.C	9	3.000	6.600	0.036
BPP_new_20_1000_9.C	13	3.000	9.000	0.048
BPP_new_20_1000_9.C	13	3.000	9.000	0.047
BPP_new_20_1000_9.C	13	3.000	9.000	0.048
BPP_new_20_1000_9.C	13	3.000	9.000	0.047
BPP_new_20_1000_9.C	13	3.000	9.000	0.048
BPP_new_20_1000_9.C	13	3.000	9.000	0.050
BPP_new_20_1000_9.C	13	3.000	9.000	0.049
BPP_new_20_1000_9.C	13	3.000	9.000	0.047
BPP_new_20_1000_9.C	13	3.000	9.000	0.047
BPP_new_20_1000_9.C	13	3.000	9.000	0.047
BPP_new_20_100_1.C	11	3.600	8.040	0.004
BPP_new_20_100_1.C	11	3.600	8.040	0.004
BPP_new_20_100_1.C	11	3.600	8.040	0.004
BPP_new_20_100_1.C	11	3.600	8.040	0.004
BPP_new_20_100_1.C	11	3.600	8.040	0.004
BPP_new_20_100_1.C	11	3.600	8.040	0.004
BPP_new_20_100_1.C	11	3.600	8.040	0.004
BPP_new_20_100_1.C	11	3.600	8.040	0.004
BPP_new_20_100_1.C	11	3.600	8.040	0.004
BPP_new_20_100_1.C	11	3.600	8.040	0.004
BPP_new_20_100_10.C	9	2.400	6.360	0.003
BPP_new_20_100_10.C	9	2.400	6.360	0.003
BPP_new_20_100_10.C	9	2.400	6.360	0.003
BPP_new_20_100_10.C	9	2.400	6.360	0.003
BPP_new_20_100_10.C	9	2.400	6.360	0.003
BPP_new_20_100_10.C	9	2.400	6.360	0.003
BPP_new_20_100_10.C	9	2.400	6.360	0.003
BPP_new_20_100_10.C	9	2.400	6.360	0.003
BPP_new_20_100_10.C	9	2.400	6.360	0.003
BPP_new_20_100_10.C	9	2.400	6.360	0.003
BPP_new_20_100_2.C	13	3.000	9.000	0.004
BPP_new_20_100_2.C	13	3.000	9.000	0.004
BPP_new_20_100_2.C	13	3.000	9.000	0.004
BPP_new_20_100_2.C	13	3.000	9.000	0.004
BPP_new_20_100_2.C	13	3.000	9.000	0.004
BPP_new_20_100_2.C	13	3.000	9.000	0.004
BPP_new_20_100_2.C	13	3.000	9.000	0.004
BPP_new_20_100_2.C	13	3.000	9.000	0.004
BPP_new_20_100_2.C	13	3.000	9.000	0.004
BPP_new_20_100_2.C	13	3.000	9.000	0.004
BPP_new_20_100_3.C	8	0.200	4.880	0.003
BPP_new_20_100_3.C	8	0.200	4.880	0.003
BPP_new_20_100_3.C	8	0.200	4.880	0.003
BPP_new_20_100_3.C	8	0.200	4.880	0.003
BPP_new_20_100_3.C	8	0.200	4.880	0.003
BPP_new_20_100_3.C	8	0.200	4.880	0.003
BPP_new_20_100_3.C	8	0.200	4.880	0.003
BPP_new_20_100_3.C	8	0.200	4.880	0.003
BPP_new_20_100_3.C	8	0.200	4.880	0.003
BPP_new_20_100_3.C	8	0.200	4.880	0.003
BPP_new_20_100_4.C	10	2.200	6.880	0.003
BPP_new_20_100_4.C	10	2.200	6.880	0.003
BPP_new_20_100_4.C	10	2.200	6.880	0.003
BPP_new_20_100_4.C	10	2.200	6.880	0.003
BPP_new_20_100_4.C	10	2.200	6.880	0.004
BPP_new_20_100_4.C	10	2.200	6.880	0.003
BPP_new_20_100_4.C	10	2.200	6.880	0.003
BPP_new_20_100_4.C	10	2.200	6.880	0.003
BPP_new_20_100_4.C	10	2.200	6.880	0.003
BPP_new_20_100_4.C	10	2.200	6.880	0.003
BPP_new_20_100_5.C	11	2.400	7.560	0.004
BPP_new_20_100_5.C	11	2.600	7.640	0.004
BPP_new_20_100_5.C	11	2.600	7.640	0.004
BPP_new_20_100_5.C	11	2.800	7.720	0.004
BPP_new_20_100_5.C	11	2.400	7.560	0.004
BPP_new_20_100_5.C	11	2.600	7.640	0.004
BPP_new_20_100_5.C	11	2.600	7.640	0.004
BPP_new_20_100_5.C	11	2.800	7.720	0.004
BPP_new_20_100_5.C	11	2.800	7.720	0.004
BPP_new_20_100_5.C	11	2.600	7.640	0.004
BPP_new_20_100_6.C	8	1.600	5.440	0.003
BPP_new_20_100_6.C	8	1.600	5.440	0.003
BPP_new_20_100_6.C	8	1.600	5.440	0.003
BPP_new_20_100_6.C	8	1.600	5.440	0.003
BPP_new_20_100_6.C	8	1.600	5.440	0.003
BPP_new_20_100_6.C	8	1.600	5.440	0.003
BPP_new_20_100_6.C	8	1.600	5.440	0.003
BPP_new_20_100_6.C	8	1.600	5.440	0.003
BPP_new_20_100_6.C	8	1.600	5.440	0.003
BPP_new_20_100_6.C	8	1.600	5.440	0.004
BPP_new_20_100_7.C	8	0.800	5.120	0.003
BPP_new_20_100_7.C	8	0.800	5.120	0.003
BPP_new_20_100_7.C	8	0.800	5.120	0.003
BPP_new_20_100_7.C	8	0.800	5.120	0.003
BPP_new_20_100_7.C	8	0.800	5.120	0.003
BPP_new_20_100_7.C	8	0.800	5.120	0.003
BPP_new_20_100_7.C	8	0.800	5.120	0.003
BPP_new_20_100_7.C	8	0.800	5.120	0.003
BPP_new_20_100_7.C	8	0.800	5.120	0.003
BPP_new_20_100_7.C	8	0.800	5.120	0.003
BPP_new_20_100_8.C	11	3.200	7.880	0.004
BPP_new_20_100_8.C	11	3.200	7.880	0.004
BPP_new_20_100_8.C	11	3.200	7.880	0.004
BPP_new_20_100_8.C	11	3.200	7.880	0.004
BPP_new_20_100_8.C	11	3.200	7.880	0.004
BPP_new_20_100_8.C	11	3.200	7.880	0.004
BPP_new_20_100_8.C	11	3.200	7.880	0.004
BPP_new_20_100_8.C	11	3.200	7.880	0.004
BPP_new_20_100_8.C	11	3.200	7.880	0.003
BPP_new_20_100_8.C	11	3.200	7.880	0.004
BPP_new_20_100_9.C	14	3.000	9.600	0.004
BPP_new_20_100_9.C	14	3.000	9.600	0.004
BPP_new_20_100_9.C	14	3.000	9.600	0.004
BPP_new_20_100_9.C	14	3.000	9.600	0.004
BPP_new_20_100_9.C	14	3.000	9.600	0.004
BPP_new_20_100_9.C	14	3.000	9.600	0.004
BPP_new_20_100_9.C	14	3.000	9.600	0.004
BPP_new_20_100_9.C	14	3.000	9.600	0.004
BPP_new_20_100_9.C	14	3.000	9.600	0.004
BPP_new_20_100_9.C	14	3.000	9.600	0.004
BPP_new_20_120_1.C	10	1.800	6.720	0.004
BPP_new_20_120_1.C	10	1.800	6.720	0.004
BPP_new_20_120_1.C	10	1.800	6.720	0.004
BPP_new_20_120_1.C	10	1.800	6.720	0.004
BPP_new_20_120_1.C	10	1.800	6.720	0.004
BPP_new_20_120_1.C	10	1.800	6.720	0.004
BPP_new_20_120_1.C	10	1.800	6.720	0.004
BPP_new_20_120_1.C	10	1.800	6.720	0.004
BPP_new_20_120_1.C	10	1.800	6.720	0.004
BPP_new_20_120_1.C	10	1.800	6.720	0.004
BPP_new_20_120_10.C	15	4.200	10.680	0.005
BPP_new_20_120_10.C	15	4.200	10.680	0.005
BPP_new_20_120_10.C	15	4.200	10.680	0.005
BPP_new_20_120_10.C	15	4.200	10.680	0.005
BPP_new_20_120_10.C	15	4.200	10.680	0.005
BPP_new_20_120_10.C	15	4.200	10.680	0.005
BPP_new_20_120_10.C	15	4.200	10.680	0.005
BPP_new_20_120_10.C	15	4.200	10.680	0.005
BPP_new_20_120_10.C	15	4.200	10.680	0.005
BPP_new_20_120_10.C	15	4.200	10.680	0.005
BPP_new_20_120_2.C	10	2.800	7.120	0.004
BPP_new_20_120_2.C	10	2.800	7.120	0.003
BPP_new_20_120_2.C	10	2.800	7.120	0.003
BPP_new_20_120_2.C	10	2.800	7.120	0.004
BPP_new_20_120_2.C	10	2.800	7.120	0.004
BPP_new_20_120_2.C	10	2.800	7.120	0.004
BPP_new_20_120_2.C	10	2.800	7.120	0.004
BPP_new_20_120_2.C	10	2.800	7.120	0.004
BPP_new_20_120_2.C	10	2.800	7.120	0.004
BPP_new_20_120_2.C	10	2.800	7.120	0.004
BPP_new_20_120_3.C	11	2.800	7.720	0.004
BPP_new_20_120_3.C	11	2.800	7.720	0.004
BPP_new_20_120_3.C	11	2.800	7.720	0.004
BPP_new_20_120_3.C	11	2.800	7.720	0.004
BPP_new_20_120_3.C	11	2.800	7.720	0.004
BPP_new_20_120_3.C	11	2.800	7.720	0.004
BPP_new_20_120_3.C	11	2.800	7.720	0.004
BPP_new_20_120_3.C	11	2.800	7.720	0.004
BPP_new_20_120_3.C	11	2.800	7.720	0.004
BPP_new_20_120_3.C	11	2.800	7.720	0.004
BPP_new_20_120_4.C	11	2.600	7.640	0.004
BPP_new_20_120_4.C	11	2.600	7.640	0.004
BPP_new_20_120_4.C	11	2.600	7.640	0.004
BPP_new_20_120_4.C	11	2.600	7.640	0.004
BPP_new_20_120_4.C	11	2.600	7.640	0.005
BPP_new_20_120_4.C	11	2.600	7.640	0.004
BPP_new_20_120_4.C	11	2.600	7.640	0.004
BPP_new_20_120_4.C	11	2.600	7.640	0.005
BPP_new_20_120_4.C	11	2.600	7.640	0.004
BPP_new_20_120_4.C	11	2.600	7.640	0.004
BPP_new_20_120_5.C	11	2.000	7.400	0.004
BPP_new_20_120_5.C	11	2.000	7.400	0.004
BPP_new_20_120_5.C	11	2.000	7.400	0.004
BPP_new_20_120_5.C	11	2.000	7.400	0.004
BPP_new_20_120_5.C	11	2.000	7.400	0.004
BPP_new_20_120_5.C	11	2.000	7.400	0.004
BPP_new_20_120_5.C	11	2.000	7.400	0.004
BPP_new_20_120_5.C	11	2.000	7.400	0.004
BPP_new_20_120_5.C	11	2.000	7.400	0.004
BPP_new_20_120_5.C	11	2.000	7.400	0.004
BPP_new_20_120_6.C	9	0.800	5.720	0.003
BPP_new_20_120_6.C	9	0.800	5.720	0.003
BPP_new_20_120_6.C	9	0.800	5.720	0.003
BPP_new_20_120_6.C	9	0.800	5.720	0.003
BPP_new_20_120_6.C	9	0.800	5.720	0.003
BPP_new_20_120_6.C	9	0.800	5.720	0.003
BPP_new_20_120_6.C	9	0.800	5.720	0.003
BPP_new_20_120_6.C	9	0.800	5.720	0.003
BPP_new_20_120_6.C	9	0.800	5.720	0.003
BPP_new_20_120_6.C	9	0.800	5.720	0.003
BPP_new_20_120_7.C	10	0.600	6.240	0.004
BPP_new_20_120_7.C	10	0.600	6.240	0.004
BPP_new_20_120_7.C	10	0.600	6.240	0.004
BPP_new_20_120_7.C	10	0.600	6.240	0.004
BPP_new_20_120_7.C	10	0.600	6.240	0.004
BPP_new_20_120_7.C	10	0.600	6.240	0.004
BPP_new_20_120_7.C	10	0.600	6.240	0.004
BPP_new_20_120_7.C	10	0.600	6.240	0.004
BPP_new_20_120_7.C	10	0.600	6.240	0.004
BPP_new_20_120_7.C	10	0.600	6.240	0.004
BPP_new_20_120_8.C	11	5.000	8.600	0.004
BPP_new_20_120_8.C	11	5.000	8.600	0.004
BPP_new_20_120_8.C	11	5.000	8.600	0.004
BPP_new_20_120_8.C	11	5.000	8.600	0.004
BPP_new_20_120_8.C	11	5.000	8.600	0.004
BPP_new_20_120_8.C	11	5.000	8.600	0.004
BPP_new_20_120_8.C	11	5.000	8.600	0.004
BPP_new_20_120_8.C	11	5.000	8.600	0.004
BPP_new_20_120_8.C	11	5.000	8.600	0.004
BPP_new_20_120_8.C	11	5.000	8.600	0.004
BPP_new_20_120_9.C	13	2.400	8.760	0.005
BPP_new_20_120_9.C	13	2.400	8.760	0.006
BPP_new_20_120_9.C	13	2.400	8.760	0.005
BPP_new_20_120_9.C	13	2.400	8.760	0.005
BPP_new_20_120_9.C	13	2.400	8.760	0.005
BPP_new_20_120_9.C	13	2.400	8.760	0.005
BPP_new_20_120_9.C	13	2.400	8.760	0.005
BPP_new_20_120_9.C	13	2.400	8.760	0.005
BPP_new_20_120_9.C	13	2.400	8.760	0.005
BPP_new_20_120_9.C	13	2.400	8.760	0.004
BPP_new_20_125_1.C	11	5.600	8.840	0.005
BPP_new_20_125_1.C	11	5.400	8.760	0.005
BPP_new_20_125_1.C	11	5.200	8.680	0.005
BPP_new_20_125_1.C	11	5.400	8.760	0.005
BPP_new_20_125_1.C	11	5.400	8.760	0.005
BPP_new_20_125_1.C	11	5.400	8.760	0.005
BPP_new_20_125_1.C	11	5.400	8.760	0.005
BPP_new_20_125_1.C	11	5.400	8.760	0.005
BPP_new_20_125_1.C	11	5.400	8.760	0.005
BPP_new_20_125_1.C	11	5.600	8.840	0.005
BPP_new_20_125_10.C	9	1.000	5.800	0.004
BPP_new_20_125_10.C	9	1.000	5.800	0.004
BPP_new_20_125_10.C	9	1.000	5.800	0.004
BPP_new_20_125_10.C	9	1.000	5.800	0.004
BPP_new_20_125_10.C	9	1.000	5.800	0.004
BPP_new_20_125_10.C	9	1.000	5.800	0.004
BPP_new_20_125_10.C	9	1.000	5.800	0.004
BPP_new_20_125_10.C	9	1.000	5.800	0.004
BPP_new_20_125_10.C	9	1.000	5.800	0.004
BPP_new_20_125_10.C	9	1.000	5.800	0.004
BPP_new_20_125_2.C	8	2.200	5.680	0.003
BPP_new_20_125_2.C	8	2.200	5.680	0.003
BPP_new_20_125_2.C	8	2.200	5.680	0.003
BPP_new_20_125_2.C	8	2.200	5.680	0.003
BPP_new_20_125_2.C	8	2.200	5.680	0.003
BPP_new_20_125_2.C	8	2.200	5.680	0.003
BPP_new_20_125_2.C	8	2.200	5.680	0.003
BPP_new_20_125_2.C	8	2.200	5.680	0.003
BPP_new_20_125_2.C	8	2.200	5.680	0.003
BPP_new_20_125_2.C	8	2.200	5.680	0.003
BPP_new_20_125_3.C	9	2.400	6.360	0.004
BPP_new_20_125_3.C	9	2.400	6.360	0.004
BPP_new_20_125_3.C	9	2.400	6.360	0.004
BPP_new_20_125_3.C	9	2.400	6.360	0.004
BPP_new_20_125_3.C	9	2.400	6.360	0.004
BPP_new_20_125_3.C	9	2.400	6.360	0.004
BPP_new_20_125_3.C	9	2.400	6.360	0.004
BPP_new_20_125_3.C	9	2.400	6.360	0.003
BPP_new_20_125_3.C	9	2.400	6.360	0.004
BPP_new_20_125_3.C	9	2.400	6.360	0.004
BPP_new_20_125_4.C	11	2.000	7.400	0.004
BPP_new_20_125_4.C	11	2.000	7.400	0.004
BPP_new_20_125_4.C	11	2.000	7.400	0.005
BPP_new_20_125_4.C	11	2.000	7.400	0.004
BPP_new_20_125_4.C	11	2.000	7.400	0.004
BPP_new_20_125_4.C	11	2.000	7.400	0.004
BPP_new_20_125_4.C	11	2.000	7.400	0.004
BPP_new_20_125_4.C	11	2.000	7.400	0.004
BPP_new_20_125_4.C	11	2.000	7.400	0.004
BPP_new_20_125_4.C	11	2.000	7.400	0.004
BPP_new_20_125_5.C	13	4.000	9.400	0.005
BPP_new_20_125_5.C	13	4.000	9.400	0.004
BPP_new_20_125_5.C	13	4.000	9.400	0.004
BPP_new_20_125_5.C	13	4.000	9.400	0.004
BPP_new_20_125_5.C	13	4.000	9.400	0.004
BPP_new_20_125_5.C	13	4.000	9.400	0.005
BPP_new_20_125_5.C	13	4.000	9.400	0.004
BPP_new_20_125_5.C	13	4.000	9.400	0.005
BPP_new_20_125_5.C	13	4.000	9.400	0.005
BPP_new_20_125_5.C	13	4.000	9.400	0.005
BPP_new_20_125_6.C	11	5.000	8.600	0.004
BPP_new_20_125_6.C	11	4.800	8.520	0.004
BPP_new_20_125_6.C	11	4.800	8.520	0.004
BPP_new_20_125_6.C	11	5.000	8.600	0.004
BPP_new_20_125_6.C	11	4.800	8.520	0.004
BPP_new_20_125_6.C	11	4.800	8.520	0.004
BPP_new_20_125_6.C	11	4.800	8.520	0.004
BPP_new_20_125_6.C	11	5.000	8.600	0.004
BPP_new_20_125_6.C	11	5.000	8.600	0.004
BPP_new_20_125_6.C	11	5.000	8.600	0.004
BPP_new_20_125_7.C	11	4.000	8.200	0.004
BPP_new_20_125_7.C	11	4.000	8.200	0.004
BPP_new_20_125_7.C	11	4.000	8.200	0.004
BPP_new_20_125_7.C	11	4.000	8.200	0.004
BPP_new_20_125_7.C	11	4.000	8.200	0.004
BPP_new_20_125_7.C	11	4.000	8.200	0.004
BPP_new_20_125_7.C	11	4.000	8.200	0.004
BPP_new_20_125_7.C	11	4.000	8.200	0.004
BPP_new_20_125_7.C	11	4.000	8.200	0.004
BPP_new_20_125_7.C	11	4.000	8.200	0.005
BPP_new_20_125_8.C	10	3.400	7.360	0.005
BPP_new_20_125_8.C	10	3.400	7.360	0.004
BPP_new_20_125_8.C	10	3.400	7.360	0.004
BPP_new_20_125_8.C	10	3.400	7.360	0.004
BPP_new_20_125_8.C	10	3.400	7.360	0.004
BPP_new_20_125_8.C	10	3.400	7.360	0.004
BPP_new_20_125_8.C	10	3.400	7.360	0.004
BPP_new_20_125_8.C	10	3.400	7.360	0.004
BPP_new_20_125_8.C	10	3.400	7.360	0.004
BPP_new_20_125_8.C	10	3.400	7.360	0.004
BPP_new_20_125_9.C	10	1.200	6.480	0.004
BPP_new_20_125_9.C	10	1.200	6.480	0.004
BPP_new_20_125_9.C	10	1.200	6.480	0.004
BPP_new_20_125_9.C	10	1.200	6.480	0.004
BPP_new_20_125_9.C	10	1.200	6.480	0.004
BPP_new_20_125_9.C	10	1.200	6.480	0.004
BPP_new_20_125_9.C	10	1.200	6.480	0.004
BPP_new_20_125_9.C	10	1.200	6.480	0.004
BPP_new_20_125_9.C	10	1.200	6.480	0.004
BPP_new_20_125_9.C	10	1.200	6.480	0.004
BPP_new_20_150_1.C	9	0.200	5.480	0.004
BPP_new_20_150_1.C	9	0.200	5.480	0.004
BPP_new_20_150_1.C	9	0.200	5.480	0.004
BPP_new_20_150_1.C	9	0.200	5.480	0.004
BPP_new_20_150_1.C	9	0.200	5.480	0.004
BPP_new_20_150_1.C	9	0.200	5.480	0.004
BPP_new_20_150_1.C	9	0.200	5.480	0.004
BPP_new_20_150_1.C	9	0.200	5.480	0.004
BPP_new_20_150_1.C	9	0.200	5.480	0.004
BPP_new_20_150_1.C	9	0.200	5.480	0.004
BPP_new_20_150_10.C	10	1.800	6.720	0.004
BPP_new_20_150_10.C	10	1.800	6.720	0.004
BPP_new_20_150_10.C	10	1.800	6.720	0.005
BPP_new_20_150_10.C	10	1.800	6.720	0.005
BPP_new_20_150_10.C	10	1.800	6.720	0.005
BPP_new_20_150_10.C	10	1.800	6.720	0.005
BPP_new_20_150_10.C	10	1.800	6.720	0.004
BPP_new_20_150_10.C	10	1.800	6.720	0.005
BPP_new_20_150_10.C	10	1.800	6.720	0.004
BPP_new_20_150_10.C	10	1.800	6.720	0.004
BPP_new_20_150_2.C	10	1.400	6.560	0.004
BPP_new_20_150_2.C	10	1.400	6.560	0.004
BPP_new_20_150_2.C	10	1.400	6.560	0.004
BPP_new_20_150_2.C	10	1.400	6.560	0.004
BPP_new_20_150_2.C	10	1.400	6.560	0.004
BPP_new_20_150_2.C	10	1.400	6.560	0.004
BPP_new_20_150_2.C	10	1.400	6.560	0.004
BPP_new_20_150_2.C	10	1.400	6.560	0.004
BPP_new_20_150_2.C	10	1.400	6.560	0.004
BPP_new_20_150_2.C	10	1.400	6.560	0.004
BPP_new_20_150_3.C	9	3.600	6.840	0.004
BPP_new_20_150_3.C	9	3.600	6.840	0.004
BPP_new_20_150_3.C	9	3.600	6.840	0.004
BPP_new_20_150_3.C	9	3.400	6.760	0.004
BPP_new_20_150_3.C	9	3.600	6.840	0.004
BPP_new_20_150_3.C	9	3.600	6.840	0.004
BPP_new_20_150_3.C	9	3.600	6.840	0.004
BPP_new_20_150_3.C	9	3.600	6.840	0.004
BPP_new_20_150_3.C	9	3.600	6.840	0.004
BPP_new_20_150_3.C	9	3.600	6.840	0.004
BPP_new_20_150_4.C	8	3.200	6.080	0.004
BPP_new_20_150_4.C	8	3.000	6.000	0.003
BPP_new_20_150_4.C	8	3.200	6.080	0.003
BPP_new_20_150_4.C	8	3.200	6.080	0.004
BPP_new_20_150_4.C	8	3.200	6.080	0.004
BPP_new_20_150_4.C	8	3.000	6.000	0.004
BPP_new_20_150_4.C	8	3.000	6.000	0.004
BPP_new_20_150_4.C	8	3.200	6.080	0.004
BPP_new_20_150_4.C	8	3.200	6.080	0.004
BPP_new_20_150_4.C	8	3.200	6.080	0.004
BPP_new_20_150_5.C	11	1.000	7.000	0.005
BPP_new_20_150_5.C	11	1.000	7.000	0.005
BPP_new_20_150_5.C	11	1.000	7.000	0.005
BPP_new_20_150_5.C	11	1.000	7.000	0.005
BPP_new_20_150_5.C	11	1.000	7.000	0.005
BPP_new_20_150_5.C	11	1.000	7.000	0.005
BPP_new_20_150_5.C	11	1.000	7.000	0.005
BPP_new_20_150_5.C	11	1.000	7.000	0.005
BPP_new_20_150_5.C	11	1.000	7.000	0.005
BPP_new_20_150_5.C	11	1.000	7.000	0.005
BPP_new_20_150_6.C	10	4.800	7.920	0.005
BPP_new_20_150_6.C	10	4.400	7.760	0.004
BPP_new_20_150_6.C	10	4.600	7.840	0.004
BPP_new_20_150_6.C	10	4.600	7.840	0.004
BPP_new_20_150_6.C	10	4.800	7.920	0.004
BPP_new_20_150_6.C	10	4.600	7.840	0.004
BPP_new_20_150_6.C	10	4.800	7.920	0.005
BPP_new_20_150_6.C	10	4.000	7.600	0.004
BPP_new_20_150_6.C	10	4.000	7.600	0.004
BPP_new_20_150_6.C	10	4.200	7.680	0.005
BPP_new_20_150_7.C	12	2.000	8.000	0.005
BPP_new_20_150_7.C	12	2.000	8.000	0.005
BPP_new_20_150_7.C	12	2.000	8.000	0.005
BPP_new_20_150_7.C	12	2.000	8.000	0.005
BPP_new_20_150_7.C	12	2.000	8.000	0.005
BPP_new_20_150_7.C	12	2.000	8.000	0.005
BPP_new_20_150_7.C	12	2.000	8.000	0.005
BPP_new_20_150_7.C	12	2.000	8.000	0.005
BPP_new_20_150_7.C	12	2.000	8.000	0.005
BPP_new_20_150_7.C	12	2.000	8.000	0.005
BPP_new_20_150_8.C	8	3.200	6.080	0.004
BPP_new_20_150_8.C	8	3.200	6.080	0.004
BPP_new_20_150_8.C	8	3.200	6.080	0.004
BPP_new_20_150_8.C	8	3.200	6.080	0.004
BPP_new_20_150_8.C	8	3.200	6.080	0.004
BPP_new_20_150_8.C	8	3.200	6.080	0.004
BPP_new_20_150_8.C	8	3.200	6.080	0.004
BPP_new_20_150_8.C	8	3.200	6.080	0.004
BPP_new_20_150_8.C	8	3.200	6.080	0.004
BPP_new_20_150_8.C	8	3.200	6.080	0.004
BPP_new_20_150_9.C	14	3.000	9.600	0.005
BPP_new_20_150_9.C	14	3.000	9.600	0.005
BPP_new_20_150_9.C	14	3.000	9.600	0.005
BPP_new_20_150_9.C	14	3.000	9.600	0.005
BPP_new_20_150_9.C	14	3.000	9.600	0.005
BPP_new_20_150_9.C	14	3.000	9.600	0.005
BPP_new_20_150_9.C	14	3.000	9.600	0.005
BPP_new_20_150_9.C	14	3.000	9.600	0.005
BPP_new_20_150_9.C	14	3.000	9.600	0.006
BPP_new_20_150_9.C	14	3.000	9.600	0.005
BPP_new_20_200_1.C	8	2.800	5.920	0.005
BPP_new_20_200_1.C	8	2.800	5.920	0.004
BPP_new_20_200_1.C	8	2.800	5.920	0.004
BPP_new_20_200_1.C	8	2.800	5.920	0.004
BPP_new_20_200_1.C	8	2.800	5.920	0.005
BPP_new_20_200_1.C	8	2.800	5.920	0.004
BPP_new_20_200_1.C	8	2.800	5.920	0.004
BPP_new_20_200_1.C	8	2.800	5.920	0.004
BPP_new_20_200_1.C	8	2.800	5.920	0.004
BPP_new_20_200_1.C	8	2.800	5.920	0.005
BPP_new_20_200_10.C	12	5.000	9.200	0.006
BPP_new_20_200_10.C	12	5.000	9.200	0.006
BPP_new_20_200_10.C	12	5.000	9.200	0.006
BPP_new_20_200_10.C	12	5.000	9.200	0.006
BPP_new_20_200_10.C	12	5.000	9.200	0.006
BPP_new_20_200_10.C	12	5.000	9.200	0.006
BPP_new_20_200_10.C	12	5.000	9.200	0.006
BPP_new_20_200_10.C	12	5.000	9.200	0.006
BPP_new_20_200_10.C	12	5.000	9.200	0.006
BPP_new_20_200_10.C	12	5.000	9.200	0.006
BPP_new_20_200_2.C	12	4.800	9.120	0.006
BPP_new_20_200_2.C	12	4.800	9.120	0.006
BPP_new_20_200_2.C	12	5.000	9.200	0.006
BPP_new_20_200_2.C	12	4.800	9.120	0.006
BPP_new_20_200_2.C	12	4.800	9.120	0.006
BPP_new_20_200_2.C	12	4.800	9.120	0.006
BPP_new_20_200_2.C	12	4.800	9.120	0.006
BPP_new_20_200_2.C	12	4.800	9.120	0.006
BPP_new_20_200_2.C	12	4.800	9.120	0.006
BPP_new_20_200_2.C	12	4.800	9.120	0.006
BPP_new_20_200_3.C	13	2.000	8.600	0.006
BPP_new_20_200_3.C	13	2.000	8.600	0.006
BPP_new_20_200_3.C	13	2.000	8.600	0.006
BPP_new_20_200_3.C	13	2.000	8.600	0.006
BPP_new_20_200_3.C	13	2.000	8.600	0.006
BPP_new_20_200_3.C	13	2.000	8.600	0.006
BPP_new_20_200_3.C	13	2.000	8.600	0.006
BPP_new_20_200_3.C	13	2.000	8.600	0.006
BPP_new_20_200_3.C	13	2.000	8.600	0.006
BPP_new_20_200_3.C	13	2.000	8.600	0.006
BPP_new_20_200_4.C	9	4.000	7.000	0.005
BPP_new_20_200_4.C	9	4.000	7.000	0.006
BPP_new_20_200_4.C	9	4.000	7.000	0.005
BPP_new_20_200_4.C	9	4.000	7.000	0.004
BPP_new_20_200_4.C	9	4.000	7.000	0.005
BPP_new_20_200_4.C	9	4.000	7.000	0.005
BPP_new_20_200_4.C	9	4.000	7.000	0.005
BPP_new_20_200_4.C	9	4.000	7.000	0.005
BPP_new_20_200_4.C	9	4.000	7.000	0.005
BPP_new_20_200_4.C	9	4.000	7.000	0.004
BPP_new_20_200_5.C	11	4.000	8.200	0.006
BPP_new_20_200_5.C	11	4.000	8.200	0.006
BPP_new_20_200_5.C	11	4.200	8.280	0.006
BPP_new_20_200_5.C	11	4.000	8.200	0.006
BPP_new_20_200_5.C	11	4.200	8.280	0.005
BPP_new_20_200_5.C	11	4.200	8.280	0.005
BPP_new_20_200_5.C	11	4.000	8.200	0.005
BPP_new_20_200_5.C	11	4.200	8.280	0.006
BPP_new_20_200_5.C	11	4.000	8.200	0.005
BPP_new_20_200_5.C	11	4.000	8.200	0.006
BPP_new_20_200_6.C	8	3.400	6.160	0.005
BPP_new_20_200_6.C	8	3.400	6.160	0.004
BPP_new_20_200_6.C	8	3.400	6.160	0.004
BPP_new_20_200_6.C	8	3.400	6.160	0.004
BPP_new_20_200_6.C	8	3.400	6.160	0.004
BPP_new_20_200_6.C	8	3.400	6.160	0.005
BPP_new_20_200_6.C	8	3.400	6.160	0.005
BPP_new_20_200_6.C	8	3.400	6.160	0.005
BPP_new_20_200_6.C	8	3.400	6.160	0.004
BPP_new_20_200_6.C	8	3.400	6.160	0.004
BPP_new_20_200_7.C	12	3.400	8.560	0.006
BPP_new_20_200_7.C	12	3.400	8.560	0.006
BPP_new_20_200_7.C	12	3.400	8.560	0.006
BPP_new_20_200_7.C	12	3.400	8.560	0.006
BPP_new_20_200_7.C	12	3.400	8.560	0.006
BPP_new_20_200_7.C	12	3.400	8.560	0.006
BPP_new_20_200_7.C	12	3.400	8.560	0.006
BPP_new_20_200_7.C	12	3.400	8.560	0.006
BPP_new_20_200_7.C	12	3.400	8.560	0.006
BPP_new_20_200_7.C	12	3.400	8.560	0.006
BPP_new_20_200_8.C	10	3.000	7.200	0.005
BPP_new_20_200_8.C	10	3.000	7.200	0.005
BPP_new_20_200_8.C	10	3.000	7.200	0.005
BPP_new_20_200_8.C	10	3.000	7.200	0.005
BPP_new_20_200_8.C	10	3.000	7.200	0.005
BPP_new_20_200_8.C	10	3.000	7.200	0.005
BPP_new_20_200_8.C	10	3.000	7.200	0.005
BPP_new_20_200_8.C	10	3.000	7.200	0.005
BPP_new_20_200_8.C	10	3.000	7.200	0.005
BPP_new_20_200_8.C	10	3.000	7.200	0.005
BPP_new_20_200_9.C	9	1.200	5.880	0.005
BPP_new_20_200_9.C	9	1.200	5.880	0.005
BPP_new_20_200_9.C	9	1.200	5.880	0.005
BPP_new_20_200_9.C	9	1.200	5.880	0.005
BPP_new_20_200_9.C	9	1.200	5.880	0.005
BPP_new_20_200_9.C	9	1.200	5.880	0.005
BPP_new_20_200_9.C	9	1.200	5.880	0.005
BPP_new_20_200_9.C	9	1.200	5.880	0.005
BPP_new_20_200_9.C	9	1.200	5.880	0.005
BPP_new_20_200_9.C	9	1.200	5.880	0.005
BPP_new_20_300_1.C	8	2.000	5.600	0.009
BPP_new_20_300_1.C	8	2.000	5.600	0.009
BPP_new_20_300_1.C	8	2.000	5.600	0.009
BPP_new_20_300_1.C	8	2.000	5.600	0.009
BPP_new_20_300_1.C	8	2.000	5.600	0.008
BPP_new_20_300_1.C	8	2.000	5.600	0.009
BPP_new_20_300_1.C	8	2.000	5.600	0.009
BPP_new_20_300_1.C	8	2.000	5.600	0.008
BPP_new_20_300_1.C	8	2.000	5.600	0.009
BPP_new_20_300_1.C	8	2.000	5.600	0.009
BPP_new_20_300_10.C	11	2.800	7.720	0.011
BPP_new_20_300_10.C	11	2.800	7.720	0.011
BPP_new_20_300_10.C	11	2.800	7.720	0.011
BPP_new_20_300_10.C	11	2.800	7.720	0.011
BPP_new_20_300_10.C	11	2.800	7.720	0.011
BPP_new_20_300_10.C	11	2.800	7.720	0.011
BPP_new_20_300_10.C	11	2.800	7.720	0.011
BPP_new_20_300_10.C	11	2.800	7.720	0.011
BPP_new_20_300_10.C	11	2.800	7.720	0.011
BPP_new_20_300_10.C	11	2.800	7.720	0.011
BPP_new_20_300_2.C	10	2.200	6.880	0.010
BPP_new_20_300_2.C	10	2.200	6.880	0.010
BPP_new_20_300_2.C	10	2.200	6.880	0.011
BPP_new_20_300_2.C	10	2.200	6.880	0.011
BPP_new_20_300_2.C	10	2.200	6.880	0.011
BPP_new_20_300_2.C	10	2.200	6.880	0.011
BPP_new_20_300_2.C	10	2.200	6.880	0.011
BPP_new_20_300_2.C	10	2.200	6.880	0.010
BPP_new_20_300_2.C	10	2.200	6.880	0.010
BPP_new_20_300_2.C	10	2.200	6.880	0.011
BPP_new_20_300_3.C	12	4.000	8.800	0.012
BPP_new_20_300_3.C	12	4.000	8.800	0.012
BPP_new_20_300_3.C	12	4.000	8.800	0.012
BPP_new_20_300_3.C	12	3.800	8.720	0.012
BPP_new_20_300_3.C	12	4.000	8.800	0.012
BPP_new_20_300_3.C	12	3.800	8.720	0.012
BPP_new_20_300_3.C	12	4.000	8.800	0.012
BPP_new_20_300_3.C	12	4.000	8.800	0.012
BPP_new_20_300_3.C	12	4.000	8.800	0.012
BPP_new_20_300_3.C	12	3.800	8.720	0.012
BPP_new_20_300_4.C	9	1.400	5.960	0.010
BPP_new_20_300_4.C	9	1.400	5.960	0.010
BPP_new_20_300_4.C	9	1.400	5.960	0.010
BPP_new_20_300_4.C	9	1.800	6.120	0.010
BPP_new_20_300_4.C	9	1.800	6.120	0.010
BPP_new_20_300_4.C	9	1.400	5.960	0.010
BPP_new_20_300_4.C	9	1.400	5.960	0.010
BPP_new_20_300_4.C	9	1.600	6.040	0.010
BPP_new_20_300_4.C	9	1.800	6.120	0.010
BPP_new_20_300_4.C	9	1.400	5.960	0.010
BPP_new_20_300_5.C	9	1.800	6.120	0.009
BPP_new_20_300_5.C	9	1.800	6.120	0.009
BPP_new_20_300_5.C	9	1.800	6.120	0.009
BPP_new_20_300_5.C	9	1.800	6.120	0.009
BPP_new_20_300_5.C	9	1.800	6.120	0.009
BPP_new_20_300_5.C	9	1.800	6.120	0.009
BPP_new_20_300_5.C	9	1.800	6.120	0.009
BPP_new_20_300_5.C	9	1.800	6.120	0.009
BPP_new_20_300_5.C	9	1.800	6.120	0.009
BPP_new_20_300_5.C	9	1.800	6.120	0.009
BPP_new_20_300_6.C	10	3.000	7.200	0.010
BPP_new_20_300_6.C	10	3.000	7.200	0.010
BPP_new_20_300_6.C	10	3.000	7.200	0.011
BPP_new_20_300_6.C	10	3.000	7.200	0.011
BPP_new_20_300_6.C	10	3.000	7.200	0.010
BPP_new_20_300_6.C	10	3.000	7.200	0.009
BPP_new_20_300_6.C	10	3.000	7.200	0.010
BPP_new_20_300_6.C	10	3.000	7.200	0.010
BPP_new_20_300_6.C	10	3.000	7.200	0.010
BPP_new_20_300_6.C	10	3.000	7.200	0.010
BPP_new_20_300_7.C	12	2.000	8.000	0.011
BPP_new_20_300_7.C	12	2.000	8.000	0.011
BPP_new_20_300_7.C	12	2.000	8.000	0.011
BPP_new_20_300_7.C	12	2.000	8.000	0.012
BPP_new_20_300_7.C	12	2.000	8.000	0.012
BPP_new_20_300_7.C	12	2.000	8.000	0.011
BPP_new_20_300_7.C	12	2.000	8.000	0.011
BPP_new_20_300_7.C	12	2.000	8.000	0.012
BPP_new_20_300_7.C	12	2.000	8.000	0.011
BPP_new_20_300_7.C	12	2.000	8.000	0.011
BPP_new_20_300_8.C	9	2.000	6.200	0.009
BPP_new_20_300_8.C	9	2.000	6.200	0.010
BPP_new_20_300_8.C	9	2.000	6.200	0.010
BPP_new_20_300_8.C	9	2.000	6.200	0.010
BPP_new_20_300_8.C	9	2.000	6.200	0.010
BPP_new_20_300_8.C	9	2.000	6.200	0.010
BPP_new_20_300_8.C	9	2.000	6.200	0.010
BPP_new_20_300_8.C	9	2.000	6.200	0.010
BPP_new_20_300_8.C	9	2.000	6.200	0.010
BPP_new_20_300_8.C	9	1.800	6.120	0.010
BPP_new_20_300_9.C	9	2.600	6.440	0.009
BPP_new_20_300_9.C	9	2.800	6.520	0.010
BPP_new_20_300_9.C	9	2.800	6.520	0.010
BPP_new_20_300_9.C	9	2.600	6.440	0.010
BPP_new_20_300_9.C	9	2.800	6.520	0.010
BPP_new_20_300_9.C	9	2.600	6.440	0.010
BPP_new_20_300_9.C	9	2.800	6.520	0.009
BPP_new_20_300_9.C	9	2.600	6.440	0.009
BPP_new_20_300_9.C	9	2.800	6.520	0.010
BPP_new_20_300_9.C	9	2.800	6.520	0.010
BPP_new_20_400_1.C	10	4.000	7.600	0.018
BPP_new_20_400_1.C	10	4.000	7.600	0.017
BPP_new_20_400_1.C	10	4.000	7.600	0.018
BPP_new_20_400_1.C	10	4.000	7.600	0.017
BPP_new_20_400_1.C	10	4.000	7.600	0.018
BPP_new_20_400_1.C	10	4.000	7.600	0.017
BPP_new_20_400_1.C	10	4.000	7.600	0.017
BPP_new_20_400_1.C	10	4.000	7.600	0.017
BPP_new_20_400_1.C	10	4.000	7.600	0.017
BPP_new_20_400_1.C	10	4.000	7.600	0.018
BPP_new_20_400_10.C	11	2.200	7.480	0.018
BPP_new_20_400_10.C	11	2.200	7.480	0.018
BPP_new_20_400_10.C	11	2.200	7.480	0.019
BPP_new_20_400_10.C	11	2.200	7.480	0.019
BPP_new_20_400_10.C	11	2.200	7.480	0.019
BPP_new_20_400_10.C	11	2.200	7.480	0.019
BPP_new_20_400_10.C	11	2.200	7.480	0.019
BPP_new_20_400_10.C	11	2.200	7.480	0.019
BPP_new_20_400_10.C	11	2.200	7.480	0.019
BPP_new_20_400_10.C	11	2.200	7.480	0.019
BPP_new_20_400_2.C	11	2.200	7.480	0.018
BPP_new_20_400_2.C	11	2.200	7.480	0.018
BPP_new_20_400_2.C	11	2.200	7.480	0.018
BPP_new_20_400_2.C	11	2.200	7.480	0.018
BPP_new_20_400_2.C	11	2.200	7.480	0.018
BPP_new_20_400_2.C	11	2.200	7.480	0.021
BPP_new_20_400_2.C	11	2.200	7.480	0.018
BPP_new_20_400_2.C	11	2.200	7.480	0.018
BPP_new_20_400_2.C	11	2.200	7.480	0.018
BPP_new_20_400_2.C	11	2.200	7.480	0.018
BPP_new_20_400_3.C	8	1.600	5.440	0.015
BPP_new_20_400_3.C	8	1.600	5.440	0.015
BPP_new_20_400_3.C	8	1.600	5.440	0.014
BPP_new_20_400_3.C	8	1.600	5.440	0.015
BPP_new_20_400_3.C	8	1.600	5.440	0.014
BPP_new_20_400_3.C	8	1.600	5.440	0.014
BPP_new_20_400_3.C	8	1.600	5.440	0.015
BPP_new_20_400_3.C	8	1.600	5.440	0.014
BPP_new_20_400_3.C	8	1.600	5.440	0.015
BPP_new_20_400_3.C	8	1.600	5.440	0.014
BPP_new_20_400_4.C	9	2.000	6.200	0.016
BPP_new_20_400_4.C	9	2.000	6.200	0.015
BPP_new_20_400_4.C	9	2.000	6.200	0.016
BPP_new_20_400_4.C	9	2.000	6.200	0.016
BPP_new_20_400_4.C	9	2.000	6.200	0.016
BPP_new_20_400_4.C	9	2.000	6.200	0.016
BPP_new_20_400_4.C	9	2.000	6.200	0.015
BPP_new_20_400_4.C	9	2.000	6.200	0.016
BPP_new_20_400_4.C	9	2.000	6.200	0.023
BPP_new_20_400_4.C	9	2.000	6.200	0.016
BPP_new_20_400_5.C	11	3.600	8.040	0.019
BPP_new_20_400_5.C	11	3.600	8.040	0.019
BPP_new_20_400_5.C	11	3.600	8.040	0.018
BPP_new_20_400_5.C	11	3.600	8.040	0.019
BPP_new_20_400_5.C	11	3.600	8.040	0.019
BPP_new_20_400_5.C	11	3.600	8.040	0.018
BPP_new_20_400_5.C	11	3.600	8.040	0.018
BPP_new_20_400_5.C	11	3.600	8.040	0.019
BPP_new_20_400_5.C	11	3.600	8.040	0.018
BPP_new_20_400_5.C	11	3.600	8.040	0.019
BPP_new_20_400_6.C	9	2.800	6.520	0.016
BPP_new_20_400_6.C	9	2.800	6.520	0.016
BPP_new_20_400_6.C	9	2.800	6.520	0.016
BPP_new_20_400_6.C	9	2.800	6.520	0.017
BPP_new_20_400_6.C	9	2.800	6.520	0.017
BPP_new_20_400_6.C	9	2.800	6.520	0.016
BPP_new_20_400_6.C	9	2.800	6.520	0.017
BPP_new_20_400_6.C	9	2.800	6.520	0.016
BPP_new_20_400_6.C	9	2.800	6.520	0.017
BPP_new_20_400_6.C	9	2.800	6.520	0.017
BPP_new_20_400_7.C	9	1.000	5.800	0.015
BPP_new_20_400_7.C	9	1.000	5.800	0.015
BPP_new_20_400_7.C	9	1.000	5.800	0.015
BPP_new_20_400_7.C	9	1.000	5.800	0.015
BPP_new_20_400_7.C	9	1.000	5.800	0.015
BPP_new_20_400_7.C	8	2.400	5.760	0.015
BPP_new_20_400_7.C	8	2.000	5.600	0.015
BPP_new_20_400_7.C	8	2.400	5.760	0.015
BPP_new_20_400_7.C	8	2.000	5.600	0.015
BPP_new_20_400_7.C	9	1.000	5.800	0.015
BPP_new_20_400_8.C	11	4.000	8.200	0.020
BPP_new_20_400_8.C	11	3.800	8.120	0.019
BPP_new_20_400_8.C	11	4.000	8.200	0.019
BPP_new_20_400_8.C	11	4.000	8.200	0.020
BPP_new_20_400_8.C	11	4.000	8.200	0.019
BPP_new_20_400_8.C	11	4.000	8.200	0.020
BPP_new_20_400_8.C	11	4.000	8.200	0.019
BPP_new_20_400_8.C	11	4.000	8.200	0.019
BPP_new_20_400_8.C	11	4.000	8.200	0.019
BPP_new_20_400_8.C	11	3.800	8.120	0.019
BPP_new_20_400_9.C	9	5.600	7.640	0.018
BPP_new_20_400_9.C	9	5.600	7.640	0.018
BPP_new_20_400_9.C	9	5.600	7.640	0.018
BPP_new_20_400_9.C	9	5.600	7.640	0.019
BPP_new_20_400_9.C	9	5.600	7.640	0.019
BPP_new_20_400_9.C	9	5.600	7.640	0.018
BPP_new_20_400_9.C	9	5.600	7.640	0.018
BPP_new_20_400_9.C	9	5.600	7.640	0.018
BPP_new_20_400_9.C	9	5.600	7.640	0.019
BPP_new_20_400_9.C	9	5.600	7.640	0.018
BPP_new_20_500_1.C	8	1.600	5.440	0.017
BPP_new_20_500_1.C	8	1.600	5.440	0.017
BPP_new_20_500_1.C	8	1.600	5.440	0.017
BPP_new_20_500_1.C	8	1.600	5.440	0.017
BPP_new_20_500_1.C	8	1.600	5.440	0.017
BPP_new_20_500_1.C	8	1.600	5.440	0.017
BPP_new_20_500_1.C	8	1.600	5.440	0.017
BPP_new_20_500_1.C	8	1.600	5.440	0.017
BPP_new_20_500_1.C	8	1.600	5.440	0.017
BPP_new_20_500_1.C	8	1.600	5.440	0.017
BPP_new_20_500_10.C	7	1.400	4.760	0.015
BPP_new_20_500_10.C	7	1.400	4.760	0.015
BPP_new_20_500_10.C	7	1.400	4.760	0.015
BPP_new_20_500_10.C	7	1.400	4.760	0.015
BPP_new_20_500_10.C	7	1.400	4.760	0.016
BPP_new_20_500_10.C	7	1.400	4.760	0.016
BPP_new_20_500_10.C	7	1.400	4.760	0.015
BPP_new_20_500_10.C	7	1.400	4.760	0.016
BPP_new_20_500_10.C	7	1.400	4.760	0.015
BPP_new_20_500_10.C	7	1.400	4.760	0.015
BPP_new_20_500_2.C	9	1.800	6.120	0.019
BPP_new_20_500_2.C	9	1.800	6.120	0.019
BPP_new_20_500_2.C	9	1.800	6.120	0.019
BPP_new_20_500_2.C	9	1.800	6.120	0.019
BPP_new_20_500_2.C	9	1.800	6.120	0.018
BPP_new_20_500_2.C	9	1.800	6.120	0.019
BPP_new_20_500_2.C	9	1.800	6.120	0.019
BPP_new_20_500_2.C	9	1.800	6.120	0.019
BPP_new_20_500_2.C	9	1.800	6.120	0.019
BPP_new_20_500_2.C	9	1.800	6.120	0.019
BPP_new_20_500_3.C	10	4.000	7.600	0.022
BPP_new_20_500_3.C	10	4.000	7.600	0.022
BPP_new_20_500_3.C	10	4.000	7.600	0.023
BPP_new_20_500_3.C	10	4.000	7.600	0.022
BPP_new_20_500_3.C	10	4.000	7.600	0.022
BPP_new_20_500_3.C	10	4.000	7.600	0.022
BPP_new_20_500_3.C	10	4.000	7.600	0.022
BPP_new_20_500_3.C	10	4.200	7.680	0.022
BPP_new_20_500_3.C	10	4.000	7.600	0.022
BPP_new_20_500_3.C	10	4.000	7.600	0.022
BPP_new_20_500_4.C	11	2.400	7.560	0.022
BPP_new_20_500_4.C	11	2.400	7.560	0.021
BPP_new_20_500_4.C	11	2.400	7.560	0.022
BPP_new_20_500_4.C	11	2.400	7.560	0.021
BPP_new_20_500_4.C	11	2.400	7.560	0.022
BPP_new_20_500_4.C	11	2.400	7.560	0.023
BPP_new_20_500_4.C	11	2.400	7.560	0.022
BPP_new_20_500_4.C	11	2.400	7.560	0.022
BPP_new_20_500_4.C	11	2.400	7.560	0.021
BPP_new_20_500_4.C	11	2.400	7.560	0.021
BPP_new_20_500_5.C	8	0.000	4.800	0.015
BPP_new_20_500_5.C	8	0.000	4.800	0.015
BPP_new_20_500_5.C	8	0.000	4.800	0.015
BPP_new_20_500_5.C	8	0.000	4.800	0.015
BPP_new_20_500_5.C	8	0.000	4.800	0.015
BPP_new_20_500_5.C	8	0.000	4.800	0.015
BPP_new_20_500_5.C	8	0.000	4.800	0.015
BPP_new_20_500_5.C	8	0.000	4.800	0.015
BPP_new_20_500_5.C	8	0.000	4.800	0.015
BPP_new_20_500_5.C	8	0.000	4.800	0.016
BPP_new_20_500_6.C	10	2.000	6.800	0.020
BPP_new_20_500_6.C	10	2.000	6.800	0.020
BPP_new_20_500_6.C	10	2.000	6.800	0.021
BPP_new_20_500_6.C	10	2.000	6.800	0.020
BPP_new_20_500_6.C	10	2.000	6.800	0.020
BPP_new_20_500_6.C	10	2.000	6.800	0.020
BPP_new_20_500_6.C	10	2.000	6.800	0.020
BPP_new_20_500_6.C	10	2.000	6.800	0.020
BPP_new_20_500_6.C	10	2.000	6.800	0.020
BPP_new_20_500_6.C	10	2.000	6.800	0.020
BPP_new_20_500_7.C	13	2.800	8.920	0.024
BPP_new_20_500_7.C	13	2.800	8.920	0.024
BPP_new_20_500_7.C	13	2.800	8.920	0.024
BPP_new_20_500_7.C	13	2.800	8.920	0.024
BPP_new_20_500_7.C	13	2.800	8.920	0.024
BPP_new_20_500_7.C	13	2.800	8.920	0.024
BPP_new_20_500_7.C	13	2.800	8.920	0.024
BPP_new_20_500_7.C	13	2.800	8.920	0.024
BPP_new_20_500_7.C	13	2.800	8.920	0.024
BPP_new_20_500_7.C	13	2.800	8.920	0.024
BPP_new_20_500_8.C	11	3.000	7.800	0.023
BPP_new_20_500_8.C	11	2.400	7.560	0.023
BPP_new_20_500_8.C	11	2.400	7.560	0.023
BPP_new_20_500_8.C	11	2.600	7.640	0.023
BPP_new_20_500_8.C	11	2.400	7.560	0.023
BPP_new_20_500_8.C	11	2.400	7.560	0.023
BPP_new_20_500_8.C	11	2.400	7.560	0.022
BPP_new_20_500_8.C	11	2.600	7.640	0.023
BPP_new_20_500_8.C	11	2.400	7.560	0.023
BPP_new_20_500_8.C	11	2.400	7.560	0.023
BPP_new_20_500_9.C	11	2.400	7.560	0.022
BPP_new_20_500_9.C	11	2.400	7.560	0.021
BPP_new_20_500_9.C	11	2.400	7.560	0.022
BPP_new_20_500_9.C	11	2.400	7.560	0.022
BPP_new_20_500_9.C	11	2.400	7.560	0.022
BPP_new_20_500_9.C	11	2.400	7.560	0.022
BPP_new_20_500_9.C	11	2.400	7.560	0.022
BPP_new_20_500_9.C	11	2.400	7.560	0.022
BPP_new_20_500_9.C	11	2.400	7.560	0.022
BPP_new_20_500_9.C	11	2.400	7.560	0.021
BPP_new_20_50_1.C	13	2.600	8.840	0.003
BPP_new_20_50_1.C	13	2.600	8.840	0.003
BPP_new_20_50_1.C	13	2.600	8.840	0.003
BPP_new_20_50_1.C	13	2.600	8.840	0.003
BPP_new_20_50_1.C	13	2.600	8.840	0.004
BPP_new_20_50_1.C	13	2.600	8.840	0.003
BPP_new_20_50_1.C	13	2.600	8.840	0.003
BPP_new_20_50_1.C	13	2.600	8.840	0.004
BPP_new_20_50_1.C	13	2.600	8.840	0.003
BPP_new_20_50_1.C	13	2.600	8.840	0.003
BPP_new_20_50_10.C	13	3.000	9.000	0.003
BPP_new_20_50_10.C	13	3.000	9.000	0.003
BPP_new_20_50_10.C	13	3.000	9.000	0.003
BPP_new_20_50_10.C	13	3.000	9.000	0.003
BPP_new_20_50_10.C	13	3.000	9.000	0.003
BPP_new_20_50_10.C	13	3.000	9.000	0.003
BPP_new_20_50_10.C	13	3.000	9.000	0.003
BPP_new_20_50_10.C	13	3.000	9.000	0.003
BPP_new_20_50_10.C	13	3.000	9.000	0.003
BPP_new_20_50_10.C	13	3.000	9.000	0.003
BPP_new_20_50_2.C	9	3.400	6.760	0.003
BPP_new_20_50_2.C	9	3.400	6.760	0.003
BPP_new_20_50_2.C	9	3.400	6.760	0.003
BPP_new_20_50_2.C	9	3.400	6.760	0.003
BPP_new_20_50_2.C	9	3.400	6.760	0.003
BPP_new_20_50_2.C	9	3.400	6.760	0.003
BPP_new_20_50_2.C	9	3.400	6.760	0.003
BPP_new_20_50_2.C	9	3.400	6.760	0.003
BPP_new_20_50_2.C	9	3.400	6.760	0.003
BPP_new_20_50_2.C	9	3.400	6.760	0.003
BPP_new_20_50_3.C	9	3.600	6.840	0.003
BPP_new_20_50_3.C	9	3.600	6.840	0.003
BPP_new_20_50_3.C	8	4.600	6.640	0.003
BPP_new_20_50_3.C	9	3.600	6.840	0.003
BPP_new_20_50_3.C	9	3.600	6.840	0.003
BPP_new_20_50_3.C	9	3.600	6.840	0.003
BPP_new_20_50_3.C	9	3.600	6.840	0.003
BPP_new_20_50_3.C	8	5.000	6.800	0.003
BPP_new_20_50_3.C	9	3.600	6.840	0.003
BPP_new_20_50_3.C	8	5.000	6.800	0.003
BPP_new_20_50_4.C	14	3.600	9.840	0.004
BPP_new_20_50_4.C	14	3.400	9.760	0.004
BPP_new_20_50_4.C	14	3.600	9.840	0.004
BPP_new_20_50_4.C	14	3.400	9.760	0.004
BPP_new_20_50_4.C	14	3.600	9.840	0.004
BPP_new_20_50_4.C	14	3.600	9.840	0.004
BPP_new_20_50_4.C	14	3.600	9.840	0.004
BPP_new_20_50_4.C	14	3.600	9.840	0.004
BPP_new_20_50_4.C	14	3.600	9.840	0.004
BPP_new_20_50_4.C	14	3.600	9.840	0.004
BPP_new_20_50_5.C	9	1.800	6.120	0.003
BPP_new_20_50_5.C	9	1.800	6.120	0.003
BPP_new_20_50_5.C	9	1.800	6.120	0.003
BPP_new_20_50_5.C	9	1.800	6.120	0.003
BPP_new_20_50_5.C	9	1.800	6.120	0.003
BPP_new_20_50_5.C	9	1.800	6.120	0.003
BPP_new_20_50_5.C	9	1.800	6.120	0.003
BPP_new_20_50_5.C	9	1.800	6.120	0.003
BPP_new_20_50_5.C	9	1.800	6.120	0.003
BPP_new_20_50_5.C	9	1.800	6.120	0.003
BPP_new_20_50_6.C	9	3.000	6.600	0.003
BPP_new_20_50_6.C	9	3.000	6.600	0.003
BPP_new_20_50_6.C	9	3.000	6.600	0.003
BPP_new_20_50_6.C	9	3.000	6.600	0.003
BPP_new_20_50_6.C	9	3.000	6.600	0.003
BPP_new_20_50_6.C	9	3.000	6.600	0.003
BPP_new_20_50_6.C	9	3.000	6.600	0.003
BPP_new_20_50_6.C	9	3.000	6.600	0.003
BPP_new_20_50_6.C	9	3.000	6.600	0.003
BPP_new_20_50_6.C	9	3.000	6.600	0.003
BPP_new_20_50_7.C	11	2.800	7.720	0.003
BPP_new_20_50_7.C	11	2.800	7.720	0.003
BPP_new_20_50_7.C	11	2.800	7.720	0.003
BPP_new_20_50_7.C	11	2.800	7.720	0.003
BPP_new_20_50_7.C	11	2.800	7.720	0.003
BPP_new_20_50_7.C	11	2.800	7.720	0.003
BPP_new_20_50_7.C	11	2.800	7.720	0.003
BPP_new_20_50_7.C	11	2.800	7.720	0.003
BPP_new_20_50_7.C	11	2.800	7.720	0.003
BPP_new_20_50_7.C	11	2.800	7.720	0.003
BPP_new_20_50_8.C	12	1.000	7.600	0.003
BPP_new_20_50_8.C	12	1.000	7.600	0.003
BPP_new_20_50_8.C	12	1.000	7.600	0.003
BPP_new_20_50_8.C	12	1.000	7.600	0.003
BPP_new_20_50_8.C	12	1.000	7.600	0.003
BPP_new_20_50_8.C	12	1.000	7.600	0.003
BPP_new_20_50_8.C	12	1.000	7.600	0.003
BPP_new_20_50_8.C	12	1.000	7.600	0.004
BPP_new_20_50_8.C	12	1.000	7.600	0.003
BPP_new_20_50_8.C	12	1.000	7.600	0.003
BPP_new_20_50_9.C	9	3.200	6.680	0.003
BPP_new_20_50_9.C	9	3.200	6.680	0.003
BPP_new_20_50_9.C	9	3.200	6.680	0.003
BPP_new_20_50_9.C	9	3.200	6.680	0.003
BPP_new_20_50_9.C	9	3.200	6.680	0.003
BPP_new_20_50_9.C	9	3.000	6.600	0.003
BPP_new_20_50_9.C	9	3.200	6.680	0.003
BPP_new_20_50_9.C	9	3.000	6.600	0.003
BPP_new_20_50_9.C	9	3.200	6.680	0.003
BPP_new_20_50_9.C	9	3.200	6.680	0.003
BPP_new_20_750_1.C	10	1.400	6.560	0.029
BPP_new_20_750_1.C	10	1.400	6.560	0.028
BPP_new_20_750_1.C	10	1.400	6.560	0.028
BPP_new_20_750_1.C	10	1.400	6.560	0.029
BPP_new_20_750_1.C	10	1.400	6.560	0.029
BPP_new_20_750_1.C	10	1.400	6.560	0.029
BPP_new_20_750_1.C	10	1.400	6.560	0.028
BPP_new_20_750_1.C	10	1.400	6.560	0.029
BPP_new_20_750_1.C	10	1.400	6.560	0.029
BPP_new_20_750_1.C	10	1.400	6.560	0.029
BPP_new_20_750_10.C	11	5.000	8.600	0.033
BPP_new_20_750_10.C	11	5.000	8.600	0.033
BPP_new_20_750_10.C	11	5.000	8.600	0.033
BPP_new_20_750_10.C	11	5.000	8.600	0.033
BPP_new_20_750_10.C	11	5.000	8.600	0.032
BPP_new_20_750_10.C	11	5.000	8.600	0.032
BPP_new_20_750_10.C	11	5.000	8.600	0.033
BPP_new_20_750_10.C	11	5.000	8.600	0.033
BPP_new_20_750_10.C	11	5.000	8.600	0.032
BPP_new_20_750_10.C	11	5.000	8.600	0.033
BPP_new_20_750_2.C	9	1.800	6.120	0.026
BPP_new_20_750_2.C	9	1.800	6.120	0.026
BPP_new_20_750_2.C	9	1.800	6.120	0.025
BPP_new_20_750_2.C	9	1.800	6.120	0.027
BPP_new_20_750_2.C	9	1.800	6.120	0.025
BPP_new_20_750_2.C	9	1.800	6.120	0.026
BPP_new_20_750_2.C	9	1.800	6.120	0.026
BPP_new_20_750_2.C	9	1.800	6.120	0.026
BPP_new_20_750_2.C	9	1.800	6.120	0.026
BPP_new_20_750_2.C	9	1.800	6.120	0.026
BPP_new_20_750_3.C	10	1.000	6.400	0.027
BPP_new_20_750_3.C	9	2.400	6.360	0.027
BPP_new_20_750_3.C	9	2.000	6.200	0.028
BPP_new_20_750_3.C	10	1.000	6.400	0.027
BPP_new_20_750_3.C	9	2.200	6.280	0.027
BPP_new_20_750_3.C	9	2.400	6.360	0.027
BPP_new_20_750_3.C	9	2.000	6.200	0.028
BPP_new_20_750_3.C	10	1.000	6.400	0.027
BPP_new_20_750_3.C	10	1.000	6.400	0.027
BPP_new_20_750_3.C	9	2.000	6.200	0.028
BPP_new_20_750_4.C	9	1.200	5.880	0.026
BPP_new_20_750_4.C	9	1.200	5.880	0.026
BPP_new_20_750_4.C	9	1.200	5.880	0.025
BPP_new_20_750_4.C	9	1.200	5.880	0.025
BPP_new_20_750_4.C	9	1.200	5.880	0.026
BPP_new_20_750_4.C	9	1.200	5.880	0.026
BPP_new_20_750_4.C	9	1.200	5.880	0.025
BPP_new_20_750_4.C	9	1.200	5.880	0.025
BPP_new_20_750_4.C	9	1.200	5.880	0.026
BPP_new_20_750_4.C	9	1.200	5.880	0.026
BPP_new_20_750_5.C	12	4.600	9.040	0.036
BPP_new_20_750_5.C	12	4.600	9.040	0.035
BPP_new_20_750_5.C	12	4.600	9.040	0.035
BPP_new_20_750_5.C	12	4.600	9.040	0.035
BPP_new_20_750_5.C	12	4.600	9.040	0.035
BPP_new_20_750_5.C	12	4.600	9.040	0.035
BPP_new_20_750_5.C	12	4.600	9.040	0.037
BPP_new_20_750_5.C	12	4.600	9.040	0.035
BPP_new_20_750_5.C	12	4.600	9.040	0.035
BPP_new_20_750_5.C	12	4.600	9.040	0.035
BPP_new_20_750_6.C	10	0.000	6.000	0.028
BPP_new_20_750_6.C	10	0.000	6.000	0.028
BPP_new_20_750_6.C	10	0.000	6.000	0.028
BPP_new_20_750_6.C	10	0.000	6.000	0.027
BPP_new_20_750_6.C	10	0.000	6.000	0.028
BPP_new_20_750_6.C	10	0.000	6.000	0.028
BPP_new_20_750_6.C	10	0.000	6.000	0.028
BPP_new_20_750_6.C	10	0.000	6.000	0.028
BPP_new_20_750_6.C	10	0.000	6.000	0.028
BPP_new_20_750_6.C	10	0.000	6.000	0.029
BPP_new_20_750_7.C	11	1.800	7.320	0.032
BPP_new_20_750_7.C	11	1.800	7.320	0.032
BPP_new_20_750_7.C	11	1.800	7.320	0.032
BPP_new_20_750_7.C	11	1.800	7.320	0.032
BPP_new_20_750_7.C	11	1.800	7.320	0.032
BPP_new_20_750_7.C	11	1.800	7.320	0.032
BPP_new_20_750_7.C	11	1.800	7.320	0.032
BPP_new_20_750_7.C	11	1.800	7.320	0.032
BPP_new_20_750_7.C	11	1.800	7.320	0.032
BPP_new_20_750_7.C	11	1.800	7.320	0.032
BPP_new_20_750_8.C	9	1.200	5.880	0.025
BPP_new_20_750_8.C	9	1.200	5.880	0.026
BPP_new_20_750_8.C	9	1.200	5.880	0.025
BPP_new_20_750_8.C	9	1.200	5.880	0.025
BPP_new_20_750_8.C	9	1.200	5.880	0.025
BPP_new_20_750_8.C	9	1.200	5.880	0.025
BPP_new_20_750_8.C	9	1.200	5.880	0.025
BPP_new_20_750_8.C	9	1.200	5.880	0.025
BPP_new_20_750_8.C	9	1.200	5.880	0.025
BPP_new_20_750_8.C	9	1.200	5.880	0.025
BPP_new_20_750_9.C	10	3.600	7.440	0.033
BPP_new_20_750_9.C	10	3.600	7.440	0.033
BPP_new_20_750_9.C	10	3.600	7.440	0.033
BPP_new_20_750_9.C	10	3.600	7.440	0.035
BPP_new_20_750_9.C	10	3.600	7.440	0.033
BPP_new_20_750_9.C	10	3.600	7.440	0.032
BPP_new_20_750_9.C	10	3.600	7.440	0.032
BPP_new_20_750_9.C	10	3.600	7.440	0.032
BPP_new_20_750_9.C	10	3.600	7.440	0.032
BPP_new_20_750_9.C	10	3.600	7.440	0.031
BPP_new_20_75_1.C	11	1.200	7.080	0.003
BPP_new_20_75_1.C	11	1.200	7.080	0.003
BPP_new_20_75_1.C	11	1.200	7.080	0.004
BPP_new_20_75_1.C	11	1.200	7.080	0.003
BPP_new_20_75_1.C	11	1.200	7.080	0.003
BPP_new_20_75_1.C	11	1.200	7.080	0.003
BPP_new_20_75_1.C	11	1.200	7.080	0.004
BPP_new_20_75_1.C	11	1.200	7.080	0.004
BPP_new_20_75_1.C	11	1.200	7.080	0.004
BPP_new_20_75_1.C	11	1.200	7.080	0.004
BPP_new_20_75_10.C	9	4.600	7.240	0.003
BPP_new_20_75_10.C	9	4.600	7.240	0.003
BPP_new_20_75_10.C	9	4.600	7.240	0.003
BPP_new_20_75_10.C	9	4.600	7.240	0.003
BPP_new_20_75_10.C	9	4.600	7.240	0.003
BPP_new_20_75_10.C	9	4.600	7.240	0.003
BPP_new_20_75_10.C	9	4.600	7.240	0.003
BPP_new_20_75_10.C	9	4.600	7.240	0.003
BPP_new_20_75_10.C	9	4.600	7.240	0.003
BPP_new_20_75_10.C	9	4.600	7.240	0.003
BPP_new_20_75_2.C	12	3.000	8.400	0.003
BPP_new_20_75_2.C	12	3.000	8.400	0.003
BPP_new_20_75_2.C	12	3.000	8.400	0.003
BPP_new_20_75_2.C	12	3.000	8.400	0.004
BPP_new_20_75_2.C	12	3.000	8.400	0.004
BPP_new_20_75_2.C	12	3.000	8.400	0.003
BPP_new_20_75_2.C	12	3.000	8.400	0.004
BPP_new_20_75_2.C	12	3.000	8.400	0.004
BPP_new_20_75_2.C	12	3.000	8.400	0.004
BPP_new_20_75_2.C	12	3.000	8.400	0.003
BPP_new_20_75_3.C	10	2.200	6.880	0.003
BPP_new_20_75_3.C	10	2.200	6.880	0.003
BPP_new_20_75_3.C	10	2.200	6.880	0.003
BPP_new_20_75_3.C	10	2.200	6.880	0.003
BPP_new_20_75_3.C	10	2.200	6.880	0.003
BPP_new_20_75_3.C	10	2.200	6.880	0.003
BPP_new_20_75_3.C	10	2.200	6.880	0.003
BPP_new_20_75_3.C	10	2.200	6.880	0.003
BPP_new_20_75_3.C	10	2.400	6.960	0.003
BPP_new_20_75_3.C	10	2.200	6.880	0.003
BPP_new_20_75_4.C	10	4.200	7.680	0.003
BPP_new_20_75_4.C	10	4.200	7.680	0.003
BPP_new_20_75_4.C	10	4.400	7.760	0.003
BPP_new_20_75_4.C	10	4.400	7.760	0.003
BPP_new_20_75_4.C	10	4.400	7.760	0.003
BPP_new_20_75_4.C	10	4.200	7.680	0.003
BPP_new_20_75_4.C	10	4.400	7.760	0.003
BPP_new_20_75_4.C	10	4.200	7.680	0.003
BPP_new_20_75_4.C	10	4.200	7.680	0.003
BPP_new_20_75_4.C	10	4.400	7.760	0.003
BPP_new_20_75_5.C	10	5.600	8.240	0.003
BPP_new_20_75_5.C	10	5.600	8.240	0.004
BPP_new_20_75_5.C	10	5.800	8.320	0.003
BPP_new_20_75_5.C	10	5.600	8.240	0.003
BPP_new_20_75_5.C	10	5.200	8.080	0.003
BPP_new_20_75_5.C	10	5.800	8.320	0.003
BPP_new_20_75_5.C	10	5.800	8.320	0.003
BPP_new_20_75_5.C	10	5.800	8.320	0.003
BPP_new_20_75_5.C	10	5.800	8.320	0.003
BPP_new_20_75_5.C	10	5.400	8.160	0.003
BPP_new_20_75_6.C	6	2.600	4.640	0.003
BPP_new_20_75_6.C	6	2.600	4.640	0.003
BPP_new_20_75_6.C	6	2.600	4.640	0.003
BPP_new_20_75_6.C	6	2.600	4.640	0.003
BPP_new_20_75_6.C	6	2.600	4.640	0.003
BPP_new_20_75_6.C	6	2.600	4.640	0.002
BPP_new_20_75_6.C	6	2.600	4.640	0.002
BPP_new_20_75_6.C	6	2.600	4.640	0.002
BPP_new_20_75_6.C	6	2.600	4.640	0.003
BPP_new_20_75_6.C	6	2.600	4.640	0.003
BPP_new_20_75_7.C	9	1.800	6.120	0.003
BPP_new_20_75_7.C	9	1.800	6.120	0.003
BPP_new_20_75_7.C	9	1.800	6.120	0.003
BPP_new_20_75_7.C	9	1.800	6.120	0.003
BPP_new_20_75_7.C	9	1.800	6.120	0.003
BPP_new_20_75_7.C	9	1.800	6.120	0.003
BPP_new_20_75_7.C	9	1.800	6.120	0.003
BPP_new_20_75_7.C	9	1.800	6.120	0.003
BPP_new_20_75_7.C	9	1.800	6.120	0.003
BPP_new_20_75_7.C	9	1.800	6.120	0.003
BPP_new_20_75_8.C	8	2.600	5.840	0.003
BPP_new_20_75_8.C	8	2.600	5.840	0.003
BPP_new_20_75_8.C	8	2.600	5.840	0.003
BPP_new_20_75_8.C	8	2.600	5.840	0.003
BPP_new_20_75_8.C	8	2.600	5.840	0.003
BPP_new_20_75_8.C	8	2.600	5.840	0.003
BPP_new_20_75_8.C	8	2.600	5.840	0.003
BPP_new_20_75_8.C	8	2.600	5.840	0.003
BPP_new_20_75_8.C	8	2.600	5.840	0.003
BPP_new_20_75_8.C	8	2.600	5.840	0.003
BPP_new_20_75_9.C	10	4.400	7.760	0.003
BPP_new_20_75_9.C	10	4.400	7.760	0.003
BPP_new_20_75_9.C	10	4.400	7.760	0.003
BPP_new_20_75_9.C	10	4.400	7.760	0.003
BPP_new_20_75_9.C	10	4.400	7.760	0.003
BPP_new_20_75_9.C	10	4.400	7.760	0.003
BPP_new_20_75_9.C	10	4.400	7.760	0.003
BPP_new_20_75_9.C	10	4.400	7.760	0.003
BPP_new_20_75_9.C	10	4.400	7.760	0.003
BPP_new_20_75_9.C	10	4.400	7.760	0.003
HBPP_02015007_09180.C	10	1.000	6.400	0.039
HBPP_02015007_09180.C	10	1.000	6.400	0.038
HBPP_02015007_09180.C	10	1.000	6.400	0.038
HBPP_02015007_09180.C	10	1.000	6.400	0.037
HBPP_02015007_09180.C	10	1.000	6.400	0.037
HBPP_02015007_09180.C	10	1.000	6.400	0.038
HBPP_02015007_09180.C	10	1.000	6.400	0.039
HBPP_02015007_09180.C	10	1.000	6.400	0.038
HBPP_02015007_09180.C	10	1.000	6.400	0.038
HBPP_02015007_09180.C	10	1.000	6.400	0.038
HBPP_04000107_06970.C	16	3.400	10.960	0.111
HBPP_04000107_06970.C	16	2.600	10.640	0.110
HBPP_04000107_06970.C	16	2.600	10.640	0.110
HBPP_04000107_06970.C	16	2.600	10.640	0.110
HBPP_04000107_06970.C	16	2.600	10.640	0.110
HBPP_04000107_06970.C	16	3.200	10.880	0.110
HBPP_04000107_06970.C	16	2.600	10.640	0.110
HBPP_04000107_06970.C	16	2.800	10.720	0.111
HBPP_04000107_06970.C	16	2.800	10.720	0.111
HBPP_04000107_06970.C	16	3.200	10.880	0.110
HBPP_04005007_06120.C	16	2.200	10.480	0.113
HBPP_04005007_06120.C	16	2.200	10.480	0.113
HBPP_04005007_06120.C	16	2.200	10.480	0.114
HBPP_04005007_06120.C	16	2.200	10.480	0.112
HBPP_04005007_06120.C	16	2.200	10.480	0.114
HBPP_04005007_06120.C	16	2.200	10.480	0.113
HBPP_04005007_06120.C	16	2.200	10.480	0.115
HBPP_04005007_06120.C	16	2.200	10.480	0.113
HBPP_04005007_06120.C	16	2.200	10.480	0.113
HBPP_04005007_06120.C	16	2.200	10.480	0.114
HBPP_04005009_03610.C	20	2.800	13.120	0.140
HBPP_04005009_03610.C	20	2.800	13.120	0.140
HBPP_04005009_03610.C	20	2.800	13.120	0.141
HBPP_04005009_03610.C	20	2.800	13.120	0.138
HBPP_04005009_03610.C	20	2.800	13.120	0.139
HBPP_04005009_03610.C	20	2.800	13.120	0.139
HBPP_04005009_03610.C	20	2.800	13.120	0.139
HBPP_04005009_03610.C	20	2.800	13.120	0.141
HBPP_04005009_03610.C	20	2.800	13.120	0.138
HBPP_04005009_03610.C	20	2.800	13.120	0.139
HBPP_06000106_07820.C	21	2.800	13.720	0.263
HBPP_06000106_07820.C	21	2.600	13.640	0.268
HBPP_06000106_07820.C	21	2.800	13.720	0.268
HBPP_06000106_07820.C	21	2.800	13.720	0.260
HBPP_06000106_07820.C	21	2.800	13.720	0.262
HBPP_06000106_07820.C	21	2.800	13.720	0.289
HBPP_06000106_07820.C	21	2.800	13.720	0.287
HBPP_06000106_07820.C	21	2.800	13.720	0.215
HBPP_06000106_07820.C	21	2.400	13.560	0.218
HBPP_06000106_07820.C	21	2.600	13.640	0.221
HBPP_06000110_01950.C	27	3.200	17.480	0.324
HBPP_06000110_01950.C	27	3.000	17.400	0.330
HBPP_06000110_01950.C	27	3.000	17.400	0.311
HBPP_06000110_01950.C	27	3.000	17.400	0.335
HBPP_06000110_01950.C	27	3.000	17.400	0.343
HBPP_06000110_01950.C	27	3.000	17.400	0.355
HBPP_06000110_01950.C	27	3.000	17.400	0.334
HBPP_06000110_01950.C	27	3.000	17.400	0.360
HBPP_06000110_01950.C	27	3.200	17.480	0.323
HBPP_06000110_01950.C	27	3.200	17.480	0.349
HBPP_06005007_00330.C	23	4.000	15.400	0.243
HBPP_06005007_00330.C	23	4.200	15.480	0.243
HBPP_06005007_00330.C	23	4.000	15.400	0.244
HBPP_06005007_00330.C	23	3.800	15.320	0.245
HBPP_06005007_00330.C	23	4.200	15.480	0.250
HBPP_06005007_00330.C	23	3.800	15.320	0.244
HBPP_06005007_00330.C	23	4.200	15.480	0.245
HBPP_06005007_00330.C	23	3.800	15.320	0.245
HBPP_06005007_00330.C	23	3.800	15.320	0.246
HBPP_06005007_00330.C	23	4.000	15.400	0.246
HBPP_06005007_03820.C	22	1.400	13.760	0.274
HBPP_06005007_03820.C	22	1.400	13.760	0.286
HBPP_06005007_03820.C	22	1.400	13.760	0.280
HBPP_06005007_03820.C	22	1.400	13.760	0.269
HBPP_06005007_03820.C	22	1.400	13.760	0.258
HBPP_06005007_03820.C	22	1.800	13.920	0.269
HBPP_06005007_03820.C	22	1.400	13.760	0.266
HBPP_06005007_03820.C	22	1.400	13.760	0.272
HBPP_06005007_03820.C	22	1.400	13.760	0.309
HBPP_06005007_03820.C	22	1.400	13.760	0.264
HBPP_06005008_07550.C	24	3.400	15.760	0.254
HBPP_06005008_07550.C	24	3.400	15.760	0.251
HBPP_06005008_07550.C	24	3.400	15.760	0.251
HBPP_06005008_07550.C	24	3.200	15.680	0.253
HBPP_06005008_07550.C	24	3.200	15.680	0.250
HBPP_06005008_07550.C	24	3.200	15.680	0.255
HBPP_06005008_07550.C	24	3.400	15.760	0.308
HBPP_06005008_07550.C	24	3.400	15.760	0.296
HBPP_06005008_07550.C	24	3.400	15.760	0.294
HBPP_06005008_07550.C	24	3.400	15.760	0.325
HBPP_06015006_00670.C	25	2.200	15.880	0.299
HBPP_06015006_00670.C	25	1.800	15.720	0.314
HBPP_06015006_00670.C	25	3.200	16.280	0.313
HBPP_06015006_00670.C	25	2.200	15.880	0.275
HBPP_06015006_00670.C	25	1.800	15.720	0.319
HBPP_06015006_00670.C	25	2.400	15.960	0.328
HBPP_06015006_00670.C	25	2.600	16.040	0.305
HBPP_06015006_00670.C	25	1.800	15.720	0.328
HBPP_06015006_00670.C	25	2.200	15.880	0.310
HBPP_06015006_00670.C	25	2.600	16.040	0.322
HBPP_06015009_04030.C	31	5.200	20.680	0.408
HBPP_06015009_04030.C	31	5.400	20.760	0.403
HBPP_06015009_04030.C	31	5.200	20.680	0.439
HBPP_06015009_04030.C	31	5.400	20.760	0.430
HBPP_06015009_04030.C	31	5.400	20.760	0.424
HBPP_06015009_04030.C	31	5.400	20.760	0.407
HBPP_06015009_04030.C	31	5.000	20.600	0.421
HBPP_06015009_04030.C	31	5.200	20.680	0.400
HBPP_06015009_04030.C	31	5.200	20.680	0.420
HBPP_06015009_04030.C	31	5.200	20.680	0.457
HBPP_06015010_07710.C	34	3.000	21.600	0.462
HBPP_06015010_07710.C	34	2.800	21.520	0.403
HBPP_06015010_07710.C	34	2.600	21.440	0.416
HBPP_06015010_07710.C	34	2.800	21.520	0.433
HBPP_06015010_07710.C	34	2.800	21.520	0.381
HBPP_06015010_07710.C	34	2.600	21.440	0.418
HBPP_06015010_07710.C	34	2.800	21.520	0.426
HBPP_06015010_07710.C	34	2.800	21.520	0.423
HBPP_06015010_07710.C	34	2.800	21.520	0.445
HBPP_06015010_07710.C	34	2.600	21.440	0.441
HBPP_06025005_06390.C	24	5.200	16.480	0.332
HBPP_06025005_06390.C	24	5.200	16.480	0.323
HBPP_06025005_06390.C	24	5.200	16.480	0.315
HBPP_06025005_06390.C	24	5.600	16.640	0.332
HBPP_06025005_06390.C	24	5.000	16.400	0.312
HBPP_06025005_06390.C	24	5.000	16.400	0.344
HBPP_06025005_06390.C	24	5.200	16.480	0.318
HBPP_06025005_06390.C	24	5.000	16.400	0.294
HBPP_06025005_06390.C	24	5.000	16.400	0.308
HBPP_06025005_06390.C	24	5.000	16.400	0.325
HBPP_08000107_06240.C	28	5.600	19.040	0.543
HBPP_08000107_06240.C	28	6.000	19.200	0.545
HBPP_08000107_06240.C	28	5.800	19.120	0.522
HBPP_08000107_06240.C	28	5.800	19.120	0.504
HBPP_08000107_06240.C	28	5.800	19.120	0.495
HBPP_08000107_06240.C	28	5.800	19.120	0.520
HBPP_08000107_06240.C	28	5.800	19.120	0.540
HBPP_08000107_06240.C	28	5.800	19.120	0.545
HBPP_08000107_06240.C	28	5.800	19.120	0.501
HBPP_08000107_06240.C	28	5.800	19.120	0.610
HBPP_08005006_08620.C	27	6.600	18.840	0.571
HBPP_08005006_08620.C	27	6.400	18.760	0.540
HBPP_08005006_08620.C	27	6.400	18.760	0.562
HBPP_08005006_08620.C	27	6.200	18.680	0.593
HBPP_08005006_08620.C	27	6.400	18.760	0.558
HBPP_08005006_08620.C	27	6.600	18.840	0.548
HBPP_08005006_08620.C	27	6.400	18.760	0.541
HBPP_08005006_08620.C	27	6.200	18.680	0.586
HBPP_08005006_08620.C	27	6.600	18.840	0.559
HBPP_08005006_08620.C	27	6.400	18.760	0.543
HBPP_08005007_03940.C	29	5.400	19.560	0.545
HBPP_08005007_03940.C	29	5.400	19.560	0.568
HBPP_08005007_03940.C	29	5.400	19.560	0.546
HBPP_08005007_03940.C	29	5.400	19.560	0.566
HBPP_08005007_03940.C	29	5.400	19.560	0.537
HBPP_08005007_03940.C	29	5.400	19.560	0.618
HBPP_08005007_03940.C	29	5.400	19.560	0.397
HBPP_08005007_03940.C	29	5.400	19.560	0.396
HBPP_08005007_03940.C	29	5.400	19.560	0.398
HBPP_08005007_03940.C	29	5.400	19.560	0.400
HBPP_10000107_05080.C	38	5.400	24.960	1.045
HBPP_10000107_05080.C	38	5.400	24.960	0.948
HBPP_10000107_05080.C	38	5.400	24.960	1.015
HBPP_10000107_05080.C	38	5.400	24.960	0.973
HBPP_10000107_05080.C	38	5.400	24.960	1.052
HBPP_10000107_05080.C	38	5.400	24.960	0.967
HBPP_10000107_05080.C	38	5.200	24.880	0.983
HBPP_10000107_05080.C	38	5.200	24.880	0.975
HBPP_10000107_05080.C	38	5.400	24.960	1.024
HBPP_10000107_05080.C	38	5.400	24.960	0.992
HBPP_10000107_07330.C	36	3.800	23.120	1.010
HBPP_10000107_07330.C	36	4.000	23.200	0.958
HBPP_10000107_07330.C	36	4.000	23.200	0.989
HBPP_10000107_07330.C	36	4.000	23.200	0.947
HBPP_10000107_07330.C	36	4.000	23.200	1.009
HBPP_10000107_07330.C	36	3.800	23.120	0.931
HBPP_10000107_07330.C	36	4.000	23.200	0.613
HBPP_10000107_07330.C	36	4.000	23.200	0.611
HBPP_10000107_07330.C	36	3.800	23.120	0.619
HBPP_10000107_07330.C	36	4.000	23.200	0.618
HBPP_10000108_02570.C	39	4.600	25.240	0.991
HBPP_10000108_02570.C	39	4.600	25.240	1.021
HBPP_10000108_02570.C	39	4.600	25.240	1.010
HBPP_10000108_02570.C	39	4.600	25.240	0.910
HBPP_10000108_02570.C	39	4.600	25.240	0.657
HBPP_10000108_02570.C	39	4.600	25.240	0.649
HBPP_10000108_02570.C	39	4.600	25.240	0.651
HBPP_10000108_02570.C	39	4.600	25.240	0.653
HBPP_10000108_02570.C	39	4.800	25.320	0.661
HBPP_10000108_02570.C	39	4.600	25.240	0.652
HBPP_10015007_04640.C	46	3.800	29.120	0.812
HBPP_10015007_04640.C	46	3.800	29.120	0.857
HBPP_10015007_04640.C	46	3.600	29.040	0.799
HBPP_10015007_04640.C	46	4.000	29.200	0.874
HBPP_10015007_04640.C	46	3.600	29.040	0.865
HBPP_10015007_04640.C	46	3.600	29.040	0.795
HBPP_10015007_04640.C	46	3.800	29.120	0.815
HBPP_10015007_04640.C	46	4.200	29.280	0.856
HBPP_10015007_04640.C	46	3.800	29.120	0.821
HBPP_10015007_04640.C	46	3.800	29.120	0.821
HBPP_12000107_08940.C	46	6.400	30.160	0.937
HBPP_12000107_08940.C	46	6.400	30.160	0.938
HBPP_12000107_08940.C	46	6.400	30.160	1.017
HBPP_12000107_08940.C	46	6.400	30.160	0.935
HBPP_12000107_08940.C	46	6.400	30.160	0.938
HBPP_12000107_08940.C	46	6.400	30.160	0.937
HBPP_12000107_08940.C	46	6.400	30.160	0.988
HBPP_12000107_08940.C	46	6.400	30.160	1.029
HBPP_12000107_08940.C	46	6.400	30.160	1.017
HBPP_12000107_08940.C	46	6.400	30.160	0.968
HBPP_12000108_00350.C	45	2.000	27.800	0.924
HBPP_12000108_00350.C	45	2.400	27.960	0.937
HBPP_12000108_00350.C	45	2.600	28.040	0.961
HBPP_12000108_00350.C	45	2.400	27.960	0.936
HBPP_12000108_00350.C	45	2.000	27.800	0.959
HBPP_12000108_00350.C	45	1.600	27.640	0.915
HBPP_12000108_00350.C	45	2.400	27.960	0.937
HBPP_12000108_00350.C	45	2.000	27.800	0.956
HBPP_12000108_00350.C	45	2.200	27.880	0.955
HBPP_12000108_00350.C	45	2.000	27.800	0.960
HBPP_12000109_09170.C	58	3.400	36.160	1.157
HBPP_12000109_09170.C	58	4.200	36.480	1.161
HBPP_12000109_09170.C	58	3.600	36.240	1.183
HBPP_12000109_09170.C	59	3.200	36.680	1.197
HBPP_12000109_09170.C	58	4.400	36.560	1.189
HBPP_12000109_09170.C	59	3.200	36.680	1.160
HBPP_12000109_09170.C	58	4.400	36.560	1.277
HBPP_12000109_09170.C	59	3.000	36.600	1.177
HBPP_12000109_09170.C	58	3.600	36.240	1.201
HBPP_12000109_09170.C	58	3.600	36.240	1.237
HBPP_12000110_06550.C	62	4.000	38.800	1.290
HBPP_12000110_06550.C	62	4.000	38.800	1.273
HBPP_12000110_06550.C	62	4.000	38.800	1.262
HBPP_12000110_06550.C	62	4.000	38.800	1.276
HBPP_12000110_06550.C	62	4.000	38.800	1.290
HBPP_12000110_06550.C	61	4.800	38.520	1.271
HBPP_12000110_06550.C	62	4.000	38.800	1.253
HBPP_12000110_06550.C	61	4.400	38.360	1.230
HBPP_12000110_06550.C	61	5.000	38.600	1.237
HBPP_12000110_06550.C	62	4.000	38.800	1.270
HBPP_12005007_01380.C	53	3.200	33.080	1.126
HBPP_12005007_01380.C	53	3.200	33.080	1.084
HBPP_12005007_01380.C	53	3.200	33.080	1.105
HBPP_12005007_01380.C	53	3.200	33.080	1.103
HBPP_12005007_01380.C	53	3.200	33.080	1.096
HBPP_12005007_01380.C	53	3.200	33.080	1.100
HBPP_12005007_01380.C	53	3.400	33.160	1.103
HBPP_12005007_01380.C	53	3.200	33.080	1.101
HBPP_12005007_01380.C	53	3.200	33.080	1.091
HBPP_12005007_01380.C	53	3.200	33.080	1.196
HBPP_12005007_01800.C	45	5.000	29.000	1.009
HBPP_12005007_01800.C	45	5.000	29.000	0.985
HBPP_12005007_01800.C	45	5.200	29.080	0.965
HBPP_12005007_01800.C	45	5.000	29.000	0.938
HBPP_12005007_01800.C	45	5.200	29.080	0.948
HBPP_12005007_01800.C	45	5.200	29.080	1.003
HBPP_12005007_01800.C	45	5.000	29.000	0.929
HBPP_12005007_01800.C	45	5.000	29.000	1.011
HBPP_12005007_01800.C	45	5.000	29.000	0.936
HBPP_12005007_01800.C	45	5.000	29.000	0.967
HBPP_12005007_03240.C	44	3.800	27.920	0.924
HBPP_12005007_03240.C	44	4.000	28.000	0.916
HBPP_12005007_03240.C	44	3.800	27.920	0.941
HBPP_12005007_03240.C	44	3.800	27.920	0.937
HBPP_12005007_03240.C	44	4.000	28.000	0.945
HBPP_12005007_03240.C	44	4.200	28.080	0.906
HBPP_12005007_03240.C	44	4.200	28.080	0.948
HBPP_12005007_03240.C	44	4.000	28.000	0.922
HBPP_12005007_03240.C	44	4.000	28.000	0.922
HBPP_12005007_03240.C	44	4.000	28.000	0.924
HBPP_12005008_04500.C	55	5.800	35.320	1.156
HBPP_12005008_04500.C	55	5.800	35.320	1.161
HBPP_12005008_04500.C	55	5.600	35.240	1.145
HBPP_12005008_04500.C	55	5.600	35.240	1.141
HBPP_12005008_04500.C	55	5.800	35.320	1.137
HBPP_12005008_04500.C	55	5.800	35.320	1.133
HBPP_12005008_04500.C	55	5.800	35.320	1.136
HBPP_12005008_04500.C	55	5.800	35.320	1.145
HBPP_12005008_04500.C	55	5.800	35.320	1.141
HBPP_12005008_04500.C	55	5.800	35.320	1.160
HBPP_12015007_01650.C	54	6.400	34.960	1.121
HBPP_12015007_01650.C	55	5.000	35.000	1.127
HBPP_12015007_01650.C	54	5.600	34.640	1.124
HBPP_12015007_01650.C	54	5.400	34.560	1.189
HBPP_12015007_01650.C	54	6.600	35.040	1.118
HBPP_12015007_01650.C	54	6.400	34.960	1.113
HBPP_12015007_01650.C	54	5.800	34.720	1.114
HBPP_12015007_01650.C	54	6.000	34.800	1.124
HBPP_12015007_01650.C	54	6.800	35.120	1.122
HBPP_12015007_01650.C	54	6.200	34.880	1.114
HBPP_12015009_07400.C	63	7.800	40.920	1.294
HBPP_12015009_07400.C	63	7.600	40.840	1.282
HBPP_12015009_07400.C	63	7.600	40.840	1.285
HBPP_12015009_07400.C	63	7.600	40.840	1.309
HBPP_12015009_07400.C	63	7.600	40.840	1.297
HBPP_12015009_07400.C	63	7.800	40.920	1.305
HBPP_12015009_07400.C	63	7.800	40.920	1.334
HBPP_12015009_07400.C	63	7.600	40.840	1.286
HBPP_12015009_07400.C	63	8.000	41.000	1.325
HBPP_12015009_07400.C	63	7.600	40.840	1.342
HBPP_14005010_04470.C	81	11.400	53.160	1.891
HBPP_14005010_04470.C	81	10.600	52.840	1.895
HBPP_14005010_04470.C	81	11.200	53.080	1.902
HBPP_14005010_04470.C	81	11.000	53.000	1.879
HBPP_14005010_04470.C	81	11.400	53.160	1.870
HBPP_14005010_04470.C	81	10.400	52.760	1.922
HBPP_14005010_04470.C	81	10.600	52.840	1.899
HBPP_14005010_04470.C	81	10.600	52.840	1.924
HBPP_14005010_04470.C	81	11.800	53.320	1.903
HBPP_14005010_04470.C	81	11.000	53.000	1.903
HBPP_14015007_01210.C	65	5.800	41.320	1.604
HBPP_14015007_01210.C	64	6.000	40.800	1.567
HBPP_14015007_01210.C	64	6.400	40.960	1.567
HBPP_14015007_01210.C	64	7.200	41.280	1.586
HBPP_14015007_01210.C	64	6.000	40.800	1.577
HBPP_14015007_01210.C	64	6.000	40.800	1.613
HBPP_14015007_01210.C	64	6.400	40.960	1.591
HBPP_14015007_01210.C	64	5.800	40.720	1.575
HBPP_14015007_01210.C	64	6.400	40.960	1.568
HBPP_14015007_01210.C	64	6.000	40.800	1.630
HBPP_14015008_03730.C	67	6.400	42.760	1.605
HBPP_14015008_03730.C	67	5.600	42.440	1.622
HBPP_14015008_03730.C	67	5.400	42.360	1.605
HBPP_14015008_03730.C	67	6.000	42.600	1.612
HBPP_14015008_03730.C	67	6.000	42.600	1.603
HBPP_14015008_03730.C	67	5.800	42.520	1.595
HBPP_14015008_03730.C	67	6.200	42.680	1.587
HBPP_14015008_03730.C	67	5.800	42.520	1.639
HBPP_14015008_03730.C	67	6.000	42.600	1.598
HBPP_14015008_03730.C	67	6.200	42.680	1.621
HBPP_16000107_00140.C	62	15.400	43.360	2.290
HBPP_16000107_00140.C	63	14.400	43.560	2.461
HBPP_16000107_00140.C	63	14.200	43.480	2.479
HBPP_16000107_00140.C	63	14.400	43.560	2.709
HBPP_16000107_00140.C	63	14.200	43.480	2.871
HBPP_16000107_00140.C	63	14.000	43.400	2.912
HBPP_16000107_00140.C	62	15.400	43.360	2.878
HBPP_16000107_00140.C	63	14.200	43.480	3.113
HBPP_16000107_00140.C	63	14.200	43.480	3.223
HBPP_16000107_00140.C	63	14.200	43.480	3.240
HBPP_16000108_01490.C	67	13.000	45.400	3.360
HBPP_16000108_01490.C	67	13.000	45.400	3.262
HBPP_16000108_01490.C	67	13.000	45.400	3.401
HBPP_16000108_01490.C	67	12.800	45.320	3.255
HBPP_16000108_01490.C	67	13.000	45.400	3.208
HBPP_16000108_01490.C	67	13.400	45.560	3.407
HBPP_16000108_01490.C	67	13.000	45.400	3.401
HBPP_16000108_01490.C	67	13.000	45.400	3.301
HBPP_16000108_01490.C	67	12.800	45.320	3.400
HBPP_16000108_01490.C	67	13.000	45.400	3.463
HBPP_16000110_02790.C	85	16.800	57.720	3.966
HBPP_16000110_02790.C	85	17.000	57.800	3.965
HBPP_16000110_02790.C	85	16.800	57.720	4.120
HBPP_16000110_02790.C	85	16.600	57.640	4.028
HBPP_16000110_02790.C	85	17.200	57.880	4.010
HBPP_16000110_02790.C	85	17.200	57.880	4.308
HBPP_16000110_02790.C	85	17.000	57.800	3.963
HBPP_16000110_02790.C	85	17.000	57.800	3.888
HBPP_16000110_02790.C	85	17.200	57.880	4.128
HBPP_16000110_02790.C	85	16.800	57.720	4.222
HBPP_16005009_00010.C	79	15.200	53.480	3.916
HBPP_16005009_00010.C	80	13.600	53.440	3.925
HBPP_16005009_00010.C	80	14.400	53.760	3.977
HBPP_16005009_00010.C	80	14.800	53.920	2.481
HBPP_16005009_00010.C	80	14.600	53.840	2.316
HBPP_16005009_00010.C	80	13.800	53.520	2.295
HBPP_16005009_00010.C	80	14.000	53.600	2.304
HBPP_16005009_00010.C	79	15.400	53.560	2.272
HBPP_16005009_00010.C	80	14.000	53.600	2.282
HBPP_16005009_00010.C	80	14.400	53.760	2.275
HBPP_16005009_01610.C	80	11.800	52.720	3.727
HBPP_16005009_01610.C	80	12.200	52.880	3.767
HBPP_16005009_01610.C	80	11.600	52.640	3.817
HBPP_16005009_01610.C	80	12.000	52.800	3.468
HBPP_16005009_01610.C	80	12.600	53.040	4.145
HBPP_16005009_01610.C	80	12.000	52.800	3.949
HBPP_16005009_01610.C	80	11.400	52.560	3.906
HBPP_16005009_01610.C	80	11.600	52.640	4.058
HBPP_16005009_01610.C	80	11.800	52.720	2.310
HBPP_16005009_01610.C	80	12.400	52.960	4.200
HBPP_16015007_02060.C	74	10.200	48.480	3.388
HBPP_16015007_02060.C	75	9.600	48.840	3.907
HBPP_16015007_02060.C	74	10.400	48.560	3.370
HBPP_16015007_02060.C	75	9.200	48.680	3.269
HBPP_16015007_02060.C	74	10.000	48.400	3.226
HBPP_16015007_02060.C	74	10.400	48.560	2.196
HBPP_16015007_02060.C	74	10.200	48.480	2.693
HBPP_16015007_02060.C	74	10.400	48.560	3.137
HBPP_16015007_02060.C	74	10.600	48.640	3.463
HBPP_16015007_02060.C	74	10.400	48.560	3.621
HBPP_16015009_09810.C	86	12.800	56.720	4.251
HBPP_16015009_09810.C	86	12.600	56.640	4.378
HBPP_16015009_09810.C	86	13.600	57.040	4.227
HBPP_16015009_09810.C	87	12.400	57.160	4.521
HBPP_16015009_09810.C	86	13.000	56.800	2.494
HBPP_16015009_09810.C	86	12.600	56.640	2.539
HBPP_16015009_09810.C	86	13.400	56.960	3.747
HBPP_16015009_09810.C	86	12.000	56.400	4.204
HBPP_16015009_09810.C	86	12.400	56.560	4.289
HBPP_16015009_09810.C	86	12.400	56.560	4.756
HBPP_18000108_03590.C	77	9.400	49.960	2.794
HBPP_18000108_03590.C	77	10.400	50.360	2.895
HBPP_18000108_03590.C	77	10.000	50.200	2.877
HBPP_18000108_03590.C	77	10.000	50.200	2.852
HBPP_18000108_03590.C	77	9.600	50.040	2.796
HBPP_18000108_03590.C	77	10.000	50.200	4.497
HBPP_18000108_03590.C	77	9.600	50.040	4.400
HBPP_18000108_03590.C	77	10.000	50.200	4.414
HBPP_18000108_03590.C	77	10.000	50.200	2.827
HBPP_18000108_03590.C	78	9.200	50.480	2.816
HBPP_18000108_07160.C	78	11.800	51.520	4.393
HBPP_18000108_07160.C	78	11.200	51.280	4.288
HBPP_18000108_07160.C	78	12.400	51.760	4.243
HBPP_18000108_07160.C	78	10.000	50.800	2.797
HBPP_18000108_07160.C	78	11.800	51.520	2.793
HBPP_18000108_07160.C	78	12.000	51.600	2.798
HBPP_18000108_07160.C	78	12.400	51.760	4.138
HBPP_18000108_07160.C	78	12.200	51.680	2.767
HBPP_18000108_07160.C	78	12.600	51.840	4.252
HBPP_18000108_07160.C	78	11.600	51.440	3.651
HBPP_18000110_04390.C	90	10.600	58.240	4.926
HBPP_18000110_04390.C	90	10.000	58.000	4.963
HBPP_18000110_04390.C	90	10.400	58.160	4.962
HBPP_18000110_04390.C	90	10.000	58.000	4.721
HBPP_18000110_04390.C	89	10.200	57.480	3.216
HBPP_18000110_04390.C	90	10.200	58.080	3.183
HBPP_18000110_04390.C	90	10.400	58.160	3.266
HBPP_18000110_04390.C	90	10.200	58.080	3.264
HBPP_18000110_04390.C	89	11.200	57.880	3.263
HBPP_18000110_04390.C	90	10.200	58.080	3.216
HBPP_18015008_08210.C	89	15.400	59.560	5.238
HBPP_18015008_08210.C	89	15.400	59.560	5.025
HBPP_18015008_08210.C	89	15.400	59.560	5.266
HBPP_18015008_08210.C	89	15.400	59.560	5.220
HBPP_18015008_08210.C	89	15.400	59.560	5.022
HBPP_18015008_08210.C	89	15.600	59.640	3.244
HBPP_18015008_08210.C	89	15.400	59.560	3.244
HBPP_18015008_08210.C	89	15.400	59.560	3.244
HBPP_18015008_08210.C	88	15.800	59.120	3.307
HBPP_18015008_08210.C	89	15.200	59.480	3.280
HBPP_18015010_06050.C	109	10.800	69.720	4.030
HBPP_18015010_06050.C	109	10.800	69.720	6.341
HBPP_18015010_06050.C	109	10.400	69.560	6.062
HBPP_18015010_06050.C	109	10.600	69.640	6.203
HBPP_18015010_06050.C	109	10.800	69.720	6.120
HBPP_18015010_06050.C	109	10.800	69.720	5.985
HBPP_18015010_06050.C	109	11.000	69.800	3.946
HBPP_18015010_06050.C	109	10.800	69.720	4.010
HBPP_18015010_06050.C	109	10.800	69.720	3.961
HBPP_18015010_06050.C	109	10.200	69.480	3.941
HBPP_20000107_01190.C	78	4.800	48.720	5.007
HBPP_20000107_01190.C	78	4.800	48.720	4.960
HBPP_20000107_01190.C	78	5.200	48.880	4.885
HBPP_20000107_01190.C	78	3.800	48.320	4.859
HBPP_20000107_01190.C	78	5.000	48.800	4.975
HBPP_20000107_01190.C	78	4.600	48.640	5.009
HBPP_20000107_01190.C	78	4.400	48.560	5.083
HBPP_20000107_01190.C	78	4.200	48.480	4.687
HBPP_20000107_01190.C	78	5.000	48.800	3.429
HBPP_20000107_01190.C	78	4.800	48.720	3.440
HBPP_20000108_00250.C	78	13.800	52.320	4.788
HBPP_20000108_00250.C	78	14.000	52.400	3.370
HBPP_20000108_00250.C	78	13.600	52.240	3.358
HBPP_20000108_00250.C	78	14.200	52.480	3.380
HBPP_20000108_00250.C	78	14.000	52.400	3.399
HBPP_20000108_00250.C	78	14.000	52.400	4.929
HBPP_20000108_00250.C	78	13.200	52.080	4.928
HBPP_20000108_00250.C	78	14.600	52.640	4.804
HBPP_20000108_00250.C	78	13.200	52.080	4.809
HBPP_20000108_00250.C	78	12.800	51.920	4.583
HBPP_20000108_01750.C	88	14.800	58.720	3.907
HBPP_20000108_01750.C	87	16.200	58.680	3.934
HBPP_20000108_01750.C	87	16.600	58.840	3.754
HBPP_20000108_01750.C	88	14.200	58.480	3.836
HBPP_20000108_01750.C	87	15.000	58.200	5.330
HBPP_20000108_01750.C	87	16.000	58.600	5.423
HBPP_20000108_01750.C	87	15.800	58.520	5.366
HBPP_20000108_01750.C	87	17.000	59.000	5.440
HBPP_20000108_01750.C	87	16.000	58.600	3.756
HBPP_20000108_01750.C	87	16.400	58.760	3.830
HBPP_20005008_01240.C	88	9.800	56.720	4.030
HBPP_20005008_01240.C	88	10.400	56.960	4.149
HBPP_20005008_01240.C	87	10.000	56.200	4.917
HBPP_20005008_01240.C	88	10.200	56.880	5.321
HBPP_20005008_01240.C	87	12.200	57.080	4.746
HBPP_20005008_01240.C	88	9.800	56.720	5.351
HBPP_20005008_01240.C	87	10.400	56.360	5.499
HBPP_20005008_01240.C	88	9.800	56.720	5.433
HBPP_20005008_01240.C	88	10.000	56.800	5.378
HBPP_20005008_01240.C	88	9.800	56.720	5.366
HBPP_20005009_02000.C	96	11.600	62.240	5.923
HBPP_20005009_02000.C	96	12.000	62.400	5.995
HBPP_20005009_02000.C	96	11.400	62.160	6.113
HBPP_20005009_02000.C	96	11.600	62.240	5.744
HBPP_20005009_02000.C	96	12.000	62.400	6.274
HBPP_20005009_02000.C	96	12.000	62.400	6.073
HBPP_20005009_02000.C	96	12.000	62.400	6.120
HBPP_20005009_02000.C	96	11.200	62.080	6.159
HBPP_20005009_02000.C	96	12.000	62.400	4.228
HBPP_20005009_02000.C	96	12.000	62.400	4.320
HBPP_20005010_09530.C	105	10.600	67.240	4.657
HBPP_20005010_09530.C	105	10.400	67.160	4.717
HBPP_20005010_09530.C	105	10.800	67.320	4.655
HBPP_20005010_09530.C	105	10.800	67.320	4.596
HBPP_20005010_09530.C	106	10.400	67.760	6.704
HBPP_20005010_09530.C	105	10.600	67.240	4.644
HBPP_20005010_09530.C	105	11.800	67.720	4.687
HBPP_20005010_09530.C	105	10.400	67.160	4.675
HBPP_20005010_09530.C	105	10.800	67.320	4.675
HBPP_20005010_09530.C	105	11.400	67.560	4.713
HBPP_20015007_06370.C	86	9.800	55.520	3.925
HBPP_20015007_06370.C	86	9.400	55.360	5.421
HBPP_20015007_06370.C	86	9.800	55.520	5.510
HBPP_20015007_06370.C	86	10.000	55.600	5.580
HBPP_20015007_06370.C	86	9.600	55.440	5.375
HBPP_20015007_06370.C	86	9.800	55.520	5.819
HBPP_20015007_06370.C	86	10.200	55.680	5.348
HBPP_20015007_06370.C	86	9.800	55.520	5.819
HBPP_20015007_06370.C	86	10.000	55.600	3.832
HBPP_20015007_06370.C	86	10.000	55.600	3.881
HBPP_20015009_02720.C	115	17.600	76.040	7.249
HBPP_20015009_02720.C	115	17.400	75.960	7.168
HBPP_20015009_02720.C	114	17.600	75.440	7.137
HBPP_20015009_02720.C	115	17.400	75.960	7.306
HBPP_20015009_02720.C	115	17.400	75.960	7.458
HBPP_20015009_02720.C	114	18.400	75.760	7.313
HBPP_20015009_02720.C	115	17.200	75.880	7.488
HBPP_20015009_02720.C	114	17.600	75.440	7.383
HBPP_20015009_02720.C	115	16.600	75.640	7.196
HBPP_20015009_02720.C	115	17.200	75.880	7.242
BPP_100_1000_0.1_0.8_0.C	46	0.800	27.920	0.794
BPP_100_1000_0.1_0.8_0.C	46	0.800	27.920	0.795
BPP_100_1000_0.1_0.8_0.C	46	0.800	27.920	0.807
BPP_100_1000_0.1_0.8_0.C	46	0.800	27.920	0.798
BPP_100_1000_0.1_0.8_0.C	46	0.800	27.920	0.840
BPP_100_1000_0.1_0.8_0.C	46	1.200	28.080	0.789
BPP_100_1000_0.1_0.8_0.C	46	0.800	27.920	0.796
BPP_100_1000_0.1_0.8_0.C	46	0.800	27.920	0.797
BPP_100_1000_0.1_0.8_0.C	46	1.000	28.000	0.798
BPP_100_1000_0.1_0.8_0.C	47	0.800	28.520	0.803
BPP_100_1000_0.1_0.8_1.C	46	0.200	27.680	0.818
BPP_100_1000_0.1_0.8_1.C	47	0.000	28.200	0.824
BPP_100_1000_0.1_0.8_1.C	47	0.000	28.200	0.842
BPP_100_1000_0.1_0.8_1.C	46	1.000	28.000	0.818
BPP_100_1000_0.1_0.8_1.C	47	0.000	28.200	0.849
BPP_100_1000_0.1_0.8_1.C	47	0.000	28.200	0.839
BPP_100_1000_0.1_0.8_1.C	47	0.000	28.200	0.800
BPP_100_1000_0.1_0.8_1.C	47	0.000	28.200	0.793
BPP_100_1000_0.1_0.8_1.C	47	0.000	28.200	0.827
BPP_100_1000_0.1_0.8_1.C	47	0.000	28.200	0.799
BPP_100_1000_0.1_0.8_2.C	45	1.600	27.640	0.861
BPP_100_1000_0.1_0.8_2.C	45	1.600	27.640	0.848
BPP_100_1000_0.1_0.8_2.C	45	1.600	27.640	0.830
BPP_100_1000_0.1_0.8_2.C	45	1.400	27.560	0.844
BPP_100_1000_0.1_0.8_2.C	45	1.400	27.560	0.806
BPP_100_1000_0.1_0.8_2.C	45	1.600	27.640	0.859
BPP_100_1000_0.1_0.8_2.C	45	1.400	27.560	0.896
BPP_100_1000_0.1_0.8_2.C	45	1.400	27.560	0.858
BPP_100_1000_0.1_0.8_2.C	45	1.400	27.560	0.906
BPP_100_1000_0.1_0.8_2.C	45	1.400	27.560	0.876
BPP_100_1000_0.1_0.8_3.C	45	1.600	27.640	0.790
BPP_100_1000_0.1_0.8_3.C	45	1.000	27.400	0.793
BPP_100_1000_0.1_0.8_3.C	45	1.000	27.400	0.793
BPP_100_1000_0.1_0.8_3.C	45	1.000	27.400	0.800
BPP_100_1000_0.1_0.8_3.C	45	1.000	27.400	0.796
BPP_100_1000_0.1_0.8_3.C	45	1.000	27.400	0.787
BPP_100_1000_0.1_0.8_3.C	45	1.000	27.400	0.792
BPP_100_1000_0.1_0.8_3.C	45	1.000	27.400	0.797
BPP_100_1000_0.1_0.8_3.C	45	1.000	27.400	0.795
BPP_100_1000_0.1_0.8_3.C	45	1.000	27.400	0.808
BPP_100_1000_0.1_0.8_4.C	45	1.000	27.400	0.780
BPP_100_1000_0.1_0.8_4.C	45	1.000	27.400	0.802
BPP_100_1000_0.1_0.8_4.C	45	1.000	27.400	0.786
BPP_100_1000_0.1_0.8_4.C	45	1.000	27.400	0.772
BPP_100_1000_0.1_0.8_4.C	45	1.000	27.400	0.799
BPP_100_1000_0.1_0.8_4.C	45	1.000	27.400	0.778
BPP_100_1000_0.1_0.8_4.C	45	1.000	27.400	0.782
BPP_100_1000_0.1_0.8_4.C	45	1.000	27.400	0.782
BPP_100_1000_0.1_0.8_4.C	45	1.000	27.400	0.792
BPP_100_1000_0.1_0.8_4.C	45	1.000	27.400	0.782
BPP_100_1000_0.1_0.8_5.C	46	5.000	29.600	0.826
BPP_100_1000_0.1_0.8_5.C	46	5.800	29.920	0.818
BPP_100_1000_0.1_0.8_5.C	46	5.000	29.600	0.840
BPP_100_1000_0.1_0.8_5.C	46	5.000	29.600	0.841
BPP_100_1000_0.1_0.8_5.C	46	5.200	29.680	0.816
BPP_100_1000_0.1_0.8_5.C	46	5.000	29.600	0.886
BPP_100_1000_0.1_0.8_5.C	46	5.800	29.920	0.814
BPP_100_1000_0.1_0.8_5.C	46	5.000	29.600	0.814
BPP_100_1000_0.1_0.8_5.C	46	5.000	29.600	0.836
BPP_100_1000_0.1_0.8_5.C	46	5.000	29.600	0.841
BPP_100_1000_0.1_0.8_6.C	45	3.600	28.440	0.787
BPP_100_1000_0.1_0.8_6.C	45	3.400	28.360	0.781
BPP_100_1000_0.1_0.8_6.C	45	3.600	28.440	0.801
BPP_100_1000_0.1_0.8_6.C	45	3.400	28.360	0.771
BPP_100_1000_0.1_0.8_6.C	45	3.600	28.440	0.780
BPP_100_1000_0.1_0.8_6.C	45	3.600	28.440	0.771
BPP_100_1000_0.1_0.8_6.C	45	3.400	28.360	0.788
BPP_100_1000_0.1_0.8_6.C	45	3.600	28.440	0.778
BPP_100_1000_0.1_0.8_6.C	45	3.400	28.360	0.778
BPP_100_1000_0.1_0.8_6.C	45	3.600	28.440	0.802
BPP_100_1000_0.1_0.8_7.C	46	2.600	28.640	0.832
BPP_100_1000_0.1_0.8_7.C	46	2.600	28.640	0.824
BPP_100_1000_0.1_0.8_7.C	46	1.600	28.240	0.795
BPP_100_1000_0.1_0.8_7.C	46	2.400	28.560	0.789
BPP_100_1000_0.1_0.8_7.C	46	2.600	28.640	0.789
BPP_100_1000_0.1_0.8_7.C	46	2.600	28.640	0.803
BPP_100_1000_0.1_0.8_7.C	46	2.600	28.640	0.794
BPP_100_1000_0.1_0.8_7.C	46	2.600	28.640	0.795
BPP_100_1000_0.1_0.8_7.C	46	2.600	28.640	0.793
BPP_100_1000_0.1_0.8_7.C	46	2.200	28.480	0.797
BPP_100_1000_0.1_0.8_8.C	51	1.400	31.160	0.859
BPP_100_1000_0.1_0.8_8.C	51	1.400	31.160	0.885
BPP_100_1000_0.1_0.8_8.C	51	1.400	31.160	0.880
BPP_100_1000_0.1_0.8_8.C	51	1.400	31.160	0.917
BPP_100_1000_0.1_0.8_8.C	51	1.400	31.160	0.855
BPP_100_1000_0.1_0.8_8.C	51	1.400	31.160	0.874
BPP_100_1000_0.1_0.8_8.C	51	1.400	31.160	0.870
BPP_100_1000_0.1_0.8_8.C	51	1.400	31.160	0.930
BPP_100_1000_0.1_0.8_8.C	51	1.400	31.160	0.928
BPP_100_1000_0.1_0.8_8.C	51	1.400	31.160	0.887
BPP_100_1000_0.1_0.8_9.C	44	3.000	27.600	0.761
BPP_100_1000_0.1_0.8_9.C	44	2.600	27.440	0.796
BPP_100_1000_0.1_0.8_9.C	44	2.800	27.520	0.770
BPP_100_1000_0.1_0.8_9.C	44	2.600	27.440	0.764
BPP_100_1000_0.1_0.8_9.C	44	2.600	27.440	0.775
BPP_100_1000_0.1_0.8_9.C	44	2.600	27.440	0.784
BPP_100_1000_0.1_0.8_9.C	44	2.800	27.520	0.813
BPP_100_1000_0.1_0.8_9.C	44	2.800	27.520	0.832
BPP_100_1000_0.1_0.8_9.C	44	2.600	27.440	0.786
BPP_100_1000_0.1_0.8_9.C	44	2.800	27.520	0.792
BPP_100_100_0.1_0.8_0.C	48	4.200	30.480	0.093
BPP_100_100_0.1_0.8_0.C	48	4.600	30.640	0.095
BPP_100_100_0.1_0.8_0.C	48	4.000	30.400	0.094
BPP_100_100_0.1_0.8_0.C	48	4.800	30.720	0.099
BPP_100_100_0.1_0.8_0.C	48	4.600	30.640	0.092
BPP_100_100_0.1_0.8_0.C	48	4.200	30.480	0.094
BPP_100_100_0.1_0.8_0.C	48	4.400	30.560	0.101
BPP_100_100_0.1_0.8_0.C	48	4.000	30.400	0.125
BPP_100_100_0.1_0.8_0.C	48	4.800	30.720	0.118
BPP_100_100_0.1_0.8_0.C	48	4.600	30.640	0.100
BPP_100_100_0.1_0.8_1.C	49	2.000	30.200	0.094
BPP_100_100_0.1_0.8_1.C	49	2.000	30.200	0.096
BPP_100_100_0.1_0.8_1.C	49	2.000	30.200	0.096
BPP_100_100_0.1_0.8_1.C	49	2.000	30.200	0.094
BPP_100_100_0.1_0.8_1.C	49	2.000	30.200	0.095
BPP_100_100_0.1_0.8_1.C	49	1.800	30.120	0.096
BPP_100_100_0.1_0.8_1.C	49	2.000	30.200	0.091
BPP_100_100_0.1_0.8_1.C	49	2.000	30.200	0.091
BPP_100_100_0.1_0.8_1.C	49	2.000	30.200	0.096
BPP_100_100_0.1_0.8_1.C	49	2.000	30.200	0.095
BPP_100_100_0.1_0.8_2.C	43	2.600	26.840	0.087
BPP_100_100_0.1_0.8_2.C	43	2.600	26.840	0.084
BPP_100_100_0.1_0.8_2.C	43	2.600	26.840	0.086
BPP_100_100_0.1_0.8_2.C	43	2.800	26.920	0.085
BPP_100_100_0.1_0.8_2.C	43	2.800	26.920	0.088
BPP_100_100_0.1_0.8_2.C	43	2.800	26.920	0.085
BPP_100_100_0.1_0.8_2.C	43	2.800	26.920	0.091
BPP_100_100_0.1_0.8_2.C	43	2.800	26.920	0.086
BPP_100_100_0.1_0.8_2.C	43	2.800	26.920	0.085
BPP_100_100_0.1_0.8_2.C	43	2.800	26.920	0.084
BPP_100_100_0.1_0.8_3.C	49	2.800	30.520	0.097
BPP_100_100_0.1_0.8_3.C	49	3.000	30.600	0.093
BPP_100_100_0.1_0.8_3.C	49	3.000	30.600	0.092
BPP_100_100_0.1_0.8_3.C	49	2.800	30.520	0.095
BPP_100_100_0.1_0.8_3.C	48	3.800	30.320	0.097
BPP_100_100_0.1_0.8_3.C	49	3.200	30.680	0.092
BPP_100_100_0.1_0.8_3.C	49	2.800	30.520	0.098
BPP_100_100_0.1_0.8_3.C	49	2.800	30.520	0.096
BPP_100_100_0.1_0.8_3.C	48	3.000	30.000	0.095
BPP_100_100_0.1_0.8_3.C	49	2.800	30.520	0.099
BPP_100_100_0.1_0.8_4.C	58	1.000	35.200	0.104
BPP_100_100_0.1_0.8_4.C	58	1.000	35.200	0.108
BPP_100_100_0.1_0.8_4.C	58	0.800	35.120	0.103
BPP_100_100_0.1_0.8_4.C	58	0.800	35.120	0.111
BPP_100_100_0.1_0.8_4.C	58	0.800	35.120	0.104
BPP_100_100_0.1_0.8_4.C	58	1.000	35.200	0.105
BPP_100_100_0.1_0.8_4.C	58	0.800	35.120	0.106
BPP_100_100_0.1_0.8_4.C	58	1.000	35.200	0.104
BPP_100_100_0.1_0.8_4.C	58	0.800	35.120	0.107
BPP_100_100_0.1_0.8_4.C	58	1.000	35.200	0.108
BPP_100_100_0.1_0.8_5.C	51	2.400	31.560	0.096
BPP_100_100_0.1_0.8_5.C	51	2.600	31.640	0.108
BPP_100_100_0.1_0.8_5.C	51	2.600	31.640	0.101
BPP_100_100_0.1_0.8_5.C	51	2.400	31.560	0.101
BPP_100_100_0.1_0.8_5.C	51	2.600	31.640	0.095
BPP_100_100_0.1_0.8_5.C	51	1.800	31.320	0.097
BPP_100_100_0.1_0.8_5.C	51	2.600	31.640	0.098
BPP_100_100_0.1_0.8_5.C	51	2.400	31.560	0.099
BPP_100_100_0.1_0.8_5.C	51	2.000	31.400	0.098
BPP_100_100_0.1_0.8_5.C	51	1.800	31.320	0.099
BPP_100_100_0.1_0.8_6.C	47	0.400	28.360	0.087
BPP_100_100_0.1_0.8_6.C	47	0.200	28.280	0.092
BPP_100_100_0.1_0.8_6.C	47	0.200	28.280	0.087
BPP_100_100_0.1_0.8_6.C	47	0.200	28.280	0.089
BPP_100_100_0.1_0.8_6.C	47	0.400	28.360	0.094
BPP_100_100_0.1_0.8_6.C	47	0.200	28.280	0.093
BPP_100_100_0.1_0.8_6.C	47	0.200	28.280	0.094
BPP_100_100_0.1_0.8_6.C	47	0.200	28.280	0.092
BPP_100_100_0.1_0.8_6.C	47	0.200	28.280	0.093
BPP_100_100_0.1_0.8_6.C	47	0.200	28.280	0.091
BPP_100_100_0.1_0.8_7.C	48	0.200	28.880	0.094
BPP_100_100_0.1_0.8_7.C	48	0.000	28.800	0.094
BPP_100_100_0.1_0.8_7.C	48	0.200	28.880	0.091
BPP_100_100_0.1_0.8_7.C	48	0.000	28.800	0.092
BPP_100_100_0.1_0.8_7.C	48	0.400	28.960	0.094
BPP_100_100_0.1_0.8_7.C	48	0.400	28.960	0.093
BPP_100_100_0.1_0.8_7.C	48	-0.000	28.800	0.094
BPP_100_100_0.1_0.8_7.C	48	0.200	28.880	0.090
BPP_100_100_0.1_0.8_7.C	48	-0.000	28.800	0.093
BPP_100_100_0.1_0.8_7.C	48	0.200	28.880	0.103
BPP_100_100_0.1_0.8_8.C	46	-0.000	27.600	0.094
BPP_100_100_0.1_0.8_8.C	46	-0.000	27.600	0.092
BPP_100_100_0.1_0.8_8.C	46	-0.000	27.600	0.092
BPP_100_100_0.1_0.8_8.C	46	-0.000	27.600	0.091
BPP_100_100_0.1_0.8_8.C	46	-0.000	27.600	0.091
BPP_100_100_0.1_0.8_8.C	46	-0.000	27.600	0.092
BPP_100_100_0.1_0.8_8.C	46	-0.000	27.600	0.089
BPP_100_100_0.1_0.8_8.C	46	-0.000	27.600	0.092
BPP_100_100_0.1_0.8_8.C	46	-0.000	27.600	0.092
BPP_100_100_0.1_0.8_8.C	46	-0.000	27.600	0.092
BPP_100_100_0.1_0.8_9.C	48	-0.000	28.800	0.092
BPP_100_100_0.1_0.8_9.C	48	-0.000	28.800	0.093
BPP_100_100_0.1_0.8_9.C	48	-0.000	28.800	0.092
BPP_100_100_0.1_0.8_9.C	48	-0.000	28.800	0.093
BPP_100_100_0.1_0.8_9.C	48	-0.000	28.800	0.092
BPP_100_100_0.1_0.8_9.C	48	-0.000	28.800	0.093
BPP_100_100_0.1_0.8_9.C	48	-0.000	28.800	0.094
BPP_100_100_0.1_0.8_9.C	48	0.200	28.880	0.092
BPP_100_100_0.1_0.8_9.C	48	-0.000	28.800	0.091
BPP_100_100_0.1_0.8_9.C	47	1.000	28.600	0.091
BPP_100_120_0.1_0.8_0.C	44	4.600	28.240	0.099
BPP_100_120_0.1_0.8_0.C	44	4.600	28.240	0.100
BPP_100_120_0.1_0.8_0.C	44	4.800	28.320	0.101
BPP_100_120_0.1_0.8_0.C	44	4.800	28.320	0.101
BPP_100_120_0.1_0.8_0.C	44	4.800	28.320	0.102
BPP_100_120_0.1_0.8_0.C	44	4.800	28.320	0.103
BPP_100_120_0.1_0.8_0.C	44	4.800	28.320	0.102
BPP_100_120_0.1_0.8_0.C	44	4.800	28.320	0.105
BPP_100_120_0.1_0.8_0.C	44	4.800	28.320	0.102
BPP_100_120_0.1_0.8_0.C	44	4.600	28.240	0.104
BPP_100_120_0.1_0.8_1.C	46	6.200	30.080	0.110
BPP_100_120_0.1_0.8_1.C	46	6.400	30.160	0.106
BPP_100_120_0.1_0.8_1.C	46	6.000	30.000	0.103
BPP_100_120_0.1_0.8_1.C	46	5.800	29.920	0.109
BPP_100_120_0.1_0.8_1.C	46	5.600	29.840	0.108
BPP_100_120_0.1_0.8_1.C	47	5.400	30.360	0.106
BPP_100_120_0.1_0.8_1.C	46	5.400	29.760	0.104
BPP_100_120_0.1_0.8_1.C	46	5.800	29.920	0.116
BPP_100_120_0.1_0.8_1.C	46	5.600	29.840	0.106
BPP_100_120_0.1_0.8_1.C	46	5.600	29.840	0.105
BPP_100_120_0.1_0.8_2.C	46	0.800	27.920	0.106
BPP_100_120_0.1_0.8_2.C	46	1.200	28.080	0.110
BPP_100_120_0.1_0.8_2.C	47	0.800	28.520	0.105
BPP_100_120_0.1_0.8_2.C	47	0.600	28.440	0.111
BPP_100_120_0.1_0.8_2.C	47	0.800	28.520	0.105
BPP_100_120_0.1_0.8_2.C	47	0.600	28.440	0.106
BPP_100_120_0.1_0.8_2.C	46	0.800	27.920	0.114
BPP_100_120_0.1_0.8_2.C	46	0.800	27.920	0.107
BPP_100_120_0.1_0.8_2.C	46	1.200	28.080	0.109
BPP_100_120_0.1_0.8_2.C	46	0.800	27.920	0.110
BPP_100_120_0.1_0.8_3.C	51	0.600	30.840	0.114
BPP_100_120_0.1_0.8_3.C	51	1.400	31.160	0.117
BPP_100_120_0.1_0.8_3.C	51	-0.000	30.600	0.113
BPP_100_120_0.1_0.8_3.C	51	0.200	30.680	0.112
BPP_100_120_0.1_0.8_3.C	51	1.000	31.000	0.115
BPP_100_120_0.1_0.8_3.C	51	0.800	30.920	0.117
BPP_100_120_0.1_0.8_3.C	51	-0.000	30.600	0.115
BPP_100_120_0.1_0.8_3.C	51	0.400	30.760	0.114
BPP_100_120_0.1_0.8_3.C	51	1.000	31.000	0.115
BPP_100_120_0.1_0.8_3.C	51	0.400	30.760	0.115
BPP_100_120_0.1_0.8_4.C	48	0.800	29.120	0.110
BPP_100_120_0.1_0.8_4.C	48	0.800	29.120	0.107
BPP_100_120_0.1_0.8_4.C	48	1.600	29.440	0.111
BPP_100_120_0.1_0.8_4.C	48	0.800	29.120	0.118
BPP_100_120_0.1_0.8_4.C	48	0.800	29.120	0.107
BPP_100_120_0.1_0.8_4.C	48	0.800	29.120	0.107
BPP_100_120_0.1_0.8_4.C	48	0.800	29.120	0.116
BPP_100_120_0.1_0.8_4.C	48	0.800	29.120	0.107
BPP_100_120_0.1_0.8_4.C	48	0.600	29.040	0.106
BPP_100_120_0.1_0.8_4.C	48	1.800	29.520	0.107
BPP_100_120_0.1_0.8_5.C	45	1.600	27.640	0.101
BPP_100_120_0.1_0.8_5.C	44	2.200	27.280	0.104
BPP_100_120_0.1_0.8_5.C	44	2.000	27.200	0.101
BPP_100_120_0.1_0.8_5.C	44	2.800	27.520	0.100
BPP_100_120_0.1_0.8_5.C	44	1.600	27.040	0.103
BPP_100_120_0.1_0.8_5.C	44	2.000	27.200	0.102
BPP_100_120_0.1_0.8_5.C	45	1.600	27.640	0.101
BPP_100_120_0.1_0.8_5.C	44	2.400	27.360	0.103
BPP_100_120_0.1_0.8_5.C	44	3.000	27.600	0.104
BPP_100_120_0.1_0.8_5.C	44	3.000	27.600	0.104
BPP_100_120_0.1_0.8_6.C	46	3.800	29.120	0.104
BPP_100_120_0.1_0.8_6.C	46	3.600	29.040	0.106
BPP_100_120_0.1_0.8_6.C	46	3.800	29.120	0.103
BPP_100_120_0.1_0.8_6.C	46	3.800	29.120	0.103
BPP_100_120_0.1_0.8_6.C	46	3.800	29.120	0.102
BPP_100_120_0.1_0.8_6.C	46	3.800	29.120	0.108
BPP_100_120_0.1_0.8_6.C	46	4.000	29.200	0.111
BPP_100_120_0.1_0.8_6.C	46	4.000	29.200	0.104
BPP_100_120_0.1_0.8_6.C	46	3.800	29.120	0.107
BPP_100_120_0.1_0.8_6.C	46	3.800	29.120	0.102
BPP_100_120_0.1_0.8_7.C	54	2.200	33.280	0.129
BPP_100_120_0.1_0.8_7.C	54	2.600	33.440	0.117
BPP_100_120_0.1_0.8_7.C	54	2.600	33.440	0.118
BPP_100_120_0.1_0.8_7.C	54	2.600	33.440	0.120
BPP_100_120_0.1_0.8_7.C	54	2.600	33.440	0.117
BPP_100_120_0.1_0.8_7.C	54	2.400	33.360	0.118
BPP_100_120_0.1_0.8_7.C	54	2.200	33.280	0.119
BPP_100_120_0.1_0.8_7.C	54	2.400	33.360	0.116
BPP_100_120_0.1_0.8_7.C	54	2.400	33.360	0.116
BPP_100_120_0.1_0.8_7.C	54	2.400	33.360	0.127
BPP_100_120_0.1_0.8_8.C	44	4.600	28.240	0.116
BPP_100_120_0.1_0.8_8.C	44	3.800	27.920	0.104
BPP_100_120_0.1_0.8_8.C	44	4.000	28.000	0.106
BPP_100_120_0.1_0.8_8.C	44	3.800	27.920	0.104
BPP_100_120_0.1_0.8_8.C	45	3.400	28.360	0.105
BPP_100_120_0.1_0.8_8.C	44	4.400	28.160	0.103
BPP_100_120_0.1_0.8_8.C	45	3.600	28.440	0.102
BPP_100_120_0.1_0.8_8.C	44	3.800	27.920	0.105
BPP_100_120_0.1_0.8_8.C	45	3.200	28.280	0.106
BPP_100_120_0.1_0.8_8.C	44	3.800	27.920	0.107
BPP_100_120_0.1_0.8_9.C	45	1.800	27.720	0.104
BPP_100_120_0.1_0.8_9.C	45	1.600	27.640	0.100
BPP_100_120_0.1_0.8_9.C	45	1.600	27.640	0.111
BPP_100_120_0.1_0.8_9.C	45	1.600	27.640	0.105
BPP_100_120_0.1_0.8_9.C	44	2.400	27.360	0.100
BPP_100_120_0.1_0.8_9.C	45	1.800	27.720	0.104
BPP_100_120_0.1_0.8_9.C	45	2.000	27.800	0.105
BPP_100_120_0.1_0.8_9.C	45	1.600	27.640	0.104
BPP_100_120_0.1_0.8_9.C	45	1.800	27.720	0.103
BPP_100_120_0.1_0.8_9.C	45	1.800	27.720	0.103
BPP_100_125_0.1_0.8_0.C	48	7.800	31.920	0.111
BPP_100_125_0.1_0.8_0.C	48	7.800	31.920	0.111
BPP_100_125_0.1_0.8_0.C	48	7.400	31.760	0.109
BPP_100_125_0.1_0.8_0.C	48	7.800	31.920	0.111
BPP_100_125_0.1_0.8_0.C	48	8.200	32.080	0.113
BPP_100_125_0.1_0.8_0.C	48	8.000	32.000	0.112
BPP_100_125_0.1_0.8_0.C	48	7.800	31.920	0.112
BPP_100_125_0.1_0.8_0.C	48	7.800	31.920	0.113
BPP_100_125_0.1_0.8_0.C	48	7.800	31.920	0.112
BPP_100_125_0.1_0.8_0.C	48	8.000	32.000	0.110
BPP_100_125_0.1_0.8_1.C	47	10.000	32.200	0.114
BPP_100_125_0.1_0.8_1.C	47	9.800	32.120	0.114
BPP_100_125_0.1_0.8_1.C	47	9.800	32.120	0.111
BPP_100_125_0.1_0.8_1.C	47	9.800	32.120	0.111
BPP_100_125_0.1_0.8_1.C	47	9.600	32.040	0.115
BPP_100_125_0.1_0.8_1.C	47	9.800	32.120	0.112
BPP_100_125_0.1_0.8_1.C	47	10.000	32.200	0.118
BPP_100_125_0.1_0.8_1.C	47	9.800	32.120	0.111
BPP_100_125_0.1_0.8_1.C	47	10.000	32.200	0.115
BPP_100_125_0.1_0.8_1.C	47	9.800	32.120	0.120
BPP_100_125_0.1_0.8_2.C	47	1.200	28.680	0.112
BPP_100_125_0.1_0.8_2.C	47	1.200	28.680	0.113
BPP_100_125_0.1_0.8_2.C	47	1.200	28.680	0.110
BPP_100_125_0.1_0.8_2.C	47	1.200	28.680	0.120
BPP_100_125_0.1_0.8_2.C	47	1.200	28.680	0.117
BPP_100_125_0.1_0.8_2.C	47	1.200	28.680	0.115
BPP_100_125_0.1_0.8_2.C	47	1.200	28.680	0.112
BPP_100_125_0.1_0.8_2.C	47	1.200	28.680	0.110
BPP_100_125_0.1_0.8_2.C	47	1.200	28.680	0.114
BPP_100_125_0.1_0.8_2.C	47	1.200	28.680	0.111
BPP_100_125_0.1_0.8_3.C	45	0.600	27.240	0.109
BPP_100_125_0.1_0.8_3.C	45	0.400	27.160	0.106
BPP_100_125_0.1_0.8_3.C	45	0.600	27.240	0.115
BPP_100_125_0.1_0.8_3.C	45	0.600	27.240	0.106
BPP_100_125_0.1_0.8_3.C	45	0.600	27.240	0.111
BPP_100_125_0.1_0.8_3.C	45	1.000	27.400	0.112
BPP_100_125_0.1_0.8_3.C	45	0.600	27.240	0.109
BPP_100_125_0.1_0.8_3.C	45	0.600	27.240	0.109
BPP_100_125_0.1_0.8_3.C	45	0.600	27.240	0.188
BPP_100_125_0.1_0.8_3.C	45	0.600	27.240	0.108
BPP_100_125_0.1_0.8_4.C	48	4.200	30.480	0.113
BPP_100_125_0.1_0.8_4.C	48	4.200	30.480	0.113
BPP_100_125_0.1_0.8_4.C	48	4.200	30.480	0.222
BPP_100_125_0.1_0.8_4.C	48	4.200	30.480	0.115
BPP_100_125_0.1_0.8_4.C	48	4.200	30.480	0.111
BPP_100_125_0.1_0.8_4.C	48	4.400	30.560	0.111
BPP_100_125_0.1_0.8_4.C	48	4.000	30.400	0.114
BPP_100_125_0.1_0.8_4.C	48	4.200	30.480	0.115
BPP_100_125_0.1_0.8_4.C	48	4.200	30.480	0.110
BPP_100_125_0.1_0.8_4.C	48	4.200	30.480	0.113
BPP_100_125_0.1_0.8_5.C	45	3.800	28.520	0.107
BPP_100_125_0.1_0.8_5.C	45	3.600	28.440	0.109
BPP_100_125_0.1_0.8_5.C	45	3.600	28.440	0.106
BPP_100_125_0.1_0.8_5.C	45	4.000	28.600	0.108
BPP_100_125_0.1_0.8_5.C	45	4.000	28.600	0.108
BPP_100_125_0.1_0.8_5.C	45	4.000	28.600	0.105
BPP_100_125_0.1_0.8_5.C	45	3.800	28.520	0.108
BPP_100_125_0.1_0.8_5.C	45	4.000	28.600	0.107
BPP_100_125_0.1_0.8_5.C	45	3.600	28.440	0.106
BPP_100_125_0.1_0.8_5.C	45	4.000	28.600	0.108
BPP_100_125_0.1_0.8_6.C	51	2.400	31.560	0.236
BPP_100_125_0.1_0.8_6.C	51	3.000	31.800	0.185
BPP_100_125_0.1_0.8_6.C	51	3.000	31.800	0.242
BPP_100_125_0.1_0.8_6.C	51	2.600	31.640	0.268
BPP_100_125_0.1_0.8_6.C	51	3.000	31.800	0.251
BPP_100_125_0.1_0.8_6.C	51	2.600	31.640	0.226
BPP_100_125_0.1_0.8_6.C	51	2.200	31.480	0.253
BPP_100_125_0.1_0.8_6.C	51	2.200	31.480	0.254
BPP_100_125_0.1_0.8_6.C	51	2.400	31.560	0.273
BPP_100_125_0.1_0.8_6.C	51	3.400	31.960	0.118
BPP_100_125_0.1_0.8_7.C	53	6.400	34.360	0.128
BPP_100_125_0.1_0.8_7.C	53	7.200	34.680	0.125
BPP_100_125_0.1_0.8_7.C	52	7.200	34.080	0.124
BPP_100_125_0.1_0.8_7.C	53	6.400	34.360	0.123
BPP_100_125_0.1_0.8_7.C	53	6.400	34.360	0.125
BPP_100_125_0.1_0.8_7.C	52	7.200	34.080	0.127
BPP_100_125_0.1_0.8_7.C	53	6.400	34.360	0.142
BPP_100_125_0.1_0.8_7.C	53	6.400	34.360	0.125
BPP_100_125_0.1_0.8_7.C	53	6.400	34.360	0.125
BPP_100_125_0.1_0.8_7.C	53	6.400	34.360	0.123
BPP_100_125_0.1_0.8_8.C	44	2.200	27.280	0.150
BPP_100_125_0.1_0.8_8.C	44	2.200	27.280	0.217
BPP_100_125_0.1_0.8_8.C	44	2.200	27.280	0.103
BPP_100_125_0.1_0.8_8.C	44	2.200	27.280	0.100
BPP_100_125_0.1_0.8_8.C	43	3.600	27.240	0.109
BPP_100_125_0.1_0.8_8.C	44	2.200	27.280	0.101
BPP_100_125_0.1_0.8_8.C	44	2.200	27.280	0.099
BPP_100_125_0.1_0.8_8.C	43	3.400	27.160	0.106
BPP_100_125_0.1_0.8_8.C	43	3.400	27.160	0.101
BPP_100_125_0.1_0.8_8.C	43	2.800	26.920	0.102
BPP_100_125_0.1_0.8_9.C	48	2.200	29.680	0.109
BPP_100_125_0.1_0.8_9.C	48	2.200	29.680	0.108
BPP_100_125_0.1_0.8_9.C	48	2.200	29.680	0.106
BPP_100_125_0.1_0.8_9.C	48	2.200	29.680	0.107
BPP_100_125_0.1_0.8_9.C	48	2.200	29.680	0.192
BPP_100_125_0.1_0.8_9.C	48	2.200	29.680	0.106
BPP_100_125_0.1_0.8_9.C	48	2.200	29.680	0.107
BPP_100_125_0.1_0.8_9.C	48	2.200	29.680	0.108
BPP_100_125_0.1_0.8_9.C	48	2.200	29.680	0.110
BPP_100_125_0.1_0.8_9.C	48	2.200	29.680	0.108
BPP_100_150_0.1_0.8_0.C	56	3.800	35.120	0.147
BPP_100_150_0.1_0.8_0.C	56	3.800	35.120	0.146
BPP_100_150_0.1_0.8_0.C	56	3.800	35.120	0.147
BPP_100_150_0.1_0.8_0.C	56	3.800	35.120	0.148
BPP_100_150_0.1_0.8_0.C	56	3.800	35.120	0.148
BPP_100_150_0.1_0.8_0.C	56	3.800	35.120	0.145
BPP_100_150_0.1_0.8_0.C	56	3.600	35.040	0.155
BPP_100_150_0.1_0.8_0.C	56	3.400	34.960	0.148
BPP_100_150_0.1_0.8_0.C	56	3.800	35.120	0.152
BPP_100_150_0.1_0.8_0.C	56	3.800	35.120	0.151
BPP_100_150_0.1_0.8_1.C	47	3.200	29.480	0.140
BPP_100_150_0.1_0.8_1.C	47	4.400	29.960	0.134
BPP_100_150_0.1_0.8_1.C	47	3.200	29.480	0.129
BPP_100_150_0.1_0.8_1.C	47	3.400	29.560	0.131
BPP_100_150_0.1_0.8_1.C	47	3.400	29.560	0.129
BPP_100_150_0.1_0.8_1.C	47	3.200	29.480	0.128
BPP_100_150_0.1_0.8_1.C	47	3.200	29.480	0.132
BPP_100_150_0.1_0.8_1.C	47	3.400	29.560	0.131
BPP_100_150_0.1_0.8_1.C	47	3.000	29.400	0.132
BPP_100_150_0.1_0.8_1.C	47	3.800	29.720	0.136
BPP_100_150_0.1_0.8_2.C	44	4.400	28.160	0.125
BPP_100_150_0.1_0.8_2.C	44	4.400	28.160	0.122
BPP_100_150_0.1_0.8_2.C	44	4.400	28.160	0.123
BPP_100_150_0.1_0.8_2.C	44	4.400	28.160	0.129
BPP_100_150_0.1_0.8_2.C	44	4.400	28.160	0.125
BPP_100_150_0.1_0.8_2.C	44	4.400	28.160	0.123
BPP_100_150_0.1_0.8_2.C	43	5.600	28.040	0.126
BPP_100_150_0.1_0.8_2.C	44	4.400	28.160	0.123
BPP_100_150_0.1_0.8_2.C	44	4.400	28.160	0.121
BPP_100_150_0.1_0.8_2.C	44	4.400	28.160	0.121
BPP_100_150_0.1_0.8_3.C	45	1.600	27.640	0.125
BPP_100_150_0.1_0.8_3.C	45	1.600	27.640	0.125
BPP_100_150_0.1_0.8_3.C	45	1.600	27.640	0.124
BPP_100_150_0.1_0.8_3.C	45	1.600	27.640	0.125
BPP_100_150_0.1_0.8_3.C	45	1.600	27.640	0.124
BPP_100_150_0.1_0.8_3.C	45	1.600	27.640	0.123
BPP_100_150_0.1_0.8_3.C	45	1.600	27.640	0.127
BPP_100_150_0.1_0.8_3.C	45	1.600	27.640	0.128
BPP_100_150_0.1_0.8_3.C	45	1.600	27.640	0.125
BPP_100_150_0.1_0.8_3.C	45	1.600	27.640	0.124
BPP_100_150_0.1_0.8_4.C	50	3.000	31.200	0.139
BPP_100_150_0.1_0.8_4.C	50	1.800	30.720	0.141
BPP_100_150_0.1_0.8_4.C	51	1.600	31.240	0.139
BPP_100_150_0.1_0.8_4.C	51	1.600	31.240	0.136
BPP_100_150_0.1_0.8_4.C	51	1.600	31.240	0.138
BPP_100_150_0.1_0.8_4.C	51	1.600	31.240	0.139
BPP_100_150_0.1_0.8_4.C	51	1.600	31.240	0.138
BPP_100_150_0.1_0.8_4.C	51	1.600	31.240	0.135
BPP_100_150_0.1_0.8_4.C	51	1.600	31.240	0.135
BPP_100_150_0.1_0.8_4.C	51	1.600	31.240	0.135
BPP_100_150_0.1_0.8_5.C	48	4.200	30.480	0.134
BPP_100_150_0.1_0.8_5.C	48	4.000	30.400	0.131
BPP_100_150_0.1_0.8_5.C	48	4.200	30.480	0.134
BPP_100_150_0.1_0.8_5.C	48	4.400	30.560	0.132
BPP_100_150_0.1_0.8_5.C	48	4.400	30.560	0.130
BPP_100_150_0.1_0.8_5.C	48	4.000	30.400	0.136
BPP_100_150_0.1_0.8_5.C	48	4.400	30.560	0.134
BPP_100_150_0.1_0.8_5.C	48	4.200	30.480	0.131
BPP_100_150_0.1_0.8_5.C	48	4.400	30.560	0.131
BPP_100_150_0.1_0.8_5.C	48	4.000	30.400	0.136
BPP_100_150_0.1_0.8_6.C	46	0.600	27.840	0.131
BPP_100_150_0.1_0.8_6.C	46	0.600	27.840	0.129
BPP_100_150_0.1_0.8_6.C	46	0.400	27.760	0.127
BPP_100_150_0.1_0.8_6.C	46	0.600	27.840	0.129
BPP_100_150_0.1_0.8_6.C	46	0.600	27.840	0.127
BPP_100_150_0.1_0.8_6.C	46	0.600	27.840	0.126
BPP_100_150_0.1_0.8_6.C	46	0.600	27.840	0.129
BPP_100_150_0.1_0.8_6.C	46	0.600	27.840	0.127
BPP_100_150_0.1_0.8_6.C	46	0.600	27.840	0.128
BPP_100_150_0.1_0.8_6.C	46	0.600	27.840	0.130
BPP_100_150_0.1_0.8_7.C	48	1.200	29.280	0.132
BPP_100_150_0.1_0.8_7.C	48	1.200	29.280	0.129
BPP_100_150_0.1_0.8_7.C	48	1.200	29.280	0.131
BPP_100_150_0.1_0.8_7.C	48	1.200	29.280	0.130
BPP_100_150_0.1_0.8_7.C	48	1.200	29.280	0.134
BPP_100_150_0.1_0.8_7.C	48	1.200	29.280	0.130
BPP_100_150_0.1_0.8_7.C	48	1.200	29.280	0.132
BPP_100_150_0.1_0.8_7.C	48	1.200	29.280	0.133
BPP_100_150_0.1_0.8_7.C	48	1.200	29.280	0.131
BPP_100_150_0.1_0.8_7.C	48	1.200	29.280	0.140
BPP_100_150_0.1_0.8_8.C	48	1.200	29.280	0.148
BPP_100_150_0.1_0.8_8.C	48	1.600	29.440	0.135
BPP_100_150_0.1_0.8_8.C	48	1.400	29.360	0.135
BPP_100_150_0.1_0.8_8.C	48	1.400	29.360	0.132
BPP_100_150_0.1_0.8_8.C	48	1.400	29.360	0.139
BPP_100_150_0.1_0.8_8.C	48	1.400	29.360	0.138
BPP_100_150_0.1_0.8_8.C	48	1.600	29.440	0.144
BPP_100_150_0.1_0.8_8.C	48	1.200	29.280	0.140
BPP_100_150_0.1_0.8_8.C	48	1.400	29.360	0.136
BPP_100_150_0.1_0.8_8.C	48	1.200	29.280	0.138
BPP_100_150_0.1_0.8_9.C	46	0.200	27.680	0.132
BPP_100_150_0.1_0.8_9.C	46	0.400	27.760	0.131
BPP_100_150_0.1_0.8_9.C	46	0.200	27.680	0.132
BPP_100_150_0.1_0.8_9.C	46	0.200	27.680	0.127
BPP_100_150_0.1_0.8_9.C	46	0.200	27.680	0.131
BPP_100_150_0.1_0.8_9.C	46	0.200	27.680	0.126
BPP_100_150_0.1_0.8_9.C	46	0.200	27.680	0.125
BPP_100_150_0.1_0.8_9.C	46	0.200	27.680	0.132
BPP_100_150_0.1_0.8_9.C	46	0.200	27.680	0.129
BPP_100_150_0.1_0.8_9.C	46	0.200	27.680	0.131
BPP_100_200_0.1_0.8_0.C	47	4.000	29.800	0.169
BPP_100_200_0.1_0.8_0.C	47	3.800	29.720	0.165
BPP_100_200_0.1_0.8_0.C	47	4.000	29.800	0.166
BPP_100_200_0.1_0.8_0.C	47	4.000	29.800	0.175
BPP_100_200_0.1_0.8_0.C	47	4.000	29.800	0.176
BPP_100_200_0.1_0.8_0.C	47	4.000	29.800	0.176
BPP_100_200_0.1_0.8_0.C	47	4.000	29.800	0.168
BPP_100_200_0.1_0.8_0.C	47	3.800	29.720	0.168
BPP_100_200_0.1_0.8_0.C	47	4.000	29.800	0.164
BPP_100_200_0.1_0.8_0.C	47	3.800	29.720	0.181
BPP_100_200_0.1_0.8_1.C	50	5.400	32.160	0.197
BPP_100_200_0.1_0.8_1.C	50	5.200	32.080	0.172
BPP_100_200_0.1_0.8_1.C	50	4.800	31.920	0.172
BPP_100_200_0.1_0.8_1.C	50	5.600	32.240	0.172
BPP_100_200_0.1_0.8_1.C	50	5.600	32.240	0.174
BPP_100_200_0.1_0.8_1.C	50	5.400	32.160	0.179
BPP_100_200_0.1_0.8_1.C	50	6.000	32.400	0.171
BPP_100_200_0.1_0.8_1.C	50	5.600	32.240	0.195
BPP_100_200_0.1_0.8_1.C	50	5.400	32.160	0.178
BPP_100_200_0.1_0.8_1.C	50	5.400	32.160	0.175
BPP_100_200_0.1_0.8_2.C	46	2.600	28.640	0.160
BPP_100_200_0.1_0.8_2.C	46	2.400	28.560	0.166
BPP_100_200_0.1_0.8_2.C	46	2.600	28.640	0.163
BPP_100_200_0.1_0.8_2.C	46	2.600	28.640	0.164
BPP_100_200_0.1_0.8_2.C	46	2.800	28.720	0.165
BPP_100_200_0.1_0.8_2.C	46	2.800	28.720	0.161
BPP_100_200_0.1_0.8_2.C	46	2.400	28.560	0.160
BPP_100_200_0.1_0.8_2.C	46	2.400	28.560	0.168
BPP_100_200_0.1_0.8_2.C	46	2.400	28.560	0.169
BPP_100_200_0.1_0.8_2.C	46	3.000	28.800	0.162
BPP_100_200_0.1_0.8_3.C	45	2.200	27.880	0.164
BPP_100_200_0.1_0.8_3.C	45	3.200	28.280	0.163
BPP_100_200_0.1_0.8_3.C	45	3.000	28.200	0.162
BPP_100_200_0.1_0.8_3.C	45	2.800	28.120	0.163
BPP_100_200_0.1_0.8_3.C	45	2.800	28.120	0.159
BPP_100_200_0.1_0.8_3.C	45	3.000	28.200	0.162
BPP_100_200_0.1_0.8_3.C	45	2.200	27.880	0.163
BPP_100_200_0.1_0.8_3.C	45	3.200	28.280	0.167
BPP_100_200_0.1_0.8_3.C	45	3.000	28.200	0.163
BPP_100_200_0.1_0.8_3.C	45	3.400	28.360	0.184
BPP_100_200_0.1_0.8_4.C	47	2.600	29.240	0.167
BPP_100_200_0.1_0.8_4.C	47	3.000	29.400	0.166
BPP_100_200_0.1_0.8_4.C	47	2.600	29.240	0.165
BPP_100_200_0.1_0.8_4.C	47	2.600	29.240	0.169
BPP_100_200_0.1_0.8_4.C	47	2.600	29.240	0.166
BPP_100_200_0.1_0.8_4.C	48	1.800	29.520	0.164
BPP_100_200_0.1_0.8_4.C	47	2.800	29.320	0.171
BPP_100_200_0.1_0.8_4.C	47	2.600	29.240	0.201
BPP_100_200_0.1_0.8_4.C	47	2.800	29.320	0.167
BPP_100_200_0.1_0.8_4.C	47	2.600	29.240	0.175
BPP_100_200_0.1_0.8_5.C	52	7.400	34.160	0.190
BPP_100_200_0.1_0.8_5.C	52	7.400	34.160	0.183
BPP_100_200_0.1_0.8_5.C	52	7.400	34.160	0.186
BPP_100_200_0.1_0.8_5.C	52	7.400	34.160	0.183
BPP_100_200_0.1_0.8_5.C	52	7.600	34.240	0.186
BPP_100_200_0.1_0.8_5.C	52	7.600	34.240	0.180
BPP_100_200_0.1_0.8_5.C	52	7.400	34.160	0.186
BPP_100_200_0.1_0.8_5.C	52	7.400	34.160	0.184
BPP_100_200_0.1_0.8_5.C	52	7.400	34.160	0.205
BPP_100_200_0.1_0.8_5.C	52	7.600	34.240	0.195
BPP_100_200_0.1_0.8_6.C	52	3.400	32.560	0.188
BPP_100_200_0.1_0.8_6.C	52	3.400	32.560	0.185
BPP_100_200_0.1_0.8_6.C	52	3.400	32.560	0.188
BPP_100_200_0.1_0.8_6.C	52	3.400	32.560	0.180
BPP_100_200_0.1_0.8_6.C	52	3.400	32.560	0.193
BPP_100_200_0.1_0.8_6.C	52	3.400	32.560	0.178
BPP_100_200_0.1_0.8_6.C	52	3.400	32.560	0.182
BPP_100_200_0.1_0.8_6.C	52	3.400	32.560	0.181
BPP_100_200_0.1_0.8_6.C	52	3.400	32.560	0.178
BPP_100_200_0.1_0.8_6.C	52	3.400	32.560	0.187
BPP_100_200_0.1_0.8_7.C	46	6.000	30.000	0.189
BPP_100_200_0.1_0.8_7.C	46	5.800	29.920	0.164
BPP_100_200_0.1_0.8_7.C	46	5.800	29.920	0.170
BPP_100_200_0.1_0.8_7.C	46	5.600	29.840	0.172
BPP_100_200_0.1_0.8_7.C	46	5.800	29.920	0.172
BPP_100_200_0.1_0.8_7.C	46	6.000	30.000	0.173
BPP_100_200_0.1_0.8_7.C	46	5.800	29.920	0.161
BPP_100_200_0.1_0.8_7.C	46	5.800	29.920	0.167
BPP_100_200_0.1_0.8_7.C	46	6.000	30.000	0.163
BPP_100_200_0.1_0.8_7.C	46	5.800	29.920	0.168
BPP_100_200_0.1_0.8_8.C	52	2.800	32.320	0.189
BPP_100_200_0.1_0.8_8.C	52	3.200	32.480	0.182
BPP_100_200_0.1_0.8_8.C	53	2.800	32.920	0.178
BPP_100_200_0.1_0.8_8.C	53	2.800	32.920	0.182
BPP_100_200_0.1_0.8_8.C	52	3.000	32.400	0.187
BPP_100_200_0.1_0.8_8.C	52	3.600	32.640	0.186
BPP_100_200_0.1_0.8_8.C	53	2.800	32.920	0.179
BPP_100_200_0.1_0.8_8.C	52	3.000	32.400	0.180
BPP_100_200_0.1_0.8_8.C	52	3.200	32.480	0.197
BPP_100_200_0.1_0.8_8.C	52	3.200	32.480	0.180
BPP_100_200_0.1_0.8_9.C	58	4.800	36.720	0.194
BPP_100_200_0.1_0.8_9.C	58	4.800	36.720	0.188
BPP_100_200_0.1_0.8_9.C	58	4.600	36.640	0.190
BPP_100_200_0.1_0.8_9.C	58	4.800	36.720	0.192
BPP_100_200_0.1_0.8_9.C	57	5.200	36.280	0.202
BPP_100_200_0.1_0.8_9.C	58	4.800	36.720	0.195
BPP_100_200_0.1_0.8_9.C	58	4.600	36.640	0.206
BPP_100_200_0.1_0.8_9.C	58	4.800	36.720	0.191
BPP_100_200_0.1_0.8_9.C	58	4.800	36.720	0.193
BPP_100_200_0.1_0.8_9.C	58	4.600	36.640	0.191
BPP_100_300_0.1_0.8_0.C	46	2.400	28.560	0.299
BPP_100_300_0.1_0.8_0.C	46	2.800	28.720	0.275
BPP_100_300_0.1_0.8_0.C	46	2.800	28.720	0.270
BPP_100_300_0.1_0.8_0.C	46	2.800	28.720	0.268
BPP_100_300_0.1_0.8_0.C	46	2.400	28.560	0.297
BPP_100_300_0.1_0.8_0.C	46	2.400	28.560	0.272
BPP_100_300_0.1_0.8_0.C	46	2.400	28.560	0.302
BPP_100_300_0.1_0.8_0.C	46	2.800	28.720	0.267
BPP_100_300_0.1_0.8_0.C	46	3.000	28.800	0.288
BPP_100_300_0.1_0.8_0.C	46	2.200	28.480	0.273
BPP_100_300_0.1_0.8_1.C	43	3.400	27.160	0.254
BPP_100_300_0.1_0.8_1.C	44	2.400	27.360	0.256
BPP_100_300_0.1_0.8_1.C	44	2.600	27.440	0.273
BPP_100_300_0.1_0.8_1.C	44	2.600	27.440	0.257
BPP_100_300_0.1_0.8_1.C	44	2.400	27.360	0.260
BPP_100_300_0.1_0.8_1.C	44	2.600	27.440	0.272
BPP_100_300_0.1_0.8_1.C	44	2.600	27.440	0.256
BPP_100_300_0.1_0.8_1.C	44	2.600	27.440	0.256
BPP_100_300_0.1_0.8_1.C	44	2.400	27.360	0.254
BPP_100_300_0.1_0.8_1.C	44	2.200	27.280	0.281
BPP_100_300_0.1_0.8_2.C	47	6.400	30.760	0.274
BPP_100_300_0.1_0.8_2.C	47	6.400	30.760	0.272
BPP_100_300_0.1_0.8_2.C	47	6.400	30.760	0.274
BPP_100_300_0.1_0.8_2.C	47	6.200	30.680	0.271
BPP_100_300_0.1_0.8_2.C	47	6.400	30.760	0.275
BPP_100_300_0.1_0.8_2.C	47	6.400	30.760	0.280
BPP_100_300_0.1_0.8_2.C	47	6.400	30.760	0.273
BPP_100_300_0.1_0.8_2.C	47	6.600	30.840	0.275
BPP_100_300_0.1_0.8_2.C	47	6.400	30.760	0.271
BPP_100_300_0.1_0.8_2.C	47	6.400	30.760	0.270
BPP_100_300_0.1_0.8_3.C	50	8.200	33.280	0.290
BPP_100_300_0.1_0.8_3.C	50	8.600	33.440	0.288
BPP_100_300_0.1_0.8_3.C	50	9.000	33.600	0.289
BPP_100_300_0.1_0.8_3.C	51	7.600	33.640	0.291
BPP_100_300_0.1_0.8_3.C	51	7.600	33.640	0.291
BPP_100_300_0.1_0.8_3.C	50	9.000	33.600	0.296
BPP_100_300_0.1_0.8_3.C	51	7.600	33.640	0.292
BPP_100_300_0.1_0.8_3.C	50	8.000	33.200	0.284
BPP_100_300_0.1_0.8_3.C	51	7.600	33.640	0.295
BPP_100_300_0.1_0.8_3.C	50	8.800	33.520	0.308
BPP_100_300_0.1_0.8_4.C	44	3.600	27.840	0.258
BPP_100_300_0.1_0.8_4.C	44	3.200	27.680	0.259
BPP_100_300_0.1_0.8_4.C	44	3.200	27.680	0.271
BPP_100_300_0.1_0.8_4.C	44	3.200	27.680	0.260
BPP_100_300_0.1_0.8_4.C	44	3.000	27.600	0.259
BPP_100_300_0.1_0.8_4.C	44	3.400	27.760	0.261
BPP_100_300_0.1_0.8_4.C	44	3.000	27.600	0.262
BPP_100_300_0.1_0.8_4.C	44	3.000	27.600	0.262
BPP_100_300_0.1_0.8_4.C	44	3.400	27.760	0.256
BPP_100_300_0.1_0.8_4.C	44	3.200	27.680	0.254
BPP_100_300_0.1_0.8_5.C	53	2.800	32.920	0.298
BPP_100_300_0.1_0.8_5.C	53	2.600	32.840	0.297
BPP_100_300_0.1_0.8_5.C	53	3.000	33.000	0.293
BPP_100_300_0.1_0.8_5.C	53	2.600	32.840	0.308
BPP_100_300_0.1_0.8_5.C	53	2.800	32.920	0.296
BPP_100_300_0.1_0.8_5.C	53	3.200	33.080	0.296
BPP_100_300_0.1_0.8_5.C	53	3.200	33.080	0.298
BPP_100_300_0.1_0.8_5.C	53	3.200	33.080	0.298
BPP_100_300_0.1_0.8_5.C	53	2.400	32.760	0.294
BPP_100_300_0.1_0.8_5.C	53	2.600	32.840	0.299
BPP_100_300_0.1_0.8_6.C	44	2.000	27.200	0.259
BPP_100_300_0.1_0.8_6.C	44	2.200	27.280	0.259
BPP_100_300_0.1_0.8_6.C	44	2.000	27.200	0.253
BPP_100_300_0.1_0.8_6.C	44	2.200	27.280	0.255
BPP_100_300_0.1_0.8_6.C	44	2.000	27.200	0.252
BPP_100_300_0.1_0.8_6.C	44	2.000	27.200	0.254
BPP_100_300_0.1_0.8_6.C	44	1.800	27.120	0.254
BPP_100_300_0.1_0.8_6.C	44	2.000	27.200	0.257
BPP_100_300_0.1_0.8_6.C	44	2.000	27.200	0.256
BPP_100_300_0.1_0.8_6.C	44	2.000	27.200	0.249
BPP_100_300_0.1_0.8_7.C	50	3.400	31.360	0.294
BPP_100_300_0.1_0.8_7.C	50	3.200	31.280	0.286
BPP_100_300_0.1_0.8_7.C	50	4.400	31.760	0.284
BPP_100_300_0.1_0.8_7.C	50	4.200	31.680	0.291
BPP_100_300_0.1_0.8_7.C	50	3.800	31.520	0.289
BPP_100_300_0.1_0.8_7.C	50	3.600	31.440	0.306
BPP_100_300_0.1_0.8_7.C	50	3.200	31.280	0.279
BPP_100_300_0.1_0.8_7.C	50	4.200	31.680	0.290
BPP_100_300_0.1_0.8_7.C	50	3.800	31.520	0.293
BPP_100_300_0.1_0.8_7.C	50	3.200	31.280	0.282
BPP_100_300_0.1_0.8_8.C	47	2.400	29.160	0.262
BPP_100_300_0.1_0.8_8.C	48	1.000	29.200	0.265
BPP_100_300_0.1_0.8_8.C	47	1.600	28.840	0.273
BPP_100_300_0.1_0.8_8.C	48	1.000	29.200	0.268
BPP_100_300_0.1_0.8_8.C	48	1.000	29.200	0.265
BPP_100_300_0.1_0.8_8.C	48	1.000	29.200	0.262
BPP_100_300_0.1_0.8_8.C	48	1.000	29.200	0.272
BPP_100_300_0.1_0.8_8.C	47	1.600	28.840	0.264
BPP_100_300_0.1_0.8_8.C	48	1.000	29.200	0.269
BPP_100_300_0.1_0.8_8.C	48	1.000	29.200	0.264
BPP_100_300_0.1_0.8_9.C	47	0.400	28.360	0.269
BPP_100_300_0.1_0.8_9.C	47	0.400	28.360	0.267
BPP_100_300_0.1_0.8_9.C	47	0.400	28.360	0.269
BPP_100_300_0.1_0.8_9.C	47	0.400	28.360	0.272
BPP_100_300_0.1_0.8_9.C	47	0.400	28.360	0.275
BPP_100_300_0.1_0.8_9.C	47	0.600	28.440	0.270
BPP_100_300_0.1_0.8_9.C	47	0.400	28.360	0.274
BPP_100_300_0.1_0.8_9.C	47	0.400	28.360	0.268
BPP_100_300_0.1_0.8_9.C	47	0.400	28.360	0.274
BPP_100_300_0.1_0.8_9.C	47	0.400	28.360	0.276
BPP_100_400_0.1_0.8_0.C	46	2.400	28.560	0.375
BPP_100_400_0.1_0.8_0.C	46	3.000	28.800	0.372
BPP_100_400_0.1_0.8_0.C	46	2.400	28.560	0.376
BPP_100_400_0.1_0.8_0.C	46	2.600	28.640	0.369
BPP_100_400_0.1_0.8_0.C	46	2.600	28.640	0.373
BPP_100_400_0.1_0.8_0.C	46	2.400	28.560	0.390
BPP_100_400_0.1_0.8_0.C	46	2.800	28.720	0.374
BPP_100_400_0.1_0.8_0.C	46	2.400	28.560	0.374
BPP_100_400_0.1_0.8_0.C	46	2.200	28.480	0.373
BPP_100_400_0.1_0.8_0.C	46	2.400	28.560	0.373
BPP_100_400_0.1_0.8_1.C	46	3.800	29.120	0.381
BPP_100_400_0.1_0.8_1.C	46	3.400	28.960	0.379
BPP_100_400_0.1_0.8_1.C	46	3.400	28.960	0.385
BPP_100_400_0.1_0.8_1.C	46	3.600	29.040	0.381
BPP_100_400_0.1_0.8_1.C	46	3.600	29.040	0.384
BPP_100_400_0.1_0.8_1.C	46	3.400	28.960	0.387
BPP_100_400_0.1_0.8_1.C	46	3.600	29.040	0.380
BPP_100_400_0.1_0.8_1.C	46	3.600	29.040	0.381
BPP_100_400_0.1_0.8_1.C	46	3.800	29.120	0.382
BPP_100_400_0.1_0.8_1.C	46	3.400	28.960	0.395
BPP_100_400_0.1_0.8_2.C	48	2.400	29.760	0.391
BPP_100_400_0.1_0.8_2.C	47	3.800	29.720	0.388
BPP_100_400_0.1_0.8_2.C	48	2.400	29.760	0.388
BPP_100_400_0.1_0.8_2.C	48	2.400	29.760	0.400
BPP_100_400_0.1_0.8_2.C	48	2.400	29.760	0.386
BPP_100_400_0.1_0.8_2.C	48	2.400	29.760	0.392
BPP_100_400_0.1_0.8_2.C	48	2.400	29.760	0.393
BPP_100_400_0.1_0.8_2.C	48	2.400	29.760	0.392
BPP_100_400_0.1_0.8_2.C	48	2.400	29.760	0.384
BPP_100_400_0.1_0.8_2.C	48	2.400	29.760	0.391
BPP_100_400_0.1_0.8_3.C	49	2.400	30.360	0.382
BPP_100_400_0.1_0.8_3.C	49	2.400	30.360	0.388
BPP_100_400_0.1_0.8_3.C	49	2.400	30.360	0.387
BPP_100_400_0.1_0.8_3.C	49	2.400	30.360	0.390
BPP_100_400_0.1_0.8_3.C	49	2.400	30.360	0.389
BPP_100_400_0.1_0.8_3.C	49	2.400	30.360	0.398
BPP_100_400_0.1_0.8_3.C	49	2.400	30.360	0.386
BPP_100_400_0.1_0.8_3.C	49	2.400	30.360	0.391
BPP_100_400_0.1_0.8_3.C	49	2.400	30.360	0.385
BPP_100_400_0.1_0.8_3.C	49	2.400	30.360	0.397
BPP_100_400_0.1_0.8_4.C	48	1.400	29.360	0.391
BPP_100_400_0.1_0.8_4.C	49	1.400	29.960	0.396
BPP_100_400_0.1_0.8_4.C	48	1.600	29.440	0.413
BPP_100_400_0.1_0.8_4.C	48	1.400	29.360	0.400
BPP_100_400_0.1_0.8_4.C	48	1.600	29.440	0.405
BPP_100_400_0.1_0.8_4.C	48	1.400	29.360	0.404
BPP_100_400_0.1_0.8_4.C	48	1.600	29.440	0.392
BPP_100_400_0.1_0.8_4.C	48	1.400	29.360	0.386
BPP_100_400_0.1_0.8_4.C	48	1.600	29.440	0.386
BPP_100_400_0.1_0.8_4.C	48	1.400	29.360	0.431
BPP_100_400_0.1_0.8_5.C	46	1.400	28.160	0.375
BPP_100_400_0.1_0.8_5.C	46	1.400	28.160	0.382
BPP_100_400_0.1_0.8_5.C	46	1.400	28.160	0.381
BPP_100_400_0.1_0.8_5.C	46	1.400	28.160	0.397
BPP_100_400_0.1_0.8_5.C	46	1.400	28.160	0.378
BPP_100_400_0.1_0.8_5.C	46	1.400	28.160	0.384
BPP_100_400_0.1_0.8_5.C	46	1.400	28.160	0.396
BPP_100_400_0.1_0.8_5.C	46	1.400	28.160	0.377
BPP_100_400_0.1_0.8_5.C	46	1.400	28.160	0.397
BPP_100_400_0.1_0.8_5.C	46	1.400	28.160	0.405
BPP_100_400_0.1_0.8_6.C	49	0.400	29.560	0.397
BPP_100_400_0.1_0.8_6.C	49	1.400	29.960	0.394
BPP_100_400_0.1_0.8_6.C	49	0.600	29.640	0.396
BPP_100_400_0.1_0.8_6.C	49	0.600	29.640	0.408
BPP_100_400_0.1_0.8_6.C	49	0.600	29.640	0.428
BPP_100_400_0.1_0.8_6.C	49	0.600	29.640	0.411
BPP_100_400_0.1_0.8_6.C	49	1.000	29.800	0.396
BPP_100_400_0.1_0.8_6.C	49	1.000	29.800	0.413
BPP_100_400_0.1_0.8_6.C	49	0.800	29.720	0.395
BPP_100_400_0.1_0.8_6.C	49	0.400	29.560	0.394
BPP_100_400_0.1_0.8_7.C	48	1.400	29.360	0.389
BPP_100_400_0.1_0.8_7.C	48	1.400	29.360	0.396
BPP_100_400_0.1_0.8_7.C	48	1.400	29.360	0.388
BPP_100_400_0.1_0.8_7.C	48	1.400	29.360	0.387
BPP_100_400_0.1_0.8_7.C	48	1.400	29.360	0.402
BPP_100_400_0.1_0.8_7.C	48	1.400	29.360	0.403
BPP_100_400_0.1_0.8_7.C	48	1.400	29.360	0.387
BPP_100_400_0.1_0.8_7.C	48	1.400	29.360	0.389
BPP_100_400_0.1_0.8_7.C	48	1.400	29.360	0.398
BPP_100_400_0.1_0.8_7.C	48	1.400	29.360	0.395
BPP_100_400_0.1_0.8_8.C	48	5.200	30.880	0.393
BPP_100_400_0.1_0.8_8.C	49	5.200	31.480	0.401
BPP_100_400_0.1_0.8_8.C	49	5.200	31.480	0.390
BPP_100_400_0.1_0.8_8.C	48	5.800	31.120	0.392
BPP_100_400_0.1_0.8_8.C	49	5.200	31.480	0.404
BPP_100_400_0.1_0.8_8.C	49	5.000	31.400	0.453
BPP_100_400_0.1_0.8_8.C	49	5.200	31.480	0.395
BPP_100_400_0.1_0.8_8.C	49	5.200	31.480	0.405
BPP_100_400_0.1_0.8_8.C	49	5.200	31.480	0.393
BPP_100_400_0.1_0.8_8.C	48	5.400	30.960	0.392
BPP_100_400_0.1_0.8_9.C	49	2.200	30.280	0.402
BPP_100_400_0.1_0.8_9.C	49	2.000	30.200	0.393
BPP_100_400_0.1_0.8_9.C	49	2.200	30.280	0.395
BPP_100_400_0.1_0.8_9.C	49	2.400	30.360	0.393
BPP_100_400_0.1_0.8_9.C	49	2.400	30.360	0.399
BPP_100_400_0.1_0.8_9.C	49	2.200	30.280	0.399
BPP_100_400_0.1_0.8_9.C	49	2.400	30.360	0.403
BPP_100_400_0.1_0.8_9.C	49	2.200	30.280	0.397
BPP_100_400_0.1_0.8_9.C	49	2.200	30.280	0.398
BPP_100_400_0.1_0.8_9.C	49	2.200	30.280	0.402
BPP_100_500_0.1_0.8_0.C	44	4.000	28.000	0.401
BPP_100_500_0.1_0.8_0.C	44	3.800	27.920	0.399
BPP_100_500_0.1_0.8_0.C	44	3.800	27.920	0.402
BPP_100_500_0.1_0.8_0.C	44	4.000	28.000	0.408
BPP_100_500_0.1_0.8_0.C	44	3.800	27.920	0.397
BPP_100_500_0.1_0.8_0.C	44	3.800	27.920	0.401
BPP_100_500_0.1_0.8_0.C	44	4.200	28.080	0.398
BPP_100_500_0.1_0.8_0.C	44	3.800	27.920	0.403
BPP_100_500_0.1_0.8_0.C	44	4.200	28.080	0.429
BPP_100_500_0.1_0.8_0.C	44	3.800	27.920	0.399
BPP_100_500_0.1_0.8_1.C	50	1.600	30.640	0.444
BPP_100_500_0.1_0.8_1.C	50	1.600	30.640	0.440
BPP_100_500_0.1_0.8_1.C	50	1.400	30.560	0.448
BPP_100_500_0.1_0.8_1.C	50	1.600	30.640	0.443
BPP_100_500_0.1_0.8_1.C	50	1.600	30.640	0.468
BPP_100_500_0.1_0.8_1.C	50	1.600	30.640	0.457
BPP_100_500_0.1_0.8_1.C	50	1.600	30.640	0.446
BPP_100_500_0.1_0.8_1.C	50	1.400	30.560	0.440
BPP_100_500_0.1_0.8_1.C	50	1.600	30.640	0.443
BPP_100_500_0.1_0.8_1.C	50	1.600	30.640	0.440
BPP_100_500_0.1_0.8_2.C	47	0.200	28.280	0.434
BPP_100_500_0.1_0.8_2.C	47	0.200	28.280	0.425
BPP_100_500_0.1_0.8_2.C	47	0.200	28.280	0.427
BPP_100_500_0.1_0.8_2.C	47	0.400	28.360	0.429
BPP_100_500_0.1_0.8_2.C	47	0.200	28.280	0.424
BPP_100_500_0.1_0.8_2.C	47	0.200	28.280	0.427
BPP_100_500_0.1_0.8_2.C	47	0.200	28.280	0.424
BPP_100_500_0.1_0.8_2.C	47	0.200	28.280	0.456
BPP_100_500_0.1_0.8_2.C	47	0.200	28.280	0.434
BPP_100_500_0.1_0.8_2.C	47	0.200	28.280	0.448
BPP_100_500_0.1_0.8_3.C	50	11.400	34.560	0.454
BPP_100_500_0.1_0.8_3.C	50	11.600	34.640	0.456
BPP_100_500_0.1_0.8_3.C	49	12.400	34.360	0.464
BPP_100_500_0.1_0.8_3.C	49	13.200	34.680	0.451
BPP_100_500_0.1_0.8_3.C	50	11.400	34.560	0.476
BPP_100_500_0.1_0.8_3.C	49	13.000	34.600	0.445
BPP_100_500_0.1_0.8_3.C	50	11.200	34.480	0.466
BPP_100_500_0.1_0.8_3.C	49	13.000	34.600	0.449
BPP_100_500_0.1_0.8_3.C	50	11.200	34.480	0.453
BPP_100_500_0.1_0.8_3.C	49	13.000	34.600	0.451
BPP_100_500_0.1_0.8_4.C	48	7.000	31.600	0.481
BPP_100_500_0.1_0.8_4.C	48	7.400	31.760	0.451
BPP_100_500_0.1_0.8_4.C	48	7.400	31.760	0.436
BPP_100_500_0.1_0.8_4.C	48	7.400	31.760	0.433
BPP_100_500_0.1_0.8_4.C	48	7.600	31.840	0.443
BPP_100_500_0.1_0.8_4.C	48	7.400	31.760	0.442
BPP_100_500_0.1_0.8_4.C	48	7.400	31.760	0.433
BPP_100_500_0.1_0.8_4.C	47	7.600	31.240	0.430
BPP_100_500_0.1_0.8_4.C	48	7.400	31.760	0.442
BPP_100_500_0.1_0.8_4.C	48	7.600	31.840	0.430
BPP_100_500_0.1_0.8_5.C	54	1.000	32.800	0.474
BPP_100_500_0.1_0.8_5.C	54	1.000	32.800	0.473
BPP_100_500_0.1_0.8_5.C	54	1.000	32.800	0.481
BPP_100_500_0.1_0.8_5.C	54	1.000	32.800	0.472
BPP_100_500_0.1_0.8_5.C	54	1.000	32.800	0.469
BPP_100_500_0.1_0.8_5.C	54	1.400	32.960	0.473
BPP_100_500_0.1_0.8_5.C	54	1.000	32.800	0.474
BPP_100_500_0.1_0.8_5.C	54	1.200	32.880	0.475
BPP_100_500_0.1_0.8_5.C	54	1.000	32.800	0.496
BPP_100_500_0.1_0.8_5.C	54	1.000	32.800	0.474
BPP_100_500_0.1_0.8_6.C	50	2.000	30.800	0.438
BPP_100_500_0.1_0.8_6.C	49	2.800	30.520	0.443
BPP_100_500_0.1_0.8_6.C	49	2.800	30.520	0.453
BPP_100_500_0.1_0.8_6.C	50	2.400	30.960	0.487
BPP_100_500_0.1_0.8_6.C	49	3.600	30.840	0.444
BPP_100_500_0.1_0.8_6.C	50	2.400	30.960	0.483
BPP_100_500_0.1_0.8_6.C	50	2.400	30.960	0.497
BPP_100_500_0.1_0.8_6.C	49	2.600	30.440	0.443
BPP_100_500_0.1_0.8_6.C	49	2.800	30.520	0.520
BPP_100_500_0.1_0.8_6.C	49	3.000	30.600	0.441
BPP_100_500_0.1_0.8_7.C	50	3.600	31.440	0.488
BPP_100_500_0.1_0.8_7.C	50	3.000	31.200	0.486
BPP_100_500_0.1_0.8_7.C	50	3.600	31.440	0.471
BPP_100_500_0.1_0.8_7.C	50	3.000	31.200	0.488
BPP_100_500_0.1_0.8_7.C	50	3.000	31.200	0.483
BPP_100_500_0.1_0.8_7.C	50	3.800	31.520	0.459
BPP_100_500_0.1_0.8_7.C	50	3.000	31.200	0.501
BPP_100_500_0.1_0.8_7.C	50	3.200	31.280	0.480
BPP_100_500_0.1_0.8_7.C	50	3.000	31.200	0.528
BPP_100_500_0.1_0.8_7.C	50	3.000	31.200	0.491
BPP_100_500_0.1_0.8_8.C	48	2.600	29.840	0.484
BPP_100_500_0.1_0.8_8.C	48	3.000	30.000	0.486
BPP_100_500_0.1_0.8_8.C	48	2.600	29.840	0.524
BPP_100_500_0.1_0.8_8.C	48	2.600	29.840	0.521
BPP_100_500_0.1_0.8_8.C	48	2.600	29.840	0.496
BPP_100_500_0.1_0.8_8.C	48	2.600	29.840	0.535
BPP_100_500_0.1_0.8_8.C	48	3.000	30.000	0.530
BPP_100_500_0.1_0.8_8.C	48	2.600	29.840	0.450
BPP_100_500_0.1_0.8_8.C	48	2.600	29.840	0.491
BPP_100_500_0.1_0.8_8.C	48	2.600	29.840	0.464
BPP_100_500_0.1_0.8_9.C	46	4.600	29.440	0.457
BPP_100_500_0.1_0.8_9.C	46	4.400	29.360	0.428
BPP_100_500_0.1_0.8_9.C	47	3.600	29.640	0.426
BPP_100_500_0.1_0.8_9.C	47	3.600	29.640	0.440
BPP_100_500_0.1_0.8_9.C	46	4.400	29.360	0.462
BPP_100_500_0.1_0.8_9.C	47	3.600	29.640	0.449
BPP_100_500_0.1_0.8_9.C	47	3.600	29.640	0.507
BPP_100_500_0.1_0.8_9.C	47	3.600	29.640	0.451
BPP_100_500_0.1_0.8_9.C	47	3.600	29.640	0.438
BPP_100_500_0.1_0.8_9.C	47	3.600	29.640	0.439
BPP_100_50_0.1_0.8_0.C	44	0.400	26.560	0.045
BPP_100_50_0.1_0.8_0.C	44	0.600	26.640	0.044
BPP_100_50_0.1_0.8_0.C	44	0.400	26.560	0.046
BPP_100_50_0.1_0.8_0.C	44	0.600	26.640	0.044
BPP_100_50_0.1_0.8_0.C	44	0.600	26.640	0.046
BPP_100_50_0.1_0.8_0.C	44	0.600	26.640	0.044
BPP_100_50_0.1_0.8_0.C	44	0.400	26.560	0.045
BPP_100_50_0.1_0.8_0.C	44	0.400	26.560	0.044
BPP_100_50_0.1_0.8_0.C	44	0.600	26.640	0.045
BPP_100_50_0.1_0.8_0.C	44	0.600	26.640	0.044
BPP_100_50_0.1_0.8_1.C	45	3.800	28.520	0.046
BPP_100_50_0.1_0.8_1.C	45	4.000	28.600	0.047
BPP_100_50_0.1_0.8_1.C	45	3.800	28.520	0.045
BPP_100_50_0.1_0.8_1.C	45	3.800	28.520	0.047
BPP_100_50_0.1_0.8_1.C	45	3.400	28.360	0.044
BPP_100_50_0.1_0.8_1.C	45	3.800	28.520	0.045
BPP_100_50_0.1_0.8_1.C	45	4.000	28.600	0.047
BPP_100_50_0.1_0.8_1.C	45	4.000	28.600	0.046
BPP_100_50_0.1_0.8_1.C	45	3.600	28.440	0.046
BPP_100_50_0.1_0.8_1.C	45	3.600	28.440	0.047
BPP_100_50_0.1_0.8_2.C	51	6.400	33.160	0.050
BPP_100_50_0.1_0.8_2.C	51	6.600	33.240	0.050
BPP_100_50_0.1_0.8_2.C	51	6.400	33.160	0.051
BPP_100_50_0.1_0.8_2.C	51	6.400	33.160	0.049
BPP_100_50_0.1_0.8_2.C	51	6.400	33.160	0.049
BPP_100_50_0.1_0.8_2.C	51	6.600	33.240	0.048
BPP_100_50_0.1_0.8_2.C	51	6.600	33.240	0.048
BPP_100_50_0.1_0.8_2.C	51	6.400	33.160	0.051
BPP_100_50_0.1_0.8_2.C	51	6.400	33.160	0.048
BPP_100_50_0.1_0.8_2.C	51	6.400	33.160	0.048
BPP_100_50_0.1_0.8_3.C	47	4.400	29.960	0.048
BPP_100_50_0.1_0.8_3.C	47	4.800	30.120	0.050
BPP_100_50_0.1_0.8_3.C	47	4.000	29.800	0.049
BPP_100_50_0.1_0.8_3.C	47	4.400	29.960	0.049
BPP_100_50_0.1_0.8_3.C	47	4.800	30.120	0.049
BPP_100_50_0.1_0.8_3.C	47	5.000	30.200	0.047
BPP_100_50_0.1_0.8_3.C	47	3.600	29.640	0.048
BPP_100_50_0.1_0.8_3.C	47	5.000	30.200	0.048
BPP_100_50_0.1_0.8_3.C	48	3.600	30.240	0.048
BPP_100_50_0.1_0.8_3.C	47	4.000	29.800	0.048
BPP_100_50_0.1_0.8_4.C	43	1.400	26.360	0.044
BPP_100_50_0.1_0.8_4.C	43	1.400	26.360	0.045
BPP_100_50_0.1_0.8_4.C	43	1.400	26.360	0.046
BPP_100_50_0.1_0.8_4.C	43	1.400	26.360	0.045
BPP_100_50_0.1_0.8_4.C	43	1.400	26.360	0.045
BPP_100_50_0.1_0.8_4.C	43	1.400	26.360	0.044
BPP_100_50_0.1_0.8_4.C	43	1.400	26.360	0.045
BPP_100_50_0.1_0.8_4.C	43	1.600	26.440	0.046
BPP_100_50_0.1_0.8_4.C	43	1.400	26.360	0.045
BPP_100_50_0.1_0.8_4.C	43	1.400	26.360	0.045
BPP_100_50_0.1_0.8_5.C	43	1.400	26.360	0.043
BPP_100_50_0.1_0.8_5.C	43	1.600	26.440	0.044
BPP_100_50_0.1_0.8_5.C	43	1.600	26.440	0.045
BPP_100_50_0.1_0.8_5.C	44	1.400	26.960	0.044
BPP_100_50_0.1_0.8_5.C	43	1.400	26.360	0.044
BPP_100_50_0.1_0.8_5.C	44	1.400	26.960	0.045
BPP_100_50_0.1_0.8_5.C	43	1.600	26.440	0.043
BPP_100_50_0.1_0.8_5.C	43	1.600	26.440	0.045
BPP_100_50_0.1_0.8_5.C	44	1.400	26.960	0.046
BPP_100_50_0.1_0.8_5.C	43	1.600	26.440	0.044
BPP_100_50_0.1_0.8_6.C	45	1.400	27.560	0.046
BPP_100_50_0.1_0.8_6.C	45	1.400	27.560	0.046
BPP_100_50_0.1_0.8_6.C	45	1.400	27.560	0.045
BPP_100_50_0.1_0.8_6.C	45	1.400	27.560	0.044
BPP_100_50_0.1_0.8_6.C	45	1.400	27.560	0.046
BPP_100_50_0.1_0.8_6.C	45	1.400	27.560	0.046
BPP_100_50_0.1_0.8_6.C	45	1.400	27.560	0.046
BPP_100_50_0.1_0.8_6.C	45	1.400	27.560	0.046
BPP_100_50_0.1_0.8_6.C	45	1.400	27.560	0.047
BPP_100_50_0.1_0.8_6.C	45	1.400	27.560	0.044
BPP_100_50_0.1_0.8_7.C	47	1.400	28.760	0.045
BPP_100_50_0.1_0.8_7.C	47	1.400	28.760	0.049
BPP_100_50_0.1_0.8_7.C	47	1.400	28.760	0.047
BPP_100_50_0.1_0.8_7.C	47	1.400	28.760	0.047
BPP_100_50_0.1_0.8_7.C	47	1.400	28.760	0.046
BPP_100_50_0.1_0.8_7.C	47	1.400	28.760	0.047
BPP_100_50_0.1_0.8_7.C	47	1.400	28.760	0.046
BPP_100_50_0.1_0.8_7.C	47	1.400	28.760	0.047
BPP_100_50_0.1_0.8_7.C	47	1.400	28.760	0.048
BPP_100_50_0.1_0.8_7.C	47	1.400	28.760	0.047
BPP_100_50_0.1_0.8_8.C	48	3.600	30.240	0.050
BPP_100_50_0.1_0.8_8.C	48	4.200	30.480	0.049
BPP_100_50_0.1_0.8_8.C	48	4.000	30.400	0.050
BPP_100_50_0.1_0.8_8.C	48	3.000	30.000	0.052
BPP_100_50_0.1_0.8_8.C	48	3.200	30.080	0.049
BPP_100_50_0.1_0.8_8.C	48	4.000	30.400	0.048
BPP_100_50_0.1_0.8_8.C	48	3.800	30.320	0.050
BPP_100_50_0.1_0.8_8.C	48	3.400	30.160	0.050
BPP_100_50_0.1_0.8_8.C	48	3.600	30.240	0.050
BPP_100_50_0.1_0.8_8.C	48	3.200	30.080	0.049
BPP_100_50_0.1_0.8_9.C	47	4.800	30.120	0.048
BPP_100_50_0.1_0.8_9.C	47	4.800	30.120	0.048
BPP_100_50_0.1_0.8_9.C	47	4.800	30.120	0.047
BPP_100_50_0.1_0.8_9.C	47	4.800	30.120	0.047
BPP_100_50_0.1_0.8_9.C	47	4.800	30.120	0.048
BPP_100_50_0.1_0.8_9.C	47	4.800	30.120	0.048
BPP_100_50_0.1_0.8_9.C	47	5.000	30.200	0.051
BPP_100_50_0.1_0.8_9.C	47	5.200	30.280	0.047
BPP_100_50_0.1_0.8_9.C	47	4.800	30.120	0.050
BPP_100_50_0.1_0.8_9.C	47	4.800	30.120	0.046
BPP_100_750_0.1_0.8_0.C	46	2.000	28.400	0.634
BPP_100_750_0.1_0.8_0.C	46	2.000	28.400	0.599
BPP_100_750_0.1_0.8_0.C	46	2.000	28.400	0.597
BPP_100_750_0.1_0.8_0.C	46	2.000	28.400	0.625
BPP_100_750_0.1_0.8_0.C	45	2.800	28.120	0.608
BPP_100_750_0.1_0.8_0.C	46	2.000	28.400	0.616
BPP_100_750_0.1_0.8_0.C	45	2.600	28.040	0.613
BPP_100_750_0.1_0.8_0.C	45	2.000	27.800	0.594
BPP_100_750_0.1_0.8_0.C	45	2.000	27.800	0.616
BPP_100_750_0.1_0.8_0.C	46	2.000	28.400	0.604
BPP_100_750_0.1_0.8_1.C	45	2.000	27.800	0.602
BPP_100_750_0.1_0.8_1.C	45	2.000	27.800	0.604
BPP_100_750_0.1_0.8_1.C	45	2.200	27.880	0.602
BPP_100_750_0.1_0.8_1.C	45	2.000	27.800	0.608
BPP_100_750_0.1_0.8_1.C	45	2.000	27.800	0.598
BPP_100_750_0.1_0.8_1.C	45	2.000	27.800	0.602
BPP_100_750_0.1_0.8_1.C	45	2.000	27.800	0.599
BPP_100_750_0.1_0.8_1.C	46	2.000	28.400	0.600
BPP_100_750_0.1_0.8_1.C	45	2.000	27.800	0.608
BPP_100_750_0.1_0.8_1.C	45	2.000	27.800	0.609
BPP_100_750_0.1_0.8_2.C	45	2.000	27.800	0.628
BPP_100_750_0.1_0.8_2.C	45	2.000	27.800	0.606
BPP_100_750_0.1_0.8_2.C	45	2.000	27.800	0.645
BPP_100_750_0.1_0.8_2.C	45	2.000	27.800	0.602
BPP_100_750_0.1_0.8_2.C	45	2.000	27.800	0.600
BPP_100_750_0.1_0.8_2.C	45	2.200	27.880	0.599
BPP_100_750_0.1_0.8_2.C	45	2.000	27.800	0.603
BPP_100_750_0.1_0.8_2.C	45	2.000	27.800	0.621
BPP_100_750_0.1_0.8_2.C	45	2.000	27.800	0.603
BPP_100_750_0.1_0.8_2.C	45	2.000	27.800	0.629
BPP_100_750_0.1_0.8_3.C	49	2.800	30.520	0.644
BPP_100_750_0.1_0.8_3.C	49	2.800	30.520	0.648
BPP_100_750_0.1_0.8_3.C	49	3.000	30.600	0.646
BPP_100_750_0.1_0.8_3.C	49	2.600	30.440	0.664
BPP_100_750_0.1_0.8_3.C	49	2.600	30.440	0.647
BPP_100_750_0.1_0.8_3.C	49	2.800	30.520	0.644
BPP_100_750_0.1_0.8_3.C	49	2.800	30.520	0.648
BPP_100_750_0.1_0.8_3.C	49	2.600	30.440	0.647
BPP_100_750_0.1_0.8_3.C	49	2.800	30.520	0.647
BPP_100_750_0.1_0.8_3.C	49	2.800	30.520	0.665
BPP_100_750_0.1_0.8_4.C	52	3.600	32.640	0.675
BPP_100_750_0.1_0.8_4.C	52	3.600	32.640	0.678
BPP_100_750_0.1_0.8_4.C	52	3.600	32.640	0.686
BPP_100_750_0.1_0.8_4.C	52	3.600	32.640	0.679
BPP_100_750_0.1_0.8_4.C	52	3.600	32.640	0.680
BPP_100_750_0.1_0.8_4.C	52	3.600	32.640	0.676
BPP_100_750_0.1_0.8_4.C	52	3.600	32.640	0.671
BPP_100_750_0.1_0.8_4.C	52	3.600	32.640	0.680
BPP_100_750_0.1_0.8_4.C	52	3.600	32.640	0.701
BPP_100_750_0.1_0.8_4.C	52	3.600	32.640	0.674
BPP_100_750_0.1_0.8_5.C	49	1.000	29.800	0.642
BPP_100_750_0.1_0.8_5.C	50	0.000	30.000	0.667
BPP_100_750_0.1_0.8_5.C	50	0.000	30.000	0.671
BPP_100_750_0.1_0.8_5.C	50	0.000	30.000	0.670
BPP_100_750_0.1_0.8_5.C	50	0.000	30.000	0.648
BPP_100_750_0.1_0.8_5.C	50	0.000	30.000	0.661
BPP_100_750_0.1_0.8_5.C	50	0.000	30.000	0.665
BPP_100_750_0.1_0.8_5.C	49	1.000	29.800	0.651
BPP_100_750_0.1_0.8_5.C	50	0.000	30.000	0.661
BPP_100_750_0.1_0.8_5.C	49	1.400	29.960	0.688
BPP_100_750_0.1_0.8_6.C	45	0.000	27.000	0.663
BPP_100_750_0.1_0.8_6.C	46	-0.000	27.600	0.662
BPP_100_750_0.1_0.8_6.C	46	-0.000	27.600	0.604
BPP_100_750_0.1_0.8_6.C	46	-0.000	27.600	0.719
BPP_100_750_0.1_0.8_6.C	45	0.000	27.000	0.674
BPP_100_750_0.1_0.8_6.C	46	-0.000	27.600	0.621
BPP_100_750_0.1_0.8_6.C	46	-0.000	27.600	0.674
BPP_100_750_0.1_0.8_6.C	45	0.000	27.000	0.702
BPP_100_750_0.1_0.8_6.C	45	0.000	27.000	0.635
BPP_100_750_0.1_0.8_6.C	46	-0.000	27.600	0.612
BPP_100_750_0.1_0.8_7.C	50	1.200	30.480	0.677
BPP_100_750_0.1_0.8_7.C	50	1.200	30.480	0.684
BPP_100_750_0.1_0.8_7.C	51	-0.000	30.600	0.689
BPP_100_750_0.1_0.8_7.C	50	1.000	30.400	0.686
BPP_100_750_0.1_0.8_7.C	51	-0.000	30.600	0.707
BPP_100_750_0.1_0.8_7.C	50	1.200	30.480	0.684
BPP_100_750_0.1_0.8_7.C	51	-0.000	30.600	0.744
BPP_100_750_0.1_0.8_7.C	50	1.200	30.480	0.798
BPP_100_750_0.1_0.8_7.C	50	1.000	30.400	0.863
BPP_100_750_0.1_0.8_7.C	51	-0.000	30.600	0.791
BPP_100_750_0.1_0.8_8.C	45	0.800	27.320	0.600
BPP_100_750_0.1_0.8_8.C	45	0.800	27.320	0.601
BPP_100_750_0.1_0.8_8.C	45	0.800	27.320	0.599
BPP_100_750_0.1_0.8_8.C	45	0.800	27.320	0.650
BPP_100_750_0.1_0.8_8.C	45	0.800	27.320	0.664
BPP_100_750_0.1_0.8_8.C	45	0.800	27.320	0.737
BPP_100_750_0.1_0.8_8.C	45	0.800	27.320	0.733
BPP_100_750_0.1_0.8_8.C	45	0.800	27.320	0.601
BPP_100_750_0.1_0.8_8.C	45	0.800	27.320	0.597
BPP_100_750_0.1_0.8_8.C	45	0.800	27.320	0.633
BPP_100_750_0.1_0.8_9.C	45	0.800	27.320	0.683
BPP_100_750_0.1_0.8_9.C	44	0.800	26.720	0.602
BPP_100_750_0.1_0.8_9.C	45	0.800	27.320	0.603
BPP_100_750_0.1_0.8_9.C	45	0.800	27.320	0.652
BPP_100_750_0.1_0.8_9.C	45	0.800	27.320	0.597
BPP_100_750_0.1_0.8_9.C	45	0.800	27.320	0.599
BPP_100_750_0.1_0.8_9.C	44	2.200	27.280	0.603
BPP_100_750_0.1_0.8_9.C	44	0.800	26.720	0.597
BPP_100_750_0.1_0.8_9.C	44	1.000	26.800	0.652
BPP_100_750_0.1_0.8_9.C	44	0.800	26.720	0.651
BPP_100_75_0.1_0.8_0.C	51	-0.000	30.600	0.075
BPP_100_75_0.1_0.8_0.C	51	-0.000	30.600	0.075
BPP_100_75_0.1_0.8_0.C	51	-0.000	30.600	0.077
BPP_100_75_0.1_0.8_0.C	51	-0.000	30.600	0.076
BPP_100_75_0.1_0.8_0.C	51	-0.000	30.600	0.077
BPP_100_75_0.1_0.8_0.C	51	-0.000	30.600	0.077
BPP_100_75_0.1_0.8_0.C	51	-0.000	30.600	0.080
BPP_100_75_0.1_0.8_0.C	51	-0.000	30.600	0.076
BPP_100_75_0.1_0.8_0.C	51	-0.000	30.600	0.077
BPP_100_75_0.1_0.8_0.C	51	-0.000	30.600	0.077
BPP_100_75_0.1_0.8_1.C	47	3.600	29.640	0.073
BPP_100_75_0.1_0.8_1.C	47	3.600	29.640	0.071
BPP_100_75_0.1_0.8_1.C	47	3.600	29.640	0.074
BPP_100_75_0.1_0.8_1.C	47	3.800	29.720	0.075
BPP_100_75_0.1_0.8_1.C	47	3.800	29.720	0.074
BPP_100_75_0.1_0.8_1.C	47	3.800	29.720	0.075
BPP_100_75_0.1_0.8_1.C	47	3.800	29.720	0.074
BPP_100_75_0.1_0.8_1.C	47	3.600	29.640	0.073
BPP_100_75_0.1_0.8_1.C	47	3.800	29.720	0.075
BPP_100_75_0.1_0.8_1.C	47	3.600	29.640	0.073
BPP_100_75_0.1_0.8_2.C	47	5.800	30.520	0.071
BPP_100_75_0.1_0.8_2.C	47	5.800	30.520	0.073
BPP_100_75_0.1_0.8_2.C	47	5.800	30.520	0.074
BPP_100_75_0.1_0.8_2.C	47	5.800	30.520	0.074
BPP_100_75_0.1_0.8_2.C	47	6.000	30.600	0.075
BPP_100_75_0.1_0.8_2.C	47	5.600	30.440	0.074
BPP_100_75_0.1_0.8_2.C	47	5.800	30.520	0.073
BPP_100_75_0.1_0.8_2.C	47	6.000	30.600	0.073
BPP_100_75_0.1_0.8_2.C	47	6.000	30.600	0.072
BPP_100_75_0.1_0.8_2.C	47	5.600	30.440	0.072
BPP_100_75_0.1_0.8_3.C	52	2.200	32.080	0.077
BPP_100_75_0.1_0.8_3.C	52	1.800	31.920	0.077
BPP_100_75_0.1_0.8_3.C	52	2.200	32.080	0.078
BPP_100_75_0.1_0.8_3.C	52	2.000	32.000	0.078
BPP_100_75_0.1_0.8_3.C	52	2.400	32.160	0.079
BPP_100_75_0.1_0.8_3.C	52	2.200	32.080	0.076
BPP_100_75_0.1_0.8_3.C	52	2.200	32.080	0.083
BPP_100_75_0.1_0.8_3.C	52	2.200	32.080	0.078
BPP_100_75_0.1_0.8_3.C	52	2.200	32.080	0.077
BPP_100_75_0.1_0.8_3.C	52	2.800	32.320	0.076
BPP_100_75_0.1_0.8_4.C	49	0.200	29.480	0.076
BPP_100_75_0.1_0.8_4.C	49	0.200	29.480	0.075
BPP_100_75_0.1_0.8_4.C	49	0.200	29.480	0.079
BPP_100_75_0.1_0.8_4.C	50	0.200	30.080	0.077
BPP_100_75_0.1_0.8_4.C	49	0.200	29.480	0.079
BPP_100_75_0.1_0.8_4.C	49	0.200	29.480	0.078
BPP_100_75_0.1_0.8_4.C	49	0.200	29.480	0.077
BPP_100_75_0.1_0.8_4.C	49	0.200	29.480	0.076
BPP_100_75_0.1_0.8_4.C	49	0.200	29.480	0.075
BPP_100_75_0.1_0.8_4.C	49	0.200	29.480	0.074
BPP_100_75_0.1_0.8_5.C	49	0.200	29.480	0.076
BPP_100_75_0.1_0.8_5.C	49	0.200	29.480	0.078
BPP_100_75_0.1_0.8_5.C	49	0.200	29.480	0.077
BPP_100_75_0.1_0.8_5.C	48	1.600	29.440	0.078
BPP_100_75_0.1_0.8_5.C	49	0.200	29.480	0.077
BPP_100_75_0.1_0.8_5.C	48	0.800	29.120	0.078
BPP_100_75_0.1_0.8_5.C	49	0.200	29.480	0.077
BPP_100_75_0.1_0.8_5.C	49	0.200	29.480	0.078
BPP_100_75_0.1_0.8_5.C	48	0.800	29.120	0.077
BPP_100_75_0.1_0.8_5.C	48	1.200	29.280	0.080
BPP_100_75_0.1_0.8_6.C	45	0.400	27.160	0.072
BPP_100_75_0.1_0.8_6.C	45	0.400	27.160	0.073
BPP_100_75_0.1_0.8_6.C	45	0.400	27.160	0.073
BPP_100_75_0.1_0.8_6.C	45	0.400	27.160	0.074
BPP_100_75_0.1_0.8_6.C	45	0.400	27.160	0.072
BPP_100_75_0.1_0.8_6.C	45	0.400	27.160	0.074
BPP_100_75_0.1_0.8_6.C	45	0.400	27.160	0.075
BPP_100_75_0.1_0.8_6.C	45	0.400	27.160	0.074
BPP_100_75_0.1_0.8_6.C	45	0.400	27.160	0.073
BPP_100_75_0.1_0.8_6.C	45	0.400	27.160	0.073
BPP_100_75_0.1_0.8_7.C	48	0.800	29.120	0.079
BPP_100_75_0.1_0.8_7.C	49	0.200	29.480	0.077
BPP_100_75_0.1_0.8_7.C	49	0.200	29.480	0.077
BPP_100_75_0.1_0.8_7.C	49	0.200	29.480	0.077
BPP_100_75_0.1_0.8_7.C	49	0.200	29.480	0.077
BPP_100_75_0.1_0.8_7.C	49	0.200	29.480	0.077
BPP_100_75_0.1_0.8_7.C	48	0.200	28.880	0.077
BPP_100_75_0.1_0.8_7.C	48	1.400	29.360	0.075
BPP_100_75_0.1_0.8_7.C	49	0.200	29.480	0.077
BPP_100_75_0.1_0.8_7.C	48	0.200	28.880	0.077
BPP_100_75_0.1_0.8_8.C	48	0.200	28.880	0.075
BPP_100_75_0.1_0.8_8.C	48	0.200	28.880	0.074
BPP_100_75_0.1_0.8_8.C	48	0.200	28.880	0.077
BPP_100_75_0.1_0.8_8.C	48	0.200	28.880	0.075
BPP_100_75_0.1_0.8_8.C	47	0.200	28.280	0.076
BPP_100_75_0.1_0.8_8.C	47	0.200	28.280	0.076
BPP_100_75_0.1_0.8_8.C	48	0.200	28.880	0.075
BPP_100_75_0.1_0.8_8.C	48	0.200	28.880	0.075
BPP_100_75_0.1_0.8_8.C	48	0.200	28.880	0.075
BPP_100_75_0.1_0.8_8.C	48	0.200	28.880	0.077
BPP_100_75_0.1_0.8_9.C	50	0.200	30.080	0.079
BPP_100_75_0.1_0.8_9.C	51	0.200	30.680	0.081
BPP_100_75_0.1_0.8_9.C	50	0.200	30.080	0.078
BPP_100_75_0.1_0.8_9.C	50	0.200	30.080	0.078
BPP_100_75_0.1_0.8_9.C	50	0.200	30.080	0.078
BPP_100_75_0.1_0.8_9.C	50	0.200	30.080	0.078
BPP_100_75_0.1_0.8_9.C	50	1.000	30.400	0.078
BPP_100_75_0.1_0.8_9.C	50	0.200	30.080	0.078
BPP_100_75_0.1_0.8_9.C	50	0.200	30.080	0.080
BPP_100_75_0.1_0.8_9.C	50	0.200	30.080	0.079
BPP_200_1000_0.1_0.8_0.C	95	0.400	57.160	4.476
BPP_200_1000_0.1_0.8_0.C	95	0.000	57.000	4.404
BPP_200_1000_0.1_0.8_0.C	95	0.000	57.000	4.374
BPP_200_1000_0.1_0.8_0.C	95	0.000	57.000	4.400
BPP_200_1000_0.1_0.8_0.C	95	0.000	57.000	4.397
BPP_200_1000_0.1_0.8_0.C	95	0.800	57.320	5.160
BPP_200_1000_0.1_0.8_0.C	95	0.000	57.000	4.380
BPP_200_1000_0.1_0.8_0.C	95	0.000	57.000	4.439
BPP_200_1000_0.1_0.8_0.C	95	0.000	57.000	4.403
BPP_200_1000_0.1_0.8_0.C	95	0.600	57.240	4.434
BPP_200_1000_0.1_0.8_1.C	95	2.200	57.880	4.303
BPP_200_1000_0.1_0.8_1.C	95	1.800	57.720	4.301
BPP_200_1000_0.1_0.8_1.C	95	1.800	57.720	5.698
BPP_200_1000_0.1_0.8_1.C	95	2.400	57.960	4.364
BPP_200_1000_0.1_0.8_1.C	95	1.800	57.720	4.346
BPP_200_1000_0.1_0.8_1.C	95	2.000	57.800	4.354
BPP_200_1000_0.1_0.8_1.C	95	1.800	57.720	4.326
BPP_200_1000_0.1_0.8_1.C	95	1.800	57.720	4.394
BPP_200_1000_0.1_0.8_1.C	95	2.000	57.800	4.348
BPP_200_1000_0.1_0.8_1.C	95	2.000	57.800	4.347
BPP_200_1000_0.1_0.8_2.C	95	1.600	57.640	4.462
BPP_200_1000_0.1_0.8_2.C	95	1.600	57.640	4.460
BPP_200_1000_0.1_0.8_2.C	95	1.800	57.720	5.532
BPP_200_1000_0.1_0.8_2.C	95	1.800	57.720	4.432
BPP_200_1000_0.1_0.8_2.C	95	2.000	57.800	4.430
BPP_200_1000_0.1_0.8_2.C	95	1.600	57.640	4.441
BPP_200_1000_0.1_0.8_2.C	95	2.200	57.880	4.356
BPP_200_1000_0.1_0.8_2.C	95	2.000	57.800	4.370
BPP_200_1000_0.1_0.8_2.C	95	1.800	57.720	4.349
BPP_200_1000_0.1_0.8_2.C	95	2.000	57.800	4.350
BPP_200_1000_0.1_0.8_3.C	92	3.000	56.400	4.201
BPP_200_1000_0.1_0.8_3.C	92	2.800	56.320	4.219
BPP_200_1000_0.1_0.8_3.C	91	3.600	56.040	4.232
BPP_200_1000_0.1_0.8_3.C	92	2.800	56.320	4.198
BPP_200_1000_0.1_0.8_3.C	92	2.800	56.320	4.388
BPP_200_1000_0.1_0.8_3.C	91	3.600	56.040	4.557
BPP_200_1000_0.1_0.8_3.C	92	3.000	56.400	4.212
BPP_200_1000_0.1_0.8_3.C	92	2.800	56.320	4.210
BPP_200_1000_0.1_0.8_3.C	91	3.400	55.960	4.229
BPP_200_1000_0.1_0.8_3.C	92	3.000	56.400	4.174
BPP_200_1000_0.1_0.8_4.C	92	4.200	56.880	4.214
BPP_200_1000_0.1_0.8_4.C	93	3.000	57.000	4.219
BPP_200_1000_0.1_0.8_4.C	93	3.200	57.080	4.209
BPP_200_1000_0.1_0.8_4.C	93	2.800	56.920	4.444
BPP_200_1000_0.1_0.8_4.C	93	2.800	56.920	4.271
BPP_200_1000_0.1_0.8_4.C	93	3.000	57.000	4.411
BPP_200_1000_0.1_0.8_4.C	93	3.200	57.080	4.270
BPP_200_1000_0.1_0.8_4.C	93	2.800	56.920	4.239
BPP_200_1000_0.1_0.8_4.C	93	2.800	56.920	4.226
BPP_200_1000_0.1_0.8_4.C	93	3.200	57.080	4.560
BPP_200_1000_0.1_0.8_5.C	93	-0.000	55.800	4.342
BPP_200_1000_0.1_0.8_5.C	93	-0.000	55.800	4.499
BPP_200_1000_0.1_0.8_5.C	93	-0.000	55.800	4.200
BPP_200_1000_0.1_0.8_5.C	93	-0.000	55.800	4.415
BPP_200_1000_0.1_0.8_5.C	93	-0.000	55.800	4.238
BPP_200_1000_0.1_0.8_5.C	93	-0.000	55.800	4.187
BPP_200_1000_0.1_0.8_5.C	93	-0.000	55.800	4.200
BPP_200_1000_0.1_0.8_5.C	93	-0.000	55.800	4.192
BPP_200_1000_0.1_0.8_5.C	93	-0.000	55.800	4.196
BPP_200_1000_0.1_0.8_5.C	93	-0.000	55.800	4.232
BPP_200_1000_0.1_0.8_6.C	92	1.000	55.600	4.179
BPP_200_1000_0.1_0.8_6.C	92	1.000	55.600	4.270
BPP_200_1000_0.1_0.8_6.C	92	1.000	55.600	5.928
BPP_200_1000_0.1_0.8_6.C	92	1.000	55.600	4.171
BPP_200_1000_0.1_0.8_6.C	92	1.000	55.600	4.186
BPP_200_1000_0.1_0.8_6.C	92	1.000	55.600	4.184
BPP_200_1000_0.1_0.8_6.C	92	0.800	55.520	5.693
BPP_200_1000_0.1_0.8_6.C	92	1.000	55.600	4.162
BPP_200_1000_0.1_0.8_6.C	92	1.000	55.600	4.187
BPP_200_1000_0.1_0.8_6.C	92	0.800	55.520	4.187
BPP_200_1000_0.1_0.8_7.C	102	-0.000	61.200	4.615
BPP_200_1000_0.1_0.8_7.C	101	0.800	60.920	4.625
BPP_200_1000_0.1_0.8_7.C	101	0.000	60.600	4.552
BPP_200_1000_0.1_0.8_7.C	101	-0.000	60.600	4.436
BPP_200_1000_0.1_0.8_7.C	101	-0.000	60.600	4.459
BPP_200_1000_0.1_0.8_7.C	101	0.200	60.680	4.446
BPP_200_1000_0.1_0.8_7.C	101	-0.000	60.600	4.478
BPP_200_1000_0.1_0.8_7.C	101	0.400	60.760	4.477
BPP_200_1000_0.1_0.8_7.C	101	-0.000	60.600	4.419
BPP_200_1000_0.1_0.8_7.C	101	0.200	60.680	4.438
BPP_200_1000_0.1_0.8_8.C	91	0.800	54.920	4.268
BPP_200_1000_0.1_0.8_8.C	91	0.800	54.920	4.194
BPP_200_1000_0.1_0.8_8.C	91	0.800	54.920	4.126
BPP_200_1000_0.1_0.8_8.C	92	0.600	55.440	4.142
BPP_200_1000_0.1_0.8_8.C	91	0.800	54.920	4.236
BPP_200_1000_0.1_0.8_8.C	91	0.600	54.840	4.186
BPP_200_1000_0.1_0.8_8.C	91	1.600	55.240	4.320
BPP_200_1000_0.1_0.8_8.C	91	0.600	54.840	4.218
BPP_200_1000_0.1_0.8_8.C	91	0.600	54.840	4.252
BPP_200_1000_0.1_0.8_8.C	91	0.800	54.920	4.153
BPP_200_1000_0.1_0.8_9.C	89	1.800	54.120	4.401
BPP_200_1000_0.1_0.8_9.C	89	1.800	54.120	4.518
BPP_200_1000_0.1_0.8_9.C	89	1.800	54.120	4.903
BPP_200_1000_0.1_0.8_9.C	89	1.800	54.120	5.020
BPP_200_1000_0.1_0.8_9.C	89	1.800	54.120	5.154
BPP_200_1000_0.1_0.8_9.C	89	1.800	54.120	5.468
BPP_200_1000_0.1_0.8_9.C	89	1.800	54.120	5.572
BPP_200_1000_0.1_0.8_9.C	89	1.800	54.120	5.631
BPP_200_1000_0.1_0.8_9.C	89	1.800	54.120	5.656
BPP_200_1000_0.1_0.8_9.C	89	1.800	54.120	6.948
BPP_200_100_0.1_0.8_0.C	95	0.200	57.080	0.350
BPP_200_100_0.1_0.8_0.C	95	0.200	57.080	0.354
BPP_200_100_0.1_0.8_0.C	95	0.200	57.080	0.358
BPP_200_100_0.1_0.8_0.C	95	0.600	57.240	0.366
BPP_200_100_0.1_0.8_0.C	95	0.200	57.080	0.372
BPP_200_100_0.1_0.8_0.C	95	0.200	57.080	0.352
BPP_200_100_0.1_0.8_0.C	95	0.200	57.080	0.364
BPP_200_100_0.1_0.8_0.C	96	0.200	57.680	0.359
BPP_200_100_0.1_0.8_0.C	95	0.400	57.160	0.360
BPP_200_100_0.1_0.8_0.C	95	0.200	57.080	0.349
BPP_200_100_0.1_0.8_1.C	95	2.600	58.040	0.352
BPP_200_100_0.1_0.8_1.C	95	2.400	57.960	0.357
BPP_200_100_0.1_0.8_1.C	95	3.000	58.200	0.382
BPP_200_100_0.1_0.8_1.C	95	2.200	57.880	0.374
BPP_200_100_0.1_0.8_1.C	95	2.400	57.960	0.360
BPP_200_100_0.1_0.8_1.C	95	2.400	57.960	0.370
BPP_200_100_0.1_0.8_1.C	95	3.000	58.200	0.388
BPP_200_100_0.1_0.8_1.C	95	2.600	58.040	0.370
BPP_200_100_0.1_0.8_1.C	95	3.600	58.440	0.367
BPP_200_100_0.1_0.8_1.C	95	2.600	58.040	0.390
BPP_200_100_0.1_0.8_2.C	89	1.000	53.800	0.337
BPP_200_100_0.1_0.8_2.C	89	0.800	53.720	0.351
BPP_200_100_0.1_0.8_2.C	89	1.000	53.800	0.342
BPP_200_100_0.1_0.8_2.C	89	1.000	53.800	0.352
BPP_200_100_0.1_0.8_2.C	89	1.000	53.800	0.330
BPP_200_100_0.1_0.8_2.C	89	0.800	53.720	0.354
BPP_200_100_0.1_0.8_2.C	89	0.800	53.720	0.347
BPP_200_100_0.1_0.8_2.C	89	1.000	53.800	0.349
BPP_200_100_0.1_0.8_2.C	89	1.000	53.800	0.367
BPP_200_100_0.1_0.8_2.C	89	1.000	53.800	0.352
BPP_200_100_0.1_0.8_3.C	91	1.400	55.160	0.387
BPP_200_100_0.1_0.8_3.C	91	1.600	55.240	0.360
BPP_200_100_0.1_0.8_3.C	91	2.600	55.640	0.359
BPP_200_100_0.1_0.8_3.C	91	2.400	55.560	0.370
BPP_200_100_0.1_0.8_3.C	91	2.000	55.400	0.368
BPP_200_100_0.1_0.8_3.C	92	1.200	55.680	0.372
BPP_200_100_0.1_0.8_3.C	91	2.000	55.400	0.360
BPP_200_100_0.1_0.8_3.C	91	2.200	55.480	0.367
BPP_200_100_0.1_0.8_3.C	91	1.400	55.160	0.372
BPP_200_100_0.1_0.8_3.C	92	1.400	55.760	0.379
BPP_200_100_0.1_0.8_4.C	96	2.600	58.640	0.374
BPP_200_100_0.1_0.8_4.C	96	2.600	58.640	0.371
BPP_200_100_0.1_0.8_4.C	96	2.600	58.640	0.363
BPP_200_100_0.1_0.8_4.C	96	2.600	58.640	0.374
BPP_200_100_0.1_0.8_4.C	96	2.600	58.640	0.379
BPP_200_100_0.1_0.8_4.C	96	2.600	58.640	0.388
BPP_200_100_0.1_0.8_4.C	96	2.800	58.720	0.397
BPP_200_100_0.1_0.8_4.C	96	2.600	58.640	0.363
BPP_200_100_0.1_0.8_4.C	96	2.600	58.640	0.377
BPP_200_100_0.1_0.8_4.C	96	2.600	58.640	0.384
BPP_200_100_0.1_0.8_5.C	92	1.800	55.920	0.363
BPP_200_100_0.1_0.8_5.C	92	2.200	56.080	0.369
BPP_200_100_0.1_0.8_5.C	92	2.200	56.080	0.373
BPP_200_100_0.1_0.8_5.C	92	2.200	56.080	0.362
BPP_200_100_0.1_0.8_5.C	92	2.400	56.160	0.364
BPP_200_100_0.1_0.8_5.C	92	2.200	56.080	0.358
BPP_200_100_0.1_0.8_5.C	92	2.200	56.080	0.366
BPP_200_100_0.1_0.8_5.C	92	2.000	56.000	0.365
BPP_200_100_0.1_0.8_5.C	92	2.200	56.080	0.354
BPP_200_100_0.1_0.8_5.C	92	2.200	56.080	0.379
BPP_200_100_0.1_0.8_6.C	91	0.600	54.840	0.367
BPP_200_100_0.1_0.8_6.C	91	0.600	54.840	0.378
BPP_200_100_0.1_0.8_6.C	91	0.600	54.840	0.372
BPP_200_100_0.1_0.8_6.C	91	0.600	54.840	0.350
BPP_200_100_0.1_0.8_6.C	91	0.600	54.840	0.391
BPP_200_100_0.1_0.8_6.C	91	0.600	54.840	0.368
BPP_200_100_0.1_0.8_6.C	91	0.600	54.840	0.372
BPP_200_100_0.1_0.8_6.C	91	0.600	54.840	0.338
BPP_200_100_0.1_0.8_6.C	91	0.600	54.840	0.375
BPP_200_100_0.1_0.8_6.C	91	0.600	54.840	0.352
BPP_200_100_0.1_0.8_7.C	90	4.000	55.600	0.357
BPP_200_100_0.1_0.8_7.C	90	3.800	55.520	0.354
BPP_200_100_0.1_0.8_7.C	90	4.400	55.760	0.365
BPP_200_100_0.1_0.8_7.C	89	5.400	55.560	0.363
BPP_200_100_0.1_0.8_7.C	90	4.000	55.600	0.344
BPP_200_100_0.1_0.8_7.C	90	4.600	55.840	0.350
BPP_200_100_0.1_0.8_7.C	90	4.400	55.760	0.360
BPP_200_100_0.1_0.8_7.C	89	5.600	55.640	0.361
BPP_200_100_0.1_0.8_7.C	90	4.200	55.680	0.352
BPP_200_100_0.1_0.8_7.C	90	3.800	55.520	0.363
BPP_200_100_0.1_0.8_8.C	97	8.600	61.640	0.355
BPP_200_100_0.1_0.8_8.C	97	8.400	61.560	0.371
BPP_200_100_0.1_0.8_8.C	97	8.000	61.400	0.372
BPP_200_100_0.1_0.8_8.C	97	9.600	62.040	0.371
BPP_200_100_0.1_0.8_8.C	97	7.800	61.320	0.368
BPP_200_100_0.1_0.8_8.C	97	8.400	61.560	0.360
BPP_200_100_0.1_0.8_8.C	97	9.400	61.960	0.371
BPP_200_100_0.1_0.8_8.C	97	8.200	61.480	0.379
BPP_200_100_0.1_0.8_8.C	97	8.000	61.400	0.361
BPP_200_100_0.1_0.8_8.C	97	9.000	61.800	0.360
BPP_200_100_0.1_0.8_9.C	97	1.600	58.840	0.363
BPP_200_100_0.1_0.8_9.C	97	1.400	58.760	0.357
BPP_200_100_0.1_0.8_9.C	96	1.400	58.160	0.374
BPP_200_100_0.1_0.8_9.C	96	1.600	58.240	0.371
BPP_200_100_0.1_0.8_9.C	96	1.400	58.160	0.354
BPP_200_100_0.1_0.8_9.C	96	1.400	58.160	0.375
BPP_200_100_0.1_0.8_9.C	96	2.200	58.480	0.365
BPP_200_100_0.1_0.8_9.C	96	1.600	58.240	0.409
BPP_200_100_0.1_0.8_9.C	97	1.400	58.760	0.368
BPP_200_100_0.1_0.8_9.C	97	1.600	58.840	0.365
BPP_200_120_0.1_0.8_0.C	92	7.800	58.320	0.407
BPP_200_120_0.1_0.8_0.C	92	8.000	58.400	0.439
BPP_200_120_0.1_0.8_0.C	92	8.200	58.480	0.420
BPP_200_120_0.1_0.8_0.C	92	7.800	58.320	0.419
BPP_200_120_0.1_0.8_0.C	92	7.800	58.320	0.401
BPP_200_120_0.1_0.8_0.C	92	7.800	58.320	0.430
BPP_200_120_0.1_0.8_0.C	92	7.800	58.320	0.412
BPP_200_120_0.1_0.8_0.C	92	7.600	58.240	0.456
BPP_200_120_0.1_0.8_0.C	92	8.000	58.400	0.462
BPP_200_120_0.1_0.8_0.C	92	8.000	58.400	0.453
BPP_200_120_0.1_0.8_1.C	85	0.000	51.000	0.411
BPP_200_120_0.1_0.8_1.C	86	0.000	51.600	0.390
BPP_200_120_0.1_0.8_1.C	86	0.000	51.600	0.377
BPP_200_120_0.1_0.8_1.C	85	0.000	51.000	0.379
BPP_200_120_0.1_0.8_1.C	86	0.000	51.600	0.379
BPP_200_120_0.1_0.8_1.C	86	0.000	51.600	0.372
BPP_200_120_0.1_0.8_1.C	86	0.000	51.600	0.395
BPP_200_120_0.1_0.8_1.C	86	0.000	51.600	0.376
BPP_200_120_0.1_0.8_1.C	86	0.000	51.600	0.383
BPP_200_120_0.1_0.8_1.C	85	0.000	51.000	0.397
BPP_200_120_0.1_0.8_2.C	102	0.600	61.440	0.434
BPP_200_120_0.1_0.8_2.C	102	0.800	61.520	0.486
BPP_200_120_0.1_0.8_2.C	102	0.600	61.440	0.436
BPP_200_120_0.1_0.8_2.C	102	0.600	61.440	0.453
BPP_200_120_0.1_0.8_2.C	102	0.800	61.520	0.475
BPP_200_120_0.1_0.8_2.C	102	0.800	61.520	0.431
BPP_200_120_0.1_0.8_2.C	102	0.600	61.440	0.438
BPP_200_120_0.1_0.8_2.C	102	1.000	61.600	0.459
BPP_200_120_0.1_0.8_2.C	102	0.600	61.440	0.454
BPP_200_120_0.1_0.8_2.C	102	0.800	61.520	0.453
BPP_200_120_0.1_0.8_3.C	91	4.200	56.280	0.404
BPP_200_120_0.1_0.8_3.C	91	4.400	56.360	0.395
BPP_200_120_0.1_0.8_3.C	91	4.200	56.280	0.414
BPP_200_120_0.1_0.8_3.C	91	4.200	56.280	0.417
BPP_200_120_0.1_0.8_3.C	91	4.200	56.280	0.414
BPP_200_120_0.1_0.8_3.C	91	4.400	56.360	0.429
BPP_200_120_0.1_0.8_3.C	91	4.200	56.280	0.426
BPP_200_120_0.1_0.8_3.C	91	4.200	56.280	0.398
BPP_200_120_0.1_0.8_3.C	91	4.200	56.280	0.409
BPP_200_120_0.1_0.8_3.C	91	4.200	56.280	0.413
BPP_200_120_0.1_0.8_4.C	99	2.000	60.200	0.468
BPP_200_120_0.1_0.8_4.C	98	2.000	59.600	0.430
BPP_200_120_0.1_0.8_4.C	98	2.000	59.600	0.431
BPP_200_120_0.1_0.8_4.C	98	2.000	59.600	0.423
BPP_200_120_0.1_0.8_4.C	98	2.000	59.600	0.432
BPP_200_120_0.1_0.8_4.C	98	2.000	59.600	0.417
BPP_200_120_0.1_0.8_4.C	98	2.000	59.600	0.455
BPP_200_120_0.1_0.8_4.C	98	2.000	59.600	0.431
BPP_200_120_0.1_0.8_4.C	98	2.000	59.600	0.445
BPP_200_120_0.1_0.8_4.C	98	2.000	59.600	0.427
BPP_200_120_0.1_0.8_5.C	94	2.800	57.520	0.429
BPP_200_120_0.1_0.8_5.C	94	2.800	57.520	0.414
BPP_200_120_0.1_0.8_5.C	94	2.600	57.440	0.425
BPP_200_120_0.1_0.8_5.C	94	2.400	57.360	0.433
BPP_200_120_0.1_0.8_5.C	94	3.000	57.600	0.426
BPP_200_120_0.1_0.8_5.C	94	2.000	57.200	0.426
BPP_200_120_0.1_0.8_5.C	94	2.200	57.280	0.434
BPP_200_120_0.1_0.8_5.C	95	2.000	57.800	0.429
BPP_200_120_0.1_0.8_5.C	95	2.000	57.800	0.414
BPP_200_120_0.1_0.8_5.C	94	2.400	57.360	0.420
BPP_200_120_0.1_0.8_6.C	92	1.000	55.600	0.419
BPP_200_120_0.1_0.8_6.C	92	2.200	56.080	0.396
BPP_200_120_0.1_0.8_6.C	92	1.800	55.920	0.409
BPP_200_120_0.1_0.8_6.C	92	1.400	55.760	0.423
BPP_200_120_0.1_0.8_6.C	92	1.200	55.680	0.414
BPP_200_120_0.1_0.8_6.C	92	0.800	55.520	0.419
BPP_200_120_0.1_0.8_6.C	92	1.400	55.760	0.447
BPP_200_120_0.1_0.8_6.C	92	1.800	55.920	0.420
BPP_200_120_0.1_0.8_6.C	92	0.800	55.520	0.399
BPP_200_120_0.1_0.8_6.C	92	1.200	55.680	0.415
BPP_200_120_0.1_0.8_7.C	95	3.600	58.440	0.413
BPP_200_120_0.1_0.8_7.C	94	4.800	58.320	0.412
BPP_200_120_0.1_0.8_7.C	94	3.800	57.920	0.424
BPP_200_120_0.1_0.8_7.C	95	3.600	58.440	0.422
BPP_200_120_0.1_0.8_7.C	94	3.600	57.840	0.429
BPP_200_120_0.1_0.8_7.C	94	4.800	58.320	0.434
BPP_200_120_0.1_0.8_7.C	94	3.600	57.840	0.454
BPP_200_120_0.1_0.8_7.C	94	5.000	58.400	0.430
BPP_200_120_0.1_0.8_7.C	95	3.600	58.440	0.416
BPP_200_120_0.1_0.8_7.C	94	4.600	58.240	0.412
BPP_200_120_0.1_0.8_8.C	90	8.400	57.360	0.417
BPP_200_120_0.1_0.8_8.C	90	8.400	57.360	0.436
BPP_200_120_0.1_0.8_8.C	90	8.200	57.280	0.412
BPP_200_120_0.1_0.8_8.C	90	8.600	57.440	0.436
BPP_200_120_0.1_0.8_8.C	89	9.000	57.000	0.416
BPP_200_120_0.1_0.8_8.C	89	9.000	57.000	0.406
BPP_200_120_0.1_0.8_8.C	90	8.600	57.440	0.410
BPP_200_120_0.1_0.8_8.C	90	8.400	57.360	0.400
BPP_200_120_0.1_0.8_8.C	90	8.400	57.360	0.423
BPP_200_120_0.1_0.8_8.C	90	8.600	57.440	0.416
BPP_200_120_0.1_0.8_9.C	100	7.400	62.960	0.431
BPP_200_120_0.1_0.8_9.C	100	7.400	62.960	0.441
BPP_200_120_0.1_0.8_9.C	100	7.400	62.960	0.420
BPP_200_120_0.1_0.8_9.C	100	7.400	62.960	0.446
BPP_200_120_0.1_0.8_9.C	99	8.000	62.600	0.443
BPP_200_120_0.1_0.8_9.C	99	7.800	62.520	0.430
BPP_200_120_0.1_0.8_9.C	100	7.400	62.960	0.433
BPP_200_120_0.1_0.8_9.C	99	8.400	62.760	0.435
BPP_200_120_0.1_0.8_9.C	100	7.400	62.960	0.427
BPP_200_120_0.1_0.8_9.C	100	7.400	62.960	0.430
BPP_200_125_0.1_0.8_0.C	95	4.600	58.840	0.430
BPP_200_125_0.1_0.8_0.C	95	4.800	58.920	0.421
BPP_200_125_0.1_0.8_0.C	95	4.400	58.760	0.713
BPP_200_125_0.1_0.8_0.C	95	4.400	58.760	0.811
BPP_200_125_0.1_0.8_0.C	95	4.600	58.840	0.793
BPP_200_125_0.1_0.8_0.C	95	3.800	58.520	0.703
BPP_200_125_0.1_0.8_0.C	95	4.600	58.840	0.699
BPP_200_125_0.1_0.8_0.C	95	4.400	58.760	0.644
BPP_200_125_0.1_0.8_0.C	95	4.400	58.760	0.437
BPP_200_125_0.1_0.8_0.C	95	4.400	58.760	0.432
BPP_200_125_0.1_0.8_1.C	100	4.000	61.600	0.458
BPP_200_125_0.1_0.8_1.C	101	3.000	61.800	0.449
BPP_200_125_0.1_0.8_1.C	101	3.000	61.800	0.608
BPP_200_125_0.1_0.8_1.C	101	3.200	61.880	0.486
BPP_200_125_0.1_0.8_1.C	101	3.200	61.880	0.449
BPP_200_125_0.1_0.8_1.C	101	3.600	62.040	0.465
BPP_200_125_0.1_0.8_1.C	100	4.800	61.920	0.448
BPP_200_125_0.1_0.8_1.C	101	3.400	61.960	0.467
BPP_200_125_0.1_0.8_1.C	101	3.400	61.960	0.444
BPP_200_125_0.1_0.8_1.C	101	3.200	61.880	0.453
BPP_200_125_0.1_0.8_2.C	91	5.200	56.680	0.426
BPP_200_125_0.1_0.8_2.C	92	5.000	57.200	0.428
BPP_200_125_0.1_0.8_2.C	91	5.000	56.600	0.456
BPP_200_125_0.1_0.8_2.C	91	5.000	56.600	0.600
BPP_200_125_0.1_0.8_2.C	91	5.800	56.920	0.408
BPP_200_125_0.1_0.8_2.C	91	5.200	56.680	0.424
BPP_200_125_0.1_0.8_2.C	91	5.200	56.680	0.643
BPP_200_125_0.1_0.8_2.C	91	5.000	56.600	0.583
BPP_200_125_0.1_0.8_2.C	91	4.800	56.520	0.789
BPP_200_125_0.1_0.8_2.C	91	5.000	56.600	0.429
BPP_200_125_0.1_0.8_3.C	89	11.800	58.120	0.428
BPP_200_125_0.1_0.8_3.C	90	10.600	58.240	0.420
BPP_200_125_0.1_0.8_3.C	90	10.600	58.240	0.407
BPP_200_125_0.1_0.8_3.C	90	10.400	58.160	0.422
BPP_200_125_0.1_0.8_3.C	90	10.400	58.160	0.438
BPP_200_125_0.1_0.8_3.C	90	10.600	58.240	0.419
BPP_200_125_0.1_0.8_3.C	89	10.800	57.720	0.421
BPP_200_125_0.1_0.8_3.C	90	10.600	58.240	0.422
BPP_200_125_0.1_0.8_3.C	89	11.000	57.800	0.415
BPP_200_125_0.1_0.8_3.C	90	10.600	58.240	0.408
BPP_200_125_0.1_0.8_4.C	91	6.000	57.000	0.414
BPP_200_125_0.1_0.8_4.C	91	6.000	57.000	0.416
BPP_200_125_0.1_0.8_4.C	91	6.000	57.000	0.421
BPP_200_125_0.1_0.8_4.C	91	5.800	56.920	0.443
BPP_200_125_0.1_0.8_4.C	91	6.000	57.000	0.410
BPP_200_125_0.1_0.8_4.C	91	6.000	57.000	0.408
BPP_200_125_0.1_0.8_4.C	91	6.000	57.000	0.422
BPP_200_125_0.1_0.8_4.C	90	7.000	56.800	0.423
BPP_200_125_0.1_0.8_4.C	91	6.000	57.000	0.420
BPP_200_125_0.1_0.8_4.C	91	6.200	57.080	0.424
BPP_200_125_0.1_0.8_5.C	98	5.200	60.880	0.462
BPP_200_125_0.1_0.8_5.C	98	5.400	60.960	0.488
BPP_200_125_0.1_0.8_5.C	98	5.200	60.880	0.437
BPP_200_125_0.1_0.8_5.C	98	5.400	60.960	0.454
BPP_200_125_0.1_0.8_5.C	98	5.200	60.880	0.440
BPP_200_125_0.1_0.8_5.C	98	5.200	60.880	0.451
BPP_200_125_0.1_0.8_5.C	98	5.200	60.880	0.436
BPP_200_125_0.1_0.8_5.C	98	5.200	60.880	0.457
BPP_200_125_0.1_0.8_5.C	98	5.200	60.880	0.454
BPP_200_125_0.1_0.8_5.C	98	5.200	60.880	0.455
BPP_200_125_0.1_0.8_6.C	92	3.000	56.400	0.649
BPP_200_125_0.1_0.8_6.C	92	2.800	56.320	0.558
BPP_200_125_0.1_0.8_6.C	92	3.000	56.400	0.826
BPP_200_125_0.1_0.8_6.C	92	2.800	56.320	0.435
BPP_200_125_0.1_0.8_6.C	92	3.000	56.400	0.422
BPP_200_125_0.1_0.8_6.C	92	3.000	56.400	0.433
BPP_200_125_0.1_0.8_6.C	92	3.000	56.400	0.434
BPP_200_125_0.1_0.8_6.C	92	2.600	56.240	0.434
BPP_200_125_0.1_0.8_6.C	92	2.600	56.240	0.433
BPP_200_125_0.1_0.8_6.C	92	2.400	56.160	0.432
BPP_200_125_0.1_0.8_7.C	89	3.200	54.680	0.415
BPP_200_125_0.1_0.8_7.C	89	3.400	54.760	0.417
BPP_200_125_0.1_0.8_7.C	88	3.800	54.320	0.417
BPP_200_125_0.1_0.8_7.C	88	3.800	54.320	0.433
BPP_200_125_0.1_0.8_7.C	88	3.800	54.320	0.412
BPP_200_125_0.1_0.8_7.C	88	4.400	54.560	0.409
BPP_200_125_0.1_0.8_7.C	88	4.000	54.400	0.417
BPP_200_125_0.1_0.8_7.C	88	4.200	54.480	0.401
BPP_200_125_0.1_0.8_7.C	89	3.200	54.680	0.418
BPP_200_125_0.1_0.8_7.C	89	3.200	54.680	0.582
BPP_200_125_0.1_0.8_8.C	95	2.800	58.120	0.432
BPP_200_125_0.1_0.8_8.C	95	2.800	58.120	0.441
BPP_200_125_0.1_0.8_8.C	95	2.800	58.120	0.468
BPP_200_125_0.1_0.8_8.C	95	2.600	58.040	0.425
BPP_200_125_0.1_0.8_8.C	95	2.800	58.120	0.440
BPP_200_125_0.1_0.8_8.C	95	2.800	58.120	0.443
BPP_200_125_0.1_0.8_8.C	95	2.600	58.040	0.440
BPP_200_125_0.1_0.8_8.C	95	2.800	58.120	0.444
BPP_200_125_0.1_0.8_8.C	95	3.000	58.200	0.441
BPP_200_125_0.1_0.8_8.C	95	2.800	58.120	0.459
BPP_200_125_0.1_0.8_9.C	94	1.400	56.960	0.442
BPP_200_125_0.1_0.8_9.C	94	1.400	56.960	0.435
BPP_200_125_0.1_0.8_9.C	94	1.400	56.960	0.435
BPP_200_125_0.1_0.8_9.C	94	1.600	57.040	0.434
BPP_200_125_0.1_0.8_9.C	94	1.400	56.960	0.435
BPP_200_125_0.1_0.8_9.C	94	2.600	57.440	0.414
BPP_200_125_0.1_0.8_9.C	94	1.200	56.880	0.434
BPP_200_125_0.1_0.8_9.C	94	2.200	57.280	0.436
BPP_200_125_0.1_0.8_9.C	94	1.400	56.960	0.430
BPP_200_125_0.1_0.8_9.C	94	1.200	56.880	0.465
BPP_200_150_0.1_0.8_0.C	93	1.600	56.440	0.502
BPP_200_150_0.1_0.8_0.C	94	1.000	56.800	0.501
BPP_200_150_0.1_0.8_0.C	94	1.000	56.800	0.502
BPP_200_150_0.1_0.8_0.C	93	1.600	56.440	0.568
BPP_200_150_0.1_0.8_0.C	93	1.800	56.520	0.608
BPP_200_150_0.1_0.8_0.C	93	1.600	56.440	0.499
BPP_200_150_0.1_0.8_0.C	93	2.200	56.680	0.494
BPP_200_150_0.1_0.8_0.C	93	1.200	56.280	0.504
BPP_200_150_0.1_0.8_0.C	94	1.000	56.800	0.499
BPP_200_150_0.1_0.8_0.C	93	1.200	56.280	0.572
BPP_200_150_0.1_0.8_1.C	94	3.400	57.760	0.602
BPP_200_150_0.1_0.8_1.C	94	3.400	57.760	0.747
BPP_200_150_0.1_0.8_1.C	94	3.400	57.760	0.538
BPP_200_150_0.1_0.8_1.C	94	3.400	57.760	0.496
BPP_200_150_0.1_0.8_1.C	94	3.400	57.760	0.510
BPP_200_150_0.1_0.8_1.C	94	3.400	57.760	0.511
BPP_200_150_0.1_0.8_1.C	94	3.600	57.840	0.504
BPP_200_150_0.1_0.8_1.C	94	3.400	57.760	0.523
BPP_200_150_0.1_0.8_1.C	94	3.400	57.760	0.522
BPP_200_150_0.1_0.8_1.C	94	3.400	57.760	0.529
BPP_200_150_0.1_0.8_2.C	93	2.800	56.920	0.495
BPP_200_150_0.1_0.8_2.C	93	1.600	56.440	0.494
BPP_200_150_0.1_0.8_2.C	93	2.600	56.840	0.521
BPP_200_150_0.1_0.8_2.C	93	2.200	56.680	0.532
BPP_200_150_0.1_0.8_2.C	93	2.400	56.760	0.509
BPP_200_150_0.1_0.8_2.C	93	2.600	56.840	0.516
BPP_200_150_0.1_0.8_2.C	93	2.600	56.840	0.530
BPP_200_150_0.1_0.8_2.C	93	2.600	56.840	0.517
BPP_200_150_0.1_0.8_2.C	93	2.800	56.920	0.528
BPP_200_150_0.1_0.8_2.C	93	1.600	56.440	0.489
BPP_200_150_0.1_0.8_3.C	95	5.600	59.240	0.518
BPP_200_150_0.1_0.8_3.C	96	5.200	59.680	0.525
BPP_200_150_0.1_0.8_3.C	96	5.000	59.600	0.525
BPP_200_150_0.1_0.8_3.C	95	5.200	59.080	0.517
BPP_200_150_0.1_0.8_3.C	95	5.600	59.240	0.498
BPP_200_150_0.1_0.8_3.C	96	5.000	59.600	0.568
BPP_200_150_0.1_0.8_3.C	95	6.000	59.400	0.529
BPP_200_150_0.1_0.8_3.C	95	5.200	59.080	0.510
BPP_200_150_0.1_0.8_3.C	95	5.800	59.320	0.503
BPP_200_150_0.1_0.8_3.C	95	5.200	59.080	0.513
BPP_200_150_0.1_0.8_4.C	104	5.800	64.720	0.546
BPP_200_150_0.1_0.8_4.C	104	5.800	64.720	0.560
BPP_200_150_0.1_0.8_4.C	104	6.200	64.880	0.547
BPP_200_150_0.1_0.8_4.C	104	5.800	64.720	0.550
BPP_200_150_0.1_0.8_4.C	103	8.200	65.080	0.542
BPP_200_150_0.1_0.8_4.C	104	6.400	64.960	0.546
BPP_200_150_0.1_0.8_4.C	103	6.200	64.280	0.534
BPP_200_150_0.1_0.8_4.C	104	6.200	64.880	0.571
BPP_200_150_0.1_0.8_4.C	104	6.000	64.800	0.533
BPP_200_150_0.1_0.8_4.C	103	7.800	64.920	0.551
BPP_200_150_0.1_0.8_5.C	94	7.000	59.200	0.513
BPP_200_150_0.1_0.8_5.C	94	6.400	58.960	0.514
BPP_200_150_0.1_0.8_5.C	94	6.400	58.960	0.515
BPP_200_150_0.1_0.8_5.C	94	6.600	59.040	0.547
BPP_200_150_0.1_0.8_5.C	94	7.000	59.200	0.531
BPP_200_150_0.1_0.8_5.C	94	6.400	58.960	0.527
BPP_200_150_0.1_0.8_5.C	94	6.600	59.040	0.506
BPP_200_150_0.1_0.8_5.C	94	6.800	59.120	0.521
BPP_200_150_0.1_0.8_5.C	94	6.800	59.120	0.548
BPP_200_150_0.1_0.8_5.C	94	6.600	59.040	0.518
BPP_200_150_0.1_0.8_6.C	97	3.200	59.480	0.512
BPP_200_150_0.1_0.8_6.C	97	3.000	59.400	0.529
BPP_200_150_0.1_0.8_6.C	97	3.000	59.400	0.507
BPP_200_150_0.1_0.8_6.C	97	3.000	59.400	0.525
BPP_200_150_0.1_0.8_6.C	97	3.000	59.400	0.534
BPP_200_150_0.1_0.8_6.C	97	3.000	59.400	0.529
BPP_200_150_0.1_0.8_6.C	97	3.000	59.400	0.514
BPP_200_150_0.1_0.8_6.C	97	3.000	59.400	0.515
BPP_200_150_0.1_0.8_6.C	97	3.000	59.400	0.531
BPP_200_150_0.1_0.8_6.C	97	3.000	59.400	0.521
BPP_200_150_0.1_0.8_7.C	101	12.600	65.640	0.525
BPP_200_150_0.1_0.8_7.C	101	11.200	65.080	0.542
BPP_200_150_0.1_0.8_7.C	101	12.000	65.400	0.552
BPP_200_150_0.1_0.8_7.C	101	11.000	65.000	0.547
BPP_200_150_0.1_0.8_7.C	101	11.400	65.160	0.547
BPP_200_150_0.1_0.8_7.C	101	10.800	64.920	0.531
BPP_200_150_0.1_0.8_7.C	101	11.400	65.160	0.531
BPP_200_150_0.1_0.8_7.C	101	11.000	65.000	0.540
BPP_200_150_0.1_0.8_7.C	101	11.000	65.000	0.533
BPP_200_150_0.1_0.8_7.C	101	11.200	65.080	0.560
BPP_200_150_0.1_0.8_8.C	94	2.200	57.280	0.501
BPP_200_150_0.1_0.8_8.C	94	3.400	57.760	0.512
BPP_200_150_0.1_0.8_8.C	94	2.200	57.280	0.509
BPP_200_150_0.1_0.8_8.C	94	2.800	57.520	0.503
BPP_200_150_0.1_0.8_8.C	94	3.200	57.680	0.517
BPP_200_150_0.1_0.8_8.C	94	2.200	57.280	0.517
BPP_200_150_0.1_0.8_8.C	94	2.200	57.280	0.504
BPP_200_150_0.1_0.8_8.C	94	3.400	57.760	0.500
BPP_200_150_0.1_0.8_8.C	94	2.200	57.280	0.501
BPP_200_150_0.1_0.8_8.C	95	2.000	57.800	0.507
BPP_200_150_0.1_0.8_9.C	92	2.400	56.160	0.508
BPP_200_150_0.1_0.8_9.C	92	2.400	56.160	0.511
BPP_200_150_0.1_0.8_9.C	92	2.600	56.240	0.509
BPP_200_150_0.1_0.8_9.C	92	2.200	56.080	0.511
BPP_200_150_0.1_0.8_9.C	92	2.200	56.080	0.503
BPP_200_150_0.1_0.8_9.C	92	2.200	56.080	0.526
BPP_200_150_0.1_0.8_9.C	92	2.400	56.160	0.524
BPP_200_150_0.1_0.8_9.C	92	2.200	56.080	0.492
BPP_200_150_0.1_0.8_9.C	92	2.200	56.080	0.500
BPP_200_150_0.1_0.8_9.C	92	2.400	56.160	0.520
BPP_200_200_0.1_0.8_0.C	95	0.000	57.000	0.634
BPP_200_200_0.1_0.8_0.C	94	0.800	56.720	0.682
BPP_200_200_0.1_0.8_0.C	95	0.000	57.000	0.654
BPP_200_200_0.1_0.8_0.C	95	0.000	57.000	0.650
BPP_200_200_0.1_0.8_0.C	94	0.800	56.720	0.642
BPP_200_200_0.1_0.8_0.C	95	0.000	57.000	0.667
BPP_200_200_0.1_0.8_0.C	95	0.000	57.000	0.641
BPP_200_200_0.1_0.8_0.C	95	0.000	57.000	0.669
BPP_200_200_0.1_0.8_0.C	95	0.000	57.000	0.652
BPP_200_200_0.1_0.8_0.C	94	1.000	56.800	0.645
BPP_200_200_0.1_0.8_1.C	96	8.800	61.120	0.668
BPP_200_200_0.1_0.8_1.C	96	8.800	61.120	0.683
BPP_200_200_0.1_0.8_1.C	96	8.800	61.120	0.685
BPP_200_200_0.1_0.8_1.C	96	8.600	61.040	0.662
BPP_200_200_0.1_0.8_1.C	96	8.600	61.040	0.666
BPP_200_200_0.1_0.8_1.C	96	8.800	61.120	0.694
BPP_200_200_0.1_0.8_1.C	96	8.800	61.120	0.674
BPP_200_200_0.1_0.8_1.C	96	8.600	61.040	0.689
BPP_200_200_0.1_0.8_1.C	96	8.600	61.040	0.679
BPP_200_200_0.1_0.8_1.C	96	9.400	61.360	0.667
BPP_200_200_0.1_0.8_2.C	87	7.000	55.000	0.600
BPP_200_200_0.1_0.8_2.C	87	7.000	55.000	0.617
BPP_200_200_0.1_0.8_2.C	87	7.000	55.000	0.595
BPP_200_200_0.1_0.8_2.C	87	7.000	55.000	0.608
BPP_200_200_0.1_0.8_2.C	87	7.000	55.000	0.605
BPP_200_200_0.1_0.8_2.C	87	7.000	55.000	0.613
BPP_200_200_0.1_0.8_2.C	87	7.000	55.000	0.605
BPP_200_200_0.1_0.8_2.C	87	7.000	55.000	0.600
BPP_200_200_0.1_0.8_2.C	87	7.000	55.000	0.624
BPP_200_200_0.1_0.8_2.C	87	7.000	55.000	0.595
BPP_200_200_0.1_0.8_3.C	91	2.800	55.720	0.626
BPP_200_200_0.1_0.8_3.C	91	2.600	55.640	0.642
BPP_200_200_0.1_0.8_3.C	91	2.600	55.640	0.627
BPP_200_200_0.1_0.8_3.C	91	2.600	55.640	0.643
BPP_200_200_0.1_0.8_3.C	91	2.600	55.640	0.654
BPP_200_200_0.1_0.8_3.C	91	2.600	55.640	0.665
BPP_200_200_0.1_0.8_3.C	91	2.600	55.640	0.646
BPP_200_200_0.1_0.8_3.C	91	2.600	55.640	0.637
BPP_200_200_0.1_0.8_3.C	91	2.600	55.640	0.633
BPP_200_200_0.1_0.8_3.C	91	2.600	55.640	0.637
BPP_200_200_0.1_0.8_4.C	93	5.000	57.800	0.662
BPP_200_200_0.1_0.8_4.C	93	5.000	57.800	0.665
BPP_200_200_0.1_0.8_4.C	93	5.000	57.800	0.654
BPP_200_200_0.1_0.8_4.C	94	5.000	58.400	0.652
BPP_200_200_0.1_0.8_4.C	93	5.600	58.040	0.666
BPP_200_200_0.1_0.8_4.C	93	4.800	57.720	0.657
BPP_200_200_0.1_0.8_4.C	93	5.000	57.800	0.660
BPP_200_200_0.1_0.8_4.C	93	5.000	57.800	0.664
BPP_200_200_0.1_0.8_4.C	93	5.600	58.040	0.670
BPP_200_200_0.1_0.8_4.C	93	5.400	57.960	0.663
BPP_200_200_0.1_0.8_5.C	92	0.600	55.440	0.662
BPP_200_200_0.1_0.8_5.C	92	0.600	55.440	1.166
BPP_200_200_0.1_0.8_5.C	92	0.600	55.440	0.675
BPP_200_200_0.1_0.8_5.C	92	0.600	55.440	0.692
BPP_200_200_0.1_0.8_5.C	92	0.600	55.440	0.795
BPP_200_200_0.1_0.8_5.C	92	0.600	55.440	0.806
BPP_200_200_0.1_0.8_5.C	91	0.800	54.920	0.919
BPP_200_200_0.1_0.8_5.C	92	0.600	55.440	0.674
BPP_200_200_0.1_0.8_5.C	92	0.600	55.440	0.656
BPP_200_200_0.1_0.8_5.C	91	1.000	55.000	0.638
BPP_200_200_0.1_0.8_6.C	100	0.400	60.160	0.686
BPP_200_200_0.1_0.8_6.C	100	0.400	60.160	0.683
BPP_200_200_0.1_0.8_6.C	100	0.200	60.080	0.681
BPP_200_200_0.1_0.8_6.C	100	0.200	60.080	0.685
BPP_200_200_0.1_0.8_6.C	99	2.400	60.360	0.662
BPP_200_200_0.1_0.8_6.C	100	1.000	60.400	0.708
BPP_200_200_0.1_0.8_6.C	100	1.000	60.400	0.696
BPP_200_200_0.1_0.8_6.C	100	0.800	60.320	0.674
BPP_200_200_0.1_0.8_6.C	100	0.600	60.240	0.697
BPP_200_200_0.1_0.8_6.C	100	0.200	60.080	0.677
BPP_200_200_0.1_0.8_7.C	93	-0.000	55.800	0.627
BPP_200_200_0.1_0.8_7.C	93	-0.000	55.800	0.642
BPP_200_200_0.1_0.8_7.C	93	-0.000	55.800	0.627
BPP_200_200_0.1_0.8_7.C	92	0.800	55.520	0.644
BPP_200_200_0.1_0.8_7.C	93	-0.000	55.800	0.627
BPP_200_200_0.1_0.8_7.C	93	-0.000	55.800	0.629
BPP_200_200_0.1_0.8_7.C	93	-0.000	55.800	0.642
BPP_200_200_0.1_0.8_7.C	92	1.200	55.680	0.651
BPP_200_200_0.1_0.8_7.C	93	-0.000	55.800	0.641
BPP_200_200_0.1_0.8_7.C	93	-0.000	55.800	0.683
BPP_200_200_0.1_0.8_8.C	99	4.400	61.160	0.696
BPP_200_200_0.1_0.8_8.C	99	4.800	61.320	0.701
BPP_200_200_0.1_0.8_8.C	99	4.600	61.240	0.681
BPP_200_200_0.1_0.8_8.C	100	4.000	61.600	0.681
BPP_200_200_0.1_0.8_8.C	99	4.600	61.240	0.680
BPP_200_200_0.1_0.8_8.C	99	4.400	61.160	0.696
BPP_200_200_0.1_0.8_8.C	99	4.400	61.160	0.686
BPP_200_200_0.1_0.8_8.C	98	6.000	61.200	0.698
BPP_200_200_0.1_0.8_8.C	100	4.000	61.600	0.684
BPP_200_200_0.1_0.8_8.C	100	3.800	61.520	0.687
BPP_200_200_0.1_0.8_9.C	95	1.800	57.720	0.670
BPP_200_200_0.1_0.8_9.C	95	2.400	57.960	0.667
BPP_200_200_0.1_0.8_9.C	95	2.600	58.040	0.673
BPP_200_200_0.1_0.8_9.C	95	2.400	57.960	0.682
BPP_200_200_0.1_0.8_9.C	95	2.200	57.880	0.656
BPP_200_200_0.1_0.8_9.C	95	2.400	57.960	0.675
BPP_200_200_0.1_0.8_9.C	95	2.400	57.960	0.653
BPP_200_200_0.1_0.8_9.C	95	3.000	58.200	0.665
BPP_200_200_0.1_0.8_9.C	95	2.400	57.960	0.961
BPP_200_200_0.1_0.8_9.C	95	2.200	57.880	0.677
BPP_200_300_0.1_0.8_0.C	91	0.000	54.600	1.083
BPP_200_300_0.1_0.8_0.C	91	0.000	54.600	1.073
BPP_200_300_0.1_0.8_0.C	90	0.000	54.000	1.064
BPP_200_300_0.1_0.8_0.C	90	0.000	54.000	1.062
BPP_200_300_0.1_0.8_0.C	91	0.000	54.600	1.103
BPP_200_300_0.1_0.8_0.C	91	0.000	54.600	1.052
BPP_200_300_0.1_0.8_0.C	91	0.000	54.600	1.054
BPP_200_300_0.1_0.8_0.C	91	0.000	54.600	1.056
BPP_200_300_0.1_0.8_0.C	91	0.000	54.600	1.050
BPP_200_300_0.1_0.8_0.C	91	0.000	54.600	1.049
BPP_200_300_0.1_0.8_1.C	97	3.400	59.560	1.138
BPP_200_300_0.1_0.8_1.C	97	3.400	59.560	1.111
BPP_200_300_0.1_0.8_1.C	97	3.600	59.640	1.127
BPP_200_300_0.1_0.8_1.C	97	2.600	59.240	1.107
BPP_200_300_0.1_0.8_1.C	97	3.400	59.560	1.153
BPP_200_300_0.1_0.8_1.C	97	3.200	59.480	1.104
BPP_200_300_0.1_0.8_1.C	97	3.400	59.560	1.114
BPP_200_300_0.1_0.8_1.C	97	3.000	59.400	1.102
BPP_200_300_0.1_0.8_1.C	97	3.800	59.720	1.094
BPP_200_300_0.1_0.8_1.C	97	3.800	59.720	1.107
BPP_200_300_0.1_0.8_2.C	96	0.200	57.680	1.110
BPP_200_300_0.1_0.8_2.C	96	0.200	57.680	1.092
BPP_200_300_0.1_0.8_2.C	96	0.800	57.920	1.081
BPP_200_300_0.1_0.8_2.C	96	0.200	57.680	1.161
BPP_200_300_0.1_0.8_2.C	96	0.800	57.920	1.114
BPP_200_300_0.1_0.8_2.C	96	0.800	57.920	1.094
BPP_200_300_0.1_0.8_2.C	96	0.800	57.920	1.119
BPP_200_300_0.1_0.8_2.C	95	1.800	57.720	1.087
BPP_200_300_0.1_0.8_2.C	96	0.200	57.680	1.095
BPP_200_300_0.1_0.8_2.C	96	0.200	57.680	1.077
BPP_200_300_0.1_0.8_3.C	99	9.800	63.320	1.134
BPP_200_300_0.1_0.8_3.C	99	9.800	63.320	1.096
BPP_200_300_0.1_0.8_3.C	99	10.000	63.400	1.107
BPP_200_300_0.1_0.8_3.C	99	9.800	63.320	1.104
BPP_200_300_0.1_0.8_3.C	99	9.600	63.240	1.107
BPP_200_300_0.1_0.8_3.C	99	9.800	63.320	1.104
BPP_200_300_0.1_0.8_3.C	99	9.600	63.240	1.171
BPP_200_300_0.1_0.8_3.C	99	9.800	63.320	1.091
BPP_200_300_0.1_0.8_3.C	99	9.800	63.320	1.115
BPP_200_300_0.1_0.8_3.C	99	9.800	63.320	1.099
BPP_200_300_0.1_0.8_4.C	94	7.800	59.520	1.083
BPP_200_300_0.1_0.8_4.C	94	8.400	59.760	1.148
BPP_200_300_0.1_0.8_4.C	95	7.200	59.880	1.175
BPP_200_300_0.1_0.8_4.C	94	7.600	59.440	1.112
BPP_200_300_0.1_0.8_4.C	95	7.200	59.880	1.094
BPP_200_300_0.1_0.8_4.C	94	7.200	59.280	1.084
BPP_200_300_0.1_0.8_4.C	94	7.400	59.360	1.166
BPP_200_300_0.1_0.8_4.C	94	7.400	59.360	1.104
BPP_200_300_0.1_0.8_4.C	95	7.200	59.880	1.141
BPP_200_300_0.1_0.8_4.C	94	7.400	59.360	1.080
BPP_200_300_0.1_0.8_5.C	89	1.000	53.800	1.045
BPP_200_300_0.1_0.8_5.C	89	1.200	53.880	1.065
BPP_200_300_0.1_0.8_5.C	89	1.600	54.040	1.074
BPP_200_300_0.1_0.8_5.C	89	1.000	53.800	1.051
BPP_200_300_0.1_0.8_5.C	89	1.000	53.800	1.060
BPP_200_300_0.1_0.8_5.C	89	1.000	53.800	1.038
BPP_200_300_0.1_0.8_5.C	89	1.200	53.880	1.092
BPP_200_300_0.1_0.8_5.C	89	1.200	53.880	1.022
BPP_200_300_0.1_0.8_5.C	89	1.200	53.880	1.006
BPP_200_300_0.1_0.8_5.C	89	1.200	53.880	1.035
BPP_200_300_0.1_0.8_6.C	98	4.000	60.400	1.115
BPP_200_300_0.1_0.8_6.C	98	4.000	60.400	1.076
BPP_200_300_0.1_0.8_6.C	99	2.800	60.520	1.090
BPP_200_300_0.1_0.8_6.C	98	3.400	60.160	1.079
BPP_200_300_0.1_0.8_6.C	98	3.400	60.160	1.103
BPP_200_300_0.1_0.8_6.C	98	3.400	60.160	1.100
BPP_200_300_0.1_0.8_6.C	98	3.200	60.080	1.074
BPP_200_300_0.1_0.8_6.C	99	2.600	60.440	1.096
BPP_200_300_0.1_0.8_6.C	98	3.600	60.240	1.079
BPP_200_300_0.1_0.8_6.C	98	3.400	60.160	1.116
BPP_200_300_0.1_0.8_7.C	91	0.800	54.920	1.042
BPP_200_300_0.1_0.8_7.C	91	0.400	54.760	1.057
BPP_200_300_0.1_0.8_7.C	91	0.600	54.840	1.046
BPP_200_300_0.1_0.8_7.C	91	0.600	54.840	1.027
BPP_200_300_0.1_0.8_7.C	91	0.600	54.840	1.019
BPP_200_300_0.1_0.8_7.C	91	0.400	54.760	1.022
BPP_200_300_0.1_0.8_7.C	91	0.400	54.760	1.035
BPP_200_300_0.1_0.8_7.C	91	0.400	54.760	1.023
BPP_200_300_0.1_0.8_7.C	91	0.000	54.600	1.036
BPP_200_300_0.1_0.8_7.C	91	0.200	54.680	1.021
BPP_200_300_0.1_0.8_8.C	92	4.800	57.120	1.131
BPP_200_300_0.1_0.8_8.C	92	5.000	57.200	1.114
BPP_200_300_0.1_0.8_8.C	92	5.000	57.200	1.067
BPP_200_300_0.1_0.8_8.C	92	4.800	57.120	1.069
BPP_200_300_0.1_0.8_8.C	92	4.600	57.040	1.095
BPP_200_300_0.1_0.8_8.C	92	4.800	57.120	1.109
BPP_200_300_0.1_0.8_8.C	92	4.600	57.040	1.136
BPP_200_300_0.1_0.8_8.C	92	4.600	57.040	1.073
BPP_200_300_0.1_0.8_8.C	92	4.800	57.120	1.097
BPP_200_300_0.1_0.8_8.C	92	4.800	57.120	1.178
BPP_200_300_0.1_0.8_9.C	99	6.000	61.800	1.098
BPP_200_300_0.1_0.8_9.C	99	5.800	61.720	1.079
BPP_200_300_0.1_0.8_9.C	99	5.600	61.640	1.101
BPP_200_300_0.1_0.8_9.C	99	5.600	61.640	1.086
BPP_200_300_0.1_0.8_9.C	99	5.800	61.720	1.106
BPP_200_300_0.1_0.8_9.C	99	5.600	61.640	1.076
BPP_200_300_0.1_0.8_9.C	99	5.800	61.720	1.084
BPP_200_300_0.1_0.8_9.C	99	5.800	61.720	1.110
BPP_200_300_0.1_0.8_9.C	99	6.200	61.880	1.102
BPP_200_300_0.1_0.8_9.C	99	5.800	61.720	1.094
BPP_200_400_0.1_0.8_0.C	101	6.200	63.080	1.637
BPP_200_400_0.1_0.8_0.C	100	8.200	63.280	1.622
BPP_200_400_0.1_0.8_0.C	100	8.800	63.520	1.682
BPP_200_400_0.1_0.8_0.C	101	6.600	63.240	1.614
BPP_200_400_0.1_0.8_0.C	101	6.600	63.240	1.693
BPP_200_400_0.1_0.8_0.C	101	7.400	63.560	1.681
BPP_200_400_0.1_0.8_0.C	101	6.600	63.240	1.649
BPP_200_400_0.1_0.8_0.C	100	7.800	63.120	1.625
BPP_200_400_0.1_0.8_0.C	101	7.800	63.720	1.626
BPP_200_400_0.1_0.8_0.C	101	5.600	62.840	1.670
BPP_200_400_0.1_0.8_1.C	95	0.400	57.160	1.538
BPP_200_400_0.1_0.8_1.C	95	0.400	57.160	1.676
BPP_200_400_0.1_0.8_1.C	95	0.400	57.160	1.651
BPP_200_400_0.1_0.8_1.C	95	0.400	57.160	1.650
BPP_200_400_0.1_0.8_1.C	95	0.400	57.160	1.645
BPP_200_400_0.1_0.8_1.C	95	0.400	57.160	1.595
BPP_200_400_0.1_0.8_1.C	95	0.400	57.160	1.747
BPP_200_400_0.1_0.8_1.C	95	0.400	57.160	1.622
BPP_200_400_0.1_0.8_1.C	95	0.400	57.160	1.800
BPP_200_400_0.1_0.8_1.C	95	0.400	57.160	1.854
BPP_200_400_0.1_0.8_2.C	99	1.800	60.120	1.708
BPP_200_400_0.1_0.8_2.C	99	2.600	60.440	1.744
BPP_200_400_0.1_0.8_2.C	99	2.400	60.360	1.721
BPP_200_400_0.1_0.8_2.C	99	2.800	60.520	1.729
BPP_200_400_0.1_0.8_2.C	99	1.800	60.120	1.846
BPP_200_400_0.1_0.8_2.C	99	1.800	60.120	1.754
BPP_200_400_0.1_0.8_2.C	99	2.800	60.520	1.737
BPP_200_400_0.1_0.8_2.C	100	1.800	60.720	1.716
BPP_200_400_0.1_0.8_2.C	99	2.800	60.520	1.720
BPP_200_400_0.1_0.8_2.C	99	1.800	60.120	1.773
BPP_200_400_0.1_0.8_3.C	96	4.800	59.520	1.525
BPP_200_400_0.1_0.8_3.C	96	4.000	59.200	1.625
BPP_200_400_0.1_0.8_3.C	96	4.200	59.280	1.594
BPP_200_400_0.1_0.8_3.C	96	4.000	59.200	1.574
BPP_200_400_0.1_0.8_3.C	97	3.200	59.480	1.620
BPP_200_400_0.1_0.8_3.C	96	3.800	59.120	1.582
BPP_200_400_0.1_0.8_3.C	96	5.200	59.680	1.621
BPP_200_400_0.1_0.8_3.C	97	3.200	59.480	1.590
BPP_200_400_0.1_0.8_3.C	97	3.200	59.480	1.608
BPP_200_400_0.1_0.8_3.C	96	4.600	59.440	1.578
BPP_200_400_0.1_0.8_4.C	93	7.800	58.920	1.481
BPP_200_400_0.1_0.8_4.C	93	9.000	59.400	1.481
BPP_200_400_0.1_0.8_4.C	93	7.800	58.920	1.479
BPP_200_400_0.1_0.8_4.C	93	7.800	58.920	1.485
BPP_200_400_0.1_0.8_4.C	93	7.800	58.920	1.474
BPP_200_400_0.1_0.8_4.C	93	8.000	59.000	1.511
BPP_200_400_0.1_0.8_4.C	93	8.000	59.000	1.502
BPP_200_400_0.1_0.8_4.C	93	7.800	58.920	1.498
BPP_200_400_0.1_0.8_4.C	93	7.800	58.920	1.484
BPP_200_400_0.1_0.8_4.C	93	8.000	59.000	1.483
BPP_200_400_0.1_0.8_5.C	88	2.800	53.920	1.367
BPP_200_400_0.1_0.8_5.C	87	3.600	53.640	1.392
BPP_200_400_0.1_0.8_5.C	88	2.800	53.920	1.410
BPP_200_400_0.1_0.8_5.C	88	2.600	53.840	1.401
BPP_200_400_0.1_0.8_5.C	88	2.800	53.920	1.391
BPP_200_400_0.1_0.8_5.C	88	2.800	53.920	1.432
BPP_200_400_0.1_0.8_5.C	88	2.800	53.920	1.401
BPP_200_400_0.1_0.8_5.C	88	2.800	53.920	1.402
BPP_200_400_0.1_0.8_5.C	88	2.800	53.920	1.397
BPP_200_400_0.1_0.8_5.C	88	2.600	53.840	1.409
BPP_200_400_0.1_0.8_6.C	91	1.800	55.320	1.452
BPP_200_400_0.1_0.8_6.C	91	1.600	55.240	1.460
BPP_200_400_0.1_0.8_6.C	91	1.600	55.240	1.440
BPP_200_400_0.1_0.8_6.C	91	1.600	55.240	1.437
BPP_200_400_0.1_0.8_6.C	91	1.600	55.240	1.484
BPP_200_400_0.1_0.8_6.C	91	1.800	55.320	1.490
BPP_200_400_0.1_0.8_6.C	91	1.600	55.240	1.480
BPP_200_400_0.1_0.8_6.C	91	1.800	55.320	1.453
BPP_200_400_0.1_0.8_6.C	91	1.800	55.320	1.461
BPP_200_400_0.1_0.8_6.C	91	1.800	55.320	1.518
BPP_200_400_0.1_0.8_7.C	95	2.000	57.800	1.531
BPP_200_400_0.1_0.8_7.C	96	0.600	57.840	1.533
BPP_200_400_0.1_0.8_7.C	95	0.600	57.240	1.533
BPP_200_400_0.1_0.8_7.C	95	0.600	57.240	1.601
BPP_200_400_0.1_0.8_7.C	96	0.600	57.840	1.570
BPP_200_400_0.1_0.8_7.C	96	0.600	57.840	1.524
BPP_200_400_0.1_0.8_7.C	96	0.600	57.840	1.530
BPP_200_400_0.1_0.8_7.C	95	1.600	57.640	1.512
BPP_200_400_0.1_0.8_7.C	95	1.200	57.480	1.552
BPP_200_400_0.1_0.8_7.C	95	1.600	57.640	1.531
BPP_200_400_0.1_0.8_8.C	94	1.600	57.040	1.522
BPP_200_400_0.1_0.8_8.C	95	0.800	57.320	1.512
BPP_200_400_0.1_0.8_8.C	95	0.800	57.320	1.523
BPP_200_400_0.1_0.8_8.C	95	0.800	57.320	1.558
BPP_200_400_0.1_0.8_8.C	94	1.200	56.880	1.535
BPP_200_400_0.1_0.8_8.C	94	1.800	57.120	1.541
BPP_200_400_0.1_0.8_8.C	94	1.800	57.120	1.504
BPP_200_400_0.1_0.8_8.C	94	1.000	56.800	1.529
BPP_200_400_0.1_0.8_8.C	95	0.800	57.320	1.536
BPP_200_400_0.1_0.8_8.C	94	1.200	56.880	1.568
BPP_200_400_0.1_0.8_9.C	97	2.000	59.000	1.512
BPP_200_400_0.1_0.8_9.C	97	2.200	59.080	1.503
BPP_200_400_0.1_0.8_9.C	96	3.400	58.960	1.589
BPP_200_400_0.1_0.8_9.C	97	2.000	59.000	1.563
BPP_200_400_0.1_0.8_9.C	97	2.200	59.080	1.566
BPP_200_400_0.1_0.8_9.C	97	2.000	59.000	1.604
BPP_200_400_0.1_0.8_9.C	97	2.000	59.000	1.534
BPP_200_400_0.1_0.8_9.C	97	2.000	59.000	1.536
BPP_200_400_0.1_0.8_9.C	97	2.000	59.000	1.540
BPP_200_400_0.1_0.8_9.C	97	2.000	59.000	1.549
BPP_200_500_0.1_0.8_0.C	101	4.000	62.200	1.757
BPP_200_500_0.1_0.8_0.C	101	3.600	62.040	1.763
BPP_200_500_0.1_0.8_0.C	101	3.400	61.960	1.755
BPP_200_500_0.1_0.8_0.C	100	4.800	61.920	1.766
BPP_200_500_0.1_0.8_0.C	100	5.600	62.240	1.799
BPP_200_500_0.1_0.8_0.C	101	3.800	62.120	1.775
BPP_200_500_0.1_0.8_0.C	101	4.000	62.200	1.784
BPP_200_500_0.1_0.8_0.C	101	3.400	61.960	1.770
BPP_200_500_0.1_0.8_0.C	100	5.200	62.080	1.755
BPP_200_500_0.1_0.8_0.C	101	4.000	62.200	1.771
BPP_200_500_0.1_0.8_1.C	93	6.000	58.200	1.694
BPP_200_500_0.1_0.8_1.C	93	6.200	58.280	1.715
BPP_200_500_0.1_0.8_1.C	93	6.200	58.280	1.694
BPP_200_500_0.1_0.8_1.C	93	5.600	58.040	1.740
BPP_200_500_0.1_0.8_1.C	93	5.800	58.120	1.808
BPP_200_500_0.1_0.8_1.C	93	5.600	58.040	1.696
BPP_200_500_0.1_0.8_1.C	93	5.600	58.040	1.774
BPP_200_500_0.1_0.8_1.C	93	6.000	58.200	1.705
BPP_200_500_0.1_0.8_1.C	93	5.800	58.120	1.747
BPP_200_500_0.1_0.8_1.C	93	5.800	58.120	1.675
BPP_200_500_0.1_0.8_2.C	87	7.200	55.080	1.584
BPP_200_500_0.1_0.8_2.C	87	7.200	55.080	1.578
BPP_200_500_0.1_0.8_2.C	87	7.000	55.000	1.587
BPP_200_500_0.1_0.8_2.C	87	7.200	55.080	1.574
BPP_200_500_0.1_0.8_2.C	87	7.200	55.080	1.644
BPP_200_500_0.1_0.8_2.C	87	7.200	55.080	1.584
BPP_200_500_0.1_0.8_2.C	87	7.200	55.080	1.581
BPP_200_500_0.1_0.8_2.C	87	7.200	55.080	1.597
BPP_200_500_0.1_0.8_2.C	87	7.200	55.080	1.591
BPP_200_500_0.1_0.8_2.C	87	7.200	55.080	1.585
BPP_200_500_0.1_0.8_3.C	93	11.400	60.360	1.912
BPP_200_500_0.1_0.8_3.C	93	11.400	60.360	1.702
BPP_200_500_0.1_0.8_3.C	93	11.400	60.360	1.753
BPP_200_500_0.1_0.8_3.C	93	11.400	60.360	1.715
BPP_200_500_0.1_0.8_3.C	93	11.400	60.360	1.684
BPP_200_500_0.1_0.8_3.C	93	11.400	60.360	1.688
BPP_200_500_0.1_0.8_3.C	93	11.600	60.440	1.760
BPP_200_500_0.1_0.8_3.C	93	11.400	60.360	1.822
BPP_200_500_0.1_0.8_3.C	93	11.400	60.360	1.922
BPP_200_500_0.1_0.8_3.C	93	11.400	60.360	1.757
BPP_200_500_0.1_0.8_4.C	92	3.600	56.640	1.669
BPP_200_500_0.1_0.8_4.C	92	3.400	56.560	2.009
BPP_200_500_0.1_0.8_4.C	92	3.400	56.560	2.067
BPP_200_500_0.1_0.8_4.C	92	3.000	56.400	1.804
BPP_200_500_0.1_0.8_4.C	92	3.400	56.560	1.724
BPP_200_500_0.1_0.8_4.C	92	3.200	56.480	1.677
BPP_200_500_0.1_0.8_4.C	92	3.400	56.560	1.684
BPP_200_500_0.1_0.8_4.C	92	3.200	56.480	1.679
BPP_200_500_0.1_0.8_4.C	92	3.400	56.560	1.869
BPP_200_500_0.1_0.8_4.C	92	3.600	56.640	1.687
BPP_200_500_0.1_0.8_5.C	97	2.200	59.080	2.113
BPP_200_500_0.1_0.8_5.C	97	2.200	59.080	1.797
BPP_200_500_0.1_0.8_5.C	97	2.200	59.080	1.917
BPP_200_500_0.1_0.8_5.C	97	2.000	59.000	2.425
BPP_200_500_0.1_0.8_5.C	97	2.000	59.000	2.330
BPP_200_500_0.1_0.8_5.C	97	2.200	59.080	2.114
BPP_200_500_0.1_0.8_5.C	97	1.800	58.920	2.521
BPP_200_500_0.1_0.8_5.C	97	2.000	59.000	2.253
BPP_200_500_0.1_0.8_5.C	97	2.200	59.080	2.546
BPP_200_500_0.1_0.8_5.C	97	2.200	59.080	2.474
BPP_200_500_0.1_0.8_6.C	97	2.000	59.000	1.768
BPP_200_500_0.1_0.8_6.C	96	3.000	58.800	1.781
BPP_200_500_0.1_0.8_6.C	96	2.600	58.640	1.787
BPP_200_500_0.1_0.8_6.C	96	3.200	58.880	1.836
BPP_200_500_0.1_0.8_6.C	96	3.000	58.800	1.972
BPP_200_500_0.1_0.8_6.C	96	3.000	58.800	1.777
BPP_200_500_0.1_0.8_6.C	96	2.800	58.720	1.775
BPP_200_500_0.1_0.8_6.C	96	3.000	58.800	1.884
BPP_200_500_0.1_0.8_6.C	97	1.800	58.920	1.750
BPP_200_500_0.1_0.8_6.C	96	2.600	58.640	2.007
BPP_200_500_0.1_0.8_7.C	90	9.200	57.680	1.665
BPP_200_500_0.1_0.8_7.C	90	9.000	57.600	1.813
BPP_200_500_0.1_0.8_7.C	90	9.200	57.680	1.845
BPP_200_500_0.1_0.8_7.C	90	9.200	57.680	1.679
BPP_200_500_0.1_0.8_7.C	90	9.200	57.680	1.923
BPP_200_500_0.1_0.8_7.C	90	8.600	57.440	2.107
BPP_200_500_0.1_0.8_7.C	90	9.200	57.680	1.728
BPP_200_500_0.1_0.8_7.C	90	9.200	57.680	1.685
BPP_200_500_0.1_0.8_7.C	91	8.800	58.120	1.763
BPP_200_500_0.1_0.8_7.C	90	9.200	57.680	1.729
BPP_200_500_0.1_0.8_8.C	107	7.600	67.240	1.923
BPP_200_500_0.1_0.8_8.C	107	7.400	67.160	2.081
BPP_200_500_0.1_0.8_8.C	107	7.600	67.240	1.910
BPP_200_500_0.1_0.8_8.C	107	7.400	67.160	1.910
BPP_200_500_0.1_0.8_8.C	107	7.800	67.320	1.919
BPP_200_500_0.1_0.8_8.C	107	7.800	67.320	1.907
BPP_200_500_0.1_0.8_8.C	107	7.200	67.080	1.906
BPP_200_500_0.1_0.8_8.C	107	7.800	67.320	1.993
BPP_200_500_0.1_0.8_8.C	107	7.400	67.160	2.168
BPP_200_500_0.1_0.8_8.C	107	8.400	67.560	1.947
BPP_200_500_0.1_0.8_9.C	94	6.000	58.800	1.716
BPP_200_500_0.1_0.8_9.C	94	5.600	58.640	2.116
BPP_200_500_0.1_0.8_9.C	94	5.800	58.720	1.825
BPP_200_500_0.1_0.8_9.C	94	5.600	58.640	1.751
BPP_200_500_0.1_0.8_9.C	94	5.800	58.720	2.022
BPP_200_500_0.1_0.8_9.C	94	5.600	58.640	2.241
BPP_200_500_0.1_0.8_9.C	95	5.200	59.080	1.745
BPP_200_500_0.1_0.8_9.C	94	6.000	58.800	1.779
BPP_200_500_0.1_0.8_9.C	95	5.000	59.000	1.737
BPP_200_500_0.1_0.8_9.C	94	5.800	58.720	1.933
BPP_200_50_0.1_0.8_0.C	84	2.000	51.200	0.202
BPP_200_50_0.1_0.8_0.C	84	2.000	51.200	0.205
BPP_200_50_0.1_0.8_0.C	84	2.200	51.280	0.202
BPP_200_50_0.1_0.8_0.C	84	2.200	51.280	0.201
BPP_200_50_0.1_0.8_0.C	84	2.000	51.200	0.200
BPP_200_50_0.1_0.8_0.C	84	2.000	51.200	0.208
BPP_200_50_0.1_0.8_0.C	84	2.000	51.200	0.202
BPP_200_50_0.1_0.8_0.C	84	2.000	51.200	0.206
BPP_200_50_0.1_0.8_0.C	84	2.000	51.200	0.199
BPP_200_50_0.1_0.8_0.C	84	2.000	51.200	0.201
BPP_200_50_0.1_0.8_1.C	93	3.400	57.160	0.223
BPP_200_50_0.1_0.8_1.C	93	2.800	56.920	0.225
BPP_200_50_0.1_0.8_1.C	93	2.800	56.920	0.222
BPP_200_50_0.1_0.8_1.C	93	2.800	56.920	0.228
BPP_200_50_0.1_0.8_1.C	93	2.800	56.920	0.223
BPP_200_50_0.1_0.8_1.C	93	2.800	56.920	0.227
BPP_200_50_0.1_0.8_1.C	93	2.800	56.920	0.224
BPP_200_50_0.1_0.8_1.C	93	2.800	56.920	0.223
BPP_200_50_0.1_0.8_1.C	93	3.000	57.000	0.222
BPP_200_50_0.1_0.8_1.C	93	2.800	56.920	0.223
BPP_200_50_0.1_0.8_2.C	87	6.200	54.680	0.218
BPP_200_50_0.1_0.8_2.C	87	6.200	54.680	0.226
BPP_200_50_0.1_0.8_2.C	87	6.200	54.680	0.215
BPP_200_50_0.1_0.8_2.C	86	7.000	54.400	0.222
BPP_200_50_0.1_0.8_2.C	87	6.200	54.680	0.210
BPP_200_50_0.1_0.8_2.C	87	6.000	54.600	0.218
BPP_200_50_0.1_0.8_2.C	87	6.000	54.600	0.211
BPP_200_50_0.1_0.8_2.C	87	6.200	54.680	0.208
BPP_200_50_0.1_0.8_2.C	87	6.000	54.600	0.215
BPP_200_50_0.1_0.8_2.C	87	6.200	54.680	0.214
BPP_200_50_0.1_0.8_3.C	93	2.800	56.920	0.235
BPP_200_50_0.1_0.8_3.C	93	2.800	56.920	0.224
BPP_200_50_0.1_0.8_3.C	93	2.800	56.920	0.223
BPP_200_50_0.1_0.8_3.C	93	2.800	56.920	0.225
BPP_200_50_0.1_0.8_3.C	93	3.000	57.000	0.223
BPP_200_50_0.1_0.8_3.C	93	2.800	56.920	0.224
BPP_200_50_0.1_0.8_3.C	93	2.800	56.920	0.226
BPP_200_50_0.1_0.8_3.C	93	3.600	57.240	0.226
BPP_200_50_0.1_0.8_3.C	93	2.800	56.920	0.228
BPP_200_50_0.1_0.8_3.C	93	2.800	56.920	0.225
BPP_200_50_0.1_0.8_4.C	94	0.200	56.480	0.223
BPP_200_50_0.1_0.8_4.C	93	0.200	55.880	0.223
BPP_200_50_0.1_0.8_4.C	94	0.200	56.480	0.222
BPP_200_50_0.1_0.8_4.C	94	0.200	56.480	0.224
BPP_200_50_0.1_0.8_4.C	93	0.200	55.880	0.226
BPP_200_50_0.1_0.8_4.C	94	0.200	56.480	0.224
BPP_200_50_0.1_0.8_4.C	93	1.000	56.200	0.223
BPP_200_50_0.1_0.8_4.C	93	0.800	56.120	0.221
BPP_200_50_0.1_0.8_4.C	94	0.200	56.480	0.223
BPP_200_50_0.1_0.8_4.C	93	0.200	55.880	0.227
BPP_200_50_0.1_0.8_5.C	95	0.200	57.080	0.226
BPP_200_50_0.1_0.8_5.C	96	0.200	57.680	0.223
BPP_200_50_0.1_0.8_5.C	96	0.200	57.680	0.223
BPP_200_50_0.1_0.8_5.C	96	0.200	57.680	0.225
BPP_200_50_0.1_0.8_5.C	96	0.200	57.680	0.226
BPP_200_50_0.1_0.8_5.C	96	0.200	57.680	0.225
BPP_200_50_0.1_0.8_5.C	96	0.200	57.680	0.221
BPP_200_50_0.1_0.8_5.C	95	0.200	57.080	0.221
BPP_200_50_0.1_0.8_5.C	95	0.200	57.080	0.227
BPP_200_50_0.1_0.8_5.C	95	0.400	57.160	0.228
BPP_200_50_0.1_0.8_6.C	98	0.200	58.880	0.229
BPP_200_50_0.1_0.8_6.C	98	0.200	58.880	0.228
BPP_200_50_0.1_0.8_6.C	98	0.200	58.880	0.231
BPP_200_50_0.1_0.8_6.C	98	0.200	58.880	0.232
BPP_200_50_0.1_0.8_6.C	98	0.200	58.880	0.227
BPP_200_50_0.1_0.8_6.C	98	0.200	58.880	0.229
BPP_200_50_0.1_0.8_6.C	98	0.200	58.880	0.228
BPP_200_50_0.1_0.8_6.C	98	0.200	58.880	0.279
BPP_200_50_0.1_0.8_6.C	98	0.200	58.880	0.229
BPP_200_50_0.1_0.8_6.C	98	0.200	58.880	0.233
BPP_200_50_0.1_0.8_7.C	89	3.200	54.680	0.220
BPP_200_50_0.1_0.8_7.C	89	3.200	54.680	0.215
BPP_200_50_0.1_0.8_7.C	89	3.000	54.600	0.214
BPP_200_50_0.1_0.8_7.C	89	3.200	54.680	0.223
BPP_200_50_0.1_0.8_7.C	90	2.600	55.040	0.221
BPP_200_50_0.1_0.8_7.C	89	3.200	54.680	0.220
BPP_200_50_0.1_0.8_7.C	89	3.800	54.920	0.221
BPP_200_50_0.1_0.8_7.C	89	3.000	54.600	0.230
BPP_200_50_0.1_0.8_7.C	90	2.600	55.040	0.221
BPP_200_50_0.1_0.8_7.C	89	3.600	54.840	0.220
BPP_200_50_0.1_0.8_8.C	86	3.400	52.960	0.222
BPP_200_50_0.1_0.8_8.C	87	2.200	53.080	0.219
BPP_200_50_0.1_0.8_8.C	86	3.200	52.880	0.209
BPP_200_50_0.1_0.8_8.C	87	2.400	53.160	0.217
BPP_200_50_0.1_0.8_8.C	86	3.200	52.880	0.215
BPP_200_50_0.1_0.8_8.C	87	2.200	53.080	0.213
BPP_200_50_0.1_0.8_8.C	87	2.200	53.080	0.221
BPP_200_50_0.1_0.8_8.C	87	2.400	53.160	0.211
BPP_200_50_0.1_0.8_8.C	86	3.200	52.880	0.212
BPP_200_50_0.1_0.8_8.C	87	2.200	53.080	0.218
BPP_200_50_0.1_0.8_9.C	91	4.200	56.280	0.219
BPP_200_50_0.1_0.8_9.C	90	5.200	56.080	0.219
BPP_200_50_0.1_0.8_9.C	91	4.200	56.280	0.217
BPP_200_50_0.1_0.8_9.C	90	5.200	56.080	0.221
BPP_200_50_0.1_0.8_9.C	90	5.200	56.080	0.219
BPP_200_50_0.1_0.8_9.C	91	4.200	56.280	0.219
BPP_200_50_0.1_0.8_9.C	91	4.200	56.280	0.219
BPP_200_50_0.1_0.8_9.C	90	5.200	56.080	0.222
BPP_200_50_0.1_0.8_9.C	90	5.200	56.080	0.224
BPP_200_50_0.1_0.8_9.C	90	5.200	56.080	0.220
BPP_200_750_0.1_0.8_0.C	93	10.800	60.120	2.651
BPP_200_750_0.1_0.8_0.C	93	10.800	60.120	2.624
BPP_200_750_0.1_0.8_0.C	93	10.600	60.040	3.206
BPP_200_750_0.1_0.8_0.C	93	10.600	60.040	2.531
BPP_200_750_0.1_0.8_0.C	93	10.600	60.040	3.241
BPP_200_750_0.1_0.8_0.C	92	11.600	59.840	2.640
BPP_200_750_0.1_0.8_0.C	93	10.800	60.120	2.809
BPP_200_750_0.1_0.8_0.C	93	10.800	60.120	2.825
BPP_200_750_0.1_0.8_0.C	93	10.800	60.120	2.611
BPP_200_750_0.1_0.8_0.C	92	12.000	60.000	2.657
BPP_200_750_0.1_0.8_1.C	92	7.000	58.000	2.769
BPP_200_750_0.1_0.8_1.C	92	6.600	57.840	2.926
BPP_200_750_0.1_0.8_1.C	92	7.000	58.000	2.601
BPP_200_750_0.1_0.8_1.C	92	6.800	57.920	2.809
BPP_200_750_0.1_0.8_1.C	92	6.800	57.920	2.534
BPP_200_750_0.1_0.8_1.C	92	6.600	57.840	2.479
BPP_200_750_0.1_0.8_1.C	92	7.200	58.080	2.481
BPP_200_750_0.1_0.8_1.C	92	6.800	57.920	2.476
BPP_200_750_0.1_0.8_1.C	92	6.800	57.920	2.515
BPP_200_750_0.1_0.8_1.C	92	6.800	57.920	2.533
BPP_200_750_0.1_0.8_2.C	94	6.200	58.880	2.870
BPP_200_750_0.1_0.8_2.C	94	6.000	58.800	2.518
BPP_200_750_0.1_0.8_2.C	94	6.200	58.880	2.722
BPP_200_750_0.1_0.8_2.C	94	6.000	58.800	2.532
BPP_200_750_0.1_0.8_2.C	94	6.000	58.800	2.742
BPP_200_750_0.1_0.8_2.C	94	6.000	58.800	3.012
BPP_200_750_0.1_0.8_2.C	94	6.000	58.800	2.847
BPP_200_750_0.1_0.8_2.C	94	6.000	58.800	2.553
BPP_200_750_0.1_0.8_2.C	94	6.000	58.800	2.630
BPP_200_750_0.1_0.8_2.C	94	6.000	58.800	2.552
BPP_200_750_0.1_0.8_3.C	93	8.800	59.320	2.488
BPP_200_750_0.1_0.8_3.C	93	9.000	59.400	2.503
BPP_200_750_0.1_0.8_3.C	92	9.600	59.040	2.537
BPP_200_750_0.1_0.8_3.C	93	8.800	59.320	2.662
BPP_200_750_0.1_0.8_3.C	92	10.400	59.360	2.533
BPP_200_750_0.1_0.8_3.C	92	9.400	58.960	2.981
BPP_200_750_0.1_0.8_3.C	92	10.600	59.440	2.856
BPP_200_750_0.1_0.8_3.C	93	9.000	59.400	2.609
BPP_200_750_0.1_0.8_3.C	92	10.400	59.360	3.088
BPP_200_750_0.1_0.8_3.C	92	10.400	59.360	2.792
BPP_200_750_0.1_0.8_4.C	94	1.600	57.040	2.578
BPP_200_750_0.1_0.8_4.C	94	1.600	57.040	2.541
BPP_200_750_0.1_0.8_4.C	94	1.600	57.040	2.557
BPP_200_750_0.1_0.8_4.C	94	1.600	57.040	2.561
BPP_200_750_0.1_0.8_4.C	94	1.600	57.040	2.515
BPP_200_750_0.1_0.8_4.C	93	1.800	56.520	2.651
BPP_200_750_0.1_0.8_4.C	94	1.600	57.040	2.524
BPP_200_750_0.1_0.8_4.C	94	1.600	57.040	2.663
BPP_200_750_0.1_0.8_4.C	94	1.600	57.040	2.801
BPP_200_750_0.1_0.8_4.C	93	3.000	57.000	2.825
BPP_200_750_0.1_0.8_5.C	90	4.400	55.760	2.375
BPP_200_750_0.1_0.8_5.C	90	4.400	55.760	2.394
BPP_200_750_0.1_0.8_5.C	90	4.400	55.760	2.480
BPP_200_750_0.1_0.8_5.C	90	4.800	55.920	2.386
BPP_200_750_0.1_0.8_5.C	90	4.000	55.600	2.466
BPP_200_750_0.1_0.8_5.C	90	4.400	55.760	2.412
BPP_200_750_0.1_0.8_5.C	90	4.000	55.600	2.587
BPP_200_750_0.1_0.8_5.C	90	4.600	55.840	3.061
BPP_200_750_0.1_0.8_5.C	90	4.600	55.840	2.492
BPP_200_750_0.1_0.8_5.C	90	4.200	55.680	3.118
BPP_200_750_0.1_0.8_6.C	93	3.200	57.080	2.494
BPP_200_750_0.1_0.8_6.C	93	3.600	57.240	2.505
BPP_200_750_0.1_0.8_6.C	93	3.200	57.080	2.470
BPP_200_750_0.1_0.8_6.C	93	4.000	57.400	2.538
BPP_200_750_0.1_0.8_6.C	93	3.600	57.240	2.520
BPP_200_750_0.1_0.8_6.C	94	2.800	57.520	2.492
BPP_200_750_0.1_0.8_6.C	94	2.800	57.520	2.516
BPP_200_750_0.1_0.8_6.C	94	2.600	57.440	2.513
BPP_200_750_0.1_0.8_6.C	94	2.800	57.520	2.558
BPP_200_750_0.1_0.8_6.C	93	4.200	57.480	2.497
BPP_200_750_0.1_0.8_7.C	95	2.800	58.120	2.681
BPP_200_750_0.1_0.8_7.C	95	3.600	58.440	2.630
BPP_200_750_0.1_0.8_7.C	95	3.200	58.280	2.593
BPP_200_750_0.1_0.8_7.C	96	2.800	58.720	2.515
BPP_200_750_0.1_0.8_7.C	95	3.400	58.360	2.544
BPP_200_750_0.1_0.8_7.C	95	3.400	58.360	2.586
BPP_200_750_0.1_0.8_7.C	95	3.000	58.200	2.572
BPP_200_750_0.1_0.8_7.C	95	3.200	58.280	2.564
BPP_200_750_0.1_0.8_7.C	95	3.200	58.280	2.699
BPP_200_750_0.1_0.8_7.C	95	2.800	58.120	2.582
BPP_200_750_0.1_0.8_8.C	90	2.000	54.800	2.729
BPP_200_750_0.1_0.8_8.C	90	2.200	54.880	2.394
BPP_200_750_0.1_0.8_8.C	90	2.200	54.880	2.366
BPP_200_750_0.1_0.8_8.C	90	2.200	54.880	2.398
BPP_200_750_0.1_0.8_8.C	90	2.200	54.880	2.541
BPP_200_750_0.1_0.8_8.C	90	2.000	54.800	2.616
BPP_200_750_0.1_0.8_8.C	90	2.200	54.880	2.804
BPP_200_750_0.1_0.8_8.C	90	2.000	54.800	2.574
BPP_200_750_0.1_0.8_8.C	90	2.200	54.880	3.717
BPP_200_750_0.1_0.8_8.C	90	2.200	54.880	3.090
BPP_200_750_0.1_0.8_9.C	101	4.600	62.440	2.648
BPP_200_750_0.1_0.8_9.C	101	4.800	62.520	2.595
BPP_200_750_0.1_0.8_9.C	101	4.600	62.440	2.671
BPP_200_750_0.1_0.8_9.C	101	4.800	62.520	2.618
BPP_200_750_0.1_0.8_9.C	101	4.400	62.360	2.602
BPP_200_750_0.1_0.8_9.C	101	4.400	62.360	2.678
BPP_200_750_0.1_0.8_9.C	101	5.200	62.680	2.662
BPP_200_750_0.1_0.8_9.C	101	4.800	62.520	2.770
BPP_200_750_0.1_0.8_9.C	101	4.600	62.440	2.678
BPP_200_750_0.1_0.8_9.C	101	4.600	62.440	2.676
BPP_200_75_0.1_0.8_0.C	90	3.400	55.360	0.285
BPP_200_75_0.1_0.8_0.C	91	2.600	55.640	0.287
BPP_200_75_0.1_0.8_0.C	90	4.000	55.600	0.313
BPP_200_75_0.1_0.8_0.C	90	2.800	55.120	0.283
BPP_200_75_0.1_0.8_0.C	90	2.800	55.120	0.280
BPP_200_75_0.1_0.8_0.C	91	2.600	55.640	0.285
BPP_200_75_0.1_0.8_0.C	90	3.200	55.280	0.281
BPP_200_75_0.1_0.8_0.C	91	2.600	55.640	0.282
BPP_200_75_0.1_0.8_0.C	91	2.600	55.640	0.282
BPP_200_75_0.1_0.8_0.C	91	2.800	55.720	0.278
BPP_200_75_0.1_0.8_1.C	92	2.600	56.240	0.294
BPP_200_75_0.1_0.8_1.C	92	2.600	56.240	0.286
BPP_200_75_0.1_0.8_1.C	92	2.600	56.240	0.283
BPP_200_75_0.1_0.8_1.C	92	2.800	56.320	0.289
BPP_200_75_0.1_0.8_1.C	92	2.600	56.240	0.284
BPP_200_75_0.1_0.8_1.C	92	2.600	56.240	0.279
BPP_200_75_0.1_0.8_1.C	92	2.600	56.240	0.301
BPP_200_75_0.1_0.8_1.C	92	2.800	56.320	0.288
BPP_200_75_0.1_0.8_1.C	92	2.600	56.240	0.284
BPP_200_75_0.1_0.8_1.C	92	3.000	56.400	0.283
BPP_200_75_0.1_0.8_2.C	90	0.200	54.080	0.275
BPP_200_75_0.1_0.8_2.C	89	0.200	53.480	0.273
BPP_200_75_0.1_0.8_2.C	90	0.200	54.080	0.280
BPP_200_75_0.1_0.8_2.C	89	0.800	53.720	0.281
BPP_200_75_0.1_0.8_2.C	89	0.200	53.480	0.286
BPP_200_75_0.1_0.8_2.C	89	0.200	53.480	0.272
BPP_200_75_0.1_0.8_2.C	89	1.600	54.040	0.279
BPP_200_75_0.1_0.8_2.C	89	1.600	54.040	0.297
BPP_200_75_0.1_0.8_2.C	89	1.000	53.800	0.280
BPP_200_75_0.1_0.8_2.C	89	0.200	53.480	0.279
BPP_200_75_0.1_0.8_3.C	106	6.800	66.320	0.310
BPP_200_75_0.1_0.8_3.C	106	6.600	66.240	0.309
BPP_200_75_0.1_0.8_3.C	106	6.600	66.240	0.309
BPP_200_75_0.1_0.8_3.C	106	6.600	66.240	0.305
BPP_200_75_0.1_0.8_3.C	106	6.800	66.320	0.313
BPP_200_75_0.1_0.8_3.C	106	6.800	66.320	0.310
BPP_200_75_0.1_0.8_3.C	106	6.200	66.080	0.307
BPP_200_75_0.1_0.8_3.C	106	6.600	66.240	0.310
BPP_200_75_0.1_0.8_3.C	106	6.800	66.320	0.316
BPP_200_75_0.1_0.8_3.C	106	6.800	66.320	0.315
BPP_200_75_0.1_0.8_4.C	94	1.000	56.800	0.291
BPP_200_75_0.1_0.8_4.C	94	1.000	56.800	0.288
BPP_200_75_0.1_0.8_4.C	94	1.000	56.800	0.299
BPP_200_75_0.1_0.8_4.C	94	1.000	56.800	0.291
BPP_200_75_0.1_0.8_4.C	94	0.800	56.720	0.289
BPP_200_75_0.1_0.8_4.C	94	1.000	56.800	0.299
BPP_200_75_0.1_0.8_4.C	94	1.000	56.800	0.291
BPP_200_75_0.1_0.8_4.C	94	1.000	56.800	0.294
BPP_200_75_0.1_0.8_4.C	94	0.800	56.720	0.288
BPP_200_75_0.1_0.8_4.C	94	1.200	56.880	0.285
BPP_200_75_0.1_0.8_5.C	91	5.000	56.600	0.282
BPP_200_75_0.1_0.8_5.C	91	4.600	56.440	0.313
BPP_200_75_0.1_0.8_5.C	91	5.400	56.760	0.289
BPP_200_75_0.1_0.8_5.C	91	5.200	56.680	0.308
BPP_200_75_0.1_0.8_5.C	91	5.200	56.680	0.287
BPP_200_75_0.1_0.8_5.C	91	5.400	56.760	0.287
BPP_200_75_0.1_0.8_5.C	91	5.000	56.600	0.288
BPP_200_75_0.1_0.8_5.C	91	4.800	56.520	0.283
BPP_200_75_0.1_0.8_5.C	91	5.000	56.600	0.286
BPP_200_75_0.1_0.8_5.C	91	5.000	56.600	0.287
BPP_200_75_0.1_0.8_6.C	87	7.200	55.080	0.276
BPP_200_75_0.1_0.8_6.C	87	7.200	55.080	0.278
BPP_200_75_0.1_0.8_6.C	87	7.200	55.080	0.286
BPP_200_75_0.1_0.8_6.C	87	7.200	55.080	0.279
BPP_200_75_0.1_0.8_6.C	87	7.200	55.080	0.278
BPP_200_75_0.1_0.8_6.C	88	6.200	55.280	0.273
BPP_200_75_0.1_0.8_6.C	87	7.200	55.080	0.296
BPP_200_75_0.1_0.8_6.C	87	7.200	55.080	0.279
BPP_200_75_0.1_0.8_6.C	87	7.400	55.160	0.278
BPP_200_75_0.1_0.8_6.C	87	7.000	55.000	0.277
BPP_200_75_0.1_0.8_7.C	95	4.400	58.760	0.285
BPP_200_75_0.1_0.8_7.C	95	3.600	58.440	0.287
BPP_200_75_0.1_0.8_7.C	95	4.000	58.600	0.297
BPP_200_75_0.1_0.8_7.C	95	4.600	58.840	0.283
BPP_200_75_0.1_0.8_7.C	95	4.800	58.920	0.288
BPP_200_75_0.1_0.8_7.C	95	4.400	58.760	0.312
BPP_200_75_0.1_0.8_7.C	94	5.000	58.400	0.286
BPP_200_75_0.1_0.8_7.C	94	5.000	58.400	0.288
BPP_200_75_0.1_0.8_7.C	94	6.400	58.960	0.313
BPP_200_75_0.1_0.8_7.C	95	5.000	59.000	0.312
BPP_200_75_0.1_0.8_8.C	89	5.600	55.640	0.270
BPP_200_75_0.1_0.8_8.C	89	5.600	55.640	0.286
BPP_200_75_0.1_0.8_8.C	89	5.400	55.560	0.278
BPP_200_75_0.1_0.8_8.C	89	5.600	55.640	0.280
BPP_200_75_0.1_0.8_8.C	89	5.600	55.640	0.279
BPP_200_75_0.1_0.8_8.C	89	5.600	55.640	0.321
BPP_200_75_0.1_0.8_8.C	89	5.600	55.640	0.276
BPP_200_75_0.1_0.8_8.C	89	5.600	55.640	0.279
BPP_200_75_0.1_0.8_8.C	89	5.600	55.640	0.289
BPP_200_75_0.1_0.8_8.C	89	5.600	55.640	0.304
BPP_200_75_0.1_0.8_9.C	95	10.200	61.080	0.305
BPP_200_75_0.1_0.8_9.C	94	10.800	60.720	0.333
BPP_200_75_0.1_0.8_9.C	94	11.400	60.960	0.296
BPP_200_75_0.1_0.8_9.C	95	10.600	61.240	0.304
BPP_200_75_0.1_0.8_9.C	94	10.800	60.720	0.301
BPP_200_75_0.1_0.8_9.C	94	10.600	60.640	0.303
BPP_200_75_0.1_0.8_9.C	94	10.800	60.720	0.311
BPP_200_75_0.1_0.8_9.C	95	10.000	61.000	0.304
BPP_200_75_0.1_0.8_9.C	94	10.800	60.720	0.381
BPP_200_75_0.1_0.8_9.C	95	10.800	61.320	0.304
BPP_50_1000_0.1_0.8_0.C	23	8.600	17.240	0.289
BPP_50_1000_0.1_0.8_0.C	23	8.600	17.240	0.256
BPP_50_1000_0.1_0.8_0.C	23	8.200	17.080	0.214
BPP_50_1000_0.1_0.8_0.C	23	8.600	17.240	0.212
BPP_50_1000_0.1_0.8_0.C	23	8.200	17.080	0.221
BPP_50_1000_0.1_0.8_0.C	23	8.400	17.160	0.210
BPP_50_1000_0.1_0.8_0.C	23	8.200	17.080	0.210
BPP_50_1000_0.1_0.8_0.C	23	8.600	17.240	0.213
BPP_50_1000_0.1_0.8_0.C	23	8.400	17.160	0.220
BPP_50_1000_0.1_0.8_0.C	23	8.200	17.080	0.211
BPP_50_1000_0.1_0.8_1.C	23	8.400	17.160	0.214
BPP_50_1000_0.1_0.8_1.C	23	8.200	17.080	0.213
BPP_50_1000_0.1_0.8_1.C	23	8.200	17.080	0.253
BPP_50_1000_0.1_0.8_1.C	23	8.200	17.080	0.213
BPP_50_1000_0.1_0.8_1.C	23	8.200	17.080	0.212
BPP_50_1000_0.1_0.8_1.C	23	8.200	17.080	0.213
BPP_50_1000_0.1_0.8_1.C	23	8.400	17.160	0.214
BPP_50_1000_0.1_0.8_1.C	23	8.200	17.080	0.216
BPP_50_1000_0.1_0.8_1.C	23	8.200	17.080	0.215
BPP_50_1000_0.1_0.8_1.C	23	8.400	17.160	0.214
BPP_50_1000_0.1_0.8_2.C	23	6.600	16.440	0.210
BPP_50_1000_0.1_0.8_2.C	23	6.600	16.440	0.210
BPP_50_1000_0.1_0.8_2.C	23	7.200	16.680	0.212
BPP_50_1000_0.1_0.8_2.C	23	6.600	16.440	0.214
BPP_50_1000_0.1_0.8_2.C	23	6.600	16.440	0.214
BPP_50_1000_0.1_0.8_2.C	23	7.000	16.600	0.209
BPP_50_1000_0.1_0.8_2.C	23	7.000	16.600	0.212
BPP_50_1000_0.1_0.8_2.C	23	6.600	16.440	0.213
BPP_50_1000_0.1_0.8_2.C	23	6.600	16.440	0.214
BPP_50_1000_0.1_0.8_2.C	23	6.600	16.440	0.210
BPP_50_1000_0.1_0.8_3.C	24	7.600	17.440	0.223
BPP_50_1000_0.1_0.8_3.C	24	7.400	17.360	0.224
BPP_50_1000_0.1_0.8_3.C	24	7.800	17.520	0.224
BPP_50_1000_0.1_0.8_3.C	24	8.000	17.600	0.223
BPP_50_1000_0.1_0.8_3.C	24	7.600	17.440	0.225
BPP_50_1000_0.1_0.8_3.C	24	7.600	17.440	0.225
BPP_50_1000_0.1_0.8_3.C	24	7.800	17.520	0.228
BPP_50_1000_0.1_0.8_3.C	24	8.000	17.600	0.257
BPP_50_1000_0.1_0.8_3.C	24	7.600	17.440	0.251
BPP_50_1000_0.1_0.8_3.C	24	7.400	17.360	0.256
BPP_50_1000_0.1_0.8_4.C	24	3.200	15.680	0.252
BPP_50_1000_0.1_0.8_4.C	24	2.200	15.280	0.214
BPP_50_1000_0.1_0.8_4.C	24	2.400	15.360	0.218
BPP_50_1000_0.1_0.8_4.C	24	2.400	15.360	0.223
BPP_50_1000_0.1_0.8_4.C	24	2.200	15.280	0.217
BPP_50_1000_0.1_0.8_4.C	24	2.400	15.360	0.216
BPP_50_1000_0.1_0.8_4.C	24	2.200	15.280	0.271
BPP_50_1000_0.1_0.8_4.C	24	2.400	15.360	0.233
BPP_50_1000_0.1_0.8_4.C	24	2.600	15.440	0.215
BPP_50_1000_0.1_0.8_4.C	24	2.200	15.280	0.237
BPP_50_1000_0.1_0.8_5.C	28	1.600	17.440	0.239
BPP_50_1000_0.1_0.8_5.C	28	1.400	17.360	0.237
BPP_50_1000_0.1_0.8_5.C	28	1.400	17.360	0.238
BPP_50_1000_0.1_0.8_5.C	28	1.400	17.360	0.239
BPP_50_1000_0.1_0.8_5.C	28	1.400	17.360	0.237
BPP_50_1000_0.1_0.8_5.C	28	1.400	17.360	0.242
BPP_50_1000_0.1_0.8_5.C	28	1.400	17.360	0.239
BPP_50_1000_0.1_0.8_5.C	28	1.600	17.440	0.239
BPP_50_1000_0.1_0.8_5.C	28	1.600	17.440	0.237
BPP_50_1000_0.1_0.8_5.C	28	1.400	17.360	0.237
BPP_50_1000_0.1_0.8_6.C	23	1.600	14.440	0.202
BPP_50_1000_0.1_0.8_6.C	23	1.600	14.440	0.200
BPP_50_1000_0.1_0.8_6.C	23	1.600	14.440	0.203
BPP_50_1000_0.1_0.8_6.C	23	1.600	14.440	0.198
BPP_50_1000_0.1_0.8_6.C	23	1.600	14.440	0.200
BPP_50_1000_0.1_0.8_6.C	23	1.600	14.440	0.200
BPP_50_1000_0.1_0.8_6.C	23	1.600	14.440	0.200
BPP_50_1000_0.1_0.8_6.C	23	1.600	14.440	0.199
BPP_50_1000_0.1_0.8_6.C	23	1.600	14.440	0.200
BPP_50_1000_0.1_0.8_6.C	23	1.600	14.440	0.199
BPP_50_1000_0.1_0.8_7.C	24	1.000	14.800	0.214
BPP_50_1000_0.1_0.8_7.C	24	1.000	14.800	0.213
BPP_50_1000_0.1_0.8_7.C	24	1.000	14.800	0.215
BPP_50_1000_0.1_0.8_7.C	24	1.000	14.800	0.215
BPP_50_1000_0.1_0.8_7.C	24	1.000	14.800	0.216
BPP_50_1000_0.1_0.8_7.C	24	1.000	14.800	0.232
BPP_50_1000_0.1_0.8_7.C	24	1.000	14.800	0.214
BPP_50_1000_0.1_0.8_7.C	24	1.000	14.800	0.214
BPP_50_1000_0.1_0.8_7.C	24	1.000	14.800	0.218
BPP_50_1000_0.1_0.8_7.C	24	1.000	14.800	0.213
BPP_50_1000_0.1_0.8_8.C	20	3.000	13.200	0.223
BPP_50_1000_0.1_0.8_8.C	20	2.400	12.960	0.214
BPP_50_1000_0.1_0.8_8.C	20	2.400	12.960	0.314
BPP_50_1000_0.1_0.8_8.C	20	2.400	12.960	0.216
BPP_50_1000_0.1_0.8_8.C	20	2.400	12.960	0.193
BPP_50_1000_0.1_0.8_8.C	20	2.400	12.960	0.193
BPP_50_1000_0.1_0.8_8.C	20	2.600	13.040	0.198
BPP_50_1000_0.1_0.8_8.C	20	2.400	12.960	0.194
BPP_50_1000_0.1_0.8_8.C	20	2.400	12.960	0.198
BPP_50_1000_0.1_0.8_8.C	20	2.400	12.960	0.197
BPP_50_1000_0.1_0.8_9.C	23	2.400	14.760	0.215
BPP_50_1000_0.1_0.8_9.C	23	2.400	14.760	0.219
BPP_50_1000_0.1_0.8_9.C	23	2.400	14.760	0.217
BPP_50_1000_0.1_0.8_9.C	23	2.400	14.760	0.299
BPP_50_1000_0.1_0.8_9.C	23	2.200	14.680	0.233
BPP_50_1000_0.1_0.8_9.C	23	2.400	14.760	0.294
BPP_50_1000_0.1_0.8_9.C	23	2.400	14.760	0.213
BPP_50_1000_0.1_0.8_9.C	23	2.400	14.760	0.212
BPP_50_1000_0.1_0.8_9.C	23	2.200	14.680	0.220
BPP_50_1000_0.1_0.8_9.C	23	2.400	14.760	0.215
BPP_50_100_0.1_0.8_0.C	30	0.200	18.080	0.022
BPP_50_100_0.1_0.8_0.C	30	0.200	18.080	0.022
BPP_50_100_0.1_0.8_0.C	30	0.200	18.080	0.022
BPP_50_100_0.1_0.8_0.C	30	0.200	18.080	0.020
BPP_50_100_0.1_0.8_0.C	30	0.200	18.080	0.022
BPP_50_100_0.1_0.8_0.C	30	0.200	18.080	0.021
BPP_50_100_0.1_0.8_0.C	30	0.200	18.080	0.021
BPP_50_100_0.1_0.8_0.C	30	0.200	18.080	0.021
BPP_50_100_0.1_0.8_0.C	30	0.200	18.080	0.019
BPP_50_100_0.1_0.8_0.C	30	0.200	18.080	0.020
BPP_50_100_0.1_0.8_1.C	27	0.600	16.440	0.022
BPP_50_100_0.1_0.8_1.C	27	0.600	16.440	0.021
BPP_50_100_0.1_0.8_1.C	27	0.600	16.440	0.020
BPP_50_100_0.1_0.8_1.C	27	0.600	16.440	0.020
BPP_50_100_0.1_0.8_1.C	27	0.600	16.440	0.020
BPP_50_100_0.1_0.8_1.C	27	0.600	16.440	0.020
BPP_50_100_0.1_0.8_1.C	27	0.600	16.440	0.022
BPP_50_100_0.1_0.8_1.C	27	0.600	16.440	0.020
BPP_50_100_0.1_0.8_1.C	27	0.600	16.440	0.021
BPP_50_100_0.1_0.8_1.C	27	0.600	16.440	0.021
BPP_50_100_0.1_0.8_2.C	24	0.800	14.720	0.018
BPP_50_100_0.1_0.8_2.C	24	0.600	14.640	0.019
BPP_50_100_0.1_0.8_2.C	24	0.600	14.640	0.019
BPP_50_100_0.1_0.8_2.C	24	0.800	14.720	0.019
BPP_50_100_0.1_0.8_2.C	24	0.600	14.640	0.020
BPP_50_100_0.1_0.8_2.C	24	0.800	14.720	0.018
BPP_50_100_0.1_0.8_2.C	24	0.600	14.640	0.019
BPP_50_100_0.1_0.8_2.C	24	0.800	14.720	0.018
BPP_50_100_0.1_0.8_2.C	24	0.800	14.720	0.018
BPP_50_100_0.1_0.8_2.C	24	0.600	14.640	0.018
BPP_50_100_0.1_0.8_3.C	21	0.600	12.840	0.017
BPP_50_100_0.1_0.8_3.C	20	1.600	12.640	0.017
BPP_50_100_0.1_0.8_3.C	21	0.600	12.840	0.017
BPP_50_100_0.1_0.8_3.C	20	1.600	12.640	0.016
BPP_50_100_0.1_0.8_3.C	21	0.600	12.840	0.016
BPP_50_100_0.1_0.8_3.C	21	0.600	12.840	0.016
BPP_50_100_0.1_0.8_3.C	20	1.600	12.640	0.016
BPP_50_100_0.1_0.8_3.C	21	0.600	12.840	0.016
BPP_50_100_0.1_0.8_3.C	20	1.600	12.640	0.016
BPP_50_100_0.1_0.8_3.C	20	2.000	12.800	0.016
BPP_50_100_0.1_0.8_4.C	26	0.000	15.600	0.019
BPP_50_100_0.1_0.8_4.C	26	0.000	15.600	0.019
BPP_50_100_0.1_0.8_4.C	26	0.000	15.600	0.019
BPP_50_100_0.1_0.8_4.C	25	0.600	15.240	0.019
BPP_50_100_0.1_0.8_4.C	25	0.600	15.240	0.018
BPP_50_100_0.1_0.8_4.C	26	0.000	15.600	0.019
BPP_50_100_0.1_0.8_4.C	25	0.200	15.080	0.019
BPP_50_100_0.1_0.8_4.C	26	0.000	15.600	0.019
BPP_50_100_0.1_0.8_4.C	25	0.200	15.080	0.019
BPP_50_100_0.1_0.8_4.C	25	0.200	15.080	0.019
BPP_50_100_0.1_0.8_5.C	24	1.000	14.800	0.018
BPP_50_100_0.1_0.8_5.C	24	1.000	14.800	0.018
BPP_50_100_0.1_0.8_5.C	24	1.000	14.800	0.019
BPP_50_100_0.1_0.8_5.C	24	1.000	14.800	0.018
BPP_50_100_0.1_0.8_5.C	24	1.000	14.800	0.018
BPP_50_100_0.1_0.8_5.C	24	1.000	14.800	0.018
BPP_50_100_0.1_0.8_5.C	24	1.000	14.800	0.020
BPP_50_100_0.1_0.8_5.C	24	1.000	14.800	0.019
BPP_50_100_0.1_0.8_5.C	24	1.000	14.800	0.018
BPP_50_100_0.1_0.8_5.C	24	1.000	14.800	0.018
BPP_50_100_0.1_0.8_6.C	25	0.800	15.320	0.018
BPP_50_100_0.1_0.8_6.C	25	0.800	15.320	0.019
BPP_50_100_0.1_0.8_6.C	25	0.800	15.320	0.018
BPP_50_100_0.1_0.8_6.C	25	0.800	15.320	0.020
BPP_50_100_0.1_0.8_6.C	25	0.800	15.320	0.020
BPP_50_100_0.1_0.8_6.C	25	0.800	15.320	0.018
BPP_50_100_0.1_0.8_6.C	25	0.800	15.320	0.019
BPP_50_100_0.1_0.8_6.C	25	0.800	15.320	0.020
BPP_50_100_0.1_0.8_6.C	25	0.800	15.320	0.020
BPP_50_100_0.1_0.8_6.C	25	0.800	15.320	0.018
BPP_50_100_0.1_0.8_7.C	24	3.000	15.600	0.019
BPP_50_100_0.1_0.8_7.C	24	3.000	15.600	0.019
BPP_50_100_0.1_0.8_7.C	24	3.000	15.600	0.019
BPP_50_100_0.1_0.8_7.C	24	3.000	15.600	0.019
BPP_50_100_0.1_0.8_7.C	24	3.000	15.600	0.020
BPP_50_100_0.1_0.8_7.C	24	3.000	15.600	0.019
BPP_50_100_0.1_0.8_7.C	24	3.000	15.600	0.020
BPP_50_100_0.1_0.8_7.C	24	3.000	15.600	0.020
BPP_50_100_0.1_0.8_7.C	24	3.000	15.600	0.019
BPP_50_100_0.1_0.8_7.C	24	2.400	15.360	0.019
BPP_50_100_0.1_0.8_8.C	21	0.400	12.760	0.017
BPP_50_100_0.1_0.8_8.C	21	0.400	12.760	0.017
BPP_50_100_0.1_0.8_8.C	21	0.400	12.760	0.016
BPP_50_100_0.1_0.8_8.C	21	0.400	12.760	0.018
BPP_50_100_0.1_0.8_8.C	21	0.400	12.760	0.017
BPP_50_100_0.1_0.8_8.C	21	0.400	12.760	0.017
BPP_50_100_0.1_0.8_8.C	21	0.400	12.760	0.017
BPP_50_100_0.1_0.8_8.C	21	0.400	12.760	0.017
BPP_50_100_0.1_0.8_8.C	21	0.400	12.760	0.017
BPP_50_100_0.1_0.8_8.C	21	0.400	12.760	0.016
BPP_50_100_0.1_0.8_9.C	23	1.600	14.440	0.019
BPP_50_100_0.1_0.8_9.C	24	1.400	14.960	0.018
BPP_50_100_0.1_0.8_9.C	23	1.400	14.360	0.019
BPP_50_100_0.1_0.8_9.C	23	2.000	14.600	0.019
BPP_50_100_0.1_0.8_9.C	23	1.400	14.360	0.018
BPP_50_100_0.1_0.8_9.C	23	1.400	14.360	0.019
BPP_50_100_0.1_0.8_9.C	23	1.400	14.360	0.018
BPP_50_100_0.1_0.8_9.C	23	1.400	14.360	0.019
BPP_50_100_0.1_0.8_9.C	23	1.400	14.360	0.018
BPP_50_100_0.1_0.8_9.C	23	1.400	14.360	0.018
BPP_50_120_0.1_0.8_0.C	25	1.600	15.640	0.026
BPP_50_120_0.1_0.8_0.C	25	1.600	15.640	0.027
BPP_50_120_0.1_0.8_0.C	25	2.200	15.880	0.028
BPP_50_120_0.1_0.8_0.C	25	1.400	15.560	0.027
BPP_50_120_0.1_0.8_0.C	25	1.800	15.720	0.027
BPP_50_120_0.1_0.8_0.C	26	1.000	16.000	0.028
BPP_50_120_0.1_0.8_0.C	25	2.200	15.880	0.027
BPP_50_120_0.1_0.8_0.C	25	2.200	15.880	0.026
BPP_50_120_0.1_0.8_0.C	25	2.200	15.880	0.026
BPP_50_120_0.1_0.8_0.C	25	1.600	15.640	0.026
BPP_50_120_0.1_0.8_1.C	22	-0.000	13.200	0.023
BPP_50_120_0.1_0.8_1.C	22	-0.000	13.200	0.023
BPP_50_120_0.1_0.8_1.C	22	-0.000	13.200	0.023
BPP_50_120_0.1_0.8_1.C	22	-0.000	13.200	0.022
BPP_50_120_0.1_0.8_1.C	22	-0.000	13.200	0.022
BPP_50_120_0.1_0.8_1.C	21	0.200	12.680	0.023
BPP_50_120_0.1_0.8_1.C	22	-0.000	13.200	0.023
BPP_50_120_0.1_0.8_1.C	22	-0.000	13.200	0.023
BPP_50_120_0.1_0.8_1.C	22	-0.000	13.200	0.023
BPP_50_120_0.1_0.8_1.C	22	-0.000	13.200	0.022
BPP_50_120_0.1_0.8_2.C	25	3.200	16.280	0.026
BPP_50_120_0.1_0.8_2.C	25	3.200	16.280	0.027
BPP_50_120_0.1_0.8_2.C	25	3.200	16.280	0.027
BPP_50_120_0.1_0.8_2.C	25	3.600	16.440	0.027
BPP_50_120_0.1_0.8_2.C	25	3.200	16.280	0.027
BPP_50_120_0.1_0.8_2.C	26	3.000	16.800	0.027
BPP_50_120_0.1_0.8_2.C	25	4.400	16.760	0.027
BPP_50_120_0.1_0.8_2.C	26	3.000	16.800	0.028
BPP_50_120_0.1_0.8_2.C	25	4.400	16.760	0.027
BPP_50_120_0.1_0.8_2.C	25	3.200	16.280	0.026
BPP_50_120_0.1_0.8_3.C	23	1.200	14.280	0.024
BPP_50_120_0.1_0.8_3.C	23	1.200	14.280	0.024
BPP_50_120_0.1_0.8_3.C	23	1.200	14.280	0.024
BPP_50_120_0.1_0.8_3.C	23	1.200	14.280	0.024
BPP_50_120_0.1_0.8_3.C	23	1.200	14.280	0.024
BPP_50_120_0.1_0.8_3.C	23	1.200	14.280	0.024
BPP_50_120_0.1_0.8_3.C	23	1.200	14.280	0.024
BPP_50_120_0.1_0.8_3.C	23	1.200	14.280	0.024
BPP_50_120_0.1_0.8_3.C	23	1.200	14.280	0.026
BPP_50_120_0.1_0.8_3.C	23	1.200	14.280	0.024
BPP_50_120_0.1_0.8_4.C	25	4.800	16.920	0.026
BPP_50_120_0.1_0.8_4.C	25	4.800	16.920	0.026
BPP_50_120_0.1_0.8_4.C	25	4.800	16.920	0.027
BPP_50_120_0.1_0.8_4.C	25	4.600	16.840	0.027
BPP_50_120_0.1_0.8_4.C	25	5.600	17.240	0.027
BPP_50_120_0.1_0.8_4.C	25	4.800	16.920	0.027
BPP_50_120_0.1_0.8_4.C	26	4.200	17.280	0.026
BPP_50_120_0.1_0.8_4.C	25	4.600	16.840	0.027
BPP_50_120_0.1_0.8_4.C	25	4.800	16.920	0.026
BPP_50_120_0.1_0.8_4.C	25	4.800	16.920	0.027
BPP_50_120_0.1_0.8_5.C	23	0.400	13.960	0.025
BPP_50_120_0.1_0.8_5.C	23	0.400	13.960	0.027
BPP_50_120_0.1_0.8_5.C	23	0.400	13.960	0.025
BPP_50_120_0.1_0.8_5.C	23	0.400	13.960	0.025
BPP_50_120_0.1_0.8_5.C	23	0.400	13.960	0.025
BPP_50_120_0.1_0.8_5.C	23	0.400	13.960	0.025
BPP_50_120_0.1_0.8_5.C	23	0.400	13.960	0.026
BPP_50_120_0.1_0.8_5.C	23	0.400	13.960	0.025
BPP_50_120_0.1_0.8_5.C	23	0.400	13.960	0.025
BPP_50_120_0.1_0.8_5.C	23	0.400	13.960	0.025
BPP_50_120_0.1_0.8_6.C	22	2.600	14.240	0.025
BPP_50_120_0.1_0.8_6.C	22	2.600	14.240	0.024
BPP_50_120_0.1_0.8_6.C	22	2.600	14.240	0.025
BPP_50_120_0.1_0.8_6.C	22	2.600	14.240	0.025
BPP_50_120_0.1_0.8_6.C	22	2.600	14.240	0.026
BPP_50_120_0.1_0.8_6.C	22	2.600	14.240	0.024
BPP_50_120_0.1_0.8_6.C	22	2.600	14.240	0.024
BPP_50_120_0.1_0.8_6.C	22	2.600	14.240	0.025
BPP_50_120_0.1_0.8_6.C	22	2.600	14.240	0.025
BPP_50_120_0.1_0.8_6.C	22	2.600	14.240	0.025
BPP_50_120_0.1_0.8_7.C	22	5.400	15.360	0.025
BPP_50_120_0.1_0.8_7.C	23	4.800	15.720	0.024
BPP_50_120_0.1_0.8_7.C	23	4.800	15.720	0.025
BPP_50_120_0.1_0.8_7.C	23	4.800	15.720	0.025
BPP_50_120_0.1_0.8_7.C	22	5.400	15.360	0.026
BPP_50_120_0.1_0.8_7.C	22	5.600	15.440	0.025
BPP_50_120_0.1_0.8_7.C	23	4.800	15.720	0.025
BPP_50_120_0.1_0.8_7.C	22	5.400	15.360	0.025
BPP_50_120_0.1_0.8_7.C	22	5.600	15.440	0.025
BPP_50_120_0.1_0.8_7.C	23	4.600	15.640	0.025
BPP_50_120_0.1_0.8_8.C	23	2.600	14.840	0.025
BPP_50_120_0.1_0.8_8.C	23	2.600	14.840	0.025
BPP_50_120_0.1_0.8_8.C	23	2.400	14.760	0.026
BPP_50_120_0.1_0.8_8.C	23	2.400	14.760	0.025
BPP_50_120_0.1_0.8_8.C	23	2.400	14.760	0.024
BPP_50_120_0.1_0.8_8.C	23	2.600	14.840	0.024
BPP_50_120_0.1_0.8_8.C	23	2.400	14.760	0.025
BPP_50_120_0.1_0.8_8.C	23	2.400	14.760	0.024
BPP_50_120_0.1_0.8_8.C	23	2.400	14.760	0.025
BPP_50_120_0.1_0.8_8.C	23	3.400	15.160	0.026
BPP_50_120_0.1_0.8_9.C	22	4.400	14.960	0.025
BPP_50_120_0.1_0.8_9.C	22	4.600	15.040	0.024
BPP_50_120_0.1_0.8_9.C	22	4.400	14.960	0.025
BPP_50_120_0.1_0.8_9.C	22	4.400	14.960	0.025
BPP_50_120_0.1_0.8_9.C	22	4.400	14.960	0.025
BPP_50_120_0.1_0.8_9.C	22	4.400	14.960	0.025
BPP_50_120_0.1_0.8_9.C	22	4.400	14.960	0.024
BPP_50_120_0.1_0.8_9.C	22	4.400	14.960	0.025
BPP_50_120_0.1_0.8_9.C	22	4.400	14.960	0.024
BPP_50_120_0.1_0.8_9.C	22	4.400	14.960	0.025
BPP_50_125_0.1_0.8_0.C	27	1.200	16.680	0.032
BPP_50_125_0.1_0.8_0.C	27	1.200	16.680	0.031
BPP_50_125_0.1_0.8_0.C	27	1.000	16.600	0.030
BPP_50_125_0.1_0.8_0.C	27	1.800	16.920	0.032
BPP_50_125_0.1_0.8_0.C	27	1.400	16.760	0.032
BPP_50_125_0.1_0.8_0.C	27	1.200	16.680	0.031
BPP_50_125_0.1_0.8_0.C	27	1.200	16.680	0.032
BPP_50_125_0.1_0.8_0.C	27	1.000	16.600	0.031
BPP_50_125_0.1_0.8_0.C	27	1.400	16.760	0.031
BPP_50_125_0.1_0.8_0.C	27	1.000	16.600	0.032
BPP_50_125_0.1_0.8_1.C	24	0.800	14.720	0.026
BPP_50_125_0.1_0.8_1.C	24	0.800	14.720	0.027
BPP_50_125_0.1_0.8_1.C	24	0.800	14.720	0.028
BPP_50_125_0.1_0.8_1.C	24	0.800	14.720	0.026
BPP_50_125_0.1_0.8_1.C	24	0.800	14.720	0.029
BPP_50_125_0.1_0.8_1.C	24	0.800	14.720	0.026
BPP_50_125_0.1_0.8_1.C	24	0.800	14.720	0.028
BPP_50_125_0.1_0.8_1.C	24	0.800	14.720	0.027
BPP_50_125_0.1_0.8_1.C	24	0.800	14.720	0.028
BPP_50_125_0.1_0.8_1.C	24	0.800	14.720	0.028
BPP_50_125_0.1_0.8_2.C	22	0.800	13.520	0.027
BPP_50_125_0.1_0.8_2.C	21	1.200	13.080	0.027
BPP_50_125_0.1_0.8_2.C	22	0.800	13.520	0.027
BPP_50_125_0.1_0.8_2.C	22	0.800	13.520	0.026
BPP_50_125_0.1_0.8_2.C	21	2.200	13.480	0.027
BPP_50_125_0.1_0.8_2.C	21	1.200	13.080	0.027
BPP_50_125_0.1_0.8_2.C	22	0.800	13.520	0.027
BPP_50_125_0.1_0.8_2.C	21	1.200	13.080	0.026
BPP_50_125_0.1_0.8_2.C	21	2.000	13.400	0.027
BPP_50_125_0.1_0.8_2.C	21	2.200	13.480	0.028
BPP_50_125_0.1_0.8_3.C	29	4.400	19.160	0.032
BPP_50_125_0.1_0.8_3.C	29	4.400	19.160	0.032
BPP_50_125_0.1_0.8_3.C	29	4.400	19.160	0.032
BPP_50_125_0.1_0.8_3.C	29	4.400	19.160	0.032
BPP_50_125_0.1_0.8_3.C	29	4.400	19.160	0.033
BPP_50_125_0.1_0.8_3.C	29	4.400	19.160	0.032
BPP_50_125_0.1_0.8_3.C	29	4.400	19.160	0.033
BPP_50_125_0.1_0.8_3.C	29	4.400	19.160	0.033
BPP_50_125_0.1_0.8_3.C	29	4.400	19.160	0.032
BPP_50_125_0.1_0.8_3.C	29	4.400	19.160	0.034
BPP_50_125_0.1_0.8_4.C	25	1.800	15.720	0.028
BPP_50_125_0.1_0.8_4.C	25	1.800	15.720	0.028
BPP_50_125_0.1_0.8_4.C	25	1.800	15.720	0.029
BPP_50_125_0.1_0.8_4.C	25	1.800	15.720	0.030
BPP_50_125_0.1_0.8_4.C	25	1.800	15.720	0.030
BPP_50_125_0.1_0.8_4.C	25	1.800	15.720	0.029
BPP_50_125_0.1_0.8_4.C	25	1.800	15.720	0.030
BPP_50_125_0.1_0.8_4.C	25	1.800	15.720	0.030
BPP_50_125_0.1_0.8_4.C	25	1.800	15.720	0.029
BPP_50_125_0.1_0.8_4.C	25	1.800	15.720	0.029
BPP_50_125_0.1_0.8_5.C	31	2.600	19.640	0.034
BPP_50_125_0.1_0.8_5.C	31	2.600	19.640	0.034
BPP_50_125_0.1_0.8_5.C	31	2.600	19.640	0.034
BPP_50_125_0.1_0.8_5.C	31	2.600	19.640	0.039
BPP_50_125_0.1_0.8_5.C	31	2.600	19.640	0.032
BPP_50_125_0.1_0.8_5.C	31	2.600	19.640	0.034
BPP_50_125_0.1_0.8_5.C	31	2.600	19.640	0.031
BPP_50_125_0.1_0.8_5.C	31	2.600	19.640	0.034
BPP_50_125_0.1_0.8_5.C	31	2.600	19.640	0.032
BPP_50_125_0.1_0.8_5.C	31	2.600	19.640	0.034
BPP_50_125_0.1_0.8_6.C	26	2.800	16.720	0.036
BPP_50_125_0.1_0.8_6.C	26	3.000	16.800	0.031
BPP_50_125_0.1_0.8_6.C	26	2.800	16.720	0.030
BPP_50_125_0.1_0.8_6.C	26	3.200	16.880	0.030
BPP_50_125_0.1_0.8_6.C	26	3.000	16.800	0.029
BPP_50_125_0.1_0.8_6.C	26	2.800	16.720	0.030
BPP_50_125_0.1_0.8_6.C	26	3.200	16.880	0.029
BPP_50_125_0.1_0.8_6.C	26	3.000	16.800	0.029
BPP_50_125_0.1_0.8_6.C	26	3.200	16.880	0.029
BPP_50_125_0.1_0.8_6.C	26	3.000	16.800	0.029
BPP_50_125_0.1_0.8_7.C	27	2.800	17.320	0.030
BPP_50_125_0.1_0.8_7.C	27	2.800	17.320	0.029
BPP_50_125_0.1_0.8_7.C	27	2.800	17.320	0.030
BPP_50_125_0.1_0.8_7.C	27	3.400	17.560	0.029
BPP_50_125_0.1_0.8_7.C	27	2.800	17.320	0.030
BPP_50_125_0.1_0.8_7.C	27	2.800	17.320	0.030
BPP_50_125_0.1_0.8_7.C	27	2.800	17.320	0.029
BPP_50_125_0.1_0.8_7.C	27	2.800	17.320	0.030
BPP_50_125_0.1_0.8_7.C	27	2.800	17.320	0.029
BPP_50_125_0.1_0.8_7.C	27	2.800	17.320	0.029
BPP_50_125_0.1_0.8_8.C	22	2.600	14.240	0.025
BPP_50_125_0.1_0.8_8.C	22	2.600	14.240	0.026
BPP_50_125_0.1_0.8_8.C	22	2.600	14.240	0.025
BPP_50_125_0.1_0.8_8.C	22	2.600	14.240	0.026
BPP_50_125_0.1_0.8_8.C	22	2.600	14.240	0.026
BPP_50_125_0.1_0.8_8.C	22	2.600	14.240	0.026
BPP_50_125_0.1_0.8_8.C	22	2.600	14.240	0.025
BPP_50_125_0.1_0.8_8.C	22	2.600	14.240	0.038
BPP_50_125_0.1_0.8_8.C	22	2.600	14.240	0.025
BPP_50_125_0.1_0.8_8.C	22	2.600	14.240	0.025
BPP_50_125_0.1_0.8_9.C	25	3.600	16.440	0.028
BPP_50_125_0.1_0.8_9.C	25	3.400	16.360	0.028
BPP_50_125_0.1_0.8_9.C	25	3.600	16.440	0.028
BPP_50_125_0.1_0.8_9.C	25	3.600	16.440	0.029
BPP_50_125_0.1_0.8_9.C	25	3.600	16.440	0.028
BPP_50_125_0.1_0.8_9.C	25	3.600	16.440	0.028
BPP_50_125_0.1_0.8_9.C	24	4.200	16.080	0.028
BPP_50_125_0.1_0.8_9.C	25	3.600	16.440	0.028
BPP_50_125_0.1_0.8_9.C	24	4.400	16.160	0.029
BPP_50_125_0.1_0.8_9.C	24	4.400	16.160	0.027
BPP_50_150_0.1_0.8_0.C	23	0.400	13.960	0.034
BPP_50_150_0.1_0.8_0.C	23	0.400	13.960	0.035
BPP_50_150_0.1_0.8_0.C	23	0.400	13.960	0.034
BPP_50_150_0.1_0.8_0.C	23	0.400	13.960	0.035
BPP_50_150_0.1_0.8_0.C	23	0.400	13.960	0.035
BPP_50_150_0.1_0.8_0.C	23	0.400	13.960	0.035
BPP_50_150_0.1_0.8_0.C	23	0.400	13.960	0.034
BPP_50_150_0.1_0.8_0.C	23	0.400	13.960	0.035
BPP_50_150_0.1_0.8_0.C	23	0.400	13.960	0.035
BPP_50_150_0.1_0.8_0.C	23	0.400	13.960	0.035
BPP_50_150_0.1_0.8_1.C	28	1.400	17.360	0.039
BPP_50_150_0.1_0.8_1.C	28	1.400	17.360	0.039
BPP_50_150_0.1_0.8_1.C	28	1.400	17.360	0.040
BPP_50_150_0.1_0.8_1.C	28	1.400	17.360	0.038
BPP_50_150_0.1_0.8_1.C	28	1.400	17.360	0.040
BPP_50_150_0.1_0.8_1.C	28	1.400	17.360	0.039
BPP_50_150_0.1_0.8_1.C	28	1.400	17.360	0.040
BPP_50_150_0.1_0.8_1.C	28	1.400	17.360	0.040
BPP_50_150_0.1_0.8_1.C	28	1.400	17.360	0.041
BPP_50_150_0.1_0.8_1.C	28	1.400	17.360	0.040
BPP_50_150_0.1_0.8_2.C	25	3.000	16.200	0.036
BPP_50_150_0.1_0.8_2.C	25	3.000	16.200	0.036
BPP_50_150_0.1_0.8_2.C	25	3.000	16.200	0.036
BPP_50_150_0.1_0.8_2.C	25	3.200	16.280	0.036
BPP_50_150_0.1_0.8_2.C	25	3.000	16.200	0.037
BPP_50_150_0.1_0.8_2.C	25	3.000	16.200	0.037
BPP_50_150_0.1_0.8_2.C	25	3.000	16.200	0.035
BPP_50_150_0.1_0.8_2.C	25	3.000	16.200	0.036
BPP_50_150_0.1_0.8_2.C	25	3.200	16.280	0.037
BPP_50_150_0.1_0.8_2.C	25	3.000	16.200	0.036
BPP_50_150_0.1_0.8_3.C	25	3.800	16.520	0.036
BPP_50_150_0.1_0.8_3.C	25	4.200	16.680	0.036
BPP_50_150_0.1_0.8_3.C	25	3.600	16.440	0.035
BPP_50_150_0.1_0.8_3.C	25	3.600	16.440	0.037
BPP_50_150_0.1_0.8_3.C	25	3.600	16.440	0.037
BPP_50_150_0.1_0.8_3.C	25	3.400	16.360	0.037
BPP_50_150_0.1_0.8_3.C	25	3.600	16.440	0.037
BPP_50_150_0.1_0.8_3.C	25	4.000	16.600	0.037
BPP_50_150_0.1_0.8_3.C	25	3.600	16.440	0.035
BPP_50_150_0.1_0.8_3.C	25	3.600	16.440	0.036
BPP_50_150_0.1_0.8_4.C	21	0.800	12.920	0.030
BPP_50_150_0.1_0.8_4.C	21	0.800	12.920	0.032
BPP_50_150_0.1_0.8_4.C	21	0.800	12.920	0.031
BPP_50_150_0.1_0.8_4.C	21	0.800	12.920	0.031
BPP_50_150_0.1_0.8_4.C	21	0.800	12.920	0.030
BPP_50_150_0.1_0.8_4.C	21	0.800	12.920	0.032
BPP_50_150_0.1_0.8_4.C	21	0.800	12.920	0.030
BPP_50_150_0.1_0.8_4.C	21	0.800	12.920	0.030
BPP_50_150_0.1_0.8_4.C	21	0.800	12.920	0.030
BPP_50_150_0.1_0.8_4.C	21	0.800	12.920	0.032
BPP_50_150_0.1_0.8_5.C	25	1.400	15.560	0.036
BPP_50_150_0.1_0.8_5.C	25	1.400	15.560	0.035
BPP_50_150_0.1_0.8_5.C	25	1.400	15.560	0.037
BPP_50_150_0.1_0.8_5.C	25	1.400	15.560	0.036
BPP_50_150_0.1_0.8_5.C	25	1.400	15.560	0.035
BPP_50_150_0.1_0.8_5.C	25	1.400	15.560	0.036
BPP_50_150_0.1_0.8_5.C	25	1.400	15.560	0.036
BPP_50_150_0.1_0.8_5.C	25	1.400	15.560	0.037
BPP_50_150_0.1_0.8_5.C	25	1.400	15.560	0.037
BPP_50_150_0.1_0.8_5.C	25	1.400	15.560	0.035
BPP_50_150_0.1_0.8_6.C	22	1.400	13.760	0.032
BPP_50_150_0.1_0.8_6.C	22	1.400	13.760	0.033
BPP_50_150_0.1_0.8_6.C	22	1.400	13.760	0.033
BPP_50_150_0.1_0.8_6.C	22	1.400	13.760	0.033
BPP_50_150_0.1_0.8_6.C	22	1.400	13.760	0.033
BPP_50_150_0.1_0.8_6.C	22	1.400	13.760	0.034
BPP_50_150_0.1_0.8_6.C	22	1.400	13.760	0.033
BPP_50_150_0.1_0.8_6.C	22	1.400	13.760	0.033
BPP_50_150_0.1_0.8_6.C	22	1.400	13.760	0.033
BPP_50_150_0.1_0.8_6.C	22	1.400	13.760	0.033
BPP_50_150_0.1_0.8_7.C	23	1.400	14.360	0.034
BPP_50_150_0.1_0.8_7.C	23	1.400	14.360	0.035
BPP_50_150_0.1_0.8_7.C	23	1.400	14.360	0.034
BPP_50_150_0.1_0.8_7.C	23	1.400	14.360	0.035
BPP_50_150_0.1_0.8_7.C	23	1.400	14.360	0.035
BPP_50_150_0.1_0.8_7.C	23	1.400	14.360	0.036
BPP_50_150_0.1_0.8_7.C	23	1.400	14.360	0.035
BPP_50_150_0.1_0.8_7.C	23	1.400	14.360	0.043
BPP_50_150_0.1_0.8_7.C	23	1.400	14.360	0.036
BPP_50_150_0.1_0.8_7.C	23	1.400	14.360	0.034
BPP_50_150_0.1_0.8_8.C	23	0.800	14.120	0.032
BPP_50_150_0.1_0.8_8.C	23	0.800	14.120	0.033
BPP_50_150_0.1_0.8_8.C	23	0.800	14.120	0.033
BPP_50_150_0.1_0.8_8.C	23	0.800	14.120	0.034
BPP_50_150_0.1_0.8_8.C	23	0.800	14.120	0.034
BPP_50_150_0.1_0.8_8.C	23	0.800	14.120	0.034
BPP_50_150_0.1_0.8_8.C	23	0.800	14.120	0.032
BPP_50_150_0.1_0.8_8.C	23	0.800	14.120	0.032
BPP_50_150_0.1_0.8_8.C	23	0.800	14.120	0.032
BPP_50_150_0.1_0.8_8.C	23	0.800	14.120	0.031
BPP_50_150_0.1_0.8_9.C	23	1.400	14.360	0.034
BPP_50_150_0.1_0.8_9.C	23	1.400	14.360	0.033
BPP_50_150_0.1_0.8_9.C	23	1.400	14.360	0.033
BPP_50_150_0.1_0.8_9.C	23	1.400	14.360	0.032
BPP_50_150_0.1_0.8_9.C	23	1.400	14.360	0.033
BPP_50_150_0.1_0.8_9.C	23	1.400	14.360	0.033
BPP_50_150_0.1_0.8_9.C	23	1.400	14.360	0.033
BPP_50_150_0.1_0.8_9.C	23	1.400	14.360	0.036
BPP_50_150_0.1_0.8_9.C	23	1.400	14.360	0.033
BPP_50_150_0.1_0.8_9.C	23	1.400	14.360	0.034
BPP_50_200_0.1_0.8_0.C	24	2.800	15.520	0.048
BPP_50_200_0.1_0.8_0.C	24	2.800	15.520	0.045
BPP_50_200_0.1_0.8_0.C	24	2.800	15.520	0.045
BPP_50_200_0.1_0.8_0.C	24	2.800	15.520	0.045
BPP_50_200_0.1_0.8_0.C	24	2.800	15.520	0.046
BPP_50_200_0.1_0.8_0.C	24	2.800	15.520	0.045
BPP_50_200_0.1_0.8_0.C	24	2.800	15.520	0.046
BPP_50_200_0.1_0.8_0.C	24	2.800	15.520	0.046
BPP_50_200_0.1_0.8_0.C	24	2.800	15.520	0.046
BPP_50_200_0.1_0.8_0.C	24	2.800	15.520	0.045
BPP_50_200_0.1_0.8_1.C	24	1.200	14.880	0.045
BPP_50_200_0.1_0.8_1.C	25	0.200	15.080	0.046
BPP_50_200_0.1_0.8_1.C	25	0.200	15.080	0.046
BPP_50_200_0.1_0.8_1.C	24	0.600	14.640	0.049
BPP_50_200_0.1_0.8_1.C	25	0.200	15.080	0.047
BPP_50_200_0.1_0.8_1.C	25	0.200	15.080	0.045
BPP_50_200_0.1_0.8_1.C	25	0.200	15.080	0.045
BPP_50_200_0.1_0.8_1.C	25	0.200	15.080	0.045
BPP_50_200_0.1_0.8_1.C	24	1.400	14.960	0.045
BPP_50_200_0.1_0.8_1.C	25	0.200	15.080	0.045
BPP_50_200_0.1_0.8_2.C	21	0.200	12.680	0.042
BPP_50_200_0.1_0.8_2.C	21	0.200	12.680	0.041
BPP_50_200_0.1_0.8_2.C	21	0.200	12.680	0.042
BPP_50_200_0.1_0.8_2.C	21	0.200	12.680	0.042
BPP_50_200_0.1_0.8_2.C	21	0.200	12.680	0.041
BPP_50_200_0.1_0.8_2.C	21	0.200	12.680	0.042
BPP_50_200_0.1_0.8_2.C	21	0.200	12.680	0.041
BPP_50_200_0.1_0.8_2.C	21	0.200	12.680	0.041
BPP_50_200_0.1_0.8_2.C	21	0.200	12.680	0.041
BPP_50_200_0.1_0.8_2.C	21	0.200	12.680	0.042
BPP_50_200_0.1_0.8_3.C	23	0.200	13.880	0.043
BPP_50_200_0.1_0.8_3.C	23	0.200	13.880	0.042
BPP_50_200_0.1_0.8_3.C	23	0.200	13.880	0.045
BPP_50_200_0.1_0.8_3.C	23	0.200	13.880	0.044
BPP_50_200_0.1_0.8_3.C	23	0.200	13.880	0.043
BPP_50_200_0.1_0.8_3.C	23	0.200	13.880	0.042
BPP_50_200_0.1_0.8_3.C	23	0.200	13.880	0.043
BPP_50_200_0.1_0.8_3.C	23	0.200	13.880	0.044
BPP_50_200_0.1_0.8_3.C	23	0.200	13.880	0.044
BPP_50_200_0.1_0.8_3.C	23	0.200	13.880	0.043
BPP_50_200_0.1_0.8_4.C	26	1.000	16.000	0.049
BPP_50_200_0.1_0.8_4.C	26	1.000	16.000	0.049
BPP_50_200_0.1_0.8_4.C	26	1.000	16.000	0.048
BPP_50_200_0.1_0.8_4.C	26	1.000	16.000	0.048
BPP_50_200_0.1_0.8_4.C	26	1.000	16.000	0.048
BPP_50_200_0.1_0.8_4.C	26	1.000	16.000	0.047
BPP_50_200_0.1_0.8_4.C	26	1.000	16.000	0.047
BPP_50_200_0.1_0.8_4.C	26	1.000	16.000	0.048
BPP_50_200_0.1_0.8_4.C	26	1.000	16.000	0.047
BPP_50_200_0.1_0.8_4.C	26	1.000	16.000	0.047
BPP_50_200_0.1_0.8_5.C	30	2.000	18.800	0.056
BPP_50_200_0.1_0.8_5.C	31	1.400	19.160	0.055
BPP_50_200_0.1_0.8_5.C	31	1.400	19.160	0.056
BPP_50_200_0.1_0.8_5.C	30	2.000	18.800	0.055
BPP_50_200_0.1_0.8_5.C	31	1.400	19.160	0.055
BPP_50_200_0.1_0.8_5.C	30	2.000	18.800	0.056
BPP_50_200_0.1_0.8_5.C	30	2.000	18.800	0.054
BPP_50_200_0.1_0.8_5.C	30	2.000	18.800	0.056
BPP_50_200_0.1_0.8_5.C	30	2.800	19.120	0.057
BPP_50_200_0.1_0.8_5.C	31	1.400	19.160	0.056
BPP_50_200_0.1_0.8_6.C	23	0.600	14.040	0.044
BPP_50_200_0.1_0.8_6.C	23	0.600	14.040	0.043
BPP_50_200_0.1_0.8_6.C	23	0.600	14.040	0.044
BPP_50_200_0.1_0.8_6.C	23	0.600	14.040	0.045
BPP_50_200_0.1_0.8_6.C	23	0.600	14.040	0.046
BPP_50_200_0.1_0.8_6.C	23	0.600	14.040	0.045
BPP_50_200_0.1_0.8_6.C	23	0.600	14.040	0.043
BPP_50_200_0.1_0.8_6.C	23	0.600	14.040	0.044
BPP_50_200_0.1_0.8_6.C	23	0.600	14.040	0.043
BPP_50_200_0.1_0.8_6.C	23	0.600	14.040	0.045
BPP_50_200_0.1_0.8_7.C	22	6.400	15.760	0.048
BPP_50_200_0.1_0.8_7.C	22	6.200	15.680	0.045
BPP_50_200_0.1_0.8_7.C	22	6.200	15.680	0.047
BPP_50_200_0.1_0.8_7.C	22	6.400	15.760	0.047
BPP_50_200_0.1_0.8_7.C	22	6.400	15.760	0.045
BPP_50_200_0.1_0.8_7.C	22	6.400	15.760	0.046
BPP_50_200_0.1_0.8_7.C	22	6.400	15.760	0.047
BPP_50_200_0.1_0.8_7.C	22	6.400	15.760	0.045
BPP_50_200_0.1_0.8_7.C	22	6.400	15.760	0.045
BPP_50_200_0.1_0.8_7.C	22	6.200	15.680	0.045
BPP_50_200_0.1_0.8_8.C	25	0.400	15.160	0.045
BPP_50_200_0.1_0.8_8.C	25	0.400	15.160	0.044
BPP_50_200_0.1_0.8_8.C	24	1.800	15.120	0.044
BPP_50_200_0.1_0.8_8.C	25	0.400	15.160	0.044
BPP_50_200_0.1_0.8_8.C	25	0.400	15.160	0.043
BPP_50_200_0.1_0.8_8.C	25	0.400	15.160	0.044
BPP_50_200_0.1_0.8_8.C	25	0.400	15.160	0.043
BPP_50_200_0.1_0.8_8.C	24	1.800	15.120	0.044
BPP_50_200_0.1_0.8_8.C	25	0.400	15.160	0.043
BPP_50_200_0.1_0.8_8.C	25	0.400	15.160	0.044
BPP_50_200_0.1_0.8_9.C	23	5.200	15.880	0.047
BPP_50_200_0.1_0.8_9.C	23	6.000	16.200	0.046
BPP_50_200_0.1_0.8_9.C	23	5.800	16.120	0.046
BPP_50_200_0.1_0.8_9.C	23	5.200	15.880	0.047
BPP_50_200_0.1_0.8_9.C	23	5.800	16.120	0.046
BPP_50_200_0.1_0.8_9.C	23	5.200	15.880	0.047
BPP_50_200_0.1_0.8_9.C	23	5.600	16.040	0.047
BPP_50_200_0.1_0.8_9.C	23	5.600	16.040	0.046
BPP_50_200_0.1_0.8_9.C	23	5.800	16.120	0.050
BPP_50_200_0.1_0.8_9.C	23	6.000	16.200	0.046
BPP_50_300_0.1_0.8_0.C	25	2.800	16.120	0.074
BPP_50_300_0.1_0.8_0.C	25	2.800	16.120	0.073
BPP_50_300_0.1_0.8_0.C	25	2.800	16.120	0.074
BPP_50_300_0.1_0.8_0.C	25	2.800	16.120	0.071
BPP_50_300_0.1_0.8_0.C	25	2.800	16.120	0.089
BPP_50_300_0.1_0.8_0.C	25	2.800	16.120	0.072
BPP_50_300_0.1_0.8_0.C	25	2.800	16.120	0.074
BPP_50_300_0.1_0.8_0.C	25	2.800	16.120	0.072
BPP_50_300_0.1_0.8_0.C	25	2.800	16.120	0.072
BPP_50_300_0.1_0.8_0.C	25	2.800	16.120	0.113
BPP_50_300_0.1_0.8_1.C	24	2.600	15.440	0.071
BPP_50_300_0.1_0.8_1.C	24	2.800	15.520	0.069
BPP_50_300_0.1_0.8_1.C	24	3.000	15.600	0.069
BPP_50_300_0.1_0.8_1.C	24	2.800	15.520	0.070
BPP_50_300_0.1_0.8_1.C	24	2.800	15.520	0.071
BPP_50_300_0.1_0.8_1.C	24	2.800	15.520	0.069
BPP_50_300_0.1_0.8_1.C	24	3.000	15.600	0.069
BPP_50_300_0.1_0.8_1.C	24	2.600	15.440	0.073
BPP_50_300_0.1_0.8_1.C	24	3.000	15.600	0.069
BPP_50_300_0.1_0.8_1.C	24	3.000	15.600	0.072
BPP_50_300_0.1_0.8_2.C	26	4.400	17.360	0.077
BPP_50_300_0.1_0.8_2.C	26	3.800	17.120	0.075
BPP_50_300_0.1_0.8_2.C	26	4.200	17.280	0.079
BPP_50_300_0.1_0.8_2.C	26	4.000	17.200	0.077
BPP_50_300_0.1_0.8_2.C	26	4.200	17.280	0.076
BPP_50_300_0.1_0.8_2.C	26	4.000	17.200	0.076
BPP_50_300_0.1_0.8_2.C	26	4.200	17.280	0.076
BPP_50_300_0.1_0.8_2.C	26	4.000	17.200	0.078
BPP_50_300_0.1_0.8_2.C	26	3.600	17.040	0.076
BPP_50_300_0.1_0.8_2.C	26	4.200	17.280	0.077
BPP_50_300_0.1_0.8_3.C	25	4.400	16.760	0.074
BPP_50_300_0.1_0.8_3.C	26	3.000	16.800	0.077
BPP_50_300_0.1_0.8_3.C	25	4.400	16.760	0.077
BPP_50_300_0.1_0.8_3.C	26	3.000	16.800	0.074
BPP_50_300_0.1_0.8_3.C	25	3.200	16.280	0.078
BPP_50_300_0.1_0.8_3.C	25	4.400	16.760	0.076
BPP_50_300_0.1_0.8_3.C	26	3.000	16.800	0.075
BPP_50_300_0.1_0.8_3.C	25	3.200	16.280	0.073
BPP_50_300_0.1_0.8_3.C	25	4.400	16.760	0.077
BPP_50_300_0.1_0.8_3.C	26	3.000	16.800	0.074
BPP_50_300_0.1_0.8_4.C	28	3.800	18.320	0.079
BPP_50_300_0.1_0.8_4.C	28	3.800	18.320	0.080
BPP_50_300_0.1_0.8_4.C	28	3.800	18.320	0.080
BPP_50_300_0.1_0.8_4.C	28	3.800	18.320	0.081
BPP_50_300_0.1_0.8_4.C	28	3.800	18.320	0.078
BPP_50_300_0.1_0.8_4.C	28	3.800	18.320	0.081
BPP_50_300_0.1_0.8_4.C	28	3.800	18.320	0.078
BPP_50_300_0.1_0.8_4.C	28	3.800	18.320	0.079
BPP_50_300_0.1_0.8_4.C	28	3.800	18.320	0.078
BPP_50_300_0.1_0.8_4.C	28	3.800	18.320	0.078
BPP_50_300_0.1_0.8_5.C	23	4.000	15.400	0.065
BPP_50_300_0.1_0.8_5.C	23	4.000	15.400	0.067
BPP_50_300_0.1_0.8_5.C	22	4.200	14.880	0.067
BPP_50_300_0.1_0.8_5.C	22	5.400	15.360	0.067
BPP_50_300_0.1_0.8_5.C	22	5.400	15.360	0.068
BPP_50_300_0.1_0.8_5.C	22	4.200	14.880	0.067
BPP_50_300_0.1_0.8_5.C	22	4.600	15.040	0.066
BPP_50_300_0.1_0.8_5.C	22	5.400	15.360	0.068
BPP_50_300_0.1_0.8_5.C	22	4.200	14.880	0.066
BPP_50_300_0.1_0.8_5.C	23	4.000	15.400	0.065
BPP_50_300_0.1_0.8_6.C	21	5.000	14.600	0.064
BPP_50_300_0.1_0.8_6.C	21	3.800	14.120	0.062
BPP_50_300_0.1_0.8_6.C	21	3.800	14.120	0.064
BPP_50_300_0.1_0.8_6.C	21	3.800	14.120	0.063
BPP_50_300_0.1_0.8_6.C	21	4.000	14.200	0.063
BPP_50_300_0.1_0.8_6.C	21	4.000	14.200	0.062
BPP_50_300_0.1_0.8_6.C	21	3.800	14.120	0.063
BPP_50_300_0.1_0.8_6.C	21	4.600	14.440	0.064
BPP_50_300_0.1_0.8_6.C	21	4.000	14.200	0.064
BPP_50_300_0.1_0.8_6.C	22	3.800	14.720	0.063
BPP_50_300_0.1_0.8_7.C	28	3.200	18.080	0.079
BPP_50_300_0.1_0.8_7.C	28	2.800	17.920	0.079
BPP_50_300_0.1_0.8_7.C	28	2.800	17.920	0.079
BPP_50_300_0.1_0.8_7.C	28	3.000	18.000	0.078
BPP_50_300_0.1_0.8_7.C	28	3.400	18.160	0.079
BPP_50_300_0.1_0.8_7.C	28	3.400	18.160	0.079
BPP_50_300_0.1_0.8_7.C	28	3.000	18.000	0.079
BPP_50_300_0.1_0.8_7.C	28	3.400	18.160	0.080
BPP_50_300_0.1_0.8_7.C	28	3.200	18.080	0.081
BPP_50_300_0.1_0.8_7.C	28	3.400	18.160	0.078
BPP_50_300_0.1_0.8_8.C	29	3.000	18.600	0.080
BPP_50_300_0.1_0.8_8.C	29	3.000	18.600	0.084
BPP_50_300_0.1_0.8_8.C	29	3.000	18.600	0.082
BPP_50_300_0.1_0.8_8.C	29	3.000	18.600	0.081
BPP_50_300_0.1_0.8_8.C	29	3.000	18.600	0.081
BPP_50_300_0.1_0.8_8.C	29	3.000	18.600	0.083
BPP_50_300_0.1_0.8_8.C	29	3.000	18.600	0.082
BPP_50_300_0.1_0.8_8.C	29	3.000	18.600	0.081
BPP_50_300_0.1_0.8_8.C	29	3.000	18.600	0.081
BPP_50_300_0.1_0.8_8.C	29	3.000	18.600	0.082
BPP_50_300_0.1_0.8_9.C	28	1.800	17.520	0.078
BPP_50_300_0.1_0.8_9.C	28	1.800	17.520	0.078
BPP_50_300_0.1_0.8_9.C	28	1.800	17.520	0.079
BPP_50_300_0.1_0.8_9.C	28	1.800	17.520	0.079
BPP_50_300_0.1_0.8_9.C	28	2.000	17.600	0.079
BPP_50_300_0.1_0.8_9.C	28	1.800	17.520	0.079
BPP_50_300_0.1_0.8_9.C	28	1.800	17.520	0.078
BPP_50_300_0.1_0.8_9.C	28	2.400	17.760	0.079
BPP_50_300_0.1_0.8_9.C	28	2.400	17.760	0.080
BPP_50_300_0.1_0.8_9.C	28	1.800	17.520	0.079
BPP_50_400_0.1_0.8_0.C	22	0.200	13.280	0.093
BPP_50_400_0.1_0.8_0.C	22	0.200	13.280	0.096
BPP_50_400_0.1_0.8_0.C	22	0.200	13.280	0.095
BPP_50_400_0.1_0.8_0.C	22	0.200	13.280	0.095
BPP_50_400_0.1_0.8_0.C	22	0.200	13.280	0.094
BPP_50_400_0.1_0.8_0.C	22	0.200	13.280	0.093
BPP_50_400_0.1_0.8_0.C	22	0.200	13.280	0.095
BPP_50_400_0.1_0.8_0.C	22	0.200	13.280	0.094
BPP_50_400_0.1_0.8_0.C	22	0.200	13.280	0.092
BPP_50_400_0.1_0.8_0.C	22	0.200	13.280	0.095
BPP_50_400_0.1_0.8_1.C	29	0.200	17.480	0.114
BPP_50_400_0.1_0.8_1.C	29	0.200	17.480	0.113
BPP_50_400_0.1_0.8_1.C	29	0.200	17.480	0.115
BPP_50_400_0.1_0.8_1.C	29	0.200	17.480	0.113
BPP_50_400_0.1_0.8_1.C	29	0.200	17.480	0.115
BPP_50_400_0.1_0.8_1.C	29	0.200	17.480	0.114
BPP_50_400_0.1_0.8_1.C	29	0.200	17.480	0.114
BPP_50_400_0.1_0.8_1.C	29	0.200	17.480	0.111
BPP_50_400_0.1_0.8_1.C	29	0.200	17.480	0.113
BPP_50_400_0.1_0.8_1.C	29	0.200	17.480	0.114
BPP_50_400_0.1_0.8_2.C	23	1.200	14.280	0.098
BPP_50_400_0.1_0.8_2.C	23	1.200	14.280	0.100
BPP_50_400_0.1_0.8_2.C	23	1.200	14.280	0.098
BPP_50_400_0.1_0.8_2.C	23	1.400	14.360	0.098
BPP_50_400_0.1_0.8_2.C	23	1.200	14.280	0.099
BPP_50_400_0.1_0.8_2.C	23	1.400	14.360	0.100
BPP_50_400_0.1_0.8_2.C	23	1.200	14.280	0.100
BPP_50_400_0.1_0.8_2.C	23	1.200	14.280	0.098
BPP_50_400_0.1_0.8_2.C	23	1.400	14.360	0.098
BPP_50_400_0.1_0.8_2.C	23	1.200	14.280	0.098
BPP_50_400_0.1_0.8_3.C	24	2.400	15.360	0.100
BPP_50_400_0.1_0.8_3.C	24	2.600	15.440	0.105
BPP_50_400_0.1_0.8_3.C	24	2.600	15.440	0.100
BPP_50_400_0.1_0.8_3.C	24	2.600	15.440	0.106
BPP_50_400_0.1_0.8_3.C	24	2.600	15.440	0.120
BPP_50_400_0.1_0.8_3.C	24	2.600	15.440	0.099
BPP_50_400_0.1_0.8_3.C	24	2.600	15.440	0.101
BPP_50_400_0.1_0.8_3.C	24	2.800	15.520	0.102
BPP_50_400_0.1_0.8_3.C	24	2.600	15.440	0.098
BPP_50_400_0.1_0.8_3.C	24	2.600	15.440	0.100
BPP_50_400_0.1_0.8_4.C	21	1.200	13.080	0.084
BPP_50_400_0.1_0.8_4.C	21	1.200	13.080	0.082
BPP_50_400_0.1_0.8_4.C	21	1.200	13.080	0.083
BPP_50_400_0.1_0.8_4.C	21	1.200	13.080	0.083
BPP_50_400_0.1_0.8_4.C	21	1.200	13.080	0.084
BPP_50_400_0.1_0.8_4.C	21	1.200	13.080	0.082
BPP_50_400_0.1_0.8_4.C	21	1.200	13.080	0.090
BPP_50_400_0.1_0.8_4.C	21	1.200	13.080	0.085
BPP_50_400_0.1_0.8_4.C	21	1.200	13.080	0.084
BPP_50_400_0.1_0.8_4.C	21	1.200	13.080	0.082
BPP_50_400_0.1_0.8_5.C	26	4.600	17.440	0.113
BPP_50_400_0.1_0.8_5.C	26	4.800	17.520	0.113
BPP_50_400_0.1_0.8_5.C	27	3.800	17.720	0.113
BPP_50_400_0.1_0.8_5.C	26	5.200	17.680	0.117
BPP_50_400_0.1_0.8_5.C	27	4.000	17.800	0.113
BPP_50_400_0.1_0.8_5.C	27	4.200	17.880	0.112
BPP_50_400_0.1_0.8_5.C	27	4.000	17.800	0.113
BPP_50_400_0.1_0.8_5.C	26	4.800	17.520	0.113
BPP_50_400_0.1_0.8_5.C	27	4.200	17.880	0.111
BPP_50_400_0.1_0.8_5.C	26	4.800	17.520	0.112
BPP_50_400_0.1_0.8_6.C	25	8.600	18.440	0.107
BPP_50_400_0.1_0.8_6.C	25	8.400	18.360	0.108
BPP_50_400_0.1_0.8_6.C	25	8.600	18.440	0.108
BPP_50_400_0.1_0.8_6.C	25	8.400	18.360	0.106
BPP_50_400_0.1_0.8_6.C	25	8.600	18.440	0.110
BPP_50_400_0.1_0.8_6.C	25	8.200	18.280	0.107
BPP_50_400_0.1_0.8_6.C	25	8.600	18.440	0.136
BPP_50_400_0.1_0.8_6.C	25	8.200	18.280	0.144
BPP_50_400_0.1_0.8_6.C	25	8.600	18.440	0.123
BPP_50_400_0.1_0.8_6.C	25	8.400	18.360	0.107
BPP_50_400_0.1_0.8_7.C	24	1.200	14.880	0.101
BPP_50_400_0.1_0.8_7.C	24	1.200	14.880	0.098
BPP_50_400_0.1_0.8_7.C	24	1.200	14.880	0.098
BPP_50_400_0.1_0.8_7.C	24	1.200	14.880	0.099
BPP_50_400_0.1_0.8_7.C	24	1.200	14.880	0.100
BPP_50_400_0.1_0.8_7.C	24	1.200	14.880	0.098
BPP_50_400_0.1_0.8_7.C	24	1.200	14.880	0.099
BPP_50_400_0.1_0.8_7.C	24	1.200	14.880	0.099
BPP_50_400_0.1_0.8_7.C	24	1.200	14.880	0.098
BPP_50_400_0.1_0.8_7.C	24	1.200	14.880	0.101
BPP_50_400_0.1_0.8_8.C	29	6.200	19.880	0.115
BPP_50_400_0.1_0.8_8.C	30	6.000	20.400	0.116
BPP_50_400_0.1_0.8_8.C	29	7.400	20.360	0.117
BPP_50_400_0.1_0.8_8.C	29	7.400	20.360	0.115
BPP_50_400_0.1_0.8_8.C	29	6.600	20.040	0.117
BPP_50_400_0.1_0.8_8.C	29	7.400	20.360	0.120
BPP_50_400_0.1_0.8_8.C	29	6.600	20.040	0.117
BPP_50_400_0.1_0.8_8.C	29	6.600	20.040	0.119
BPP_50_400_0.1_0.8_8.C	30	6.000	20.400	0.119
BPP_50_400_0.1_0.8_8.C	29	7.400	20.360	0.125
BPP_50_400_0.1_0.8_9.C	25	6.000	17.400	0.101
BPP_50_400_0.1_0.8_9.C	25	6.200	17.480	0.099
BPP_50_400_0.1_0.8_9.C	25	5.800	17.320	0.099
BPP_50_400_0.1_0.8_9.C	24	7.400	17.360	0.101
BPP_50_400_0.1_0.8_9.C	25	5.800	17.320	0.099
BPP_50_400_0.1_0.8_9.C	25	5.800	17.320	0.100
BPP_50_400_0.1_0.8_9.C	25	6.000	17.400	0.102
BPP_50_400_0.1_0.8_9.C	24	7.400	17.360	0.101
BPP_50_400_0.1_0.8_9.C	24	7.400	17.360	0.101
BPP_50_400_0.1_0.8_9.C	25	5.800	17.320	0.100
BPP_50_500_0.1_0.8_0.C	25	2.600	16.040	0.122
BPP_50_500_0.1_0.8_0.C	25	2.800	16.120	0.147
BPP_50_500_0.1_0.8_0.C	25	3.200	16.280	0.118
BPP_50_500_0.1_0.8_0.C	25	3.000	16.200	0.121
BPP_50_500_0.1_0.8_0.C	25	2.800	16.120	0.119
BPP_50_500_0.1_0.8_0.C	25	3.000	16.200	0.118
BPP_50_500_0.1_0.8_0.C	25	3.000	16.200	0.119
BPP_50_500_0.1_0.8_0.C	25	3.000	16.200	0.119
BPP_50_500_0.1_0.8_0.C	25	2.800	16.120	0.119
BPP_50_500_0.1_0.8_0.C	25	3.200	16.280	0.119
BPP_50_500_0.1_0.8_1.C	24	1.400	14.960	0.131
BPP_50_500_0.1_0.8_1.C	25	0.000	15.000	0.116
BPP_50_500_0.1_0.8_1.C	25	0.000	15.000	0.111
BPP_50_500_0.1_0.8_1.C	24	1.400	14.960	0.110
BPP_50_500_0.1_0.8_1.C	25	0.000	15.000	0.109
BPP_50_500_0.1_0.8_1.C	24	1.400	14.960	0.118
BPP_50_500_0.1_0.8_1.C	24	1.200	14.880	0.111
BPP_50_500_0.1_0.8_1.C	25	0.000	15.000	0.110
BPP_50_500_0.1_0.8_1.C	25	0.000	15.000	0.112
BPP_50_500_0.1_0.8_1.C	24	0.600	14.640	0.110
BPP_50_500_0.1_0.8_2.C	26	1.600	16.240	0.116
BPP_50_500_0.1_0.8_2.C	26	1.400	16.160	0.115
BPP_50_500_0.1_0.8_2.C	26	1.400	16.160	0.118
BPP_50_500_0.1_0.8_2.C	26	1.600	16.240	0.117
BPP_50_500_0.1_0.8_2.C	26	1.400	16.160	0.115
BPP_50_500_0.1_0.8_2.C	26	1.400	16.160	0.117
BPP_50_500_0.1_0.8_2.C	26	1.600	16.240	0.117
BPP_50_500_0.1_0.8_2.C	26	1.400	16.160	0.117
BPP_50_500_0.1_0.8_2.C	26	1.600	16.240	0.117
BPP_50_500_0.1_0.8_2.C	26	1.600	16.240	0.115
BPP_50_500_0.1_0.8_3.C	22	3.200	14.480	0.104
BPP_50_500_0.1_0.8_3.C	22	3.200	14.480	0.104
BPP_50_500_0.1_0.8_3.C	22	3.200	14.480	0.106
BPP_50_500_0.1_0.8_3.C	22	3.200	14.480	0.107
BPP_50_500_0.1_0.8_3.C	22	3.200	14.480	0.106
BPP_50_500_0.1_0.8_3.C	22	3.000	14.400	0.105
BPP_50_500_0.1_0.8_3.C	22	3.000	14.400	0.106
BPP_50_500_0.1_0.8_3.C	22	3.200	14.480	0.103
BPP_50_500_0.1_0.8_3.C	22	3.200	14.480	0.105
BPP_50_500_0.1_0.8_3.C	22	3.200	14.480	0.105
BPP_50_500_0.1_0.8_4.C	22	1.400	13.760	0.101
BPP_50_500_0.1_0.8_4.C	22	1.400	13.760	0.098
BPP_50_500_0.1_0.8_4.C	22	1.400	13.760	0.101
BPP_50_500_0.1_0.8_4.C	22	1.400	13.760	0.101
BPP_50_500_0.1_0.8_4.C	22	1.400	13.760	0.100
BPP_50_500_0.1_0.8_4.C	22	1.400	13.760	0.100
BPP_50_500_0.1_0.8_4.C	22	1.400	13.760	0.101
BPP_50_500_0.1_0.8_4.C	22	1.400	13.760	0.099
BPP_50_500_0.1_0.8_4.C	22	1.400	13.760	0.099
BPP_50_500_0.1_0.8_4.C	22	1.400	13.760	0.099
BPP_50_500_0.1_0.8_5.C	26	2.600	16.640	0.119
BPP_50_500_0.1_0.8_5.C	26	2.600	16.640	0.119
BPP_50_500_0.1_0.8_5.C	26	2.600	16.640	0.121
BPP_50_500_0.1_0.8_5.C	26	2.600	16.640	0.120
BPP_50_500_0.1_0.8_5.C	26	2.600	16.640	0.121
BPP_50_500_0.1_0.8_5.C	26	2.600	16.640	0.117
BPP_50_500_0.1_0.8_5.C	26	2.600	16.640	0.124
BPP_50_500_0.1_0.8_5.C	26	2.600	16.640	0.125
BPP_50_500_0.1_0.8_5.C	26	2.600	16.640	0.126
BPP_50_500_0.1_0.8_5.C	26	2.600	16.640	0.119
BPP_50_500_0.1_0.8_6.C	23	0.800	14.120	0.110
BPP_50_500_0.1_0.8_6.C	23	0.800	14.120	0.114
BPP_50_500_0.1_0.8_6.C	23	0.800	14.120	0.110
BPP_50_500_0.1_0.8_6.C	23	0.800	14.120	0.130
BPP_50_500_0.1_0.8_6.C	22	1.800	13.920	0.110
BPP_50_500_0.1_0.8_6.C	23	0.800	14.120	0.111
BPP_50_500_0.1_0.8_6.C	22	1.800	13.920	0.114
BPP_50_500_0.1_0.8_6.C	23	0.800	14.120	0.110
BPP_50_500_0.1_0.8_6.C	23	0.800	14.120	0.109
BPP_50_500_0.1_0.8_6.C	22	1.800	13.920	0.110
BPP_50_500_0.1_0.8_7.C	27	1.200	16.680	0.119
BPP_50_500_0.1_0.8_7.C	27	1.200	16.680	0.119
BPP_50_500_0.1_0.8_7.C	27	1.200	16.680	0.120
BPP_50_500_0.1_0.8_7.C	26	2.200	16.480	0.135
BPP_50_500_0.1_0.8_7.C	27	1.200	16.680	0.119
BPP_50_500_0.1_0.8_7.C	27	1.200	16.680	0.121
BPP_50_500_0.1_0.8_7.C	27	1.200	16.680	0.120
BPP_50_500_0.1_0.8_7.C	27	1.200	16.680	0.119
BPP_50_500_0.1_0.8_7.C	27	1.200	16.680	0.121
BPP_50_500_0.1_0.8_7.C	27	1.200	16.680	0.121
BPP_50_500_0.1_0.8_8.C	27	1.800	16.920	0.122
BPP_50_500_0.1_0.8_8.C	27	1.800	16.920	0.123
BPP_50_500_0.1_0.8_8.C	27	1.800	16.920	0.125
BPP_50_500_0.1_0.8_8.C	27	1.800	16.920	0.126
BPP_50_500_0.1_0.8_8.C	27	1.800	16.920	0.122
BPP_50_500_0.1_0.8_8.C	27	1.800	16.920	0.126
BPP_50_500_0.1_0.8_8.C	27	1.800	16.920	0.125
BPP_50_500_0.1_0.8_8.C	27	1.800	16.920	0.125
BPP_50_500_0.1_0.8_8.C	27	1.800	16.920	0.123
BPP_50_500_0.1_0.8_8.C	27	1.800	16.920	0.122
BPP_50_500_0.1_0.8_9.C	25	0.800	15.320	0.117
BPP_50_500_0.1_0.8_9.C	25	0.800	15.320	0.129
BPP_50_500_0.1_0.8_9.C	25	0.800	15.320	0.117
BPP_50_500_0.1_0.8_9.C	25	0.800	15.320	0.118
BPP_50_500_0.1_0.8_9.C	25	0.800	15.320	0.131
BPP_50_500_0.1_0.8_9.C	25	0.800	15.320	0.117
BPP_50_500_0.1_0.8_9.C	25	0.800	15.320	0.118
BPP_50_500_0.1_0.8_9.C	25	0.800	15.320	0.117
BPP_50_500_0.1_0.8_9.C	25	0.800	15.320	0.120
BPP_50_500_0.1_0.8_9.C	25	0.800	15.320	0.120
BPP_50_50_0.1_0.8_0.C	24	3.200	15.680	0.013
BPP_50_50_0.1_0.8_0.C	24	3.400	15.760	0.014
BPP_50_50_0.1_0.8_0.C	24	3.200	15.680	0.014
BPP_50_50_0.1_0.8_0.C	24	3.200	15.680	0.014
BPP_50_50_0.1_0.8_0.C	24	3.400	15.760	0.013
BPP_50_50_0.1_0.8_0.C	24	3.200	15.680	0.013
BPP_50_50_0.1_0.8_0.C	24	3.200	15.680	0.013
BPP_50_50_0.1_0.8_0.C	24	3.200	15.680	0.013
BPP_50_50_0.1_0.8_0.C	24	3.200	15.680	0.014
BPP_50_50_0.1_0.8_0.C	24	3.200	15.680	0.013
BPP_50_50_0.1_0.8_1.C	29	1.000	17.800	0.014
BPP_50_50_0.1_0.8_1.C	29	1.000	17.800	0.013
BPP_50_50_0.1_0.8_1.C	29	1.000	17.800	0.014
BPP_50_50_0.1_0.8_1.C	29	1.000	17.800	0.014
BPP_50_50_0.1_0.8_1.C	29	1.000	17.800	0.013
BPP_50_50_0.1_0.8_1.C	29	1.000	17.800	0.013
BPP_50_50_0.1_0.8_1.C	29	1.000	17.800	0.013
BPP_50_50_0.1_0.8_1.C	29	1.000	17.800	0.014
BPP_50_50_0.1_0.8_1.C	29	1.000	17.800	0.014
BPP_50_50_0.1_0.8_1.C	29	1.000	17.800	0.013
BPP_50_50_0.1_0.8_2.C	26	2.400	16.560	0.014
BPP_50_50_0.1_0.8_2.C	26	2.400	16.560	0.013
BPP_50_50_0.1_0.8_2.C	26	2.400	16.560	0.013
BPP_50_50_0.1_0.8_2.C	26	2.400	16.560	0.013
BPP_50_50_0.1_0.8_2.C	26	2.400	16.560	0.014
BPP_50_50_0.1_0.8_2.C	26	2.400	16.560	0.013
BPP_50_50_0.1_0.8_2.C	25	2.800	16.120	0.013
BPP_50_50_0.1_0.8_2.C	26	2.400	16.560	0.013
BPP_50_50_0.1_0.8_2.C	26	2.400	16.560	0.013
BPP_50_50_0.1_0.8_2.C	26	2.400	16.560	0.014
BPP_50_50_0.1_0.8_3.C	21	1.600	13.240	0.012
BPP_50_50_0.1_0.8_3.C	21	1.600	13.240	0.011
BPP_50_50_0.1_0.8_3.C	21	1.600	13.240	0.012
BPP_50_50_0.1_0.8_3.C	21	1.600	13.240	0.011
BPP_50_50_0.1_0.8_3.C	21	1.600	13.240	0.011
BPP_50_50_0.1_0.8_3.C	21	1.600	13.240	0.011
BPP_50_50_0.1_0.8_3.C	21	1.600	13.240	0.011
BPP_50_50_0.1_0.8_3.C	21	1.600	13.240	0.011
BPP_50_50_0.1_0.8_3.C	21	1.600	13.240	0.011
BPP_50_50_0.1_0.8_3.C	21	1.600	13.240	0.012
BPP_50_50_0.1_0.8_4.C	24	5.000	16.400	0.013
BPP_50_50_0.1_0.8_4.C	24	4.800	16.320	0.013
BPP_50_50_0.1_0.8_4.C	24	5.000	16.400	0.014
BPP_50_50_0.1_0.8_4.C	24	4.800	16.320	0.013
BPP_50_50_0.1_0.8_4.C	24	4.800	16.320	0.014
BPP_50_50_0.1_0.8_4.C	24	4.800	16.320	0.014
BPP_50_50_0.1_0.8_4.C	24	5.000	16.400	0.013
BPP_50_50_0.1_0.8_4.C	24	5.000	16.400	0.013
BPP_50_50_0.1_0.8_4.C	24	5.000	16.400	0.013
BPP_50_50_0.1_0.8_4.C	24	4.800	16.320	0.013
BPP_50_50_0.1_0.8_5.C	25	2.800	16.120	0.013
BPP_50_50_0.1_0.8_5.C	25	3.000	16.200	0.013
BPP_50_50_0.1_0.8_5.C	25	2.600	16.040	0.013
BPP_50_50_0.1_0.8_5.C	25	3.000	16.200	0.013
BPP_50_50_0.1_0.8_5.C	25	2.600	16.040	0.013
BPP_50_50_0.1_0.8_5.C	25	3.000	16.200	0.013
BPP_50_50_0.1_0.8_5.C	25	2.800	16.120	0.013
BPP_50_50_0.1_0.8_5.C	25	2.600	16.040	0.013
BPP_50_50_0.1_0.8_5.C	25	3.000	16.200	0.013
BPP_50_50_0.1_0.8_5.C	25	3.000	16.200	0.013
BPP_50_50_0.1_0.8_6.C	24	5.000	16.400	0.013
BPP_50_50_0.1_0.8_6.C	24	5.000	16.400	0.013
BPP_50_50_0.1_0.8_6.C	24	4.600	16.240	0.014
BPP_50_50_0.1_0.8_6.C	24	4.600	16.240	0.013
BPP_50_50_0.1_0.8_6.C	24	4.000	16.000	0.013
BPP_50_50_0.1_0.8_6.C	24	5.000	16.400	0.014
BPP_50_50_0.1_0.8_6.C	24	4.800	16.320	0.013
BPP_50_50_0.1_0.8_6.C	24	4.800	16.320	0.014
BPP_50_50_0.1_0.8_6.C	24	4.600	16.240	0.013
BPP_50_50_0.1_0.8_6.C	24	4.600	16.240	0.014
BPP_50_50_0.1_0.8_7.C	25	5.400	17.160	0.013
BPP_50_50_0.1_0.8_7.C	25	4.600	16.840	0.013
BPP_50_50_0.1_0.8_7.C	25	5.400	17.160	0.013
BPP_50_50_0.1_0.8_7.C	25	4.600	16.840	0.013
BPP_50_50_0.1_0.8_7.C	25	5.400	17.160	0.014
BPP_50_50_0.1_0.8_7.C	25	5.400	17.160	0.013
BPP_50_50_0.1_0.8_7.C	25	5.400	17.160	0.013
BPP_50_50_0.1_0.8_7.C	25	5.200	17.080	0.013
BPP_50_50_0.1_0.8_7.C	25	5.000	17.000	0.013
BPP_50_50_0.1_0.8_7.C	25	5.400	17.160	0.013
BPP_50_50_0.1_0.8_8.C	24	3.000	15.600	0.014
BPP_50_50_0.1_0.8_8.C	23	4.200	15.480	0.012
BPP_50_50_0.1_0.8_8.C	24	3.000	15.600	0.013
BPP_50_50_0.1_0.8_8.C	24	3.000	15.600	0.013
BPP_50_50_0.1_0.8_8.C	24	2.800	15.520	0.012
BPP_50_50_0.1_0.8_8.C	24	3.000	15.600	0.013
BPP_50_50_0.1_0.8_8.C	23	4.200	15.480	0.012
BPP_50_50_0.1_0.8_8.C	24	3.000	15.600	0.012
BPP_50_50_0.1_0.8_8.C	23	4.000	15.400	0.013
BPP_50_50_0.1_0.8_8.C	23	4.200	15.480	0.012
BPP_50_50_0.1_0.8_9.C	25	4.400	16.760	0.014
BPP_50_50_0.1_0.8_9.C	24	5.200	16.480	0.013
BPP_50_50_0.1_0.8_9.C	25	4.400	16.760	0.013
BPP_50_50_0.1_0.8_9.C	25	4.400	16.760	0.012
BPP_50_50_0.1_0.8_9.C	25	4.400	16.760	0.013
BPP_50_50_0.1_0.8_9.C	25	4.400	16.760	0.013
BPP_50_50_0.1_0.8_9.C	25	4.400	16.760	0.013
BPP_50_50_0.1_0.8_9.C	25	4.400	16.760	0.013
BPP_50_50_0.1_0.8_9.C	25	4.400	16.760	0.013
BPP_50_50_0.1_0.8_9.C	25	4.400	16.760	0.013
BPP_50_750_0.1_0.8_0.C	31	5.000	20.600	0.206
BPP_50_750_0.1_0.8_0.C	31	5.000	20.600	0.207
BPP_50_750_0.1_0.8_0.C	31	4.800	20.520	0.198
BPP_50_750_0.1_0.8_0.C	31	4.800	20.520	0.217
BPP_50_750_0.1_0.8_0.C	31	5.000	20.600	0.207
BPP_50_750_0.1_0.8_0.C	31	4.800	20.520	0.198
BPP_50_750_0.1_0.8_0.C	31	5.000	20.600	0.198
BPP_50_750_0.1_0.8_0.C	31	5.000	20.600	0.197
BPP_50_750_0.1_0.8_0.C	31	5.000	20.600	0.200
BPP_50_750_0.1_0.8_0.C	31	5.000	20.600	0.200
BPP_50_750_0.1_0.8_1.C	23	4.200	15.480	0.154
BPP_50_750_0.1_0.8_1.C	23	4.400	15.560	0.153
BPP_50_750_0.1_0.8_1.C	23	4.400	15.560	0.152
BPP_50_750_0.1_0.8_1.C	23	4.600	15.640	0.162
BPP_50_750_0.1_0.8_1.C	23	3.800	15.320	0.162
BPP_50_750_0.1_0.8_1.C	23	4.200	15.480	0.155
BPP_50_750_0.1_0.8_1.C	23	4.400	15.560	0.153
BPP_50_750_0.1_0.8_1.C	23	4.600	15.640	0.156
BPP_50_750_0.1_0.8_1.C	23	4.400	15.560	0.155
BPP_50_750_0.1_0.8_1.C	23	4.000	15.400	0.156
BPP_50_750_0.1_0.8_2.C	27	-0.000	16.200	0.169
BPP_50_750_0.1_0.8_2.C	27	-0.000	16.200	0.169
BPP_50_750_0.1_0.8_2.C	27	-0.000	16.200	0.170
BPP_50_750_0.1_0.8_2.C	27	-0.000	16.200	0.170
BPP_50_750_0.1_0.8_2.C	27	-0.000	16.200	0.169
BPP_50_750_0.1_0.8_2.C	27	-0.000	16.200	0.169
BPP_50_750_0.1_0.8_2.C	27	-0.000	16.200	0.170
BPP_50_750_0.1_0.8_2.C	27	-0.000	16.200	0.168
BPP_50_750_0.1_0.8_2.C	27	-0.000	16.200	0.169
BPP_50_750_0.1_0.8_2.C	27	-0.000	16.200	0.169
BPP_50_750_0.1_0.8_3.C	26	0.000	15.600	0.170
BPP_50_750_0.1_0.8_3.C	26	0.000	15.600	0.169
BPP_50_750_0.1_0.8_3.C	26	0.000	15.600	0.168
BPP_50_750_0.1_0.8_3.C	26	0.000	15.600	0.169
BPP_50_750_0.1_0.8_3.C	26	0.000	15.600	0.186
BPP_50_750_0.1_0.8_3.C	26	0.000	15.600	0.167
BPP_50_750_0.1_0.8_3.C	26	0.000	15.600	0.177
BPP_50_750_0.1_0.8_3.C	26	0.000	15.600	0.167
BPP_50_750_0.1_0.8_3.C	26	0.000	15.600	0.169
BPP_50_750_0.1_0.8_3.C	26	0.000	15.600	0.170
BPP_50_750_0.1_0.8_4.C	24	-0.000	14.400	0.162
BPP_50_750_0.1_0.8_4.C	24	-0.000	14.400	0.176
BPP_50_750_0.1_0.8_4.C	24	-0.000	14.400	0.181
BPP_50_750_0.1_0.8_4.C	24	-0.000	14.400	0.162
BPP_50_750_0.1_0.8_4.C	24	-0.000	14.400	0.164
BPP_50_750_0.1_0.8_4.C	24	-0.000	14.400	0.200
BPP_50_750_0.1_0.8_4.C	24	-0.000	14.400	0.165
BPP_50_750_0.1_0.8_4.C	24	-0.000	14.400	0.209
BPP_50_750_0.1_0.8_4.C	24	-0.000	14.400	0.177
BPP_50_750_0.1_0.8_4.C	24	-0.000	14.400	0.173
BPP_50_750_0.1_0.8_5.C	25	0.000	15.000	0.191
BPP_50_750_0.1_0.8_5.C	25	0.000	15.000	0.166
BPP_50_750_0.1_0.8_5.C	25	0.000	15.000	0.175
BPP_50_750_0.1_0.8_5.C	25	0.000	15.000	0.170
BPP_50_750_0.1_0.8_5.C	25	0.000	15.000	0.188
BPP_50_750_0.1_0.8_5.C	25	0.000	15.000	0.235
BPP_50_750_0.1_0.8_5.C	25	0.000	15.000	0.177
BPP_50_750_0.1_0.8_5.C	25	0.000	15.000	0.165
BPP_50_750_0.1_0.8_5.C	25	0.000	15.000	0.194
BPP_50_750_0.1_0.8_5.C	25	0.000	15.000	0.165
BPP_50_750_0.1_0.8_6.C	25	0.000	15.000	0.165
BPP_50_750_0.1_0.8_6.C	25	0.000	15.000	0.163
BPP_50_750_0.1_0.8_6.C	25	0.000	15.000	0.165
BPP_50_750_0.1_0.8_6.C	25	0.000	15.000	0.167
BPP_50_750_0.1_0.8_6.C	25	0.000	15.000	0.164
BPP_50_750_0.1_0.8_6.C	25	0.000	15.000	0.167
BPP_50_750_0.1_0.8_6.C	25	0.000	15.000	0.183
BPP_50_750_0.1_0.8_6.C	25	0.000	15.000	0.165
BPP_50_750_0.1_0.8_6.C	25	0.000	15.000	0.169
BPP_50_750_0.1_0.8_6.C	25	0.000	15.000	0.190
BPP_50_750_0.1_0.8_7.C	27	2.800	17.320	0.189
BPP_50_750_0.1_0.8_7.C	27	3.000	17.400	0.193
BPP_50_750_0.1_0.8_7.C	27	3.000	17.400	0.194
BPP_50_750_0.1_0.8_7.C	27	2.800	17.320	0.197
BPP_50_750_0.1_0.8_7.C	27	2.800	17.320	0.199
BPP_50_750_0.1_0.8_7.C	27	2.800	17.320	0.193
BPP_50_750_0.1_0.8_7.C	27	3.000	17.400	0.182
BPP_50_750_0.1_0.8_7.C	27	2.800	17.320	0.185
BPP_50_750_0.1_0.8_7.C	27	3.000	17.400	0.211
BPP_50_750_0.1_0.8_7.C	27	3.000	17.400	0.183
BPP_50_750_0.1_0.8_8.C	25	0.400	15.160	0.165
BPP_50_750_0.1_0.8_8.C	25	0.400	15.160	0.166
BPP_50_750_0.1_0.8_8.C	25	0.400	15.160	0.165
BPP_50_750_0.1_0.8_8.C	25	0.400	15.160	0.162
BPP_50_750_0.1_0.8_8.C	25	0.400	15.160	0.173
BPP_50_750_0.1_0.8_8.C	25	0.400	15.160	0.173
BPP_50_750_0.1_0.8_8.C	25	0.400	15.160	0.165
BPP_50_750_0.1_0.8_8.C	25	0.600	15.240	0.163
BPP_50_750_0.1_0.8_8.C	25	0.400	15.160	0.166
BPP_50_750_0.1_0.8_8.C	25	0.400	15.160	0.164
BPP_50_750_0.1_0.8_9.C	21	0.200	12.680	0.152
BPP_50_750_0.1_0.8_9.C	21	0.200	12.680	0.153
BPP_50_750_0.1_0.8_9.C	21	0.200	12.680	0.154
BPP_50_750_0.1_0.8_9.C	21	0.200	12.680	0.161
BPP_50_750_0.1_0.8_9.C	21	0.200	12.680	0.154
BPP_50_750_0.1_0.8_9.C	21	0.200	12.680	0.171
BPP_50_750_0.1_0.8_9.C	21	0.200	12.680	0.162
BPP_50_750_0.1_0.8_9.C	21	0.200	12.680	0.156
BPP_50_750_0.1_0.8_9.C	21	0.200	12.680	0.154
BPP_50_750_0.1_0.8_9.C	21	0.200	12.680	0.155
BPP_50_75_0.1_0.8_0.C	26	0.600	15.840	0.015
BPP_50_75_0.1_0.8_0.C	26	1.400	16.160	0.015
BPP_50_75_0.1_0.8_0.C	26	0.800	15.920	0.016
BPP_50_75_0.1_0.8_0.C	26	0.600	15.840	0.015
BPP_50_75_0.1_0.8_0.C	27	0.200	16.280	0.014
BPP_50_75_0.1_0.8_0.C	26	0.600	15.840	0.016
BPP_50_75_0.1_0.8_0.C	26	0.800	15.920	0.015
BPP_50_75_0.1_0.8_0.C	26	0.600	15.840	0.015
BPP_50_75_0.1_0.8_0.C	26	0.800	15.920	0.015
BPP_50_75_0.1_0.8_0.C	26	0.600	15.840	0.015
BPP_50_75_0.1_0.8_1.C	29	1.600	18.040	0.016
BPP_50_75_0.1_0.8_1.C	29	1.600	18.040	0.016
BPP_50_75_0.1_0.8_1.C	29	1.600	18.040	0.016
BPP_50_75_0.1_0.8_1.C	29	1.600	18.040	0.016
BPP_50_75_0.1_0.8_1.C	29	1.600	18.040	0.017
BPP_50_75_0.1_0.8_1.C	29	1.600	18.040	0.016
BPP_50_75_0.1_0.8_1.C	29	1.600	18.040	0.016
BPP_50_75_0.1_0.8_1.C	29	1.600	18.040	0.016
BPP_50_75_0.1_0.8_1.C	29	1.600	18.040	0.016
BPP_50_75_0.1_0.8_1.C	29	1.600	18.040	0.016
BPP_50_75_0.1_0.8_2.C	23	1.800	14.520	0.014
BPP_50_75_0.1_0.8_2.C	23	1.800	14.520	0.014
BPP_50_75_0.1_0.8_2.C	23	1.800	14.520	0.014
BPP_50_75_0.1_0.8_2.C	23	1.800	14.520	0.015
BPP_50_75_0.1_0.8_2.C	23	1.800	14.520	0.014
BPP_50_75_0.1_0.8_2.C	23	1.800	14.520	0.015
BPP_50_75_0.1_0.8_2.C	23	1.800	14.520	0.015
BPP_50_75_0.1_0.8_2.C	23	1.800	14.520	0.014
BPP_50_75_0.1_0.8_2.C	23	1.800	14.520	0.014
BPP_50_75_0.1_0.8_2.C	23	1.600	14.440	0.014
BPP_50_75_0.1_0.8_3.C	23	7.200	16.680	0.015
BPP_50_75_0.1_0.8_3.C	23	7.000	16.600	0.015
BPP_50_75_0.1_0.8_3.C	23	7.200	16.680	0.015
BPP_50_75_0.1_0.8_3.C	23	7.000	16.600	0.015
BPP_50_75_0.1_0.8_3.C	23	7.200	16.680	0.015
BPP_50_75_0.1_0.8_3.C	23	7.000	16.600	0.014
BPP_50_75_0.1_0.8_3.C	23	7.200	16.680	0.015
BPP_50_75_0.1_0.8_3.C	23	7.200	16.680	0.015
BPP_50_75_0.1_0.8_3.C	23	7.200	16.680	0.014
BPP_50_75_0.1_0.8_3.C	23	7.000	16.600	0.015
BPP_50_75_0.1_0.8_4.C	29	5.600	19.640	0.017
BPP_50_75_0.1_0.8_4.C	29	5.600	19.640	0.017
BPP_50_75_0.1_0.8_4.C	29	5.600	19.640	0.016
BPP_50_75_0.1_0.8_4.C	29	5.600	19.640	0.017
BPP_50_75_0.1_0.8_4.C	29	5.600	19.640	0.017
BPP_50_75_0.1_0.8_4.C	29	5.600	19.640	0.018
BPP_50_75_0.1_0.8_4.C	29	5.600	19.640	0.016
BPP_50_75_0.1_0.8_4.C	29	5.600	19.640	0.016
BPP_50_75_0.1_0.8_4.C	29	5.600	19.640	0.017
BPP_50_75_0.1_0.8_4.C	29	5.600	19.640	0.017
BPP_50_75_0.1_0.8_5.C	26	2.400	16.560	0.015
BPP_50_75_0.1_0.8_5.C	26	2.000	16.400	0.015
BPP_50_75_0.1_0.8_5.C	26	1.800	16.320	0.015
BPP_50_75_0.1_0.8_5.C	26	2.000	16.400	0.015
BPP_50_75_0.1_0.8_5.C	26	1.800	16.320	0.015
BPP_50_75_0.1_0.8_5.C	26	1.800	16.320	0.015
BPP_50_75_0.1_0.8_5.C	26	1.800	16.320	0.016
BPP_50_75_0.1_0.8_5.C	26	2.200	16.480	0.015
BPP_50_75_0.1_0.8_5.C	26	1.800	16.320	0.015
BPP_50_75_0.1_0.8_5.C	26	1.800	16.320	0.015
BPP_50_75_0.1_0.8_6.C	22	1.000	13.600	0.013
BPP_50_75_0.1_0.8_6.C	22	1.000	13.600	0.013
BPP_50_75_0.1_0.8_6.C	22	1.000	13.600	0.013
BPP_50_75_0.1_0.8_6.C	22	1.000	13.600	0.014
BPP_50_75_0.1_0.8_6.C	22	1.000	13.600	0.013
BPP_50_75_0.1_0.8_6.C	22	1.000	13.600	0.013
BPP_50_75_0.1_0.8_6.C	22	1.000	13.600	0.013
BPP_50_75_0.1_0.8_6.C	22	1.000	13.600	0.013
BPP_50_75_0.1_0.8_6.C	22	1.000	13.600	0.014
BPP_50_75_0.1_0.8_6.C	22	1.000	13.600	0.014
BPP_50_75_0.1_0.8_7.C	23	0.400	13.960	0.013
BPP_50_75_0.1_0.8_7.C	23	0.400	13.960	0.013
BPP_50_75_0.1_0.8_7.C	23	0.400	13.960	0.014
BPP_50_75_0.1_0.8_7.C	23	0.400	13.960	0.013
BPP_50_75_0.1_0.8_7.C	22	1.800	13.920	0.014
BPP_50_75_0.1_0.8_7.C	23	0.400	13.960	0.013
BPP_50_75_0.1_0.8_7.C	22	1.000	13.600	0.013
BPP_50_75_0.1_0.8_7.C	23	0.400	13.960	0.013
BPP_50_75_0.1_0.8_7.C	22	1.800	13.920	0.013
BPP_50_75_0.1_0.8_7.C	23	0.400	13.960	0.014
BPP_50_75_0.1_0.8_8.C	21	0.600	12.840	0.013
BPP_50_75_0.1_0.8_8.C	21	0.600	12.840	0.013
BPP_50_75_0.1_0.8_8.C	21	0.600	12.840	0.013
BPP_50_75_0.1_0.8_8.C	21	0.600	12.840	0.013
BPP_50_75_0.1_0.8_8.C	21	0.600	12.840	0.013
BPP_50_75_0.1_0.8_8.C	21	0.600	12.840	0.013
BPP_50_75_0.1_0.8_8.C	21	0.600	12.840	0.013
BPP_50_75_0.1_0.8_8.C	21	0.600	12.840	0.013
BPP_50_75_0.1_0.8_8.C	21	0.600	12.840	0.014
BPP_50_75_0.1_0.8_8.C	21	0.600	12.840	0.014
BPP_50_75_0.1_0.8_9.C	27	2.200	17.080	0.015
BPP_50_75_0.1_0.8_9.C	27	2.000	17.000	0.016
BPP_50_75_0.1_0.8_9.C	27	2.000	17.000	0.016
BPP_50_75_0.1_0.8_9.C	27	2.000	17.000	0.015
BPP_50_75_0.1_0.8_9.C	27	2.000	17.000	0.015
BPP_50_75_0.1_0.8_9.C	27	2.000	17.000	0.015
BPP_50_75_0.1_0.8_9.C	27	2.000	17.000	0.015
BPP_50_75_0.1_0.8_9.C	27	2.000	17.000	0.016
BPP_50_75_0.1_0.8_9.C	27	1.800	16.920	0.016
BPP_50_75_0.1_0.8_9.C	27	2.000	17.000	0.016
